condition_id,staleness_seconds,packet_drop_rate,realized_mean_aoi,realized_p95_aoi,task,model,detector,representation,metric,value,baseline_value,absolute_delta,relative_degradation,status
E5_DT0_PD00_SEED456,0,0.0,0.0,0.0,load_estimation,persistence,None,raw,mae,0.4492700455803849,0.4492700455803849,0.0,0.0,SUCCESS
E5_DT0_PD00_SEED456,0,0.0,0.0,0.0,load_estimation,persistence,None,raw,rmse,0.6122637034975102,0.6122637034975102,0.0,0.0,SUCCESS
E5_DT0_PD00_SEED456,0,0.0,0.0,0.0,load_estimation,persistence,None,raw,mape,14.318382192492015,14.318382192492015,0.0,0.0,SUCCESS
E5_DT0_PD00_SEED456,0,0.0,0.0,0.0,load_estimation,persistence,None,raw,r2,0.930782228617953,0.930782228617953,0.0,0.0,SUCCESS
E5_DT0_PD00_SEED456,0,0.0,0.0,0.0,load_estimation,xgboost,None,raw,mae,0.2750139962910154,0.2750139962910154,0.0,0.0,SUCCESS
E5_DT0_PD00_SEED456,0,0.0,0.0,0.0,load_estimation,xgboost,None,raw,rmse,0.41181042399683077,0.41181042399683077,0.0,0.0,SUCCESS
E5_DT0_PD00_SEED456,0,0.0,0.0,0.0,load_estimation,xgboost,None,raw,mape,9.136281172616451,9.136281172616451,0.0,0.0,SUCCESS
E5_DT0_PD00_SEED456,0,0.0,0.0,0.0,load_estimation,xgboost,None,raw,r2,0.9686862373860586,0.9686862373860586,0.0,0.0,SUCCESS
E5_DT0_PD00_SEED456,0,0.0,0.0,0.0,load_estimation,lstm,None,raw,mae,0.2758453186169287,0.2758453186169287,0.0,0.0,SUCCESS
E5_DT0_PD00_SEED456,0,0.0,0.0,0.0,load_estimation,lstm,None,raw,rmse,0.4183041673895866,0.4183041673895866,0.0,0.0,SUCCESS
E5_DT0_PD00_SEED456,0,0.0,0.0,0.0,load_estimation,lstm,None,raw,mape,8.868861318649634,8.868861318649634,0.0,0.0,SUCCESS
E5_DT0_PD00_SEED456,0,0.0,0.0,0.0,load_estimation,lstm,None,raw,r2,0.9677789047373695,0.9677789047373695,0.0,0.0,SUCCESS
E5_DT0_PD00_SEED456,0,0.0,0.0,0.0,anomaly_detection,None,isolation_forest,raw,precision,0.11646586345381527,0.11646586345381527,0.0,0.0,SUCCESS
E5_DT0_PD00_SEED456,0,0.0,0.0,0.0,anomaly_detection,None,isolation_forest,raw,recall,0.11885245901639344,0.11885245901639344,0.0,0.0,SUCCESS
E5_DT0_PD00_SEED456,0,0.0,0.0,0.0,anomaly_detection,None,isolation_forest,raw,f1,0.11764705882352941,0.11764705882352941,0.0,0.0,SUCCESS
E5_DT0_PD00_SEED456,0,0.0,0.0,0.0,anomaly_detection,None,isolation_forest,raw,false_positive_rate,0.04389465283320032,0.04389465283320032,0.0,0.0,SUCCESS
E5_DT0_PD00_SEED456,0,0.0,0.0,0.0,anomaly_detection,None,isolation_forest,raw,pr_auc,0.09385708598261007,0.09385708598261007,0.0,0.0,SUCCESS
E5_DT0_PD00_SEED456,0,0.0,0.0,0.0,anomaly_detection,None,isolation_forest,raw,roc_auc,0.7138596875695052,0.7138596875695052,0.0,0.0,SUCCESS
E5_DT0_PD00_SEED456,0,0.0,0.0,0.0,anomaly_detection,None,isolation_forest,raw,detection_latency,3.2459016393442623,3.2459016393442623,0.0,0.0,SUCCESS
E5_DT0_PD00_SEED456,0,0.0,0.0,0.0,anomaly_detection,None,isolation_forest,raw,threshold,0.5031683371451802,0.5031683371451802,0.0,0.0,SUCCESS
E5_DT0_PD00_SEED456,0,0.0,0.0,0.0,anomaly_detection,None,isolation_forest,residual,precision,0.04642313546423135,0.04642313546423135,0.0,0.0,SUCCESS
E5_DT0_PD00_SEED456,0,0.0,0.0,0.0,anomaly_detection,None,isolation_forest,residual,recall,1.0,1.0,0.0,0.0,SUCCESS
E5_DT0_PD00_SEED456,0,0.0,0.0,0.0,anomaly_detection,None,isolation_forest,residual,f1,0.08872727272727272,0.08872727272727272,0.0,0.0,SUCCESS
E5_DT0_PD00_SEED456,0,0.0,0.0,0.0,anomaly_detection,None,isolation_forest,residual,false_positive_rate,1.0,1.0,0.0,0.0,SUCCESS
E5_DT0_PD00_SEED456,0,0.0,0.0,0.0,anomaly_detection,None,isolation_forest,residual,pr_auc,0.08723947003159264,0.08723947003159264,0.0,0.0,SUCCESS
E5_DT0_PD00_SEED456,0,0.0,0.0,0.0,anomaly_detection,None,isolation_forest,residual,roc_auc,0.6846846257506575,0.6846846257506575,0.0,0.0,SUCCESS
E5_DT0_PD00_SEED456,0,0.0,0.0,0.0,anomaly_detection,None,isolation_forest,residual,detection_latency,0.0,0.0,0.0,0.0,SUCCESS
E5_DT0_PD00_SEED456,0,0.0,0.0,0.0,anomaly_detection,None,isolation_forest,residual,threshold,0.29376565419608197,0.29376565419608197,0.0,0.0,SUCCESS
E5_DT0_PD00_SEED456,0,0.0,0.0,0.0,anomaly_detection,None,lstm_autoencoder,raw,precision,0.49825783972125437,0.49825783972125437,0.0,0.0,SUCCESS
E5_DT0_PD00_SEED456,0,0.0,0.0,0.0,anomaly_detection,None,lstm_autoencoder,raw,recall,0.5860655737704918,0.5860655737704918,0.0,0.0,SUCCESS
E5_DT0_PD00_SEED456,0,0.0,0.0,0.0,anomaly_detection,None,lstm_autoencoder,raw,f1,0.5386064030131827,0.5386064030131827,0.0,0.0,SUCCESS
E5_DT0_PD00_SEED456,0,0.0,0.0,0.0,anomaly_detection,None,lstm_autoencoder,raw,false_positive_rate,0.028731045490822026,0.028731045490822026,0.0,0.0,SUCCESS
E5_DT0_PD00_SEED456,0,0.0,0.0,0.0,anomaly_detection,None,lstm_autoencoder,raw,pr_auc,0.561001698584242,0.561001698584242,0.0,0.0,SUCCESS
E5_DT0_PD00_SEED456,0,0.0,0.0,0.0,anomaly_detection,None,lstm_autoencoder,raw,roc_auc,0.9493396177043946,0.9493396177043946,0.0,0.0,SUCCESS
E5_DT0_PD00_SEED456,0,0.0,0.0,0.0,anomaly_detection,None,lstm_autoencoder,raw,detection_latency,1.3442622950819672,1.3442622950819672,0.0,0.0,SUCCESS
E5_DT0_PD00_SEED456,0,0.0,0.0,0.0,anomaly_detection,None,lstm_autoencoder,raw,threshold,0.0007370078528765589,0.0007370078528765589,0.0,0.0,SUCCESS
E5_DT0_PD00_SEED456,0,0.0,0.0,0.0,anomaly_detection,None,lstm_autoencoder,residual,precision,0.04642313546423135,0.04642313546423135,0.0,0.0,SUCCESS
E5_DT0_PD00_SEED456,0,0.0,0.0,0.0,anomaly_detection,None,lstm_autoencoder,residual,recall,1.0,1.0,0.0,0.0,SUCCESS
E5_DT0_PD00_SEED456,0,0.0,0.0,0.0,anomaly_detection,None,lstm_autoencoder,residual,f1,0.08872727272727272,0.08872727272727272,0.0,0.0,SUCCESS
E5_DT0_PD00_SEED456,0,0.0,0.0,0.0,anomaly_detection,None,lstm_autoencoder,residual,false_positive_rate,1.0,1.0,0.0,0.0,SUCCESS
E5_DT0_PD00_SEED456,0,0.0,0.0,0.0,anomaly_detection,None,lstm_autoencoder,residual,pr_auc,0.13060323921976116,0.13060323921976116,0.0,0.0,SUCCESS
E5_DT0_PD00_SEED456,0,0.0,0.0,0.0,anomaly_detection,None,lstm_autoencoder,residual,roc_auc,0.7428769314301413,0.7428769314301413,0.0,0.0,SUCCESS
E5_DT0_PD00_SEED456,0,0.0,0.0,0.0,anomaly_detection,None,lstm_autoencoder,residual,detection_latency,0.0,0.0,0.0,0.0,SUCCESS
E5_DT0_PD00_SEED456,0,0.0,0.0,0.0,anomaly_detection,None,lstm_autoencoder,residual,threshold,0.0003816792741417885,0.0003816792741417885,0.0,0.0,SUCCESS
E5_DT0_PD05_SEED456,0,0.05,0.05122716894977169,0.0,load_estimation,persistence,None,raw,mae,0.45854659464714914,0.4492700455803849,0.009276549066764228,0.020648047111132044,SUCCESS
E5_DT0_PD05_SEED456,0,0.05,0.05122716894977169,0.0,load_estimation,persistence,None,raw,rmse,0.6249482611837521,0.6122637034975102,0.012684557686241882,0.020717474535534776,SUCCESS
E5_DT0_PD05_SEED456,0,0.05,0.05122716894977169,0.0,load_estimation,persistence,None,raw,mape,14.542801605734654,14.318382192492015,0.22441941324263937,0.015673517456484428,SUCCESS
E5_DT0_PD05_SEED456,0,0.05,0.05122716894977169,0.0,load_estimation,persistence,None,raw,r2,0.9278844845666251,0.930782228617953,-0.002897744051327922,-0.0031132352576505023,SUCCESS
E5_DT0_PD05_SEED456,0,0.05,0.05122716894977169,0.0,load_estimation,xgboost,None,raw,mae,0.2788980480289169,0.2750139962910154,0.0038840517379014616,0.014123105697469376,SUCCESS
E5_DT0_PD05_SEED456,0,0.05,0.05122716894977169,0.0,load_estimation,xgboost,None,raw,rmse,0.4176488394898681,0.41181042399683077,0.005838415493037319,0.014177434938077844,SUCCESS
E5_DT0_PD05_SEED456,0,0.05,0.05122716894977169,0.0,load_estimation,xgboost,None,raw,mape,9.238642155760859,9.136281172616451,0.10236098314440767,0.011203790821500461,SUCCESS
E5_DT0_PD05_SEED456,0,0.05,0.05122716894977169,0.0,load_estimation,xgboost,None,raw,r2,0.9677920456661242,0.9686862373860586,-0.000894191719934434,-0.0009230973719079115,SUCCESS
E5_DT0_PD05_SEED456,0,0.05,0.05122716894977169,0.0,load_estimation,lstm,None,raw,mae,0.2763632542768537,0.2758453186169287,0.0005179356599250284,0.001877630776994606,SUCCESS
E5_DT0_PD05_SEED456,0,0.05,0.05122716894977169,0.0,load_estimation,lstm,None,raw,rmse,0.41939904837295694,0.4183041673895866,0.00109488098337035,0.0026174278640418974,SUCCESS
E5_DT0_PD05_SEED456,0,0.05,0.05122716894977169,0.0,load_estimation,lstm,None,raw,mape,8.887366841945836,8.868861318649634,0.018505523296202142,0.002086572631064636,SUCCESS
E5_DT0_PD05_SEED456,0,0.05,0.05122716894977169,0.0,load_estimation,lstm,None,raw,r2,0.967610011207845,0.9677789047373695,-0.00016889352952453862,-0.00017451664703352056,SUCCESS
E5_DT0_PD05_SEED456,0,0.05,0.05122716894977169,0.0,anomaly_detection,None,isolation_forest,raw,precision,0.11646586345381527,0.11646586345381527,0.0,0.0,SUCCESS
E5_DT0_PD05_SEED456,0,0.05,0.05122716894977169,0.0,anomaly_detection,None,isolation_forest,raw,recall,0.11885245901639344,0.11885245901639344,0.0,0.0,SUCCESS
E5_DT0_PD05_SEED456,0,0.05,0.05122716894977169,0.0,anomaly_detection,None,isolation_forest,raw,f1,0.11764705882352941,0.11764705882352941,0.0,0.0,SUCCESS
E5_DT0_PD05_SEED456,0,0.05,0.05122716894977169,0.0,anomaly_detection,None,isolation_forest,raw,false_positive_rate,0.04389465283320032,0.04389465283320032,0.0,0.0,SUCCESS
E5_DT0_PD05_SEED456,0,0.05,0.05122716894977169,0.0,anomaly_detection,None,isolation_forest,raw,pr_auc,0.09385708598261007,0.09385708598261007,0.0,0.0,SUCCESS
E5_DT0_PD05_SEED456,0,0.05,0.05122716894977169,0.0,anomaly_detection,None,isolation_forest,raw,roc_auc,0.7138596875695052,0.7138596875695052,0.0,0.0,SUCCESS
E5_DT0_PD05_SEED456,0,0.05,0.05122716894977169,0.0,anomaly_detection,None,isolation_forest,raw,detection_latency,3.2459016393442623,3.2459016393442623,0.0,0.0,SUCCESS
E5_DT0_PD05_SEED456,0,0.05,0.05122716894977169,0.0,anomaly_detection,None,isolation_forest,raw,threshold,0.5031683371451802,0.5031683371451802,0.0,0.0,SUCCESS
E5_DT0_PD05_SEED456,0,0.05,0.05122716894977169,0.0,anomaly_detection,None,isolation_forest,residual,precision,0.04642313546423135,0.04642313546423135,0.0,0.0,SUCCESS
E5_DT0_PD05_SEED456,0,0.05,0.05122716894977169,0.0,anomaly_detection,None,isolation_forest,residual,recall,1.0,1.0,0.0,0.0,SUCCESS
E5_DT0_PD05_SEED456,0,0.05,0.05122716894977169,0.0,anomaly_detection,None,isolation_forest,residual,f1,0.08872727272727272,0.08872727272727272,0.0,0.0,SUCCESS
E5_DT0_PD05_SEED456,0,0.05,0.05122716894977169,0.0,anomaly_detection,None,isolation_forest,residual,false_positive_rate,1.0,1.0,0.0,0.0,SUCCESS
E5_DT0_PD05_SEED456,0,0.05,0.05122716894977169,0.0,anomaly_detection,None,isolation_forest,residual,pr_auc,0.08277871501147654,0.08723947003159264,-0.0044607550201161,0.05113230305618197,SUCCESS
E5_DT0_PD05_SEED456,0,0.05,0.05122716894977169,0.0,anomaly_detection,None,isolation_forest,residual,roc_auc,0.6778134117462353,0.6846846257506575,-0.006871214004422144,0.010035589738690062,SUCCESS
E5_DT0_PD05_SEED456,0,0.05,0.05122716894977169,0.0,anomaly_detection,None,isolation_forest,residual,detection_latency,0.0,0.0,0.0,0.0,SUCCESS
E5_DT0_PD05_SEED456,0,0.05,0.05122716894977169,0.0,anomaly_detection,None,isolation_forest,residual,threshold,0.29376565419608197,0.29376565419608197,0.0,0.0,SUCCESS
E5_DT0_PD05_SEED456,0,0.05,0.05122716894977169,0.0,anomaly_detection,None,lstm_autoencoder,raw,precision,0.49825783972125437,0.49825783972125437,0.0,0.0,SUCCESS
E5_DT0_PD05_SEED456,0,0.05,0.05122716894977169,0.0,anomaly_detection,None,lstm_autoencoder,raw,recall,0.5860655737704918,0.5860655737704918,0.0,0.0,SUCCESS
E5_DT0_PD05_SEED456,0,0.05,0.05122716894977169,0.0,anomaly_detection,None,lstm_autoencoder,raw,f1,0.5386064030131827,0.5386064030131827,0.0,0.0,SUCCESS
E5_DT0_PD05_SEED456,0,0.05,0.05122716894977169,0.0,anomaly_detection,None,lstm_autoencoder,raw,false_positive_rate,0.028731045490822026,0.028731045490822026,0.0,0.0,SUCCESS
E5_DT0_PD05_SEED456,0,0.05,0.05122716894977169,0.0,anomaly_detection,None,lstm_autoencoder,raw,pr_auc,0.561001698584242,0.561001698584242,0.0,0.0,SUCCESS
E5_DT0_PD05_SEED456,0,0.05,0.05122716894977169,0.0,anomaly_detection,None,lstm_autoencoder,raw,roc_auc,0.9493396177043946,0.9493396177043946,0.0,0.0,SUCCESS
E5_DT0_PD05_SEED456,0,0.05,0.05122716894977169,0.0,anomaly_detection,None,lstm_autoencoder,raw,detection_latency,1.3442622950819672,1.3442622950819672,0.0,0.0,SUCCESS
E5_DT0_PD05_SEED456,0,0.05,0.05122716894977169,0.0,anomaly_detection,None,lstm_autoencoder,raw,threshold,0.0007370078528765589,0.0007370078528765589,0.0,0.0,SUCCESS
E5_DT0_PD05_SEED456,0,0.05,0.05122716894977169,0.0,anomaly_detection,None,lstm_autoencoder,residual,precision,0.04642313546423135,0.04642313546423135,0.0,0.0,SUCCESS
E5_DT0_PD05_SEED456,0,0.05,0.05122716894977169,0.0,anomaly_detection,None,lstm_autoencoder,residual,recall,1.0,1.0,0.0,0.0,SUCCESS
E5_DT0_PD05_SEED456,0,0.05,0.05122716894977169,0.0,anomaly_detection,None,lstm_autoencoder,residual,f1,0.08872727272727272,0.08872727272727272,0.0,0.0,SUCCESS
E5_DT0_PD05_SEED456,0,0.05,0.05122716894977169,0.0,anomaly_detection,None,lstm_autoencoder,residual,false_positive_rate,1.0,1.0,0.0,0.0,SUCCESS
E5_DT0_PD05_SEED456,0,0.05,0.05122716894977169,0.0,anomaly_detection,None,lstm_autoencoder,residual,pr_auc,0.12875553774557913,0.13060323921976116,-0.0018477014741820341,0.01414743987377661,SUCCESS
E5_DT0_PD05_SEED456,0,0.05,0.05122716894977169,0.0,anomaly_detection,None,lstm_autoencoder,residual,roc_auc,0.7385070911778944,0.7428769314301413,-0.004369840252246959,0.005882320566657534,SUCCESS
E5_DT0_PD05_SEED456,0,0.05,0.05122716894977169,0.0,anomaly_detection,None,lstm_autoencoder,residual,detection_latency,0.0,0.0,0.0,0.0,SUCCESS
E5_DT0_PD05_SEED456,0,0.05,0.05122716894977169,0.0,anomaly_detection,None,lstm_autoencoder,residual,threshold,0.0003816792741417885,0.0003816792741417885,0.0,0.0,SUCCESS
E5_DT0_PD10_SEED456,0,0.1,0.10947488584474886,1.0,load_estimation,persistence,None,raw,mae,0.46847970538759887,0.4492700455803849,0.019209659807213952,0.0427574907256462,SUCCESS
E5_DT0_PD10_SEED456,0,0.1,0.10947488584474886,1.0,load_estimation,persistence,None,raw,rmse,0.6363338175136465,0.6122637034975102,0.024070114016136235,0.039313312023295716,SUCCESS
E5_DT0_PD10_SEED456,0,0.1,0.10947488584474886,1.0,load_estimation,persistence,None,raw,mape,14.790147200793562,14.318382192492015,0.47176500830154744,0.03294820615620402,SUCCESS
E5_DT0_PD10_SEED456,0,0.1,0.10947488584474886,1.0,load_estimation,persistence,None,raw,r2,0.9252328903378791,0.930782228617953,-0.005549338280073868,-0.005962015721243039,SUCCESS
E5_DT0_PD10_SEED456,0,0.1,0.10947488584474886,1.0,load_estimation,xgboost,None,raw,mae,0.2804414209210891,0.2750139962910154,0.005427424630073674,0.01973508513483241,SUCCESS
E5_DT0_PD10_SEED456,0,0.1,0.10947488584474886,1.0,load_estimation,xgboost,None,raw,rmse,0.42002389525172756,0.41181042399683077,0.008213471254896798,0.01994478715516926,SUCCESS
E5_DT0_PD10_SEED456,0,0.1,0.10947488584474886,1.0,load_estimation,xgboost,None,raw,mape,9.272038610209748,9.136281172616451,0.13575743759329661,0.014859157137172296,SUCCESS
E5_DT0_PD10_SEED456,0,0.1,0.10947488584474886,1.0,load_estimation,xgboost,None,raw,r2,0.9674246882817059,0.9686862373860586,-0.0012615491043527216,-0.0013023299554218255,SUCCESS
E5_DT0_PD10_SEED456,0,0.1,0.10947488584474886,1.0,load_estimation,lstm,None,raw,mae,0.2775761650598644,0.2758453186169287,0.0017308464429356962,0.0062746993554723095,SUCCESS
E5_DT0_PD10_SEED456,0,0.1,0.10947488584474886,1.0,load_estimation,lstm,None,raw,rmse,0.420017659877456,0.4183041673895866,0.0017134924878693947,0.00409628356935191,SUCCESS
E5_DT0_PD10_SEED456,0,0.1,0.10947488584474886,1.0,load_estimation,lstm,None,raw,mape,8.915641155955338,8.868861318649634,0.046779837305704675,0.00527461594278569,SUCCESS
E5_DT0_PD10_SEED456,0,0.1,0.10947488584474886,1.0,load_estimation,lstm,None,raw,r2,0.9675143905960207,0.9677789047373695,-0.0002645141413487595,-0.00027332083811078923,SUCCESS
E5_DT0_PD10_SEED456,0,0.1,0.10947488584474886,1.0,anomaly_detection,None,isolation_forest,raw,precision,0.11646586345381527,0.11646586345381527,0.0,0.0,SUCCESS
E5_DT0_PD10_SEED456,0,0.1,0.10947488584474886,1.0,anomaly_detection,None,isolation_forest,raw,recall,0.11885245901639344,0.11885245901639344,0.0,0.0,SUCCESS
E5_DT0_PD10_SEED456,0,0.1,0.10947488584474886,1.0,anomaly_detection,None,isolation_forest,raw,f1,0.11764705882352941,0.11764705882352941,0.0,0.0,SUCCESS
E5_DT0_PD10_SEED456,0,0.1,0.10947488584474886,1.0,anomaly_detection,None,isolation_forest,raw,false_positive_rate,0.04389465283320032,0.04389465283320032,0.0,0.0,SUCCESS
E5_DT0_PD10_SEED456,0,0.1,0.10947488584474886,1.0,anomaly_detection,None,isolation_forest,raw,pr_auc,0.09385708598261007,0.09385708598261007,0.0,0.0,SUCCESS
E5_DT0_PD10_SEED456,0,0.1,0.10947488584474886,1.0,anomaly_detection,None,isolation_forest,raw,roc_auc,0.7138596875695052,0.7138596875695052,0.0,0.0,SUCCESS
E5_DT0_PD10_SEED456,0,0.1,0.10947488584474886,1.0,anomaly_detection,None,isolation_forest,raw,detection_latency,3.2459016393442623,3.2459016393442623,0.0,0.0,SUCCESS
E5_DT0_PD10_SEED456,0,0.1,0.10947488584474886,1.0,anomaly_detection,None,isolation_forest,raw,threshold,0.5031683371451802,0.5031683371451802,0.0,0.0,SUCCESS
E5_DT0_PD10_SEED456,0,0.1,0.10947488584474886,1.0,anomaly_detection,None,isolation_forest,residual,precision,0.04642313546423135,0.04642313546423135,0.0,0.0,SUCCESS
E5_DT0_PD10_SEED456,0,0.1,0.10947488584474886,1.0,anomaly_detection,None,isolation_forest,residual,recall,1.0,1.0,0.0,0.0,SUCCESS
E5_DT0_PD10_SEED456,0,0.1,0.10947488584474886,1.0,anomaly_detection,None,isolation_forest,residual,f1,0.08872727272727272,0.08872727272727272,0.0,0.0,SUCCESS
E5_DT0_PD10_SEED456,0,0.1,0.10947488584474886,1.0,anomaly_detection,None,isolation_forest,residual,false_positive_rate,1.0,1.0,0.0,0.0,SUCCESS
E5_DT0_PD10_SEED456,0,0.1,0.10947488584474886,1.0,anomaly_detection,None,isolation_forest,residual,pr_auc,0.07914033725067836,0.08723947003159264,-0.008099132780914287,0.09283794110603022,SUCCESS
E5_DT0_PD10_SEED456,0,0.1,0.10947488584474886,1.0,anomaly_detection,None,isolation_forest,residual,roc_auc,0.6711474428584512,0.6846846257506575,-0.01353718289220629,0.01977141355754079,SUCCESS
E5_DT0_PD10_SEED456,0,0.1,0.10947488584474886,1.0,anomaly_detection,None,isolation_forest,residual,detection_latency,0.0,0.0,0.0,0.0,SUCCESS
E5_DT0_PD10_SEED456,0,0.1,0.10947488584474886,1.0,anomaly_detection,None,isolation_forest,residual,threshold,0.29376565419608197,0.29376565419608197,0.0,0.0,SUCCESS
E5_DT0_PD10_SEED456,0,0.1,0.10947488584474886,1.0,anomaly_detection,None,lstm_autoencoder,raw,precision,0.49825783972125437,0.49825783972125437,0.0,0.0,SUCCESS
E5_DT0_PD10_SEED456,0,0.1,0.10947488584474886,1.0,anomaly_detection,None,lstm_autoencoder,raw,recall,0.5860655737704918,0.5860655737704918,0.0,0.0,SUCCESS
E5_DT0_PD10_SEED456,0,0.1,0.10947488584474886,1.0,anomaly_detection,None,lstm_autoencoder,raw,f1,0.5386064030131827,0.5386064030131827,0.0,0.0,SUCCESS
E5_DT0_PD10_SEED456,0,0.1,0.10947488584474886,1.0,anomaly_detection,None,lstm_autoencoder,raw,false_positive_rate,0.028731045490822026,0.028731045490822026,0.0,0.0,SUCCESS
E5_DT0_PD10_SEED456,0,0.1,0.10947488584474886,1.0,anomaly_detection,None,lstm_autoencoder,raw,pr_auc,0.561001698584242,0.561001698584242,0.0,0.0,SUCCESS
E5_DT0_PD10_SEED456,0,0.1,0.10947488584474886,1.0,anomaly_detection,None,lstm_autoencoder,raw,roc_auc,0.9493396177043946,0.9493396177043946,0.0,0.0,SUCCESS
E5_DT0_PD10_SEED456,0,0.1,0.10947488584474886,1.0,anomaly_detection,None,lstm_autoencoder,raw,detection_latency,1.3442622950819672,1.3442622950819672,0.0,0.0,SUCCESS
E5_DT0_PD10_SEED456,0,0.1,0.10947488584474886,1.0,anomaly_detection,None,lstm_autoencoder,raw,threshold,0.0007370078528765589,0.0007370078528765589,0.0,0.0,SUCCESS
E5_DT0_PD10_SEED456,0,0.1,0.10947488584474886,1.0,anomaly_detection,None,lstm_autoencoder,residual,precision,0.04642313546423135,0.04642313546423135,0.0,0.0,SUCCESS
E5_DT0_PD10_SEED456,0,0.1,0.10947488584474886,1.0,anomaly_detection,None,lstm_autoencoder,residual,recall,1.0,1.0,0.0,0.0,SUCCESS
E5_DT0_PD10_SEED456,0,0.1,0.10947488584474886,1.0,anomaly_detection,None,lstm_autoencoder,residual,f1,0.08872727272727272,0.08872727272727272,0.0,0.0,SUCCESS
E5_DT0_PD10_SEED456,0,0.1,0.10947488584474886,1.0,anomaly_detection,None,lstm_autoencoder,residual,false_positive_rate,1.0,1.0,0.0,0.0,SUCCESS
E5_DT0_PD10_SEED456,0,0.1,0.10947488584474886,1.0,anomaly_detection,None,lstm_autoencoder,residual,pr_auc,0.1267716712697022,0.13060323921976116,-0.003831567950058956,0.029337464927739813,SUCCESS
E5_DT0_PD10_SEED456,0,0.1,0.10947488584474886,1.0,anomaly_detection,None,lstm_autoencoder,residual,roc_auc,0.7339867923540879,0.7428769314301413,-0.008890139076053405,0.011967176122885727,SUCCESS
E5_DT0_PD10_SEED456,0,0.1,0.10947488584474886,1.0,anomaly_detection,None,lstm_autoencoder,residual,detection_latency,0.0,0.0,0.0,0.0,SUCCESS
E5_DT0_PD10_SEED456,0,0.1,0.10947488584474886,1.0,anomaly_detection,None,lstm_autoencoder,residual,threshold,0.0003816792741417885,0.0003816792741417885,0.0,0.0,SUCCESS
E5_DT0_PD20_SEED456,0,0.2,0.24788812785388128,1.0,load_estimation,persistence,None,raw,mae,0.49608647471784273,0.4492700455803849,0.046816429137457816,0.10420554318723495,SUCCESS
E5_DT0_PD20_SEED456,0,0.2,0.24788812785388128,1.0,load_estimation,persistence,None,raw,rmse,0.671492975544939,0.6122637034975102,0.05922927204742878,0.09673817296221551,SUCCESS
E5_DT0_PD20_SEED456,0,0.2,0.24788812785388128,1.0,load_estimation,persistence,None,raw,mape,15.55847908033301,14.318382192492015,1.2400968878409948,0.08660872933614329,SUCCESS
E5_DT0_PD20_SEED456,0,0.2,0.24788812785388128,1.0,load_estimation,persistence,None,raw,r2,0.9167424682601791,0.930782228617953,-0.014039760357773878,-0.01508382941369695,SUCCESS
E5_DT0_PD20_SEED456,0,0.2,0.24788812785388128,1.0,load_estimation,xgboost,None,raw,mae,0.28951035607804626,0.2750139962910154,0.014496359787030844,0.0527113528130802,SUCCESS
E5_DT0_PD20_SEED456,0,0.2,0.24788812785388128,1.0,load_estimation,xgboost,None,raw,rmse,0.43055961371368384,0.41181042399683077,0.018749189716853076,0.045528691417965096,SUCCESS
E5_DT0_PD20_SEED456,0,0.2,0.24788812785388128,1.0,load_estimation,xgboost,None,raw,mape,9.526777757360994,9.136281172616451,0.3904965847445432,0.042741305501296505,SUCCESS
E5_DT0_PD20_SEED456,0,0.2,0.24788812785388128,1.0,load_estimation,xgboost,None,raw,r2,0.9657699790151597,0.9686862373860586,-0.0029162583708989276,-0.003010529373028231,SUCCESS
E5_DT0_PD20_SEED456,0,0.2,0.24788812785388128,1.0,load_estimation,lstm,None,raw,mae,0.2838839410983785,0.2758453186169287,0.00803862248144982,0.029141775984290668,SUCCESS
E5_DT0_PD20_SEED456,0,0.2,0.24788812785388128,1.0,load_estimation,lstm,None,raw,rmse,0.4251460424393363,0.4183041673895866,0.006841875049749702,0.016356220145847932,SUCCESS
E5_DT0_PD20_SEED456,0,0.2,0.24788812785388128,1.0,load_estimation,lstm,None,raw,mape,9.056727670897633,8.868861318649634,0.1878663522479993,0.02118269138485116,SUCCESS
E5_DT0_PD20_SEED456,0,0.2,0.24788812785388128,1.0,load_estimation,lstm,None,raw,r2,0.9667162541037416,0.9677789047373695,-0.0010626506336278707,-0.0010980303749400769,SUCCESS
E5_DT0_PD20_SEED456,0,0.2,0.24788812785388128,1.0,anomaly_detection,None,isolation_forest,raw,precision,0.11646586345381527,0.11646586345381527,0.0,0.0,SUCCESS
E5_DT0_PD20_SEED456,0,0.2,0.24788812785388128,1.0,anomaly_detection,None,isolation_forest,raw,recall,0.11885245901639344,0.11885245901639344,0.0,0.0,SUCCESS
E5_DT0_PD20_SEED456,0,0.2,0.24788812785388128,1.0,anomaly_detection,None,isolation_forest,raw,f1,0.11764705882352941,0.11764705882352941,0.0,0.0,SUCCESS
E5_DT0_PD20_SEED456,0,0.2,0.24788812785388128,1.0,anomaly_detection,None,isolation_forest,raw,false_positive_rate,0.04389465283320032,0.04389465283320032,0.0,0.0,SUCCESS
E5_DT0_PD20_SEED456,0,0.2,0.24788812785388128,1.0,anomaly_detection,None,isolation_forest,raw,pr_auc,0.09385708598261007,0.09385708598261007,0.0,0.0,SUCCESS
E5_DT0_PD20_SEED456,0,0.2,0.24788812785388128,1.0,anomaly_detection,None,isolation_forest,raw,roc_auc,0.7138596875695052,0.7138596875695052,0.0,0.0,SUCCESS
E5_DT0_PD20_SEED456,0,0.2,0.24788812785388128,1.0,anomaly_detection,None,isolation_forest,raw,detection_latency,3.2459016393442623,3.2459016393442623,0.0,0.0,SUCCESS
E5_DT0_PD20_SEED456,0,0.2,0.24788812785388128,1.0,anomaly_detection,None,isolation_forest,raw,threshold,0.5031683371451802,0.5031683371451802,0.0,0.0,SUCCESS
E5_DT0_PD20_SEED456,0,0.2,0.24788812785388128,1.0,anomaly_detection,None,isolation_forest,residual,precision,0.04642313546423135,0.04642313546423135,0.0,0.0,SUCCESS
E5_DT0_PD20_SEED456,0,0.2,0.24788812785388128,1.0,anomaly_detection,None,isolation_forest,residual,recall,1.0,1.0,0.0,0.0,SUCCESS
E5_DT0_PD20_SEED456,0,0.2,0.24788812785388128,1.0,anomaly_detection,None,isolation_forest,residual,f1,0.08872727272727272,0.08872727272727272,0.0,0.0,SUCCESS
E5_DT0_PD20_SEED456,0,0.2,0.24788812785388128,1.0,anomaly_detection,None,isolation_forest,residual,false_positive_rate,1.0,1.0,0.0,0.0,SUCCESS
E5_DT0_PD20_SEED456,0,0.2,0.24788812785388128,1.0,anomaly_detection,None,isolation_forest,residual,pr_auc,0.07496195562619215,0.08723947003159264,-0.012277514405400494,0.14073348222948112,SUCCESS
E5_DT0_PD20_SEED456,0,0.2,0.24788812785388128,1.0,anomaly_detection,None,isolation_forest,residual,roc_auc,0.664759495244201,0.6846846257506575,-0.0199251305064565,0.02910117995509463,SUCCESS
E5_DT0_PD20_SEED456,0,0.2,0.24788812785388128,1.0,anomaly_detection,None,isolation_forest,residual,detection_latency,0.0,0.0,0.0,0.0,SUCCESS
E5_DT0_PD20_SEED456,0,0.2,0.24788812785388128,1.0,anomaly_detection,None,isolation_forest,residual,threshold,0.29376565419608197,0.29376565419608197,0.0,0.0,SUCCESS
E5_DT0_PD20_SEED456,0,0.2,0.24788812785388128,1.0,anomaly_detection,None,lstm_autoencoder,raw,precision,0.49825783972125437,0.49825783972125437,0.0,0.0,SUCCESS
E5_DT0_PD20_SEED456,0,0.2,0.24788812785388128,1.0,anomaly_detection,None,lstm_autoencoder,raw,recall,0.5860655737704918,0.5860655737704918,0.0,0.0,SUCCESS
E5_DT0_PD20_SEED456,0,0.2,0.24788812785388128,1.0,anomaly_detection,None,lstm_autoencoder,raw,f1,0.5386064030131827,0.5386064030131827,0.0,0.0,SUCCESS
E5_DT0_PD20_SEED456,0,0.2,0.24788812785388128,1.0,anomaly_detection,None,lstm_autoencoder,raw,false_positive_rate,0.028731045490822026,0.028731045490822026,0.0,0.0,SUCCESS
E5_DT0_PD20_SEED456,0,0.2,0.24788812785388128,1.0,anomaly_detection,None,lstm_autoencoder,raw,pr_auc,0.561001698584242,0.561001698584242,0.0,0.0,SUCCESS
E5_DT0_PD20_SEED456,0,0.2,0.24788812785388128,1.0,anomaly_detection,None,lstm_autoencoder,raw,roc_auc,0.9493396177043946,0.9493396177043946,0.0,0.0,SUCCESS
E5_DT0_PD20_SEED456,0,0.2,0.24788812785388128,1.0,anomaly_detection,None,lstm_autoencoder,raw,detection_latency,1.3442622950819672,1.3442622950819672,0.0,0.0,SUCCESS
E5_DT0_PD20_SEED456,0,0.2,0.24788812785388128,1.0,anomaly_detection,None,lstm_autoencoder,raw,threshold,0.0007370078528765589,0.0007370078528765589,0.0,0.0,SUCCESS
E5_DT0_PD20_SEED456,0,0.2,0.24788812785388128,1.0,anomaly_detection,None,lstm_autoencoder,residual,precision,0.04642313546423135,0.04642313546423135,0.0,0.0,SUCCESS
E5_DT0_PD20_SEED456,0,0.2,0.24788812785388128,1.0,anomaly_detection,None,lstm_autoencoder,residual,recall,1.0,1.0,0.0,0.0,SUCCESS
E5_DT0_PD20_SEED456,0,0.2,0.24788812785388128,1.0,anomaly_detection,None,lstm_autoencoder,residual,f1,0.08872727272727272,0.08872727272727272,0.0,0.0,SUCCESS
E5_DT0_PD20_SEED456,0,0.2,0.24788812785388128,1.0,anomaly_detection,None,lstm_autoencoder,residual,false_positive_rate,1.0,1.0,0.0,0.0,SUCCESS
E5_DT0_PD20_SEED456,0,0.2,0.24788812785388128,1.0,anomaly_detection,None,lstm_autoencoder,residual,pr_auc,0.1257191634219748,0.13060323921976116,-0.0048840757977863525,0.03739628379023664,SUCCESS
E5_DT0_PD20_SEED456,0,0.2,0.24788812785388128,1.0,anomaly_detection,None,lstm_autoencoder,residual,roc_auc,0.7291304148731569,0.7428769314301413,-0.013746516556984445,0.018504433204730816,SUCCESS
E5_DT0_PD20_SEED456,0,0.2,0.24788812785388128,1.0,anomaly_detection,None,lstm_autoencoder,residual,detection_latency,0.0,0.0,0.0,0.0,SUCCESS
E5_DT0_PD20_SEED456,0,0.2,0.24788812785388128,1.0,anomaly_detection,None,lstm_autoencoder,residual,threshold,0.0003816792741417885,0.0003816792741417885,0.0,0.0,SUCCESS
E5_DT1_PD00_SEED456,1,0.0,0.0,0.0,load_estimation,persistence,None,raw,mae,0.4492700455803849,0.4492700455803849,0.0,0.0,SUCCESS
E5_DT1_PD00_SEED456,1,0.0,0.0,0.0,load_estimation,persistence,None,raw,rmse,0.6122637034975102,0.6122637034975102,0.0,0.0,SUCCESS
E5_DT1_PD00_SEED456,1,0.0,0.0,0.0,load_estimation,persistence,None,raw,mape,14.318382192492015,14.318382192492015,0.0,0.0,SUCCESS
E5_DT1_PD00_SEED456,1,0.0,0.0,0.0,load_estimation,persistence,None,raw,r2,0.930782228617953,0.930782228617953,0.0,0.0,SUCCESS
E5_DT1_PD00_SEED456,1,0.0,0.0,0.0,load_estimation,xgboost,None,raw,mae,0.2750139962910154,0.2750139962910154,0.0,0.0,SUCCESS
E5_DT1_PD00_SEED456,1,0.0,0.0,0.0,load_estimation,xgboost,None,raw,rmse,0.41181042399683077,0.41181042399683077,0.0,0.0,SUCCESS
E5_DT1_PD00_SEED456,1,0.0,0.0,0.0,load_estimation,xgboost,None,raw,mape,9.136281172616451,9.136281172616451,0.0,0.0,SUCCESS
E5_DT1_PD00_SEED456,1,0.0,0.0,0.0,load_estimation,xgboost,None,raw,r2,0.9686862373860586,0.9686862373860586,0.0,0.0,SUCCESS
E5_DT1_PD00_SEED456,1,0.0,0.0,0.0,load_estimation,lstm,None,raw,mae,0.2758453186169287,0.2758453186169287,0.0,0.0,SUCCESS
E5_DT1_PD00_SEED456,1,0.0,0.0,0.0,load_estimation,lstm,None,raw,rmse,0.4183041673895866,0.4183041673895866,0.0,0.0,SUCCESS
E5_DT1_PD00_SEED456,1,0.0,0.0,0.0,load_estimation,lstm,None,raw,mape,8.868861318649634,8.868861318649634,0.0,0.0,SUCCESS
E5_DT1_PD00_SEED456,1,0.0,0.0,0.0,load_estimation,lstm,None,raw,r2,0.9677789047373695,0.9677789047373695,0.0,0.0,SUCCESS
E5_DT1_PD00_SEED456,1,0.0,0.0,0.0,anomaly_detection,None,isolation_forest,raw,precision,0.11646586345381527,0.11646586345381527,0.0,0.0,SUCCESS
E5_DT1_PD00_SEED456,1,0.0,0.0,0.0,anomaly_detection,None,isolation_forest,raw,recall,0.11885245901639344,0.11885245901639344,0.0,0.0,SUCCESS
E5_DT1_PD00_SEED456,1,0.0,0.0,0.0,anomaly_detection,None,isolation_forest,raw,f1,0.11764705882352941,0.11764705882352941,0.0,0.0,SUCCESS
E5_DT1_PD00_SEED456,1,0.0,0.0,0.0,anomaly_detection,None,isolation_forest,raw,false_positive_rate,0.04389465283320032,0.04389465283320032,0.0,0.0,SUCCESS
E5_DT1_PD00_SEED456,1,0.0,0.0,0.0,anomaly_detection,None,isolation_forest,raw,pr_auc,0.09385708598261007,0.09385708598261007,0.0,0.0,SUCCESS
E5_DT1_PD00_SEED456,1,0.0,0.0,0.0,anomaly_detection,None,isolation_forest,raw,roc_auc,0.7138596875695052,0.7138596875695052,0.0,0.0,SUCCESS
E5_DT1_PD00_SEED456,1,0.0,0.0,0.0,anomaly_detection,None,isolation_forest,raw,detection_latency,3.2459016393442623,3.2459016393442623,0.0,0.0,SUCCESS
E5_DT1_PD00_SEED456,1,0.0,0.0,0.0,anomaly_detection,None,isolation_forest,raw,threshold,0.5031683371451802,0.5031683371451802,0.0,0.0,SUCCESS
E5_DT1_PD00_SEED456,1,0.0,0.0,0.0,anomaly_detection,None,isolation_forest,residual,precision,0.04642313546423135,0.04642313546423135,0.0,0.0,SUCCESS
E5_DT1_PD00_SEED456,1,0.0,0.0,0.0,anomaly_detection,None,isolation_forest,residual,recall,1.0,1.0,0.0,0.0,SUCCESS
E5_DT1_PD00_SEED456,1,0.0,0.0,0.0,anomaly_detection,None,isolation_forest,residual,f1,0.08872727272727272,0.08872727272727272,0.0,0.0,SUCCESS
E5_DT1_PD00_SEED456,1,0.0,0.0,0.0,anomaly_detection,None,isolation_forest,residual,false_positive_rate,1.0,1.0,0.0,0.0,SUCCESS
E5_DT1_PD00_SEED456,1,0.0,0.0,0.0,anomaly_detection,None,isolation_forest,residual,pr_auc,0.08723947003159264,0.08723947003159264,0.0,0.0,SUCCESS
E5_DT1_PD00_SEED456,1,0.0,0.0,0.0,anomaly_detection,None,isolation_forest,residual,roc_auc,0.6846846257506575,0.6846846257506575,0.0,0.0,SUCCESS
E5_DT1_PD00_SEED456,1,0.0,0.0,0.0,anomaly_detection,None,isolation_forest,residual,detection_latency,0.0,0.0,0.0,0.0,SUCCESS
E5_DT1_PD00_SEED456,1,0.0,0.0,0.0,anomaly_detection,None,isolation_forest,residual,threshold,0.29376565419608197,0.29376565419608197,0.0,0.0,SUCCESS
E5_DT1_PD00_SEED456,1,0.0,0.0,0.0,anomaly_detection,None,lstm_autoencoder,raw,precision,0.49825783972125437,0.49825783972125437,0.0,0.0,SUCCESS
E5_DT1_PD00_SEED456,1,0.0,0.0,0.0,anomaly_detection,None,lstm_autoencoder,raw,recall,0.5860655737704918,0.5860655737704918,0.0,0.0,SUCCESS
E5_DT1_PD00_SEED456,1,0.0,0.0,0.0,anomaly_detection,None,lstm_autoencoder,raw,f1,0.5386064030131827,0.5386064030131827,0.0,0.0,SUCCESS
E5_DT1_PD00_SEED456,1,0.0,0.0,0.0,anomaly_detection,None,lstm_autoencoder,raw,false_positive_rate,0.028731045490822026,0.028731045490822026,0.0,0.0,SUCCESS
E5_DT1_PD00_SEED456,1,0.0,0.0,0.0,anomaly_detection,None,lstm_autoencoder,raw,pr_auc,0.561001698584242,0.561001698584242,0.0,0.0,SUCCESS
E5_DT1_PD00_SEED456,1,0.0,0.0,0.0,anomaly_detection,None,lstm_autoencoder,raw,roc_auc,0.9493396177043946,0.9493396177043946,0.0,0.0,SUCCESS
E5_DT1_PD00_SEED456,1,0.0,0.0,0.0,anomaly_detection,None,lstm_autoencoder,raw,detection_latency,1.3442622950819672,1.3442622950819672,0.0,0.0,SUCCESS
E5_DT1_PD00_SEED456,1,0.0,0.0,0.0,anomaly_detection,None,lstm_autoencoder,raw,threshold,0.0007370078528765589,0.0007370078528765589,0.0,0.0,SUCCESS
E5_DT1_PD00_SEED456,1,0.0,0.0,0.0,anomaly_detection,None,lstm_autoencoder,residual,precision,0.04642313546423135,0.04642313546423135,0.0,0.0,SUCCESS
E5_DT1_PD00_SEED456,1,0.0,0.0,0.0,anomaly_detection,None,lstm_autoencoder,residual,recall,1.0,1.0,0.0,0.0,SUCCESS
E5_DT1_PD00_SEED456,1,0.0,0.0,0.0,anomaly_detection,None,lstm_autoencoder,residual,f1,0.08872727272727272,0.08872727272727272,0.0,0.0,SUCCESS
E5_DT1_PD00_SEED456,1,0.0,0.0,0.0,anomaly_detection,None,lstm_autoencoder,residual,false_positive_rate,1.0,1.0,0.0,0.0,SUCCESS
E5_DT1_PD00_SEED456,1,0.0,0.0,0.0,anomaly_detection,None,lstm_autoencoder,residual,pr_auc,0.13060323921976116,0.13060323921976116,0.0,0.0,SUCCESS
E5_DT1_PD00_SEED456,1,0.0,0.0,0.0,anomaly_detection,None,lstm_autoencoder,residual,roc_auc,0.7428769314301413,0.7428769314301413,0.0,0.0,SUCCESS
E5_DT1_PD00_SEED456,1,0.0,0.0,0.0,anomaly_detection,None,lstm_autoencoder,residual,detection_latency,0.0,0.0,0.0,0.0,SUCCESS
E5_DT1_PD00_SEED456,1,0.0,0.0,0.0,anomaly_detection,None,lstm_autoencoder,residual,threshold,0.0003816792741417885,0.0003816792741417885,0.0,0.0,SUCCESS
E5_DT1_PD05_SEED456,1,0.05,0.05122716894977169,0.0,load_estimation,persistence,None,raw,mae,0.45854659464714914,0.4492700455803849,0.009276549066764228,0.020648047111132044,SUCCESS
E5_DT1_PD05_SEED456,1,0.05,0.05122716894977169,0.0,load_estimation,persistence,None,raw,rmse,0.6249482611837521,0.6122637034975102,0.012684557686241882,0.020717474535534776,SUCCESS
E5_DT1_PD05_SEED456,1,0.05,0.05122716894977169,0.0,load_estimation,persistence,None,raw,mape,14.542801605734654,14.318382192492015,0.22441941324263937,0.015673517456484428,SUCCESS
E5_DT1_PD05_SEED456,1,0.05,0.05122716894977169,0.0,load_estimation,persistence,None,raw,r2,0.9278844845666251,0.930782228617953,-0.002897744051327922,-0.0031132352576505023,SUCCESS
E5_DT1_PD05_SEED456,1,0.05,0.05122716894977169,0.0,load_estimation,xgboost,None,raw,mae,0.2788980480289169,0.2750139962910154,0.0038840517379014616,0.014123105697469376,SUCCESS
E5_DT1_PD05_SEED456,1,0.05,0.05122716894977169,0.0,load_estimation,xgboost,None,raw,rmse,0.4176488394898681,0.41181042399683077,0.005838415493037319,0.014177434938077844,SUCCESS
E5_DT1_PD05_SEED456,1,0.05,0.05122716894977169,0.0,load_estimation,xgboost,None,raw,mape,9.238642155760859,9.136281172616451,0.10236098314440767,0.011203790821500461,SUCCESS
E5_DT1_PD05_SEED456,1,0.05,0.05122716894977169,0.0,load_estimation,xgboost,None,raw,r2,0.9677920456661242,0.9686862373860586,-0.000894191719934434,-0.0009230973719079115,SUCCESS
E5_DT1_PD05_SEED456,1,0.05,0.05122716894977169,0.0,load_estimation,lstm,None,raw,mae,0.2763632542768537,0.2758453186169287,0.0005179356599250284,0.001877630776994606,SUCCESS
E5_DT1_PD05_SEED456,1,0.05,0.05122716894977169,0.0,load_estimation,lstm,None,raw,rmse,0.41939904837295694,0.4183041673895866,0.00109488098337035,0.0026174278640418974,SUCCESS
E5_DT1_PD05_SEED456,1,0.05,0.05122716894977169,0.0,load_estimation,lstm,None,raw,mape,8.887366841945836,8.868861318649634,0.018505523296202142,0.002086572631064636,SUCCESS
E5_DT1_PD05_SEED456,1,0.05,0.05122716894977169,0.0,load_estimation,lstm,None,raw,r2,0.967610011207845,0.9677789047373695,-0.00016889352952453862,-0.00017451664703352056,SUCCESS
E5_DT1_PD05_SEED456,1,0.05,0.05122716894977169,0.0,anomaly_detection,None,isolation_forest,raw,precision,0.11646586345381527,0.11646586345381527,0.0,0.0,SUCCESS
E5_DT1_PD05_SEED456,1,0.05,0.05122716894977169,0.0,anomaly_detection,None,isolation_forest,raw,recall,0.11885245901639344,0.11885245901639344,0.0,0.0,SUCCESS
E5_DT1_PD05_SEED456,1,0.05,0.05122716894977169,0.0,anomaly_detection,None,isolation_forest,raw,f1,0.11764705882352941,0.11764705882352941,0.0,0.0,SUCCESS
E5_DT1_PD05_SEED456,1,0.05,0.05122716894977169,0.0,anomaly_detection,None,isolation_forest,raw,false_positive_rate,0.04389465283320032,0.04389465283320032,0.0,0.0,SUCCESS
E5_DT1_PD05_SEED456,1,0.05,0.05122716894977169,0.0,anomaly_detection,None,isolation_forest,raw,pr_auc,0.09385708598261007,0.09385708598261007,0.0,0.0,SUCCESS
E5_DT1_PD05_SEED456,1,0.05,0.05122716894977169,0.0,anomaly_detection,None,isolation_forest,raw,roc_auc,0.7138596875695052,0.7138596875695052,0.0,0.0,SUCCESS
E5_DT1_PD05_SEED456,1,0.05,0.05122716894977169,0.0,anomaly_detection,None,isolation_forest,raw,detection_latency,3.2459016393442623,3.2459016393442623,0.0,0.0,SUCCESS
E5_DT1_PD05_SEED456,1,0.05,0.05122716894977169,0.0,anomaly_detection,None,isolation_forest,raw,threshold,0.5031683371451802,0.5031683371451802,0.0,0.0,SUCCESS
E5_DT1_PD05_SEED456,1,0.05,0.05122716894977169,0.0,anomaly_detection,None,isolation_forest,residual,precision,0.04642313546423135,0.04642313546423135,0.0,0.0,SUCCESS
E5_DT1_PD05_SEED456,1,0.05,0.05122716894977169,0.0,anomaly_detection,None,isolation_forest,residual,recall,1.0,1.0,0.0,0.0,SUCCESS
E5_DT1_PD05_SEED456,1,0.05,0.05122716894977169,0.0,anomaly_detection,None,isolation_forest,residual,f1,0.08872727272727272,0.08872727272727272,0.0,0.0,SUCCESS
E5_DT1_PD05_SEED456,1,0.05,0.05122716894977169,0.0,anomaly_detection,None,isolation_forest,residual,false_positive_rate,1.0,1.0,0.0,0.0,SUCCESS
E5_DT1_PD05_SEED456,1,0.05,0.05122716894977169,0.0,anomaly_detection,None,isolation_forest,residual,pr_auc,0.08277871501147654,0.08723947003159264,-0.0044607550201161,0.05113230305618197,SUCCESS
E5_DT1_PD05_SEED456,1,0.05,0.05122716894977169,0.0,anomaly_detection,None,isolation_forest,residual,roc_auc,0.6778134117462353,0.6846846257506575,-0.006871214004422144,0.010035589738690062,SUCCESS
E5_DT1_PD05_SEED456,1,0.05,0.05122716894977169,0.0,anomaly_detection,None,isolation_forest,residual,detection_latency,0.0,0.0,0.0,0.0,SUCCESS
E5_DT1_PD05_SEED456,1,0.05,0.05122716894977169,0.0,anomaly_detection,None,isolation_forest,residual,threshold,0.29376565419608197,0.29376565419608197,0.0,0.0,SUCCESS
E5_DT1_PD05_SEED456,1,0.05,0.05122716894977169,0.0,anomaly_detection,None,lstm_autoencoder,raw,precision,0.49825783972125437,0.49825783972125437,0.0,0.0,SUCCESS
E5_DT1_PD05_SEED456,1,0.05,0.05122716894977169,0.0,anomaly_detection,None,lstm_autoencoder,raw,recall,0.5860655737704918,0.5860655737704918,0.0,0.0,SUCCESS
E5_DT1_PD05_SEED456,1,0.05,0.05122716894977169,0.0,anomaly_detection,None,lstm_autoencoder,raw,f1,0.5386064030131827,0.5386064030131827,0.0,0.0,SUCCESS
E5_DT1_PD05_SEED456,1,0.05,0.05122716894977169,0.0,anomaly_detection,None,lstm_autoencoder,raw,false_positive_rate,0.028731045490822026,0.028731045490822026,0.0,0.0,SUCCESS
E5_DT1_PD05_SEED456,1,0.05,0.05122716894977169,0.0,anomaly_detection,None,lstm_autoencoder,raw,pr_auc,0.561001698584242,0.561001698584242,0.0,0.0,SUCCESS
E5_DT1_PD05_SEED456,1,0.05,0.05122716894977169,0.0,anomaly_detection,None,lstm_autoencoder,raw,roc_auc,0.9493396177043946,0.9493396177043946,0.0,0.0,SUCCESS
E5_DT1_PD05_SEED456,1,0.05,0.05122716894977169,0.0,anomaly_detection,None,lstm_autoencoder,raw,detection_latency,1.3442622950819672,1.3442622950819672,0.0,0.0,SUCCESS
E5_DT1_PD05_SEED456,1,0.05,0.05122716894977169,0.0,anomaly_detection,None,lstm_autoencoder,raw,threshold,0.0007370078528765589,0.0007370078528765589,0.0,0.0,SUCCESS
E5_DT1_PD05_SEED456,1,0.05,0.05122716894977169,0.0,anomaly_detection,None,lstm_autoencoder,residual,precision,0.04642313546423135,0.04642313546423135,0.0,0.0,SUCCESS
E5_DT1_PD05_SEED456,1,0.05,0.05122716894977169,0.0,anomaly_detection,None,lstm_autoencoder,residual,recall,1.0,1.0,0.0,0.0,SUCCESS
E5_DT1_PD05_SEED456,1,0.05,0.05122716894977169,0.0,anomaly_detection,None,lstm_autoencoder,residual,f1,0.08872727272727272,0.08872727272727272,0.0,0.0,SUCCESS
E5_DT1_PD05_SEED456,1,0.05,0.05122716894977169,0.0,anomaly_detection,None,lstm_autoencoder,residual,false_positive_rate,1.0,1.0,0.0,0.0,SUCCESS
E5_DT1_PD05_SEED456,1,0.05,0.05122716894977169,0.0,anomaly_detection,None,lstm_autoencoder,residual,pr_auc,0.12875553774557913,0.13060323921976116,-0.0018477014741820341,0.01414743987377661,SUCCESS
E5_DT1_PD05_SEED456,1,0.05,0.05122716894977169,0.0,anomaly_detection,None,lstm_autoencoder,residual,roc_auc,0.7385070911778944,0.7428769314301413,-0.004369840252246959,0.005882320566657534,SUCCESS
E5_DT1_PD05_SEED456,1,0.05,0.05122716894977169,0.0,anomaly_detection,None,lstm_autoencoder,residual,detection_latency,0.0,0.0,0.0,0.0,SUCCESS
E5_DT1_PD05_SEED456,1,0.05,0.05122716894977169,0.0,anomaly_detection,None,lstm_autoencoder,residual,threshold,0.0003816792741417885,0.0003816792741417885,0.0,0.0,SUCCESS
E5_DT1_PD10_SEED456,1,0.1,0.10947488584474886,1.0,load_estimation,persistence,None,raw,mae,0.46847970538759887,0.4492700455803849,0.019209659807213952,0.0427574907256462,SUCCESS
E5_DT1_PD10_SEED456,1,0.1,0.10947488584474886,1.0,load_estimation,persistence,None,raw,rmse,0.6363338175136465,0.6122637034975102,0.024070114016136235,0.039313312023295716,SUCCESS
E5_DT1_PD10_SEED456,1,0.1,0.10947488584474886,1.0,load_estimation,persistence,None,raw,mape,14.790147200793562,14.318382192492015,0.47176500830154744,0.03294820615620402,SUCCESS
E5_DT1_PD10_SEED456,1,0.1,0.10947488584474886,1.0,load_estimation,persistence,None,raw,r2,0.9252328903378791,0.930782228617953,-0.005549338280073868,-0.005962015721243039,SUCCESS
E5_DT1_PD10_SEED456,1,0.1,0.10947488584474886,1.0,load_estimation,xgboost,None,raw,mae,0.2804414209210891,0.2750139962910154,0.005427424630073674,0.01973508513483241,SUCCESS
E5_DT1_PD10_SEED456,1,0.1,0.10947488584474886,1.0,load_estimation,xgboost,None,raw,rmse,0.42002389525172756,0.41181042399683077,0.008213471254896798,0.01994478715516926,SUCCESS
E5_DT1_PD10_SEED456,1,0.1,0.10947488584474886,1.0,load_estimation,xgboost,None,raw,mape,9.272038610209748,9.136281172616451,0.13575743759329661,0.014859157137172296,SUCCESS
E5_DT1_PD10_SEED456,1,0.1,0.10947488584474886,1.0,load_estimation,xgboost,None,raw,r2,0.9674246882817059,0.9686862373860586,-0.0012615491043527216,-0.0013023299554218255,SUCCESS
E5_DT1_PD10_SEED456,1,0.1,0.10947488584474886,1.0,load_estimation,lstm,None,raw,mae,0.2775761650598644,0.2758453186169287,0.0017308464429356962,0.0062746993554723095,SUCCESS
E5_DT1_PD10_SEED456,1,0.1,0.10947488584474886,1.0,load_estimation,lstm,None,raw,rmse,0.420017659877456,0.4183041673895866,0.0017134924878693947,0.00409628356935191,SUCCESS
E5_DT1_PD10_SEED456,1,0.1,0.10947488584474886,1.0,load_estimation,lstm,None,raw,mape,8.915641155955338,8.868861318649634,0.046779837305704675,0.00527461594278569,SUCCESS
E5_DT1_PD10_SEED456,1,0.1,0.10947488584474886,1.0,load_estimation,lstm,None,raw,r2,0.9675143905960207,0.9677789047373695,-0.0002645141413487595,-0.00027332083811078923,SUCCESS
E5_DT1_PD10_SEED456,1,0.1,0.10947488584474886,1.0,anomaly_detection,None,isolation_forest,raw,precision,0.11646586345381527,0.11646586345381527,0.0,0.0,SUCCESS
E5_DT1_PD10_SEED456,1,0.1,0.10947488584474886,1.0,anomaly_detection,None,isolation_forest,raw,recall,0.11885245901639344,0.11885245901639344,0.0,0.0,SUCCESS
E5_DT1_PD10_SEED456,1,0.1,0.10947488584474886,1.0,anomaly_detection,None,isolation_forest,raw,f1,0.11764705882352941,0.11764705882352941,0.0,0.0,SUCCESS
E5_DT1_PD10_SEED456,1,0.1,0.10947488584474886,1.0,anomaly_detection,None,isolation_forest,raw,false_positive_rate,0.04389465283320032,0.04389465283320032,0.0,0.0,SUCCESS
E5_DT1_PD10_SEED456,1,0.1,0.10947488584474886,1.0,anomaly_detection,None,isolation_forest,raw,pr_auc,0.09385708598261007,0.09385708598261007,0.0,0.0,SUCCESS
E5_DT1_PD10_SEED456,1,0.1,0.10947488584474886,1.0,anomaly_detection,None,isolation_forest,raw,roc_auc,0.7138596875695052,0.7138596875695052,0.0,0.0,SUCCESS
E5_DT1_PD10_SEED456,1,0.1,0.10947488584474886,1.0,anomaly_detection,None,isolation_forest,raw,detection_latency,3.2459016393442623,3.2459016393442623,0.0,0.0,SUCCESS
E5_DT1_PD10_SEED456,1,0.1,0.10947488584474886,1.0,anomaly_detection,None,isolation_forest,raw,threshold,0.5031683371451802,0.5031683371451802,0.0,0.0,SUCCESS
E5_DT1_PD10_SEED456,1,0.1,0.10947488584474886,1.0,anomaly_detection,None,isolation_forest,residual,precision,0.04642313546423135,0.04642313546423135,0.0,0.0,SUCCESS
E5_DT1_PD10_SEED456,1,0.1,0.10947488584474886,1.0,anomaly_detection,None,isolation_forest,residual,recall,1.0,1.0,0.0,0.0,SUCCESS
E5_DT1_PD10_SEED456,1,0.1,0.10947488584474886,1.0,anomaly_detection,None,isolation_forest,residual,f1,0.08872727272727272,0.08872727272727272,0.0,0.0,SUCCESS
E5_DT1_PD10_SEED456,1,0.1,0.10947488584474886,1.0,anomaly_detection,None,isolation_forest,residual,false_positive_rate,1.0,1.0,0.0,0.0,SUCCESS
E5_DT1_PD10_SEED456,1,0.1,0.10947488584474886,1.0,anomaly_detection,None,isolation_forest,residual,pr_auc,0.07914033725067836,0.08723947003159264,-0.008099132780914287,0.09283794110603022,SUCCESS
E5_DT1_PD10_SEED456,1,0.1,0.10947488584474886,1.0,anomaly_detection,None,isolation_forest,residual,roc_auc,0.6711474428584512,0.6846846257506575,-0.01353718289220629,0.01977141355754079,SUCCESS
E5_DT1_PD10_SEED456,1,0.1,0.10947488584474886,1.0,anomaly_detection,None,isolation_forest,residual,detection_latency,0.0,0.0,0.0,0.0,SUCCESS
E5_DT1_PD10_SEED456,1,0.1,0.10947488584474886,1.0,anomaly_detection,None,isolation_forest,residual,threshold,0.29376565419608197,0.29376565419608197,0.0,0.0,SUCCESS
E5_DT1_PD10_SEED456,1,0.1,0.10947488584474886,1.0,anomaly_detection,None,lstm_autoencoder,raw,precision,0.49825783972125437,0.49825783972125437,0.0,0.0,SUCCESS
E5_DT1_PD10_SEED456,1,0.1,0.10947488584474886,1.0,anomaly_detection,None,lstm_autoencoder,raw,recall,0.5860655737704918,0.5860655737704918,0.0,0.0,SUCCESS
E5_DT1_PD10_SEED456,1,0.1,0.10947488584474886,1.0,anomaly_detection,None,lstm_autoencoder,raw,f1,0.5386064030131827,0.5386064030131827,0.0,0.0,SUCCESS
E5_DT1_PD10_SEED456,1,0.1,0.10947488584474886,1.0,anomaly_detection,None,lstm_autoencoder,raw,false_positive_rate,0.028731045490822026,0.028731045490822026,0.0,0.0,SUCCESS
E5_DT1_PD10_SEED456,1,0.1,0.10947488584474886,1.0,anomaly_detection,None,lstm_autoencoder,raw,pr_auc,0.561001698584242,0.561001698584242,0.0,0.0,SUCCESS
E5_DT1_PD10_SEED456,1,0.1,0.10947488584474886,1.0,anomaly_detection,None,lstm_autoencoder,raw,roc_auc,0.9493396177043946,0.9493396177043946,0.0,0.0,SUCCESS
E5_DT1_PD10_SEED456,1,0.1,0.10947488584474886,1.0,anomaly_detection,None,lstm_autoencoder,raw,detection_latency,1.3442622950819672,1.3442622950819672,0.0,0.0,SUCCESS
E5_DT1_PD10_SEED456,1,0.1,0.10947488584474886,1.0,anomaly_detection,None,lstm_autoencoder,raw,threshold,0.0007370078528765589,0.0007370078528765589,0.0,0.0,SUCCESS
E5_DT1_PD10_SEED456,1,0.1,0.10947488584474886,1.0,anomaly_detection,None,lstm_autoencoder,residual,precision,0.04642313546423135,0.04642313546423135,0.0,0.0,SUCCESS
E5_DT1_PD10_SEED456,1,0.1,0.10947488584474886,1.0,anomaly_detection,None,lstm_autoencoder,residual,recall,1.0,1.0,0.0,0.0,SUCCESS
E5_DT1_PD10_SEED456,1,0.1,0.10947488584474886,1.0,anomaly_detection,None,lstm_autoencoder,residual,f1,0.08872727272727272,0.08872727272727272,0.0,0.0,SUCCESS
E5_DT1_PD10_SEED456,1,0.1,0.10947488584474886,1.0,anomaly_detection,None,lstm_autoencoder,residual,false_positive_rate,1.0,1.0,0.0,0.0,SUCCESS
E5_DT1_PD10_SEED456,1,0.1,0.10947488584474886,1.0,anomaly_detection,None,lstm_autoencoder,residual,pr_auc,0.1267716712697022,0.13060323921976116,-0.003831567950058956,0.029337464927739813,SUCCESS
E5_DT1_PD10_SEED456,1,0.1,0.10947488584474886,1.0,anomaly_detection,None,lstm_autoencoder,residual,roc_auc,0.7339867923540879,0.7428769314301413,-0.008890139076053405,0.011967176122885727,SUCCESS
E5_DT1_PD10_SEED456,1,0.1,0.10947488584474886,1.0,anomaly_detection,None,lstm_autoencoder,residual,detection_latency,0.0,0.0,0.0,0.0,SUCCESS
E5_DT1_PD10_SEED456,1,0.1,0.10947488584474886,1.0,anomaly_detection,None,lstm_autoencoder,residual,threshold,0.0003816792741417885,0.0003816792741417885,0.0,0.0,SUCCESS
E5_DT1_PD20_SEED456,1,0.2,0.24788812785388128,1.0,load_estimation,persistence,None,raw,mae,0.49608647471784273,0.4492700455803849,0.046816429137457816,0.10420554318723495,SUCCESS
E5_DT1_PD20_SEED456,1,0.2,0.24788812785388128,1.0,load_estimation,persistence,None,raw,rmse,0.671492975544939,0.6122637034975102,0.05922927204742878,0.09673817296221551,SUCCESS
E5_DT1_PD20_SEED456,1,0.2,0.24788812785388128,1.0,load_estimation,persistence,None,raw,mape,15.55847908033301,14.318382192492015,1.2400968878409948,0.08660872933614329,SUCCESS
E5_DT1_PD20_SEED456,1,0.2,0.24788812785388128,1.0,load_estimation,persistence,None,raw,r2,0.9167424682601791,0.930782228617953,-0.014039760357773878,-0.01508382941369695,SUCCESS
E5_DT1_PD20_SEED456,1,0.2,0.24788812785388128,1.0,load_estimation,xgboost,None,raw,mae,0.28951035607804626,0.2750139962910154,0.014496359787030844,0.0527113528130802,SUCCESS
E5_DT1_PD20_SEED456,1,0.2,0.24788812785388128,1.0,load_estimation,xgboost,None,raw,rmse,0.43055961371368384,0.41181042399683077,0.018749189716853076,0.045528691417965096,SUCCESS
E5_DT1_PD20_SEED456,1,0.2,0.24788812785388128,1.0,load_estimation,xgboost,None,raw,mape,9.526777757360994,9.136281172616451,0.3904965847445432,0.042741305501296505,SUCCESS
E5_DT1_PD20_SEED456,1,0.2,0.24788812785388128,1.0,load_estimation,xgboost,None,raw,r2,0.9657699790151597,0.9686862373860586,-0.0029162583708989276,-0.003010529373028231,SUCCESS
E5_DT1_PD20_SEED456,1,0.2,0.24788812785388128,1.0,load_estimation,lstm,None,raw,mae,0.2838839410983785,0.2758453186169287,0.00803862248144982,0.029141775984290668,SUCCESS
E5_DT1_PD20_SEED456,1,0.2,0.24788812785388128,1.0,load_estimation,lstm,None,raw,rmse,0.4251460424393363,0.4183041673895866,0.006841875049749702,0.016356220145847932,SUCCESS
E5_DT1_PD20_SEED456,1,0.2,0.24788812785388128,1.0,load_estimation,lstm,None,raw,mape,9.056727670897633,8.868861318649634,0.1878663522479993,0.02118269138485116,SUCCESS
E5_DT1_PD20_SEED456,1,0.2,0.24788812785388128,1.0,load_estimation,lstm,None,raw,r2,0.9667162541037416,0.9677789047373695,-0.0010626506336278707,-0.0010980303749400769,SUCCESS
E5_DT1_PD20_SEED456,1,0.2,0.24788812785388128,1.0,anomaly_detection,None,isolation_forest,raw,precision,0.11646586345381527,0.11646586345381527,0.0,0.0,SUCCESS
E5_DT1_PD20_SEED456,1,0.2,0.24788812785388128,1.0,anomaly_detection,None,isolation_forest,raw,recall,0.11885245901639344,0.11885245901639344,0.0,0.0,SUCCESS
E5_DT1_PD20_SEED456,1,0.2,0.24788812785388128,1.0,anomaly_detection,None,isolation_forest,raw,f1,0.11764705882352941,0.11764705882352941,0.0,0.0,SUCCESS
E5_DT1_PD20_SEED456,1,0.2,0.24788812785388128,1.0,anomaly_detection,None,isolation_forest,raw,false_positive_rate,0.04389465283320032,0.04389465283320032,0.0,0.0,SUCCESS
E5_DT1_PD20_SEED456,1,0.2,0.24788812785388128,1.0,anomaly_detection,None,isolation_forest,raw,pr_auc,0.09385708598261007,0.09385708598261007,0.0,0.0,SUCCESS
E5_DT1_PD20_SEED456,1,0.2,0.24788812785388128,1.0,anomaly_detection,None,isolation_forest,raw,roc_auc,0.7138596875695052,0.7138596875695052,0.0,0.0,SUCCESS
E5_DT1_PD20_SEED456,1,0.2,0.24788812785388128,1.0,anomaly_detection,None,isolation_forest,raw,detection_latency,3.2459016393442623,3.2459016393442623,0.0,0.0,SUCCESS
E5_DT1_PD20_SEED456,1,0.2,0.24788812785388128,1.0,anomaly_detection,None,isolation_forest,raw,threshold,0.5031683371451802,0.5031683371451802,0.0,0.0,SUCCESS
E5_DT1_PD20_SEED456,1,0.2,0.24788812785388128,1.0,anomaly_detection,None,isolation_forest,residual,precision,0.04642313546423135,0.04642313546423135,0.0,0.0,SUCCESS
E5_DT1_PD20_SEED456,1,0.2,0.24788812785388128,1.0,anomaly_detection,None,isolation_forest,residual,recall,1.0,1.0,0.0,0.0,SUCCESS
E5_DT1_PD20_SEED456,1,0.2,0.24788812785388128,1.0,anomaly_detection,None,isolation_forest,residual,f1,0.08872727272727272,0.08872727272727272,0.0,0.0,SUCCESS
E5_DT1_PD20_SEED456,1,0.2,0.24788812785388128,1.0,anomaly_detection,None,isolation_forest,residual,false_positive_rate,1.0,1.0,0.0,0.0,SUCCESS
E5_DT1_PD20_SEED456,1,0.2,0.24788812785388128,1.0,anomaly_detection,None,isolation_forest,residual,pr_auc,0.07496195562619215,0.08723947003159264,-0.012277514405400494,0.14073348222948112,SUCCESS
E5_DT1_PD20_SEED456,1,0.2,0.24788812785388128,1.0,anomaly_detection,None,isolation_forest,residual,roc_auc,0.664759495244201,0.6846846257506575,-0.0199251305064565,0.02910117995509463,SUCCESS
E5_DT1_PD20_SEED456,1,0.2,0.24788812785388128,1.0,anomaly_detection,None,isolation_forest,residual,detection_latency,0.0,0.0,0.0,0.0,SUCCESS
E5_DT1_PD20_SEED456,1,0.2,0.24788812785388128,1.0,anomaly_detection,None,isolation_forest,residual,threshold,0.29376565419608197,0.29376565419608197,0.0,0.0,SUCCESS
E5_DT1_PD20_SEED456,1,0.2,0.24788812785388128,1.0,anomaly_detection,None,lstm_autoencoder,raw,precision,0.49825783972125437,0.49825783972125437,0.0,0.0,SUCCESS
E5_DT1_PD20_SEED456,1,0.2,0.24788812785388128,1.0,anomaly_detection,None,lstm_autoencoder,raw,recall,0.5860655737704918,0.5860655737704918,0.0,0.0,SUCCESS
E5_DT1_PD20_SEED456,1,0.2,0.24788812785388128,1.0,anomaly_detection,None,lstm_autoencoder,raw,f1,0.5386064030131827,0.5386064030131827,0.0,0.0,SUCCESS
E5_DT1_PD20_SEED456,1,0.2,0.24788812785388128,1.0,anomaly_detection,None,lstm_autoencoder,raw,false_positive_rate,0.028731045490822026,0.028731045490822026,0.0,0.0,SUCCESS
E5_DT1_PD20_SEED456,1,0.2,0.24788812785388128,1.0,anomaly_detection,None,lstm_autoencoder,raw,pr_auc,0.561001698584242,0.561001698584242,0.0,0.0,SUCCESS
E5_DT1_PD20_SEED456,1,0.2,0.24788812785388128,1.0,anomaly_detection,None,lstm_autoencoder,raw,roc_auc,0.9493396177043946,0.9493396177043946,0.0,0.0,SUCCESS
E5_DT1_PD20_SEED456,1,0.2,0.24788812785388128,1.0,anomaly_detection,None,lstm_autoencoder,raw,detection_latency,1.3442622950819672,1.3442622950819672,0.0,0.0,SUCCESS
E5_DT1_PD20_SEED456,1,0.2,0.24788812785388128,1.0,anomaly_detection,None,lstm_autoencoder,raw,threshold,0.0007370078528765589,0.0007370078528765589,0.0,0.0,SUCCESS
E5_DT1_PD20_SEED456,1,0.2,0.24788812785388128,1.0,anomaly_detection,None,lstm_autoencoder,residual,precision,0.04642313546423135,0.04642313546423135,0.0,0.0,SUCCESS
E5_DT1_PD20_SEED456,1,0.2,0.24788812785388128,1.0,anomaly_detection,None,lstm_autoencoder,residual,recall,1.0,1.0,0.0,0.0,SUCCESS
E5_DT1_PD20_SEED456,1,0.2,0.24788812785388128,1.0,anomaly_detection,None,lstm_autoencoder,residual,f1,0.08872727272727272,0.08872727272727272,0.0,0.0,SUCCESS
E5_DT1_PD20_SEED456,1,0.2,0.24788812785388128,1.0,anomaly_detection,None,lstm_autoencoder,residual,false_positive_rate,1.0,1.0,0.0,0.0,SUCCESS
E5_DT1_PD20_SEED456,1,0.2,0.24788812785388128,1.0,anomaly_detection,None,lstm_autoencoder,residual,pr_auc,0.1257191634219748,0.13060323921976116,-0.0048840757977863525,0.03739628379023664,SUCCESS
E5_DT1_PD20_SEED456,1,0.2,0.24788812785388128,1.0,anomaly_detection,None,lstm_autoencoder,residual,roc_auc,0.7291304148731569,0.7428769314301413,-0.013746516556984445,0.018504433204730816,SUCCESS
E5_DT1_PD20_SEED456,1,0.2,0.24788812785388128,1.0,anomaly_detection,None,lstm_autoencoder,residual,detection_latency,0.0,0.0,0.0,0.0,SUCCESS
E5_DT1_PD20_SEED456,1,0.2,0.24788812785388128,1.0,anomaly_detection,None,lstm_autoencoder,residual,threshold,0.0003816792741417885,0.0003816792741417885,0.0,0.0,SUCCESS
E5_DT5_PD00_SEED456,5,0.0,2.0,4.0,load_estimation,persistence,None,raw,mae,0.8492584834768347,0.4492700455803849,0.39998843789644983,0.890307381565421,SUCCESS
E5_DT5_PD00_SEED456,5,0.0,2.0,4.0,load_estimation,persistence,None,raw,rmse,1.1169896745561578,0.6122637034975102,0.5047259710586476,0.8243604319110189,SUCCESS
E5_DT5_PD00_SEED456,5,0.0,2.0,4.0,load_estimation,persistence,None,raw,mape,24.722051740497612,14.318382192492015,10.403669548005597,0.7265953239787707,SUCCESS
E5_DT5_PD00_SEED456,5,0.0,2.0,4.0,load_estimation,persistence,None,raw,r2,0.7696231154711715,0.930782228617953,-0.16115911314678155,-0.17314373673214017,SUCCESS
E5_DT5_PD00_SEED456,5,0.0,2.0,4.0,load_estimation,xgboost,None,raw,mae,0.5103229027768793,0.2750139962910154,0.2353089064858639,0.8556252032964307,SUCCESS
E5_DT5_PD00_SEED456,5,0.0,2.0,4.0,load_estimation,xgboost,None,raw,rmse,0.6964579505248926,0.41181042399683077,0.2846475265280618,0.6912101052843975,SUCCESS
E5_DT5_PD00_SEED456,5,0.0,2.0,4.0,load_estimation,xgboost,None,raw,mape,15.196099811584157,9.136281172616451,6.059818638967705,0.6632697182230319,SUCCESS
E5_DT5_PD00_SEED456,5,0.0,2.0,4.0,load_estimation,xgboost,None,raw,r2,0.9104366385741698,0.9686862373860586,-0.05824959881188885,-0.06013257602283261,SUCCESS
E5_DT5_PD00_SEED456,5,0.0,2.0,4.0,load_estimation,lstm,None,raw,mae,0.5400875061892789,0.2758453186169287,0.26424218757235024,0.9579360958425692,SUCCESS
E5_DT5_PD00_SEED456,5,0.0,2.0,4.0,load_estimation,lstm,None,raw,rmse,0.7060130912055712,0.4183041673895866,0.2877089238159846,0.6877983683773047,SUCCESS
E5_DT5_PD00_SEED456,5,0.0,2.0,4.0,load_estimation,lstm,None,raw,mape,15.194615312926699,8.868861318649634,6.325753994277065,0.7132543589305126,SUCCESS
E5_DT5_PD00_SEED456,5,0.0,2.0,4.0,load_estimation,lstm,None,raw,r2,0.908212947398893,0.9677789047373695,-0.05956595733847647,-0.06154913797655173,SUCCESS
E5_DT5_PD00_SEED456,5,0.0,2.0,4.0,anomaly_detection,None,isolation_forest,raw,precision,0.11646586345381527,0.11646586345381527,0.0,0.0,SUCCESS
E5_DT5_PD00_SEED456,5,0.0,2.0,4.0,anomaly_detection,None,isolation_forest,raw,recall,0.11885245901639344,0.11885245901639344,0.0,0.0,SUCCESS
E5_DT5_PD00_SEED456,5,0.0,2.0,4.0,anomaly_detection,None,isolation_forest,raw,f1,0.11764705882352941,0.11764705882352941,0.0,0.0,SUCCESS
E5_DT5_PD00_SEED456,5,0.0,2.0,4.0,anomaly_detection,None,isolation_forest,raw,false_positive_rate,0.04389465283320032,0.04389465283320032,0.0,0.0,SUCCESS
E5_DT5_PD00_SEED456,5,0.0,2.0,4.0,anomaly_detection,None,isolation_forest,raw,pr_auc,0.09385708598261007,0.09385708598261007,0.0,0.0,SUCCESS
E5_DT5_PD00_SEED456,5,0.0,2.0,4.0,anomaly_detection,None,isolation_forest,raw,roc_auc,0.7138596875695052,0.7138596875695052,0.0,0.0,SUCCESS
E5_DT5_PD00_SEED456,5,0.0,2.0,4.0,anomaly_detection,None,isolation_forest,raw,detection_latency,3.2459016393442623,3.2459016393442623,0.0,0.0,SUCCESS
E5_DT5_PD00_SEED456,5,0.0,2.0,4.0,anomaly_detection,None,isolation_forest,raw,threshold,0.5031683371451802,0.5031683371451802,0.0,0.0,SUCCESS
E5_DT5_PD00_SEED456,5,0.0,2.0,4.0,anomaly_detection,None,isolation_forest,residual,precision,0.04642313546423135,0.04642313546423135,0.0,0.0,SUCCESS
E5_DT5_PD00_SEED456,5,0.0,2.0,4.0,anomaly_detection,None,isolation_forest,residual,recall,1.0,1.0,0.0,0.0,SUCCESS
E5_DT5_PD00_SEED456,5,0.0,2.0,4.0,anomaly_detection,None,isolation_forest,residual,f1,0.08872727272727272,0.08872727272727272,0.0,0.0,SUCCESS
E5_DT5_PD00_SEED456,5,0.0,2.0,4.0,anomaly_detection,None,isolation_forest,residual,false_positive_rate,1.0,1.0,0.0,0.0,SUCCESS
E5_DT5_PD00_SEED456,5,0.0,2.0,4.0,anomaly_detection,None,isolation_forest,residual,pr_auc,0.05690004208937294,0.08723947003159264,-0.030339427942219707,0.34777180479469527,SUCCESS
E5_DT5_PD00_SEED456,5,0.0,2.0,4.0,anomaly_detection,None,isolation_forest,residual,roc_auc,0.5953122342443709,0.6846846257506575,-0.08937239150628662,0.1305307409353653,SUCCESS
E5_DT5_PD00_SEED456,5,0.0,2.0,4.0,anomaly_detection,None,isolation_forest,residual,detection_latency,0.0,0.0,0.0,0.0,SUCCESS
E5_DT5_PD00_SEED456,5,0.0,2.0,4.0,anomaly_detection,None,isolation_forest,residual,threshold,0.29376565419608197,0.29376565419608197,0.0,0.0,SUCCESS
E5_DT5_PD00_SEED456,5,0.0,2.0,4.0,anomaly_detection,None,lstm_autoencoder,raw,precision,0.49825783972125437,0.49825783972125437,0.0,0.0,SUCCESS
E5_DT5_PD00_SEED456,5,0.0,2.0,4.0,anomaly_detection,None,lstm_autoencoder,raw,recall,0.5860655737704918,0.5860655737704918,0.0,0.0,SUCCESS
E5_DT5_PD00_SEED456,5,0.0,2.0,4.0,anomaly_detection,None,lstm_autoencoder,raw,f1,0.5386064030131827,0.5386064030131827,0.0,0.0,SUCCESS
E5_DT5_PD00_SEED456,5,0.0,2.0,4.0,anomaly_detection,None,lstm_autoencoder,raw,false_positive_rate,0.028731045490822026,0.028731045490822026,0.0,0.0,SUCCESS
E5_DT5_PD00_SEED456,5,0.0,2.0,4.0,anomaly_detection,None,lstm_autoencoder,raw,pr_auc,0.561001698584242,0.561001698584242,0.0,0.0,SUCCESS
E5_DT5_PD00_SEED456,5,0.0,2.0,4.0,anomaly_detection,None,lstm_autoencoder,raw,roc_auc,0.9493396177043946,0.9493396177043946,0.0,0.0,SUCCESS
E5_DT5_PD00_SEED456,5,0.0,2.0,4.0,anomaly_detection,None,lstm_autoencoder,raw,detection_latency,1.3442622950819672,1.3442622950819672,0.0,0.0,SUCCESS
E5_DT5_PD00_SEED456,5,0.0,2.0,4.0,anomaly_detection,None,lstm_autoencoder,raw,threshold,0.0007370078528765589,0.0007370078528765589,0.0,0.0,SUCCESS
E5_DT5_PD00_SEED456,5,0.0,2.0,4.0,anomaly_detection,None,lstm_autoencoder,residual,precision,0.04642313546423135,0.04642313546423135,0.0,0.0,SUCCESS
E5_DT5_PD00_SEED456,5,0.0,2.0,4.0,anomaly_detection,None,lstm_autoencoder,residual,recall,1.0,1.0,0.0,0.0,SUCCESS
E5_DT5_PD00_SEED456,5,0.0,2.0,4.0,anomaly_detection,None,lstm_autoencoder,residual,f1,0.08872727272727272,0.08872727272727272,0.0,0.0,SUCCESS
E5_DT5_PD00_SEED456,5,0.0,2.0,4.0,anomaly_detection,None,lstm_autoencoder,residual,false_positive_rate,1.0,1.0,0.0,0.0,SUCCESS
E5_DT5_PD00_SEED456,5,0.0,2.0,4.0,anomaly_detection,None,lstm_autoencoder,residual,pr_auc,0.10850843460127596,0.13060323921976116,-0.022094804618485203,0.16917501243064198,SUCCESS
E5_DT5_PD00_SEED456,5,0.0,2.0,4.0,anomaly_detection,None,lstm_autoencoder,residual,roc_auc,0.68359870736462,0.7428769314301413,-0.0592782240655213,0.07979548368987913,SUCCESS
E5_DT5_PD00_SEED456,5,0.0,2.0,4.0,anomaly_detection,None,lstm_autoencoder,residual,detection_latency,0.0,0.0,0.0,0.0,SUCCESS
E5_DT5_PD00_SEED456,5,0.0,2.0,4.0,anomaly_detection,None,lstm_autoencoder,residual,threshold,0.0003816792741417885,0.0003816792741417885,0.0,0.0,SUCCESS
E5_DT5_PD05_SEED456,5,0.05,2.031563926940639,4.0,load_estimation,persistence,None,raw,mae,0.8802369426102399,0.4492700455803849,0.43096689702985497,0.9592602517559674,SUCCESS
E5_DT5_PD05_SEED456,5,0.05,2.031563926940639,4.0,load_estimation,persistence,None,raw,rmse,1.1543115208106478,0.6122637034975102,0.5420478173131376,0.8853175751179275,SUCCESS
E5_DT5_PD05_SEED456,5,0.05,2.031563926940639,4.0,load_estimation,persistence,None,raw,mape,25.755437357496376,14.318382192492015,11.437055165004361,0.7987672777027487,SUCCESS
E5_DT5_PD05_SEED456,5,0.05,2.031563926940639,4.0,load_estimation,persistence,None,raw,r2,0.7539708057561416,0.930782228617953,-0.1768114228618114,-0.1899600329975628,SUCCESS
E5_DT5_PD05_SEED456,5,0.05,2.031563926940639,4.0,load_estimation,xgboost,None,raw,mae,0.5290534657339708,0.2750139962910154,0.2540394694429554,0.9237328749411535,SUCCESS
E5_DT5_PD05_SEED456,5,0.05,2.031563926940639,4.0,load_estimation,xgboost,None,raw,rmse,0.7207296865242878,0.41181042399683077,0.30891926252745705,0.7501492058633136,SUCCESS
E5_DT5_PD05_SEED456,5,0.05,2.031563926940639,4.0,load_estimation,xgboost,None,raw,mape,15.71938732444758,9.136281172616451,6.583106151831128,0.7205454853515477,SUCCESS
E5_DT5_PD05_SEED456,5,0.05,2.031563926940639,4.0,load_estimation,xgboost,None,raw,r2,0.9040852486082399,0.9686862373860586,-0.06460098877781872,-0.06668928109491944,SUCCESS
E5_DT5_PD05_SEED456,5,0.05,2.031563926940639,4.0,load_estimation,lstm,None,raw,mae,0.5675394240059862,0.2758453186169287,0.29169410538905755,1.05745534073804,SUCCESS
E5_DT5_PD05_SEED456,5,0.05,2.031563926940639,4.0,load_estimation,lstm,None,raw,rmse,0.736602666512047,0.4183041673895866,0.3182984991224604,0.7609259575604798,SUCCESS
E5_DT5_PD05_SEED456,5,0.05,2.031563926940639,4.0,load_estimation,lstm,None,raw,mape,15.860308473956886,8.868861318649634,6.991447155307252,0.788313956449571,SUCCESS
E5_DT5_PD05_SEED456,5,0.05,2.031563926940639,4.0,load_estimation,lstm,None,raw,r2,0.9000868871971783,0.9677789047373695,-0.06769201754019116,-0.06994574608811198,SUCCESS
E5_DT5_PD05_SEED456,5,0.05,2.031563926940639,4.0,anomaly_detection,None,isolation_forest,raw,precision,0.11646586345381527,0.11646586345381527,0.0,0.0,SUCCESS
E5_DT5_PD05_SEED456,5,0.05,2.031563926940639,4.0,anomaly_detection,None,isolation_forest,raw,recall,0.11885245901639344,0.11885245901639344,0.0,0.0,SUCCESS
E5_DT5_PD05_SEED456,5,0.05,2.031563926940639,4.0,anomaly_detection,None,isolation_forest,raw,f1,0.11764705882352941,0.11764705882352941,0.0,0.0,SUCCESS
E5_DT5_PD05_SEED456,5,0.05,2.031563926940639,4.0,anomaly_detection,None,isolation_forest,raw,false_positive_rate,0.04389465283320032,0.04389465283320032,0.0,0.0,SUCCESS
E5_DT5_PD05_SEED456,5,0.05,2.031563926940639,4.0,anomaly_detection,None,isolation_forest,raw,pr_auc,0.09385708598261007,0.09385708598261007,0.0,0.0,SUCCESS
E5_DT5_PD05_SEED456,5,0.05,2.031563926940639,4.0,anomaly_detection,None,isolation_forest,raw,roc_auc,0.7138596875695052,0.7138596875695052,0.0,0.0,SUCCESS
E5_DT5_PD05_SEED456,5,0.05,2.031563926940639,4.0,anomaly_detection,None,isolation_forest,raw,detection_latency,3.2459016393442623,3.2459016393442623,0.0,0.0,SUCCESS
E5_DT5_PD05_SEED456,5,0.05,2.031563926940639,4.0,anomaly_detection,None,isolation_forest,raw,threshold,0.5031683371451802,0.5031683371451802,0.0,0.0,SUCCESS
E5_DT5_PD05_SEED456,5,0.05,2.031563926940639,4.0,anomaly_detection,None,isolation_forest,residual,precision,0.04642313546423135,0.04642313546423135,0.0,0.0,SUCCESS
E5_DT5_PD05_SEED456,5,0.05,2.031563926940639,4.0,anomaly_detection,None,isolation_forest,residual,recall,1.0,1.0,0.0,0.0,SUCCESS
E5_DT5_PD05_SEED456,5,0.05,2.031563926940639,4.0,anomaly_detection,None,isolation_forest,residual,f1,0.08872727272727272,0.08872727272727272,0.0,0.0,SUCCESS
E5_DT5_PD05_SEED456,5,0.05,2.031563926940639,4.0,anomaly_detection,None,isolation_forest,residual,false_positive_rate,1.0,1.0,0.0,0.0,SUCCESS
E5_DT5_PD05_SEED456,5,0.05,2.031563926940639,4.0,anomaly_detection,None,isolation_forest,residual,pr_auc,0.06478806509048646,0.08723947003159264,-0.022451404941106187,0.2573537520685958,SUCCESS
E5_DT5_PD05_SEED456,5,0.05,2.031563926940639,4.0,anomaly_detection,None,isolation_forest,residual,roc_auc,0.6486681963288109,0.6846846257506575,-0.036016429421846574,0.052602947499163985,SUCCESS
E5_DT5_PD05_SEED456,5,0.05,2.031563926940639,4.0,anomaly_detection,None,isolation_forest,residual,detection_latency,0.0,0.0,0.0,0.0,SUCCESS
E5_DT5_PD05_SEED456,5,0.05,2.031563926940639,4.0,anomaly_detection,None,isolation_forest,residual,threshold,0.29376565419608197,0.29376565419608197,0.0,0.0,SUCCESS
E5_DT5_PD05_SEED456,5,0.05,2.031563926940639,4.0,anomaly_detection,None,lstm_autoencoder,raw,precision,0.49825783972125437,0.49825783972125437,0.0,0.0,SUCCESS
E5_DT5_PD05_SEED456,5,0.05,2.031563926940639,4.0,anomaly_detection,None,lstm_autoencoder,raw,recall,0.5860655737704918,0.5860655737704918,0.0,0.0,SUCCESS
E5_DT5_PD05_SEED456,5,0.05,2.031563926940639,4.0,anomaly_detection,None,lstm_autoencoder,raw,f1,0.5386064030131827,0.5386064030131827,0.0,0.0,SUCCESS
E5_DT5_PD05_SEED456,5,0.05,2.031563926940639,4.0,anomaly_detection,None,lstm_autoencoder,raw,false_positive_rate,0.028731045490822026,0.028731045490822026,0.0,0.0,SUCCESS
E5_DT5_PD05_SEED456,5,0.05,2.031563926940639,4.0,anomaly_detection,None,lstm_autoencoder,raw,pr_auc,0.561001698584242,0.561001698584242,0.0,0.0,SUCCESS
E5_DT5_PD05_SEED456,5,0.05,2.031563926940639,4.0,anomaly_detection,None,lstm_autoencoder,raw,roc_auc,0.9493396177043946,0.9493396177043946,0.0,0.0,SUCCESS
E5_DT5_PD05_SEED456,5,0.05,2.031563926940639,4.0,anomaly_detection,None,lstm_autoencoder,raw,detection_latency,1.3442622950819672,1.3442622950819672,0.0,0.0,SUCCESS
E5_DT5_PD05_SEED456,5,0.05,2.031563926940639,4.0,anomaly_detection,None,lstm_autoencoder,raw,threshold,0.0007370078528765589,0.0007370078528765589,0.0,0.0,SUCCESS
E5_DT5_PD05_SEED456,5,0.05,2.031563926940639,4.0,anomaly_detection,None,lstm_autoencoder,residual,precision,0.04642313546423135,0.04642313546423135,0.0,0.0,SUCCESS
E5_DT5_PD05_SEED456,5,0.05,2.031563926940639,4.0,anomaly_detection,None,lstm_autoencoder,residual,recall,1.0,1.0,0.0,0.0,SUCCESS
E5_DT5_PD05_SEED456,5,0.05,2.031563926940639,4.0,anomaly_detection,None,lstm_autoencoder,residual,f1,0.08872727272727272,0.08872727272727272,0.0,0.0,SUCCESS
E5_DT5_PD05_SEED456,5,0.05,2.031563926940639,4.0,anomaly_detection,None,lstm_autoencoder,residual,false_positive_rate,1.0,1.0,0.0,0.0,SUCCESS
E5_DT5_PD05_SEED456,5,0.05,2.031563926940639,4.0,anomaly_detection,None,lstm_autoencoder,residual,pr_auc,0.12258913743397182,0.13060323921976116,-0.008014101785789346,0.06136219770402722,SUCCESS
E5_DT5_PD05_SEED456,5,0.05,2.031563926940639,4.0,anomaly_detection,None,lstm_autoencoder,residual,roc_auc,0.7096149568903484,0.7428769314301413,-0.03326197453979296,0.04477454223239782,SUCCESS
E5_DT5_PD05_SEED456,5,0.05,2.031563926940639,4.0,anomaly_detection,None,lstm_autoencoder,residual,detection_latency,0.0,0.0,0.0,0.0,SUCCESS
E5_DT5_PD05_SEED456,5,0.05,2.031563926940639,4.0,anomaly_detection,None,lstm_autoencoder,residual,threshold,0.0003816792741417885,0.0003816792741417885,0.0,0.0,SUCCESS
E5_DT5_PD10_SEED456,5,0.1,2.064497716894977,4.0,load_estimation,persistence,None,raw,mae,0.8662942506180143,0.4492700455803849,0.41702420503762944,0.9282261507083139,SUCCESS
E5_DT5_PD10_SEED456,5,0.1,2.064497716894977,4.0,load_estimation,persistence,None,raw,rmse,1.1435490168388038,0.6122637034975102,0.5312853133412936,0.8677393585580303,SUCCESS
E5_DT5_PD10_SEED456,5,0.1,2.064497716894977,4.0,load_estimation,persistence,None,raw,mape,25.089766832188804,14.318382192492015,10.77138463969679,0.7522766535275802,SUCCESS
E5_DT5_PD10_SEED456,5,0.1,2.064497716894977,4.0,load_estimation,persistence,None,raw,r2,0.7585372438604941,0.930782228617953,-0.17224498475745886,-0.18505401098301177,SUCCESS
E5_DT5_PD10_SEED456,5,0.1,2.064497716894977,4.0,load_estimation,xgboost,None,raw,mae,0.5226963058998596,0.2750139962910154,0.2476823096088442,0.9006171065808255,SUCCESS
E5_DT5_PD10_SEED456,5,0.1,2.064497716894977,4.0,load_estimation,xgboost,None,raw,rmse,0.7232519179982683,0.41181042399683077,0.3114414940014375,0.7562739451292625,SUCCESS
E5_DT5_PD10_SEED456,5,0.1,2.064497716894977,4.0,load_estimation,xgboost,None,raw,mape,15.334301323200322,9.136281172616451,6.19802015058387,0.6783963883643129,SUCCESS
E5_DT5_PD10_SEED456,5,0.1,2.064497716894977,4.0,load_estimation,xgboost,None,raw,r2,0.9034127565108396,0.9686862373860586,-0.065273480875219,-0.067383512179708,SUCCESS
E5_DT5_PD10_SEED456,5,0.1,2.064497716894977,4.0,load_estimation,lstm,None,raw,mae,0.557075220131177,0.2758453186169287,0.28122990151424837,1.0195202982755613,SUCCESS
E5_DT5_PD10_SEED456,5,0.1,2.064497716894977,4.0,load_estimation,lstm,None,raw,rmse,0.7293585184295812,0.4183041673895866,0.3110543510399946,0.7436080615240318,SUCCESS
E5_DT5_PD10_SEED456,5,0.1,2.064497716894977,4.0,load_estimation,lstm,None,raw,mape,15.629959768731238,8.868861318649634,6.7610984500816045,0.7623412078689539,SUCCESS
E5_DT5_PD10_SEED456,5,0.1,2.064497716894977,4.0,load_estimation,lstm,None,raw,r2,0.9020424227097674,0.9677789047373695,-0.06573648202760207,-0.06792510325014914,SUCCESS
E5_DT5_PD10_SEED456,5,0.1,2.064497716894977,4.0,anomaly_detection,None,isolation_forest,raw,precision,0.11646586345381527,0.11646586345381527,0.0,0.0,SUCCESS
E5_DT5_PD10_SEED456,5,0.1,2.064497716894977,4.0,anomaly_detection,None,isolation_forest,raw,recall,0.11885245901639344,0.11885245901639344,0.0,0.0,SUCCESS
E5_DT5_PD10_SEED456,5,0.1,2.064497716894977,4.0,anomaly_detection,None,isolation_forest,raw,f1,0.11764705882352941,0.11764705882352941,0.0,0.0,SUCCESS
E5_DT5_PD10_SEED456,5,0.1,2.064497716894977,4.0,anomaly_detection,None,isolation_forest,raw,false_positive_rate,0.04389465283320032,0.04389465283320032,0.0,0.0,SUCCESS
E5_DT5_PD10_SEED456,5,0.1,2.064497716894977,4.0,anomaly_detection,None,isolation_forest,raw,pr_auc,0.09385708598261007,0.09385708598261007,0.0,0.0,SUCCESS
E5_DT5_PD10_SEED456,5,0.1,2.064497716894977,4.0,anomaly_detection,None,isolation_forest,raw,roc_auc,0.7138596875695052,0.7138596875695052,0.0,0.0,SUCCESS
E5_DT5_PD10_SEED456,5,0.1,2.064497716894977,4.0,anomaly_detection,None,isolation_forest,raw,detection_latency,3.2459016393442623,3.2459016393442623,0.0,0.0,SUCCESS
E5_DT5_PD10_SEED456,5,0.1,2.064497716894977,4.0,anomaly_detection,None,isolation_forest,raw,threshold,0.5031683371451802,0.5031683371451802,0.0,0.0,SUCCESS
E5_DT5_PD10_SEED456,5,0.1,2.064497716894977,4.0,anomaly_detection,None,isolation_forest,residual,precision,0.04642313546423135,0.04642313546423135,0.0,0.0,SUCCESS
E5_DT5_PD10_SEED456,5,0.1,2.064497716894977,4.0,anomaly_detection,None,isolation_forest,residual,recall,1.0,1.0,0.0,0.0,SUCCESS
E5_DT5_PD10_SEED456,5,0.1,2.064497716894977,4.0,anomaly_detection,None,isolation_forest,residual,f1,0.08872727272727272,0.08872727272727272,0.0,0.0,SUCCESS
E5_DT5_PD10_SEED456,5,0.1,2.064497716894977,4.0,anomaly_detection,None,isolation_forest,residual,false_positive_rate,1.0,1.0,0.0,0.0,SUCCESS
E5_DT5_PD10_SEED456,5,0.1,2.064497716894977,4.0,anomaly_detection,None,isolation_forest,residual,pr_auc,0.06310462302013166,0.08723947003159264,-0.024134847011460986,0.27665054593661403,SUCCESS
E5_DT5_PD10_SEED456,5,0.1,2.064497716894977,4.0,anomaly_detection,None,isolation_forest,residual,roc_auc,0.6355909751023773,0.6846846257506575,-0.049093650648280196,0.07170257488176564,SUCCESS
E5_DT5_PD10_SEED456,5,0.1,2.064497716894977,4.0,anomaly_detection,None,isolation_forest,residual,detection_latency,0.0,0.0,0.0,0.0,SUCCESS
E5_DT5_PD10_SEED456,5,0.1,2.064497716894977,4.0,anomaly_detection,None,isolation_forest,residual,threshold,0.29376565419608197,0.29376565419608197,0.0,0.0,SUCCESS
E5_DT5_PD10_SEED456,5,0.1,2.064497716894977,4.0,anomaly_detection,None,lstm_autoencoder,raw,precision,0.49825783972125437,0.49825783972125437,0.0,0.0,SUCCESS
E5_DT5_PD10_SEED456,5,0.1,2.064497716894977,4.0,anomaly_detection,None,lstm_autoencoder,raw,recall,0.5860655737704918,0.5860655737704918,0.0,0.0,SUCCESS
E5_DT5_PD10_SEED456,5,0.1,2.064497716894977,4.0,anomaly_detection,None,lstm_autoencoder,raw,f1,0.5386064030131827,0.5386064030131827,0.0,0.0,SUCCESS
E5_DT5_PD10_SEED456,5,0.1,2.064497716894977,4.0,anomaly_detection,None,lstm_autoencoder,raw,false_positive_rate,0.028731045490822026,0.028731045490822026,0.0,0.0,SUCCESS
E5_DT5_PD10_SEED456,5,0.1,2.064497716894977,4.0,anomaly_detection,None,lstm_autoencoder,raw,pr_auc,0.561001698584242,0.561001698584242,0.0,0.0,SUCCESS
E5_DT5_PD10_SEED456,5,0.1,2.064497716894977,4.0,anomaly_detection,None,lstm_autoencoder,raw,roc_auc,0.9493396177043946,0.9493396177043946,0.0,0.0,SUCCESS
E5_DT5_PD10_SEED456,5,0.1,2.064497716894977,4.0,anomaly_detection,None,lstm_autoencoder,raw,detection_latency,1.3442622950819672,1.3442622950819672,0.0,0.0,SUCCESS
E5_DT5_PD10_SEED456,5,0.1,2.064497716894977,4.0,anomaly_detection,None,lstm_autoencoder,raw,threshold,0.0007370078528765589,0.0007370078528765589,0.0,0.0,SUCCESS
E5_DT5_PD10_SEED456,5,0.1,2.064497716894977,4.0,anomaly_detection,None,lstm_autoencoder,residual,precision,0.04642313546423135,0.04642313546423135,0.0,0.0,SUCCESS
E5_DT5_PD10_SEED456,5,0.1,2.064497716894977,4.0,anomaly_detection,None,lstm_autoencoder,residual,recall,1.0,1.0,0.0,0.0,SUCCESS
E5_DT5_PD10_SEED456,5,0.1,2.064497716894977,4.0,anomaly_detection,None,lstm_autoencoder,residual,f1,0.08872727272727272,0.08872727272727272,0.0,0.0,SUCCESS
E5_DT5_PD10_SEED456,5,0.1,2.064497716894977,4.0,anomaly_detection,None,lstm_autoencoder,residual,false_positive_rate,1.0,1.0,0.0,0.0,SUCCESS
E5_DT5_PD10_SEED456,5,0.1,2.064497716894977,4.0,anomaly_detection,None,lstm_autoencoder,residual,pr_auc,0.15072130853811347,0.13060323921976116,0.020118069318352305,-0.15403958920574998,SUCCESS
E5_DT5_PD10_SEED456,5,0.1,2.064497716894977,4.0,anomaly_detection,None,lstm_autoencoder,residual,roc_auc,0.7102748485601769,0.7428769314301413,-0.032602082869964466,0.0438862501857487,SUCCESS
E5_DT5_PD10_SEED456,5,0.1,2.064497716894977,4.0,anomaly_detection,None,lstm_autoencoder,residual,detection_latency,0.0,0.0,0.0,0.0,SUCCESS
E5_DT5_PD10_SEED456,5,0.1,2.064497716894977,4.0,anomaly_detection,None,lstm_autoencoder,residual,threshold,0.0003816792741417885,0.0003816792741417885,0.0,0.0,SUCCESS
E5_DT5_PD20_SEED456,5,0.2,2.147859589041096,4.0,load_estimation,persistence,None,raw,mae,0.8677450742805022,0.4492700455803849,0.41847502870011727,0.9314554415919597,SUCCESS
E5_DT5_PD20_SEED456,5,0.2,2.147859589041096,4.0,load_estimation,persistence,None,raw,rmse,1.1485056304565437,0.6122637034975102,0.5362419269590335,0.8758349121396417,SUCCESS
E5_DT5_PD20_SEED456,5,0.2,2.147859589041096,4.0,load_estimation,persistence,None,raw,mape,25.124834721538907,14.318382192492015,10.806452529046892,0.7547258051760458,SUCCESS
E5_DT5_PD20_SEED456,5,0.2,2.147859589041096,4.0,load_estimation,persistence,None,raw,r2,0.756439508893764,0.930782228617953,-0.17434271972418902,-0.18730774435074585,SUCCESS
E5_DT5_PD20_SEED456,5,0.2,2.147859589041096,4.0,load_estimation,xgboost,None,raw,mae,0.5378995874338135,0.2750139962910154,0.2628855911427981,0.9558989531013423,SUCCESS
E5_DT5_PD20_SEED456,5,0.2,2.147859589041096,4.0,load_estimation,xgboost,None,raw,rmse,0.7447289726552488,0.41181042399683077,0.3329185486584181,0.8084267159322324,SUCCESS
E5_DT5_PD20_SEED456,5,0.2,2.147859589041096,4.0,load_estimation,xgboost,None,raw,mape,15.74761338514859,9.136281172616451,6.6113322125321385,0.7236349328157534,SUCCESS
E5_DT5_PD20_SEED456,5,0.2,2.147859589041096,4.0,load_estimation,xgboost,None,raw,r2,0.8975912456985657,0.9686862373860586,-0.07109499168749289,-0.07339320921843427,SUCCESS
E5_DT5_PD20_SEED456,5,0.2,2.147859589041096,4.0,load_estimation,lstm,None,raw,mae,0.5645646846661165,0.2758453186169287,0.28871936604918785,1.0466712558212292,SUCCESS
E5_DT5_PD20_SEED456,5,0.2,2.147859589041096,4.0,load_estimation,lstm,None,raw,rmse,0.7372349784489904,0.4183041673895866,0.31893081105940385,0.7624375655869773,SUCCESS
E5_DT5_PD20_SEED456,5,0.2,2.147859589041096,4.0,load_estimation,lstm,None,raw,mape,15.843942357613908,8.868861318649634,6.975081038964275,0.7864686106092248,SUCCESS
E5_DT5_PD20_SEED456,5,0.2,2.147859589041096,4.0,load_estimation,lstm,None,raw,r2,0.8999152794294428,0.9677789047373695,-0.06786362530792667,-0.07012306734082319,SUCCESS
E5_DT5_PD20_SEED456,5,0.2,2.147859589041096,4.0,anomaly_detection,None,isolation_forest,raw,precision,0.11646586345381527,0.11646586345381527,0.0,0.0,SUCCESS
E5_DT5_PD20_SEED456,5,0.2,2.147859589041096,4.0,anomaly_detection,None,isolation_forest,raw,recall,0.11885245901639344,0.11885245901639344,0.0,0.0,SUCCESS
E5_DT5_PD20_SEED456,5,0.2,2.147859589041096,4.0,anomaly_detection,None,isolation_forest,raw,f1,0.11764705882352941,0.11764705882352941,0.0,0.0,SUCCESS
E5_DT5_PD20_SEED456,5,0.2,2.147859589041096,4.0,anomaly_detection,None,isolation_forest,raw,false_positive_rate,0.04389465283320032,0.04389465283320032,0.0,0.0,SUCCESS
E5_DT5_PD20_SEED456,5,0.2,2.147859589041096,4.0,anomaly_detection,None,isolation_forest,raw,pr_auc,0.09385708598261007,0.09385708598261007,0.0,0.0,SUCCESS
E5_DT5_PD20_SEED456,5,0.2,2.147859589041096,4.0,anomaly_detection,None,isolation_forest,raw,roc_auc,0.7138596875695052,0.7138596875695052,0.0,0.0,SUCCESS
E5_DT5_PD20_SEED456,5,0.2,2.147859589041096,4.0,anomaly_detection,None,isolation_forest,raw,detection_latency,3.2459016393442623,3.2459016393442623,0.0,0.0,SUCCESS
E5_DT5_PD20_SEED456,5,0.2,2.147859589041096,4.0,anomaly_detection,None,isolation_forest,raw,threshold,0.5031683371451802,0.5031683371451802,0.0,0.0,SUCCESS
E5_DT5_PD20_SEED456,5,0.2,2.147859589041096,4.0,anomaly_detection,None,isolation_forest,residual,precision,0.04642313546423135,0.04642313546423135,0.0,0.0,SUCCESS
E5_DT5_PD20_SEED456,5,0.2,2.147859589041096,4.0,anomaly_detection,None,isolation_forest,residual,recall,1.0,1.0,0.0,0.0,SUCCESS
E5_DT5_PD20_SEED456,5,0.2,2.147859589041096,4.0,anomaly_detection,None,isolation_forest,residual,f1,0.08872727272727272,0.08872727272727272,0.0,0.0,SUCCESS
E5_DT5_PD20_SEED456,5,0.2,2.147859589041096,4.0,anomaly_detection,None,isolation_forest,residual,false_positive_rate,1.0,1.0,0.0,0.0,SUCCESS
E5_DT5_PD20_SEED456,5,0.2,2.147859589041096,4.0,anomaly_detection,None,isolation_forest,residual,pr_auc,0.06610084553936502,0.08723947003159264,-0.02113862449222763,0.2423057417081116,SUCCESS
E5_DT5_PD20_SEED456,5,0.2,2.147859589041096,4.0,anomaly_detection,None,isolation_forest,residual,roc_auc,0.6307047512200228,0.6846846257506575,-0.053979874530634686,0.07883903406105194,SUCCESS
E5_DT5_PD20_SEED456,5,0.2,2.147859589041096,4.0,anomaly_detection,None,isolation_forest,residual,detection_latency,0.0,0.0,0.0,0.0,SUCCESS
E5_DT5_PD20_SEED456,5,0.2,2.147859589041096,4.0,anomaly_detection,None,isolation_forest,residual,threshold,0.29376565419608197,0.29376565419608197,0.0,0.0,SUCCESS
E5_DT5_PD20_SEED456,5,0.2,2.147859589041096,4.0,anomaly_detection,None,lstm_autoencoder,raw,precision,0.49825783972125437,0.49825783972125437,0.0,0.0,SUCCESS
E5_DT5_PD20_SEED456,5,0.2,2.147859589041096,4.0,anomaly_detection,None,lstm_autoencoder,raw,recall,0.5860655737704918,0.5860655737704918,0.0,0.0,SUCCESS
E5_DT5_PD20_SEED456,5,0.2,2.147859589041096,4.0,anomaly_detection,None,lstm_autoencoder,raw,f1,0.5386064030131827,0.5386064030131827,0.0,0.0,SUCCESS
E5_DT5_PD20_SEED456,5,0.2,2.147859589041096,4.0,anomaly_detection,None,lstm_autoencoder,raw,false_positive_rate,0.028731045490822026,0.028731045490822026,0.0,0.0,SUCCESS
E5_DT5_PD20_SEED456,5,0.2,2.147859589041096,4.0,anomaly_detection,None,lstm_autoencoder,raw,pr_auc,0.561001698584242,0.561001698584242,0.0,0.0,SUCCESS
E5_DT5_PD20_SEED456,5,0.2,2.147859589041096,4.0,anomaly_detection,None,lstm_autoencoder,raw,roc_auc,0.9493396177043946,0.9493396177043946,0.0,0.0,SUCCESS
E5_DT5_PD20_SEED456,5,0.2,2.147859589041096,4.0,anomaly_detection,None,lstm_autoencoder,raw,detection_latency,1.3442622950819672,1.3442622950819672,0.0,0.0,SUCCESS
E5_DT5_PD20_SEED456,5,0.2,2.147859589041096,4.0,anomaly_detection,None,lstm_autoencoder,raw,threshold,0.0007370078528765589,0.0007370078528765589,0.0,0.0,SUCCESS
E5_DT5_PD20_SEED456,5,0.2,2.147859589041096,4.0,anomaly_detection,None,lstm_autoencoder,residual,precision,0.04642313546423135,0.04642313546423135,0.0,0.0,SUCCESS
E5_DT5_PD20_SEED456,5,0.2,2.147859589041096,4.0,anomaly_detection,None,lstm_autoencoder,residual,recall,1.0,1.0,0.0,0.0,SUCCESS
E5_DT5_PD20_SEED456,5,0.2,2.147859589041096,4.0,anomaly_detection,None,lstm_autoencoder,residual,f1,0.08872727272727272,0.08872727272727272,0.0,0.0,SUCCESS
E5_DT5_PD20_SEED456,5,0.2,2.147859589041096,4.0,anomaly_detection,None,lstm_autoencoder,residual,false_positive_rate,1.0,1.0,0.0,0.0,SUCCESS
E5_DT5_PD20_SEED456,5,0.2,2.147859589041096,4.0,anomaly_detection,None,lstm_autoencoder,residual,pr_auc,0.12727106712946354,0.13060323921976116,-0.003332172090297625,0.02551370172902606,SUCCESS
E5_DT5_PD20_SEED456,5,0.2,2.147859589041096,4.0,anomaly_detection,None,lstm_autoencoder,residual,roc_auc,0.701885147776484,0.7428769314301413,-0.0409917836536573,0.05517977732158464,SUCCESS
E5_DT5_PD20_SEED456,5,0.2,2.147859589041096,4.0,anomaly_detection,None,lstm_autoencoder,residual,detection_latency,0.0,0.0,0.0,0.0,SUCCESS
E5_DT5_PD20_SEED456,5,0.2,2.147859589041096,4.0,anomaly_detection,None,lstm_autoencoder,residual,threshold,0.0003816792741417885,0.0003816792741417885,0.0,0.0,SUCCESS
E5_DT15_PD00_SEED456,15,0.0,7.0,14.0,load_estimation,persistence,None,raw,mae,1.8306658775340114,0.4492700455803849,1.3813958319536266,3.0747561417523053,SUCCESS
E5_DT15_PD00_SEED456,15,0.0,7.0,14.0,load_estimation,persistence,None,raw,rmse,2.428396645705282,0.6122637034975102,1.8161329422077717,2.9662593615026487,SUCCESS
E5_DT15_PD00_SEED456,15,0.0,7.0,14.0,load_estimation,persistence,None,raw,mape,57.15761775452841,14.318382192492015,42.83923556203639,2.991904740781369,SUCCESS
E5_DT15_PD00_SEED456,15,0.0,7.0,14.0,load_estimation,persistence,None,raw,r2,-0.08887952733337312,0.930782228617953,-1.0196617559513261,-1.0954890677976776,SUCCESS
E5_DT15_PD00_SEED456,15,0.0,7.0,14.0,load_estimation,xgboost,None,raw,mae,1.4108594477947807,0.2750139962910154,1.1358454515037653,4.13013689056695,SUCCESS
E5_DT15_PD00_SEED456,15,0.0,7.0,14.0,load_estimation,xgboost,None,raw,rmse,1.8808787544819987,0.41181042399683077,1.469068330485168,3.5673412931783233,SUCCESS
E5_DT15_PD00_SEED456,15,0.0,7.0,14.0,load_estimation,xgboost,None,raw,mape,43.73870542108743,9.136281172616451,34.60242424847098,3.7873642015508953,SUCCESS
E5_DT15_PD00_SEED456,15,0.0,7.0,14.0,load_estimation,xgboost,None,raw,r2,0.3467759204402787,0.9686862373860586,-0.6219103169457799,-0.6420141971088259,SUCCESS
E5_DT15_PD00_SEED456,15,0.0,7.0,14.0,load_estimation,lstm,None,raw,mae,1.5292086316503624,0.2758453186169287,1.2533633130334336,4.543717904359297,SUCCESS
E5_DT15_PD00_SEED456,15,0.0,7.0,14.0,load_estimation,lstm,None,raw,rmse,1.9655553383657303,0.4183041673895866,1.5472511709761436,3.6988662595252486,SUCCESS
E5_DT15_PD00_SEED456,15,0.0,7.0,14.0,load_estimation,lstm,None,raw,mape,45.34391205222991,8.868861318649634,36.475050733580275,4.1127095602317905,SUCCESS
E5_DT15_PD00_SEED456,15,0.0,7.0,14.0,load_estimation,lstm,None,raw,r2,0.28857934961504217,0.9677789047373695,-0.6791995551223273,-0.7018127299505922,SUCCESS
E5_DT15_PD00_SEED456,15,0.0,7.0,14.0,anomaly_detection,None,isolation_forest,raw,precision,0.11646586345381527,0.11646586345381527,0.0,0.0,SUCCESS
E5_DT15_PD00_SEED456,15,0.0,7.0,14.0,anomaly_detection,None,isolation_forest,raw,recall,0.11885245901639344,0.11885245901639344,0.0,0.0,SUCCESS
E5_DT15_PD00_SEED456,15,0.0,7.0,14.0,anomaly_detection,None,isolation_forest,raw,f1,0.11764705882352941,0.11764705882352941,0.0,0.0,SUCCESS
E5_DT15_PD00_SEED456,15,0.0,7.0,14.0,anomaly_detection,None,isolation_forest,raw,false_positive_rate,0.04389465283320032,0.04389465283320032,0.0,0.0,SUCCESS
E5_DT15_PD00_SEED456,15,0.0,7.0,14.0,anomaly_detection,None,isolation_forest,raw,pr_auc,0.09385708598261007,0.09385708598261007,0.0,0.0,SUCCESS
E5_DT15_PD00_SEED456,15,0.0,7.0,14.0,anomaly_detection,None,isolation_forest,raw,roc_auc,0.7138596875695052,0.7138596875695052,0.0,0.0,SUCCESS
E5_DT15_PD00_SEED456,15,0.0,7.0,14.0,anomaly_detection,None,isolation_forest,raw,detection_latency,3.2459016393442623,3.2459016393442623,0.0,0.0,SUCCESS
E5_DT15_PD00_SEED456,15,0.0,7.0,14.0,anomaly_detection,None,isolation_forest,raw,threshold,0.5031683371451802,0.5031683371451802,0.0,0.0,SUCCESS
E5_DT15_PD00_SEED456,15,0.0,7.0,14.0,anomaly_detection,None,isolation_forest,residual,precision,0.04642313546423135,0.04642313546423135,0.0,0.0,SUCCESS
E5_DT15_PD00_SEED456,15,0.0,7.0,14.0,anomaly_detection,None,isolation_forest,residual,recall,1.0,1.0,0.0,0.0,SUCCESS
E5_DT15_PD00_SEED456,15,0.0,7.0,14.0,anomaly_detection,None,isolation_forest,residual,f1,0.08872727272727272,0.08872727272727272,0.0,0.0,SUCCESS
E5_DT15_PD00_SEED456,15,0.0,7.0,14.0,anomaly_detection,None,isolation_forest,residual,false_positive_rate,1.0,1.0,0.0,0.0,SUCCESS
E5_DT15_PD00_SEED456,15,0.0,7.0,14.0,anomaly_detection,None,isolation_forest,residual,pr_auc,0.046212749981703036,0.08723947003159264,-0.04102672004988961,0.47027704357938344,SUCCESS
E5_DT15_PD00_SEED456,15,0.0,7.0,14.0,anomaly_detection,None,isolation_forest,residual,roc_auc,0.5302438083026965,0.6846846257506575,-0.154440817447961,0.22556489753021552,SUCCESS
E5_DT15_PD00_SEED456,15,0.0,7.0,14.0,anomaly_detection,None,isolation_forest,residual,detection_latency,0.0,0.0,0.0,0.0,SUCCESS
E5_DT15_PD00_SEED456,15,0.0,7.0,14.0,anomaly_detection,None,isolation_forest,residual,threshold,0.29376565419608197,0.29376565419608197,0.0,0.0,SUCCESS
E5_DT15_PD00_SEED456,15,0.0,7.0,14.0,anomaly_detection,None,lstm_autoencoder,raw,precision,0.49825783972125437,0.49825783972125437,0.0,0.0,SUCCESS
E5_DT15_PD00_SEED456,15,0.0,7.0,14.0,anomaly_detection,None,lstm_autoencoder,raw,recall,0.5860655737704918,0.5860655737704918,0.0,0.0,SUCCESS
E5_DT15_PD00_SEED456,15,0.0,7.0,14.0,anomaly_detection,None,lstm_autoencoder,raw,f1,0.5386064030131827,0.5386064030131827,0.0,0.0,SUCCESS
E5_DT15_PD00_SEED456,15,0.0,7.0,14.0,anomaly_detection,None,lstm_autoencoder,raw,false_positive_rate,0.028731045490822026,0.028731045490822026,0.0,0.0,SUCCESS
E5_DT15_PD00_SEED456,15,0.0,7.0,14.0,anomaly_detection,None,lstm_autoencoder,raw,pr_auc,0.561001698584242,0.561001698584242,0.0,0.0,SUCCESS
E5_DT15_PD00_SEED456,15,0.0,7.0,14.0,anomaly_detection,None,lstm_autoencoder,raw,roc_auc,0.9493396177043946,0.9493396177043946,0.0,0.0,SUCCESS
E5_DT15_PD00_SEED456,15,0.0,7.0,14.0,anomaly_detection,None,lstm_autoencoder,raw,detection_latency,1.3442622950819672,1.3442622950819672,0.0,0.0,SUCCESS
E5_DT15_PD00_SEED456,15,0.0,7.0,14.0,anomaly_detection,None,lstm_autoencoder,raw,threshold,0.0007370078528765589,0.0007370078528765589,0.0,0.0,SUCCESS
E5_DT15_PD00_SEED456,15,0.0,7.0,14.0,anomaly_detection,None,lstm_autoencoder,residual,precision,0.04642313546423135,0.04642313546423135,0.0,0.0,SUCCESS
E5_DT15_PD00_SEED456,15,0.0,7.0,14.0,anomaly_detection,None,lstm_autoencoder,residual,recall,1.0,1.0,0.0,0.0,SUCCESS
E5_DT15_PD00_SEED456,15,0.0,7.0,14.0,anomaly_detection,None,lstm_autoencoder,residual,f1,0.08872727272727272,0.08872727272727272,0.0,0.0,SUCCESS
E5_DT15_PD00_SEED456,15,0.0,7.0,14.0,anomaly_detection,None,lstm_autoencoder,residual,false_positive_rate,1.0,1.0,0.0,0.0,SUCCESS
E5_DT15_PD00_SEED456,15,0.0,7.0,14.0,anomaly_detection,None,lstm_autoencoder,residual,pr_auc,0.09709423209062697,0.13060323921976116,-0.0335090071291342,0.25657102633380974,SUCCESS
E5_DT15_PD00_SEED456,15,0.0,7.0,14.0,anomaly_detection,None,lstm_autoencoder,residual,roc_auc,0.5949099211073751,0.7428769314301413,-0.14796701032276627,0.19918105417260595,SUCCESS
E5_DT15_PD00_SEED456,15,0.0,7.0,14.0,anomaly_detection,None,lstm_autoencoder,residual,detection_latency,0.0,0.0,0.0,0.0,SUCCESS
E5_DT15_PD00_SEED456,15,0.0,7.0,14.0,anomaly_detection,None,lstm_autoencoder,residual,threshold,0.0003816792741417885,0.0003816792741417885,0.0,0.0,SUCCESS
E5_DT15_PD05_SEED456,15,0.05,7.024172374429224,14.0,load_estimation,persistence,None,raw,mae,1.8156787291101124,0.4492700455803849,1.3664086835297276,3.0413972553290227,SUCCESS
E5_DT15_PD05_SEED456,15,0.05,7.024172374429224,14.0,load_estimation,persistence,None,raw,rmse,2.409638181031058,0.6122637034975102,1.7973744775335476,2.93562147693254,SUCCESS
E5_DT15_PD05_SEED456,15,0.05,7.024172374429224,14.0,load_estimation,persistence,None,raw,mape,56.63573018062418,14.318382192492015,42.31734798813216,2.9554559599842,SUCCESS
E5_DT15_PD05_SEED456,15,0.05,7.024172374429224,14.0,load_estimation,persistence,None,raw,r2,-0.07212211855602013,0.930782228617953,-1.0029043471739731,-1.0774854915989411,SUCCESS
E5_DT15_PD05_SEED456,15,0.05,7.024172374429224,14.0,load_estimation,xgboost,None,raw,mae,1.3985600028997869,0.2750139962910154,1.1235460066087715,4.085413912606299,SUCCESS
E5_DT15_PD05_SEED456,15,0.05,7.024172374429224,14.0,load_estimation,xgboost,None,raw,rmse,1.8574904047978387,0.41181042399683077,1.445679980801008,3.5105473211919804,SUCCESS
E5_DT15_PD05_SEED456,15,0.05,7.024172374429224,14.0,load_estimation,xgboost,None,raw,mape,42.93697179012182,9.136281172616451,33.80069061750537,3.699611469797346,SUCCESS
E5_DT15_PD05_SEED456,15,0.05,7.024172374429224,14.0,load_estimation,xgboost,None,raw,r2,0.3629203367291738,0.9686862373860586,-0.6057659006568848,-0.6253478962305767,SUCCESS
E5_DT15_PD05_SEED456,15,0.05,7.024172374429224,14.0,load_estimation,lstm,None,raw,mae,1.5250313654470782,0.2758453186169287,1.2491860468301494,4.528574394858288,SUCCESS
E5_DT15_PD05_SEED456,15,0.05,7.024172374429224,14.0,load_estimation,lstm,None,raw,rmse,1.9568398589695934,0.4183041673895866,1.5385356915800068,3.6780309916135625,SUCCESS
E5_DT15_PD05_SEED456,15,0.05,7.024172374429224,14.0,load_estimation,lstm,None,raw,mape,45.061130681594236,8.868861318649634,36.1922693629446,4.0808248164664285,SUCCESS
E5_DT15_PD05_SEED456,15,0.05,7.024172374429224,14.0,load_estimation,lstm,None,raw,r2,0.29487439035834484,0.9677789047373695,-0.6729045143790247,-0.6953081030027554,SUCCESS
E5_DT15_PD05_SEED456,15,0.05,7.024172374429224,14.0,anomaly_detection,None,isolation_forest,raw,precision,0.11646586345381527,0.11646586345381527,0.0,0.0,SUCCESS
E5_DT15_PD05_SEED456,15,0.05,7.024172374429224,14.0,anomaly_detection,None,isolation_forest,raw,recall,0.11885245901639344,0.11885245901639344,0.0,0.0,SUCCESS
E5_DT15_PD05_SEED456,15,0.05,7.024172374429224,14.0,anomaly_detection,None,isolation_forest,raw,f1,0.11764705882352941,0.11764705882352941,0.0,0.0,SUCCESS
E5_DT15_PD05_SEED456,15,0.05,7.024172374429224,14.0,anomaly_detection,None,isolation_forest,raw,false_positive_rate,0.04389465283320032,0.04389465283320032,0.0,0.0,SUCCESS
E5_DT15_PD05_SEED456,15,0.05,7.024172374429224,14.0,anomaly_detection,None,isolation_forest,raw,pr_auc,0.09385708598261007,0.09385708598261007,0.0,0.0,SUCCESS
E5_DT15_PD05_SEED456,15,0.05,7.024172374429224,14.0,anomaly_detection,None,isolation_forest,raw,roc_auc,0.7138596875695052,0.7138596875695052,0.0,0.0,SUCCESS
E5_DT15_PD05_SEED456,15,0.05,7.024172374429224,14.0,anomaly_detection,None,isolation_forest,raw,detection_latency,3.2459016393442623,3.2459016393442623,0.0,0.0,SUCCESS
E5_DT15_PD05_SEED456,15,0.05,7.024172374429224,14.0,anomaly_detection,None,isolation_forest,raw,threshold,0.5031683371451802,0.5031683371451802,0.0,0.0,SUCCESS
E5_DT15_PD05_SEED456,15,0.05,7.024172374429224,14.0,anomaly_detection,None,isolation_forest,residual,precision,0.04642313546423135,0.04642313546423135,0.0,0.0,SUCCESS
E5_DT15_PD05_SEED456,15,0.05,7.024172374429224,14.0,anomaly_detection,None,isolation_forest,residual,recall,1.0,1.0,0.0,0.0,SUCCESS
E5_DT15_PD05_SEED456,15,0.05,7.024172374429224,14.0,anomaly_detection,None,isolation_forest,residual,f1,0.08872727272727272,0.08872727272727272,0.0,0.0,SUCCESS
E5_DT15_PD05_SEED456,15,0.05,7.024172374429224,14.0,anomaly_detection,None,isolation_forest,residual,false_positive_rate,1.0,1.0,0.0,0.0,SUCCESS
E5_DT15_PD05_SEED456,15,0.05,7.024172374429224,14.0,anomaly_detection,None,isolation_forest,residual,pr_auc,0.05366580648073272,0.08723947003159264,-0.033573663550859924,0.38484488200927464,SUCCESS
E5_DT15_PD05_SEED456,15,0.05,7.024172374429224,14.0,anomaly_detection,None,isolation_forest,residual,roc_auc,0.5878252848900344,0.6846846257506575,-0.09685934086062309,0.14146562843357385,SUCCESS
E5_DT15_PD05_SEED456,15,0.05,7.024172374429224,14.0,anomaly_detection,None,isolation_forest,residual,detection_latency,0.0,0.0,0.0,0.0,SUCCESS
E5_DT15_PD05_SEED456,15,0.05,7.024172374429224,14.0,anomaly_detection,None,isolation_forest,residual,threshold,0.29376565419608197,0.29376565419608197,0.0,0.0,SUCCESS
E5_DT15_PD05_SEED456,15,0.05,7.024172374429224,14.0,anomaly_detection,None,lstm_autoencoder,raw,precision,0.49825783972125437,0.49825783972125437,0.0,0.0,SUCCESS
E5_DT15_PD05_SEED456,15,0.05,7.024172374429224,14.0,anomaly_detection,None,lstm_autoencoder,raw,recall,0.5860655737704918,0.5860655737704918,0.0,0.0,SUCCESS
E5_DT15_PD05_SEED456,15,0.05,7.024172374429224,14.0,anomaly_detection,None,lstm_autoencoder,raw,f1,0.5386064030131827,0.5386064030131827,0.0,0.0,SUCCESS
E5_DT15_PD05_SEED456,15,0.05,7.024172374429224,14.0,anomaly_detection,None,lstm_autoencoder,raw,false_positive_rate,0.028731045490822026,0.028731045490822026,0.0,0.0,SUCCESS
E5_DT15_PD05_SEED456,15,0.05,7.024172374429224,14.0,anomaly_detection,None,lstm_autoencoder,raw,pr_auc,0.561001698584242,0.561001698584242,0.0,0.0,SUCCESS
E5_DT15_PD05_SEED456,15,0.05,7.024172374429224,14.0,anomaly_detection,None,lstm_autoencoder,raw,roc_auc,0.9493396177043946,0.9493396177043946,0.0,0.0,SUCCESS
E5_DT15_PD05_SEED456,15,0.05,7.024172374429224,14.0,anomaly_detection,None,lstm_autoencoder,raw,detection_latency,1.3442622950819672,1.3442622950819672,0.0,0.0,SUCCESS
E5_DT15_PD05_SEED456,15,0.05,7.024172374429224,14.0,anomaly_detection,None,lstm_autoencoder,raw,threshold,0.0007370078528765589,0.0007370078528765589,0.0,0.0,SUCCESS
E5_DT15_PD05_SEED456,15,0.05,7.024172374429224,14.0,anomaly_detection,None,lstm_autoencoder,residual,precision,0.04642313546423135,0.04642313546423135,0.0,0.0,SUCCESS
E5_DT15_PD05_SEED456,15,0.05,7.024172374429224,14.0,anomaly_detection,None,lstm_autoencoder,residual,recall,1.0,1.0,0.0,0.0,SUCCESS
E5_DT15_PD05_SEED456,15,0.05,7.024172374429224,14.0,anomaly_detection,None,lstm_autoencoder,residual,f1,0.08872727272727272,0.08872727272727272,0.0,0.0,SUCCESS
E5_DT15_PD05_SEED456,15,0.05,7.024172374429224,14.0,anomaly_detection,None,lstm_autoencoder,residual,false_positive_rate,1.0,1.0,0.0,0.0,SUCCESS
E5_DT15_PD05_SEED456,15,0.05,7.024172374429224,14.0,anomaly_detection,None,lstm_autoencoder,residual,pr_auc,0.12323658086505969,0.13060323921976116,-0.007366658354701475,0.056404867128187194,SUCCESS
E5_DT15_PD05_SEED456,15,0.05,7.024172374429224,14.0,anomaly_detection,None,lstm_autoencoder,residual,roc_auc,0.6510031661716797,0.7428769314301413,-0.09187376525846158,0.12367292800651626,SUCCESS
E5_DT15_PD05_SEED456,15,0.05,7.024172374429224,14.0,anomaly_detection,None,lstm_autoencoder,residual,detection_latency,0.0,0.0,0.0,0.0,SUCCESS
E5_DT15_PD05_SEED456,15,0.05,7.024172374429224,14.0,anomaly_detection,None,lstm_autoencoder,residual,threshold,0.0003816792741417885,0.0003816792741417885,0.0,0.0,SUCCESS
E5_DT15_PD10_SEED456,15,0.1,7.051398401826484,14.0,load_estimation,persistence,None,raw,mae,1.825567348680177,0.4492700455803849,1.376297303099792,3.0634076690375305,SUCCESS
E5_DT15_PD10_SEED456,15,0.1,7.051398401826484,14.0,load_estimation,persistence,None,raw,rmse,2.4441533003241602,0.6122637034975102,1.83188959682665,2.991994440242201,SUCCESS
E5_DT15_PD10_SEED456,15,0.1,7.051398401826484,14.0,load_estimation,persistence,None,raw,mape,56.351620285961005,14.318382192492015,42.03323809346899,2.9356136418477172,SUCCESS
E5_DT15_PD10_SEED456,15,0.1,7.051398401826484,14.0,load_estimation,persistence,None,raw,r2,-0.10305576216879997,0.930782228617953,-1.033837990786753,-1.110719520635691,SUCCESS
E5_DT15_PD10_SEED456,15,0.1,7.051398401826484,14.0,load_estimation,xgboost,None,raw,mae,1.4349861437372602,0.2750139962910154,1.1599721474462448,4.217865865338653,SUCCESS
E5_DT15_PD10_SEED456,15,0.1,7.051398401826484,14.0,load_estimation,xgboost,None,raw,rmse,1.9077741318253507,0.41181042399683077,1.49596370782852,3.632651386794504,SUCCESS
E5_DT15_PD10_SEED456,15,0.1,7.051398401826484,14.0,load_estimation,xgboost,None,raw,mape,43.876863998357926,9.136281172616451,34.74058282574148,3.802486172368145,SUCCESS
E5_DT15_PD10_SEED456,15,0.1,7.051398401826484,14.0,load_estimation,xgboost,None,raw,r2,0.3279609715468207,0.9686862373860586,-0.640725265839238,-0.6614373582597771,SUCCESS
E5_DT15_PD10_SEED456,15,0.1,7.051398401826484,14.0,load_estimation,lstm,None,raw,mae,1.5256171976656616,0.2758453186169287,1.2497718790487329,4.530698165606042,SUCCESS
E5_DT15_PD10_SEED456,15,0.1,7.051398401826484,14.0,load_estimation,lstm,None,raw,rmse,1.947206520718201,0.4183041673895866,1.5289023533286143,3.655001485807993,SUCCESS
E5_DT15_PD10_SEED456,15,0.1,7.051398401826484,14.0,load_estimation,lstm,None,raw,mape,45.39770454947481,8.868861318649634,36.528843230825174,4.1187748819582435,SUCCESS
E5_DT15_PD10_SEED456,15,0.1,7.051398401826484,14.0,load_estimation,lstm,None,raw,r2,0.30179983551630796,0.9677789047373695,-0.6659790692210615,-0.6881520830439999,SUCCESS
E5_DT15_PD10_SEED456,15,0.1,7.051398401826484,14.0,anomaly_detection,None,isolation_forest,raw,precision,0.11646586345381527,0.11646586345381527,0.0,0.0,SUCCESS
E5_DT15_PD10_SEED456,15,0.1,7.051398401826484,14.0,anomaly_detection,None,isolation_forest,raw,recall,0.11885245901639344,0.11885245901639344,0.0,0.0,SUCCESS
E5_DT15_PD10_SEED456,15,0.1,7.051398401826484,14.0,anomaly_detection,None,isolation_forest,raw,f1,0.11764705882352941,0.11764705882352941,0.0,0.0,SUCCESS
E5_DT15_PD10_SEED456,15,0.1,7.051398401826484,14.0,anomaly_detection,None,isolation_forest,raw,false_positive_rate,0.04389465283320032,0.04389465283320032,0.0,0.0,SUCCESS
E5_DT15_PD10_SEED456,15,0.1,7.051398401826484,14.0,anomaly_detection,None,isolation_forest,raw,pr_auc,0.09385708598261007,0.09385708598261007,0.0,0.0,SUCCESS
E5_DT15_PD10_SEED456,15,0.1,7.051398401826484,14.0,anomaly_detection,None,isolation_forest,raw,roc_auc,0.7138596875695052,0.7138596875695052,0.0,0.0,SUCCESS
E5_DT15_PD10_SEED456,15,0.1,7.051398401826484,14.0,anomaly_detection,None,isolation_forest,raw,detection_latency,3.2459016393442623,3.2459016393442623,0.0,0.0,SUCCESS
E5_DT15_PD10_SEED456,15,0.1,7.051398401826484,14.0,anomaly_detection,None,isolation_forest,raw,threshold,0.5031683371451802,0.5031683371451802,0.0,0.0,SUCCESS
E5_DT15_PD10_SEED456,15,0.1,7.051398401826484,14.0,anomaly_detection,None,isolation_forest,residual,precision,0.04642313546423135,0.04642313546423135,0.0,0.0,SUCCESS
E5_DT15_PD10_SEED456,15,0.1,7.051398401826484,14.0,anomaly_detection,None,isolation_forest,residual,recall,1.0,1.0,0.0,0.0,SUCCESS
E5_DT15_PD10_SEED456,15,0.1,7.051398401826484,14.0,anomaly_detection,None,isolation_forest,residual,f1,0.08872727272727272,0.08872727272727272,0.0,0.0,SUCCESS
E5_DT15_PD10_SEED456,15,0.1,7.051398401826484,14.0,anomaly_detection,None,isolation_forest,residual,false_positive_rate,1.0,1.0,0.0,0.0,SUCCESS
E5_DT15_PD10_SEED456,15,0.1,7.051398401826484,14.0,anomaly_detection,None,isolation_forest,residual,pr_auc,0.05553636698484505,0.08723947003159264,-0.031703103046747595,0.3634032053985051,SUCCESS
E5_DT15_PD10_SEED456,15,0.1,7.051398401826484,14.0,anomaly_detection,None,isolation_forest,residual,roc_auc,0.6076408423063338,0.6846846257506575,-0.07704378344432372,0.112524482873931,SUCCESS
E5_DT15_PD10_SEED456,15,0.1,7.051398401826484,14.0,anomaly_detection,None,isolation_forest,residual,detection_latency,0.0,0.0,0.0,0.0,SUCCESS
E5_DT15_PD10_SEED456,15,0.1,7.051398401826484,14.0,anomaly_detection,None,isolation_forest,residual,threshold,0.29376565419608197,0.29376565419608197,0.0,0.0,SUCCESS
E5_DT15_PD10_SEED456,15,0.1,7.051398401826484,14.0,anomaly_detection,None,lstm_autoencoder,raw,precision,0.49825783972125437,0.49825783972125437,0.0,0.0,SUCCESS
E5_DT15_PD10_SEED456,15,0.1,7.051398401826484,14.0,anomaly_detection,None,lstm_autoencoder,raw,recall,0.5860655737704918,0.5860655737704918,0.0,0.0,SUCCESS
E5_DT15_PD10_SEED456,15,0.1,7.051398401826484,14.0,anomaly_detection,None,lstm_autoencoder,raw,f1,0.5386064030131827,0.5386064030131827,0.0,0.0,SUCCESS
E5_DT15_PD10_SEED456,15,0.1,7.051398401826484,14.0,anomaly_detection,None,lstm_autoencoder,raw,false_positive_rate,0.028731045490822026,0.028731045490822026,0.0,0.0,SUCCESS
E5_DT15_PD10_SEED456,15,0.1,7.051398401826484,14.0,anomaly_detection,None,lstm_autoencoder,raw,pr_auc,0.561001698584242,0.561001698584242,0.0,0.0,SUCCESS
E5_DT15_PD10_SEED456,15,0.1,7.051398401826484,14.0,anomaly_detection,None,lstm_autoencoder,raw,roc_auc,0.9493396177043946,0.9493396177043946,0.0,0.0,SUCCESS
E5_DT15_PD10_SEED456,15,0.1,7.051398401826484,14.0,anomaly_detection,None,lstm_autoencoder,raw,detection_latency,1.3442622950819672,1.3442622950819672,0.0,0.0,SUCCESS
E5_DT15_PD10_SEED456,15,0.1,7.051398401826484,14.0,anomaly_detection,None,lstm_autoencoder,raw,threshold,0.0007370078528765589,0.0007370078528765589,0.0,0.0,SUCCESS
E5_DT15_PD10_SEED456,15,0.1,7.051398401826484,14.0,anomaly_detection,None,lstm_autoencoder,residual,precision,0.04642313546423135,0.04642313546423135,0.0,0.0,SUCCESS
E5_DT15_PD10_SEED456,15,0.1,7.051398401826484,14.0,anomaly_detection,None,lstm_autoencoder,residual,recall,1.0,1.0,0.0,0.0,SUCCESS
E5_DT15_PD10_SEED456,15,0.1,7.051398401826484,14.0,anomaly_detection,None,lstm_autoencoder,residual,f1,0.08872727272727272,0.08872727272727272,0.0,0.0,SUCCESS
E5_DT15_PD10_SEED456,15,0.1,7.051398401826484,14.0,anomaly_detection,None,lstm_autoencoder,residual,false_positive_rate,1.0,1.0,0.0,0.0,SUCCESS
E5_DT15_PD10_SEED456,15,0.1,7.051398401826484,14.0,anomaly_detection,None,lstm_autoencoder,residual,pr_auc,0.09829684916998474,0.13060323921976116,-0.03230639004977642,0.24736285441906747,SUCCESS
E5_DT15_PD10_SEED456,15,0.1,7.051398401826484,14.0,anomaly_detection,None,lstm_autoencoder,residual,roc_auc,0.6390711472793165,0.7428769314301413,-0.10380578415082486,0.139734833266372,SUCCESS
E5_DT15_PD10_SEED456,15,0.1,7.051398401826484,14.0,anomaly_detection,None,lstm_autoencoder,residual,detection_latency,0.0,0.0,0.0,0.0,SUCCESS
E5_DT15_PD10_SEED456,15,0.1,7.051398401826484,14.0,anomaly_detection,None,lstm_autoencoder,residual,threshold,0.0003816792741417885,0.0003816792741417885,0.0,0.0,SUCCESS
E5_DT15_PD20_SEED456,15,0.2,7.123944063926941,14.0,load_estimation,persistence,None,raw,mae,1.8568141718750857,0.4492700455803849,1.4075441262947008,3.1329578727564162,SUCCESS
E5_DT15_PD20_SEED456,15,0.2,7.123944063926941,14.0,load_estimation,persistence,None,raw,rmse,2.4625335731155777,0.6122637034975102,1.8502698696180675,3.0220146303766504,SUCCESS
E5_DT15_PD20_SEED456,15,0.2,7.123944063926941,14.0,load_estimation,persistence,None,raw,mape,57.73094009049723,14.318382192492015,43.41255789800521,3.0319457404041787,SUCCESS
E5_DT15_PD20_SEED456,15,0.2,7.123944063926941,14.0,load_estimation,persistence,None,raw,r2,-0.11970831730669862,0.930782228617953,-1.0504905459246516,-1.1286104457370703,SUCCESS
E5_DT15_PD20_SEED456,15,0.2,7.123944063926941,14.0,load_estimation,xgboost,None,raw,mae,1.4489918355709523,0.2750139962910154,1.173977839279937,4.268793061854395,SUCCESS
E5_DT15_PD20_SEED456,15,0.2,7.123944063926941,14.0,load_estimation,xgboost,None,raw,rmse,1.9119878171742801,0.41181042399683077,1.5001773931774494,3.6428834865748674,SUCCESS
E5_DT15_PD20_SEED456,15,0.2,7.123944063926941,14.0,load_estimation,xgboost,None,raw,mape,44.650624525457204,9.136281172616451,35.514343352840754,3.8871771437251144,SUCCESS
E5_DT15_PD20_SEED456,15,0.2,7.123944063926941,14.0,load_estimation,xgboost,None,raw,r2,0.32498903875386753,0.9686862373860586,-0.6436971986321911,-0.6645053617868766,SUCCESS
E5_DT15_PD20_SEED456,15,0.2,7.123944063926941,14.0,load_estimation,lstm,None,raw,mae,1.5801317941702826,0.2758453186169287,1.3042864755533539,4.72832557787446,SUCCESS
E5_DT15_PD20_SEED456,15,0.2,7.123944063926941,14.0,load_estimation,lstm,None,raw,rmse,2.014232787818192,0.4183041673895866,1.5959286204286052,3.815234809607433,SUCCESS
E5_DT15_PD20_SEED456,15,0.2,7.123944063926941,14.0,load_estimation,lstm,None,raw,mape,47.21704087816145,8.868861318649634,38.34817955951181,4.323912414649266,SUCCESS
E5_DT15_PD20_SEED456,15,0.2,7.123944063926941,14.0,load_estimation,lstm,None,raw,r2,0.25290601703532634,0.9677789047373695,-0.7148728877020432,-0.7386737654671667,SUCCESS
E5_DT15_PD20_SEED456,15,0.2,7.123944063926941,14.0,anomaly_detection,None,isolation_forest,raw,precision,0.11646586345381527,0.11646586345381527,0.0,0.0,SUCCESS
E5_DT15_PD20_SEED456,15,0.2,7.123944063926941,14.0,anomaly_detection,None,isolation_forest,raw,recall,0.11885245901639344,0.11885245901639344,0.0,0.0,SUCCESS
E5_DT15_PD20_SEED456,15,0.2,7.123944063926941,14.0,anomaly_detection,None,isolation_forest,raw,f1,0.11764705882352941,0.11764705882352941,0.0,0.0,SUCCESS
E5_DT15_PD20_SEED456,15,0.2,7.123944063926941,14.0,anomaly_detection,None,isolation_forest,raw,false_positive_rate,0.04389465283320032,0.04389465283320032,0.0,0.0,SUCCESS
E5_DT15_PD20_SEED456,15,0.2,7.123944063926941,14.0,anomaly_detection,None,isolation_forest,raw,pr_auc,0.09385708598261007,0.09385708598261007,0.0,0.0,SUCCESS
E5_DT15_PD20_SEED456,15,0.2,7.123944063926941,14.0,anomaly_detection,None,isolation_forest,raw,roc_auc,0.7138596875695052,0.7138596875695052,0.0,0.0,SUCCESS
E5_DT15_PD20_SEED456,15,0.2,7.123944063926941,14.0,anomaly_detection,None,isolation_forest,raw,detection_latency,3.2459016393442623,3.2459016393442623,0.0,0.0,SUCCESS
E5_DT15_PD20_SEED456,15,0.2,7.123944063926941,14.0,anomaly_detection,None,isolation_forest,raw,threshold,0.5031683371451802,0.5031683371451802,0.0,0.0,SUCCESS
E5_DT15_PD20_SEED456,15,0.2,7.123944063926941,14.0,anomaly_detection,None,isolation_forest,residual,precision,0.04642313546423135,0.04642313546423135,0.0,0.0,SUCCESS
E5_DT15_PD20_SEED456,15,0.2,7.123944063926941,14.0,anomaly_detection,None,isolation_forest,residual,recall,1.0,1.0,0.0,0.0,SUCCESS
E5_DT15_PD20_SEED456,15,0.2,7.123944063926941,14.0,anomaly_detection,None,isolation_forest,residual,f1,0.08872727272727272,0.08872727272727272,0.0,0.0,SUCCESS
E5_DT15_PD20_SEED456,15,0.2,7.123944063926941,14.0,anomaly_detection,None,isolation_forest,residual,false_positive_rate,1.0,1.0,0.0,0.0,SUCCESS
E5_DT15_PD20_SEED456,15,0.2,7.123944063926941,14.0,anomaly_detection,None,isolation_forest,residual,pr_auc,0.05018906701281221,0.08723947003159264,-0.03705040301878044,0.42469770856428996,SUCCESS
E5_DT15_PD20_SEED456,15,0.2,7.123944063926941,14.0,anomaly_detection,None,isolation_forest,residual,roc_auc,0.5654711479334843,0.6846846257506575,-0.11921347781717317,0.17411443653561356,SUCCESS
E5_DT15_PD20_SEED456,15,0.2,7.123944063926941,14.0,anomaly_detection,None,isolation_forest,residual,detection_latency,0.0,0.0,0.0,0.0,SUCCESS
E5_DT15_PD20_SEED456,15,0.2,7.123944063926941,14.0,anomaly_detection,None,isolation_forest,residual,threshold,0.29376565419608197,0.29376565419608197,0.0,0.0,SUCCESS
E5_DT15_PD20_SEED456,15,0.2,7.123944063926941,14.0,anomaly_detection,None,lstm_autoencoder,raw,precision,0.49825783972125437,0.49825783972125437,0.0,0.0,SUCCESS
E5_DT15_PD20_SEED456,15,0.2,7.123944063926941,14.0,anomaly_detection,None,lstm_autoencoder,raw,recall,0.5860655737704918,0.5860655737704918,0.0,0.0,SUCCESS
E5_DT15_PD20_SEED456,15,0.2,7.123944063926941,14.0,anomaly_detection,None,lstm_autoencoder,raw,f1,0.5386064030131827,0.5386064030131827,0.0,0.0,SUCCESS
E5_DT15_PD20_SEED456,15,0.2,7.123944063926941,14.0,anomaly_detection,None,lstm_autoencoder,raw,false_positive_rate,0.028731045490822026,0.028731045490822026,0.0,0.0,SUCCESS
E5_DT15_PD20_SEED456,15,0.2,7.123944063926941,14.0,anomaly_detection,None,lstm_autoencoder,raw,pr_auc,0.561001698584242,0.561001698584242,0.0,0.0,SUCCESS
E5_DT15_PD20_SEED456,15,0.2,7.123944063926941,14.0,anomaly_detection,None,lstm_autoencoder,raw,roc_auc,0.9493396177043946,0.9493396177043946,0.0,0.0,SUCCESS
E5_DT15_PD20_SEED456,15,0.2,7.123944063926941,14.0,anomaly_detection,None,lstm_autoencoder,raw,detection_latency,1.3442622950819672,1.3442622950819672,0.0,0.0,SUCCESS
E5_DT15_PD20_SEED456,15,0.2,7.123944063926941,14.0,anomaly_detection,None,lstm_autoencoder,raw,threshold,0.0007370078528765589,0.0007370078528765589,0.0,0.0,SUCCESS
E5_DT15_PD20_SEED456,15,0.2,7.123944063926941,14.0,anomaly_detection,None,lstm_autoencoder,residual,precision,0.04642313546423135,0.04642313546423135,0.0,0.0,SUCCESS
E5_DT15_PD20_SEED456,15,0.2,7.123944063926941,14.0,anomaly_detection,None,lstm_autoencoder,residual,recall,1.0,1.0,0.0,0.0,SUCCESS
E5_DT15_PD20_SEED456,15,0.2,7.123944063926941,14.0,anomaly_detection,None,lstm_autoencoder,residual,f1,0.08872727272727272,0.08872727272727272,0.0,0.0,SUCCESS
E5_DT15_PD20_SEED456,15,0.2,7.123944063926941,14.0,anomaly_detection,None,lstm_autoencoder,residual,false_positive_rate,1.0,1.0,0.0,0.0,SUCCESS
E5_DT15_PD20_SEED456,15,0.2,7.123944063926941,14.0,anomaly_detection,None,lstm_autoencoder,residual,pr_auc,0.12152066234765568,0.13060323921976116,-0.00908257687210548,0.06954327416659681,SUCCESS
E5_DT15_PD20_SEED456,15,0.2,7.123944063926941,14.0,anomaly_detection,None,lstm_autoencoder,residual,roc_auc,0.6343153480826345,0.7428769314301413,-0.10856158334750687,0.14613670011062363,SUCCESS
E5_DT15_PD20_SEED456,15,0.2,7.123944063926941,14.0,anomaly_detection,None,lstm_autoencoder,residual,detection_latency,0.0,0.0,0.0,0.0,SUCCESS
E5_DT15_PD20_SEED456,15,0.2,7.123944063926941,14.0,anomaly_detection,None,lstm_autoencoder,residual,threshold,0.0003816792741417885,0.0003816792741417885,0.0,0.0,SUCCESS
E5_DT60_PD00_SEED456,60,0.0,29.5,56.049999999995634,load_estimation,persistence,None,raw,mae,2.5189492211675715,0.4492700455803849,2.0696791755871864,4.606759778327738,SUCCESS
E5_DT60_PD00_SEED456,60,0.0,29.5,56.049999999995634,load_estimation,persistence,None,raw,rmse,3.2110238325344684,0.6122637034975102,2.5987601290369584,4.244511170908446,SUCCESS
E5_DT60_PD00_SEED456,60,0.0,29.5,56.049999999995634,load_estimation,persistence,None,raw,mape,82.78354680397382,14.318382192492015,68.46516461148181,4.7816271203727325,SUCCESS
E5_DT60_PD00_SEED456,60,0.0,29.5,56.049999999995634,load_estimation,persistence,None,raw,r2,-0.9038277016276632,0.930782228617953,-1.8346099302456162,-1.9710409952386903,SUCCESS
E5_DT60_PD00_SEED456,60,0.0,29.5,56.049999999995634,load_estimation,xgboost,None,raw,mae,1.9017035978388388,0.2750139962910154,1.6266896015478234,5.914933870589214,SUCCESS
E5_DT60_PD00_SEED456,60,0.0,29.5,56.049999999995634,load_estimation,xgboost,None,raw,rmse,2.510758951989842,0.41181042399683077,2.098948527993011,5.096880519977232,SUCCESS
E5_DT60_PD00_SEED456,60,0.0,29.5,56.049999999995634,load_estimation,xgboost,None,raw,mape,63.3176337747662,9.136281172616451,54.18135260214975,5.930350826389166,SUCCESS
E5_DT60_PD00_SEED456,60,0.0,29.5,56.049999999995634,load_estimation,xgboost,None,raw,r2,-0.163993683169531,0.9686862373860586,-1.1326799205555895,-1.169294944885413,SUCCESS
E5_DT60_PD00_SEED456,60,0.0,29.5,56.049999999995634,load_estimation,lstm,None,raw,mae,1.9085295768260682,0.2758453186169287,1.6326842582091394,5.9188398280431835,SUCCESS
E5_DT60_PD00_SEED456,60,0.0,29.5,56.049999999995634,load_estimation,lstm,None,raw,rmse,2.3465133435746393,0.4183041673895866,1.9282091761850526,4.609586340528182,SUCCESS
E5_DT60_PD00_SEED456,60,0.0,29.5,56.049999999995634,load_estimation,lstm,None,raw,mape,68.28548131871182,8.868861318649634,59.41662000006218,6.699464324142675,SUCCESS
E5_DT60_PD00_SEED456,60,0.0,29.5,56.049999999995634,load_estimation,lstm,None,raw,r2,-0.013915991271318484,0.9677789047373695,-0.981694896008688,-1.014379308334991,SUCCESS
E5_DT60_PD00_SEED456,60,0.0,29.5,56.049999999995634,anomaly_detection,None,isolation_forest,raw,precision,0.11646586345381527,0.11646586345381527,0.0,0.0,SUCCESS
E5_DT60_PD00_SEED456,60,0.0,29.5,56.049999999995634,anomaly_detection,None,isolation_forest,raw,recall,0.11885245901639344,0.11885245901639344,0.0,0.0,SUCCESS
E5_DT60_PD00_SEED456,60,0.0,29.5,56.049999999995634,anomaly_detection,None,isolation_forest,raw,f1,0.11764705882352941,0.11764705882352941,0.0,0.0,SUCCESS
E5_DT60_PD00_SEED456,60,0.0,29.5,56.049999999995634,anomaly_detection,None,isolation_forest,raw,false_positive_rate,0.04389465283320032,0.04389465283320032,0.0,0.0,SUCCESS
E5_DT60_PD00_SEED456,60,0.0,29.5,56.049999999995634,anomaly_detection,None,isolation_forest,raw,pr_auc,0.09385708598261007,0.09385708598261007,0.0,0.0,SUCCESS
E5_DT60_PD00_SEED456,60,0.0,29.5,56.049999999995634,anomaly_detection,None,isolation_forest,raw,roc_auc,0.7138596875695052,0.7138596875695052,0.0,0.0,SUCCESS
E5_DT60_PD00_SEED456,60,0.0,29.5,56.049999999995634,anomaly_detection,None,isolation_forest,raw,detection_latency,3.2459016393442623,3.2459016393442623,0.0,0.0,SUCCESS
E5_DT60_PD00_SEED456,60,0.0,29.5,56.049999999995634,anomaly_detection,None,isolation_forest,raw,threshold,0.5031683371451802,0.5031683371451802,0.0,0.0,SUCCESS
E5_DT60_PD00_SEED456,60,0.0,29.5,56.049999999995634,anomaly_detection,None,isolation_forest,residual,precision,0.04642313546423135,0.04642313546423135,0.0,0.0,SUCCESS
E5_DT60_PD00_SEED456,60,0.0,29.5,56.049999999995634,anomaly_detection,None,isolation_forest,residual,recall,1.0,1.0,0.0,0.0,SUCCESS
E5_DT60_PD00_SEED456,60,0.0,29.5,56.049999999995634,anomaly_detection,None,isolation_forest,residual,f1,0.08872727272727272,0.08872727272727272,0.0,0.0,SUCCESS
E5_DT60_PD00_SEED456,60,0.0,29.5,56.049999999995634,anomaly_detection,None,isolation_forest,residual,false_positive_rate,1.0,1.0,0.0,0.0,SUCCESS
E5_DT60_PD00_SEED456,60,0.0,29.5,56.049999999995634,anomaly_detection,None,isolation_forest,residual,pr_auc,0.046556338284325045,0.08723947003159264,-0.0406831317472676,0.4663385934432514,SUCCESS
E5_DT60_PD00_SEED456,60,0.0,29.5,56.049999999995634,anomaly_detection,None,isolation_forest,residual,roc_auc,0.5157862932241309,0.6846846257506575,-0.16889833252652653,0.246680480580901,SUCCESS
E5_DT60_PD00_SEED456,60,0.0,29.5,56.049999999995634,anomaly_detection,None,isolation_forest,residual,detection_latency,0.0,0.0,0.0,0.0,SUCCESS
E5_DT60_PD00_SEED456,60,0.0,29.5,56.049999999995634,anomaly_detection,None,isolation_forest,residual,threshold,0.29376565419608197,0.29376565419608197,0.0,0.0,SUCCESS
E5_DT60_PD00_SEED456,60,0.0,29.5,56.049999999995634,anomaly_detection,None,lstm_autoencoder,raw,precision,0.49825783972125437,0.49825783972125437,0.0,0.0,SUCCESS
E5_DT60_PD00_SEED456,60,0.0,29.5,56.049999999995634,anomaly_detection,None,lstm_autoencoder,raw,recall,0.5860655737704918,0.5860655737704918,0.0,0.0,SUCCESS
E5_DT60_PD00_SEED456,60,0.0,29.5,56.049999999995634,anomaly_detection,None,lstm_autoencoder,raw,f1,0.5386064030131827,0.5386064030131827,0.0,0.0,SUCCESS
E5_DT60_PD00_SEED456,60,0.0,29.5,56.049999999995634,anomaly_detection,None,lstm_autoencoder,raw,false_positive_rate,0.028731045490822026,0.028731045490822026,0.0,0.0,SUCCESS
E5_DT60_PD00_SEED456,60,0.0,29.5,56.049999999995634,anomaly_detection,None,lstm_autoencoder,raw,pr_auc,0.561001698584242,0.561001698584242,0.0,0.0,SUCCESS
E5_DT60_PD00_SEED456,60,0.0,29.5,56.049999999995634,anomaly_detection,None,lstm_autoencoder,raw,roc_auc,0.9493396177043946,0.9493396177043946,0.0,0.0,SUCCESS
E5_DT60_PD00_SEED456,60,0.0,29.5,56.049999999995634,anomaly_detection,None,lstm_autoencoder,raw,detection_latency,1.3442622950819672,1.3442622950819672,0.0,0.0,SUCCESS
E5_DT60_PD00_SEED456,60,0.0,29.5,56.049999999995634,anomaly_detection,None,lstm_autoencoder,raw,threshold,0.0007370078528765589,0.0007370078528765589,0.0,0.0,SUCCESS
E5_DT60_PD00_SEED456,60,0.0,29.5,56.049999999995634,anomaly_detection,None,lstm_autoencoder,residual,precision,0.04642313546423135,0.04642313546423135,0.0,0.0,SUCCESS
E5_DT60_PD00_SEED456,60,0.0,29.5,56.049999999995634,anomaly_detection,None,lstm_autoencoder,residual,recall,1.0,1.0,0.0,0.0,SUCCESS
E5_DT60_PD00_SEED456,60,0.0,29.5,56.049999999995634,anomaly_detection,None,lstm_autoencoder,residual,f1,0.08872727272727272,0.08872727272727272,0.0,0.0,SUCCESS
E5_DT60_PD00_SEED456,60,0.0,29.5,56.049999999995634,anomaly_detection,None,lstm_autoencoder,residual,false_positive_rate,1.0,1.0,0.0,0.0,SUCCESS
E5_DT60_PD00_SEED456,60,0.0,29.5,56.049999999995634,anomaly_detection,None,lstm_autoencoder,residual,pr_auc,0.11277847912215774,0.13060323921976116,-0.01782476009760342,0.13648022977140992,SUCCESS
E5_DT60_PD00_SEED456,60,0.0,29.5,56.049999999995634,anomaly_detection,None,lstm_autoencoder,residual,roc_auc,0.5960113759763452,0.7428769314301413,-0.1468655554537961,0.19769836596091292,SUCCESS
E5_DT60_PD00_SEED456,60,0.0,29.5,56.049999999995634,anomaly_detection,None,lstm_autoencoder,residual,detection_latency,0.0,0.0,0.0,0.0,SUCCESS
E5_DT60_PD00_SEED456,60,0.0,29.5,56.049999999995634,anomaly_detection,None,lstm_autoencoder,residual,threshold,0.0003816792741417885,0.0003816792741417885,0.0,0.0,SUCCESS
E5_DT60_PD05_SEED456,60,0.05,29.511615296803654,57.0,load_estimation,persistence,None,raw,mae,2.474331637336965,0.4492700455803849,2.0250615917565797,4.507448497129437,SUCCESS
E5_DT60_PD05_SEED456,60,0.05,29.511615296803654,57.0,load_estimation,persistence,None,raw,rmse,3.1595955329555583,0.6122637034975102,2.547331829458048,4.160514194956531,SUCCESS
E5_DT60_PD05_SEED456,60,0.05,29.511615296803654,57.0,load_estimation,persistence,None,raw,mape,82.67780169954644,14.318382192492015,68.35941950705443,4.774241851352408,SUCCESS
E5_DT60_PD05_SEED456,60,0.05,29.511615296803654,57.0,load_estimation,persistence,None,raw,r2,-0.8433320155574979,0.930782228617953,-1.774114244175451,-1.906046537662947,SUCCESS
E5_DT60_PD05_SEED456,60,0.05,29.511615296803654,57.0,load_estimation,xgboost,None,raw,mae,1.8916988506391532,0.2750139962910154,1.6166848543481378,5.878554823214843,SUCCESS
E5_DT60_PD05_SEED456,60,0.05,29.511615296803654,57.0,load_estimation,xgboost,None,raw,rmse,2.4871981287624867,0.41181042399683077,2.0753877047656557,5.039667730172919,SUCCESS
E5_DT60_PD05_SEED456,60,0.05,29.511615296803654,57.0,load_estimation,xgboost,None,raw,mape,63.445488250631,9.136281172616451,54.30920707801455,5.944344974932669,SUCCESS
E5_DT60_PD05_SEED456,60,0.05,29.511615296803654,57.0,load_estimation,xgboost,None,raw,r2,-0.14225047784255818,0.9686862373860586,-1.110936715228617,-1.1468488684493057,SUCCESS
E5_DT60_PD05_SEED456,60,0.05,29.511615296803654,57.0,load_estimation,lstm,None,raw,mae,1.8946465452246335,0.2758453186169287,1.6188012266077048,5.868510782507652,SUCCESS
E5_DT60_PD05_SEED456,60,0.05,29.511615296803654,57.0,load_estimation,lstm,None,raw,rmse,2.3134277592289676,0.4183041673895866,1.895123591839381,4.530491779859229,SUCCESS
E5_DT60_PD05_SEED456,60,0.05,29.511615296803654,57.0,load_estimation,lstm,None,raw,mape,66.75026830646034,8.868861318649634,57.881406987810706,6.52636284503586,SUCCESS
E5_DT60_PD05_SEED456,60,0.05,29.511615296803654,57.0,load_estimation,lstm,None,raw,r2,0.014474646806676428,0.9677789047373695,-0.9533042579306931,-0.9850434363305279,SUCCESS
E5_DT60_PD05_SEED456,60,0.05,29.511615296803654,57.0,anomaly_detection,None,isolation_forest,raw,precision,0.11646586345381527,0.11646586345381527,0.0,0.0,SUCCESS
E5_DT60_PD05_SEED456,60,0.05,29.511615296803654,57.0,anomaly_detection,None,isolation_forest,raw,recall,0.11885245901639344,0.11885245901639344,0.0,0.0,SUCCESS
E5_DT60_PD05_SEED456,60,0.05,29.511615296803654,57.0,anomaly_detection,None,isolation_forest,raw,f1,0.11764705882352941,0.11764705882352941,0.0,0.0,SUCCESS
E5_DT60_PD05_SEED456,60,0.05,29.511615296803654,57.0,anomaly_detection,None,isolation_forest,raw,false_positive_rate,0.04389465283320032,0.04389465283320032,0.0,0.0,SUCCESS
E5_DT60_PD05_SEED456,60,0.05,29.511615296803654,57.0,anomaly_detection,None,isolation_forest,raw,pr_auc,0.09385708598261007,0.09385708598261007,0.0,0.0,SUCCESS
E5_DT60_PD05_SEED456,60,0.05,29.511615296803654,57.0,anomaly_detection,None,isolation_forest,raw,roc_auc,0.7138596875695052,0.7138596875695052,0.0,0.0,SUCCESS
E5_DT60_PD05_SEED456,60,0.05,29.511615296803654,57.0,anomaly_detection,None,isolation_forest,raw,detection_latency,3.2459016393442623,3.2459016393442623,0.0,0.0,SUCCESS
E5_DT60_PD05_SEED456,60,0.05,29.511615296803654,57.0,anomaly_detection,None,isolation_forest,raw,threshold,0.5031683371451802,0.5031683371451802,0.0,0.0,SUCCESS
E5_DT60_PD05_SEED456,60,0.05,29.511615296803654,57.0,anomaly_detection,None,isolation_forest,residual,precision,0.04642313546423135,0.04642313546423135,0.0,0.0,SUCCESS
E5_DT60_PD05_SEED456,60,0.05,29.511615296803654,57.0,anomaly_detection,None,isolation_forest,residual,recall,1.0,1.0,0.0,0.0,SUCCESS
E5_DT60_PD05_SEED456,60,0.05,29.511615296803654,57.0,anomaly_detection,None,isolation_forest,residual,f1,0.08872727272727272,0.08872727272727272,0.0,0.0,SUCCESS
E5_DT60_PD05_SEED456,60,0.05,29.511615296803654,57.0,anomaly_detection,None,isolation_forest,residual,false_positive_rate,1.0,1.0,0.0,0.0,SUCCESS
E5_DT60_PD05_SEED456,60,0.05,29.511615296803654,57.0,anomaly_detection,None,isolation_forest,residual,pr_auc,0.04283472223404707,0.08723947003159264,-0.04440474779754557,0.5089983671549697,SUCCESS
E5_DT60_PD05_SEED456,60,0.05,29.511615296803654,57.0,anomaly_detection,None,isolation_forest,residual,roc_auc,0.497644178561616,0.6846846257506575,-0.18704044718904145,0.27317751875029866,SUCCESS
E5_DT60_PD05_SEED456,60,0.05,29.511615296803654,57.0,anomaly_detection,None,isolation_forest,residual,detection_latency,0.0,0.0,0.0,0.0,SUCCESS
E5_DT60_PD05_SEED456,60,0.05,29.511615296803654,57.0,anomaly_detection,None,isolation_forest,residual,threshold,0.29376565419608197,0.29376565419608197,0.0,0.0,SUCCESS
E5_DT60_PD05_SEED456,60,0.05,29.511615296803654,57.0,anomaly_detection,None,lstm_autoencoder,raw,precision,0.49825783972125437,0.49825783972125437,0.0,0.0,SUCCESS
E5_DT60_PD05_SEED456,60,0.05,29.511615296803654,57.0,anomaly_detection,None,lstm_autoencoder,raw,recall,0.5860655737704918,0.5860655737704918,0.0,0.0,SUCCESS
E5_DT60_PD05_SEED456,60,0.05,29.511615296803654,57.0,anomaly_detection,None,lstm_autoencoder,raw,f1,0.5386064030131827,0.5386064030131827,0.0,0.0,SUCCESS
E5_DT60_PD05_SEED456,60,0.05,29.511615296803654,57.0,anomaly_detection,None,lstm_autoencoder,raw,false_positive_rate,0.028731045490822026,0.028731045490822026,0.0,0.0,SUCCESS
E5_DT60_PD05_SEED456,60,0.05,29.511615296803654,57.0,anomaly_detection,None,lstm_autoencoder,raw,pr_auc,0.561001698584242,0.561001698584242,0.0,0.0,SUCCESS
E5_DT60_PD05_SEED456,60,0.05,29.511615296803654,57.0,anomaly_detection,None,lstm_autoencoder,raw,roc_auc,0.9493396177043946,0.9493396177043946,0.0,0.0,SUCCESS
E5_DT60_PD05_SEED456,60,0.05,29.511615296803654,57.0,anomaly_detection,None,lstm_autoencoder,raw,detection_latency,1.3442622950819672,1.3442622950819672,0.0,0.0,SUCCESS
E5_DT60_PD05_SEED456,60,0.05,29.511615296803654,57.0,anomaly_detection,None,lstm_autoencoder,raw,threshold,0.0007370078528765589,0.0007370078528765589,0.0,0.0,SUCCESS
E5_DT60_PD05_SEED456,60,0.05,29.511615296803654,57.0,anomaly_detection,None,lstm_autoencoder,residual,precision,0.04642313546423135,0.04642313546423135,0.0,0.0,SUCCESS
E5_DT60_PD05_SEED456,60,0.05,29.511615296803654,57.0,anomaly_detection,None,lstm_autoencoder,residual,recall,1.0,1.0,0.0,0.0,SUCCESS
E5_DT60_PD05_SEED456,60,0.05,29.511615296803654,57.0,anomaly_detection,None,lstm_autoencoder,residual,f1,0.08872727272727272,0.08872727272727272,0.0,0.0,SUCCESS
E5_DT60_PD05_SEED456,60,0.05,29.511615296803654,57.0,anomaly_detection,None,lstm_autoencoder,residual,false_positive_rate,1.0,1.0,0.0,0.0,SUCCESS
E5_DT60_PD05_SEED456,60,0.05,29.511615296803654,57.0,anomaly_detection,None,lstm_autoencoder,residual,pr_auc,0.08089461176412482,0.13060323921976116,-0.04970862745563634,0.380607921768261,SUCCESS
E5_DT60_PD05_SEED456,60,0.05,29.511615296803654,57.0,anomaly_detection,None,lstm_autoencoder,residual,roc_auc,0.5398690683343581,0.7428769314301413,-0.20300786309578323,0.2732725361453409,SUCCESS
E5_DT60_PD05_SEED456,60,0.05,29.511615296803654,57.0,anomaly_detection,None,lstm_autoencoder,residual,detection_latency,0.0,0.0,0.0,0.0,SUCCESS
E5_DT60_PD05_SEED456,60,0.05,29.511615296803654,57.0,anomaly_detection,None,lstm_autoencoder,residual,threshold,0.0003816792741417885,0.0003816792741417885,0.0,0.0,SUCCESS
E5_DT60_PD10_SEED456,60,0.1,29.53361872146119,57.0,load_estimation,persistence,None,raw,mae,2.46139727956991,0.4492700455803849,2.012127233989525,4.478658779465653,SUCCESS
E5_DT60_PD10_SEED456,60,0.1,29.53361872146119,57.0,load_estimation,persistence,None,raw,rmse,3.153595733405547,0.6122637034975102,2.5413320299080366,4.150714823352861,SUCCESS
E5_DT60_PD10_SEED456,60,0.1,29.53361872146119,57.0,load_estimation,persistence,None,raw,mape,81.8915704846388,14.318382192492015,67.5731882921468,4.719331233355362,SUCCESS
E5_DT60_PD10_SEED456,60,0.1,29.53361872146119,57.0,load_estimation,persistence,None,raw,r2,-0.8363380051867095,0.930782228617953,-1.7671202338046625,-1.8985324165766717,SUCCESS
E5_DT60_PD10_SEED456,60,0.1,29.53361872146119,57.0,load_estimation,xgboost,None,raw,mae,1.905376819601705,0.2750139962910154,1.6303628233106895,5.928290360849364,SUCCESS
E5_DT60_PD10_SEED456,60,0.1,29.53361872146119,57.0,load_estimation,xgboost,None,raw,rmse,2.488962930094717,0.41181042399683077,2.077152506097886,5.0439532004509715,SUCCESS
E5_DT60_PD10_SEED456,60,0.1,29.53361872146119,57.0,load_estimation,xgboost,None,raw,mape,63.481580967601815,9.136281172616451,54.345299794985365,5.94829545722288,SUCCESS
E5_DT60_PD10_SEED456,60,0.1,29.53361872146119,57.0,load_estimation,xgboost,None,raw,r2,-0.14387202967407342,0.9686862373860586,-1.1125582670601322,-1.1485228385842494,SUCCESS
E5_DT60_PD10_SEED456,60,0.1,29.53361872146119,57.0,load_estimation,lstm,None,raw,mae,1.877663385132269,0.2758453186169287,1.6018180665153403,5.806943088781629,SUCCESS
E5_DT60_PD10_SEED456,60,0.1,29.53361872146119,57.0,load_estimation,lstm,None,raw,rmse,2.3278931883633667,0.4183041673895866,1.90958902097378,4.565072905896462,SUCCESS
E5_DT60_PD10_SEED456,60,0.1,29.53361872146119,57.0,load_estimation,lstm,None,raw,mape,65.05804363032344,8.868861318649634,56.189182311673804,6.335557665505263,SUCCESS
E5_DT60_PD10_SEED456,60,0.1,29.53361872146119,57.0,load_estimation,lstm,None,raw,r2,0.002111505323694418,0.9677789047373695,-0.9656673994136751,-0.9978181945138932,SUCCESS
E5_DT60_PD10_SEED456,60,0.1,29.53361872146119,57.0,anomaly_detection,None,isolation_forest,raw,precision,0.11646586345381527,0.11646586345381527,0.0,0.0,SUCCESS
E5_DT60_PD10_SEED456,60,0.1,29.53361872146119,57.0,anomaly_detection,None,isolation_forest,raw,recall,0.11885245901639344,0.11885245901639344,0.0,0.0,SUCCESS
E5_DT60_PD10_SEED456,60,0.1,29.53361872146119,57.0,anomaly_detection,None,isolation_forest,raw,f1,0.11764705882352941,0.11764705882352941,0.0,0.0,SUCCESS
E5_DT60_PD10_SEED456,60,0.1,29.53361872146119,57.0,anomaly_detection,None,isolation_forest,raw,false_positive_rate,0.04389465283320032,0.04389465283320032,0.0,0.0,SUCCESS
E5_DT60_PD10_SEED456,60,0.1,29.53361872146119,57.0,anomaly_detection,None,isolation_forest,raw,pr_auc,0.09385708598261007,0.09385708598261007,0.0,0.0,SUCCESS
E5_DT60_PD10_SEED456,60,0.1,29.53361872146119,57.0,anomaly_detection,None,isolation_forest,raw,roc_auc,0.7138596875695052,0.7138596875695052,0.0,0.0,SUCCESS
E5_DT60_PD10_SEED456,60,0.1,29.53361872146119,57.0,anomaly_detection,None,isolation_forest,raw,detection_latency,3.2459016393442623,3.2459016393442623,0.0,0.0,SUCCESS
E5_DT60_PD10_SEED456,60,0.1,29.53361872146119,57.0,anomaly_detection,None,isolation_forest,raw,threshold,0.5031683371451802,0.5031683371451802,0.0,0.0,SUCCESS
E5_DT60_PD10_SEED456,60,0.1,29.53361872146119,57.0,anomaly_detection,None,isolation_forest,residual,precision,0.04642313546423135,0.04642313546423135,0.0,0.0,SUCCESS
E5_DT60_PD10_SEED456,60,0.1,29.53361872146119,57.0,anomaly_detection,None,isolation_forest,residual,recall,1.0,1.0,0.0,0.0,SUCCESS
E5_DT60_PD10_SEED456,60,0.1,29.53361872146119,57.0,anomaly_detection,None,isolation_forest,residual,f1,0.08872727272727272,0.08872727272727272,0.0,0.0,SUCCESS
E5_DT60_PD10_SEED456,60,0.1,29.53361872146119,57.0,anomaly_detection,None,isolation_forest,residual,false_positive_rate,1.0,1.0,0.0,0.0,SUCCESS
E5_DT60_PD10_SEED456,60,0.1,29.53361872146119,57.0,anomaly_detection,None,isolation_forest,residual,pr_auc,0.04252476749892806,0.08723947003159264,-0.04471470253266459,0.5125512857479733,SUCCESS
E5_DT60_PD10_SEED456,60,0.1,29.53361872146119,57.0,anomaly_detection,None,isolation_forest,residual,roc_auc,0.48453670207894495,0.6846846257506575,-0.20014792367171252,0.29232133473462957,SUCCESS
E5_DT60_PD10_SEED456,60,0.1,29.53361872146119,57.0,anomaly_detection,None,isolation_forest,residual,detection_latency,0.0,0.0,0.0,0.0,SUCCESS
E5_DT60_PD10_SEED456,60,0.1,29.53361872146119,57.0,anomaly_detection,None,isolation_forest,residual,threshold,0.29376565419608197,0.29376565419608197,0.0,0.0,SUCCESS
E5_DT60_PD10_SEED456,60,0.1,29.53361872146119,57.0,anomaly_detection,None,lstm_autoencoder,raw,precision,0.49825783972125437,0.49825783972125437,0.0,0.0,SUCCESS
E5_DT60_PD10_SEED456,60,0.1,29.53361872146119,57.0,anomaly_detection,None,lstm_autoencoder,raw,recall,0.5860655737704918,0.5860655737704918,0.0,0.0,SUCCESS
E5_DT60_PD10_SEED456,60,0.1,29.53361872146119,57.0,anomaly_detection,None,lstm_autoencoder,raw,f1,0.5386064030131827,0.5386064030131827,0.0,0.0,SUCCESS
E5_DT60_PD10_SEED456,60,0.1,29.53361872146119,57.0,anomaly_detection,None,lstm_autoencoder,raw,false_positive_rate,0.028731045490822026,0.028731045490822026,0.0,0.0,SUCCESS
E5_DT60_PD10_SEED456,60,0.1,29.53361872146119,57.0,anomaly_detection,None,lstm_autoencoder,raw,pr_auc,0.561001698584242,0.561001698584242,0.0,0.0,SUCCESS
E5_DT60_PD10_SEED456,60,0.1,29.53361872146119,57.0,anomaly_detection,None,lstm_autoencoder,raw,roc_auc,0.9493396177043946,0.9493396177043946,0.0,0.0,SUCCESS
E5_DT60_PD10_SEED456,60,0.1,29.53361872146119,57.0,anomaly_detection,None,lstm_autoencoder,raw,detection_latency,1.3442622950819672,1.3442622950819672,0.0,0.0,SUCCESS
E5_DT60_PD10_SEED456,60,0.1,29.53361872146119,57.0,anomaly_detection,None,lstm_autoencoder,raw,threshold,0.0007370078528765589,0.0007370078528765589,0.0,0.0,SUCCESS
E5_DT60_PD10_SEED456,60,0.1,29.53361872146119,57.0,anomaly_detection,None,lstm_autoencoder,residual,precision,0.04642313546423135,0.04642313546423135,0.0,0.0,SUCCESS
E5_DT60_PD10_SEED456,60,0.1,29.53361872146119,57.0,anomaly_detection,None,lstm_autoencoder,residual,recall,1.0,1.0,0.0,0.0,SUCCESS
E5_DT60_PD10_SEED456,60,0.1,29.53361872146119,57.0,anomaly_detection,None,lstm_autoencoder,residual,f1,0.08872727272727272,0.08872727272727272,0.0,0.0,SUCCESS
E5_DT60_PD10_SEED456,60,0.1,29.53361872146119,57.0,anomaly_detection,None,lstm_autoencoder,residual,false_positive_rate,1.0,1.0,0.0,0.0,SUCCESS
E5_DT60_PD10_SEED456,60,0.1,29.53361872146119,57.0,anomaly_detection,None,lstm_autoencoder,residual,pr_auc,0.08886227741142788,0.13060323921976116,-0.04174096180833328,0.3196012752646765,SUCCESS
E5_DT60_PD10_SEED456,60,0.1,29.53361872146119,57.0,anomaly_detection,None,lstm_autoencoder,residual,roc_auc,0.5904231483783182,0.7428769314301413,-0.1524537830518231,0.20522077964963645,SUCCESS
E5_DT60_PD10_SEED456,60,0.1,29.53361872146119,57.0,anomaly_detection,None,lstm_autoencoder,residual,detection_latency,0.0,0.0,0.0,0.0,SUCCESS
E5_DT60_PD10_SEED456,60,0.1,29.53361872146119,57.0,anomaly_detection,None,lstm_autoencoder,residual,threshold,0.0003816792741417885,0.0003816792741417885,0.0,0.0,SUCCESS
E5_DT60_PD20_SEED456,60,0.2,29.61070205479452,57.0,load_estimation,persistence,None,raw,mae,2.4918872464782753,0.4492700455803849,2.0426172008978902,4.546524347642977,SUCCESS
E5_DT60_PD20_SEED456,60,0.2,29.61070205479452,57.0,load_estimation,persistence,None,raw,rmse,3.195003189155827,0.6122637034975102,2.5827394856583163,4.21834492377159,SUCCESS
E5_DT60_PD20_SEED456,60,0.2,29.61070205479452,57.0,load_estimation,persistence,None,raw,mape,81.43717418444518,14.318382192492015,67.11879199195317,4.687596062853216,SUCCESS
E5_DT60_PD20_SEED456,60,0.2,29.61070205479452,57.0,load_estimation,persistence,None,raw,r2,-0.8848776977505435,0.930782228617953,-1.8156599263684965,-1.950681771250006,SUCCESS
E5_DT60_PD20_SEED456,60,0.2,29.61070205479452,57.0,load_estimation,xgboost,None,raw,mae,1.9123392170422697,0.2750139962910154,1.6373252207512543,5.953606881224557,SUCCESS
E5_DT60_PD20_SEED456,60,0.2,29.61070205479452,57.0,load_estimation,xgboost,None,raw,rmse,2.5059335143684156,0.41181042399683077,2.0941230903715846,5.085162901043274,SUCCESS
E5_DT60_PD20_SEED456,60,0.2,29.61070205479452,57.0,load_estimation,xgboost,None,raw,mape,63.30784495284944,9.136281172616451,54.171563780232994,5.929279403374505,SUCCESS
E5_DT60_PD20_SEED456,60,0.2,29.61070205479452,57.0,load_estimation,xgboost,None,raw,r2,-0.15952381444672725,0.9686862373860586,-1.1282100518327858,-1.1646805831341143,SUCCESS
E5_DT60_PD20_SEED456,60,0.2,29.61070205479452,57.0,load_estimation,lstm,None,raw,mae,1.8901008650697533,0.2758453186169287,1.6142555464528245,5.85203169133557,SUCCESS
E5_DT60_PD20_SEED456,60,0.2,29.61070205479452,57.0,load_estimation,lstm,None,raw,rmse,2.3261483375282683,0.4183041673895866,1.9078441701386817,4.560901656907988,SUCCESS
E5_DT60_PD20_SEED456,60,0.2,29.61070205479452,57.0,load_estimation,lstm,None,raw,mape,66.8291240539794,8.868861318649634,57.96026273532976,6.535254149644856,SUCCESS
E5_DT60_PD20_SEED456,60,0.2,29.61070205479452,57.0,load_estimation,lstm,None,raw,r2,0.0036068609047072986,0.9677789047373695,-0.9641720438326622,-0.9962730527736745,SUCCESS
E5_DT60_PD20_SEED456,60,0.2,29.61070205479452,57.0,anomaly_detection,None,isolation_forest,raw,precision,0.11646586345381527,0.11646586345381527,0.0,0.0,SUCCESS
E5_DT60_PD20_SEED456,60,0.2,29.61070205479452,57.0,anomaly_detection,None,isolation_forest,raw,recall,0.11885245901639344,0.11885245901639344,0.0,0.0,SUCCESS
E5_DT60_PD20_SEED456,60,0.2,29.61070205479452,57.0,anomaly_detection,None,isolation_forest,raw,f1,0.11764705882352941,0.11764705882352941,0.0,0.0,SUCCESS
E5_DT60_PD20_SEED456,60,0.2,29.61070205479452,57.0,anomaly_detection,None,isolation_forest,raw,false_positive_rate,0.04389465283320032,0.04389465283320032,0.0,0.0,SUCCESS
E5_DT60_PD20_SEED456,60,0.2,29.61070205479452,57.0,anomaly_detection,None,isolation_forest,raw,pr_auc,0.09385708598261007,0.09385708598261007,0.0,0.0,SUCCESS
E5_DT60_PD20_SEED456,60,0.2,29.61070205479452,57.0,anomaly_detection,None,isolation_forest,raw,roc_auc,0.7138596875695052,0.7138596875695052,0.0,0.0,SUCCESS
E5_DT60_PD20_SEED456,60,0.2,29.61070205479452,57.0,anomaly_detection,None,isolation_forest,raw,detection_latency,3.2459016393442623,3.2459016393442623,0.0,0.0,SUCCESS
E5_DT60_PD20_SEED456,60,0.2,29.61070205479452,57.0,anomaly_detection,None,isolation_forest,raw,threshold,0.5031683371451802,0.5031683371451802,0.0,0.0,SUCCESS
E5_DT60_PD20_SEED456,60,0.2,29.61070205479452,57.0,anomaly_detection,None,isolation_forest,residual,precision,0.04642313546423135,0.04642313546423135,0.0,0.0,SUCCESS
E5_DT60_PD20_SEED456,60,0.2,29.61070205479452,57.0,anomaly_detection,None,isolation_forest,residual,recall,1.0,1.0,0.0,0.0,SUCCESS
E5_DT60_PD20_SEED456,60,0.2,29.61070205479452,57.0,anomaly_detection,None,isolation_forest,residual,f1,0.08872727272727272,0.08872727272727272,0.0,0.0,SUCCESS
E5_DT60_PD20_SEED456,60,0.2,29.61070205479452,57.0,anomaly_detection,None,isolation_forest,residual,false_positive_rate,1.0,1.0,0.0,0.0,SUCCESS
E5_DT60_PD20_SEED456,60,0.2,29.61070205479452,57.0,anomaly_detection,None,isolation_forest,residual,pr_auc,0.05231756992020948,0.08723947003159264,-0.034921900111383165,0.4002993151922708,SUCCESS
E5_DT60_PD20_SEED456,60,0.2,29.61070205479452,57.0,anomaly_detection,None,isolation_forest,residual,roc_auc,0.5744675892611829,0.6846846257506575,-0.11021703648947456,0.16097489609707177,SUCCESS
E5_DT60_PD20_SEED456,60,0.2,29.61070205479452,57.0,anomaly_detection,None,isolation_forest,residual,detection_latency,0.0,0.0,0.0,0.0,SUCCESS
E5_DT60_PD20_SEED456,60,0.2,29.61070205479452,57.0,anomaly_detection,None,isolation_forest,residual,threshold,0.29376565419608197,0.29376565419608197,0.0,0.0,SUCCESS
E5_DT60_PD20_SEED456,60,0.2,29.61070205479452,57.0,anomaly_detection,None,lstm_autoencoder,raw,precision,0.49825783972125437,0.49825783972125437,0.0,0.0,SUCCESS
E5_DT60_PD20_SEED456,60,0.2,29.61070205479452,57.0,anomaly_detection,None,lstm_autoencoder,raw,recall,0.5860655737704918,0.5860655737704918,0.0,0.0,SUCCESS
E5_DT60_PD20_SEED456,60,0.2,29.61070205479452,57.0,anomaly_detection,None,lstm_autoencoder,raw,f1,0.5386064030131827,0.5386064030131827,0.0,0.0,SUCCESS
E5_DT60_PD20_SEED456,60,0.2,29.61070205479452,57.0,anomaly_detection,None,lstm_autoencoder,raw,false_positive_rate,0.028731045490822026,0.028731045490822026,0.0,0.0,SUCCESS
E5_DT60_PD20_SEED456,60,0.2,29.61070205479452,57.0,anomaly_detection,None,lstm_autoencoder,raw,pr_auc,0.561001698584242,0.561001698584242,0.0,0.0,SUCCESS
E5_DT60_PD20_SEED456,60,0.2,29.61070205479452,57.0,anomaly_detection,None,lstm_autoencoder,raw,roc_auc,0.9493396177043946,0.9493396177043946,0.0,0.0,SUCCESS
E5_DT60_PD20_SEED456,60,0.2,29.61070205479452,57.0,anomaly_detection,None,lstm_autoencoder,raw,detection_latency,1.3442622950819672,1.3442622950819672,0.0,0.0,SUCCESS
E5_DT60_PD20_SEED456,60,0.2,29.61070205479452,57.0,anomaly_detection,None,lstm_autoencoder,raw,threshold,0.0007370078528765589,0.0007370078528765589,0.0,0.0,SUCCESS
E5_DT60_PD20_SEED456,60,0.2,29.61070205479452,57.0,anomaly_detection,None,lstm_autoencoder,residual,precision,0.04642313546423135,0.04642313546423135,0.0,0.0,SUCCESS
E5_DT60_PD20_SEED456,60,0.2,29.61070205479452,57.0,anomaly_detection,None,lstm_autoencoder,residual,recall,1.0,1.0,0.0,0.0,SUCCESS
E5_DT60_PD20_SEED456,60,0.2,29.61070205479452,57.0,anomaly_detection,None,lstm_autoencoder,residual,f1,0.08872727272727272,0.08872727272727272,0.0,0.0,SUCCESS
E5_DT60_PD20_SEED456,60,0.2,29.61070205479452,57.0,anomaly_detection,None,lstm_autoencoder,residual,false_positive_rate,1.0,1.0,0.0,0.0,SUCCESS
E5_DT60_PD20_SEED456,60,0.2,29.61070205479452,57.0,anomaly_detection,None,lstm_autoencoder,residual,pr_auc,0.11387540348815416,0.13060323921976116,-0.016727835731607008,0.1280813234919825,SUCCESS
E5_DT60_PD20_SEED456,60,0.2,29.61070205479452,57.0,anomaly_detection,None,lstm_autoencoder,residual,roc_auc,0.6090587508013554,0.7428769314301413,-0.13381818062878592,0.1801350600175016,SUCCESS
E5_DT60_PD20_SEED456,60,0.2,29.61070205479452,57.0,anomaly_detection,None,lstm_autoencoder,residual,detection_latency,0.0,0.0,0.0,0.0,SUCCESS
E5_DT60_PD20_SEED456,60,0.2,29.61070205479452,57.0,anomaly_detection,None,lstm_autoencoder,residual,threshold,0.0003816792741417885,0.0003816792741417885,0.0,0.0,SUCCESS
E5_DT300_PD00_SEED456,300,0.0,149.2945205479452,284.0,load_estimation,persistence,None,raw,mae,2.519656329031586,0.4492700455803849,2.070386283451201,4.608333682199073,SUCCESS
E5_DT300_PD00_SEED456,300,0.0,149.2945205479452,284.0,load_estimation,persistence,None,raw,rmse,3.2127175356477142,0.6122637034975102,2.6004538321502038,4.247277467691302,SUCCESS
E5_DT300_PD00_SEED456,300,0.0,149.2945205479452,284.0,load_estimation,persistence,None,raw,mape,83.13378372184947,14.318382192492015,68.81540152935746,4.806087769150449,SUCCESS
E5_DT300_PD00_SEED456,300,0.0,149.2945205479452,284.0,load_estimation,persistence,None,raw,r2,-0.9058366367737043,0.930782228617953,-1.8366188653916573,-1.9731993251726685,SUCCESS
E5_DT300_PD00_SEED456,300,0.0,149.2945205479452,284.0,load_estimation,xgboost,None,raw,mae,1.9456896335340164,0.2750139962910154,1.670675637243001,6.0748749510011075,SUCCESS
E5_DT300_PD00_SEED456,300,0.0,149.2945205479452,284.0,load_estimation,xgboost,None,raw,rmse,2.527807307158963,0.41181042399683077,2.115996883162132,5.138279071776037,SUCCESS
E5_DT300_PD00_SEED456,300,0.0,149.2945205479452,284.0,load_estimation,xgboost,None,raw,mape,64.22249589006346,9.136281172616451,55.08621471744701,6.0293913548275135,SUCCESS
E5_DT300_PD00_SEED456,300,0.0,149.2945205479452,284.0,load_estimation,xgboost,None,raw,r2,-0.17985466407801876,0.9686862373860586,-1.1485409014640773,-1.1856686480478402,SUCCESS
E5_DT300_PD00_SEED456,300,0.0,149.2945205479452,284.0,load_estimation,lstm,None,raw,mae,1.9361589741529162,0.2758453186169287,1.6603136555359874,6.019002475230311,SUCCESS
E5_DT300_PD00_SEED456,300,0.0,149.2945205479452,284.0,load_estimation,lstm,None,raw,rmse,2.338061346887169,0.4183041673895866,1.9197571794975823,4.58938095567578,SUCCESS
E5_DT300_PD00_SEED456,300,0.0,149.2945205479452,284.0,load_estimation,lstm,None,raw,mape,69.31933029826706,8.868861318649634,60.450468979617426,6.816034979879646,SUCCESS
E5_DT300_PD00_SEED456,300,0.0,149.2945205479452,284.0,load_estimation,lstm,None,raw,r2,-0.006625019744765259,0.9677789047373695,-0.9744039244821348,-1.006845592223942,SUCCESS
E5_DT300_PD00_SEED456,300,0.0,149.2945205479452,284.0,anomaly_detection,None,isolation_forest,raw,precision,0.11646586345381527,0.11646586345381527,0.0,0.0,SUCCESS
E5_DT300_PD00_SEED456,300,0.0,149.2945205479452,284.0,anomaly_detection,None,isolation_forest,raw,recall,0.11885245901639344,0.11885245901639344,0.0,0.0,SUCCESS
E5_DT300_PD00_SEED456,300,0.0,149.2945205479452,284.0,anomaly_detection,None,isolation_forest,raw,f1,0.11764705882352941,0.11764705882352941,0.0,0.0,SUCCESS
E5_DT300_PD00_SEED456,300,0.0,149.2945205479452,284.0,anomaly_detection,None,isolation_forest,raw,false_positive_rate,0.04389465283320032,0.04389465283320032,0.0,0.0,SUCCESS
E5_DT300_PD00_SEED456,300,0.0,149.2945205479452,284.0,anomaly_detection,None,isolation_forest,raw,pr_auc,0.09385708598261007,0.09385708598261007,0.0,0.0,SUCCESS
E5_DT300_PD00_SEED456,300,0.0,149.2945205479452,284.0,anomaly_detection,None,isolation_forest,raw,roc_auc,0.7138596875695052,0.7138596875695052,0.0,0.0,SUCCESS
E5_DT300_PD00_SEED456,300,0.0,149.2945205479452,284.0,anomaly_detection,None,isolation_forest,raw,detection_latency,3.2459016393442623,3.2459016393442623,0.0,0.0,SUCCESS
E5_DT300_PD00_SEED456,300,0.0,149.2945205479452,284.0,anomaly_detection,None,isolation_forest,raw,threshold,0.5031683371451802,0.5031683371451802,0.0,0.0,SUCCESS
E5_DT300_PD00_SEED456,300,0.0,149.2945205479452,284.0,anomaly_detection,None,isolation_forest,residual,precision,0.04642313546423135,0.04642313546423135,0.0,0.0,SUCCESS
E5_DT300_PD00_SEED456,300,0.0,149.2945205479452,284.0,anomaly_detection,None,isolation_forest,residual,recall,1.0,1.0,0.0,0.0,SUCCESS
E5_DT300_PD00_SEED456,300,0.0,149.2945205479452,284.0,anomaly_detection,None,isolation_forest,residual,f1,0.08872727272727272,0.08872727272727272,0.0,0.0,SUCCESS
E5_DT300_PD00_SEED456,300,0.0,149.2945205479452,284.0,anomaly_detection,None,isolation_forest,residual,false_positive_rate,1.0,1.0,0.0,0.0,SUCCESS
E5_DT300_PD00_SEED456,300,0.0,149.2945205479452,284.0,anomaly_detection,None,isolation_forest,residual,pr_auc,0.05296082691227712,0.08723947003159264,-0.03427864311931553,0.3929258523338342,SUCCESS
E5_DT300_PD00_SEED456,300,0.0,149.2945205479452,284.0,anomaly_detection,None,isolation_forest,residual,roc_auc,0.5650725144898145,0.6846846257506575,-0.11961211126084292,0.17469665122056097,SUCCESS
E5_DT300_PD00_SEED456,300,0.0,149.2945205479452,284.0,anomaly_detection,None,isolation_forest,residual,detection_latency,0.0,0.0,0.0,0.0,SUCCESS
E5_DT300_PD00_SEED456,300,0.0,149.2945205479452,284.0,anomaly_detection,None,isolation_forest,residual,threshold,0.29376565419608197,0.29376565419608197,0.0,0.0,SUCCESS
E5_DT300_PD00_SEED456,300,0.0,149.2945205479452,284.0,anomaly_detection,None,lstm_autoencoder,raw,precision,0.49825783972125437,0.49825783972125437,0.0,0.0,SUCCESS
E5_DT300_PD00_SEED456,300,0.0,149.2945205479452,284.0,anomaly_detection,None,lstm_autoencoder,raw,recall,0.5860655737704918,0.5860655737704918,0.0,0.0,SUCCESS
E5_DT300_PD00_SEED456,300,0.0,149.2945205479452,284.0,anomaly_detection,None,lstm_autoencoder,raw,f1,0.5386064030131827,0.5386064030131827,0.0,0.0,SUCCESS
E5_DT300_PD00_SEED456,300,0.0,149.2945205479452,284.0,anomaly_detection,None,lstm_autoencoder,raw,false_positive_rate,0.028731045490822026,0.028731045490822026,0.0,0.0,SUCCESS
E5_DT300_PD00_SEED456,300,0.0,149.2945205479452,284.0,anomaly_detection,None,lstm_autoencoder,raw,pr_auc,0.561001698584242,0.561001698584242,0.0,0.0,SUCCESS
E5_DT300_PD00_SEED456,300,0.0,149.2945205479452,284.0,anomaly_detection,None,lstm_autoencoder,raw,roc_auc,0.9493396177043946,0.9493396177043946,0.0,0.0,SUCCESS
E5_DT300_PD00_SEED456,300,0.0,149.2945205479452,284.0,anomaly_detection,None,lstm_autoencoder,raw,detection_latency,1.3442622950819672,1.3442622950819672,0.0,0.0,SUCCESS
E5_DT300_PD00_SEED456,300,0.0,149.2945205479452,284.0,anomaly_detection,None,lstm_autoencoder,raw,threshold,0.0007370078528765589,0.0007370078528765589,0.0,0.0,SUCCESS
E5_DT300_PD00_SEED456,300,0.0,149.2945205479452,284.0,anomaly_detection,None,lstm_autoencoder,residual,precision,0.04642313546423135,0.04642313546423135,0.0,0.0,SUCCESS
E5_DT300_PD00_SEED456,300,0.0,149.2945205479452,284.0,anomaly_detection,None,lstm_autoencoder,residual,recall,1.0,1.0,0.0,0.0,SUCCESS
E5_DT300_PD00_SEED456,300,0.0,149.2945205479452,284.0,anomaly_detection,None,lstm_autoencoder,residual,f1,0.08872727272727272,0.08872727272727272,0.0,0.0,SUCCESS
E5_DT300_PD00_SEED456,300,0.0,149.2945205479452,284.0,anomaly_detection,None,lstm_autoencoder,residual,false_positive_rate,1.0,1.0,0.0,0.0,SUCCESS
E5_DT300_PD00_SEED456,300,0.0,149.2945205479452,284.0,anomaly_detection,None,lstm_autoencoder,residual,pr_auc,0.10351992822583639,0.13060323921976116,-0.027083310993924775,0.2073708979633553,SUCCESS
E5_DT300_PD00_SEED456,300,0.0,149.2945205479452,284.0,anomaly_detection,None,lstm_autoencoder,residual,roc_auc,0.6340414153572409,0.7428769314301413,-0.10883551607290043,0.1465054458796788,SUCCESS
E5_DT300_PD00_SEED456,300,0.0,149.2945205479452,284.0,anomaly_detection,None,lstm_autoencoder,residual,detection_latency,0.0,0.0,0.0,0.0,SUCCESS
E5_DT300_PD00_SEED456,300,0.0,149.2945205479452,284.0,anomaly_detection,None,lstm_autoencoder,residual,threshold,0.0003816792741417885,0.0003816792741417885,0.0,0.0,SUCCESS
E5_DT300_PD05_SEED456,300,0.05,149.2998287671233,284.0,load_estimation,persistence,None,raw,mae,2.5081746723372462,0.4492700455803849,2.058904626756861,4.5827774342201835,SUCCESS
E5_DT300_PD05_SEED456,300,0.05,149.2998287671233,284.0,load_estimation,persistence,None,raw,rmse,3.1996489217463084,0.6122637034975102,2.587385218248798,4.22593272060479,SUCCESS
E5_DT300_PD05_SEED456,300,0.05,149.2998287671233,284.0,load_estimation,persistence,None,raw,mape,82.08466523087782,14.318382192492015,67.76628303838581,4.732817026906834,SUCCESS
E5_DT300_PD05_SEED456,300,0.05,149.2998287671233,284.0,load_estimation,persistence,None,raw,r2,-0.8903631408487958,0.930782228617953,-1.8211453694667488,-1.956575140213869,SUCCESS
E5_DT300_PD05_SEED456,300,0.05,149.2998287671233,284.0,load_estimation,xgboost,None,raw,mae,1.9466538730912375,0.2750139962910154,1.671639876800222,6.0783810982162505,SUCCESS
E5_DT300_PD05_SEED456,300,0.05,149.2998287671233,284.0,load_estimation,xgboost,None,raw,rmse,2.5150014854446687,0.41181042399683077,2.1031910614478377,5.107182671665503,SUCCESS
E5_DT300_PD05_SEED456,300,0.05,149.2998287671233,284.0,load_estimation,xgboost,None,raw,mape,64.41586440642114,9.136281172616451,55.279583233804686,6.050556259092637,SUCCESS
E5_DT300_PD05_SEED456,300,0.05,149.2998287671233,284.0,load_estimation,xgboost,None,raw,r2,-0.16793070336665772,0.9686862373860586,-1.1366169407527162,-1.1733592332433755,SUCCESS
E5_DT300_PD05_SEED456,300,0.05,149.2998287671233,284.0,load_estimation,lstm,None,raw,mae,1.9310277842573242,0.2758453186169287,1.6551824656403955,6.000400782363745,SUCCESS
E5_DT300_PD05_SEED456,300,0.05,149.2998287671233,284.0,load_estimation,lstm,None,raw,rmse,2.3261520358265195,0.4183041673895866,1.9078478684369329,4.560910498077977,SUCCESS
E5_DT300_PD05_SEED456,300,0.05,149.2998287671233,284.0,load_estimation,lstm,None,raw,mape,69.22304484363642,8.868861318649634,60.35418352498678,6.8051784052675055,SUCCESS
E5_DT300_PD05_SEED456,300,0.05,149.2998287671233,284.0,load_estimation,lstm,None,raw,r2,0.0036036926098282906,0.9677789047373695,-0.9641752121275412,-0.9962763265533193,SUCCESS
E5_DT300_PD05_SEED456,300,0.05,149.2998287671233,284.0,anomaly_detection,None,isolation_forest,raw,precision,0.11646586345381527,0.11646586345381527,0.0,0.0,SUCCESS
E5_DT300_PD05_SEED456,300,0.05,149.2998287671233,284.0,anomaly_detection,None,isolation_forest,raw,recall,0.11885245901639344,0.11885245901639344,0.0,0.0,SUCCESS
E5_DT300_PD05_SEED456,300,0.05,149.2998287671233,284.0,anomaly_detection,None,isolation_forest,raw,f1,0.11764705882352941,0.11764705882352941,0.0,0.0,SUCCESS
E5_DT300_PD05_SEED456,300,0.05,149.2998287671233,284.0,anomaly_detection,None,isolation_forest,raw,false_positive_rate,0.04389465283320032,0.04389465283320032,0.0,0.0,SUCCESS
E5_DT300_PD05_SEED456,300,0.05,149.2998287671233,284.0,anomaly_detection,None,isolation_forest,raw,pr_auc,0.09385708598261007,0.09385708598261007,0.0,0.0,SUCCESS
E5_DT300_PD05_SEED456,300,0.05,149.2998287671233,284.0,anomaly_detection,None,isolation_forest,raw,roc_auc,0.7138596875695052,0.7138596875695052,0.0,0.0,SUCCESS
E5_DT300_PD05_SEED456,300,0.05,149.2998287671233,284.0,anomaly_detection,None,isolation_forest,raw,detection_latency,3.2459016393442623,3.2459016393442623,0.0,0.0,SUCCESS
E5_DT300_PD05_SEED456,300,0.05,149.2998287671233,284.0,anomaly_detection,None,isolation_forest,raw,threshold,0.5031683371451802,0.5031683371451802,0.0,0.0,SUCCESS
E5_DT300_PD05_SEED456,300,0.05,149.2998287671233,284.0,anomaly_detection,None,isolation_forest,residual,precision,0.04642313546423135,0.04642313546423135,0.0,0.0,SUCCESS
E5_DT300_PD05_SEED456,300,0.05,149.2998287671233,284.0,anomaly_detection,None,isolation_forest,residual,recall,1.0,1.0,0.0,0.0,SUCCESS
E5_DT300_PD05_SEED456,300,0.05,149.2998287671233,284.0,anomaly_detection,None,isolation_forest,residual,f1,0.08872727272727272,0.08872727272727272,0.0,0.0,SUCCESS
E5_DT300_PD05_SEED456,300,0.05,149.2998287671233,284.0,anomaly_detection,None,isolation_forest,residual,false_positive_rate,1.0,1.0,0.0,0.0,SUCCESS
E5_DT300_PD05_SEED456,300,0.05,149.2998287671233,284.0,anomaly_detection,None,isolation_forest,residual,pr_auc,0.050174020043461665,0.08723947003159264,-0.03706544998813098,0.4248701874817466,SUCCESS
E5_DT300_PD05_SEED456,300,0.05,149.2998287671233,284.0,anomaly_detection,None,isolation_forest,residual,roc_auc,0.5355536057723758,0.6846846257506575,-0.1491310199782817,0.21780979792671867,SUCCESS
E5_DT300_PD05_SEED456,300,0.05,149.2998287671233,284.0,anomaly_detection,None,isolation_forest,residual,detection_latency,0.0,0.0,0.0,0.0,SUCCESS
E5_DT300_PD05_SEED456,300,0.05,149.2998287671233,284.0,anomaly_detection,None,isolation_forest,residual,threshold,0.29376565419608197,0.29376565419608197,0.0,0.0,SUCCESS
E5_DT300_PD05_SEED456,300,0.05,149.2998287671233,284.0,anomaly_detection,None,lstm_autoencoder,raw,precision,0.49825783972125437,0.49825783972125437,0.0,0.0,SUCCESS
E5_DT300_PD05_SEED456,300,0.05,149.2998287671233,284.0,anomaly_detection,None,lstm_autoencoder,raw,recall,0.5860655737704918,0.5860655737704918,0.0,0.0,SUCCESS
E5_DT300_PD05_SEED456,300,0.05,149.2998287671233,284.0,anomaly_detection,None,lstm_autoencoder,raw,f1,0.5386064030131827,0.5386064030131827,0.0,0.0,SUCCESS
E5_DT300_PD05_SEED456,300,0.05,149.2998287671233,284.0,anomaly_detection,None,lstm_autoencoder,raw,false_positive_rate,0.028731045490822026,0.028731045490822026,0.0,0.0,SUCCESS
E5_DT300_PD05_SEED456,300,0.05,149.2998287671233,284.0,anomaly_detection,None,lstm_autoencoder,raw,pr_auc,0.561001698584242,0.561001698584242,0.0,0.0,SUCCESS
E5_DT300_PD05_SEED456,300,0.05,149.2998287671233,284.0,anomaly_detection,None,lstm_autoencoder,raw,roc_auc,0.9493396177043946,0.9493396177043946,0.0,0.0,SUCCESS
E5_DT300_PD05_SEED456,300,0.05,149.2998287671233,284.0,anomaly_detection,None,lstm_autoencoder,raw,detection_latency,1.3442622950819672,1.3442622950819672,0.0,0.0,SUCCESS
E5_DT300_PD05_SEED456,300,0.05,149.2998287671233,284.0,anomaly_detection,None,lstm_autoencoder,raw,threshold,0.0007370078528765589,0.0007370078528765589,0.0,0.0,SUCCESS
E5_DT300_PD05_SEED456,300,0.05,149.2998287671233,284.0,anomaly_detection,None,lstm_autoencoder,residual,precision,0.04642313546423135,0.04642313546423135,0.0,0.0,SUCCESS
E5_DT300_PD05_SEED456,300,0.05,149.2998287671233,284.0,anomaly_detection,None,lstm_autoencoder,residual,recall,1.0,1.0,0.0,0.0,SUCCESS
E5_DT300_PD05_SEED456,300,0.05,149.2998287671233,284.0,anomaly_detection,None,lstm_autoencoder,residual,f1,0.08872727272727272,0.08872727272727272,0.0,0.0,SUCCESS
E5_DT300_PD05_SEED456,300,0.05,149.2998287671233,284.0,anomaly_detection,None,lstm_autoencoder,residual,false_positive_rate,1.0,1.0,0.0,0.0,SUCCESS
E5_DT300_PD05_SEED456,300,0.05,149.2998287671233,284.0,anomaly_detection,None,lstm_autoencoder,residual,pr_auc,0.09044194477975741,0.13060323921976116,-0.040161294440003756,0.3075061130178085,SUCCESS
E5_DT300_PD05_SEED456,300,0.05,149.2998287671233,284.0,anomaly_detection,None,lstm_autoencoder,residual,roc_auc,0.576866340455039,0.7428769314301413,-0.1660105909751023,0.22346984265012623,SUCCESS
E5_DT300_PD05_SEED456,300,0.05,149.2998287671233,284.0,anomaly_detection,None,lstm_autoencoder,residual,detection_latency,0.0,0.0,0.0,0.0,SUCCESS
E5_DT300_PD05_SEED456,300,0.05,149.2998287671233,284.0,anomaly_detection,None,lstm_autoencoder,residual,threshold,0.0003816792741417885,0.0003816792741417885,0.0,0.0,SUCCESS
E5_DT300_PD10_SEED456,300,0.1,149.30539383561643,284.0,load_estimation,persistence,None,raw,mae,2.493742996563106,0.4492700455803849,2.044472950982721,4.550654937035897,SUCCESS
E5_DT300_PD10_SEED456,300,0.1,149.30539383561643,284.0,load_estimation,persistence,None,raw,rmse,3.227741352344465,0.6122637034975102,2.615477648846955,4.271815614589328,SUCCESS
E5_DT300_PD10_SEED456,300,0.1,149.30539383561643,284.0,load_estimation,persistence,None,raw,mape,80.20400922603422,14.318382192492015,65.8856270335422,4.601471461495837,SUCCESS
E5_DT300_PD10_SEED456,300,0.1,149.30539383561643,284.0,load_estimation,persistence,None,raw,r2,-0.9237030622550395,0.930782228617953,-1.8544852908729925,-1.992394390282435,SUCCESS
E5_DT300_PD10_SEED456,300,0.1,149.30539383561643,284.0,load_estimation,xgboost,None,raw,mae,1.9848076657617473,0.2750139962910154,1.7097936694707319,6.217115101521799,SUCCESS
E5_DT300_PD10_SEED456,300,0.1,149.30539383561643,284.0,load_estimation,xgboost,None,raw,rmse,2.549865685957072,0.41181042399683077,2.1380552619602415,5.191843473045975,SUCCESS
E5_DT300_PD10_SEED456,300,0.1,149.30539383561643,284.0,load_estimation,xgboost,None,raw,mape,66.03494759625904,9.136281172616451,56.898666423642595,6.227770944066505,SUCCESS
E5_DT300_PD10_SEED456,300,0.1,149.30539383561643,284.0,load_estimation,xgboost,None,raw,r2,-0.20053601494606155,0.9686862373860586,-1.16922225233212,-1.2070185445053867,SUCCESS
E5_DT300_PD10_SEED456,300,0.1,149.30539383561643,284.0,load_estimation,lstm,None,raw,mae,1.9275818555413846,0.2758453186169287,1.6517365369244559,5.987908532238866,SUCCESS
E5_DT300_PD10_SEED456,300,0.1,149.30539383561643,284.0,load_estimation,lstm,None,raw,rmse,2.311172519965734,0.4183041673895866,1.8928683525761474,4.525100393784098,SUCCESS
E5_DT300_PD10_SEED456,300,0.1,149.30539383561643,284.0,load_estimation,lstm,None,raw,mape,70.86666398174741,8.868861318649634,61.99780266309777,6.990503113711728,SUCCESS
E5_DT300_PD10_SEED456,300,0.1,149.30539383561643,284.0,load_estimation,lstm,None,raw,r2,0.01639518408453544,0.9677789047373695,-0.951383720652834,-0.9830589569536188,SUCCESS
E5_DT300_PD10_SEED456,300,0.1,149.30539383561643,284.0,anomaly_detection,None,isolation_forest,raw,precision,0.11646586345381527,0.11646586345381527,0.0,0.0,SUCCESS
E5_DT300_PD10_SEED456,300,0.1,149.30539383561643,284.0,anomaly_detection,None,isolation_forest,raw,recall,0.11885245901639344,0.11885245901639344,0.0,0.0,SUCCESS
E5_DT300_PD10_SEED456,300,0.1,149.30539383561643,284.0,anomaly_detection,None,isolation_forest,raw,f1,0.11764705882352941,0.11764705882352941,0.0,0.0,SUCCESS
E5_DT300_PD10_SEED456,300,0.1,149.30539383561643,284.0,anomaly_detection,None,isolation_forest,raw,false_positive_rate,0.04389465283320032,0.04389465283320032,0.0,0.0,SUCCESS
E5_DT300_PD10_SEED456,300,0.1,149.30539383561643,284.0,anomaly_detection,None,isolation_forest,raw,pr_auc,0.09385708598261007,0.09385708598261007,0.0,0.0,SUCCESS
E5_DT300_PD10_SEED456,300,0.1,149.30539383561643,284.0,anomaly_detection,None,isolation_forest,raw,roc_auc,0.7138596875695052,0.7138596875695052,0.0,0.0,SUCCESS
E5_DT300_PD10_SEED456,300,0.1,149.30539383561643,284.0,anomaly_detection,None,isolation_forest,raw,detection_latency,3.2459016393442623,3.2459016393442623,0.0,0.0,SUCCESS
E5_DT300_PD10_SEED456,300,0.1,149.30539383561643,284.0,anomaly_detection,None,isolation_forest,raw,threshold,0.5031683371451802,0.5031683371451802,0.0,0.0,SUCCESS
E5_DT300_PD10_SEED456,300,0.1,149.30539383561643,284.0,anomaly_detection,None,isolation_forest,residual,precision,0.04642313546423135,0.04642313546423135,0.0,0.0,SUCCESS
E5_DT300_PD10_SEED456,300,0.1,149.30539383561643,284.0,anomaly_detection,None,isolation_forest,residual,recall,1.0,1.0,0.0,0.0,SUCCESS
E5_DT300_PD10_SEED456,300,0.1,149.30539383561643,284.0,anomaly_detection,None,isolation_forest,residual,f1,0.08872727272727272,0.08872727272727272,0.0,0.0,SUCCESS
E5_DT300_PD10_SEED456,300,0.1,149.30539383561643,284.0,anomaly_detection,None,isolation_forest,residual,false_positive_rate,1.0,1.0,0.0,0.0,SUCCESS
E5_DT300_PD10_SEED456,300,0.1,149.30539383561643,284.0,anomaly_detection,None,isolation_forest,residual,pr_auc,0.04453476885500608,0.08723947003159264,-0.04270470117658656,0.4895112402805933,SUCCESS
E5_DT300_PD10_SEED456,300,0.1,149.30539383561643,284.0,anomaly_detection,None,isolation_forest,residual,roc_auc,0.5043211865293786,0.6846846257506575,-0.18036343922127884,0.2634255720632495,SUCCESS
E5_DT300_PD10_SEED456,300,0.1,149.30539383561643,284.0,anomaly_detection,None,isolation_forest,residual,detection_latency,0.0,0.0,0.0,0.0,SUCCESS
E5_DT300_PD10_SEED456,300,0.1,149.30539383561643,284.0,anomaly_detection,None,isolation_forest,residual,threshold,0.29376565419608197,0.29376565419608197,0.0,0.0,SUCCESS
E5_DT300_PD10_SEED456,300,0.1,149.30539383561643,284.0,anomaly_detection,None,lstm_autoencoder,raw,precision,0.49825783972125437,0.49825783972125437,0.0,0.0,SUCCESS
E5_DT300_PD10_SEED456,300,0.1,149.30539383561643,284.0,anomaly_detection,None,lstm_autoencoder,raw,recall,0.5860655737704918,0.5860655737704918,0.0,0.0,SUCCESS
E5_DT300_PD10_SEED456,300,0.1,149.30539383561643,284.0,anomaly_detection,None,lstm_autoencoder,raw,f1,0.5386064030131827,0.5386064030131827,0.0,0.0,SUCCESS
E5_DT300_PD10_SEED456,300,0.1,149.30539383561643,284.0,anomaly_detection,None,lstm_autoencoder,raw,false_positive_rate,0.028731045490822026,0.028731045490822026,0.0,0.0,SUCCESS
E5_DT300_PD10_SEED456,300,0.1,149.30539383561643,284.0,anomaly_detection,None,lstm_autoencoder,raw,pr_auc,0.561001698584242,0.561001698584242,0.0,0.0,SUCCESS
E5_DT300_PD10_SEED456,300,0.1,149.30539383561643,284.0,anomaly_detection,None,lstm_autoencoder,raw,roc_auc,0.9493396177043946,0.9493396177043946,0.0,0.0,SUCCESS
E5_DT300_PD10_SEED456,300,0.1,149.30539383561643,284.0,anomaly_detection,None,lstm_autoencoder,raw,detection_latency,1.3442622950819672,1.3442622950819672,0.0,0.0,SUCCESS
E5_DT300_PD10_SEED456,300,0.1,149.30539383561643,284.0,anomaly_detection,None,lstm_autoencoder,raw,threshold,0.0007370078528765589,0.0007370078528765589,0.0,0.0,SUCCESS
E5_DT300_PD10_SEED456,300,0.1,149.30539383561643,284.0,anomaly_detection,None,lstm_autoencoder,residual,precision,0.04642313546423135,0.04642313546423135,0.0,0.0,SUCCESS
E5_DT300_PD10_SEED456,300,0.1,149.30539383561643,284.0,anomaly_detection,None,lstm_autoencoder,residual,recall,1.0,1.0,0.0,0.0,SUCCESS
E5_DT300_PD10_SEED456,300,0.1,149.30539383561643,284.0,anomaly_detection,None,lstm_autoencoder,residual,f1,0.08872727272727272,0.08872727272727272,0.0,0.0,SUCCESS
E5_DT300_PD10_SEED456,300,0.1,149.30539383561643,284.0,anomaly_detection,None,lstm_autoencoder,residual,false_positive_rate,1.0,1.0,0.0,0.0,SUCCESS
E5_DT300_PD10_SEED456,300,0.1,149.30539383561643,284.0,anomaly_detection,None,lstm_autoencoder,residual,pr_auc,0.08825046838416696,0.13060323921976116,-0.0423527708355942,0.3242857611236486,SUCCESS
E5_DT300_PD10_SEED456,300,0.1,149.30539383561643,284.0,anomaly_detection,None,lstm_autoencoder,residual,roc_auc,0.5578644041186398,0.7428769314301413,-0.18501252731150153,0.24904869095251983,SUCCESS
E5_DT300_PD10_SEED456,300,0.1,149.30539383561643,284.0,anomaly_detection,None,lstm_autoencoder,residual,detection_latency,0.0,0.0,0.0,0.0,SUCCESS
E5_DT300_PD10_SEED456,300,0.1,149.30539383561643,284.0,anomaly_detection,None,lstm_autoencoder,residual,threshold,0.0003816792741417885,0.0003816792741417885,0.0,0.0,SUCCESS
E5_DT300_PD20_SEED456,300,0.2,149.35419520547944,285.0,load_estimation,persistence,None,raw,mae,2.4976056293446907,0.4492700455803849,2.0483355837643056,4.559252511745322,SUCCESS
E5_DT300_PD20_SEED456,300,0.2,149.35419520547944,285.0,load_estimation,persistence,None,raw,rmse,3.196819288837848,0.6122637034975102,2.584555585340338,4.22131112880979,SUCCESS
E5_DT300_PD20_SEED456,300,0.2,149.35419520547944,285.0,load_estimation,persistence,None,raw,mape,85.30386277585444,14.318382192492015,70.98548058336243,4.957646724962012,SUCCESS
E5_DT300_PD20_SEED456,300,0.2,149.35419520547944,285.0,load_estimation,persistence,None,raw,r2,-0.8870211063603233,0.930782228617953,-1.8178033349782763,-1.952984574788662,SUCCESS
E5_DT300_PD20_SEED456,300,0.2,149.35419520547944,285.0,load_estimation,xgboost,None,raw,mae,1.971622311361304,0.2750139962910154,1.6966083150702886,6.16917079840171,SUCCESS
E5_DT300_PD20_SEED456,300,0.2,149.35419520547944,285.0,load_estimation,xgboost,None,raw,rmse,2.546699784526875,0.41181042399683077,2.1348893605300443,5.184155708857127,SUCCESS
E5_DT300_PD20_SEED456,300,0.2,149.35419520547944,285.0,load_estimation,xgboost,None,raw,mape,67.81269740158562,9.136281172616451,58.676416228969174,6.422352281017354,SUCCESS
E5_DT300_PD20_SEED456,300,0.2,149.35419520547944,285.0,load_estimation,xgboost,None,raw,r2,-0.19755670572751738,0.9686862373860586,-1.1662429431135761,-1.2039429261022767,SUCCESS
E5_DT300_PD20_SEED456,300,0.2,149.35419520547944,285.0,load_estimation,lstm,None,raw,mae,1.9094287946168174,0.2758453186169287,1.6335834759998886,5.922099690473541,SUCCESS
E5_DT300_PD20_SEED456,300,0.2,149.35419520547944,285.0,load_estimation,lstm,None,raw,rmse,2.312258408812322,0.4183041673895866,1.8939542414227355,4.5276963250017195,SUCCESS
E5_DT300_PD20_SEED456,300,0.2,149.35419520547944,285.0,load_estimation,lstm,None,raw,mape,67.99871003851854,8.868861318649634,59.1298487198689,6.66712970193021,SUCCESS
E5_DT300_PD20_SEED456,300,0.2,149.35419520547944,285.0,load_estimation,lstm,None,raw,r2,0.01547068675150276,0.9677789047373695,-0.9523082179858667,-0.9840142343713297,SUCCESS
E5_DT300_PD20_SEED456,300,0.2,149.35419520547944,285.0,anomaly_detection,None,isolation_forest,raw,precision,0.11646586345381527,0.11646586345381527,0.0,0.0,SUCCESS
E5_DT300_PD20_SEED456,300,0.2,149.35419520547944,285.0,anomaly_detection,None,isolation_forest,raw,recall,0.11885245901639344,0.11885245901639344,0.0,0.0,SUCCESS
E5_DT300_PD20_SEED456,300,0.2,149.35419520547944,285.0,anomaly_detection,None,isolation_forest,raw,f1,0.11764705882352941,0.11764705882352941,0.0,0.0,SUCCESS
E5_DT300_PD20_SEED456,300,0.2,149.35419520547944,285.0,anomaly_detection,None,isolation_forest,raw,false_positive_rate,0.04389465283320032,0.04389465283320032,0.0,0.0,SUCCESS
E5_DT300_PD20_SEED456,300,0.2,149.35419520547944,285.0,anomaly_detection,None,isolation_forest,raw,pr_auc,0.09385708598261007,0.09385708598261007,0.0,0.0,SUCCESS
E5_DT300_PD20_SEED456,300,0.2,149.35419520547944,285.0,anomaly_detection,None,isolation_forest,raw,roc_auc,0.7138596875695052,0.7138596875695052,0.0,0.0,SUCCESS
E5_DT300_PD20_SEED456,300,0.2,149.35419520547944,285.0,anomaly_detection,None,isolation_forest,raw,detection_latency,3.2459016393442623,3.2459016393442623,0.0,0.0,SUCCESS
E5_DT300_PD20_SEED456,300,0.2,149.35419520547944,285.0,anomaly_detection,None,isolation_forest,raw,threshold,0.5031683371451802,0.5031683371451802,0.0,0.0,SUCCESS
E5_DT300_PD20_SEED456,300,0.2,149.35419520547944,285.0,anomaly_detection,None,isolation_forest,residual,precision,0.04642313546423135,0.04642313546423135,0.0,0.0,SUCCESS
E5_DT300_PD20_SEED456,300,0.2,149.35419520547944,285.0,anomaly_detection,None,isolation_forest,residual,recall,1.0,1.0,0.0,0.0,SUCCESS
E5_DT300_PD20_SEED456,300,0.2,149.35419520547944,285.0,anomaly_detection,None,isolation_forest,residual,f1,0.08872727272727272,0.08872727272727272,0.0,0.0,SUCCESS
E5_DT300_PD20_SEED456,300,0.2,149.35419520547944,285.0,anomaly_detection,None,isolation_forest,residual,false_positive_rate,1.0,1.0,0.0,0.0,SUCCESS
E5_DT300_PD20_SEED456,300,0.2,149.35419520547944,285.0,anomaly_detection,None,isolation_forest,residual,pr_auc,0.041072885138707466,0.08723947003159264,-0.04616658489288518,0.5291937797898881,SUCCESS
E5_DT300_PD20_SEED456,300,0.2,149.35419520547944,285.0,anomaly_detection,None,isolation_forest,residual,roc_auc,0.47481454345636054,0.6846846257506575,-0.20987008229429693,0.3065208044714087,SUCCESS
E5_DT300_PD20_SEED456,300,0.2,149.35419520547944,285.0,anomaly_detection,None,isolation_forest,residual,detection_latency,0.0,0.0,0.0,0.0,SUCCESS
E5_DT300_PD20_SEED456,300,0.2,149.35419520547944,285.0,anomaly_detection,None,isolation_forest,residual,threshold,0.29376565419608197,0.29376565419608197,0.0,0.0,SUCCESS
E5_DT300_PD20_SEED456,300,0.2,149.35419520547944,285.0,anomaly_detection,None,lstm_autoencoder,raw,precision,0.49825783972125437,0.49825783972125437,0.0,0.0,SUCCESS
E5_DT300_PD20_SEED456,300,0.2,149.35419520547944,285.0,anomaly_detection,None,lstm_autoencoder,raw,recall,0.5860655737704918,0.5860655737704918,0.0,0.0,SUCCESS
E5_DT300_PD20_SEED456,300,0.2,149.35419520547944,285.0,anomaly_detection,None,lstm_autoencoder,raw,f1,0.5386064030131827,0.5386064030131827,0.0,0.0,SUCCESS
E5_DT300_PD20_SEED456,300,0.2,149.35419520547944,285.0,anomaly_detection,None,lstm_autoencoder,raw,false_positive_rate,0.028731045490822026,0.028731045490822026,0.0,0.0,SUCCESS
E5_DT300_PD20_SEED456,300,0.2,149.35419520547944,285.0,anomaly_detection,None,lstm_autoencoder,raw,pr_auc,0.561001698584242,0.561001698584242,0.0,0.0,SUCCESS
E5_DT300_PD20_SEED456,300,0.2,149.35419520547944,285.0,anomaly_detection,None,lstm_autoencoder,raw,roc_auc,0.9493396177043946,0.9493396177043946,0.0,0.0,SUCCESS
E5_DT300_PD20_SEED456,300,0.2,149.35419520547944,285.0,anomaly_detection,None,lstm_autoencoder,raw,detection_latency,1.3442622950819672,1.3442622950819672,0.0,0.0,SUCCESS
E5_DT300_PD20_SEED456,300,0.2,149.35419520547944,285.0,anomaly_detection,None,lstm_autoencoder,raw,threshold,0.0007370078528765589,0.0007370078528765589,0.0,0.0,SUCCESS
E5_DT300_PD20_SEED456,300,0.2,149.35419520547944,285.0,anomaly_detection,None,lstm_autoencoder,residual,precision,0.04642313546423135,0.04642313546423135,0.0,0.0,SUCCESS
E5_DT300_PD20_SEED456,300,0.2,149.35419520547944,285.0,anomaly_detection,None,lstm_autoencoder,residual,recall,1.0,1.0,0.0,0.0,SUCCESS
E5_DT300_PD20_SEED456,300,0.2,149.35419520547944,285.0,anomaly_detection,None,lstm_autoencoder,residual,f1,0.08872727272727272,0.08872727272727272,0.0,0.0,SUCCESS
E5_DT300_PD20_SEED456,300,0.2,149.35419520547944,285.0,anomaly_detection,None,lstm_autoencoder,residual,false_positive_rate,1.0,1.0,0.0,0.0,SUCCESS
E5_DT300_PD20_SEED456,300,0.2,149.35419520547944,285.0,anomaly_detection,None,lstm_autoencoder,residual,pr_auc,0.10710660113488288,0.13060323921976116,-0.023496638084878285,0.17990853998147302,SUCCESS
E5_DT300_PD20_SEED456,300,0.2,149.35419520547944,285.0,anomaly_detection,None,lstm_autoencoder,residual,roc_auc,0.5502425326756767,0.7428769314301413,-0.19263439875446464,0.25930862920136266,SUCCESS
E5_DT300_PD20_SEED456,300,0.2,149.35419520547944,285.0,anomaly_detection,None,lstm_autoencoder,residual,detection_latency,0.0,0.0,0.0,0.0,SUCCESS
E5_DT300_PD20_SEED456,300,0.2,149.35419520547944,285.0,anomaly_detection,None,lstm_autoencoder,residual,threshold,0.0003816792741417885,0.0003816792741417885,0.0,0.0,SUCCESS
