condition_id,staleness_seconds,packet_drop_rate,realized_mean_aoi,realized_p95_aoi,task,model,detector,representation,metric,value,baseline_value,absolute_delta,relative_degradation,status
E5_DT0_PD00_SEED789,0,0.0,0.0,0.0,load_estimation,persistence,None,raw,mae,0.4498919691646662,0.4498919691646662,0.0,0.0,SUCCESS
E5_DT0_PD00_SEED789,0,0.0,0.0,0.0,load_estimation,persistence,None,raw,rmse,0.6124154498606276,0.6124154498606276,0.0,0.0,SUCCESS
E5_DT0_PD00_SEED789,0,0.0,0.0,0.0,load_estimation,persistence,None,raw,mape,14.12149407205246,14.12149407205246,0.0,0.0,SUCCESS
E5_DT0_PD00_SEED789,0,0.0,0.0,0.0,load_estimation,persistence,None,raw,r2,0.9307479138394198,0.9307479138394198,0.0,0.0,SUCCESS
E5_DT0_PD00_SEED789,0,0.0,0.0,0.0,load_estimation,xgboost,None,raw,mae,0.27502327259272746,0.27502327259272746,0.0,0.0,SUCCESS
E5_DT0_PD00_SEED789,0,0.0,0.0,0.0,load_estimation,xgboost,None,raw,rmse,0.41448894154272264,0.41448894154272264,0.0,0.0,SUCCESS
E5_DT0_PD00_SEED789,0,0.0,0.0,0.0,load_estimation,xgboost,None,raw,mape,9.085560043649886,9.085560043649886,0.0,0.0,SUCCESS
E5_DT0_PD00_SEED789,0,0.0,0.0,0.0,load_estimation,xgboost,None,raw,r2,0.9682775676298727,0.9682775676298727,0.0,0.0,SUCCESS
E5_DT0_PD00_SEED789,0,0.0,0.0,0.0,load_estimation,lstm,None,raw,mae,0.2799320810273526,0.2799320810273526,0.0,0.0,SUCCESS
E5_DT0_PD00_SEED789,0,0.0,0.0,0.0,load_estimation,lstm,None,raw,rmse,0.42131145625414734,0.42131145625414734,0.0,0.0,SUCCESS
E5_DT0_PD00_SEED789,0,0.0,0.0,0.0,load_estimation,lstm,None,raw,mape,8.950627129882083,8.950627129882083,0.0,0.0,SUCCESS
E5_DT0_PD00_SEED789,0,0.0,0.0,0.0,load_estimation,lstm,None,raw,r2,0.9673139490398543,0.9673139490398543,0.0,0.0,SUCCESS
E5_DT0_PD00_SEED789,0,0.0,0.0,0.0,anomaly_detection,None,isolation_forest,raw,precision,0.11646586345381527,0.11646586345381527,0.0,0.0,SUCCESS
E5_DT0_PD00_SEED789,0,0.0,0.0,0.0,anomaly_detection,None,isolation_forest,raw,recall,0.11885245901639344,0.11885245901639344,0.0,0.0,SUCCESS
E5_DT0_PD00_SEED789,0,0.0,0.0,0.0,anomaly_detection,None,isolation_forest,raw,f1,0.11764705882352941,0.11764705882352941,0.0,0.0,SUCCESS
E5_DT0_PD00_SEED789,0,0.0,0.0,0.0,anomaly_detection,None,isolation_forest,raw,false_positive_rate,0.04389465283320032,0.04389465283320032,0.0,0.0,SUCCESS
E5_DT0_PD00_SEED789,0,0.0,0.0,0.0,anomaly_detection,None,isolation_forest,raw,pr_auc,0.09385708598261007,0.09385708598261007,0.0,0.0,SUCCESS
E5_DT0_PD00_SEED789,0,0.0,0.0,0.0,anomaly_detection,None,isolation_forest,raw,roc_auc,0.7138596875695052,0.7138596875695052,0.0,0.0,SUCCESS
E5_DT0_PD00_SEED789,0,0.0,0.0,0.0,anomaly_detection,None,isolation_forest,raw,detection_latency,3.2459016393442623,3.2459016393442623,0.0,0.0,SUCCESS
E5_DT0_PD00_SEED789,0,0.0,0.0,0.0,anomaly_detection,None,isolation_forest,raw,threshold,0.5031683371451802,0.5031683371451802,0.0,0.0,SUCCESS
E5_DT0_PD00_SEED789,0,0.0,0.0,0.0,anomaly_detection,None,isolation_forest,residual,precision,0.04642313546423135,0.04642313546423135,0.0,0.0,SUCCESS
E5_DT0_PD00_SEED789,0,0.0,0.0,0.0,anomaly_detection,None,isolation_forest,residual,recall,1.0,1.0,0.0,0.0,SUCCESS
E5_DT0_PD00_SEED789,0,0.0,0.0,0.0,anomaly_detection,None,isolation_forest,residual,f1,0.08872727272727272,0.08872727272727272,0.0,0.0,SUCCESS
E5_DT0_PD00_SEED789,0,0.0,0.0,0.0,anomaly_detection,None,isolation_forest,residual,false_positive_rate,1.0,1.0,0.0,0.0,SUCCESS
E5_DT0_PD00_SEED789,0,0.0,0.0,0.0,anomaly_detection,None,isolation_forest,residual,pr_auc,0.08213935081255075,0.08213935081255075,0.0,0.0,SUCCESS
E5_DT0_PD00_SEED789,0,0.0,0.0,0.0,anomaly_detection,None,isolation_forest,residual,roc_auc,0.6862922428793846,0.6862922428793846,0.0,0.0,SUCCESS
E5_DT0_PD00_SEED789,0,0.0,0.0,0.0,anomaly_detection,None,isolation_forest,residual,detection_latency,0.0,0.0,0.0,0.0,SUCCESS
E5_DT0_PD00_SEED789,0,0.0,0.0,0.0,anomaly_detection,None,isolation_forest,residual,threshold,0.29376565419608197,0.29376565419608197,0.0,0.0,SUCCESS
E5_DT0_PD00_SEED789,0,0.0,0.0,0.0,anomaly_detection,None,lstm_autoencoder,raw,precision,0.49825783972125437,0.49825783972125437,0.0,0.0,SUCCESS
E5_DT0_PD00_SEED789,0,0.0,0.0,0.0,anomaly_detection,None,lstm_autoencoder,raw,recall,0.5860655737704918,0.5860655737704918,0.0,0.0,SUCCESS
E5_DT0_PD00_SEED789,0,0.0,0.0,0.0,anomaly_detection,None,lstm_autoencoder,raw,f1,0.5386064030131827,0.5386064030131827,0.0,0.0,SUCCESS
E5_DT0_PD00_SEED789,0,0.0,0.0,0.0,anomaly_detection,None,lstm_autoencoder,raw,false_positive_rate,0.028731045490822026,0.028731045490822026,0.0,0.0,SUCCESS
E5_DT0_PD00_SEED789,0,0.0,0.0,0.0,anomaly_detection,None,lstm_autoencoder,raw,pr_auc,0.561001698584242,0.561001698584242,0.0,0.0,SUCCESS
E5_DT0_PD00_SEED789,0,0.0,0.0,0.0,anomaly_detection,None,lstm_autoencoder,raw,roc_auc,0.9493396177043946,0.9493396177043946,0.0,0.0,SUCCESS
E5_DT0_PD00_SEED789,0,0.0,0.0,0.0,anomaly_detection,None,lstm_autoencoder,raw,detection_latency,1.3442622950819672,1.3442622950819672,0.0,0.0,SUCCESS
E5_DT0_PD00_SEED789,0,0.0,0.0,0.0,anomaly_detection,None,lstm_autoencoder,raw,threshold,0.0007370078528765589,0.0007370078528765589,0.0,0.0,SUCCESS
E5_DT0_PD00_SEED789,0,0.0,0.0,0.0,anomaly_detection,None,lstm_autoencoder,residual,precision,0.04642313546423135,0.04642313546423135,0.0,0.0,SUCCESS
E5_DT0_PD00_SEED789,0,0.0,0.0,0.0,anomaly_detection,None,lstm_autoencoder,residual,recall,1.0,1.0,0.0,0.0,SUCCESS
E5_DT0_PD00_SEED789,0,0.0,0.0,0.0,anomaly_detection,None,lstm_autoencoder,residual,f1,0.08872727272727272,0.08872727272727272,0.0,0.0,SUCCESS
E5_DT0_PD00_SEED789,0,0.0,0.0,0.0,anomaly_detection,None,lstm_autoencoder,residual,false_positive_rate,1.0,1.0,0.0,0.0,SUCCESS
E5_DT0_PD00_SEED789,0,0.0,0.0,0.0,anomaly_detection,None,lstm_autoencoder,residual,pr_auc,0.12341932050043224,0.12341932050043224,0.0,0.0,SUCCESS
E5_DT0_PD00_SEED789,0,0.0,0.0,0.0,anomaly_detection,None,lstm_autoencoder,residual,roc_auc,0.7175696361519239,0.7175696361519239,0.0,0.0,SUCCESS
E5_DT0_PD00_SEED789,0,0.0,0.0,0.0,anomaly_detection,None,lstm_autoencoder,residual,detection_latency,0.0,0.0,0.0,0.0,SUCCESS
E5_DT0_PD00_SEED789,0,0.0,0.0,0.0,anomaly_detection,None,lstm_autoencoder,residual,threshold,0.0003816792741417885,0.0003816792741417885,0.0,0.0,SUCCESS
E5_DT0_PD05_SEED789,0,0.05,0.05390981735159817,1.0,load_estimation,persistence,None,raw,mae,0.45841252432974505,0.4498919691646662,0.00852055516507888,0.018939113718565288,SUCCESS
E5_DT0_PD05_SEED789,0,0.05,0.05390981735159817,1.0,load_estimation,persistence,None,raw,rmse,0.6240627737593011,0.6124154498606276,0.011647323898673512,0.019018664374525804,SUCCESS
E5_DT0_PD05_SEED789,0,0.05,0.05390981735159817,1.0,load_estimation,persistence,None,raw,mape,14.26211453849884,14.12149407205246,0.14062046644638038,0.009957902876911534,SUCCESS
E5_DT0_PD05_SEED789,0,0.05,0.05390981735159817,1.0,load_estimation,persistence,None,raw,r2,0.9280887003275624,0.9307479138394198,-0.0026592135118573834,-0.0028570716864546983,SUCCESS
E5_DT0_PD05_SEED789,0,0.05,0.05390981735159817,1.0,load_estimation,xgboost,None,raw,mae,0.2777106274299244,0.27502327259272746,0.0026873548371969536,0.009771372480090313,SUCCESS
E5_DT0_PD05_SEED789,0,0.05,0.05390981735159817,1.0,load_estimation,xgboost,None,raw,rmse,0.4167989607906832,0.41448894154272264,0.0023100192479605375,0.0055731746168249385,SUCCESS
E5_DT0_PD05_SEED789,0,0.05,0.05390981735159817,1.0,load_estimation,xgboost,None,raw,mape,9.166705924155488,9.085560043649886,0.08114588050560201,0.008931301990824087,SUCCESS
E5_DT0_PD05_SEED789,0,0.05,0.05390981735159817,1.0,load_estimation,xgboost,None,raw,r2,0.9679229930126515,0.9682775676298727,-0.00035457461722121497,-0.00036619108928562135,SUCCESS
E5_DT0_PD05_SEED789,0,0.05,0.05390981735159817,1.0,load_estimation,lstm,None,raw,mae,0.28026888055234617,0.2799320810273526,0.00033679952499354737,0.0012031472911482343,SUCCESS
E5_DT0_PD05_SEED789,0,0.05,0.05390981735159817,1.0,load_estimation,lstm,None,raw,rmse,0.4209841288482801,0.42131145625414734,-0.0003273274058672171,-0.0007769250064488246,SUCCESS
E5_DT0_PD05_SEED789,0,0.05,0.05390981735159817,1.0,load_estimation,lstm,None,raw,mape,8.958513201881122,8.950627129882083,0.00788607199903879,0.0008810636265598389,SUCCESS
E5_DT0_PD05_SEED789,0,0.05,0.05390981735159817,1.0,load_estimation,lstm,None,raw,r2,0.9673647185308526,0.9673139490398543,5.0769490998248124e-05,5.248501900405901e-05,SUCCESS
E5_DT0_PD05_SEED789,0,0.05,0.05390981735159817,1.0,anomaly_detection,None,isolation_forest,raw,precision,0.11646586345381527,0.11646586345381527,0.0,0.0,SUCCESS
E5_DT0_PD05_SEED789,0,0.05,0.05390981735159817,1.0,anomaly_detection,None,isolation_forest,raw,recall,0.11885245901639344,0.11885245901639344,0.0,0.0,SUCCESS
E5_DT0_PD05_SEED789,0,0.05,0.05390981735159817,1.0,anomaly_detection,None,isolation_forest,raw,f1,0.11764705882352941,0.11764705882352941,0.0,0.0,SUCCESS
E5_DT0_PD05_SEED789,0,0.05,0.05390981735159817,1.0,anomaly_detection,None,isolation_forest,raw,false_positive_rate,0.04389465283320032,0.04389465283320032,0.0,0.0,SUCCESS
E5_DT0_PD05_SEED789,0,0.05,0.05390981735159817,1.0,anomaly_detection,None,isolation_forest,raw,pr_auc,0.09385708598261007,0.09385708598261007,0.0,0.0,SUCCESS
E5_DT0_PD05_SEED789,0,0.05,0.05390981735159817,1.0,anomaly_detection,None,isolation_forest,raw,roc_auc,0.7138596875695052,0.7138596875695052,0.0,0.0,SUCCESS
E5_DT0_PD05_SEED789,0,0.05,0.05390981735159817,1.0,anomaly_detection,None,isolation_forest,raw,detection_latency,3.2459016393442623,3.2459016393442623,0.0,0.0,SUCCESS
E5_DT0_PD05_SEED789,0,0.05,0.05390981735159817,1.0,anomaly_detection,None,isolation_forest,raw,threshold,0.5031683371451802,0.5031683371451802,0.0,0.0,SUCCESS
E5_DT0_PD05_SEED789,0,0.05,0.05390981735159817,1.0,anomaly_detection,None,isolation_forest,residual,precision,0.04642313546423135,0.04642313546423135,0.0,0.0,SUCCESS
E5_DT0_PD05_SEED789,0,0.05,0.05390981735159817,1.0,anomaly_detection,None,isolation_forest,residual,recall,1.0,1.0,0.0,0.0,SUCCESS
E5_DT0_PD05_SEED789,0,0.05,0.05390981735159817,1.0,anomaly_detection,None,isolation_forest,residual,f1,0.08872727272727272,0.08872727272727272,0.0,0.0,SUCCESS
E5_DT0_PD05_SEED789,0,0.05,0.05390981735159817,1.0,anomaly_detection,None,isolation_forest,residual,false_positive_rate,1.0,1.0,0.0,0.0,SUCCESS
E5_DT0_PD05_SEED789,0,0.05,0.05390981735159817,1.0,anomaly_detection,None,isolation_forest,residual,pr_auc,0.07937522728345296,0.08213935081255075,-0.0027641235290977867,0.03365163593033211,SUCCESS
E5_DT0_PD05_SEED789,0,0.05,0.05390981735159817,1.0,anomaly_detection,None,isolation_forest,residual,roc_auc,0.6826019193280389,0.6862922428793846,-0.0036903235513456867,0.005377189658829145,SUCCESS
E5_DT0_PD05_SEED789,0,0.05,0.05390981735159817,1.0,anomaly_detection,None,isolation_forest,residual,detection_latency,0.0,0.0,0.0,0.0,SUCCESS
E5_DT0_PD05_SEED789,0,0.05,0.05390981735159817,1.0,anomaly_detection,None,isolation_forest,residual,threshold,0.29376565419608197,0.29376565419608197,0.0,0.0,SUCCESS
E5_DT0_PD05_SEED789,0,0.05,0.05390981735159817,1.0,anomaly_detection,None,lstm_autoencoder,raw,precision,0.49825783972125437,0.49825783972125437,0.0,0.0,SUCCESS
E5_DT0_PD05_SEED789,0,0.05,0.05390981735159817,1.0,anomaly_detection,None,lstm_autoencoder,raw,recall,0.5860655737704918,0.5860655737704918,0.0,0.0,SUCCESS
E5_DT0_PD05_SEED789,0,0.05,0.05390981735159817,1.0,anomaly_detection,None,lstm_autoencoder,raw,f1,0.5386064030131827,0.5386064030131827,0.0,0.0,SUCCESS
E5_DT0_PD05_SEED789,0,0.05,0.05390981735159817,1.0,anomaly_detection,None,lstm_autoencoder,raw,false_positive_rate,0.028731045490822026,0.028731045490822026,0.0,0.0,SUCCESS
E5_DT0_PD05_SEED789,0,0.05,0.05390981735159817,1.0,anomaly_detection,None,lstm_autoencoder,raw,pr_auc,0.561001698584242,0.561001698584242,0.0,0.0,SUCCESS
E5_DT0_PD05_SEED789,0,0.05,0.05390981735159817,1.0,anomaly_detection,None,lstm_autoencoder,raw,roc_auc,0.9493396177043946,0.9493396177043946,0.0,0.0,SUCCESS
E5_DT0_PD05_SEED789,0,0.05,0.05390981735159817,1.0,anomaly_detection,None,lstm_autoencoder,raw,detection_latency,1.3442622950819672,1.3442622950819672,0.0,0.0,SUCCESS
E5_DT0_PD05_SEED789,0,0.05,0.05390981735159817,1.0,anomaly_detection,None,lstm_autoencoder,raw,threshold,0.0007370078528765589,0.0007370078528765589,0.0,0.0,SUCCESS
E5_DT0_PD05_SEED789,0,0.05,0.05390981735159817,1.0,anomaly_detection,None,lstm_autoencoder,residual,precision,0.04642313546423135,0.04642313546423135,0.0,0.0,SUCCESS
E5_DT0_PD05_SEED789,0,0.05,0.05390981735159817,1.0,anomaly_detection,None,lstm_autoencoder,residual,recall,1.0,1.0,0.0,0.0,SUCCESS
E5_DT0_PD05_SEED789,0,0.05,0.05390981735159817,1.0,anomaly_detection,None,lstm_autoencoder,residual,f1,0.08872727272727272,0.08872727272727272,0.0,0.0,SUCCESS
E5_DT0_PD05_SEED789,0,0.05,0.05390981735159817,1.0,anomaly_detection,None,lstm_autoencoder,residual,false_positive_rate,1.0,1.0,0.0,0.0,SUCCESS
E5_DT0_PD05_SEED789,0,0.05,0.05390981735159817,1.0,anomaly_detection,None,lstm_autoencoder,residual,pr_auc,0.12446048768735649,0.12341932050043224,0.0010411671869242495,-0.008436014577803507,SUCCESS
E5_DT0_PD05_SEED789,0,0.05,0.05390981735159817,1.0,anomaly_detection,None,lstm_autoencoder,residual,roc_auc,0.7180103816414376,0.7175696361519239,0.000440745489513672,-0.0006142198154833259,SUCCESS
E5_DT0_PD05_SEED789,0,0.05,0.05390981735159817,1.0,anomaly_detection,None,lstm_autoencoder,residual,detection_latency,0.0,0.0,0.0,0.0,SUCCESS
E5_DT0_PD05_SEED789,0,0.05,0.05390981735159817,1.0,anomaly_detection,None,lstm_autoencoder,residual,threshold,0.0003816792741417885,0.0003816792741417885,0.0,0.0,SUCCESS
E5_DT0_PD10_SEED789,0,0.1,0.11478310502283105,1.0,load_estimation,persistence,None,raw,mae,0.46840225131771157,0.4498919691646662,0.0185102821530454,0.0411438376804419,SUCCESS
E5_DT0_PD10_SEED789,0,0.1,0.11478310502283105,1.0,load_estimation,persistence,None,raw,rmse,0.6366166503233538,0.6124154498606276,0.024201200462726224,0.0395176190741659,SUCCESS
E5_DT0_PD10_SEED789,0,0.1,0.11478310502283105,1.0,load_estimation,persistence,None,raw,mape,14.518688649007425,14.12149407205246,0.3971945769549645,0.028126951364235857,SUCCESS
E5_DT0_PD10_SEED789,0,0.1,0.11478310502283105,1.0,load_estimation,persistence,None,raw,r2,0.9251664117360656,0.9307479138394198,-0.0055815021033541745,-0.005996792493823564,SUCCESS
E5_DT0_PD10_SEED789,0,0.1,0.11478310502283105,1.0,load_estimation,xgboost,None,raw,mae,0.2794107763462415,0.27502327259272746,0.004387503753514044,0.0159532090217374,SUCCESS
E5_DT0_PD10_SEED789,0,0.1,0.11478310502283105,1.0,load_estimation,xgboost,None,raw,rmse,0.4183167583288753,0.41448894154272264,0.0038278167861526824,0.009235027530301764,SUCCESS
E5_DT0_PD10_SEED789,0,0.1,0.11478310502283105,1.0,load_estimation,xgboost,None,raw,mape,9.2173995008991,9.085560043649886,0.13183945724921386,0.014510878428607116,SUCCESS
E5_DT0_PD10_SEED789,0,0.1,0.11478310502283105,1.0,load_estimation,xgboost,None,raw,r2,0.9676889470864275,0.9682775676298727,-0.0005886205434452174,-0.0006079047611172373,SUCCESS
E5_DT0_PD10_SEED789,0,0.1,0.11478310502283105,1.0,load_estimation,lstm,None,raw,mae,0.28006476256124335,0.2799320810273526,0.00013268153389073278,0.00047397759272102953,SUCCESS
E5_DT0_PD10_SEED789,0,0.1,0.11478310502283105,1.0,load_estimation,lstm,None,raw,rmse,0.4201120485262901,0.42131145625414734,-0.0011994077278572601,-0.002846843374545558,SUCCESS
E5_DT0_PD10_SEED789,0,0.1,0.11478310502283105,1.0,load_estimation,lstm,None,raw,mape,8.950990848493975,8.950627129882083,0.00036371861189188337,4.0636103662233e-05,SUCCESS
E5_DT0_PD10_SEED789,0,0.1,0.11478310502283105,1.0,load_estimation,lstm,None,raw,r2,0.967499788270424,0.9673139490398543,0.00018583923056969542,0.00019211883665500482,SUCCESS
E5_DT0_PD10_SEED789,0,0.1,0.11478310502283105,1.0,anomaly_detection,None,isolation_forest,raw,precision,0.11646586345381527,0.11646586345381527,0.0,0.0,SUCCESS
E5_DT0_PD10_SEED789,0,0.1,0.11478310502283105,1.0,anomaly_detection,None,isolation_forest,raw,recall,0.11885245901639344,0.11885245901639344,0.0,0.0,SUCCESS
E5_DT0_PD10_SEED789,0,0.1,0.11478310502283105,1.0,anomaly_detection,None,isolation_forest,raw,f1,0.11764705882352941,0.11764705882352941,0.0,0.0,SUCCESS
E5_DT0_PD10_SEED789,0,0.1,0.11478310502283105,1.0,anomaly_detection,None,isolation_forest,raw,false_positive_rate,0.04389465283320032,0.04389465283320032,0.0,0.0,SUCCESS
E5_DT0_PD10_SEED789,0,0.1,0.11478310502283105,1.0,anomaly_detection,None,isolation_forest,raw,pr_auc,0.09385708598261007,0.09385708598261007,0.0,0.0,SUCCESS
E5_DT0_PD10_SEED789,0,0.1,0.11478310502283105,1.0,anomaly_detection,None,isolation_forest,raw,roc_auc,0.7138596875695052,0.7138596875695052,0.0,0.0,SUCCESS
E5_DT0_PD10_SEED789,0,0.1,0.11478310502283105,1.0,anomaly_detection,None,isolation_forest,raw,detection_latency,3.2459016393442623,3.2459016393442623,0.0,0.0,SUCCESS
E5_DT0_PD10_SEED789,0,0.1,0.11478310502283105,1.0,anomaly_detection,None,isolation_forest,raw,threshold,0.5031683371451802,0.5031683371451802,0.0,0.0,SUCCESS
E5_DT0_PD10_SEED789,0,0.1,0.11478310502283105,1.0,anomaly_detection,None,isolation_forest,residual,precision,0.04642313546423135,0.04642313546423135,0.0,0.0,SUCCESS
E5_DT0_PD10_SEED789,0,0.1,0.11478310502283105,1.0,anomaly_detection,None,isolation_forest,residual,recall,1.0,1.0,0.0,0.0,SUCCESS
E5_DT0_PD10_SEED789,0,0.1,0.11478310502283105,1.0,anomaly_detection,None,isolation_forest,residual,f1,0.08872727272727272,0.08872727272727272,0.0,0.0,SUCCESS
E5_DT0_PD10_SEED789,0,0.1,0.11478310502283105,1.0,anomaly_detection,None,isolation_forest,residual,false_positive_rate,1.0,1.0,0.0,0.0,SUCCESS
E5_DT0_PD10_SEED789,0,0.1,0.11478310502283105,1.0,anomaly_detection,None,isolation_forest,residual,pr_auc,0.07695182275409451,0.08213935081255075,-0.005187528058456237,0.06315521132245899,SUCCESS
E5_DT0_PD10_SEED789,0,0.1,0.11478310502283105,1.0,anomaly_detection,None,isolation_forest,residual,roc_auc,0.6796319979589966,0.6862922428793846,-0.00666024492038797,0.009704677547344075,SUCCESS
E5_DT0_PD10_SEED789,0,0.1,0.11478310502283105,1.0,anomaly_detection,None,isolation_forest,residual,detection_latency,0.0,0.0,0.0,0.0,SUCCESS
E5_DT0_PD10_SEED789,0,0.1,0.11478310502283105,1.0,anomaly_detection,None,isolation_forest,residual,threshold,0.29376565419608197,0.29376565419608197,0.0,0.0,SUCCESS
E5_DT0_PD10_SEED789,0,0.1,0.11478310502283105,1.0,anomaly_detection,None,lstm_autoencoder,raw,precision,0.49825783972125437,0.49825783972125437,0.0,0.0,SUCCESS
E5_DT0_PD10_SEED789,0,0.1,0.11478310502283105,1.0,anomaly_detection,None,lstm_autoencoder,raw,recall,0.5860655737704918,0.5860655737704918,0.0,0.0,SUCCESS
E5_DT0_PD10_SEED789,0,0.1,0.11478310502283105,1.0,anomaly_detection,None,lstm_autoencoder,raw,f1,0.5386064030131827,0.5386064030131827,0.0,0.0,SUCCESS
E5_DT0_PD10_SEED789,0,0.1,0.11478310502283105,1.0,anomaly_detection,None,lstm_autoencoder,raw,false_positive_rate,0.028731045490822026,0.028731045490822026,0.0,0.0,SUCCESS
E5_DT0_PD10_SEED789,0,0.1,0.11478310502283105,1.0,anomaly_detection,None,lstm_autoencoder,raw,pr_auc,0.561001698584242,0.561001698584242,0.0,0.0,SUCCESS
E5_DT0_PD10_SEED789,0,0.1,0.11478310502283105,1.0,anomaly_detection,None,lstm_autoencoder,raw,roc_auc,0.9493396177043946,0.9493396177043946,0.0,0.0,SUCCESS
E5_DT0_PD10_SEED789,0,0.1,0.11478310502283105,1.0,anomaly_detection,None,lstm_autoencoder,raw,detection_latency,1.3442622950819672,1.3442622950819672,0.0,0.0,SUCCESS
E5_DT0_PD10_SEED789,0,0.1,0.11478310502283105,1.0,anomaly_detection,None,lstm_autoencoder,raw,threshold,0.0007370078528765589,0.0007370078528765589,0.0,0.0,SUCCESS
E5_DT0_PD10_SEED789,0,0.1,0.11478310502283105,1.0,anomaly_detection,None,lstm_autoencoder,residual,precision,0.04642313546423135,0.04642313546423135,0.0,0.0,SUCCESS
E5_DT0_PD10_SEED789,0,0.1,0.11478310502283105,1.0,anomaly_detection,None,lstm_autoencoder,residual,recall,1.0,1.0,0.0,0.0,SUCCESS
E5_DT0_PD10_SEED789,0,0.1,0.11478310502283105,1.0,anomaly_detection,None,lstm_autoencoder,residual,f1,0.08872727272727272,0.08872727272727272,0.0,0.0,SUCCESS
E5_DT0_PD10_SEED789,0,0.1,0.11478310502283105,1.0,anomaly_detection,None,lstm_autoencoder,residual,false_positive_rate,1.0,1.0,0.0,0.0,SUCCESS
E5_DT0_PD10_SEED789,0,0.1,0.11478310502283105,1.0,anomaly_detection,None,lstm_autoencoder,residual,pr_auc,0.12602728211773773,0.12341932050043224,0.0026079616173054904,-0.021130902412449734,SUCCESS
E5_DT0_PD10_SEED789,0,0.1,0.11478310502283105,1.0,anomaly_detection,None,lstm_autoencoder,residual,roc_auc,0.7207071879947144,0.7175696361519239,0.0031375518427905202,-0.004372470189257335,SUCCESS
E5_DT0_PD10_SEED789,0,0.1,0.11478310502283105,1.0,anomaly_detection,None,lstm_autoencoder,residual,detection_latency,0.0,0.0,0.0,0.0,SUCCESS
E5_DT0_PD10_SEED789,0,0.1,0.11478310502283105,1.0,anomaly_detection,None,lstm_autoencoder,residual,threshold,0.0003816792741417885,0.0003816792741417885,0.0,0.0,SUCCESS
E5_DT0_PD20_SEED789,0,0.2,0.24717465753424658,1.0,load_estimation,persistence,None,raw,mae,0.4920262407335698,0.4498919691646662,0.04213427156890365,0.09365419802255232,SUCCESS
E5_DT0_PD20_SEED789,0,0.2,0.24717465753424658,1.0,load_estimation,persistence,None,raw,rmse,0.6687250588465831,0.6124154498606276,0.056309608985955495,0.09194674791233685,SUCCESS
E5_DT0_PD20_SEED789,0,0.2,0.24717465753424658,1.0,load_estimation,persistence,None,raw,mape,15.120578231514703,14.12149407205246,0.9990841594622424,0.07074918237153871,SUCCESS
E5_DT0_PD20_SEED789,0,0.2,0.24717465753424658,1.0,load_estimation,persistence,None,raw,r2,0.917427434327094,0.9307479138394198,-0.013320479512325845,-0.014311586751108208,SUCCESS
E5_DT0_PD20_SEED789,0,0.2,0.24717465753424658,1.0,load_estimation,xgboost,None,raw,mae,0.2887814064684524,0.27502327259272746,0.013758133875724943,0.05002534420459352,SUCCESS
E5_DT0_PD20_SEED789,0,0.2,0.24717465753424658,1.0,load_estimation,xgboost,None,raw,rmse,0.4318174815892416,0.41448894154272264,0.01732854004651896,0.04180700209279975,SUCCESS
E5_DT0_PD20_SEED789,0,0.2,0.24717465753424658,1.0,load_estimation,xgboost,None,raw,mape,9.458809889812727,9.085560043649886,0.3732498461628406,0.041081655326653616,SUCCESS
E5_DT0_PD20_SEED789,0,0.2,0.24717465753424658,1.0,load_estimation,xgboost,None,raw,r2,0.9655696827630923,0.9682775676298727,-0.002707884866780419,-0.002796599815287177,SUCCESS
E5_DT0_PD20_SEED789,0,0.2,0.24717465753424658,1.0,load_estimation,lstm,None,raw,mae,0.2841161422057018,0.2799320810273526,0.0041840611783491855,0.014946701224788715,SUCCESS
E5_DT0_PD20_SEED789,0,0.2,0.24717465753424658,1.0,load_estimation,lstm,None,raw,rmse,0.42472994249565915,0.42131145625414734,0.003418486241511809,0.008113917128922501,SUCCESS
E5_DT0_PD20_SEED789,0,0.2,0.24717465753424658,1.0,load_estimation,lstm,None,raw,mape,9.048865167179498,8.950627129882083,0.0982380372974152,0.010975547955678209,SUCCESS
E5_DT0_PD20_SEED789,0,0.2,0.24717465753424658,1.0,load_estimation,lstm,None,raw,r2,0.9667813733148803,0.9673139490398543,-0.0005325757249740048,-0.0005505717409561125,SUCCESS
E5_DT0_PD20_SEED789,0,0.2,0.24717465753424658,1.0,anomaly_detection,None,isolation_forest,raw,precision,0.11646586345381527,0.11646586345381527,0.0,0.0,SUCCESS
E5_DT0_PD20_SEED789,0,0.2,0.24717465753424658,1.0,anomaly_detection,None,isolation_forest,raw,recall,0.11885245901639344,0.11885245901639344,0.0,0.0,SUCCESS
E5_DT0_PD20_SEED789,0,0.2,0.24717465753424658,1.0,anomaly_detection,None,isolation_forest,raw,f1,0.11764705882352941,0.11764705882352941,0.0,0.0,SUCCESS
E5_DT0_PD20_SEED789,0,0.2,0.24717465753424658,1.0,anomaly_detection,None,isolation_forest,raw,false_positive_rate,0.04389465283320032,0.04389465283320032,0.0,0.0,SUCCESS
E5_DT0_PD20_SEED789,0,0.2,0.24717465753424658,1.0,anomaly_detection,None,isolation_forest,raw,pr_auc,0.09385708598261007,0.09385708598261007,0.0,0.0,SUCCESS
E5_DT0_PD20_SEED789,0,0.2,0.24717465753424658,1.0,anomaly_detection,None,isolation_forest,raw,roc_auc,0.7138596875695052,0.7138596875695052,0.0,0.0,SUCCESS
E5_DT0_PD20_SEED789,0,0.2,0.24717465753424658,1.0,anomaly_detection,None,isolation_forest,raw,detection_latency,3.2459016393442623,3.2459016393442623,0.0,0.0,SUCCESS
E5_DT0_PD20_SEED789,0,0.2,0.24717465753424658,1.0,anomaly_detection,None,isolation_forest,raw,threshold,0.5031683371451802,0.5031683371451802,0.0,0.0,SUCCESS
E5_DT0_PD20_SEED789,0,0.2,0.24717465753424658,1.0,anomaly_detection,None,isolation_forest,residual,precision,0.04642313546423135,0.04642313546423135,0.0,0.0,SUCCESS
E5_DT0_PD20_SEED789,0,0.2,0.24717465753424658,1.0,anomaly_detection,None,isolation_forest,residual,recall,1.0,1.0,0.0,0.0,SUCCESS
E5_DT0_PD20_SEED789,0,0.2,0.24717465753424658,1.0,anomaly_detection,None,isolation_forest,residual,f1,0.08872727272727272,0.08872727272727272,0.0,0.0,SUCCESS
E5_DT0_PD20_SEED789,0,0.2,0.24717465753424658,1.0,anomaly_detection,None,isolation_forest,residual,false_positive_rate,1.0,1.0,0.0,0.0,SUCCESS
E5_DT0_PD20_SEED789,0,0.2,0.24717465753424658,1.0,anomaly_detection,None,isolation_forest,residual,pr_auc,0.07344778859452347,0.08213935081255075,-0.008691562218027277,0.10581483944111257,SUCCESS
E5_DT0_PD20_SEED789,0,0.2,0.24717465753424658,1.0,anomaly_detection,None,isolation_forest,residual,roc_auc,0.6687654547119699,0.6862922428793846,-0.01752678816741471,0.02553837428480891,SUCCESS
E5_DT0_PD20_SEED789,0,0.2,0.24717465753424658,1.0,anomaly_detection,None,isolation_forest,residual,detection_latency,0.0,0.0,0.0,0.0,SUCCESS
E5_DT0_PD20_SEED789,0,0.2,0.24717465753424658,1.0,anomaly_detection,None,isolation_forest,residual,threshold,0.29376565419608197,0.29376565419608197,0.0,0.0,SUCCESS
E5_DT0_PD20_SEED789,0,0.2,0.24717465753424658,1.0,anomaly_detection,None,lstm_autoencoder,raw,precision,0.49825783972125437,0.49825783972125437,0.0,0.0,SUCCESS
E5_DT0_PD20_SEED789,0,0.2,0.24717465753424658,1.0,anomaly_detection,None,lstm_autoencoder,raw,recall,0.5860655737704918,0.5860655737704918,0.0,0.0,SUCCESS
E5_DT0_PD20_SEED789,0,0.2,0.24717465753424658,1.0,anomaly_detection,None,lstm_autoencoder,raw,f1,0.5386064030131827,0.5386064030131827,0.0,0.0,SUCCESS
E5_DT0_PD20_SEED789,0,0.2,0.24717465753424658,1.0,anomaly_detection,None,lstm_autoencoder,raw,false_positive_rate,0.028731045490822026,0.028731045490822026,0.0,0.0,SUCCESS
E5_DT0_PD20_SEED789,0,0.2,0.24717465753424658,1.0,anomaly_detection,None,lstm_autoencoder,raw,pr_auc,0.561001698584242,0.561001698584242,0.0,0.0,SUCCESS
E5_DT0_PD20_SEED789,0,0.2,0.24717465753424658,1.0,anomaly_detection,None,lstm_autoencoder,raw,roc_auc,0.9493396177043946,0.9493396177043946,0.0,0.0,SUCCESS
E5_DT0_PD20_SEED789,0,0.2,0.24717465753424658,1.0,anomaly_detection,None,lstm_autoencoder,raw,detection_latency,1.3442622950819672,1.3442622950819672,0.0,0.0,SUCCESS
E5_DT0_PD20_SEED789,0,0.2,0.24717465753424658,1.0,anomaly_detection,None,lstm_autoencoder,raw,threshold,0.0007370078528765589,0.0007370078528765589,0.0,0.0,SUCCESS
E5_DT0_PD20_SEED789,0,0.2,0.24717465753424658,1.0,anomaly_detection,None,lstm_autoencoder,residual,precision,0.04642313546423135,0.04642313546423135,0.0,0.0,SUCCESS
E5_DT0_PD20_SEED789,0,0.2,0.24717465753424658,1.0,anomaly_detection,None,lstm_autoencoder,residual,recall,1.0,1.0,0.0,0.0,SUCCESS
E5_DT0_PD20_SEED789,0,0.2,0.24717465753424658,1.0,anomaly_detection,None,lstm_autoencoder,residual,f1,0.08872727272727272,0.08872727272727272,0.0,0.0,SUCCESS
E5_DT0_PD20_SEED789,0,0.2,0.24717465753424658,1.0,anomaly_detection,None,lstm_autoencoder,residual,false_positive_rate,1.0,1.0,0.0,0.0,SUCCESS
E5_DT0_PD20_SEED789,0,0.2,0.24717465753424658,1.0,anomaly_detection,None,lstm_autoencoder,residual,pr_auc,0.12720782411755308,0.12341932050043224,0.003788503617120839,-0.030696195715220868,SUCCESS
E5_DT0_PD20_SEED789,0,0.2,0.24717465753424658,1.0,anomaly_detection,None,lstm_autoencoder,residual,roc_auc,0.720396458336059,0.7175696361519239,0.0028268221841351027,-0.003939439521569455,SUCCESS
E5_DT0_PD20_SEED789,0,0.2,0.24717465753424658,1.0,anomaly_detection,None,lstm_autoencoder,residual,detection_latency,0.0,0.0,0.0,0.0,SUCCESS
E5_DT0_PD20_SEED789,0,0.2,0.24717465753424658,1.0,anomaly_detection,None,lstm_autoencoder,residual,threshold,0.0003816792741417885,0.0003816792741417885,0.0,0.0,SUCCESS
E5_DT1_PD00_SEED789,1,0.0,0.0,0.0,load_estimation,persistence,None,raw,mae,0.4498919691646662,0.4498919691646662,0.0,0.0,SUCCESS
E5_DT1_PD00_SEED789,1,0.0,0.0,0.0,load_estimation,persistence,None,raw,rmse,0.6124154498606276,0.6124154498606276,0.0,0.0,SUCCESS
E5_DT1_PD00_SEED789,1,0.0,0.0,0.0,load_estimation,persistence,None,raw,mape,14.12149407205246,14.12149407205246,0.0,0.0,SUCCESS
E5_DT1_PD00_SEED789,1,0.0,0.0,0.0,load_estimation,persistence,None,raw,r2,0.9307479138394198,0.9307479138394198,0.0,0.0,SUCCESS
E5_DT1_PD00_SEED789,1,0.0,0.0,0.0,load_estimation,xgboost,None,raw,mae,0.27502327259272746,0.27502327259272746,0.0,0.0,SUCCESS
E5_DT1_PD00_SEED789,1,0.0,0.0,0.0,load_estimation,xgboost,None,raw,rmse,0.41448894154272264,0.41448894154272264,0.0,0.0,SUCCESS
E5_DT1_PD00_SEED789,1,0.0,0.0,0.0,load_estimation,xgboost,None,raw,mape,9.085560043649886,9.085560043649886,0.0,0.0,SUCCESS
E5_DT1_PD00_SEED789,1,0.0,0.0,0.0,load_estimation,xgboost,None,raw,r2,0.9682775676298727,0.9682775676298727,0.0,0.0,SUCCESS
E5_DT1_PD00_SEED789,1,0.0,0.0,0.0,load_estimation,lstm,None,raw,mae,0.2799320810273526,0.2799320810273526,0.0,0.0,SUCCESS
E5_DT1_PD00_SEED789,1,0.0,0.0,0.0,load_estimation,lstm,None,raw,rmse,0.42131145625414734,0.42131145625414734,0.0,0.0,SUCCESS
E5_DT1_PD00_SEED789,1,0.0,0.0,0.0,load_estimation,lstm,None,raw,mape,8.950627129882083,8.950627129882083,0.0,0.0,SUCCESS
E5_DT1_PD00_SEED789,1,0.0,0.0,0.0,load_estimation,lstm,None,raw,r2,0.9673139490398543,0.9673139490398543,0.0,0.0,SUCCESS
E5_DT1_PD00_SEED789,1,0.0,0.0,0.0,anomaly_detection,None,isolation_forest,raw,precision,0.11646586345381527,0.11646586345381527,0.0,0.0,SUCCESS
E5_DT1_PD00_SEED789,1,0.0,0.0,0.0,anomaly_detection,None,isolation_forest,raw,recall,0.11885245901639344,0.11885245901639344,0.0,0.0,SUCCESS
E5_DT1_PD00_SEED789,1,0.0,0.0,0.0,anomaly_detection,None,isolation_forest,raw,f1,0.11764705882352941,0.11764705882352941,0.0,0.0,SUCCESS
E5_DT1_PD00_SEED789,1,0.0,0.0,0.0,anomaly_detection,None,isolation_forest,raw,false_positive_rate,0.04389465283320032,0.04389465283320032,0.0,0.0,SUCCESS
E5_DT1_PD00_SEED789,1,0.0,0.0,0.0,anomaly_detection,None,isolation_forest,raw,pr_auc,0.09385708598261007,0.09385708598261007,0.0,0.0,SUCCESS
E5_DT1_PD00_SEED789,1,0.0,0.0,0.0,anomaly_detection,None,isolation_forest,raw,roc_auc,0.7138596875695052,0.7138596875695052,0.0,0.0,SUCCESS
E5_DT1_PD00_SEED789,1,0.0,0.0,0.0,anomaly_detection,None,isolation_forest,raw,detection_latency,3.2459016393442623,3.2459016393442623,0.0,0.0,SUCCESS
E5_DT1_PD00_SEED789,1,0.0,0.0,0.0,anomaly_detection,None,isolation_forest,raw,threshold,0.5031683371451802,0.5031683371451802,0.0,0.0,SUCCESS
E5_DT1_PD00_SEED789,1,0.0,0.0,0.0,anomaly_detection,None,isolation_forest,residual,precision,0.04642313546423135,0.04642313546423135,0.0,0.0,SUCCESS
E5_DT1_PD00_SEED789,1,0.0,0.0,0.0,anomaly_detection,None,isolation_forest,residual,recall,1.0,1.0,0.0,0.0,SUCCESS
E5_DT1_PD00_SEED789,1,0.0,0.0,0.0,anomaly_detection,None,isolation_forest,residual,f1,0.08872727272727272,0.08872727272727272,0.0,0.0,SUCCESS
E5_DT1_PD00_SEED789,1,0.0,0.0,0.0,anomaly_detection,None,isolation_forest,residual,false_positive_rate,1.0,1.0,0.0,0.0,SUCCESS
E5_DT1_PD00_SEED789,1,0.0,0.0,0.0,anomaly_detection,None,isolation_forest,residual,pr_auc,0.08213935081255075,0.08213935081255075,0.0,0.0,SUCCESS
E5_DT1_PD00_SEED789,1,0.0,0.0,0.0,anomaly_detection,None,isolation_forest,residual,roc_auc,0.6862922428793846,0.6862922428793846,0.0,0.0,SUCCESS
E5_DT1_PD00_SEED789,1,0.0,0.0,0.0,anomaly_detection,None,isolation_forest,residual,detection_latency,0.0,0.0,0.0,0.0,SUCCESS
E5_DT1_PD00_SEED789,1,0.0,0.0,0.0,anomaly_detection,None,isolation_forest,residual,threshold,0.29376565419608197,0.29376565419608197,0.0,0.0,SUCCESS
E5_DT1_PD00_SEED789,1,0.0,0.0,0.0,anomaly_detection,None,lstm_autoencoder,raw,precision,0.49825783972125437,0.49825783972125437,0.0,0.0,SUCCESS
E5_DT1_PD00_SEED789,1,0.0,0.0,0.0,anomaly_detection,None,lstm_autoencoder,raw,recall,0.5860655737704918,0.5860655737704918,0.0,0.0,SUCCESS
E5_DT1_PD00_SEED789,1,0.0,0.0,0.0,anomaly_detection,None,lstm_autoencoder,raw,f1,0.5386064030131827,0.5386064030131827,0.0,0.0,SUCCESS
E5_DT1_PD00_SEED789,1,0.0,0.0,0.0,anomaly_detection,None,lstm_autoencoder,raw,false_positive_rate,0.028731045490822026,0.028731045490822026,0.0,0.0,SUCCESS
E5_DT1_PD00_SEED789,1,0.0,0.0,0.0,anomaly_detection,None,lstm_autoencoder,raw,pr_auc,0.561001698584242,0.561001698584242,0.0,0.0,SUCCESS
E5_DT1_PD00_SEED789,1,0.0,0.0,0.0,anomaly_detection,None,lstm_autoencoder,raw,roc_auc,0.9493396177043946,0.9493396177043946,0.0,0.0,SUCCESS
E5_DT1_PD00_SEED789,1,0.0,0.0,0.0,anomaly_detection,None,lstm_autoencoder,raw,detection_latency,1.3442622950819672,1.3442622950819672,0.0,0.0,SUCCESS
E5_DT1_PD00_SEED789,1,0.0,0.0,0.0,anomaly_detection,None,lstm_autoencoder,raw,threshold,0.0007370078528765589,0.0007370078528765589,0.0,0.0,SUCCESS
E5_DT1_PD00_SEED789,1,0.0,0.0,0.0,anomaly_detection,None,lstm_autoencoder,residual,precision,0.04642313546423135,0.04642313546423135,0.0,0.0,SUCCESS
E5_DT1_PD00_SEED789,1,0.0,0.0,0.0,anomaly_detection,None,lstm_autoencoder,residual,recall,1.0,1.0,0.0,0.0,SUCCESS
E5_DT1_PD00_SEED789,1,0.0,0.0,0.0,anomaly_detection,None,lstm_autoencoder,residual,f1,0.08872727272727272,0.08872727272727272,0.0,0.0,SUCCESS
E5_DT1_PD00_SEED789,1,0.0,0.0,0.0,anomaly_detection,None,lstm_autoencoder,residual,false_positive_rate,1.0,1.0,0.0,0.0,SUCCESS
E5_DT1_PD00_SEED789,1,0.0,0.0,0.0,anomaly_detection,None,lstm_autoencoder,residual,pr_auc,0.12341932050043224,0.12341932050043224,0.0,0.0,SUCCESS
E5_DT1_PD00_SEED789,1,0.0,0.0,0.0,anomaly_detection,None,lstm_autoencoder,residual,roc_auc,0.7175696361519239,0.7175696361519239,0.0,0.0,SUCCESS
E5_DT1_PD00_SEED789,1,0.0,0.0,0.0,anomaly_detection,None,lstm_autoencoder,residual,detection_latency,0.0,0.0,0.0,0.0,SUCCESS
E5_DT1_PD00_SEED789,1,0.0,0.0,0.0,anomaly_detection,None,lstm_autoencoder,residual,threshold,0.0003816792741417885,0.0003816792741417885,0.0,0.0,SUCCESS
E5_DT1_PD05_SEED789,1,0.05,0.05390981735159817,1.0,load_estimation,persistence,None,raw,mae,0.45841252432974505,0.4498919691646662,0.00852055516507888,0.018939113718565288,SUCCESS
E5_DT1_PD05_SEED789,1,0.05,0.05390981735159817,1.0,load_estimation,persistence,None,raw,rmse,0.6240627737593011,0.6124154498606276,0.011647323898673512,0.019018664374525804,SUCCESS
E5_DT1_PD05_SEED789,1,0.05,0.05390981735159817,1.0,load_estimation,persistence,None,raw,mape,14.26211453849884,14.12149407205246,0.14062046644638038,0.009957902876911534,SUCCESS
E5_DT1_PD05_SEED789,1,0.05,0.05390981735159817,1.0,load_estimation,persistence,None,raw,r2,0.9280887003275624,0.9307479138394198,-0.0026592135118573834,-0.0028570716864546983,SUCCESS
E5_DT1_PD05_SEED789,1,0.05,0.05390981735159817,1.0,load_estimation,xgboost,None,raw,mae,0.2777106274299244,0.27502327259272746,0.0026873548371969536,0.009771372480090313,SUCCESS
E5_DT1_PD05_SEED789,1,0.05,0.05390981735159817,1.0,load_estimation,xgboost,None,raw,rmse,0.4167989607906832,0.41448894154272264,0.0023100192479605375,0.0055731746168249385,SUCCESS
E5_DT1_PD05_SEED789,1,0.05,0.05390981735159817,1.0,load_estimation,xgboost,None,raw,mape,9.166705924155488,9.085560043649886,0.08114588050560201,0.008931301990824087,SUCCESS
E5_DT1_PD05_SEED789,1,0.05,0.05390981735159817,1.0,load_estimation,xgboost,None,raw,r2,0.9679229930126515,0.9682775676298727,-0.00035457461722121497,-0.00036619108928562135,SUCCESS
E5_DT1_PD05_SEED789,1,0.05,0.05390981735159817,1.0,load_estimation,lstm,None,raw,mae,0.28026888055234617,0.2799320810273526,0.00033679952499354737,0.0012031472911482343,SUCCESS
E5_DT1_PD05_SEED789,1,0.05,0.05390981735159817,1.0,load_estimation,lstm,None,raw,rmse,0.4209841288482801,0.42131145625414734,-0.0003273274058672171,-0.0007769250064488246,SUCCESS
E5_DT1_PD05_SEED789,1,0.05,0.05390981735159817,1.0,load_estimation,lstm,None,raw,mape,8.958513201881122,8.950627129882083,0.00788607199903879,0.0008810636265598389,SUCCESS
E5_DT1_PD05_SEED789,1,0.05,0.05390981735159817,1.0,load_estimation,lstm,None,raw,r2,0.9673647185308526,0.9673139490398543,5.0769490998248124e-05,5.248501900405901e-05,SUCCESS
E5_DT1_PD05_SEED789,1,0.05,0.05390981735159817,1.0,anomaly_detection,None,isolation_forest,raw,precision,0.11646586345381527,0.11646586345381527,0.0,0.0,SUCCESS
E5_DT1_PD05_SEED789,1,0.05,0.05390981735159817,1.0,anomaly_detection,None,isolation_forest,raw,recall,0.11885245901639344,0.11885245901639344,0.0,0.0,SUCCESS
E5_DT1_PD05_SEED789,1,0.05,0.05390981735159817,1.0,anomaly_detection,None,isolation_forest,raw,f1,0.11764705882352941,0.11764705882352941,0.0,0.0,SUCCESS
E5_DT1_PD05_SEED789,1,0.05,0.05390981735159817,1.0,anomaly_detection,None,isolation_forest,raw,false_positive_rate,0.04389465283320032,0.04389465283320032,0.0,0.0,SUCCESS
E5_DT1_PD05_SEED789,1,0.05,0.05390981735159817,1.0,anomaly_detection,None,isolation_forest,raw,pr_auc,0.09385708598261007,0.09385708598261007,0.0,0.0,SUCCESS
E5_DT1_PD05_SEED789,1,0.05,0.05390981735159817,1.0,anomaly_detection,None,isolation_forest,raw,roc_auc,0.7138596875695052,0.7138596875695052,0.0,0.0,SUCCESS
E5_DT1_PD05_SEED789,1,0.05,0.05390981735159817,1.0,anomaly_detection,None,isolation_forest,raw,detection_latency,3.2459016393442623,3.2459016393442623,0.0,0.0,SUCCESS
E5_DT1_PD05_SEED789,1,0.05,0.05390981735159817,1.0,anomaly_detection,None,isolation_forest,raw,threshold,0.5031683371451802,0.5031683371451802,0.0,0.0,SUCCESS
E5_DT1_PD05_SEED789,1,0.05,0.05390981735159817,1.0,anomaly_detection,None,isolation_forest,residual,precision,0.04642313546423135,0.04642313546423135,0.0,0.0,SUCCESS
E5_DT1_PD05_SEED789,1,0.05,0.05390981735159817,1.0,anomaly_detection,None,isolation_forest,residual,recall,1.0,1.0,0.0,0.0,SUCCESS
E5_DT1_PD05_SEED789,1,0.05,0.05390981735159817,1.0,anomaly_detection,None,isolation_forest,residual,f1,0.08872727272727272,0.08872727272727272,0.0,0.0,SUCCESS
E5_DT1_PD05_SEED789,1,0.05,0.05390981735159817,1.0,anomaly_detection,None,isolation_forest,residual,false_positive_rate,1.0,1.0,0.0,0.0,SUCCESS
E5_DT1_PD05_SEED789,1,0.05,0.05390981735159817,1.0,anomaly_detection,None,isolation_forest,residual,pr_auc,0.07937522728345296,0.08213935081255075,-0.0027641235290977867,0.03365163593033211,SUCCESS
E5_DT1_PD05_SEED789,1,0.05,0.05390981735159817,1.0,anomaly_detection,None,isolation_forest,residual,roc_auc,0.6826019193280389,0.6862922428793846,-0.0036903235513456867,0.005377189658829145,SUCCESS
E5_DT1_PD05_SEED789,1,0.05,0.05390981735159817,1.0,anomaly_detection,None,isolation_forest,residual,detection_latency,0.0,0.0,0.0,0.0,SUCCESS
E5_DT1_PD05_SEED789,1,0.05,0.05390981735159817,1.0,anomaly_detection,None,isolation_forest,residual,threshold,0.29376565419608197,0.29376565419608197,0.0,0.0,SUCCESS
E5_DT1_PD05_SEED789,1,0.05,0.05390981735159817,1.0,anomaly_detection,None,lstm_autoencoder,raw,precision,0.49825783972125437,0.49825783972125437,0.0,0.0,SUCCESS
E5_DT1_PD05_SEED789,1,0.05,0.05390981735159817,1.0,anomaly_detection,None,lstm_autoencoder,raw,recall,0.5860655737704918,0.5860655737704918,0.0,0.0,SUCCESS
E5_DT1_PD05_SEED789,1,0.05,0.05390981735159817,1.0,anomaly_detection,None,lstm_autoencoder,raw,f1,0.5386064030131827,0.5386064030131827,0.0,0.0,SUCCESS
E5_DT1_PD05_SEED789,1,0.05,0.05390981735159817,1.0,anomaly_detection,None,lstm_autoencoder,raw,false_positive_rate,0.028731045490822026,0.028731045490822026,0.0,0.0,SUCCESS
E5_DT1_PD05_SEED789,1,0.05,0.05390981735159817,1.0,anomaly_detection,None,lstm_autoencoder,raw,pr_auc,0.561001698584242,0.561001698584242,0.0,0.0,SUCCESS
E5_DT1_PD05_SEED789,1,0.05,0.05390981735159817,1.0,anomaly_detection,None,lstm_autoencoder,raw,roc_auc,0.9493396177043946,0.9493396177043946,0.0,0.0,SUCCESS
E5_DT1_PD05_SEED789,1,0.05,0.05390981735159817,1.0,anomaly_detection,None,lstm_autoencoder,raw,detection_latency,1.3442622950819672,1.3442622950819672,0.0,0.0,SUCCESS
E5_DT1_PD05_SEED789,1,0.05,0.05390981735159817,1.0,anomaly_detection,None,lstm_autoencoder,raw,threshold,0.0007370078528765589,0.0007370078528765589,0.0,0.0,SUCCESS
E5_DT1_PD05_SEED789,1,0.05,0.05390981735159817,1.0,anomaly_detection,None,lstm_autoencoder,residual,precision,0.04642313546423135,0.04642313546423135,0.0,0.0,SUCCESS
E5_DT1_PD05_SEED789,1,0.05,0.05390981735159817,1.0,anomaly_detection,None,lstm_autoencoder,residual,recall,1.0,1.0,0.0,0.0,SUCCESS
E5_DT1_PD05_SEED789,1,0.05,0.05390981735159817,1.0,anomaly_detection,None,lstm_autoencoder,residual,f1,0.08872727272727272,0.08872727272727272,0.0,0.0,SUCCESS
E5_DT1_PD05_SEED789,1,0.05,0.05390981735159817,1.0,anomaly_detection,None,lstm_autoencoder,residual,false_positive_rate,1.0,1.0,0.0,0.0,SUCCESS
E5_DT1_PD05_SEED789,1,0.05,0.05390981735159817,1.0,anomaly_detection,None,lstm_autoencoder,residual,pr_auc,0.12446048768735649,0.12341932050043224,0.0010411671869242495,-0.008436014577803507,SUCCESS
E5_DT1_PD05_SEED789,1,0.05,0.05390981735159817,1.0,anomaly_detection,None,lstm_autoencoder,residual,roc_auc,0.7180103816414376,0.7175696361519239,0.000440745489513672,-0.0006142198154833259,SUCCESS
E5_DT1_PD05_SEED789,1,0.05,0.05390981735159817,1.0,anomaly_detection,None,lstm_autoencoder,residual,detection_latency,0.0,0.0,0.0,0.0,SUCCESS
E5_DT1_PD05_SEED789,1,0.05,0.05390981735159817,1.0,anomaly_detection,None,lstm_autoencoder,residual,threshold,0.0003816792741417885,0.0003816792741417885,0.0,0.0,SUCCESS
E5_DT1_PD10_SEED789,1,0.1,0.11478310502283105,1.0,load_estimation,persistence,None,raw,mae,0.46840225131771157,0.4498919691646662,0.0185102821530454,0.0411438376804419,SUCCESS
E5_DT1_PD10_SEED789,1,0.1,0.11478310502283105,1.0,load_estimation,persistence,None,raw,rmse,0.6366166503233538,0.6124154498606276,0.024201200462726224,0.0395176190741659,SUCCESS
E5_DT1_PD10_SEED789,1,0.1,0.11478310502283105,1.0,load_estimation,persistence,None,raw,mape,14.518688649007425,14.12149407205246,0.3971945769549645,0.028126951364235857,SUCCESS
E5_DT1_PD10_SEED789,1,0.1,0.11478310502283105,1.0,load_estimation,persistence,None,raw,r2,0.9251664117360656,0.9307479138394198,-0.0055815021033541745,-0.005996792493823564,SUCCESS
E5_DT1_PD10_SEED789,1,0.1,0.11478310502283105,1.0,load_estimation,xgboost,None,raw,mae,0.2794107763462415,0.27502327259272746,0.004387503753514044,0.0159532090217374,SUCCESS
E5_DT1_PD10_SEED789,1,0.1,0.11478310502283105,1.0,load_estimation,xgboost,None,raw,rmse,0.4183167583288753,0.41448894154272264,0.0038278167861526824,0.009235027530301764,SUCCESS
E5_DT1_PD10_SEED789,1,0.1,0.11478310502283105,1.0,load_estimation,xgboost,None,raw,mape,9.2173995008991,9.085560043649886,0.13183945724921386,0.014510878428607116,SUCCESS
E5_DT1_PD10_SEED789,1,0.1,0.11478310502283105,1.0,load_estimation,xgboost,None,raw,r2,0.9676889470864275,0.9682775676298727,-0.0005886205434452174,-0.0006079047611172373,SUCCESS
E5_DT1_PD10_SEED789,1,0.1,0.11478310502283105,1.0,load_estimation,lstm,None,raw,mae,0.28006476256124335,0.2799320810273526,0.00013268153389073278,0.00047397759272102953,SUCCESS
E5_DT1_PD10_SEED789,1,0.1,0.11478310502283105,1.0,load_estimation,lstm,None,raw,rmse,0.4201120485262901,0.42131145625414734,-0.0011994077278572601,-0.002846843374545558,SUCCESS
E5_DT1_PD10_SEED789,1,0.1,0.11478310502283105,1.0,load_estimation,lstm,None,raw,mape,8.950990848493975,8.950627129882083,0.00036371861189188337,4.0636103662233e-05,SUCCESS
E5_DT1_PD10_SEED789,1,0.1,0.11478310502283105,1.0,load_estimation,lstm,None,raw,r2,0.967499788270424,0.9673139490398543,0.00018583923056969542,0.00019211883665500482,SUCCESS
E5_DT1_PD10_SEED789,1,0.1,0.11478310502283105,1.0,anomaly_detection,None,isolation_forest,raw,precision,0.11646586345381527,0.11646586345381527,0.0,0.0,SUCCESS
E5_DT1_PD10_SEED789,1,0.1,0.11478310502283105,1.0,anomaly_detection,None,isolation_forest,raw,recall,0.11885245901639344,0.11885245901639344,0.0,0.0,SUCCESS
E5_DT1_PD10_SEED789,1,0.1,0.11478310502283105,1.0,anomaly_detection,None,isolation_forest,raw,f1,0.11764705882352941,0.11764705882352941,0.0,0.0,SUCCESS
E5_DT1_PD10_SEED789,1,0.1,0.11478310502283105,1.0,anomaly_detection,None,isolation_forest,raw,false_positive_rate,0.04389465283320032,0.04389465283320032,0.0,0.0,SUCCESS
E5_DT1_PD10_SEED789,1,0.1,0.11478310502283105,1.0,anomaly_detection,None,isolation_forest,raw,pr_auc,0.09385708598261007,0.09385708598261007,0.0,0.0,SUCCESS
E5_DT1_PD10_SEED789,1,0.1,0.11478310502283105,1.0,anomaly_detection,None,isolation_forest,raw,roc_auc,0.7138596875695052,0.7138596875695052,0.0,0.0,SUCCESS
E5_DT1_PD10_SEED789,1,0.1,0.11478310502283105,1.0,anomaly_detection,None,isolation_forest,raw,detection_latency,3.2459016393442623,3.2459016393442623,0.0,0.0,SUCCESS
E5_DT1_PD10_SEED789,1,0.1,0.11478310502283105,1.0,anomaly_detection,None,isolation_forest,raw,threshold,0.5031683371451802,0.5031683371451802,0.0,0.0,SUCCESS
E5_DT1_PD10_SEED789,1,0.1,0.11478310502283105,1.0,anomaly_detection,None,isolation_forest,residual,precision,0.04642313546423135,0.04642313546423135,0.0,0.0,SUCCESS
E5_DT1_PD10_SEED789,1,0.1,0.11478310502283105,1.0,anomaly_detection,None,isolation_forest,residual,recall,1.0,1.0,0.0,0.0,SUCCESS
E5_DT1_PD10_SEED789,1,0.1,0.11478310502283105,1.0,anomaly_detection,None,isolation_forest,residual,f1,0.08872727272727272,0.08872727272727272,0.0,0.0,SUCCESS
E5_DT1_PD10_SEED789,1,0.1,0.11478310502283105,1.0,anomaly_detection,None,isolation_forest,residual,false_positive_rate,1.0,1.0,0.0,0.0,SUCCESS
E5_DT1_PD10_SEED789,1,0.1,0.11478310502283105,1.0,anomaly_detection,None,isolation_forest,residual,pr_auc,0.07695182275409451,0.08213935081255075,-0.005187528058456237,0.06315521132245899,SUCCESS
E5_DT1_PD10_SEED789,1,0.1,0.11478310502283105,1.0,anomaly_detection,None,isolation_forest,residual,roc_auc,0.6796319979589966,0.6862922428793846,-0.00666024492038797,0.009704677547344075,SUCCESS
E5_DT1_PD10_SEED789,1,0.1,0.11478310502283105,1.0,anomaly_detection,None,isolation_forest,residual,detection_latency,0.0,0.0,0.0,0.0,SUCCESS
E5_DT1_PD10_SEED789,1,0.1,0.11478310502283105,1.0,anomaly_detection,None,isolation_forest,residual,threshold,0.29376565419608197,0.29376565419608197,0.0,0.0,SUCCESS
E5_DT1_PD10_SEED789,1,0.1,0.11478310502283105,1.0,anomaly_detection,None,lstm_autoencoder,raw,precision,0.49825783972125437,0.49825783972125437,0.0,0.0,SUCCESS
E5_DT1_PD10_SEED789,1,0.1,0.11478310502283105,1.0,anomaly_detection,None,lstm_autoencoder,raw,recall,0.5860655737704918,0.5860655737704918,0.0,0.0,SUCCESS
E5_DT1_PD10_SEED789,1,0.1,0.11478310502283105,1.0,anomaly_detection,None,lstm_autoencoder,raw,f1,0.5386064030131827,0.5386064030131827,0.0,0.0,SUCCESS
E5_DT1_PD10_SEED789,1,0.1,0.11478310502283105,1.0,anomaly_detection,None,lstm_autoencoder,raw,false_positive_rate,0.028731045490822026,0.028731045490822026,0.0,0.0,SUCCESS
E5_DT1_PD10_SEED789,1,0.1,0.11478310502283105,1.0,anomaly_detection,None,lstm_autoencoder,raw,pr_auc,0.561001698584242,0.561001698584242,0.0,0.0,SUCCESS
E5_DT1_PD10_SEED789,1,0.1,0.11478310502283105,1.0,anomaly_detection,None,lstm_autoencoder,raw,roc_auc,0.9493396177043946,0.9493396177043946,0.0,0.0,SUCCESS
E5_DT1_PD10_SEED789,1,0.1,0.11478310502283105,1.0,anomaly_detection,None,lstm_autoencoder,raw,detection_latency,1.3442622950819672,1.3442622950819672,0.0,0.0,SUCCESS
E5_DT1_PD10_SEED789,1,0.1,0.11478310502283105,1.0,anomaly_detection,None,lstm_autoencoder,raw,threshold,0.0007370078528765589,0.0007370078528765589,0.0,0.0,SUCCESS
E5_DT1_PD10_SEED789,1,0.1,0.11478310502283105,1.0,anomaly_detection,None,lstm_autoencoder,residual,precision,0.04642313546423135,0.04642313546423135,0.0,0.0,SUCCESS
E5_DT1_PD10_SEED789,1,0.1,0.11478310502283105,1.0,anomaly_detection,None,lstm_autoencoder,residual,recall,1.0,1.0,0.0,0.0,SUCCESS
E5_DT1_PD10_SEED789,1,0.1,0.11478310502283105,1.0,anomaly_detection,None,lstm_autoencoder,residual,f1,0.08872727272727272,0.08872727272727272,0.0,0.0,SUCCESS
E5_DT1_PD10_SEED789,1,0.1,0.11478310502283105,1.0,anomaly_detection,None,lstm_autoencoder,residual,false_positive_rate,1.0,1.0,0.0,0.0,SUCCESS
E5_DT1_PD10_SEED789,1,0.1,0.11478310502283105,1.0,anomaly_detection,None,lstm_autoencoder,residual,pr_auc,0.12602728211773773,0.12341932050043224,0.0026079616173054904,-0.021130902412449734,SUCCESS
E5_DT1_PD10_SEED789,1,0.1,0.11478310502283105,1.0,anomaly_detection,None,lstm_autoencoder,residual,roc_auc,0.7207071879947144,0.7175696361519239,0.0031375518427905202,-0.004372470189257335,SUCCESS
E5_DT1_PD10_SEED789,1,0.1,0.11478310502283105,1.0,anomaly_detection,None,lstm_autoencoder,residual,detection_latency,0.0,0.0,0.0,0.0,SUCCESS
E5_DT1_PD10_SEED789,1,0.1,0.11478310502283105,1.0,anomaly_detection,None,lstm_autoencoder,residual,threshold,0.0003816792741417885,0.0003816792741417885,0.0,0.0,SUCCESS
E5_DT1_PD20_SEED789,1,0.2,0.24717465753424658,1.0,load_estimation,persistence,None,raw,mae,0.4920262407335698,0.4498919691646662,0.04213427156890365,0.09365419802255232,SUCCESS
E5_DT1_PD20_SEED789,1,0.2,0.24717465753424658,1.0,load_estimation,persistence,None,raw,rmse,0.6687250588465831,0.6124154498606276,0.056309608985955495,0.09194674791233685,SUCCESS
E5_DT1_PD20_SEED789,1,0.2,0.24717465753424658,1.0,load_estimation,persistence,None,raw,mape,15.120578231514703,14.12149407205246,0.9990841594622424,0.07074918237153871,SUCCESS
E5_DT1_PD20_SEED789,1,0.2,0.24717465753424658,1.0,load_estimation,persistence,None,raw,r2,0.917427434327094,0.9307479138394198,-0.013320479512325845,-0.014311586751108208,SUCCESS
E5_DT1_PD20_SEED789,1,0.2,0.24717465753424658,1.0,load_estimation,xgboost,None,raw,mae,0.2887814064684524,0.27502327259272746,0.013758133875724943,0.05002534420459352,SUCCESS
E5_DT1_PD20_SEED789,1,0.2,0.24717465753424658,1.0,load_estimation,xgboost,None,raw,rmse,0.4318174815892416,0.41448894154272264,0.01732854004651896,0.04180700209279975,SUCCESS
E5_DT1_PD20_SEED789,1,0.2,0.24717465753424658,1.0,load_estimation,xgboost,None,raw,mape,9.458809889812727,9.085560043649886,0.3732498461628406,0.041081655326653616,SUCCESS
E5_DT1_PD20_SEED789,1,0.2,0.24717465753424658,1.0,load_estimation,xgboost,None,raw,r2,0.9655696827630923,0.9682775676298727,-0.002707884866780419,-0.002796599815287177,SUCCESS
E5_DT1_PD20_SEED789,1,0.2,0.24717465753424658,1.0,load_estimation,lstm,None,raw,mae,0.2841161422057018,0.2799320810273526,0.0041840611783491855,0.014946701224788715,SUCCESS
E5_DT1_PD20_SEED789,1,0.2,0.24717465753424658,1.0,load_estimation,lstm,None,raw,rmse,0.42472994249565915,0.42131145625414734,0.003418486241511809,0.008113917128922501,SUCCESS
E5_DT1_PD20_SEED789,1,0.2,0.24717465753424658,1.0,load_estimation,lstm,None,raw,mape,9.048865167179498,8.950627129882083,0.0982380372974152,0.010975547955678209,SUCCESS
E5_DT1_PD20_SEED789,1,0.2,0.24717465753424658,1.0,load_estimation,lstm,None,raw,r2,0.9667813733148803,0.9673139490398543,-0.0005325757249740048,-0.0005505717409561125,SUCCESS
E5_DT1_PD20_SEED789,1,0.2,0.24717465753424658,1.0,anomaly_detection,None,isolation_forest,raw,precision,0.11646586345381527,0.11646586345381527,0.0,0.0,SUCCESS
E5_DT1_PD20_SEED789,1,0.2,0.24717465753424658,1.0,anomaly_detection,None,isolation_forest,raw,recall,0.11885245901639344,0.11885245901639344,0.0,0.0,SUCCESS
E5_DT1_PD20_SEED789,1,0.2,0.24717465753424658,1.0,anomaly_detection,None,isolation_forest,raw,f1,0.11764705882352941,0.11764705882352941,0.0,0.0,SUCCESS
E5_DT1_PD20_SEED789,1,0.2,0.24717465753424658,1.0,anomaly_detection,None,isolation_forest,raw,false_positive_rate,0.04389465283320032,0.04389465283320032,0.0,0.0,SUCCESS
E5_DT1_PD20_SEED789,1,0.2,0.24717465753424658,1.0,anomaly_detection,None,isolation_forest,raw,pr_auc,0.09385708598261007,0.09385708598261007,0.0,0.0,SUCCESS
E5_DT1_PD20_SEED789,1,0.2,0.24717465753424658,1.0,anomaly_detection,None,isolation_forest,raw,roc_auc,0.7138596875695052,0.7138596875695052,0.0,0.0,SUCCESS
E5_DT1_PD20_SEED789,1,0.2,0.24717465753424658,1.0,anomaly_detection,None,isolation_forest,raw,detection_latency,3.2459016393442623,3.2459016393442623,0.0,0.0,SUCCESS
E5_DT1_PD20_SEED789,1,0.2,0.24717465753424658,1.0,anomaly_detection,None,isolation_forest,raw,threshold,0.5031683371451802,0.5031683371451802,0.0,0.0,SUCCESS
E5_DT1_PD20_SEED789,1,0.2,0.24717465753424658,1.0,anomaly_detection,None,isolation_forest,residual,precision,0.04642313546423135,0.04642313546423135,0.0,0.0,SUCCESS
E5_DT1_PD20_SEED789,1,0.2,0.24717465753424658,1.0,anomaly_detection,None,isolation_forest,residual,recall,1.0,1.0,0.0,0.0,SUCCESS
E5_DT1_PD20_SEED789,1,0.2,0.24717465753424658,1.0,anomaly_detection,None,isolation_forest,residual,f1,0.08872727272727272,0.08872727272727272,0.0,0.0,SUCCESS
E5_DT1_PD20_SEED789,1,0.2,0.24717465753424658,1.0,anomaly_detection,None,isolation_forest,residual,false_positive_rate,1.0,1.0,0.0,0.0,SUCCESS
E5_DT1_PD20_SEED789,1,0.2,0.24717465753424658,1.0,anomaly_detection,None,isolation_forest,residual,pr_auc,0.07344778859452347,0.08213935081255075,-0.008691562218027277,0.10581483944111257,SUCCESS
E5_DT1_PD20_SEED789,1,0.2,0.24717465753424658,1.0,anomaly_detection,None,isolation_forest,residual,roc_auc,0.6687654547119699,0.6862922428793846,-0.01752678816741471,0.02553837428480891,SUCCESS
E5_DT1_PD20_SEED789,1,0.2,0.24717465753424658,1.0,anomaly_detection,None,isolation_forest,residual,detection_latency,0.0,0.0,0.0,0.0,SUCCESS
E5_DT1_PD20_SEED789,1,0.2,0.24717465753424658,1.0,anomaly_detection,None,isolation_forest,residual,threshold,0.29376565419608197,0.29376565419608197,0.0,0.0,SUCCESS
E5_DT1_PD20_SEED789,1,0.2,0.24717465753424658,1.0,anomaly_detection,None,lstm_autoencoder,raw,precision,0.49825783972125437,0.49825783972125437,0.0,0.0,SUCCESS
E5_DT1_PD20_SEED789,1,0.2,0.24717465753424658,1.0,anomaly_detection,None,lstm_autoencoder,raw,recall,0.5860655737704918,0.5860655737704918,0.0,0.0,SUCCESS
E5_DT1_PD20_SEED789,1,0.2,0.24717465753424658,1.0,anomaly_detection,None,lstm_autoencoder,raw,f1,0.5386064030131827,0.5386064030131827,0.0,0.0,SUCCESS
E5_DT1_PD20_SEED789,1,0.2,0.24717465753424658,1.0,anomaly_detection,None,lstm_autoencoder,raw,false_positive_rate,0.028731045490822026,0.028731045490822026,0.0,0.0,SUCCESS
E5_DT1_PD20_SEED789,1,0.2,0.24717465753424658,1.0,anomaly_detection,None,lstm_autoencoder,raw,pr_auc,0.561001698584242,0.561001698584242,0.0,0.0,SUCCESS
E5_DT1_PD20_SEED789,1,0.2,0.24717465753424658,1.0,anomaly_detection,None,lstm_autoencoder,raw,roc_auc,0.9493396177043946,0.9493396177043946,0.0,0.0,SUCCESS
E5_DT1_PD20_SEED789,1,0.2,0.24717465753424658,1.0,anomaly_detection,None,lstm_autoencoder,raw,detection_latency,1.3442622950819672,1.3442622950819672,0.0,0.0,SUCCESS
E5_DT1_PD20_SEED789,1,0.2,0.24717465753424658,1.0,anomaly_detection,None,lstm_autoencoder,raw,threshold,0.0007370078528765589,0.0007370078528765589,0.0,0.0,SUCCESS
E5_DT1_PD20_SEED789,1,0.2,0.24717465753424658,1.0,anomaly_detection,None,lstm_autoencoder,residual,precision,0.04642313546423135,0.04642313546423135,0.0,0.0,SUCCESS
E5_DT1_PD20_SEED789,1,0.2,0.24717465753424658,1.0,anomaly_detection,None,lstm_autoencoder,residual,recall,1.0,1.0,0.0,0.0,SUCCESS
E5_DT1_PD20_SEED789,1,0.2,0.24717465753424658,1.0,anomaly_detection,None,lstm_autoencoder,residual,f1,0.08872727272727272,0.08872727272727272,0.0,0.0,SUCCESS
E5_DT1_PD20_SEED789,1,0.2,0.24717465753424658,1.0,anomaly_detection,None,lstm_autoencoder,residual,false_positive_rate,1.0,1.0,0.0,0.0,SUCCESS
E5_DT1_PD20_SEED789,1,0.2,0.24717465753424658,1.0,anomaly_detection,None,lstm_autoencoder,residual,pr_auc,0.12720782411755308,0.12341932050043224,0.003788503617120839,-0.030696195715220868,SUCCESS
E5_DT1_PD20_SEED789,1,0.2,0.24717465753424658,1.0,anomaly_detection,None,lstm_autoencoder,residual,roc_auc,0.720396458336059,0.7175696361519239,0.0028268221841351027,-0.003939439521569455,SUCCESS
E5_DT1_PD20_SEED789,1,0.2,0.24717465753424658,1.0,anomaly_detection,None,lstm_autoencoder,residual,detection_latency,0.0,0.0,0.0,0.0,SUCCESS
E5_DT1_PD20_SEED789,1,0.2,0.24717465753424658,1.0,anomaly_detection,None,lstm_autoencoder,residual,threshold,0.0003816792741417885,0.0003816792741417885,0.0,0.0,SUCCESS
E5_DT5_PD00_SEED789,5,0.0,2.0,4.0,load_estimation,persistence,None,raw,mae,0.8463854318430798,0.4498919691646662,0.3964934626784136,0.8813081580775939,SUCCESS
E5_DT5_PD00_SEED789,5,0.0,2.0,4.0,load_estimation,persistence,None,raw,rmse,1.120031208549931,0.6124154498606276,0.5076157586893035,0.8288748410981889,SUCCESS
E5_DT5_PD00_SEED789,5,0.0,2.0,4.0,load_estimation,persistence,None,raw,mape,24.414660194885123,14.12149407205246,10.293166122832663,0.7289006439625707,SUCCESS
E5_DT5_PD00_SEED789,5,0.0,2.0,4.0,load_estimation,persistence,None,raw,r2,0.7683667867253379,0.9307479138394198,-0.16238112711408192,-0.17446305782652255,SUCCESS
E5_DT5_PD00_SEED789,5,0.0,2.0,4.0,load_estimation,xgboost,None,raw,mae,0.5156683636265077,0.27502327259272746,0.24064509103378023,0.8749990092298237,SUCCESS
E5_DT5_PD00_SEED789,5,0.0,2.0,4.0,load_estimation,xgboost,None,raw,rmse,0.715340005077753,0.41448894154272264,0.3008510635350303,0.7258361644469125,SUCCESS
E5_DT5_PD00_SEED789,5,0.0,2.0,4.0,load_estimation,xgboost,None,raw,mape,15.053786409635011,9.085560043649886,5.9682263659851245,0.6568914120111351,SUCCESS
E5_DT5_PD00_SEED789,5,0.0,2.0,4.0,load_estimation,xgboost,None,raw,r2,0.9055144031623305,0.9682775676298727,-0.06276316446754227,-0.06481939328737366,SUCCESS
E5_DT5_PD00_SEED789,5,0.0,2.0,4.0,load_estimation,lstm,None,raw,mae,0.5344382980096278,0.2799320810273526,0.2545062169822752,0.9091713105844663,SUCCESS
E5_DT5_PD00_SEED789,5,0.0,2.0,4.0,load_estimation,lstm,None,raw,rmse,0.7030361012185283,0.42131145625414734,0.281724644964381,0.6686849853767957,SUCCESS
E5_DT5_PD00_SEED789,5,0.0,2.0,4.0,load_estimation,lstm,None,raw,mape,15.211325529490512,8.950627129882083,6.2606983996084296,0.6994703621053321,SUCCESS
E5_DT5_PD00_SEED789,5,0.0,2.0,4.0,load_estimation,lstm,None,raw,r2,0.9089853779553142,0.9673139490398543,-0.05832857108454015,-0.06029952441235493,SUCCESS
E5_DT5_PD00_SEED789,5,0.0,2.0,4.0,anomaly_detection,None,isolation_forest,raw,precision,0.11646586345381527,0.11646586345381527,0.0,0.0,SUCCESS
E5_DT5_PD00_SEED789,5,0.0,2.0,4.0,anomaly_detection,None,isolation_forest,raw,recall,0.11885245901639344,0.11885245901639344,0.0,0.0,SUCCESS
E5_DT5_PD00_SEED789,5,0.0,2.0,4.0,anomaly_detection,None,isolation_forest,raw,f1,0.11764705882352941,0.11764705882352941,0.0,0.0,SUCCESS
E5_DT5_PD00_SEED789,5,0.0,2.0,4.0,anomaly_detection,None,isolation_forest,raw,false_positive_rate,0.04389465283320032,0.04389465283320032,0.0,0.0,SUCCESS
E5_DT5_PD00_SEED789,5,0.0,2.0,4.0,anomaly_detection,None,isolation_forest,raw,pr_auc,0.09385708598261007,0.09385708598261007,0.0,0.0,SUCCESS
E5_DT5_PD00_SEED789,5,0.0,2.0,4.0,anomaly_detection,None,isolation_forest,raw,roc_auc,0.7138596875695052,0.7138596875695052,0.0,0.0,SUCCESS
E5_DT5_PD00_SEED789,5,0.0,2.0,4.0,anomaly_detection,None,isolation_forest,raw,detection_latency,3.2459016393442623,3.2459016393442623,0.0,0.0,SUCCESS
E5_DT5_PD00_SEED789,5,0.0,2.0,4.0,anomaly_detection,None,isolation_forest,raw,threshold,0.5031683371451802,0.5031683371451802,0.0,0.0,SUCCESS
E5_DT5_PD00_SEED789,5,0.0,2.0,4.0,anomaly_detection,None,isolation_forest,residual,precision,0.04642313546423135,0.04642313546423135,0.0,0.0,SUCCESS
E5_DT5_PD00_SEED789,5,0.0,2.0,4.0,anomaly_detection,None,isolation_forest,residual,recall,1.0,1.0,0.0,0.0,SUCCESS
E5_DT5_PD00_SEED789,5,0.0,2.0,4.0,anomaly_detection,None,isolation_forest,residual,f1,0.08872727272727272,0.08872727272727272,0.0,0.0,SUCCESS
E5_DT5_PD00_SEED789,5,0.0,2.0,4.0,anomaly_detection,None,isolation_forest,residual,false_positive_rate,1.0,1.0,0.0,0.0,SUCCESS
E5_DT5_PD00_SEED789,5,0.0,2.0,4.0,anomaly_detection,None,isolation_forest,residual,pr_auc,0.05662890820314218,0.08213935081255075,-0.025510442609408567,0.3105751671647083,SUCCESS
E5_DT5_PD00_SEED789,5,0.0,2.0,4.0,anomaly_detection,None,isolation_forest,residual,roc_auc,0.6032264368793584,0.6862922428793846,-0.08306580600002622,0.12103561837085339,SUCCESS
E5_DT5_PD00_SEED789,5,0.0,2.0,4.0,anomaly_detection,None,isolation_forest,residual,detection_latency,0.0,0.0,0.0,0.0,SUCCESS
E5_DT5_PD00_SEED789,5,0.0,2.0,4.0,anomaly_detection,None,isolation_forest,residual,threshold,0.29376565419608197,0.29376565419608197,0.0,0.0,SUCCESS
E5_DT5_PD00_SEED789,5,0.0,2.0,4.0,anomaly_detection,None,lstm_autoencoder,raw,precision,0.49825783972125437,0.49825783972125437,0.0,0.0,SUCCESS
E5_DT5_PD00_SEED789,5,0.0,2.0,4.0,anomaly_detection,None,lstm_autoencoder,raw,recall,0.5860655737704918,0.5860655737704918,0.0,0.0,SUCCESS
E5_DT5_PD00_SEED789,5,0.0,2.0,4.0,anomaly_detection,None,lstm_autoencoder,raw,f1,0.5386064030131827,0.5386064030131827,0.0,0.0,SUCCESS
E5_DT5_PD00_SEED789,5,0.0,2.0,4.0,anomaly_detection,None,lstm_autoencoder,raw,false_positive_rate,0.028731045490822026,0.028731045490822026,0.0,0.0,SUCCESS
E5_DT5_PD00_SEED789,5,0.0,2.0,4.0,anomaly_detection,None,lstm_autoencoder,raw,pr_auc,0.561001698584242,0.561001698584242,0.0,0.0,SUCCESS
E5_DT5_PD00_SEED789,5,0.0,2.0,4.0,anomaly_detection,None,lstm_autoencoder,raw,roc_auc,0.9493396177043946,0.9493396177043946,0.0,0.0,SUCCESS
E5_DT5_PD00_SEED789,5,0.0,2.0,4.0,anomaly_detection,None,lstm_autoencoder,raw,detection_latency,1.3442622950819672,1.3442622950819672,0.0,0.0,SUCCESS
E5_DT5_PD00_SEED789,5,0.0,2.0,4.0,anomaly_detection,None,lstm_autoencoder,raw,threshold,0.0007370078528765589,0.0007370078528765589,0.0,0.0,SUCCESS
E5_DT5_PD00_SEED789,5,0.0,2.0,4.0,anomaly_detection,None,lstm_autoencoder,residual,precision,0.04642313546423135,0.04642313546423135,0.0,0.0,SUCCESS
E5_DT5_PD00_SEED789,5,0.0,2.0,4.0,anomaly_detection,None,lstm_autoencoder,residual,recall,1.0,1.0,0.0,0.0,SUCCESS
E5_DT5_PD00_SEED789,5,0.0,2.0,4.0,anomaly_detection,None,lstm_autoencoder,residual,f1,0.08872727272727272,0.08872727272727272,0.0,0.0,SUCCESS
E5_DT5_PD00_SEED789,5,0.0,2.0,4.0,anomaly_detection,None,lstm_autoencoder,residual,false_positive_rate,1.0,1.0,0.0,0.0,SUCCESS
E5_DT5_PD00_SEED789,5,0.0,2.0,4.0,anomaly_detection,None,lstm_autoencoder,residual,pr_auc,0.1278962458556058,0.12341932050043224,0.004476925355173564,-0.03627410471084132,SUCCESS
E5_DT5_PD00_SEED789,5,0.0,2.0,4.0,anomaly_detection,None,lstm_autoencoder,residual,roc_auc,0.6929745659597295,0.7175696361519239,-0.024595070192194424,0.034275516901870626,SUCCESS
E5_DT5_PD00_SEED789,5,0.0,2.0,4.0,anomaly_detection,None,lstm_autoencoder,residual,detection_latency,0.0,0.0,0.0,0.0,SUCCESS
E5_DT5_PD00_SEED789,5,0.0,2.0,4.0,anomaly_detection,None,lstm_autoencoder,residual,threshold,0.0003816792741417885,0.0003816792741417885,0.0,0.0,SUCCESS
E5_DT5_PD05_SEED789,5,0.05,2.033961187214612,4.0,load_estimation,persistence,None,raw,mae,0.8595517516544421,0.4498919691646662,0.4096597824897759,0.9105736722760553,SUCCESS
E5_DT5_PD05_SEED789,5,0.05,2.033961187214612,4.0,load_estimation,persistence,None,raw,rmse,1.1426357159659883,0.6124154498606276,0.5302202661053608,0.8657852544804795,SUCCESS
E5_DT5_PD05_SEED789,5,0.05,2.033961187214612,4.0,load_estimation,persistence,None,raw,mape,24.83347459776897,14.12149407205246,10.711980525716509,0.7585585824743825,SUCCESS
E5_DT5_PD05_SEED789,5,0.05,2.033961187214612,4.0,load_estimation,persistence,None,raw,r2,0.7589227806057691,0.9307479138394198,-0.17182513323365067,-0.18460974306658004,SUCCESS
E5_DT5_PD05_SEED789,5,0.05,2.033961187214612,4.0,load_estimation,xgboost,None,raw,mae,0.5190950863437566,0.27502327259272746,0.2440718137510291,0.8874587646714054,SUCCESS
E5_DT5_PD05_SEED789,5,0.05,2.033961187214612,4.0,load_estimation,xgboost,None,raw,rmse,0.7207295081121856,0.41448894154272264,0.30624056656946297,0.7388389312140378,SUCCESS
E5_DT5_PD05_SEED789,5,0.05,2.033961187214612,4.0,load_estimation,xgboost,None,raw,mape,15.245569993506233,9.085560043649886,6.160009949856347,0.6780000264443493,SUCCESS
E5_DT5_PD05_SEED789,5,0.05,2.033961187214612,4.0,load_estimation,xgboost,None,raw,r2,0.9040852960944212,0.9682775676298727,-0.06419227153545148,-0.06629532035176632,SUCCESS
E5_DT5_PD05_SEED789,5,0.05,2.033961187214612,4.0,load_estimation,lstm,None,raw,mae,0.5305433089934046,0.2799320810273526,0.250611227966052,0.8952572604265546,SUCCESS
E5_DT5_PD05_SEED789,5,0.05,2.033961187214612,4.0,load_estimation,lstm,None,raw,rmse,0.7016325126878048,0.42131145625414734,0.28032105643365746,0.6653535105025951,SUCCESS
E5_DT5_PD05_SEED789,5,0.05,2.033961187214612,4.0,load_estimation,lstm,None,raw,mape,15.083951673878898,8.950627129882083,6.133324543996816,0.6852396435463642,SUCCESS
E5_DT5_PD05_SEED789,5,0.05,2.033961187214612,4.0,load_estimation,lstm,None,raw,r2,0.9093484306007769,0.9673139490398543,-0.05796551843907749,-0.05992420402560457,SUCCESS
E5_DT5_PD05_SEED789,5,0.05,2.033961187214612,4.0,anomaly_detection,None,isolation_forest,raw,precision,0.11646586345381527,0.11646586345381527,0.0,0.0,SUCCESS
E5_DT5_PD05_SEED789,5,0.05,2.033961187214612,4.0,anomaly_detection,None,isolation_forest,raw,recall,0.11885245901639344,0.11885245901639344,0.0,0.0,SUCCESS
E5_DT5_PD05_SEED789,5,0.05,2.033961187214612,4.0,anomaly_detection,None,isolation_forest,raw,f1,0.11764705882352941,0.11764705882352941,0.0,0.0,SUCCESS
E5_DT5_PD05_SEED789,5,0.05,2.033961187214612,4.0,anomaly_detection,None,isolation_forest,raw,false_positive_rate,0.04389465283320032,0.04389465283320032,0.0,0.0,SUCCESS
E5_DT5_PD05_SEED789,5,0.05,2.033961187214612,4.0,anomaly_detection,None,isolation_forest,raw,pr_auc,0.09385708598261007,0.09385708598261007,0.0,0.0,SUCCESS
E5_DT5_PD05_SEED789,5,0.05,2.033961187214612,4.0,anomaly_detection,None,isolation_forest,raw,roc_auc,0.7138596875695052,0.7138596875695052,0.0,0.0,SUCCESS
E5_DT5_PD05_SEED789,5,0.05,2.033961187214612,4.0,anomaly_detection,None,isolation_forest,raw,detection_latency,3.2459016393442623,3.2459016393442623,0.0,0.0,SUCCESS
E5_DT5_PD05_SEED789,5,0.05,2.033961187214612,4.0,anomaly_detection,None,isolation_forest,raw,threshold,0.5031683371451802,0.5031683371451802,0.0,0.0,SUCCESS
E5_DT5_PD05_SEED789,5,0.05,2.033961187214612,4.0,anomaly_detection,None,isolation_forest,residual,precision,0.04642313546423135,0.04642313546423135,0.0,0.0,SUCCESS
E5_DT5_PD05_SEED789,5,0.05,2.033961187214612,4.0,anomaly_detection,None,isolation_forest,residual,recall,1.0,1.0,0.0,0.0,SUCCESS
E5_DT5_PD05_SEED789,5,0.05,2.033961187214612,4.0,anomaly_detection,None,isolation_forest,residual,f1,0.08872727272727272,0.08872727272727272,0.0,0.0,SUCCESS
E5_DT5_PD05_SEED789,5,0.05,2.033961187214612,4.0,anomaly_detection,None,isolation_forest,residual,false_positive_rate,1.0,1.0,0.0,0.0,SUCCESS
E5_DT5_PD05_SEED789,5,0.05,2.033961187214612,4.0,anomaly_detection,None,isolation_forest,residual,pr_auc,0.058111473110738415,0.08213935081255075,-0.024027877701812334,0.2925257804465252,SUCCESS
E5_DT5_PD05_SEED789,5,0.05,2.033961187214612,4.0,anomaly_detection,None,isolation_forest,residual,roc_auc,0.6124788213206338,0.6862922428793846,-0.07381342155875081,0.10755392083270782,SUCCESS
E5_DT5_PD05_SEED789,5,0.05,2.033961187214612,4.0,anomaly_detection,None,isolation_forest,residual,detection_latency,0.0,0.0,0.0,0.0,SUCCESS
E5_DT5_PD05_SEED789,5,0.05,2.033961187214612,4.0,anomaly_detection,None,isolation_forest,residual,threshold,0.29376565419608197,0.29376565419608197,0.0,0.0,SUCCESS
E5_DT5_PD05_SEED789,5,0.05,2.033961187214612,4.0,anomaly_detection,None,lstm_autoencoder,raw,precision,0.49825783972125437,0.49825783972125437,0.0,0.0,SUCCESS
E5_DT5_PD05_SEED789,5,0.05,2.033961187214612,4.0,anomaly_detection,None,lstm_autoencoder,raw,recall,0.5860655737704918,0.5860655737704918,0.0,0.0,SUCCESS
E5_DT5_PD05_SEED789,5,0.05,2.033961187214612,4.0,anomaly_detection,None,lstm_autoencoder,raw,f1,0.5386064030131827,0.5386064030131827,0.0,0.0,SUCCESS
E5_DT5_PD05_SEED789,5,0.05,2.033961187214612,4.0,anomaly_detection,None,lstm_autoencoder,raw,false_positive_rate,0.028731045490822026,0.028731045490822026,0.0,0.0,SUCCESS
E5_DT5_PD05_SEED789,5,0.05,2.033961187214612,4.0,anomaly_detection,None,lstm_autoencoder,raw,pr_auc,0.561001698584242,0.561001698584242,0.0,0.0,SUCCESS
E5_DT5_PD05_SEED789,5,0.05,2.033961187214612,4.0,anomaly_detection,None,lstm_autoencoder,raw,roc_auc,0.9493396177043946,0.9493396177043946,0.0,0.0,SUCCESS
E5_DT5_PD05_SEED789,5,0.05,2.033961187214612,4.0,anomaly_detection,None,lstm_autoencoder,raw,detection_latency,1.3442622950819672,1.3442622950819672,0.0,0.0,SUCCESS
E5_DT5_PD05_SEED789,5,0.05,2.033961187214612,4.0,anomaly_detection,None,lstm_autoencoder,raw,threshold,0.0007370078528765589,0.0007370078528765589,0.0,0.0,SUCCESS
E5_DT5_PD05_SEED789,5,0.05,2.033961187214612,4.0,anomaly_detection,None,lstm_autoencoder,residual,precision,0.04642313546423135,0.04642313546423135,0.0,0.0,SUCCESS
E5_DT5_PD05_SEED789,5,0.05,2.033961187214612,4.0,anomaly_detection,None,lstm_autoencoder,residual,recall,1.0,1.0,0.0,0.0,SUCCESS
E5_DT5_PD05_SEED789,5,0.05,2.033961187214612,4.0,anomaly_detection,None,lstm_autoencoder,residual,f1,0.08872727272727272,0.08872727272727272,0.0,0.0,SUCCESS
E5_DT5_PD05_SEED789,5,0.05,2.033961187214612,4.0,anomaly_detection,None,lstm_autoencoder,residual,false_positive_rate,1.0,1.0,0.0,0.0,SUCCESS
E5_DT5_PD05_SEED789,5,0.05,2.033961187214612,4.0,anomaly_detection,None,lstm_autoencoder,residual,pr_auc,0.11807398974353582,0.12341932050043224,-0.005345330756896416,0.0433103239851146,SUCCESS
E5_DT5_PD05_SEED789,5,0.05,2.033961187214612,4.0,anomaly_detection,None,lstm_autoencoder,residual,roc_auc,0.6891076171287271,0.7175696361519239,-0.028462019023196783,0.03966446960580534,SUCCESS
E5_DT5_PD05_SEED789,5,0.05,2.033961187214612,4.0,anomaly_detection,None,lstm_autoencoder,residual,detection_latency,0.0,0.0,0.0,0.0,SUCCESS
E5_DT5_PD05_SEED789,5,0.05,2.033961187214612,4.0,anomaly_detection,None,lstm_autoencoder,residual,threshold,0.0003816792741417885,0.0003816792741417885,0.0,0.0,SUCCESS
E5_DT5_PD10_SEED789,5,0.1,2.072631278538813,4.0,load_estimation,persistence,None,raw,mae,0.8592470648217964,0.4498919691646662,0.4093550956571302,0.9098964278406602,SUCCESS
E5_DT5_PD10_SEED789,5,0.1,2.072631278538813,4.0,load_estimation,persistence,None,raw,rmse,1.1489303456997857,0.6124154498606276,0.5365148958391581,0.8760636198209193,SUCCESS
E5_DT5_PD10_SEED789,5,0.1,2.072631278538813,4.0,load_estimation,persistence,None,raw,mape,24.71105395617092,14.12149407205246,10.589559884118461,0.7498894826628881,SUCCESS
E5_DT5_PD10_SEED789,5,0.1,2.072631278538813,4.0,load_estimation,persistence,None,raw,r2,0.7562593391546651,0.9307479138394198,-0.17448857468475465,-0.18747135727113629,SUCCESS
E5_DT5_PD10_SEED789,5,0.1,2.072631278538813,4.0,load_estimation,xgboost,None,raw,mae,0.5288165454133279,0.27502327259272746,0.25379327282060044,0.9228065335271979,SUCCESS
E5_DT5_PD10_SEED789,5,0.1,2.072631278538813,4.0,load_estimation,xgboost,None,raw,rmse,0.7372841903856266,0.41448894154272264,0.322795248842904,0.7787789166134665,SUCCESS
E5_DT5_PD10_SEED789,5,0.1,2.072631278538813,4.0,load_estimation,xgboost,None,raw,mape,15.505372959768145,9.085560043649886,6.419812916118259,0.7065951779830257,SUCCESS
E5_DT5_PD10_SEED789,5,0.1,2.072631278538813,4.0,load_estimation,xgboost,None,raw,r2,0.8996284971960514,0.9682775676298727,-0.06864907043382129,-0.07089813161928236,SUCCESS
E5_DT5_PD10_SEED789,5,0.1,2.072631278538813,4.0,load_estimation,lstm,None,raw,mae,0.5363646982596842,0.2799320810273526,0.2564326172323316,0.9160529807488381,SUCCESS
E5_DT5_PD10_SEED789,5,0.1,2.072631278538813,4.0,load_estimation,lstm,None,raw,rmse,0.706703231051025,0.42131145625414734,0.2853917747968776,0.6773890682543439,SUCCESS
E5_DT5_PD10_SEED789,5,0.1,2.072631278538813,4.0,load_estimation,lstm,None,raw,mape,15.34923777181389,8.950627129882083,6.398610641931807,0.7148784715396924,SUCCESS
E5_DT5_PD10_SEED789,5,0.1,2.072631278538813,4.0,load_estimation,lstm,None,raw,r2,0.9080334128720223,0.9673139490398543,-0.05928053616783202,-0.061283656900299285,SUCCESS
E5_DT5_PD10_SEED789,5,0.1,2.072631278538813,4.0,anomaly_detection,None,isolation_forest,raw,precision,0.11646586345381527,0.11646586345381527,0.0,0.0,SUCCESS
E5_DT5_PD10_SEED789,5,0.1,2.072631278538813,4.0,anomaly_detection,None,isolation_forest,raw,recall,0.11885245901639344,0.11885245901639344,0.0,0.0,SUCCESS
E5_DT5_PD10_SEED789,5,0.1,2.072631278538813,4.0,anomaly_detection,None,isolation_forest,raw,f1,0.11764705882352941,0.11764705882352941,0.0,0.0,SUCCESS
E5_DT5_PD10_SEED789,5,0.1,2.072631278538813,4.0,anomaly_detection,None,isolation_forest,raw,false_positive_rate,0.04389465283320032,0.04389465283320032,0.0,0.0,SUCCESS
E5_DT5_PD10_SEED789,5,0.1,2.072631278538813,4.0,anomaly_detection,None,isolation_forest,raw,pr_auc,0.09385708598261007,0.09385708598261007,0.0,0.0,SUCCESS
E5_DT5_PD10_SEED789,5,0.1,2.072631278538813,4.0,anomaly_detection,None,isolation_forest,raw,roc_auc,0.7138596875695052,0.7138596875695052,0.0,0.0,SUCCESS
E5_DT5_PD10_SEED789,5,0.1,2.072631278538813,4.0,anomaly_detection,None,isolation_forest,raw,detection_latency,3.2459016393442623,3.2459016393442623,0.0,0.0,SUCCESS
E5_DT5_PD10_SEED789,5,0.1,2.072631278538813,4.0,anomaly_detection,None,isolation_forest,raw,threshold,0.5031683371451802,0.5031683371451802,0.0,0.0,SUCCESS
E5_DT5_PD10_SEED789,5,0.1,2.072631278538813,4.0,anomaly_detection,None,isolation_forest,residual,precision,0.04642313546423135,0.04642313546423135,0.0,0.0,SUCCESS
E5_DT5_PD10_SEED789,5,0.1,2.072631278538813,4.0,anomaly_detection,None,isolation_forest,residual,recall,1.0,1.0,0.0,0.0,SUCCESS
E5_DT5_PD10_SEED789,5,0.1,2.072631278538813,4.0,anomaly_detection,None,isolation_forest,residual,f1,0.08872727272727272,0.08872727272727272,0.0,0.0,SUCCESS
E5_DT5_PD10_SEED789,5,0.1,2.072631278538813,4.0,anomaly_detection,None,isolation_forest,residual,false_positive_rate,1.0,1.0,0.0,0.0,SUCCESS
E5_DT5_PD10_SEED789,5,0.1,2.072631278538813,4.0,anomaly_detection,None,isolation_forest,residual,pr_auc,0.05666622988289169,0.08213935081255075,-0.02547312092965906,0.31012079688566047,SUCCESS
E5_DT5_PD10_SEED789,5,0.1,2.072631278538813,4.0,anomaly_detection,None,isolation_forest,residual,roc_auc,0.6028789102874413,0.6862922428793846,-0.08341333259194328,0.12154200117719109,SUCCESS
E5_DT5_PD10_SEED789,5,0.1,2.072631278538813,4.0,anomaly_detection,None,isolation_forest,residual,detection_latency,0.0,0.0,0.0,0.0,SUCCESS
E5_DT5_PD10_SEED789,5,0.1,2.072631278538813,4.0,anomaly_detection,None,isolation_forest,residual,threshold,0.29376565419608197,0.29376565419608197,0.0,0.0,SUCCESS
E5_DT5_PD10_SEED789,5,0.1,2.072631278538813,4.0,anomaly_detection,None,lstm_autoencoder,raw,precision,0.49825783972125437,0.49825783972125437,0.0,0.0,SUCCESS
E5_DT5_PD10_SEED789,5,0.1,2.072631278538813,4.0,anomaly_detection,None,lstm_autoencoder,raw,recall,0.5860655737704918,0.5860655737704918,0.0,0.0,SUCCESS
E5_DT5_PD10_SEED789,5,0.1,2.072631278538813,4.0,anomaly_detection,None,lstm_autoencoder,raw,f1,0.5386064030131827,0.5386064030131827,0.0,0.0,SUCCESS
E5_DT5_PD10_SEED789,5,0.1,2.072631278538813,4.0,anomaly_detection,None,lstm_autoencoder,raw,false_positive_rate,0.028731045490822026,0.028731045490822026,0.0,0.0,SUCCESS
E5_DT5_PD10_SEED789,5,0.1,2.072631278538813,4.0,anomaly_detection,None,lstm_autoencoder,raw,pr_auc,0.561001698584242,0.561001698584242,0.0,0.0,SUCCESS
E5_DT5_PD10_SEED789,5,0.1,2.072631278538813,4.0,anomaly_detection,None,lstm_autoencoder,raw,roc_auc,0.9493396177043946,0.9493396177043946,0.0,0.0,SUCCESS
E5_DT5_PD10_SEED789,5,0.1,2.072631278538813,4.0,anomaly_detection,None,lstm_autoencoder,raw,detection_latency,1.3442622950819672,1.3442622950819672,0.0,0.0,SUCCESS
E5_DT5_PD10_SEED789,5,0.1,2.072631278538813,4.0,anomaly_detection,None,lstm_autoencoder,raw,threshold,0.0007370078528765589,0.0007370078528765589,0.0,0.0,SUCCESS
E5_DT5_PD10_SEED789,5,0.1,2.072631278538813,4.0,anomaly_detection,None,lstm_autoencoder,residual,precision,0.04642313546423135,0.04642313546423135,0.0,0.0,SUCCESS
E5_DT5_PD10_SEED789,5,0.1,2.072631278538813,4.0,anomaly_detection,None,lstm_autoencoder,residual,recall,1.0,1.0,0.0,0.0,SUCCESS
E5_DT5_PD10_SEED789,5,0.1,2.072631278538813,4.0,anomaly_detection,None,lstm_autoencoder,residual,f1,0.08872727272727272,0.08872727272727272,0.0,0.0,SUCCESS
E5_DT5_PD10_SEED789,5,0.1,2.072631278538813,4.0,anomaly_detection,None,lstm_autoencoder,residual,false_positive_rate,1.0,1.0,0.0,0.0,SUCCESS
E5_DT5_PD10_SEED789,5,0.1,2.072631278538813,4.0,anomaly_detection,None,lstm_autoencoder,residual,pr_auc,0.1286049483765462,0.12341932050043224,0.005185627876113971,-0.042016337920899594,SUCCESS
E5_DT5_PD10_SEED789,5,0.1,2.072631278538813,4.0,anomaly_detection,None,lstm_autoencoder,residual,roc_auc,0.6934308479321759,0.7175696361519239,-0.02413878821974802,0.03363964555300296,SUCCESS
E5_DT5_PD10_SEED789,5,0.1,2.072631278538813,4.0,anomaly_detection,None,lstm_autoencoder,residual,detection_latency,0.0,0.0,0.0,0.0,SUCCESS
E5_DT5_PD10_SEED789,5,0.1,2.072631278538813,4.0,anomaly_detection,None,lstm_autoencoder,residual,threshold,0.0003816792741417885,0.0003816792741417885,0.0,0.0,SUCCESS
E5_DT5_PD20_SEED789,5,0.2,2.155736301369863,4.0,load_estimation,persistence,None,raw,mae,0.8777152728998134,0.4498919691646662,0.42782330373514726,0.9509467451252914,SUCCESS
E5_DT5_PD20_SEED789,5,0.2,2.155736301369863,4.0,load_estimation,persistence,None,raw,rmse,1.164856149242704,0.6124154498606276,0.5524406993820765,0.9020685214714945,SUCCESS
E5_DT5_PD20_SEED789,5,0.2,2.155736301369863,4.0,load_estimation,persistence,None,raw,mape,25.261364076779948,14.12149407205246,11.139870004727488,0.7888591637604523,SUCCESS
E5_DT5_PD20_SEED789,5,0.2,2.155736301369863,4.0,load_estimation,persistence,None,raw,r2,0.7494553248225474,0.9307479138394198,-0.1812925890168724,-0.19478162273716412,SUCCESS
E5_DT5_PD20_SEED789,5,0.2,2.155736301369863,4.0,load_estimation,xgboost,None,raw,mae,0.5477366230622093,0.27502327259272746,0.2727133504694818,0.9916009939760031,SUCCESS
E5_DT5_PD20_SEED789,5,0.2,2.155736301369863,4.0,load_estimation,xgboost,None,raw,rmse,0.7571925306171857,0.41448894154272264,0.3427035890744631,0.826809969402138,SUCCESS
E5_DT5_PD20_SEED789,5,0.2,2.155736301369863,4.0,load_estimation,xgboost,None,raw,mape,15.971850001346796,9.085560043649886,6.88628995769691,0.7579378623456351,SUCCESS
E5_DT5_PD20_SEED789,5,0.2,2.155736301369863,4.0,load_estimation,xgboost,None,raw,r2,0.8941347990582754,0.9682775676298727,-0.0741427685715973,-0.07657181272213322,SUCCESS
E5_DT5_PD20_SEED789,5,0.2,2.155736301369863,4.0,load_estimation,lstm,None,raw,mae,0.559180446047412,0.2799320810273526,0.2792483650200594,0.9975575646607421,SUCCESS
E5_DT5_PD20_SEED789,5,0.2,2.155736301369863,4.0,load_estimation,lstm,None,raw,rmse,0.7349430513780018,0.42131145625414734,0.3136315951238544,0.7444174386149678,SUCCESS
E5_DT5_PD20_SEED789,5,0.2,2.155736301369863,4.0,load_estimation,lstm,None,raw,mape,15.932364468723495,8.950627129882083,6.981737338841413,0.7800277273904707,SUCCESS
E5_DT5_PD20_SEED789,5,0.2,2.155736301369863,4.0,load_estimation,lstm,None,raw,r2,0.9005366018747674,0.9673139490398543,-0.06677734716508699,-0.06903378911404046,SUCCESS
E5_DT5_PD20_SEED789,5,0.2,2.155736301369863,4.0,anomaly_detection,None,isolation_forest,raw,precision,0.11646586345381527,0.11646586345381527,0.0,0.0,SUCCESS
E5_DT5_PD20_SEED789,5,0.2,2.155736301369863,4.0,anomaly_detection,None,isolation_forest,raw,recall,0.11885245901639344,0.11885245901639344,0.0,0.0,SUCCESS
E5_DT5_PD20_SEED789,5,0.2,2.155736301369863,4.0,anomaly_detection,None,isolation_forest,raw,f1,0.11764705882352941,0.11764705882352941,0.0,0.0,SUCCESS
E5_DT5_PD20_SEED789,5,0.2,2.155736301369863,4.0,anomaly_detection,None,isolation_forest,raw,false_positive_rate,0.04389465283320032,0.04389465283320032,0.0,0.0,SUCCESS
E5_DT5_PD20_SEED789,5,0.2,2.155736301369863,4.0,anomaly_detection,None,isolation_forest,raw,pr_auc,0.09385708598261007,0.09385708598261007,0.0,0.0,SUCCESS
E5_DT5_PD20_SEED789,5,0.2,2.155736301369863,4.0,anomaly_detection,None,isolation_forest,raw,roc_auc,0.7138596875695052,0.7138596875695052,0.0,0.0,SUCCESS
E5_DT5_PD20_SEED789,5,0.2,2.155736301369863,4.0,anomaly_detection,None,isolation_forest,raw,detection_latency,3.2459016393442623,3.2459016393442623,0.0,0.0,SUCCESS
E5_DT5_PD20_SEED789,5,0.2,2.155736301369863,4.0,anomaly_detection,None,isolation_forest,raw,threshold,0.5031683371451802,0.5031683371451802,0.0,0.0,SUCCESS
E5_DT5_PD20_SEED789,5,0.2,2.155736301369863,4.0,anomaly_detection,None,isolation_forest,residual,precision,0.04642313546423135,0.04642313546423135,0.0,0.0,SUCCESS
E5_DT5_PD20_SEED789,5,0.2,2.155736301369863,4.0,anomaly_detection,None,isolation_forest,residual,recall,1.0,1.0,0.0,0.0,SUCCESS
E5_DT5_PD20_SEED789,5,0.2,2.155736301369863,4.0,anomaly_detection,None,isolation_forest,residual,f1,0.08872727272727272,0.08872727272727272,0.0,0.0,SUCCESS
E5_DT5_PD20_SEED789,5,0.2,2.155736301369863,4.0,anomaly_detection,None,isolation_forest,residual,false_positive_rate,1.0,1.0,0.0,0.0,SUCCESS
E5_DT5_PD20_SEED789,5,0.2,2.155736301369863,4.0,anomaly_detection,None,isolation_forest,residual,pr_auc,0.059351394880381,0.08213935081255075,-0.02278795593216975,0.27743043628593894,SUCCESS
E5_DT5_PD20_SEED789,5,0.2,2.155736301369863,4.0,anomaly_detection,None,isolation_forest,residual,roc_auc,0.6137990135151047,0.6862922428793846,-0.07249322936427993,0.10563026191310247,SUCCESS
E5_DT5_PD20_SEED789,5,0.2,2.155736301369863,4.0,anomaly_detection,None,isolation_forest,residual,detection_latency,0.0,0.0,0.0,0.0,SUCCESS
E5_DT5_PD20_SEED789,5,0.2,2.155736301369863,4.0,anomaly_detection,None,isolation_forest,residual,threshold,0.29376565419608197,0.29376565419608197,0.0,0.0,SUCCESS
E5_DT5_PD20_SEED789,5,0.2,2.155736301369863,4.0,anomaly_detection,None,lstm_autoencoder,raw,precision,0.49825783972125437,0.49825783972125437,0.0,0.0,SUCCESS
E5_DT5_PD20_SEED789,5,0.2,2.155736301369863,4.0,anomaly_detection,None,lstm_autoencoder,raw,recall,0.5860655737704918,0.5860655737704918,0.0,0.0,SUCCESS
E5_DT5_PD20_SEED789,5,0.2,2.155736301369863,4.0,anomaly_detection,None,lstm_autoencoder,raw,f1,0.5386064030131827,0.5386064030131827,0.0,0.0,SUCCESS
E5_DT5_PD20_SEED789,5,0.2,2.155736301369863,4.0,anomaly_detection,None,lstm_autoencoder,raw,false_positive_rate,0.028731045490822026,0.028731045490822026,0.0,0.0,SUCCESS
E5_DT5_PD20_SEED789,5,0.2,2.155736301369863,4.0,anomaly_detection,None,lstm_autoencoder,raw,pr_auc,0.561001698584242,0.561001698584242,0.0,0.0,SUCCESS
E5_DT5_PD20_SEED789,5,0.2,2.155736301369863,4.0,anomaly_detection,None,lstm_autoencoder,raw,roc_auc,0.9493396177043946,0.9493396177043946,0.0,0.0,SUCCESS
E5_DT5_PD20_SEED789,5,0.2,2.155736301369863,4.0,anomaly_detection,None,lstm_autoencoder,raw,detection_latency,1.3442622950819672,1.3442622950819672,0.0,0.0,SUCCESS
E5_DT5_PD20_SEED789,5,0.2,2.155736301369863,4.0,anomaly_detection,None,lstm_autoencoder,raw,threshold,0.0007370078528765589,0.0007370078528765589,0.0,0.0,SUCCESS
E5_DT5_PD20_SEED789,5,0.2,2.155736301369863,4.0,anomaly_detection,None,lstm_autoencoder,residual,precision,0.04642313546423135,0.04642313546423135,0.0,0.0,SUCCESS
E5_DT5_PD20_SEED789,5,0.2,2.155736301369863,4.0,anomaly_detection,None,lstm_autoencoder,residual,recall,1.0,1.0,0.0,0.0,SUCCESS
E5_DT5_PD20_SEED789,5,0.2,2.155736301369863,4.0,anomaly_detection,None,lstm_autoencoder,residual,f1,0.08872727272727272,0.08872727272727272,0.0,0.0,SUCCESS
E5_DT5_PD20_SEED789,5,0.2,2.155736301369863,4.0,anomaly_detection,None,lstm_autoencoder,residual,false_positive_rate,1.0,1.0,0.0,0.0,SUCCESS
E5_DT5_PD20_SEED789,5,0.2,2.155736301369863,4.0,anomaly_detection,None,lstm_autoencoder,residual,pr_auc,0.11362381403252157,0.12341932050043224,-0.009795506467910664,0.07936769079745791,SUCCESS
E5_DT5_PD20_SEED789,5,0.2,2.155736301369863,4.0,anomaly_detection,None,lstm_autoencoder,residual,roc_auc,0.6825209660748629,0.7175696361519239,-0.03504867007706103,0.04884358020639619,SUCCESS
E5_DT5_PD20_SEED789,5,0.2,2.155736301369863,4.0,anomaly_detection,None,lstm_autoencoder,residual,detection_latency,0.0,0.0,0.0,0.0,SUCCESS
E5_DT5_PD20_SEED789,5,0.2,2.155736301369863,4.0,anomaly_detection,None,lstm_autoencoder,residual,threshold,0.0003816792741417885,0.0003816792741417885,0.0,0.0,SUCCESS
E5_DT15_PD00_SEED789,15,0.0,7.0,14.0,load_estimation,persistence,None,raw,mae,1.821184653306842,0.4498919691646662,1.371292684142176,3.0480488164487896,SUCCESS
E5_DT15_PD00_SEED789,15,0.0,7.0,14.0,load_estimation,persistence,None,raw,rmse,2.419981557212886,0.6124154498606276,1.8075661073522584,2.9515357716132424,SUCCESS
E5_DT15_PD00_SEED789,15,0.0,7.0,14.0,load_estimation,persistence,None,raw,mape,56.711043313596555,14.12149407205246,42.58954924154409,3.0159379046040273,SUCCESS
E5_DT15_PD00_SEED789,15,0.0,7.0,14.0,load_estimation,persistence,None,raw,r2,-0.08134604522389721,0.9307479138394198,-1.012093959063317,-1.0873985791580636,SUCCESS
E5_DT15_PD00_SEED789,15,0.0,7.0,14.0,load_estimation,xgboost,None,raw,mae,1.4225422836602006,0.27502327259272746,1.1475190110674731,4.172443299977725,SUCCESS
E5_DT15_PD00_SEED789,15,0.0,7.0,14.0,load_estimation,xgboost,None,raw,rmse,1.8922915278959667,0.41448894154272264,1.477802586353244,3.5653607086666326,SUCCESS
E5_DT15_PD00_SEED789,15,0.0,7.0,14.0,load_estimation,xgboost,None,raw,mape,43.91173625111328,9.085560043649886,34.8261762074634,3.833134780921319,SUCCESS
E5_DT15_PD00_SEED789,15,0.0,7.0,14.0,load_estimation,xgboost,None,raw,r2,0.3388246196253447,0.9682775676298727,-0.629452948004528,-0.6500749052209154,SUCCESS
E5_DT15_PD00_SEED789,15,0.0,7.0,14.0,load_estimation,lstm,None,raw,mae,1.481615063817465,0.2799320810273526,1.2016829827901123,4.292766225221231,SUCCESS
E5_DT15_PD00_SEED789,15,0.0,7.0,14.0,load_estimation,lstm,None,raw,rmse,1.8993093903929323,0.42131145625414734,1.477997934138785,3.50808864130961,SUCCESS
E5_DT15_PD00_SEED789,15,0.0,7.0,14.0,load_estimation,lstm,None,raw,mape,44.29265147842308,8.950627129882083,35.342024348541,3.948552859558859,SUCCESS
E5_DT15_PD00_SEED789,15,0.0,7.0,14.0,load_estimation,lstm,None,raw,r2,0.33572585785721787,0.9673139490398543,-0.6315880911826365,-0.6529297874899294,SUCCESS
E5_DT15_PD00_SEED789,15,0.0,7.0,14.0,anomaly_detection,None,isolation_forest,raw,precision,0.11646586345381527,0.11646586345381527,0.0,0.0,SUCCESS
E5_DT15_PD00_SEED789,15,0.0,7.0,14.0,anomaly_detection,None,isolation_forest,raw,recall,0.11885245901639344,0.11885245901639344,0.0,0.0,SUCCESS
E5_DT15_PD00_SEED789,15,0.0,7.0,14.0,anomaly_detection,None,isolation_forest,raw,f1,0.11764705882352941,0.11764705882352941,0.0,0.0,SUCCESS
E5_DT15_PD00_SEED789,15,0.0,7.0,14.0,anomaly_detection,None,isolation_forest,raw,false_positive_rate,0.04389465283320032,0.04389465283320032,0.0,0.0,SUCCESS
E5_DT15_PD00_SEED789,15,0.0,7.0,14.0,anomaly_detection,None,isolation_forest,raw,pr_auc,0.09385708598261007,0.09385708598261007,0.0,0.0,SUCCESS
E5_DT15_PD00_SEED789,15,0.0,7.0,14.0,anomaly_detection,None,isolation_forest,raw,roc_auc,0.7138596875695052,0.7138596875695052,0.0,0.0,SUCCESS
E5_DT15_PD00_SEED789,15,0.0,7.0,14.0,anomaly_detection,None,isolation_forest,raw,detection_latency,3.2459016393442623,3.2459016393442623,0.0,0.0,SUCCESS
E5_DT15_PD00_SEED789,15,0.0,7.0,14.0,anomaly_detection,None,isolation_forest,raw,threshold,0.5031683371451802,0.5031683371451802,0.0,0.0,SUCCESS
E5_DT15_PD00_SEED789,15,0.0,7.0,14.0,anomaly_detection,None,isolation_forest,residual,precision,0.04642313546423135,0.04642313546423135,0.0,0.0,SUCCESS
E5_DT15_PD00_SEED789,15,0.0,7.0,14.0,anomaly_detection,None,isolation_forest,residual,recall,1.0,1.0,0.0,0.0,SUCCESS
E5_DT15_PD00_SEED789,15,0.0,7.0,14.0,anomaly_detection,None,isolation_forest,residual,f1,0.08872727272727272,0.08872727272727272,0.0,0.0,SUCCESS
E5_DT15_PD00_SEED789,15,0.0,7.0,14.0,anomaly_detection,None,isolation_forest,residual,false_positive_rate,1.0,1.0,0.0,0.0,SUCCESS
E5_DT15_PD00_SEED789,15,0.0,7.0,14.0,anomaly_detection,None,isolation_forest,residual,pr_auc,0.04931844298617233,0.08213935081255075,-0.03282090782637842,0.3995759340888709,SUCCESS
E5_DT15_PD00_SEED789,15,0.0,7.0,14.0,anomaly_detection,None,isolation_forest,residual,roc_auc,0.5401536312849162,0.6862922428793846,-0.1461386115944684,0.2129393317653339,SUCCESS
E5_DT15_PD00_SEED789,15,0.0,7.0,14.0,anomaly_detection,None,isolation_forest,residual,detection_latency,0.0,0.0,0.0,0.0,SUCCESS
E5_DT15_PD00_SEED789,15,0.0,7.0,14.0,anomaly_detection,None,isolation_forest,residual,threshold,0.29376565419608197,0.29376565419608197,0.0,0.0,SUCCESS
E5_DT15_PD00_SEED789,15,0.0,7.0,14.0,anomaly_detection,None,lstm_autoencoder,raw,precision,0.49825783972125437,0.49825783972125437,0.0,0.0,SUCCESS
E5_DT15_PD00_SEED789,15,0.0,7.0,14.0,anomaly_detection,None,lstm_autoencoder,raw,recall,0.5860655737704918,0.5860655737704918,0.0,0.0,SUCCESS
E5_DT15_PD00_SEED789,15,0.0,7.0,14.0,anomaly_detection,None,lstm_autoencoder,raw,f1,0.5386064030131827,0.5386064030131827,0.0,0.0,SUCCESS
E5_DT15_PD00_SEED789,15,0.0,7.0,14.0,anomaly_detection,None,lstm_autoencoder,raw,false_positive_rate,0.028731045490822026,0.028731045490822026,0.0,0.0,SUCCESS
E5_DT15_PD00_SEED789,15,0.0,7.0,14.0,anomaly_detection,None,lstm_autoencoder,raw,pr_auc,0.561001698584242,0.561001698584242,0.0,0.0,SUCCESS
E5_DT15_PD00_SEED789,15,0.0,7.0,14.0,anomaly_detection,None,lstm_autoencoder,raw,roc_auc,0.9493396177043946,0.9493396177043946,0.0,0.0,SUCCESS
E5_DT15_PD00_SEED789,15,0.0,7.0,14.0,anomaly_detection,None,lstm_autoencoder,raw,detection_latency,1.3442622950819672,1.3442622950819672,0.0,0.0,SUCCESS
E5_DT15_PD00_SEED789,15,0.0,7.0,14.0,anomaly_detection,None,lstm_autoencoder,raw,threshold,0.0007370078528765589,0.0007370078528765589,0.0,0.0,SUCCESS
E5_DT15_PD00_SEED789,15,0.0,7.0,14.0,anomaly_detection,None,lstm_autoencoder,residual,precision,0.04642313546423135,0.04642313546423135,0.0,0.0,SUCCESS
E5_DT15_PD00_SEED789,15,0.0,7.0,14.0,anomaly_detection,None,lstm_autoencoder,residual,recall,1.0,1.0,0.0,0.0,SUCCESS
E5_DT15_PD00_SEED789,15,0.0,7.0,14.0,anomaly_detection,None,lstm_autoencoder,residual,f1,0.08872727272727272,0.08872727272727272,0.0,0.0,SUCCESS
E5_DT15_PD00_SEED789,15,0.0,7.0,14.0,anomaly_detection,None,lstm_autoencoder,residual,false_positive_rate,1.0,1.0,0.0,0.0,SUCCESS
E5_DT15_PD00_SEED789,15,0.0,7.0,14.0,anomaly_detection,None,lstm_autoencoder,residual,pr_auc,0.1085081534200011,0.12341932050043224,-0.014911167080431137,0.12081712182477067,SUCCESS
E5_DT15_PD00_SEED789,15,0.0,7.0,14.0,anomaly_detection,None,lstm_autoencoder,residual,roc_auc,0.619798549056036,0.7175696361519239,-0.09777108709588789,0.1362530995879371,SUCCESS
E5_DT15_PD00_SEED789,15,0.0,7.0,14.0,anomaly_detection,None,lstm_autoencoder,residual,detection_latency,0.0,0.0,0.0,0.0,SUCCESS
E5_DT15_PD00_SEED789,15,0.0,7.0,14.0,anomaly_detection,None,lstm_autoencoder,residual,threshold,0.0003816792741417885,0.0003816792741417885,0.0,0.0,SUCCESS
E5_DT15_PD05_SEED789,15,0.05,7.028025114155251,14.0,load_estimation,persistence,None,raw,mae,1.8243915184856005,0.4498919691646662,1.3744995493209344,3.055176894739924,SUCCESS
E5_DT15_PD05_SEED789,15,0.05,7.028025114155251,14.0,load_estimation,persistence,None,raw,rmse,2.420724522023127,0.6124154498606276,1.8083090721624993,2.9527489428524887,SUCCESS
E5_DT15_PD05_SEED789,15,0.05,7.028025114155251,14.0,load_estimation,persistence,None,raw,mape,57.02301799017222,14.12149407205246,42.901523918119764,3.0380300908120783,SUCCESS
E5_DT15_PD05_SEED789,15,0.05,7.028025114155251,14.0,load_estimation,persistence,None,raw,r2,-0.08201012085222081,0.9307479138394198,-1.0127580346916405,-1.0881120651819907,SUCCESS
E5_DT15_PD05_SEED789,15,0.05,7.028025114155251,14.0,load_estimation,xgboost,None,raw,mae,1.4179654411483935,0.27502327259272746,1.142942168555666,4.155801644641942,SUCCESS
E5_DT15_PD05_SEED789,15,0.05,7.028025114155251,14.0,load_estimation,xgboost,None,raw,rmse,1.8862238848611443,0.41448894154272264,1.4717349433184217,3.5507218548235393,SUCCESS
E5_DT15_PD05_SEED789,15,0.05,7.028025114155251,14.0,load_estimation,xgboost,None,raw,mape,43.99241441951103,9.085560043649886,34.906854375861144,3.8420146042905055,SUCCESS
E5_DT15_PD05_SEED789,15,0.05,7.028025114155251,14.0,load_estimation,xgboost,None,raw,r2,0.34305794651122345,0.9682775676298727,-0.6252196211186493,-0.6457028872919646,SUCCESS
E5_DT15_PD05_SEED789,15,0.05,7.028025114155251,14.0,load_estimation,lstm,None,raw,mae,1.4887331197030818,0.2799320810273526,1.208801038675729,4.318194021347683,SUCCESS
E5_DT15_PD05_SEED789,15,0.05,7.028025114155251,14.0,load_estimation,lstm,None,raw,rmse,1.911344629407077,0.42131145625414734,1.4900331731529297,3.5366547741205934,SUCCESS
E5_DT15_PD05_SEED789,15,0.05,7.028025114155251,14.0,load_estimation,lstm,None,raw,mape,44.553023984187,8.950627129882083,35.602396854304914,3.9776427213066072,SUCCESS
E5_DT15_PD05_SEED789,15,0.05,7.028025114155251,14.0,load_estimation,lstm,None,raw,r2,0.3272806536454189,0.9673139490398543,-0.6400332953944354,-0.6616603596275291,SUCCESS
E5_DT15_PD05_SEED789,15,0.05,7.028025114155251,14.0,anomaly_detection,None,isolation_forest,raw,precision,0.11646586345381527,0.11646586345381527,0.0,0.0,SUCCESS
E5_DT15_PD05_SEED789,15,0.05,7.028025114155251,14.0,anomaly_detection,None,isolation_forest,raw,recall,0.11885245901639344,0.11885245901639344,0.0,0.0,SUCCESS
E5_DT15_PD05_SEED789,15,0.05,7.028025114155251,14.0,anomaly_detection,None,isolation_forest,raw,f1,0.11764705882352941,0.11764705882352941,0.0,0.0,SUCCESS
E5_DT15_PD05_SEED789,15,0.05,7.028025114155251,14.0,anomaly_detection,None,isolation_forest,raw,false_positive_rate,0.04389465283320032,0.04389465283320032,0.0,0.0,SUCCESS
E5_DT15_PD05_SEED789,15,0.05,7.028025114155251,14.0,anomaly_detection,None,isolation_forest,raw,pr_auc,0.09385708598261007,0.09385708598261007,0.0,0.0,SUCCESS
E5_DT15_PD05_SEED789,15,0.05,7.028025114155251,14.0,anomaly_detection,None,isolation_forest,raw,roc_auc,0.7138596875695052,0.7138596875695052,0.0,0.0,SUCCESS
E5_DT15_PD05_SEED789,15,0.05,7.028025114155251,14.0,anomaly_detection,None,isolation_forest,raw,detection_latency,3.2459016393442623,3.2459016393442623,0.0,0.0,SUCCESS
E5_DT15_PD05_SEED789,15,0.05,7.028025114155251,14.0,anomaly_detection,None,isolation_forest,raw,threshold,0.5031683371451802,0.5031683371451802,0.0,0.0,SUCCESS
E5_DT15_PD05_SEED789,15,0.05,7.028025114155251,14.0,anomaly_detection,None,isolation_forest,residual,precision,0.04642313546423135,0.04642313546423135,0.0,0.0,SUCCESS
E5_DT15_PD05_SEED789,15,0.05,7.028025114155251,14.0,anomaly_detection,None,isolation_forest,residual,recall,1.0,1.0,0.0,0.0,SUCCESS
E5_DT15_PD05_SEED789,15,0.05,7.028025114155251,14.0,anomaly_detection,None,isolation_forest,residual,f1,0.08872727272727272,0.08872727272727272,0.0,0.0,SUCCESS
E5_DT15_PD05_SEED789,15,0.05,7.028025114155251,14.0,anomaly_detection,None,isolation_forest,residual,false_positive_rate,1.0,1.0,0.0,0.0,SUCCESS
E5_DT15_PD05_SEED789,15,0.05,7.028025114155251,14.0,anomaly_detection,None,isolation_forest,residual,pr_auc,0.05138400808489732,0.08213935081255075,-0.03075534272765343,0.37442885076897964,SUCCESS
E5_DT15_PD05_SEED789,15,0.05,7.028025114155251,14.0,anomaly_detection,None,isolation_forest,residual,roc_auc,0.5483957354807479,0.6862922428793846,-0.13789650739863668,0.20092971883243607,SUCCESS
E5_DT15_PD05_SEED789,15,0.05,7.028025114155251,14.0,anomaly_detection,None,isolation_forest,residual,detection_latency,0.0,0.0,0.0,0.0,SUCCESS
E5_DT15_PD05_SEED789,15,0.05,7.028025114155251,14.0,anomaly_detection,None,isolation_forest,residual,threshold,0.29376565419608197,0.29376565419608197,0.0,0.0,SUCCESS
E5_DT15_PD05_SEED789,15,0.05,7.028025114155251,14.0,anomaly_detection,None,lstm_autoencoder,raw,precision,0.49825783972125437,0.49825783972125437,0.0,0.0,SUCCESS
E5_DT15_PD05_SEED789,15,0.05,7.028025114155251,14.0,anomaly_detection,None,lstm_autoencoder,raw,recall,0.5860655737704918,0.5860655737704918,0.0,0.0,SUCCESS
E5_DT15_PD05_SEED789,15,0.05,7.028025114155251,14.0,anomaly_detection,None,lstm_autoencoder,raw,f1,0.5386064030131827,0.5386064030131827,0.0,0.0,SUCCESS
E5_DT15_PD05_SEED789,15,0.05,7.028025114155251,14.0,anomaly_detection,None,lstm_autoencoder,raw,false_positive_rate,0.028731045490822026,0.028731045490822026,0.0,0.0,SUCCESS
E5_DT15_PD05_SEED789,15,0.05,7.028025114155251,14.0,anomaly_detection,None,lstm_autoencoder,raw,pr_auc,0.561001698584242,0.561001698584242,0.0,0.0,SUCCESS
E5_DT15_PD05_SEED789,15,0.05,7.028025114155251,14.0,anomaly_detection,None,lstm_autoencoder,raw,roc_auc,0.9493396177043946,0.9493396177043946,0.0,0.0,SUCCESS
E5_DT15_PD05_SEED789,15,0.05,7.028025114155251,14.0,anomaly_detection,None,lstm_autoencoder,raw,detection_latency,1.3442622950819672,1.3442622950819672,0.0,0.0,SUCCESS
E5_DT15_PD05_SEED789,15,0.05,7.028025114155251,14.0,anomaly_detection,None,lstm_autoencoder,raw,threshold,0.0007370078528765589,0.0007370078528765589,0.0,0.0,SUCCESS
E5_DT15_PD05_SEED789,15,0.05,7.028025114155251,14.0,anomaly_detection,None,lstm_autoencoder,residual,precision,0.04642313546423135,0.04642313546423135,0.0,0.0,SUCCESS
E5_DT15_PD05_SEED789,15,0.05,7.028025114155251,14.0,anomaly_detection,None,lstm_autoencoder,residual,recall,1.0,1.0,0.0,0.0,SUCCESS
E5_DT15_PD05_SEED789,15,0.05,7.028025114155251,14.0,anomaly_detection,None,lstm_autoencoder,residual,f1,0.08872727272727272,0.08872727272727272,0.0,0.0,SUCCESS
E5_DT15_PD05_SEED789,15,0.05,7.028025114155251,14.0,anomaly_detection,None,lstm_autoencoder,residual,false_positive_rate,1.0,1.0,0.0,0.0,SUCCESS
E5_DT15_PD05_SEED789,15,0.05,7.028025114155251,14.0,anomaly_detection,None,lstm_autoencoder,residual,pr_auc,0.10926650790009355,0.12341932050043224,-0.014152812600338682,0.11467258564504183,SUCCESS
E5_DT15_PD05_SEED789,15,0.05,7.028025114155251,14.0,anomaly_detection,None,lstm_autoencoder,residual,roc_auc,0.6378887391571703,0.7175696361519239,-0.07968089699475367,0.11104273784779213,SUCCESS
E5_DT15_PD05_SEED789,15,0.05,7.028025114155251,14.0,anomaly_detection,None,lstm_autoencoder,residual,detection_latency,0.0,0.0,0.0,0.0,SUCCESS
E5_DT15_PD05_SEED789,15,0.05,7.028025114155251,14.0,anomaly_detection,None,lstm_autoencoder,residual,threshold,0.0003816792741417885,0.0003816792741417885,0.0,0.0,SUCCESS
E5_DT15_PD10_SEED789,15,0.1,7.0625,14.0,load_estimation,persistence,None,raw,mae,1.84326289911702,0.4498919691646662,1.3933709299523538,3.097123366170518,SUCCESS
E5_DT15_PD10_SEED789,15,0.1,7.0625,14.0,load_estimation,persistence,None,raw,rmse,2.432418895142311,0.6124154498606276,1.8200034452816836,2.971844432886004,SUCCESS
E5_DT15_PD10_SEED789,15,0.1,7.0625,14.0,load_estimation,persistence,None,raw,mape,57.2949807164655,14.12149407205246,43.173486644413046,3.0572888693029125,SUCCESS
E5_DT15_PD10_SEED789,15,0.1,7.0625,14.0,load_estimation,persistence,None,raw,r2,-0.0924896231108272,0.9307479138394198,-1.0232375369502469,-1.0993712924150418,SUCCESS
E5_DT15_PD10_SEED789,15,0.1,7.0625,14.0,load_estimation,xgboost,None,raw,mae,1.4241145324625382,0.27502327259272746,1.1490912598698106,4.178160084552046,SUCCESS
E5_DT15_PD10_SEED789,15,0.1,7.0625,14.0,load_estimation,xgboost,None,raw,rmse,1.8865045251228643,0.41448894154272264,1.4720155835801416,3.551398930213477,SUCCESS
E5_DT15_PD10_SEED789,15,0.1,7.0625,14.0,load_estimation,xgboost,None,raw,mape,43.925293357128034,9.085560043649886,34.83973331347815,3.83462694056251,SUCCESS
E5_DT15_PD10_SEED789,15,0.1,7.0625,14.0,load_estimation,xgboost,None,raw,r2,0.34286244680776035,0.9682775676298727,-0.6254151208221124,-0.6459047919007243,SUCCESS
E5_DT15_PD10_SEED789,15,0.1,7.0625,14.0,load_estimation,lstm,None,raw,mae,1.5105178998575004,0.2799320810273526,1.2305858188301477,4.396015684639965,SUCCESS
E5_DT15_PD10_SEED789,15,0.1,7.0625,14.0,load_estimation,lstm,None,raw,rmse,1.9356828722171988,0.42131145625414734,1.5143714159630515,3.5944225904209417,SUCCESS
E5_DT15_PD10_SEED789,15,0.1,7.0625,14.0,load_estimation,lstm,None,raw,mape,45.268710849279245,8.950627129882083,36.318083719397166,4.057602131379997,SUCCESS
E5_DT15_PD10_SEED789,15,0.1,7.0625,14.0,load_estimation,lstm,None,raw,r2,0.31003933704435205,0.9673139490398543,-0.6572746119955023,-0.679484269453476,SUCCESS
E5_DT15_PD10_SEED789,15,0.1,7.0625,14.0,anomaly_detection,None,isolation_forest,raw,precision,0.11646586345381527,0.11646586345381527,0.0,0.0,SUCCESS
E5_DT15_PD10_SEED789,15,0.1,7.0625,14.0,anomaly_detection,None,isolation_forest,raw,recall,0.11885245901639344,0.11885245901639344,0.0,0.0,SUCCESS
E5_DT15_PD10_SEED789,15,0.1,7.0625,14.0,anomaly_detection,None,isolation_forest,raw,f1,0.11764705882352941,0.11764705882352941,0.0,0.0,SUCCESS
E5_DT15_PD10_SEED789,15,0.1,7.0625,14.0,anomaly_detection,None,isolation_forest,raw,false_positive_rate,0.04389465283320032,0.04389465283320032,0.0,0.0,SUCCESS
E5_DT15_PD10_SEED789,15,0.1,7.0625,14.0,anomaly_detection,None,isolation_forest,raw,pr_auc,0.09385708598261007,0.09385708598261007,0.0,0.0,SUCCESS
E5_DT15_PD10_SEED789,15,0.1,7.0625,14.0,anomaly_detection,None,isolation_forest,raw,roc_auc,0.7138596875695052,0.7138596875695052,0.0,0.0,SUCCESS
E5_DT15_PD10_SEED789,15,0.1,7.0625,14.0,anomaly_detection,None,isolation_forest,raw,detection_latency,3.2459016393442623,3.2459016393442623,0.0,0.0,SUCCESS
E5_DT15_PD10_SEED789,15,0.1,7.0625,14.0,anomaly_detection,None,isolation_forest,raw,threshold,0.5031683371451802,0.5031683371451802,0.0,0.0,SUCCESS
E5_DT15_PD10_SEED789,15,0.1,7.0625,14.0,anomaly_detection,None,isolation_forest,residual,precision,0.04642313546423135,0.04642313546423135,0.0,0.0,SUCCESS
E5_DT15_PD10_SEED789,15,0.1,7.0625,14.0,anomaly_detection,None,isolation_forest,residual,recall,1.0,1.0,0.0,0.0,SUCCESS
E5_DT15_PD10_SEED789,15,0.1,7.0625,14.0,anomaly_detection,None,isolation_forest,residual,f1,0.08872727272727272,0.08872727272727272,0.0,0.0,SUCCESS
E5_DT15_PD10_SEED789,15,0.1,7.0625,14.0,anomaly_detection,None,isolation_forest,residual,false_positive_rate,1.0,1.0,0.0,0.0,SUCCESS
E5_DT15_PD10_SEED789,15,0.1,7.0625,14.0,anomaly_detection,None,isolation_forest,residual,pr_auc,0.04905896352561534,0.08213935081255075,-0.03308038728693541,0.40273494932322723,SUCCESS
E5_DT15_PD10_SEED789,15,0.1,7.0625,14.0,anomaly_detection,None,isolation_forest,residual,roc_auc,0.5488765487420355,0.6862922428793846,-0.1374156941373491,0.20022912332625595,SUCCESS
E5_DT15_PD10_SEED789,15,0.1,7.0625,14.0,anomaly_detection,None,isolation_forest,residual,detection_latency,0.0,0.0,0.0,0.0,SUCCESS
E5_DT15_PD10_SEED789,15,0.1,7.0625,14.0,anomaly_detection,None,isolation_forest,residual,threshold,0.29376565419608197,0.29376565419608197,0.0,0.0,SUCCESS
E5_DT15_PD10_SEED789,15,0.1,7.0625,14.0,anomaly_detection,None,lstm_autoencoder,raw,precision,0.49825783972125437,0.49825783972125437,0.0,0.0,SUCCESS
E5_DT15_PD10_SEED789,15,0.1,7.0625,14.0,anomaly_detection,None,lstm_autoencoder,raw,recall,0.5860655737704918,0.5860655737704918,0.0,0.0,SUCCESS
E5_DT15_PD10_SEED789,15,0.1,7.0625,14.0,anomaly_detection,None,lstm_autoencoder,raw,f1,0.5386064030131827,0.5386064030131827,0.0,0.0,SUCCESS
E5_DT15_PD10_SEED789,15,0.1,7.0625,14.0,anomaly_detection,None,lstm_autoencoder,raw,false_positive_rate,0.028731045490822026,0.028731045490822026,0.0,0.0,SUCCESS
E5_DT15_PD10_SEED789,15,0.1,7.0625,14.0,anomaly_detection,None,lstm_autoencoder,raw,pr_auc,0.561001698584242,0.561001698584242,0.0,0.0,SUCCESS
E5_DT15_PD10_SEED789,15,0.1,7.0625,14.0,anomaly_detection,None,lstm_autoencoder,raw,roc_auc,0.9493396177043946,0.9493396177043946,0.0,0.0,SUCCESS
E5_DT15_PD10_SEED789,15,0.1,7.0625,14.0,anomaly_detection,None,lstm_autoencoder,raw,detection_latency,1.3442622950819672,1.3442622950819672,0.0,0.0,SUCCESS
E5_DT15_PD10_SEED789,15,0.1,7.0625,14.0,anomaly_detection,None,lstm_autoencoder,raw,threshold,0.0007370078528765589,0.0007370078528765589,0.0,0.0,SUCCESS
E5_DT15_PD10_SEED789,15,0.1,7.0625,14.0,anomaly_detection,None,lstm_autoencoder,residual,precision,0.04642313546423135,0.04642313546423135,0.0,0.0,SUCCESS
E5_DT15_PD10_SEED789,15,0.1,7.0625,14.0,anomaly_detection,None,lstm_autoencoder,residual,recall,1.0,1.0,0.0,0.0,SUCCESS
E5_DT15_PD10_SEED789,15,0.1,7.0625,14.0,anomaly_detection,None,lstm_autoencoder,residual,f1,0.08872727272727272,0.08872727272727272,0.0,0.0,SUCCESS
E5_DT15_PD10_SEED789,15,0.1,7.0625,14.0,anomaly_detection,None,lstm_autoencoder,residual,false_positive_rate,1.0,1.0,0.0,0.0,SUCCESS
E5_DT15_PD10_SEED789,15,0.1,7.0625,14.0,anomaly_detection,None,lstm_autoencoder,residual,pr_auc,0.13015522942423252,0.12341932050043224,0.006735908923800285,-0.054577426747189836,SUCCESS
E5_DT15_PD10_SEED789,15,0.1,7.0625,14.0,anomaly_detection,None,lstm_autoencoder,residual,roc_auc,0.6280950309421323,0.7175696361519239,-0.08947460520979167,0.12469118076067547,SUCCESS
E5_DT15_PD10_SEED789,15,0.1,7.0625,14.0,anomaly_detection,None,lstm_autoencoder,residual,detection_latency,0.0,0.0,0.0,0.0,SUCCESS
E5_DT15_PD10_SEED789,15,0.1,7.0625,14.0,anomaly_detection,None,lstm_autoencoder,residual,threshold,0.0003816792741417885,0.0003816792741417885,0.0,0.0,SUCCESS
E5_DT15_PD20_SEED789,15,0.2,7.1341324200913245,14.0,load_estimation,persistence,None,raw,mae,1.819929579417455,0.4498919691646662,1.370037610252789,3.0452590936366275,SUCCESS
E5_DT15_PD20_SEED789,15,0.2,7.1341324200913245,14.0,load_estimation,persistence,None,raw,rmse,2.4185288139094556,0.6124154498606276,1.806113364048828,2.9491636183572116,SUCCESS
E5_DT15_PD20_SEED789,15,0.2,7.1341324200913245,14.0,load_estimation,persistence,None,raw,mape,56.663804449183694,14.12149407205246,42.54231037713123,3.0125927299240796,SUCCESS
E5_DT15_PD20_SEED789,15,0.2,7.1341324200913245,14.0,load_estimation,persistence,None,raw,r2,-0.08004814549330286,0.9307479138394198,-1.0107960593327228,-1.0860041094941562,SUCCESS
E5_DT15_PD20_SEED789,15,0.2,7.1341324200913245,14.0,load_estimation,xgboost,None,raw,mae,1.4069229318807115,0.27502327259272746,1.131899659287984,4.11565046338524,SUCCESS
E5_DT15_PD20_SEED789,15,0.2,7.1341324200913245,14.0,load_estimation,xgboost,None,raw,rmse,1.8769986627053876,0.41448894154272264,1.462509721162665,3.528464995276405,SUCCESS
E5_DT15_PD20_SEED789,15,0.2,7.1341324200913245,14.0,load_estimation,xgboost,None,raw,mape,43.40254332977434,9.085560043649886,34.316983286124454,3.777090583437331,SUCCESS
E5_DT15_PD20_SEED789,15,0.2,7.1341324200913245,14.0,load_estimation,xgboost,None,raw,r2,0.3494682312270069,0.9682775676298727,-0.6188093364028658,-0.6390825906641346,SUCCESS
E5_DT15_PD20_SEED789,15,0.2,7.1341324200913245,14.0,load_estimation,lstm,None,raw,mae,1.4778978874276525,0.2799320810273526,1.1979658064002998,4.279487374236483,SUCCESS
E5_DT15_PD20_SEED789,15,0.2,7.1341324200913245,14.0,load_estimation,lstm,None,raw,rmse,1.903290430340269,0.42131145625414734,1.4819789740861216,3.5175378027037287,SUCCESS
E5_DT15_PD20_SEED789,15,0.2,7.1341324200913245,14.0,load_estimation,lstm,None,raw,mape,44.37875746429316,8.950627129882083,35.42813033441108,3.9581729660185068,SUCCESS
E5_DT15_PD20_SEED789,15,0.2,7.1341324200913245,14.0,load_estimation,lstm,None,raw,r2,0.33293824104436864,0.9673139490398543,-0.6343757079954857,-0.6558115993521652,SUCCESS
E5_DT15_PD20_SEED789,15,0.2,7.1341324200913245,14.0,anomaly_detection,None,isolation_forest,raw,precision,0.11646586345381527,0.11646586345381527,0.0,0.0,SUCCESS
E5_DT15_PD20_SEED789,15,0.2,7.1341324200913245,14.0,anomaly_detection,None,isolation_forest,raw,recall,0.11885245901639344,0.11885245901639344,0.0,0.0,SUCCESS
E5_DT15_PD20_SEED789,15,0.2,7.1341324200913245,14.0,anomaly_detection,None,isolation_forest,raw,f1,0.11764705882352941,0.11764705882352941,0.0,0.0,SUCCESS
E5_DT15_PD20_SEED789,15,0.2,7.1341324200913245,14.0,anomaly_detection,None,isolation_forest,raw,false_positive_rate,0.04389465283320032,0.04389465283320032,0.0,0.0,SUCCESS
E5_DT15_PD20_SEED789,15,0.2,7.1341324200913245,14.0,anomaly_detection,None,isolation_forest,raw,pr_auc,0.09385708598261007,0.09385708598261007,0.0,0.0,SUCCESS
E5_DT15_PD20_SEED789,15,0.2,7.1341324200913245,14.0,anomaly_detection,None,isolation_forest,raw,roc_auc,0.7138596875695052,0.7138596875695052,0.0,0.0,SUCCESS
E5_DT15_PD20_SEED789,15,0.2,7.1341324200913245,14.0,anomaly_detection,None,isolation_forest,raw,detection_latency,3.2459016393442623,3.2459016393442623,0.0,0.0,SUCCESS
E5_DT15_PD20_SEED789,15,0.2,7.1341324200913245,14.0,anomaly_detection,None,isolation_forest,raw,threshold,0.5031683371451802,0.5031683371451802,0.0,0.0,SUCCESS
E5_DT15_PD20_SEED789,15,0.2,7.1341324200913245,14.0,anomaly_detection,None,isolation_forest,residual,precision,0.04642313546423135,0.04642313546423135,0.0,0.0,SUCCESS
E5_DT15_PD20_SEED789,15,0.2,7.1341324200913245,14.0,anomaly_detection,None,isolation_forest,residual,recall,1.0,1.0,0.0,0.0,SUCCESS
E5_DT15_PD20_SEED789,15,0.2,7.1341324200913245,14.0,anomaly_detection,None,isolation_forest,residual,f1,0.08872727272727272,0.08872727272727272,0.0,0.0,SUCCESS
E5_DT15_PD20_SEED789,15,0.2,7.1341324200913245,14.0,anomaly_detection,None,isolation_forest,residual,false_positive_rate,1.0,1.0,0.0,0.0,SUCCESS
E5_DT15_PD20_SEED789,15,0.2,7.1341324200913245,14.0,anomaly_detection,None,isolation_forest,residual,pr_auc,0.05188921677623874,0.08213935081255075,-0.030250134036312007,0.36827822154749534,SUCCESS
E5_DT15_PD20_SEED789,15,0.2,7.1341324200913245,14.0,anomaly_detection,None,isolation_forest,residual,roc_auc,0.5836602808996114,0.6862922428793846,-0.1026319619797732,0.14954556611214778,SUCCESS
E5_DT15_PD20_SEED789,15,0.2,7.1341324200913245,14.0,anomaly_detection,None,isolation_forest,residual,detection_latency,0.0,0.0,0.0,0.0,SUCCESS
E5_DT15_PD20_SEED789,15,0.2,7.1341324200913245,14.0,anomaly_detection,None,isolation_forest,residual,threshold,0.29376565419608197,0.29376565419608197,0.0,0.0,SUCCESS
E5_DT15_PD20_SEED789,15,0.2,7.1341324200913245,14.0,anomaly_detection,None,lstm_autoencoder,raw,precision,0.49825783972125437,0.49825783972125437,0.0,0.0,SUCCESS
E5_DT15_PD20_SEED789,15,0.2,7.1341324200913245,14.0,anomaly_detection,None,lstm_autoencoder,raw,recall,0.5860655737704918,0.5860655737704918,0.0,0.0,SUCCESS
E5_DT15_PD20_SEED789,15,0.2,7.1341324200913245,14.0,anomaly_detection,None,lstm_autoencoder,raw,f1,0.5386064030131827,0.5386064030131827,0.0,0.0,SUCCESS
E5_DT15_PD20_SEED789,15,0.2,7.1341324200913245,14.0,anomaly_detection,None,lstm_autoencoder,raw,false_positive_rate,0.028731045490822026,0.028731045490822026,0.0,0.0,SUCCESS
E5_DT15_PD20_SEED789,15,0.2,7.1341324200913245,14.0,anomaly_detection,None,lstm_autoencoder,raw,pr_auc,0.561001698584242,0.561001698584242,0.0,0.0,SUCCESS
E5_DT15_PD20_SEED789,15,0.2,7.1341324200913245,14.0,anomaly_detection,None,lstm_autoencoder,raw,roc_auc,0.9493396177043946,0.9493396177043946,0.0,0.0,SUCCESS
E5_DT15_PD20_SEED789,15,0.2,7.1341324200913245,14.0,anomaly_detection,None,lstm_autoencoder,raw,detection_latency,1.3442622950819672,1.3442622950819672,0.0,0.0,SUCCESS
E5_DT15_PD20_SEED789,15,0.2,7.1341324200913245,14.0,anomaly_detection,None,lstm_autoencoder,raw,threshold,0.0007370078528765589,0.0007370078528765589,0.0,0.0,SUCCESS
E5_DT15_PD20_SEED789,15,0.2,7.1341324200913245,14.0,anomaly_detection,None,lstm_autoencoder,residual,precision,0.04642313546423135,0.04642313546423135,0.0,0.0,SUCCESS
E5_DT15_PD20_SEED789,15,0.2,7.1341324200913245,14.0,anomaly_detection,None,lstm_autoencoder,residual,recall,1.0,1.0,0.0,0.0,SUCCESS
E5_DT15_PD20_SEED789,15,0.2,7.1341324200913245,14.0,anomaly_detection,None,lstm_autoencoder,residual,f1,0.08872727272727272,0.08872727272727272,0.0,0.0,SUCCESS
E5_DT15_PD20_SEED789,15,0.2,7.1341324200913245,14.0,anomaly_detection,None,lstm_autoencoder,residual,false_positive_rate,1.0,1.0,0.0,0.0,SUCCESS
E5_DT15_PD20_SEED789,15,0.2,7.1341324200913245,14.0,anomaly_detection,None,lstm_autoencoder,residual,pr_auc,0.10429137956748322,0.12341932050043224,-0.01912794093294902,0.15498335961817283,SUCCESS
E5_DT15_PD20_SEED789,15,0.2,7.1341324200913245,14.0,anomaly_detection,None,lstm_autoencoder,residual,roc_auc,0.6437926026716208,0.7175696361519239,-0.07377703348030318,0.10281515516172579,SUCCESS
E5_DT15_PD20_SEED789,15,0.2,7.1341324200913245,14.0,anomaly_detection,None,lstm_autoencoder,residual,detection_latency,0.0,0.0,0.0,0.0,SUCCESS
E5_DT15_PD20_SEED789,15,0.2,7.1341324200913245,14.0,anomaly_detection,None,lstm_autoencoder,residual,threshold,0.0003816792741417885,0.0003816792741417885,0.0,0.0,SUCCESS
E5_DT60_PD00_SEED789,60,0.0,29.5,56.049999999995634,load_estimation,persistence,None,raw,mae,2.514185374843657,0.4498919691646662,2.0642934056789906,4.5884202145502915,SUCCESS
E5_DT60_PD00_SEED789,60,0.0,29.5,56.049999999995634,load_estimation,persistence,None,raw,rmse,3.200017154767013,0.6124154498606276,2.587601704906385,4.225239101161257,SUCCESS
E5_DT60_PD00_SEED789,60,0.0,29.5,56.049999999995634,load_estimation,persistence,None,raw,mape,83.30379011834549,14.12149407205246,69.18229604629303,4.899077653773916,SUCCESS
E5_DT60_PD00_SEED789,60,0.0,29.5,56.049999999995634,load_estimation,persistence,None,raw,r2,-0.8907982724533936,0.9307479138394198,-1.8215461862928133,-1.9570779146619515,SUCCESS
E5_DT60_PD00_SEED789,60,0.0,29.5,56.049999999995634,load_estimation,xgboost,None,raw,mae,1.875388239662034,0.27502327259272746,1.6003649670693065,5.819016521700809,SUCCESS
E5_DT60_PD00_SEED789,60,0.0,29.5,56.049999999995634,load_estimation,xgboost,None,raw,rmse,2.4654437422545366,0.41448894154272264,2.050954800711814,4.948153244036345,SUCCESS
E5_DT60_PD00_SEED789,60,0.0,29.5,56.049999999995634,load_estimation,xgboost,None,raw,mape,62.27456776581699,9.085560043649886,53.189007722167105,5.854235453470165,SUCCESS
E5_DT60_PD00_SEED789,60,0.0,29.5,56.049999999995634,load_estimation,xgboost,None,raw,r2,-0.12235637543820999,0.9682775676298727,-1.0906339430680827,-1.1263649799692366,SUCCESS
E5_DT60_PD00_SEED789,60,0.0,29.5,56.049999999995634,load_estimation,lstm,None,raw,mae,1.7449289876508502,0.2799320810273526,1.4649969066234976,5.23340126378852,SUCCESS
E5_DT60_PD00_SEED789,60,0.0,29.5,56.049999999995634,load_estimation,lstm,None,raw,rmse,2.164429657316403,0.42131145625414734,1.7431182010622555,4.137362455225419,SUCCESS
E5_DT60_PD00_SEED789,60,0.0,29.5,56.049999999995634,load_estimation,lstm,None,raw,mape,56.348013770897545,8.950627129882083,47.39738664101546,5.295426337533053,SUCCESS
E5_DT60_PD00_SEED789,60,0.0,29.5,56.049999999995634,load_estimation,lstm,None,raw,r2,0.1373336289556989,0.9673139490398543,-0.8299803200841555,-0.8580257949427744,SUCCESS
E5_DT60_PD00_SEED789,60,0.0,29.5,56.049999999995634,anomaly_detection,None,isolation_forest,raw,precision,0.11646586345381527,0.11646586345381527,0.0,0.0,SUCCESS
E5_DT60_PD00_SEED789,60,0.0,29.5,56.049999999995634,anomaly_detection,None,isolation_forest,raw,recall,0.11885245901639344,0.11885245901639344,0.0,0.0,SUCCESS
E5_DT60_PD00_SEED789,60,0.0,29.5,56.049999999995634,anomaly_detection,None,isolation_forest,raw,f1,0.11764705882352941,0.11764705882352941,0.0,0.0,SUCCESS
E5_DT60_PD00_SEED789,60,0.0,29.5,56.049999999995634,anomaly_detection,None,isolation_forest,raw,false_positive_rate,0.04389465283320032,0.04389465283320032,0.0,0.0,SUCCESS
E5_DT60_PD00_SEED789,60,0.0,29.5,56.049999999995634,anomaly_detection,None,isolation_forest,raw,pr_auc,0.09385708598261007,0.09385708598261007,0.0,0.0,SUCCESS
E5_DT60_PD00_SEED789,60,0.0,29.5,56.049999999995634,anomaly_detection,None,isolation_forest,raw,roc_auc,0.7138596875695052,0.7138596875695052,0.0,0.0,SUCCESS
E5_DT60_PD00_SEED789,60,0.0,29.5,56.049999999995634,anomaly_detection,None,isolation_forest,raw,detection_latency,3.2459016393442623,3.2459016393442623,0.0,0.0,SUCCESS
E5_DT60_PD00_SEED789,60,0.0,29.5,56.049999999995634,anomaly_detection,None,isolation_forest,raw,threshold,0.5031683371451802,0.5031683371451802,0.0,0.0,SUCCESS
E5_DT60_PD00_SEED789,60,0.0,29.5,56.049999999995634,anomaly_detection,None,isolation_forest,residual,precision,0.04642313546423135,0.04642313546423135,0.0,0.0,SUCCESS
E5_DT60_PD00_SEED789,60,0.0,29.5,56.049999999995634,anomaly_detection,None,isolation_forest,residual,recall,1.0,1.0,0.0,0.0,SUCCESS
E5_DT60_PD00_SEED789,60,0.0,29.5,56.049999999995634,anomaly_detection,None,isolation_forest,residual,f1,0.08872727272727272,0.08872727272727272,0.0,0.0,SUCCESS
E5_DT60_PD00_SEED789,60,0.0,29.5,56.049999999995634,anomaly_detection,None,isolation_forest,residual,false_positive_rate,1.0,1.0,0.0,0.0,SUCCESS
E5_DT60_PD00_SEED789,60,0.0,29.5,56.049999999995634,anomaly_detection,None,isolation_forest,residual,pr_auc,0.04665470415856905,0.08213935081255075,-0.0354846466539817,0.432005443224902,SUCCESS
E5_DT60_PD00_SEED789,60,0.0,29.5,56.049999999995634,anomaly_detection,None,isolation_forest,residual,roc_auc,0.5111727755027279,0.6862922428793846,-0.17511946737665673,0.2551674876025575,SUCCESS
E5_DT60_PD00_SEED789,60,0.0,29.5,56.049999999995634,anomaly_detection,None,isolation_forest,residual,detection_latency,0.0,0.0,0.0,0.0,SUCCESS
E5_DT60_PD00_SEED789,60,0.0,29.5,56.049999999995634,anomaly_detection,None,isolation_forest,residual,threshold,0.29376565419608197,0.29376565419608197,0.0,0.0,SUCCESS
E5_DT60_PD00_SEED789,60,0.0,29.5,56.049999999995634,anomaly_detection,None,lstm_autoencoder,raw,precision,0.49825783972125437,0.49825783972125437,0.0,0.0,SUCCESS
E5_DT60_PD00_SEED789,60,0.0,29.5,56.049999999995634,anomaly_detection,None,lstm_autoencoder,raw,recall,0.5860655737704918,0.5860655737704918,0.0,0.0,SUCCESS
E5_DT60_PD00_SEED789,60,0.0,29.5,56.049999999995634,anomaly_detection,None,lstm_autoencoder,raw,f1,0.5386064030131827,0.5386064030131827,0.0,0.0,SUCCESS
E5_DT60_PD00_SEED789,60,0.0,29.5,56.049999999995634,anomaly_detection,None,lstm_autoencoder,raw,false_positive_rate,0.028731045490822026,0.028731045490822026,0.0,0.0,SUCCESS
E5_DT60_PD00_SEED789,60,0.0,29.5,56.049999999995634,anomaly_detection,None,lstm_autoencoder,raw,pr_auc,0.561001698584242,0.561001698584242,0.0,0.0,SUCCESS
E5_DT60_PD00_SEED789,60,0.0,29.5,56.049999999995634,anomaly_detection,None,lstm_autoencoder,raw,roc_auc,0.9493396177043946,0.9493396177043946,0.0,0.0,SUCCESS
E5_DT60_PD00_SEED789,60,0.0,29.5,56.049999999995634,anomaly_detection,None,lstm_autoencoder,raw,detection_latency,1.3442622950819672,1.3442622950819672,0.0,0.0,SUCCESS
E5_DT60_PD00_SEED789,60,0.0,29.5,56.049999999995634,anomaly_detection,None,lstm_autoencoder,raw,threshold,0.0007370078528765589,0.0007370078528765589,0.0,0.0,SUCCESS
E5_DT60_PD00_SEED789,60,0.0,29.5,56.049999999995634,anomaly_detection,None,lstm_autoencoder,residual,precision,0.04642313546423135,0.04642313546423135,0.0,0.0,SUCCESS
E5_DT60_PD00_SEED789,60,0.0,29.5,56.049999999995634,anomaly_detection,None,lstm_autoencoder,residual,recall,1.0,1.0,0.0,0.0,SUCCESS
E5_DT60_PD00_SEED789,60,0.0,29.5,56.049999999995634,anomaly_detection,None,lstm_autoencoder,residual,f1,0.08872727272727272,0.08872727272727272,0.0,0.0,SUCCESS
E5_DT60_PD00_SEED789,60,0.0,29.5,56.049999999995634,anomaly_detection,None,lstm_autoencoder,residual,false_positive_rate,1.0,1.0,0.0,0.0,SUCCESS
E5_DT60_PD00_SEED789,60,0.0,29.5,56.049999999995634,anomaly_detection,None,lstm_autoencoder,residual,pr_auc,0.11741210410967971,0.12341932050043224,-0.006007216390752523,0.04867322528105707,SUCCESS
E5_DT60_PD00_SEED789,60,0.0,29.5,56.049999999995634,anomaly_detection,None,lstm_autoencoder,residual,roc_auc,0.5821446561040389,0.7175696361519239,-0.13542498004788506,0.18872730007657804,SUCCESS
E5_DT60_PD00_SEED789,60,0.0,29.5,56.049999999995634,anomaly_detection,None,lstm_autoencoder,residual,detection_latency,0.0,0.0,0.0,0.0,SUCCESS
E5_DT60_PD00_SEED789,60,0.0,29.5,56.049999999995634,anomaly_detection,None,lstm_autoencoder,residual,threshold,0.0003816792741417885,0.0003816792741417885,0.0,0.0,SUCCESS
E5_DT60_PD05_SEED789,60,0.05,29.519206621004567,57.0,load_estimation,persistence,None,raw,mae,2.5001537309480404,0.4498919691646662,2.050261761783374,4.557231296193581,SUCCESS
E5_DT60_PD05_SEED789,60,0.05,29.519206621004567,57.0,load_estimation,persistence,None,raw,rmse,3.240520962220454,0.6124154498606276,2.6281055123598263,4.291376896121621,SUCCESS
E5_DT60_PD05_SEED789,60,0.05,29.519206621004567,57.0,load_estimation,persistence,None,raw,mape,82.68644836689985,14.12149407205246,68.5649542948474,4.855361192307746,SUCCESS
E5_DT60_PD05_SEED789,60,0.05,29.519206621004567,57.0,load_estimation,persistence,None,raw,r2,-0.9389662696045913,0.9307479138394198,-1.8697141834440112,-2.008829840650698,SUCCESS
E5_DT60_PD05_SEED789,60,0.05,29.519206621004567,57.0,load_estimation,xgboost,None,raw,mae,1.9057763346344732,0.27502327259272746,1.6307530620417456,5.929509334494292,SUCCESS
E5_DT60_PD05_SEED789,60,0.05,29.519206621004567,57.0,load_estimation,xgboost,None,raw,rmse,2.50648044196679,0.41448894154272264,2.0919915004240677,5.047158779767927,SUCCESS
E5_DT60_PD05_SEED789,60,0.05,29.519206621004567,57.0,load_estimation,xgboost,None,raw,mape,63.555568493154624,9.085560043649886,54.47000844950474,5.995228493104849,SUCCESS
E5_DT60_PD05_SEED789,60,0.05,29.519206621004567,57.0,load_estimation,xgboost,None,raw,r2,-0.1600300088663551,0.9682775676298727,-1.1283075764962278,-1.1652728661865759,SUCCESS
E5_DT60_PD05_SEED789,60,0.05,29.519206621004567,57.0,load_estimation,lstm,None,raw,mae,1.7461022312864847,0.2799320810273526,1.466170150259132,5.237592436273391,SUCCESS
E5_DT60_PD05_SEED789,60,0.05,29.519206621004567,57.0,load_estimation,lstm,None,raw,rmse,2.200399611067045,0.42131145625414734,1.7790881548128976,4.222738613923899,SUCCESS
E5_DT60_PD05_SEED789,60,0.05,29.519206621004567,57.0,load_estimation,lstm,None,raw,mape,55.08430561060605,8.950627129882083,46.13367848072397,5.15423978803726,SUCCESS
E5_DT60_PD05_SEED789,60,0.05,29.519206621004567,57.0,load_estimation,lstm,None,raw,r2,0.10842263276053288,0.9673139490398543,-0.8588913162793215,-0.8879137090205801,SUCCESS
E5_DT60_PD05_SEED789,60,0.05,29.519206621004567,57.0,anomaly_detection,None,isolation_forest,raw,precision,0.11646586345381527,0.11646586345381527,0.0,0.0,SUCCESS
E5_DT60_PD05_SEED789,60,0.05,29.519206621004567,57.0,anomaly_detection,None,isolation_forest,raw,recall,0.11885245901639344,0.11885245901639344,0.0,0.0,SUCCESS
E5_DT60_PD05_SEED789,60,0.05,29.519206621004567,57.0,anomaly_detection,None,isolation_forest,raw,f1,0.11764705882352941,0.11764705882352941,0.0,0.0,SUCCESS
E5_DT60_PD05_SEED789,60,0.05,29.519206621004567,57.0,anomaly_detection,None,isolation_forest,raw,false_positive_rate,0.04389465283320032,0.04389465283320032,0.0,0.0,SUCCESS
E5_DT60_PD05_SEED789,60,0.05,29.519206621004567,57.0,anomaly_detection,None,isolation_forest,raw,pr_auc,0.09385708598261007,0.09385708598261007,0.0,0.0,SUCCESS
E5_DT60_PD05_SEED789,60,0.05,29.519206621004567,57.0,anomaly_detection,None,isolation_forest,raw,roc_auc,0.7138596875695052,0.7138596875695052,0.0,0.0,SUCCESS
E5_DT60_PD05_SEED789,60,0.05,29.519206621004567,57.0,anomaly_detection,None,isolation_forest,raw,detection_latency,3.2459016393442623,3.2459016393442623,0.0,0.0,SUCCESS
E5_DT60_PD05_SEED789,60,0.05,29.519206621004567,57.0,anomaly_detection,None,isolation_forest,raw,threshold,0.5031683371451802,0.5031683371451802,0.0,0.0,SUCCESS
E5_DT60_PD05_SEED789,60,0.05,29.519206621004567,57.0,anomaly_detection,None,isolation_forest,residual,precision,0.04642313546423135,0.04642313546423135,0.0,0.0,SUCCESS
E5_DT60_PD05_SEED789,60,0.05,29.519206621004567,57.0,anomaly_detection,None,isolation_forest,residual,recall,1.0,1.0,0.0,0.0,SUCCESS
E5_DT60_PD05_SEED789,60,0.05,29.519206621004567,57.0,anomaly_detection,None,isolation_forest,residual,f1,0.08872727272727272,0.08872727272727272,0.0,0.0,SUCCESS
E5_DT60_PD05_SEED789,60,0.05,29.519206621004567,57.0,anomaly_detection,None,isolation_forest,residual,false_positive_rate,1.0,1.0,0.0,0.0,SUCCESS
E5_DT60_PD05_SEED789,60,0.05,29.519206621004567,57.0,anomaly_detection,None,isolation_forest,residual,pr_auc,0.04805030007621083,0.08213935081255075,-0.034089050736339915,0.41501485462350607,SUCCESS
E5_DT60_PD05_SEED789,60,0.05,29.519206621004567,57.0,anomaly_detection,None,isolation_forest,residual,roc_auc,0.5187235062080515,0.6862922428793846,-0.1675687366713331,0.24416527858203285,SUCCESS
E5_DT60_PD05_SEED789,60,0.05,29.519206621004567,57.0,anomaly_detection,None,isolation_forest,residual,detection_latency,0.0,0.0,0.0,0.0,SUCCESS
E5_DT60_PD05_SEED789,60,0.05,29.519206621004567,57.0,anomaly_detection,None,isolation_forest,residual,threshold,0.29376565419608197,0.29376565419608197,0.0,0.0,SUCCESS
E5_DT60_PD05_SEED789,60,0.05,29.519206621004567,57.0,anomaly_detection,None,lstm_autoencoder,raw,precision,0.49825783972125437,0.49825783972125437,0.0,0.0,SUCCESS
E5_DT60_PD05_SEED789,60,0.05,29.519206621004567,57.0,anomaly_detection,None,lstm_autoencoder,raw,recall,0.5860655737704918,0.5860655737704918,0.0,0.0,SUCCESS
E5_DT60_PD05_SEED789,60,0.05,29.519206621004567,57.0,anomaly_detection,None,lstm_autoencoder,raw,f1,0.5386064030131827,0.5386064030131827,0.0,0.0,SUCCESS
E5_DT60_PD05_SEED789,60,0.05,29.519206621004567,57.0,anomaly_detection,None,lstm_autoencoder,raw,false_positive_rate,0.028731045490822026,0.028731045490822026,0.0,0.0,SUCCESS
E5_DT60_PD05_SEED789,60,0.05,29.519206621004567,57.0,anomaly_detection,None,lstm_autoencoder,raw,pr_auc,0.561001698584242,0.561001698584242,0.0,0.0,SUCCESS
E5_DT60_PD05_SEED789,60,0.05,29.519206621004567,57.0,anomaly_detection,None,lstm_autoencoder,raw,roc_auc,0.9493396177043946,0.9493396177043946,0.0,0.0,SUCCESS
E5_DT60_PD05_SEED789,60,0.05,29.519206621004567,57.0,anomaly_detection,None,lstm_autoencoder,raw,detection_latency,1.3442622950819672,1.3442622950819672,0.0,0.0,SUCCESS
E5_DT60_PD05_SEED789,60,0.05,29.519206621004567,57.0,anomaly_detection,None,lstm_autoencoder,raw,threshold,0.0007370078528765589,0.0007370078528765589,0.0,0.0,SUCCESS
E5_DT60_PD05_SEED789,60,0.05,29.519206621004567,57.0,anomaly_detection,None,lstm_autoencoder,residual,precision,0.04642313546423135,0.04642313546423135,0.0,0.0,SUCCESS
E5_DT60_PD05_SEED789,60,0.05,29.519206621004567,57.0,anomaly_detection,None,lstm_autoencoder,residual,recall,1.0,1.0,0.0,0.0,SUCCESS
E5_DT60_PD05_SEED789,60,0.05,29.519206621004567,57.0,anomaly_detection,None,lstm_autoencoder,residual,f1,0.08872727272727272,0.08872727272727272,0.0,0.0,SUCCESS
E5_DT60_PD05_SEED789,60,0.05,29.519206621004567,57.0,anomaly_detection,None,lstm_autoencoder,residual,false_positive_rate,1.0,1.0,0.0,0.0,SUCCESS
E5_DT60_PD05_SEED789,60,0.05,29.519206621004567,57.0,anomaly_detection,None,lstm_autoencoder,residual,pr_auc,0.11721441618586483,0.12341932050043224,-0.006204904314567411,0.05027498360392999,SUCCESS
E5_DT60_PD05_SEED789,60,0.05,29.519206621004567,57.0,anomaly_detection,None,lstm_autoencoder,residual,roc_auc,0.5926661258880327,0.7175696361519239,-0.12490351026389124,0.17406465375779454,SUCCESS
E5_DT60_PD05_SEED789,60,0.05,29.519206621004567,57.0,anomaly_detection,None,lstm_autoencoder,residual,detection_latency,0.0,0.0,0.0,0.0,SUCCESS
E5_DT60_PD05_SEED789,60,0.05,29.519206621004567,57.0,anomaly_detection,None,lstm_autoencoder,residual,threshold,0.0003816792741417885,0.0003816792741417885,0.0,0.0,SUCCESS
E5_DT60_PD10_SEED789,60,0.1,29.558761415525115,57.0,load_estimation,persistence,None,raw,mae,2.498420001595895,0.4498919691646662,2.0485280324312285,4.553377639158171,SUCCESS
E5_DT60_PD10_SEED789,60,0.1,29.558761415525115,57.0,load_estimation,persistence,None,raw,rmse,3.2167627283985367,0.6124154498606276,2.604347278537909,4.252582587736155,SUCCESS
E5_DT60_PD10_SEED789,60,0.1,29.558761415525115,57.0,load_estimation,persistence,None,raw,mape,82.63430528300019,14.12149407205246,68.51281121094773,4.851668730048893,SUCCESS
E5_DT60_PD10_SEED789,60,0.1,29.558761415525115,57.0,load_estimation,persistence,None,raw,r2,-0.9106390073741721,0.9307479138394198,-1.841386921213592,-1.9783948949374526,SUCCESS
E5_DT60_PD10_SEED789,60,0.1,29.558761415525115,57.0,load_estimation,xgboost,None,raw,mae,1.887252081474757,0.27502327259272746,1.6122288088820296,5.86215411402483,SUCCESS
E5_DT60_PD10_SEED789,60,0.1,29.558761415525115,57.0,load_estimation,xgboost,None,raw,rmse,2.469402742348814,0.41448894154272264,2.0549138008060917,4.95770476567536,SUCCESS
E5_DT60_PD10_SEED789,60,0.1,29.558761415525115,57.0,load_estimation,xgboost,None,raw,mape,62.7149608749476,9.085560043649886,53.629400831297716,5.902707216026884,SUCCESS
E5_DT60_PD10_SEED789,60,0.1,29.558761415525115,57.0,load_estimation,xgboost,None,raw,r2,-0.12596382064128608,0.9682775676298727,-1.0942413882711588,-1.1300906112589362,SUCCESS
E5_DT60_PD10_SEED789,60,0.1,29.558761415525115,57.0,load_estimation,lstm,None,raw,mae,1.703895255869168,0.2799320810273526,1.4239631748418153,5.086816665013388,SUCCESS
E5_DT60_PD10_SEED789,60,0.1,29.558761415525115,57.0,load_estimation,lstm,None,raw,rmse,2.126361802522043,0.42131145625414734,1.7050503462678959,4.047006842461363,SUCCESS
E5_DT60_PD10_SEED789,60,0.1,29.558761415525115,57.0,load_estimation,lstm,None,raw,mape,54.04612892460412,8.950627129882083,45.09550179472204,5.038250520365062,SUCCESS
E5_DT60_PD10_SEED789,60,0.1,29.558761415525115,57.0,load_estimation,lstm,None,raw,r2,0.1674118210031954,0.9673139490398543,-0.7999021280366589,-0.8269312448462398,SUCCESS
E5_DT60_PD10_SEED789,60,0.1,29.558761415525115,57.0,anomaly_detection,None,isolation_forest,raw,precision,0.11646586345381527,0.11646586345381527,0.0,0.0,SUCCESS
E5_DT60_PD10_SEED789,60,0.1,29.558761415525115,57.0,anomaly_detection,None,isolation_forest,raw,recall,0.11885245901639344,0.11885245901639344,0.0,0.0,SUCCESS
E5_DT60_PD10_SEED789,60,0.1,29.558761415525115,57.0,anomaly_detection,None,isolation_forest,raw,f1,0.11764705882352941,0.11764705882352941,0.0,0.0,SUCCESS
E5_DT60_PD10_SEED789,60,0.1,29.558761415525115,57.0,anomaly_detection,None,isolation_forest,raw,false_positive_rate,0.04389465283320032,0.04389465283320032,0.0,0.0,SUCCESS
E5_DT60_PD10_SEED789,60,0.1,29.558761415525115,57.0,anomaly_detection,None,isolation_forest,raw,pr_auc,0.09385708598261007,0.09385708598261007,0.0,0.0,SUCCESS
E5_DT60_PD10_SEED789,60,0.1,29.558761415525115,57.0,anomaly_detection,None,isolation_forest,raw,roc_auc,0.7138596875695052,0.7138596875695052,0.0,0.0,SUCCESS
E5_DT60_PD10_SEED789,60,0.1,29.558761415525115,57.0,anomaly_detection,None,isolation_forest,raw,detection_latency,3.2459016393442623,3.2459016393442623,0.0,0.0,SUCCESS
E5_DT60_PD10_SEED789,60,0.1,29.558761415525115,57.0,anomaly_detection,None,isolation_forest,raw,threshold,0.5031683371451802,0.5031683371451802,0.0,0.0,SUCCESS
E5_DT60_PD10_SEED789,60,0.1,29.558761415525115,57.0,anomaly_detection,None,isolation_forest,residual,precision,0.04642313546423135,0.04642313546423135,0.0,0.0,SUCCESS
E5_DT60_PD10_SEED789,60,0.1,29.558761415525115,57.0,anomaly_detection,None,isolation_forest,residual,recall,1.0,1.0,0.0,0.0,SUCCESS
E5_DT60_PD10_SEED789,60,0.1,29.558761415525115,57.0,anomaly_detection,None,isolation_forest,residual,f1,0.08872727272727272,0.08872727272727272,0.0,0.0,SUCCESS
E5_DT60_PD10_SEED789,60,0.1,29.558761415525115,57.0,anomaly_detection,None,isolation_forest,residual,false_positive_rate,1.0,1.0,0.0,0.0,SUCCESS
E5_DT60_PD10_SEED789,60,0.1,29.558761415525115,57.0,anomaly_detection,None,isolation_forest,residual,pr_auc,0.04937985127887273,0.08213935081255075,-0.032759499533678016,0.3988283229610383,SUCCESS
E5_DT60_PD10_SEED789,60,0.1,29.558761415525115,57.0,anomaly_detection,None,isolation_forest,residual,roc_auc,0.5279489062316015,0.6862922428793846,-0.1583433366477831,0.23072290017943833,SUCCESS
E5_DT60_PD10_SEED789,60,0.1,29.558761415525115,57.0,anomaly_detection,None,isolation_forest,residual,detection_latency,0.0,0.0,0.0,0.0,SUCCESS
E5_DT60_PD10_SEED789,60,0.1,29.558761415525115,57.0,anomaly_detection,None,isolation_forest,residual,threshold,0.29376565419608197,0.29376565419608197,0.0,0.0,SUCCESS
E5_DT60_PD10_SEED789,60,0.1,29.558761415525115,57.0,anomaly_detection,None,lstm_autoencoder,raw,precision,0.49825783972125437,0.49825783972125437,0.0,0.0,SUCCESS
E5_DT60_PD10_SEED789,60,0.1,29.558761415525115,57.0,anomaly_detection,None,lstm_autoencoder,raw,recall,0.5860655737704918,0.5860655737704918,0.0,0.0,SUCCESS
E5_DT60_PD10_SEED789,60,0.1,29.558761415525115,57.0,anomaly_detection,None,lstm_autoencoder,raw,f1,0.5386064030131827,0.5386064030131827,0.0,0.0,SUCCESS
E5_DT60_PD10_SEED789,60,0.1,29.558761415525115,57.0,anomaly_detection,None,lstm_autoencoder,raw,false_positive_rate,0.028731045490822026,0.028731045490822026,0.0,0.0,SUCCESS
E5_DT60_PD10_SEED789,60,0.1,29.558761415525115,57.0,anomaly_detection,None,lstm_autoencoder,raw,pr_auc,0.561001698584242,0.561001698584242,0.0,0.0,SUCCESS
E5_DT60_PD10_SEED789,60,0.1,29.558761415525115,57.0,anomaly_detection,None,lstm_autoencoder,raw,roc_auc,0.9493396177043946,0.9493396177043946,0.0,0.0,SUCCESS
E5_DT60_PD10_SEED789,60,0.1,29.558761415525115,57.0,anomaly_detection,None,lstm_autoencoder,raw,detection_latency,1.3442622950819672,1.3442622950819672,0.0,0.0,SUCCESS
E5_DT60_PD10_SEED789,60,0.1,29.558761415525115,57.0,anomaly_detection,None,lstm_autoencoder,raw,threshold,0.0007370078528765589,0.0007370078528765589,0.0,0.0,SUCCESS
E5_DT60_PD10_SEED789,60,0.1,29.558761415525115,57.0,anomaly_detection,None,lstm_autoencoder,residual,precision,0.04642313546423135,0.04642313546423135,0.0,0.0,SUCCESS
E5_DT60_PD10_SEED789,60,0.1,29.558761415525115,57.0,anomaly_detection,None,lstm_autoencoder,residual,recall,1.0,1.0,0.0,0.0,SUCCESS
E5_DT60_PD10_SEED789,60,0.1,29.558761415525115,57.0,anomaly_detection,None,lstm_autoencoder,residual,f1,0.08872727272727272,0.08872727272727272,0.0,0.0,SUCCESS
E5_DT60_PD10_SEED789,60,0.1,29.558761415525115,57.0,anomaly_detection,None,lstm_autoencoder,residual,false_positive_rate,1.0,1.0,0.0,0.0,SUCCESS
E5_DT60_PD10_SEED789,60,0.1,29.558761415525115,57.0,anomaly_detection,None,lstm_autoencoder,residual,pr_auc,0.09863991296158892,0.12341932050043224,-0.02477940753884332,0.2007741368075069,SUCCESS
E5_DT60_PD10_SEED789,60,0.1,29.558761415525115,57.0,anomaly_detection,None,lstm_autoencoder,residual,roc_auc,0.5804176533696178,0.7175696361519239,-0.13715198278230611,0.19113403894541084,SUCCESS
E5_DT60_PD10_SEED789,60,0.1,29.558761415525115,57.0,anomaly_detection,None,lstm_autoencoder,residual,detection_latency,0.0,0.0,0.0,0.0,SUCCESS
E5_DT60_PD10_SEED789,60,0.1,29.558761415525115,57.0,anomaly_detection,None,lstm_autoencoder,residual,threshold,0.0003816792741417885,0.0003816792741417885,0.0,0.0,SUCCESS
E5_DT60_PD20_SEED789,60,0.2,29.629851598173516,57.0,load_estimation,persistence,None,raw,mae,2.4764750998586282,0.4498919691646662,2.026583130693962,4.5045994807526935,SUCCESS
E5_DT60_PD20_SEED789,60,0.2,29.629851598173516,57.0,load_estimation,persistence,None,raw,rmse,3.2011213382853607,0.6124154498606276,2.588705888424733,4.227042098650297,SUCCESS
E5_DT60_PD20_SEED789,60,0.2,29.629851598173516,57.0,load_estimation,persistence,None,raw,mape,81.14678411510316,14.12149407205246,67.0252900430507,4.7463313514183305,SUCCESS
E5_DT60_PD20_SEED789,60,0.2,29.629851598173516,57.0,load_estimation,persistence,None,raw,r2,-0.8921033582634921,0.9307479138394198,-1.8228512721029118,-1.9584801050839689,SUCCESS
E5_DT60_PD20_SEED789,60,0.2,29.629851598173516,57.0,load_estimation,xgboost,None,raw,mae,1.859055334914765,0.27502327259272746,1.5840320623220374,5.759629166611569,SUCCESS
E5_DT60_PD20_SEED789,60,0.2,29.629851598173516,57.0,load_estimation,xgboost,None,raw,rmse,2.4552015362666957,0.41448894154272264,2.0407125947239733,4.923442799531554,SUCCESS
E5_DT60_PD20_SEED789,60,0.2,29.629851598173516,57.0,load_estimation,xgboost,None,raw,mape,61.18178671173943,9.085560043649886,52.09622666808954,5.733958767296996,SUCCESS
E5_DT60_PD20_SEED789,60,0.2,29.629851598173516,57.0,load_estimation,xgboost,None,raw,r2,-0.11305052328584786,0.9682775676298727,-1.0813280909157206,-1.116754252153719,SUCCESS
E5_DT60_PD20_SEED789,60,0.2,29.629851598173516,57.0,load_estimation,lstm,None,raw,mae,1.708486762416766,0.2799320810273526,1.4285546813894132,5.103218881332243,SUCCESS
E5_DT60_PD20_SEED789,60,0.2,29.629851598173516,57.0,load_estimation,lstm,None,raw,rmse,2.13545761442348,0.42131145625414734,1.7141461581693325,4.068596124609794,SUCCESS
E5_DT60_PD20_SEED789,60,0.2,29.629851598173516,57.0,load_estimation,lstm,None,raw,mape,54.16944821884439,8.950627129882083,45.2188210889623,5.052028247048431,SUCCESS
E5_DT60_PD20_SEED789,60,0.2,29.629851598173516,57.0,load_estimation,lstm,None,raw,r2,0.1602735598801387,0.9673139490398543,-0.8070403891597157,-0.8343107115955223,SUCCESS
E5_DT60_PD20_SEED789,60,0.2,29.629851598173516,57.0,anomaly_detection,None,isolation_forest,raw,precision,0.11646586345381527,0.11646586345381527,0.0,0.0,SUCCESS
E5_DT60_PD20_SEED789,60,0.2,29.629851598173516,57.0,anomaly_detection,None,isolation_forest,raw,recall,0.11885245901639344,0.11885245901639344,0.0,0.0,SUCCESS
E5_DT60_PD20_SEED789,60,0.2,29.629851598173516,57.0,anomaly_detection,None,isolation_forest,raw,f1,0.11764705882352941,0.11764705882352941,0.0,0.0,SUCCESS
E5_DT60_PD20_SEED789,60,0.2,29.629851598173516,57.0,anomaly_detection,None,isolation_forest,raw,false_positive_rate,0.04389465283320032,0.04389465283320032,0.0,0.0,SUCCESS
E5_DT60_PD20_SEED789,60,0.2,29.629851598173516,57.0,anomaly_detection,None,isolation_forest,raw,pr_auc,0.09385708598261007,0.09385708598261007,0.0,0.0,SUCCESS
E5_DT60_PD20_SEED789,60,0.2,29.629851598173516,57.0,anomaly_detection,None,isolation_forest,raw,roc_auc,0.7138596875695052,0.7138596875695052,0.0,0.0,SUCCESS
E5_DT60_PD20_SEED789,60,0.2,29.629851598173516,57.0,anomaly_detection,None,isolation_forest,raw,detection_latency,3.2459016393442623,3.2459016393442623,0.0,0.0,SUCCESS
E5_DT60_PD20_SEED789,60,0.2,29.629851598173516,57.0,anomaly_detection,None,isolation_forest,raw,threshold,0.5031683371451802,0.5031683371451802,0.0,0.0,SUCCESS
E5_DT60_PD20_SEED789,60,0.2,29.629851598173516,57.0,anomaly_detection,None,isolation_forest,residual,precision,0.04642313546423135,0.04642313546423135,0.0,0.0,SUCCESS
E5_DT60_PD20_SEED789,60,0.2,29.629851598173516,57.0,anomaly_detection,None,isolation_forest,residual,recall,1.0,1.0,0.0,0.0,SUCCESS
E5_DT60_PD20_SEED789,60,0.2,29.629851598173516,57.0,anomaly_detection,None,isolation_forest,residual,f1,0.08872727272727272,0.08872727272727272,0.0,0.0,SUCCESS
E5_DT60_PD20_SEED789,60,0.2,29.629851598173516,57.0,anomaly_detection,None,isolation_forest,residual,false_positive_rate,1.0,1.0,0.0,0.0,SUCCESS
E5_DT60_PD20_SEED789,60,0.2,29.629851598173516,57.0,anomaly_detection,None,isolation_forest,residual,pr_auc,0.042287456075266516,0.08213935081255075,-0.03985189473728423,0.4851742111796059,SUCCESS
E5_DT60_PD20_SEED789,60,0.2,29.629851598173516,57.0,anomaly_detection,None,isolation_forest,residual,roc_auc,0.484598030301048,0.6862922428793846,-0.20169421257833664,0.2938896871864895,SUCCESS
E5_DT60_PD20_SEED789,60,0.2,29.629851598173516,57.0,anomaly_detection,None,isolation_forest,residual,detection_latency,0.0,0.0,0.0,0.0,SUCCESS
E5_DT60_PD20_SEED789,60,0.2,29.629851598173516,57.0,anomaly_detection,None,isolation_forest,residual,threshold,0.29376565419608197,0.29376565419608197,0.0,0.0,SUCCESS
E5_DT60_PD20_SEED789,60,0.2,29.629851598173516,57.0,anomaly_detection,None,lstm_autoencoder,raw,precision,0.49825783972125437,0.49825783972125437,0.0,0.0,SUCCESS
E5_DT60_PD20_SEED789,60,0.2,29.629851598173516,57.0,anomaly_detection,None,lstm_autoencoder,raw,recall,0.5860655737704918,0.5860655737704918,0.0,0.0,SUCCESS
E5_DT60_PD20_SEED789,60,0.2,29.629851598173516,57.0,anomaly_detection,None,lstm_autoencoder,raw,f1,0.5386064030131827,0.5386064030131827,0.0,0.0,SUCCESS
E5_DT60_PD20_SEED789,60,0.2,29.629851598173516,57.0,anomaly_detection,None,lstm_autoencoder,raw,false_positive_rate,0.028731045490822026,0.028731045490822026,0.0,0.0,SUCCESS
E5_DT60_PD20_SEED789,60,0.2,29.629851598173516,57.0,anomaly_detection,None,lstm_autoencoder,raw,pr_auc,0.561001698584242,0.561001698584242,0.0,0.0,SUCCESS
E5_DT60_PD20_SEED789,60,0.2,29.629851598173516,57.0,anomaly_detection,None,lstm_autoencoder,raw,roc_auc,0.9493396177043946,0.9493396177043946,0.0,0.0,SUCCESS
E5_DT60_PD20_SEED789,60,0.2,29.629851598173516,57.0,anomaly_detection,None,lstm_autoencoder,raw,detection_latency,1.3442622950819672,1.3442622950819672,0.0,0.0,SUCCESS
E5_DT60_PD20_SEED789,60,0.2,29.629851598173516,57.0,anomaly_detection,None,lstm_autoencoder,raw,threshold,0.0007370078528765589,0.0007370078528765589,0.0,0.0,SUCCESS
E5_DT60_PD20_SEED789,60,0.2,29.629851598173516,57.0,anomaly_detection,None,lstm_autoencoder,residual,precision,0.04642313546423135,0.04642313546423135,0.0,0.0,SUCCESS
E5_DT60_PD20_SEED789,60,0.2,29.629851598173516,57.0,anomaly_detection,None,lstm_autoencoder,residual,recall,1.0,1.0,0.0,0.0,SUCCESS
E5_DT60_PD20_SEED789,60,0.2,29.629851598173516,57.0,anomaly_detection,None,lstm_autoencoder,residual,f1,0.08872727272727272,0.08872727272727272,0.0,0.0,SUCCESS
E5_DT60_PD20_SEED789,60,0.2,29.629851598173516,57.0,anomaly_detection,None,lstm_autoencoder,residual,false_positive_rate,1.0,1.0,0.0,0.0,SUCCESS
E5_DT60_PD20_SEED789,60,0.2,29.629851598173516,57.0,anomaly_detection,None,lstm_autoencoder,residual,pr_auc,0.10707520516960665,0.12341932050043224,-0.01634411533082558,0.13242752645659187,SUCCESS
E5_DT60_PD20_SEED789,60,0.2,29.629851598173516,57.0,anomaly_detection,None,lstm_autoencoder,residual,roc_auc,0.5709436696191436,0.7175696361519239,-0.14662596653278037,0.2043369160923313,SUCCESS
E5_DT60_PD20_SEED789,60,0.2,29.629851598173516,57.0,anomaly_detection,None,lstm_autoencoder,residual,detection_latency,0.0,0.0,0.0,0.0,SUCCESS
E5_DT60_PD20_SEED789,60,0.2,29.629851598173516,57.0,anomaly_detection,None,lstm_autoencoder,residual,threshold,0.0003816792741417885,0.0003816792741417885,0.0,0.0,SUCCESS
E5_DT300_PD00_SEED789,300,0.0,149.2945205479452,284.0,load_estimation,persistence,None,raw,mae,2.533120592480562,0.4498919691646662,2.083228623315896,4.630508580057378,SUCCESS
E5_DT300_PD00_SEED789,300,0.0,149.2945205479452,284.0,load_estimation,persistence,None,raw,rmse,3.2217188031066746,0.6124154498606276,2.6093033532460472,4.260675255400346,SUCCESS
E5_DT300_PD00_SEED789,300,0.0,149.2945205479452,284.0,load_estimation,persistence,None,raw,mape,83.82206402080521,14.12149407205246,69.70056994875276,4.93577872094254,SUCCESS
E5_DT300_PD00_SEED789,300,0.0,149.2945205479452,284.0,load_estimation,persistence,None,raw,r2,-0.9165309957644714,0.9307479138394198,-1.847278909603891,-1.9847252753795575,SUCCESS
E5_DT300_PD00_SEED789,300,0.0,149.2945205479452,284.0,load_estimation,xgboost,None,raw,mae,1.9247189864765746,0.27502327259272746,1.649695713883847,5.998385875972121,SUCCESS
E5_DT300_PD00_SEED789,300,0.0,149.2945205479452,284.0,load_estimation,xgboost,None,raw,rmse,2.471922629699406,0.41448894154272264,2.0574336881566833,4.963784270091599,SUCCESS
E5_DT300_PD00_SEED789,300,0.0,149.2945205479452,284.0,load_estimation,xgboost,None,raw,mape,64.52355948821398,9.085560043649886,55.43799944456409,6.10177019118497,SUCCESS
E5_DT300_PD00_SEED789,300,0.0,149.2945205479452,284.0,load_estimation,xgboost,None,raw,r2,-0.1282629592906046,0.9682775676298727,-1.0965405269204773,-1.132465073630244,SUCCESS
E5_DT300_PD00_SEED789,300,0.0,149.2945205479452,284.0,load_estimation,lstm,None,raw,mae,1.7647604796300078,0.2799320810273526,1.4848283986026551,5.304245205313107,SUCCESS
E5_DT300_PD00_SEED789,300,0.0,149.2945205479452,284.0,load_estimation,lstm,None,raw,rmse,2.18969090262287,0.42131145625414734,1.7683794463687226,4.197321055760669,SUCCESS
E5_DT300_PD00_SEED789,300,0.0,149.2945205479452,284.0,load_estimation,lstm,None,raw,mape,55.15705794786649,8.950627129882083,46.20643081798441,5.162367971258919,SUCCESS
E5_DT300_PD00_SEED789,300,0.0,149.2945205479452,284.0,load_estimation,lstm,None,raw,r2,0.11707961418073187,0.9673139490398543,-0.8502343348591225,-0.8789642036104784,SUCCESS
E5_DT300_PD00_SEED789,300,0.0,149.2945205479452,284.0,anomaly_detection,None,isolation_forest,raw,precision,0.11646586345381527,0.11646586345381527,0.0,0.0,SUCCESS
E5_DT300_PD00_SEED789,300,0.0,149.2945205479452,284.0,anomaly_detection,None,isolation_forest,raw,recall,0.11885245901639344,0.11885245901639344,0.0,0.0,SUCCESS
E5_DT300_PD00_SEED789,300,0.0,149.2945205479452,284.0,anomaly_detection,None,isolation_forest,raw,f1,0.11764705882352941,0.11764705882352941,0.0,0.0,SUCCESS
E5_DT300_PD00_SEED789,300,0.0,149.2945205479452,284.0,anomaly_detection,None,isolation_forest,raw,false_positive_rate,0.04389465283320032,0.04389465283320032,0.0,0.0,SUCCESS
E5_DT300_PD00_SEED789,300,0.0,149.2945205479452,284.0,anomaly_detection,None,isolation_forest,raw,pr_auc,0.09385708598261007,0.09385708598261007,0.0,0.0,SUCCESS
E5_DT300_PD00_SEED789,300,0.0,149.2945205479452,284.0,anomaly_detection,None,isolation_forest,raw,roc_auc,0.7138596875695052,0.7138596875695052,0.0,0.0,SUCCESS
E5_DT300_PD00_SEED789,300,0.0,149.2945205479452,284.0,anomaly_detection,None,isolation_forest,raw,detection_latency,3.2459016393442623,3.2459016393442623,0.0,0.0,SUCCESS
E5_DT300_PD00_SEED789,300,0.0,149.2945205479452,284.0,anomaly_detection,None,isolation_forest,raw,threshold,0.5031683371451802,0.5031683371451802,0.0,0.0,SUCCESS
E5_DT300_PD00_SEED789,300,0.0,149.2945205479452,284.0,anomaly_detection,None,isolation_forest,residual,precision,0.04642313546423135,0.04642313546423135,0.0,0.0,SUCCESS
E5_DT300_PD00_SEED789,300,0.0,149.2945205479452,284.0,anomaly_detection,None,isolation_forest,residual,recall,1.0,1.0,0.0,0.0,SUCCESS
E5_DT300_PD00_SEED789,300,0.0,149.2945205479452,284.0,anomaly_detection,None,isolation_forest,residual,f1,0.08872727272727272,0.08872727272727272,0.0,0.0,SUCCESS
E5_DT300_PD00_SEED789,300,0.0,149.2945205479452,284.0,anomaly_detection,None,isolation_forest,residual,false_positive_rate,1.0,1.0,0.0,0.0,SUCCESS
E5_DT300_PD00_SEED789,300,0.0,149.2945205479452,284.0,anomaly_detection,None,isolation_forest,residual,pr_auc,0.05089427935356007,0.08213935081255075,-0.031245071458990678,0.38039102025890964,SUCCESS
E5_DT300_PD00_SEED789,300,0.0,149.2945205479452,284.0,anomaly_detection,None,isolation_forest,residual,roc_auc,0.5572364031243049,0.6862922428793846,-0.12905583975507973,0.18804793598368152,SUCCESS
E5_DT300_PD00_SEED789,300,0.0,149.2945205479452,284.0,anomaly_detection,None,isolation_forest,residual,detection_latency,0.0,0.0,0.0,0.0,SUCCESS
E5_DT300_PD00_SEED789,300,0.0,149.2945205479452,284.0,anomaly_detection,None,isolation_forest,residual,threshold,0.29376565419608197,0.29376565419608197,0.0,0.0,SUCCESS
E5_DT300_PD00_SEED789,300,0.0,149.2945205479452,284.0,anomaly_detection,None,lstm_autoencoder,raw,precision,0.49825783972125437,0.49825783972125437,0.0,0.0,SUCCESS
E5_DT300_PD00_SEED789,300,0.0,149.2945205479452,284.0,anomaly_detection,None,lstm_autoencoder,raw,recall,0.5860655737704918,0.5860655737704918,0.0,0.0,SUCCESS
E5_DT300_PD00_SEED789,300,0.0,149.2945205479452,284.0,anomaly_detection,None,lstm_autoencoder,raw,f1,0.5386064030131827,0.5386064030131827,0.0,0.0,SUCCESS
E5_DT300_PD00_SEED789,300,0.0,149.2945205479452,284.0,anomaly_detection,None,lstm_autoencoder,raw,false_positive_rate,0.028731045490822026,0.028731045490822026,0.0,0.0,SUCCESS
E5_DT300_PD00_SEED789,300,0.0,149.2945205479452,284.0,anomaly_detection,None,lstm_autoencoder,raw,pr_auc,0.561001698584242,0.561001698584242,0.0,0.0,SUCCESS
E5_DT300_PD00_SEED789,300,0.0,149.2945205479452,284.0,anomaly_detection,None,lstm_autoencoder,raw,roc_auc,0.9493396177043946,0.9493396177043946,0.0,0.0,SUCCESS
E5_DT300_PD00_SEED789,300,0.0,149.2945205479452,284.0,anomaly_detection,None,lstm_autoencoder,raw,detection_latency,1.3442622950819672,1.3442622950819672,0.0,0.0,SUCCESS
E5_DT300_PD00_SEED789,300,0.0,149.2945205479452,284.0,anomaly_detection,None,lstm_autoencoder,raw,threshold,0.0007370078528765589,0.0007370078528765589,0.0,0.0,SUCCESS
E5_DT300_PD00_SEED789,300,0.0,149.2945205479452,284.0,anomaly_detection,None,lstm_autoencoder,residual,precision,0.04642313546423135,0.04642313546423135,0.0,0.0,SUCCESS
E5_DT300_PD00_SEED789,300,0.0,149.2945205479452,284.0,anomaly_detection,None,lstm_autoencoder,residual,recall,1.0,1.0,0.0,0.0,SUCCESS
E5_DT300_PD00_SEED789,300,0.0,149.2945205479452,284.0,anomaly_detection,None,lstm_autoencoder,residual,f1,0.08872727272727272,0.08872727272727272,0.0,0.0,SUCCESS
E5_DT300_PD00_SEED789,300,0.0,149.2945205479452,284.0,anomaly_detection,None,lstm_autoencoder,residual,false_positive_rate,1.0,1.0,0.0,0.0,SUCCESS
E5_DT300_PD00_SEED789,300,0.0,149.2945205479452,284.0,anomaly_detection,None,lstm_autoencoder,residual,pr_auc,0.10750203914102173,0.12341932050043224,-0.015917281359410507,0.12896912164862195,SUCCESS
E5_DT300_PD00_SEED789,300,0.0,149.2945205479452,284.0,anomaly_detection,None,lstm_autoencoder,residual,roc_auc,0.618761693247681,0.7175696361519239,-0.09880794290424288,0.1376980545527476,SUCCESS
E5_DT300_PD00_SEED789,300,0.0,149.2945205479452,284.0,anomaly_detection,None,lstm_autoencoder,residual,detection_latency,0.0,0.0,0.0,0.0,SUCCESS
E5_DT300_PD00_SEED789,300,0.0,149.2945205479452,284.0,anomaly_detection,None,lstm_autoencoder,residual,threshold,0.0003816792741417885,0.0003816792741417885,0.0,0.0,SUCCESS
E5_DT300_PD05_SEED789,300,0.05,149.30927511415524,284.0,load_estimation,persistence,None,raw,mae,2.4997578181405773,0.4498919691646662,2.049865848975911,4.556351278690272,SUCCESS
E5_DT300_PD05_SEED789,300,0.05,149.30927511415524,284.0,load_estimation,persistence,None,raw,rmse,3.2272376631992064,0.6124154498606276,2.614822213338579,4.269686883199396,SUCCESS
E5_DT300_PD05_SEED789,300,0.05,149.30927511415524,284.0,load_estimation,persistence,None,raw,mape,81.44236651194231,14.12149407205246,67.32087243988985,4.767262734126916,SUCCESS
E5_DT300_PD05_SEED789,300,0.05,149.30927511415524,284.0,load_estimation,persistence,None,raw,r2,-0.9231027212467704,0.9307479138394198,-1.8538506350861903,-1.9917859685968973,SUCCESS
E5_DT300_PD05_SEED789,300,0.05,149.30927511415524,284.0,load_estimation,xgboost,None,raw,mae,1.9826743705495853,0.27502327259272746,1.7076510979568578,6.209114893653599,SUCCESS
E5_DT300_PD05_SEED789,300,0.05,149.30927511415524,284.0,load_estimation,xgboost,None,raw,rmse,2.5415013410491105,0.41448894154272264,2.1270123995063877,5.131650537140205,SUCCESS
E5_DT300_PD05_SEED789,300,0.05,149.30927511415524,284.0,load_estimation,xgboost,None,raw,mape,65.76100436403108,9.085560043649886,56.675444320381196,6.237969266406754,SUCCESS
E5_DT300_PD05_SEED789,300,0.05,149.30927511415524,284.0,load_estimation,xgboost,None,raw,r2,-0.192672677336982,0.9682775676298727,-1.1609502449668547,-1.1989849644132535,SUCCESS
E5_DT300_PD05_SEED789,300,0.05,149.30927511415524,284.0,load_estimation,lstm,None,raw,mae,1.7678949673909794,0.2799320810273526,1.4879628863636267,5.315442520567107,SUCCESS
E5_DT300_PD05_SEED789,300,0.05,149.30927511415524,284.0,load_estimation,lstm,None,raw,rmse,2.175892035128895,0.42131145625414734,1.7545805788747477,4.164568878507622,SUCCESS
E5_DT300_PD05_SEED789,300,0.05,149.30927511415524,284.0,load_estimation,lstm,None,raw,mape,56.08515100795698,8.950627129882083,47.1345238780749,5.26605825425507,SUCCESS
E5_DT300_PD05_SEED789,300,0.05,149.30927511415524,284.0,load_estimation,lstm,None,raw,r2,0.12817242493770342,0.9673139490398543,-0.8391415241021509,-0.8674965608994618,SUCCESS
E5_DT300_PD05_SEED789,300,0.05,149.30927511415524,284.0,anomaly_detection,None,isolation_forest,raw,precision,0.11646586345381527,0.11646586345381527,0.0,0.0,SUCCESS
E5_DT300_PD05_SEED789,300,0.05,149.30927511415524,284.0,anomaly_detection,None,isolation_forest,raw,recall,0.11885245901639344,0.11885245901639344,0.0,0.0,SUCCESS
E5_DT300_PD05_SEED789,300,0.05,149.30927511415524,284.0,anomaly_detection,None,isolation_forest,raw,f1,0.11764705882352941,0.11764705882352941,0.0,0.0,SUCCESS
E5_DT300_PD05_SEED789,300,0.05,149.30927511415524,284.0,anomaly_detection,None,isolation_forest,raw,false_positive_rate,0.04389465283320032,0.04389465283320032,0.0,0.0,SUCCESS
E5_DT300_PD05_SEED789,300,0.05,149.30927511415524,284.0,anomaly_detection,None,isolation_forest,raw,pr_auc,0.09385708598261007,0.09385708598261007,0.0,0.0,SUCCESS
E5_DT300_PD05_SEED789,300,0.05,149.30927511415524,284.0,anomaly_detection,None,isolation_forest,raw,roc_auc,0.7138596875695052,0.7138596875695052,0.0,0.0,SUCCESS
E5_DT300_PD05_SEED789,300,0.05,149.30927511415524,284.0,anomaly_detection,None,isolation_forest,raw,detection_latency,3.2459016393442623,3.2459016393442623,0.0,0.0,SUCCESS
E5_DT300_PD05_SEED789,300,0.05,149.30927511415524,284.0,anomaly_detection,None,isolation_forest,raw,threshold,0.5031683371451802,0.5031683371451802,0.0,0.0,SUCCESS
E5_DT300_PD05_SEED789,300,0.05,149.30927511415524,284.0,anomaly_detection,None,isolation_forest,residual,precision,0.04642313546423135,0.04642313546423135,0.0,0.0,SUCCESS
E5_DT300_PD05_SEED789,300,0.05,149.30927511415524,284.0,anomaly_detection,None,isolation_forest,residual,recall,1.0,1.0,0.0,0.0,SUCCESS
E5_DT300_PD05_SEED789,300,0.05,149.30927511415524,284.0,anomaly_detection,None,isolation_forest,residual,f1,0.08872727272727272,0.08872727272727272,0.0,0.0,SUCCESS
E5_DT300_PD05_SEED789,300,0.05,149.30927511415524,284.0,anomaly_detection,None,isolation_forest,residual,false_positive_rate,1.0,1.0,0.0,0.0,SUCCESS
E5_DT300_PD05_SEED789,300,0.05,149.30927511415524,284.0,anomaly_detection,None,isolation_forest,residual,pr_auc,0.04720368302538317,0.08213935081255075,-0.03493566778716758,0.425321936947053,SUCCESS
E5_DT300_PD05_SEED789,300,0.05,149.30927511415524,284.0,anomaly_detection,None,isolation_forest,residual,roc_auc,0.527734666309055,0.6862922428793846,-0.15855757657032965,0.23103507028593362,SUCCESS
E5_DT300_PD05_SEED789,300,0.05,149.30927511415524,284.0,anomaly_detection,None,isolation_forest,residual,detection_latency,0.0,0.0,0.0,0.0,SUCCESS
E5_DT300_PD05_SEED789,300,0.05,149.30927511415524,284.0,anomaly_detection,None,isolation_forest,residual,threshold,0.29376565419608197,0.29376565419608197,0.0,0.0,SUCCESS
E5_DT300_PD05_SEED789,300,0.05,149.30927511415524,284.0,anomaly_detection,None,lstm_autoencoder,raw,precision,0.49825783972125437,0.49825783972125437,0.0,0.0,SUCCESS
E5_DT300_PD05_SEED789,300,0.05,149.30927511415524,284.0,anomaly_detection,None,lstm_autoencoder,raw,recall,0.5860655737704918,0.5860655737704918,0.0,0.0,SUCCESS
E5_DT300_PD05_SEED789,300,0.05,149.30927511415524,284.0,anomaly_detection,None,lstm_autoencoder,raw,f1,0.5386064030131827,0.5386064030131827,0.0,0.0,SUCCESS
E5_DT300_PD05_SEED789,300,0.05,149.30927511415524,284.0,anomaly_detection,None,lstm_autoencoder,raw,false_positive_rate,0.028731045490822026,0.028731045490822026,0.0,0.0,SUCCESS
E5_DT300_PD05_SEED789,300,0.05,149.30927511415524,284.0,anomaly_detection,None,lstm_autoencoder,raw,pr_auc,0.561001698584242,0.561001698584242,0.0,0.0,SUCCESS
E5_DT300_PD05_SEED789,300,0.05,149.30927511415524,284.0,anomaly_detection,None,lstm_autoencoder,raw,roc_auc,0.9493396177043946,0.9493396177043946,0.0,0.0,SUCCESS
E5_DT300_PD05_SEED789,300,0.05,149.30927511415524,284.0,anomaly_detection,None,lstm_autoencoder,raw,detection_latency,1.3442622950819672,1.3442622950819672,0.0,0.0,SUCCESS
E5_DT300_PD05_SEED789,300,0.05,149.30927511415524,284.0,anomaly_detection,None,lstm_autoencoder,raw,threshold,0.0007370078528765589,0.0007370078528765589,0.0,0.0,SUCCESS
E5_DT300_PD05_SEED789,300,0.05,149.30927511415524,284.0,anomaly_detection,None,lstm_autoencoder,residual,precision,0.04642313546423135,0.04642313546423135,0.0,0.0,SUCCESS
E5_DT300_PD05_SEED789,300,0.05,149.30927511415524,284.0,anomaly_detection,None,lstm_autoencoder,residual,recall,1.0,1.0,0.0,0.0,SUCCESS
E5_DT300_PD05_SEED789,300,0.05,149.30927511415524,284.0,anomaly_detection,None,lstm_autoencoder,residual,f1,0.08872727272727272,0.08872727272727272,0.0,0.0,SUCCESS
E5_DT300_PD05_SEED789,300,0.05,149.30927511415524,284.0,anomaly_detection,None,lstm_autoencoder,residual,false_positive_rate,1.0,1.0,0.0,0.0,SUCCESS
E5_DT300_PD05_SEED789,300,0.05,149.30927511415524,284.0,anomaly_detection,None,lstm_autoencoder,residual,pr_auc,0.09365889242097827,0.12341932050043224,-0.029760428079453963,0.24113265215513593,SUCCESS
E5_DT300_PD05_SEED789,300,0.05,149.30927511415524,284.0,anomaly_detection,None,lstm_autoencoder,residual,roc_auc,0.5830392304371149,0.7175696361519239,-0.134530405714809,0.18748062757539286,SUCCESS
E5_DT300_PD05_SEED789,300,0.05,149.30927511415524,284.0,anomaly_detection,None,lstm_autoencoder,residual,detection_latency,0.0,0.0,0.0,0.0,SUCCESS
E5_DT300_PD05_SEED789,300,0.05,149.30927511415524,284.0,anomaly_detection,None,lstm_autoencoder,residual,threshold,0.0003816792741417885,0.0003816792741417885,0.0,0.0,SUCCESS
E5_DT300_PD10_SEED789,300,0.1,149.32625570776256,285.0,load_estimation,persistence,None,raw,mae,2.4597661412651317,0.4498919691646662,2.0098741721004654,4.4674595455266415,SUCCESS
E5_DT300_PD10_SEED789,300,0.1,149.32625570776256,285.0,load_estimation,persistence,None,raw,rmse,3.199006875360376,0.6124154498606276,2.5865914254997486,4.22358943767405,SUCCESS
E5_DT300_PD10_SEED789,300,0.1,149.32625570776256,285.0,load_estimation,persistence,None,raw,mape,79.2796573569684,14.12149407205246,65.15816328491594,4.614112568575094,SUCCESS
E5_DT300_PD10_SEED789,300,0.1,149.32625570776256,285.0,load_estimation,persistence,None,raw,r2,-0.8896045707176083,0.9307479138394198,-1.820352484557028,-1.9557953958208818,SUCCESS
E5_DT300_PD10_SEED789,300,0.1,149.32625570776256,285.0,load_estimation,xgboost,None,raw,mae,1.9593444141804537,0.27502327259272746,1.6843211415877262,6.124285867552669,SUCCESS
E5_DT300_PD10_SEED789,300,0.1,149.32625570776256,285.0,load_estimation,xgboost,None,raw,rmse,2.547876076218373,0.41448894154272264,2.13338713467565,5.147030284415333,SUCCESS
E5_DT300_PD10_SEED789,300,0.1,149.32625570776256,285.0,load_estimation,xgboost,None,raw,mape,63.8345524992225,9.085560043649886,54.74899245557261,6.0259348012165725,SUCCESS
E5_DT300_PD10_SEED789,300,0.1,149.32625570776256,285.0,load_estimation,xgboost,None,raw,r2,-0.19866323688389853,0.9682775676298727,-1.1669408045137712,-1.2051717849564374,SUCCESS
E5_DT300_PD10_SEED789,300,0.1,149.32625570776256,285.0,load_estimation,lstm,None,raw,mae,1.7628799996958302,0.2799320810273526,1.4829479186684775,5.297527576067911,SUCCESS
E5_DT300_PD10_SEED789,300,0.1,149.32625570776256,285.0,load_estimation,lstm,None,raw,rmse,2.1563805014403328,0.42131145625414734,1.7350690451861854,4.11825745402836,SUCCESS
E5_DT300_PD10_SEED789,300,0.1,149.32625570776256,285.0,load_estimation,lstm,None,raw,mape,56.486853440474924,8.950627129882083,47.53622631059284,5.31093806286388,SUCCESS
E5_DT300_PD10_SEED789,300,0.1,149.32625570776256,285.0,load_estimation,lstm,None,raw,r2,0.14373792559169818,0.9673139490398543,-0.8235760234481562,-0.8514050937295271,SUCCESS
E5_DT300_PD10_SEED789,300,0.1,149.32625570776256,285.0,anomaly_detection,None,isolation_forest,raw,precision,0.11646586345381527,0.11646586345381527,0.0,0.0,SUCCESS
E5_DT300_PD10_SEED789,300,0.1,149.32625570776256,285.0,anomaly_detection,None,isolation_forest,raw,recall,0.11885245901639344,0.11885245901639344,0.0,0.0,SUCCESS
E5_DT300_PD10_SEED789,300,0.1,149.32625570776256,285.0,anomaly_detection,None,isolation_forest,raw,f1,0.11764705882352941,0.11764705882352941,0.0,0.0,SUCCESS
E5_DT300_PD10_SEED789,300,0.1,149.32625570776256,285.0,anomaly_detection,None,isolation_forest,raw,false_positive_rate,0.04389465283320032,0.04389465283320032,0.0,0.0,SUCCESS
E5_DT300_PD10_SEED789,300,0.1,149.32625570776256,285.0,anomaly_detection,None,isolation_forest,raw,pr_auc,0.09385708598261007,0.09385708598261007,0.0,0.0,SUCCESS
E5_DT300_PD10_SEED789,300,0.1,149.32625570776256,285.0,anomaly_detection,None,isolation_forest,raw,roc_auc,0.7138596875695052,0.7138596875695052,0.0,0.0,SUCCESS
E5_DT300_PD10_SEED789,300,0.1,149.32625570776256,285.0,anomaly_detection,None,isolation_forest,raw,detection_latency,3.2459016393442623,3.2459016393442623,0.0,0.0,SUCCESS
E5_DT300_PD10_SEED789,300,0.1,149.32625570776256,285.0,anomaly_detection,None,isolation_forest,raw,threshold,0.5031683371451802,0.5031683371451802,0.0,0.0,SUCCESS
E5_DT300_PD10_SEED789,300,0.1,149.32625570776256,285.0,anomaly_detection,None,isolation_forest,residual,precision,0.04642313546423135,0.04642313546423135,0.0,0.0,SUCCESS
E5_DT300_PD10_SEED789,300,0.1,149.32625570776256,285.0,anomaly_detection,None,isolation_forest,residual,recall,1.0,1.0,0.0,0.0,SUCCESS
E5_DT300_PD10_SEED789,300,0.1,149.32625570776256,285.0,anomaly_detection,None,isolation_forest,residual,f1,0.08872727272727272,0.08872727272727272,0.0,0.0,SUCCESS
E5_DT300_PD10_SEED789,300,0.1,149.32625570776256,285.0,anomaly_detection,None,isolation_forest,residual,false_positive_rate,1.0,1.0,0.0,0.0,SUCCESS
E5_DT300_PD10_SEED789,300,0.1,149.32625570776256,285.0,anomaly_detection,None,isolation_forest,residual,pr_auc,0.045362379691655685,0.08213935081255075,-0.03677697112089506,0.44773876049767375,SUCCESS
E5_DT300_PD10_SEED789,300,0.1,149.32625570776256,285.0,anomaly_detection,None,isolation_forest,residual,roc_auc,0.48880473748250103,0.6862922428793846,-0.1974875053968836,0.2877600722518903,SUCCESS
E5_DT300_PD10_SEED789,300,0.1,149.32625570776256,285.0,anomaly_detection,None,isolation_forest,residual,detection_latency,0.0,0.0,0.0,0.0,SUCCESS
E5_DT300_PD10_SEED789,300,0.1,149.32625570776256,285.0,anomaly_detection,None,isolation_forest,residual,threshold,0.29376565419608197,0.29376565419608197,0.0,0.0,SUCCESS
E5_DT300_PD10_SEED789,300,0.1,149.32625570776256,285.0,anomaly_detection,None,lstm_autoencoder,raw,precision,0.49825783972125437,0.49825783972125437,0.0,0.0,SUCCESS
E5_DT300_PD10_SEED789,300,0.1,149.32625570776256,285.0,anomaly_detection,None,lstm_autoencoder,raw,recall,0.5860655737704918,0.5860655737704918,0.0,0.0,SUCCESS
E5_DT300_PD10_SEED789,300,0.1,149.32625570776256,285.0,anomaly_detection,None,lstm_autoencoder,raw,f1,0.5386064030131827,0.5386064030131827,0.0,0.0,SUCCESS
E5_DT300_PD10_SEED789,300,0.1,149.32625570776256,285.0,anomaly_detection,None,lstm_autoencoder,raw,false_positive_rate,0.028731045490822026,0.028731045490822026,0.0,0.0,SUCCESS
E5_DT300_PD10_SEED789,300,0.1,149.32625570776256,285.0,anomaly_detection,None,lstm_autoencoder,raw,pr_auc,0.561001698584242,0.561001698584242,0.0,0.0,SUCCESS
E5_DT300_PD10_SEED789,300,0.1,149.32625570776256,285.0,anomaly_detection,None,lstm_autoencoder,raw,roc_auc,0.9493396177043946,0.9493396177043946,0.0,0.0,SUCCESS
E5_DT300_PD10_SEED789,300,0.1,149.32625570776256,285.0,anomaly_detection,None,lstm_autoencoder,raw,detection_latency,1.3442622950819672,1.3442622950819672,0.0,0.0,SUCCESS
E5_DT300_PD10_SEED789,300,0.1,149.32625570776256,285.0,anomaly_detection,None,lstm_autoencoder,raw,threshold,0.0007370078528765589,0.0007370078528765589,0.0,0.0,SUCCESS
E5_DT300_PD10_SEED789,300,0.1,149.32625570776256,285.0,anomaly_detection,None,lstm_autoencoder,residual,precision,0.04642313546423135,0.04642313546423135,0.0,0.0,SUCCESS
E5_DT300_PD10_SEED789,300,0.1,149.32625570776256,285.0,anomaly_detection,None,lstm_autoencoder,residual,recall,1.0,1.0,0.0,0.0,SUCCESS
E5_DT300_PD10_SEED789,300,0.1,149.32625570776256,285.0,anomaly_detection,None,lstm_autoencoder,residual,f1,0.08872727272727272,0.08872727272727272,0.0,0.0,SUCCESS
E5_DT300_PD10_SEED789,300,0.1,149.32625570776256,285.0,anomaly_detection,None,lstm_autoencoder,residual,false_positive_rate,1.0,1.0,0.0,0.0,SUCCESS
E5_DT300_PD10_SEED789,300,0.1,149.32625570776256,285.0,anomaly_detection,None,lstm_autoencoder,residual,pr_auc,0.11896406108486934,0.12341932050043224,-0.004455259415562893,0.03609855732066917,SUCCESS
E5_DT300_PD10_SEED789,300,0.1,149.32625570776256,285.0,anomaly_detection,None,lstm_autoencoder,residual,roc_auc,0.577962889066241,0.7175696361519239,-0.13960674708568288,0.19455498122014367,SUCCESS
E5_DT300_PD10_SEED789,300,0.1,149.32625570776256,285.0,anomaly_detection,None,lstm_autoencoder,residual,detection_latency,0.0,0.0,0.0,0.0,SUCCESS
E5_DT300_PD10_SEED789,300,0.1,149.32625570776256,285.0,anomaly_detection,None,lstm_autoencoder,residual,threshold,0.0003816792741417885,0.0003816792741417885,0.0,0.0,SUCCESS
E5_DT300_PD20_SEED789,300,0.2,149.3668093607306,285.0,load_estimation,persistence,None,raw,mae,2.5817983932509634,0.4498919691646662,2.131906424086297,4.738707445800155,SUCCESS
E5_DT300_PD20_SEED789,300,0.2,149.3668093607306,285.0,load_estimation,persistence,None,raw,rmse,3.2606300183981416,0.6124154498606276,2.6482145685375142,4.324212540915142,SUCCESS
E5_DT300_PD20_SEED789,300,0.2,149.3668093607306,285.0,load_estimation,persistence,None,raw,mape,87.99880922945914,14.12149407205246,73.87731515740668,5.231550909589352,SUCCESS
E5_DT300_PD20_SEED789,300,0.2,149.3668093607306,285.0,load_estimation,persistence,None,raw,r2,-0.9631054501659746,0.9307479138394198,-1.8938533640053943,-2.0347650914339166,SUCCESS
E5_DT300_PD20_SEED789,300,0.2,149.3668093607306,285.0,load_estimation,xgboost,None,raw,mae,1.9609960672790057,0.27502327259272746,1.6859727946862781,6.130291370588763,SUCCESS
E5_DT300_PD20_SEED789,300,0.2,149.3668093607306,285.0,load_estimation,xgboost,None,raw,rmse,2.510647346716762,0.41448894154272264,2.096158405174039,5.057211894175424,SUCCESS
E5_DT300_PD20_SEED789,300,0.2,149.3668093607306,285.0,load_estimation,xgboost,None,raw,mape,67.73395935769186,9.085560043649886,58.648399314041974,6.4551220873866475,SUCCESS
E5_DT300_PD20_SEED789,300,0.2,149.3668093607306,285.0,load_estimation,xgboost,None,raw,r2,-0.16389020454167147,0.9682775676298727,-1.1321677721715442,-1.1692595284871032,SUCCESS
E5_DT300_PD20_SEED789,300,0.2,149.3668093607306,285.0,load_estimation,lstm,None,raw,mae,1.7654913044240081,0.2799320810273526,1.4855592233966555,5.3068559271400515,SUCCESS
E5_DT300_PD20_SEED789,300,0.2,149.3668093607306,285.0,load_estimation,lstm,None,raw,rmse,2.206169029198233,0.42131145625414734,1.7848575729440859,4.236432564196422,SUCCESS
E5_DT300_PD20_SEED789,300,0.2,149.3668093607306,285.0,load_estimation,lstm,None,raw,mape,54.18067425088218,8.950627129882083,45.2300471210001,5.0532824644205645,SUCCESS
E5_DT300_PD20_SEED789,300,0.2,149.3668093607306,285.0,load_estimation,lstm,None,raw,r2,0.10374109564566247,0.9673139490398543,-0.8635728533941919,-0.8927534377555139,SUCCESS
E5_DT300_PD20_SEED789,300,0.2,149.3668093607306,285.0,anomaly_detection,None,isolation_forest,raw,precision,0.11646586345381527,0.11646586345381527,0.0,0.0,SUCCESS
E5_DT300_PD20_SEED789,300,0.2,149.3668093607306,285.0,anomaly_detection,None,isolation_forest,raw,recall,0.11885245901639344,0.11885245901639344,0.0,0.0,SUCCESS
E5_DT300_PD20_SEED789,300,0.2,149.3668093607306,285.0,anomaly_detection,None,isolation_forest,raw,f1,0.11764705882352941,0.11764705882352941,0.0,0.0,SUCCESS
E5_DT300_PD20_SEED789,300,0.2,149.3668093607306,285.0,anomaly_detection,None,isolation_forest,raw,false_positive_rate,0.04389465283320032,0.04389465283320032,0.0,0.0,SUCCESS
E5_DT300_PD20_SEED789,300,0.2,149.3668093607306,285.0,anomaly_detection,None,isolation_forest,raw,pr_auc,0.09385708598261007,0.09385708598261007,0.0,0.0,SUCCESS
E5_DT300_PD20_SEED789,300,0.2,149.3668093607306,285.0,anomaly_detection,None,isolation_forest,raw,roc_auc,0.7138596875695052,0.7138596875695052,0.0,0.0,SUCCESS
E5_DT300_PD20_SEED789,300,0.2,149.3668093607306,285.0,anomaly_detection,None,isolation_forest,raw,detection_latency,3.2459016393442623,3.2459016393442623,0.0,0.0,SUCCESS
E5_DT300_PD20_SEED789,300,0.2,149.3668093607306,285.0,anomaly_detection,None,isolation_forest,raw,threshold,0.5031683371451802,0.5031683371451802,0.0,0.0,SUCCESS
E5_DT300_PD20_SEED789,300,0.2,149.3668093607306,285.0,anomaly_detection,None,isolation_forest,residual,precision,0.04642313546423135,0.04642313546423135,0.0,0.0,SUCCESS
E5_DT300_PD20_SEED789,300,0.2,149.3668093607306,285.0,anomaly_detection,None,isolation_forest,residual,recall,1.0,1.0,0.0,0.0,SUCCESS
E5_DT300_PD20_SEED789,300,0.2,149.3668093607306,285.0,anomaly_detection,None,isolation_forest,residual,f1,0.08872727272727272,0.08872727272727272,0.0,0.0,SUCCESS
E5_DT300_PD20_SEED789,300,0.2,149.3668093607306,285.0,anomaly_detection,None,isolation_forest,residual,false_positive_rate,1.0,1.0,0.0,0.0,SUCCESS
E5_DT300_PD20_SEED789,300,0.2,149.3668093607306,285.0,anomaly_detection,None,isolation_forest,residual,pr_auc,0.04386202477905218,0.08213935081255075,-0.038277326033498565,0.4660047304348777,SUCCESS
E5_DT300_PD20_SEED789,300,0.2,149.3668093607306,285.0,anomaly_detection,None,isolation_forest,residual,roc_auc,0.4882441975324794,0.6862922428793846,-0.19804804534690523,0.28857683793128935,SUCCESS
E5_DT300_PD20_SEED789,300,0.2,149.3668093607306,285.0,anomaly_detection,None,isolation_forest,residual,detection_latency,0.0,0.0,0.0,0.0,SUCCESS
E5_DT300_PD20_SEED789,300,0.2,149.3668093607306,285.0,anomaly_detection,None,isolation_forest,residual,threshold,0.29376565419608197,0.29376565419608197,0.0,0.0,SUCCESS
E5_DT300_PD20_SEED789,300,0.2,149.3668093607306,285.0,anomaly_detection,None,lstm_autoencoder,raw,precision,0.49825783972125437,0.49825783972125437,0.0,0.0,SUCCESS
E5_DT300_PD20_SEED789,300,0.2,149.3668093607306,285.0,anomaly_detection,None,lstm_autoencoder,raw,recall,0.5860655737704918,0.5860655737704918,0.0,0.0,SUCCESS
E5_DT300_PD20_SEED789,300,0.2,149.3668093607306,285.0,anomaly_detection,None,lstm_autoencoder,raw,f1,0.5386064030131827,0.5386064030131827,0.0,0.0,SUCCESS
E5_DT300_PD20_SEED789,300,0.2,149.3668093607306,285.0,anomaly_detection,None,lstm_autoencoder,raw,false_positive_rate,0.028731045490822026,0.028731045490822026,0.0,0.0,SUCCESS
E5_DT300_PD20_SEED789,300,0.2,149.3668093607306,285.0,anomaly_detection,None,lstm_autoencoder,raw,pr_auc,0.561001698584242,0.561001698584242,0.0,0.0,SUCCESS
E5_DT300_PD20_SEED789,300,0.2,149.3668093607306,285.0,anomaly_detection,None,lstm_autoencoder,raw,roc_auc,0.9493396177043946,0.9493396177043946,0.0,0.0,SUCCESS
E5_DT300_PD20_SEED789,300,0.2,149.3668093607306,285.0,anomaly_detection,None,lstm_autoencoder,raw,detection_latency,1.3442622950819672,1.3442622950819672,0.0,0.0,SUCCESS
E5_DT300_PD20_SEED789,300,0.2,149.3668093607306,285.0,anomaly_detection,None,lstm_autoencoder,raw,threshold,0.0007370078528765589,0.0007370078528765589,0.0,0.0,SUCCESS
E5_DT300_PD20_SEED789,300,0.2,149.3668093607306,285.0,anomaly_detection,None,lstm_autoencoder,residual,precision,0.04642313546423135,0.04642313546423135,0.0,0.0,SUCCESS
E5_DT300_PD20_SEED789,300,0.2,149.3668093607306,285.0,anomaly_detection,None,lstm_autoencoder,residual,recall,1.0,1.0,0.0,0.0,SUCCESS
E5_DT300_PD20_SEED789,300,0.2,149.3668093607306,285.0,anomaly_detection,None,lstm_autoencoder,residual,f1,0.08872727272727272,0.08872727272727272,0.0,0.0,SUCCESS
E5_DT300_PD20_SEED789,300,0.2,149.3668093607306,285.0,anomaly_detection,None,lstm_autoencoder,residual,false_positive_rate,1.0,1.0,0.0,0.0,SUCCESS
E5_DT300_PD20_SEED789,300,0.2,149.3668093607306,285.0,anomaly_detection,None,lstm_autoencoder,residual,pr_auc,0.09587342094149394,0.12341932050043224,-0.027545899558938297,0.22318952532915481,SUCCESS
E5_DT300_PD20_SEED789,300,0.2,149.3668093607306,285.0,anomaly_detection,None,lstm_autoencoder,residual,roc_auc,0.6095093088064056,0.7175696361519239,-0.10806032734551829,0.15059211246034349,SUCCESS
E5_DT300_PD20_SEED789,300,0.2,149.3668093607306,285.0,anomaly_detection,None,lstm_autoencoder,residual,detection_latency,0.0,0.0,0.0,0.0,SUCCESS
E5_DT300_PD20_SEED789,300,0.2,149.3668093607306,285.0,anomaly_detection,None,lstm_autoencoder,residual,threshold,0.0003816792741417885,0.0003816792741417885,0.0,0.0,SUCCESS
