staleness_seconds,packet_drop_rate,task,model,representation,metric,n_seeds,value_mean,value_median,value_std,value_var,value_min,value_max,value_range,value_cv,norm_deg_mean,norm_deg_std,abs_deg_mean,abs_deg_std
0,0.0,anomaly_detection,isolation_forest,raw,detection_latency,5,3.2459016393442623,3.2459016393442623,0.0,0.0,3.2459016393442623,3.2459016393442623,0.0,0.0,0.0,0.0,0.0,0.0
0,0.0,anomaly_detection,isolation_forest,raw,f1,5,0.1176470588235294,0.1176470588235294,0.0,0.0,0.1176470588235294,0.1176470588235294,0.0,0.0,0.0,0.0,0.0,0.0
0,0.0,anomaly_detection,isolation_forest,raw,false_positive_rate,5,0.0438946528332003,0.0438946528332003,0.0,0.0,0.0438946528332003,0.0438946528332003,0.0,0.0,0.0,0.0,0.0,0.0
0,0.0,anomaly_detection,isolation_forest,raw,pr_auc,5,0.09385708598261,0.09385708598261,0.0,0.0,0.09385708598261,0.09385708598261,0.0,0.0,0.0,0.0,0.0,0.0
0,0.0,anomaly_detection,isolation_forest,raw,precision,5,0.1164658634538152,0.1164658634538152,0.0,0.0,0.1164658634538152,0.1164658634538152,0.0,0.0,0.0,0.0,0.0,0.0
0,0.0,anomaly_detection,isolation_forest,raw,recall,5,0.11885245901639338,0.1188524590163934,1.5515838457795457e-17,2.407412430484045e-34,0.1188524590163934,0.1188524590163934,0.0,1.30547054610417e-16,0.0,0.0,0.0,0.0
0,0.0,anomaly_detection,isolation_forest,raw,roc_auc,5,0.7138596875695052,0.7138596875695052,0.0,0.0,0.7138596875695052,0.7138596875695052,0.0,0.0,0.0,0.0,0.0,0.0
0,0.0,anomaly_detection,isolation_forest,raw,threshold,5,0.5031683371451802,0.5031683371451802,0.0,0.0,0.5031683371451802,0.5031683371451802,0.0,0.0,0.0,0.0,0.0,0.0
0,0.0,anomaly_detection,isolation_forest,residual,detection_latency,5,0.0,0.0,0.0,0.0,0.0,0.0,0.0,0.0,0.0,0.0,0.0,0.0
0,0.0,anomaly_detection,isolation_forest,residual,f1,5,0.0887272727272727,0.0887272727272727,0.0,0.0,0.0887272727272727,0.0887272727272727,0.0,0.0,0.0,0.0,0.0,0.0
0,0.0,anomaly_detection,isolation_forest,residual,false_positive_rate,5,1.0,1.0,0.0,0.0,1.0,1.0,0.0,0.0,0.0,0.0,0.0,0.0
0,0.0,anomaly_detection,isolation_forest,residual,pr_auc,5,0.26922035048714105,0.0872394700315926,0.4085339467185911,0.16689998562146863,0.0821393508125507,1.0,0.9178606491874493,1.517470525461277,0.0,0.0,0.0,0.0
0,0.0,anomaly_detection,isolation_forest,residual,precision,5,0.0464231354642313,0.0464231354642313,0.0,0.0,0.0464231354642313,0.0464231354642313,0.0,0.0,0.0,0.0,0.0,0.0
0,0.0,anomaly_detection,isolation_forest,residual,recall,5,1.0,1.0,0.0,0.0,1.0,1.0,0.0,0.0,0.0,0.0,0.0,0.0
0,0.0,anomaly_detection,isolation_forest,residual,roc_auc,5,0.7501365575078827,0.6877706618868814,0.13970387261091521,0.019517172022486828,0.6846846257506575,1.0,0.31531537424934253,0.18623792056614594,0.0,0.0,0.0,0.0
0,0.0,anomaly_detection,isolation_forest,residual,threshold,5,0.2937656541960819,0.2937656541960819,0.0,0.0,0.2937656541960819,0.2937656541960819,0.0,0.0,0.0,0.0,0.0,0.0
0,0.0,anomaly_detection,lstm_autoencoder,raw,detection_latency,5,1.3442622950819672,1.3442622950819672,0.0,0.0,1.3442622950819672,1.3442622950819672,0.0,0.0,0.0,0.0,0.0,0.0
0,0.0,anomaly_detection,lstm_autoencoder,raw,f1,5,0.5386064030131827,0.5386064030131827,0.0,0.0,0.5386064030131827,0.5386064030131827,0.0,0.0,0.0,0.0,0.0,0.0
0,0.0,anomaly_detection,lstm_autoencoder,raw,false_positive_rate,5,0.028731045490821998,0.028731045490822,3.878959614448864e-18,1.504632769052528e-35,0.028731045490822,0.028731045490822,0.0,1.3500934435845645e-16,0.0,0.0,0.0,0.0
0,0.0,anomaly_detection,lstm_autoencoder,raw,pr_auc,5,0.561001698584242,0.561001698584242,0.0,0.0,0.561001698584242,0.561001698584242,0.0,0.0,0.0,0.0,0.0,0.0
0,0.0,anomaly_detection,lstm_autoencoder,raw,precision,5,0.4982578397212543,0.4982578397212543,0.0,0.0,0.4982578397212543,0.4982578397212543,0.0,0.0,0.0,0.0,0.0,0.0
0,0.0,anomaly_detection,lstm_autoencoder,raw,recall,5,0.5860655737704918,0.5860655737704918,0.0,0.0,0.5860655737704918,0.5860655737704918,0.0,0.0,0.0,0.0,0.0,0.0
0,0.0,anomaly_detection,lstm_autoencoder,raw,roc_auc,5,0.9493396177043947,0.9493396177043946,1.2412670766236366e-16,1.5407439555097887e-32,0.9493396177043946,0.9493396177043946,0.0,1.307505821388929e-16,0.0,0.0,0.0,0.0
0,0.0,anomaly_detection,lstm_autoencoder,raw,threshold,5,0.0007370078528765,0.0007370078528765,0.0,0.0,0.0007370078528765,0.0007370078528765,0.0,0.0,0.0,0.0,0.0,0.0
0,0.0,anomaly_detection,lstm_autoencoder,residual,detection_latency,5,0.0,0.0,0.0,0.0,0.0,0.0,0.0,0.0,0.0,0.0,0.0,0.0
0,0.0,anomaly_detection,lstm_autoencoder,residual,f1,5,0.26657300054654764,0.0887272727272727,0.39767513691182405,0.15814551451783798,0.0887272727272727,0.9779559118236472,0.8892286390963745,1.4918057571339975,0.0,0.0,0.0,0.0
0,0.0,anomaly_detection,lstm_autoencoder,residual,false_positive_rate,5,0.8004389465283321,1.0,0.44623208122412,0.19912307031360965,0.00219473264166,1.0,0.99780526735834,0.5574842193268081,0.0,0.0,0.0,0.0
0,0.0,anomaly_detection,lstm_autoencoder,residual,pr_auc,5,0.30478898546061217,0.1319000209425614,0.3886694257893465,0.15106392254342033,0.1234193205004322,1.0,0.8765806794995679,1.2752082402255123,0.0,0.0,0.0,0.0
0,0.0,anomaly_detection,lstm_autoencoder,residual,precision,5,0.22851105739099284,0.0464231354642313,0.40716097130991336,0.16578005655803207,0.0464231354642313,0.9568627450980391,0.9104396096338079,1.7817998654360185,0.0,0.0,0.0,0.0
0,0.0,anomaly_detection,lstm_autoencoder,residual,recall,5,1.0,1.0,0.0,0.0,1.0,1.0,0.0,0.0,0.0,0.0,0.0,0.0
0,0.0,anomaly_detection,lstm_autoencoder,residual,roc_auc,5,0.7900206716993967,0.7428769314301413,0.11796899917061819,0.013916684765317315,0.7175696361519239,1.0,0.28243036384807607,0.14932393973547248,0.0,0.0,0.0,0.0
0,0.0,anomaly_detection,lstm_autoencoder,residual,threshold,5,0.0003816792741417,0.0003816792741417,0.0,0.0,0.0003816792741417,0.0003816792741417,0.0,0.0,0.0,0.0,0.0,0.0
0,0.0,load_estimation,lstm,raw,mae,5,0.2773615319938886,0.2762261204479895,0.001906056605202803,3.6330517822372342e-06,0.2758453186169287,0.2799320810273526,0.004086762410423939,0.00687210151855089,0.0,0.0,0.0,0.0
0,0.0,load_estimation,lstm,raw,mape,5,8.970306625672242,8.950627129882083,0.0911558881125032,0.008309395937579204,8.868861318649634,9.118982639637077,0.2501213209874429,0.010161958996097517,0.0,0.0,0.0,0.0
0,0.0,load_estimation,lstm,raw,r2,5,0.9679225420744973,0.9677789047373696,0.0008580872442256125,7.36313718702706e-07,0.9670456810550092,0.9692158273028284,0.0021701462478191935,0.0008865247030888642,0.0,0.0,0.0,0.0
0,0.0,load_estimation,lstm,raw,rmse,5,0.4173406710380522,0.4183041673895866,0.005602514201213339,3.1388165374797134e-05,0.4088705073983315,0.4230368621902369,0.014166354791905422,0.013424318764040405,0.0,0.0,0.0,0.0
0,0.0,load_estimation,persistence,raw,mae,5,0.4445260534797266,0.4492700455803849,0.01272847735851252,0.00016201413586616588,0.4259453912122427,0.4591450760399007,0.033199684827658005,0.02863381630587154,0.0,0.0,0.0,0.0
0,0.0,load_estimation,persistence,raw,mape,5,14.067555923930007,14.12149407205246,0.5370096105136738,0.28837932178404757,13.286006475148488,14.73210135971861,1.4460948845701225,0.03817362542701385,0.0,0.0,0.0,0.0
0,0.0,load_estimation,persistence,raw,r2,5,0.9321201123482099,0.930782228617953,0.004192697611570927,1.757871326207256e-05,0.9266422537549912,0.9374618546027488,0.010819600847757571,0.004498022900727488,0.0,0.0,0.0,0.0
0,0.0,load_estimation,persistence,raw,rmse,5,0.6060858631608708,0.6122637034975102,0.01874539302921505,0.00035138975981974414,0.5819721564703912,0.630307824152761,0.04833566768236974,0.03092860957266634,0.0,0.0,0.0,0.0
0,0.0,load_estimation,xgboost,raw,mae,5,0.2738729743425886,0.2734339335193372,0.0010712407245669134,1.1475566899706457e-06,0.2727781880981483,0.2750232725927274,0.002245084494579108,0.003911451018992823,0.0,0.0,0.0,0.0
0,0.0,load_estimation,xgboost,raw,mape,5,9.059663064081995,9.063484965162122,0.055251002076948524,0.0030526732305069704,9.005682087543944,9.136281172616451,0.1305990850725074,0.006098571402285041,0.0,0.0,0.0,0.0
0,0.0,load_estimation,xgboost,raw,r2,5,0.9687939977506609,0.9686862373860586,0.000443682793823994,1.9685442153546478e-07,0.9682775676298728,0.9693218282677428,0.0010442606378699981,0.0004579743421760804,0.0,0.0,0.0,0.0
0,0.0,load_estimation,xgboost,raw,rmse,5,0.4110929118211143,0.4118104239968307,0.0029237994928253104,8.548603474245542e-06,0.4076096387383497,0.4144889415427226,0.006879302804372878,0.007112259561647689,0.0,0.0,0.0,0.0
0,0.05,anomaly_detection,isolation_forest,raw,detection_latency,5,3.2459016393442623,3.2459016393442623,0.0,0.0,3.2459016393442623,3.2459016393442623,0.0,0.0,0.0,0.0,0.0,0.0
0,0.05,anomaly_detection,isolation_forest,raw,f1,5,0.1176470588235294,0.1176470588235294,0.0,0.0,0.1176470588235294,0.1176470588235294,0.0,0.0,0.0,0.0,0.0,0.0
0,0.05,anomaly_detection,isolation_forest,raw,false_positive_rate,5,0.0438946528332003,0.0438946528332003,0.0,0.0,0.0438946528332003,0.0438946528332003,0.0,0.0,0.0,0.0,0.0,0.0
0,0.05,anomaly_detection,isolation_forest,raw,pr_auc,5,0.09385708598261,0.09385708598261,0.0,0.0,0.09385708598261,0.09385708598261,0.0,0.0,0.0,0.0,0.0,0.0
0,0.05,anomaly_detection,isolation_forest,raw,precision,5,0.1164658634538152,0.1164658634538152,0.0,0.0,0.1164658634538152,0.1164658634538152,0.0,0.0,0.0,0.0,0.0,0.0
0,0.05,anomaly_detection,isolation_forest,raw,recall,5,0.11885245901639338,0.1188524590163934,1.5515838457795457e-17,2.407412430484045e-34,0.1188524590163934,0.1188524590163934,0.0,1.30547054610417e-16,0.0,0.0,0.0,0.0
0,0.05,anomaly_detection,isolation_forest,raw,roc_auc,5,0.7138596875695052,0.7138596875695052,0.0,0.0,0.7138596875695052,0.7138596875695052,0.0,0.0,0.0,0.0,0.0,0.0
0,0.05,anomaly_detection,isolation_forest,raw,threshold,5,0.5031683371451802,0.5031683371451802,0.0,0.0,0.5031683371451802,0.5031683371451802,0.0,0.0,0.0,0.0,0.0,0.0
0,0.05,anomaly_detection,isolation_forest,residual,detection_latency,5,0.0,0.0,0.0,0.0,0.0,0.0,0.0,0.0,0.0,0.0,0.0,0.0
0,0.05,anomaly_detection,isolation_forest,residual,f1,5,0.0887272727272727,0.0887272727272727,0.0,0.0,0.0887272727272727,0.0887272727272727,0.0,0.0,0.0,0.0,0.0,0.0
0,0.05,anomaly_detection,isolation_forest,residual,false_positive_rate,5,1.0,1.0,0.0,0.0,1.0,1.0,0.0,0.0,0.0,0.0,0.0,0.0
0,0.05,anomaly_detection,isolation_forest,residual,pr_auc,5,0.12824243695168772,0.0830385040627969,0.09873963428953625,0.009749515379631363,0.0793752272834529,0.3046980188968922,0.22532279161343927,0.7699450871066499,0.16148525305336273,0.29886943358830764,0.1409779135354533,0.30987984686330566
0,0.05,anomaly_detection,isolation_forest,residual,precision,5,0.0464231354642313,0.0464231354642313,0.0,0.0,0.0464231354642313,0.0464231354642313,0.0,0.0,0.0,0.0,0.0,0.0
0,0.05,anomaly_detection,isolation_forest,residual,recall,5,1.0,1.0,0.0,0.0,1.0,1.0,0.0,0.0,0.0,0.0,0.0,0.0
0,0.05,anomaly_detection,isolation_forest,residual,roc_auc,5,0.7378471177371031,0.687461158792668,0.11957860207696745,0.014299042074681724,0.6778134117462353,0.9515973139874138,0.27378390224117843,0.16206419894097035,0.013481324843233536,0.019835485719983854,0.012289439770779698,0.02033052020470027
0,0.05,anomaly_detection,isolation_forest,residual,threshold,5,0.2937656541960819,0.2937656541960819,0.0,0.0,0.2937656541960819,0.2937656541960819,0.0,0.0,0.0,0.0,0.0,0.0
0,0.05,anomaly_detection,lstm_autoencoder,raw,detection_latency,5,1.3442622950819672,1.3442622950819672,0.0,0.0,1.3442622950819672,1.3442622950819672,0.0,0.0,0.0,0.0,0.0,0.0
0,0.05,anomaly_detection,lstm_autoencoder,raw,f1,5,0.5386064030131827,0.5386064030131827,0.0,0.0,0.5386064030131827,0.5386064030131827,0.0,0.0,0.0,0.0,0.0,0.0
0,0.05,anomaly_detection,lstm_autoencoder,raw,false_positive_rate,5,0.028731045490821998,0.028731045490822,3.878959614448864e-18,1.504632769052528e-35,0.028731045490822,0.028731045490822,0.0,1.3500934435845645e-16,0.0,0.0,0.0,0.0
0,0.05,anomaly_detection,lstm_autoencoder,raw,pr_auc,5,0.561001698584242,0.561001698584242,0.0,0.0,0.561001698584242,0.561001698584242,0.0,0.0,0.0,0.0,0.0,0.0
0,0.05,anomaly_detection,lstm_autoencoder,raw,precision,5,0.4982578397212543,0.4982578397212543,0.0,0.0,0.4982578397212543,0.4982578397212543,0.0,0.0,0.0,0.0,0.0,0.0
0,0.05,anomaly_detection,lstm_autoencoder,raw,recall,5,0.5860655737704918,0.5860655737704918,0.0,0.0,0.5860655737704918,0.5860655737704918,0.0,0.0,0.0,0.0,0.0,0.0
0,0.05,anomaly_detection,lstm_autoencoder,raw,roc_auc,5,0.9493396177043947,0.9493396177043946,1.2412670766236366e-16,1.5407439555097887e-32,0.9493396177043946,0.9493396177043946,0.0,1.307505821388929e-16,0.0,0.0,0.0,0.0
0,0.05,anomaly_detection,lstm_autoencoder,raw,threshold,5,0.0007370078528765,0.0007370078528765,0.0,0.0,0.0007370078528765,0.0007370078528765,0.0,0.0,0.0,0.0,0.0,0.0
0,0.05,anomaly_detection,lstm_autoencoder,residual,detection_latency,5,0.0,0.0,0.0,0.0,0.0,0.0,0.0,0.0,0.0,0.0,0.0,0.0
0,0.05,anomaly_detection,lstm_autoencoder,residual,f1,5,0.19940287081339708,0.0887272727272727,0.2474781607710198,0.06124544005860672,0.0887272727272727,0.6421052631578947,0.5533779904306221,1.2410962779097197,0.06868421052631576,0.15358256371774864,0.06717012973315048,0.15019697614080427
0,0.05,anomaly_detection,lstm_autoencoder,residual,false_positive_rate,5,0.8108539505187551,1.0,0.4229434243156027,0.17888114017180795,0.0542697525937749,1.0,0.9457302474062251,0.5216024711293801,4.745454545454578,10.611158947771802,0.01041500399042298,0.023288656908517353
0,0.05,anomaly_detection,lstm_autoencoder,residual,pr_auc,5,0.21241487516806545,0.1327603159226355,0.18263177202717118,0.03335436415378462,0.1244604876873564,0.5390090549140275,0.4145485672266711,0.8597880533680634,0.09338849569634414,0.2057092508045944,0.09237411029254669,0.20606666366794285
0,0.05,anomaly_detection,lstm_autoencoder,residual,precision,5,0.13171215178223775,0.0464231354642313,0.19071203822115124,0.036371081522465855,0.0464231354642313,0.4728682170542636,0.42644508159003225,1.4479456575613399,0.10116279069767442,0.22620687679358334,0.09679890560875512,0.2164489330887621
0,0.05,anomaly_detection,lstm_autoencoder,residual,recall,5,1.0,1.0,0.0,0.0,1.0,1.0,0.0,0.0,0.0,0.0,0.0,0.0
0,0.05,anomaly_detection,lstm_autoencoder,residual,roc_auc,5,0.7839514672981565,0.7422898159172084,0.10660402432038998,0.011364418001302298,0.7180103816414376,0.9736051509164888,0.2555947692750512,0.13598293869873682,0.006337274655331159,0.011532432948473857,0.0060692044012402805,0.011537185537528617
0,0.05,anomaly_detection,lstm_autoencoder,residual,threshold,5,0.0003816792741417,0.0003816792741417,0.0,0.0,0.0003816792741417,0.0003816792741417,0.0,0.0,0.0,0.0,0.0,0.0
0,0.05,load_estimation,lstm,raw,mae,5,0.2785847869494347,0.2773588653643182,0.00289365019536606,8.373211453142037e-06,0.2761001738403031,0.2828327607133524,0.006732586873049284,0.010386964152106696,0.004398661021585025,0.005633409686895073,0.0012232549555461492,0.0015719226391385764
0,0.05,load_estimation,lstm,raw,mape,5,9.001818912346518,8.959365985897191,0.1209595279454286,0.01463120740078092,8.887366841945836,9.206101408408946,0.31873456646311027,0.013437231866498176,0.0034875047290346983,0.003602700303445945,0.03151228667427475,0.03294241339837005
0,0.05,load_estimation,lstm,raw,r2,5,0.9677356006698992,0.967610011207845,0.0007564325933362497,5.721902682614042e-07,0.9670390806216465,0.9690171804615724,0.0019780998399259175,0.0007816521297889853,-0.00019303797675994952,0.0002681336214743754,-0.00018694140459831753,0.00025961635404983963
0,0.05,load_estimation,lstm,raw,rmse,5,0.41856188242041836,0.4193990483729569,0.0049361027583134185,2.436511044062934e-05,0.4101875840236717,0.4230792251779763,0.012891641154304578,0.011793005922492059,0.002949167852900738,0.004068323147860503,0.001221211382366294,0.0016895676187843075
0,0.05,load_estimation,persistence,raw,mae,5,0.4540882228875088,0.458412524329745,0.012194000497984091,0.00014869364814483628,0.4356026972220187,0.4680887091468277,0.03248601192480899,0.026853813605742665,0.02155457134858257,0.002884779268151213,0.009562169407782128,0.0011161344661587014
0,0.05,load_estimation,persistence,raw,mape,5,14.302282369501066,14.26211453849884,0.5020325086703056,0.25203663976180046,13.591749779884216,14.953406180024844,1.3616564001406282,0.035101566008853655,0.01679005223428711,0.0050492581393406,0.23472644557105654,0.06398751602426532
0,0.05,load_estimation,persistence,raw,r2,5,0.9293662886663011,0.9280887003275624,0.003923549230995369,1.5394238568044346e-05,0.9244997328237532,0.9347585141418276,0.01025878131807445,0.004221746881550769,-0.002953314259020907,0.0004662572228206684,-0.002753823681908707,0.0004418796038607517
0,0.05,load_estimation,persistence,raw,rmse,5,0.6183021655746753,0.6240627737593011,0.017236071283769548,0.00029708215329918525,0.5944175588253224,0.6394461138391615,0.04502855501383907,0.027876453040965234,0.020234765802250247,0.004007649350080391,0.012216302413804581,0.0021662179822986923
0,0.05,load_estimation,xgboost,raw,mae,5,0.2761556960268107,0.2751175934275898,0.0020336716530773347,4.1358203925303e-06,0.2741973286259301,0.2788980480289169,0.004700719402986775,0.007364221279288386,0.008324645402475267,0.0036737213971697606,0.0022827216842221778,0.0010158531235978858
0,0.05,load_estimation,xgboost,raw,mape,5,9.128556110574369,9.125493651918465,0.07895239735339227,0.006233481047847942,9.035813246854516,9.23864215576086,0.2028289089063442,0.008648946930603309,0.007592717656721082,0.002960365253283376,0.06889304649237396,0.027162155375226232
0,0.05,load_estimation,xgboost,raw,r2,5,0.9683367488773793,0.9682650197839812,0.0005093838454655551,2.5947190202127646e-07,0.9677920456661242,0.9689826160654416,0.0011905703993173589,0.0005260399815003391,-0.00047197622401334556,0.0002642596644870203,-0.0004572488732816016,0.0002559834538484864
0,0.05,load_estimation,xgboost,raw,rmse,5,0.41409139299087433,0.4145709092350699,0.003333443179267067,1.1111843429402131e-05,0.4098569378381199,0.4176488394898681,0.007791901651748201,0.00805001802908888,0.007294676170993183,0.004049298188026512,0.00299848116976007,0.0016674852026704705
0,0.1,anomaly_detection,isolation_forest,raw,detection_latency,5,3.2459016393442623,3.2459016393442623,0.0,0.0,3.2459016393442623,3.2459016393442623,0.0,0.0,0.0,0.0,0.0,0.0
0,0.1,anomaly_detection,isolation_forest,raw,f1,5,0.1176470588235294,0.1176470588235294,0.0,0.0,0.1176470588235294,0.1176470588235294,0.0,0.0,0.0,0.0,0.0,0.0
0,0.1,anomaly_detection,isolation_forest,raw,false_positive_rate,5,0.0438946528332003,0.0438946528332003,0.0,0.0,0.0438946528332003,0.0438946528332003,0.0,0.0,0.0,0.0,0.0,0.0
0,0.1,anomaly_detection,isolation_forest,raw,pr_auc,5,0.09385708598261,0.09385708598261,0.0,0.0,0.09385708598261,0.09385708598261,0.0,0.0,0.0,0.0,0.0,0.0
0,0.1,anomaly_detection,isolation_forest,raw,precision,5,0.1164658634538152,0.1164658634538152,0.0,0.0,0.1164658634538152,0.1164658634538152,0.0,0.0,0.0,0.0,0.0,0.0
0,0.1,anomaly_detection,isolation_forest,raw,recall,5,0.11885245901639338,0.1188524590163934,1.5515838457795457e-17,2.407412430484045e-34,0.1188524590163934,0.1188524590163934,0.0,1.30547054610417e-16,0.0,0.0,0.0,0.0
0,0.1,anomaly_detection,isolation_forest,raw,roc_auc,5,0.7138596875695052,0.7138596875695052,0.0,0.0,0.7138596875695052,0.7138596875695052,0.0,0.0,0.0,0.0,0.0,0.0
0,0.1,anomaly_detection,isolation_forest,raw,threshold,5,0.5031683371451802,0.5031683371451802,0.0,0.0,0.5031683371451802,0.5031683371451802,0.0,0.0,0.0,0.0,0.0,0.0
0,0.1,anomaly_detection,isolation_forest,residual,detection_latency,5,0.0,0.0,0.0,0.0,0.0,0.0,0.0,0.0,0.0,0.0,0.0,0.0
0,0.1,anomaly_detection,isolation_forest,residual,f1,5,0.0887272727272727,0.0887272727272727,0.0,0.0,0.0887272727272727,0.0887272727272727,0.0,0.0,0.0,0.0,0.0,0.0
0,0.1,anomaly_detection,isolation_forest,residual,false_positive_rate,5,1.0,1.0,0.0,0.0,1.0,1.0,0.0,0.0,0.0,0.0,0.0,0.0
0,0.1,anomaly_detection,isolation_forest,residual,pr_auc,5,0.10384701581900906,0.0803766725270241,0.05139529839543365,0.0026414766971556646,0.0769518227540945,0.1955281123000514,0.1185762895459569,0.49491358023237303,0.21272464111115225,0.331227429662378,0.165373334668132,0.3572699685293896
0,0.1,anomaly_detection,isolation_forest,residual,precision,5,0.0464231354642313,0.0464231354642313,0.0,0.0,0.0464231354642313,0.0464231354642313,0.0,0.0,0.0,0.0,0.0,0.0
0,0.1,anomaly_detection,isolation_forest,residual,recall,5,1.0,1.0,0.0,0.0,1.0,1.0,0.0,0.0,0.0,0.0,0.0,0.0
0,0.1,anomaly_detection,isolation_forest,residual,roc_auc,5,0.7254913617154892,0.6833713840880249,0.10304587261135016,0.010618451862234604,0.6711474428584512,0.909603018329779,0.23845557547132779,0.14203597458099154,0.027632818152432882,0.03545067869588138,0.024645195792393392,0.03691946023011838
0,0.1,anomaly_detection,isolation_forest,residual,threshold,5,0.2937656541960819,0.2937656541960819,0.0,0.0,0.2937656541960819,0.2937656541960819,0.0,0.0,0.0,0.0,0.0,0.0
0,0.1,anomaly_detection,lstm_autoencoder,raw,detection_latency,5,1.3442622950819672,1.3442622950819672,0.0,0.0,1.3442622950819672,1.3442622950819672,0.0,0.0,0.0,0.0,0.0,0.0
0,0.1,anomaly_detection,lstm_autoencoder,raw,f1,5,0.5386064030131827,0.5386064030131827,0.0,0.0,0.5386064030131827,0.5386064030131827,0.0,0.0,0.0,0.0,0.0,0.0
0,0.1,anomaly_detection,lstm_autoencoder,raw,false_positive_rate,5,0.028731045490821998,0.028731045490822,3.878959614448864e-18,1.504632769052528e-35,0.028731045490822,0.028731045490822,0.0,1.3500934435845645e-16,0.0,0.0,0.0,0.0
0,0.1,anomaly_detection,lstm_autoencoder,raw,pr_auc,5,0.561001698584242,0.561001698584242,0.0,0.0,0.561001698584242,0.561001698584242,0.0,0.0,0.0,0.0,0.0,0.0
0,0.1,anomaly_detection,lstm_autoencoder,raw,precision,5,0.4982578397212543,0.4982578397212543,0.0,0.0,0.4982578397212543,0.4982578397212543,0.0,0.0,0.0,0.0,0.0,0.0
0,0.1,anomaly_detection,lstm_autoencoder,raw,recall,5,0.5860655737704918,0.5860655737704918,0.0,0.0,0.5860655737704918,0.5860655737704918,0.0,0.0,0.0,0.0,0.0,0.0
0,0.1,anomaly_detection,lstm_autoencoder,raw,roc_auc,5,0.9493396177043947,0.9493396177043946,1.2412670766236366e-16,1.5407439555097887e-32,0.9493396177043946,0.9493396177043946,0.0,1.307505821388929e-16,0.0,0.0,0.0,0.0
0,0.1,anomaly_detection,lstm_autoencoder,raw,threshold,5,0.0007370078528765,0.0007370078528765,0.0,0.0,0.0007370078528765,0.0007370078528765,0.0,0.0,0.0,0.0,0.0,0.0
0,0.1,anomaly_detection,lstm_autoencoder,residual,detection_latency,5,0.0,0.0,0.0,0.0,0.0,0.0,0.0,0.0,0.0,0.0,0.0,0.0
0,0.1,anomaly_detection,lstm_autoencoder,residual,f1,5,0.16799971082595333,0.0887272727272727,0.17725856033079412,0.031420597210545784,0.0887272727272727,0.485089463220676,0.39636219049340327,1.0551122942969402,0.10079522862823061,0.2253849830203565,0.09857328972059423,0.22041657658102995
0,0.1,anomaly_detection,lstm_autoencoder,residual,false_positive_rate,5,0.8206703910614526,1.0,0.4009931959650462,0.16079554321026193,0.1033519553072625,1.0,0.8966480446927375,0.48861662408266343,9.21818181818188,20.612481174407293,0.0202314445331205,0.045238885259073935
0,0.1,anomaly_detection,lstm_autoencoder,residual,pr_auc,5,0.18466979228069344,0.1323143299181876,0.12124566115624828,0.014700510349215774,0.1260272821177377,0.4014183782332302,0.2753910961154925,0.6565538394712543,0.12247558200485475,0.2667826420046104,0.12011919317991873,0.26747895301891295
0,0.1,anomaly_detection,lstm_autoencoder,residual,precision,5,0.10118050312204119,0.0464231354642313,0.12244119635181139,0.01499184656406283,0.0464231354642313,0.3202099737532808,0.2737868382890495,1.2101263837769825,0.13307086614173227,0.2975555025176886,0.12733055426895165,0.2847197749581019
0,0.1,anomaly_detection,lstm_autoencoder,residual,recall,5,1.0,1.0,0.0,0.0,1.0,1.0,0.0,0.0,0.0,0.0,0.0,0.0
0,0.1,anomaly_detection,lstm_autoencoder,residual,roc_auc,5,0.7791534742846676,0.7435891565161645,0.09622561898518502,0.009259369749081998,0.7207071879947144,0.9503086036136223,0.2296014156189079,0.12350021165410154,0.011156820146593647,0.022452016923841047,0.010867197414729168,0.022201308417596884
0,0.1,anomaly_detection,lstm_autoencoder,residual,threshold,5,0.0003816792741417,0.0003816792741417,0.0,0.0,0.0003816792741417,0.0003816792741417,0.0,0.0,0.0,0.0,0.0,0.0
0,0.1,load_estimation,lstm,raw,mae,5,0.28027284914418016,0.2788088297310874,0.0036379853828637076,1.3234937645929997e-05,0.2775761650598644,0.2865765784316643,0.009000413371799909,0.012980156279755184,0.010488990818094608,0.010197398967608838,0.002911317150291637,0.0028474590088317445
0,0.1,load_estimation,lstm,raw,mape,5,9.040592606236435,9.013588747109727,0.14819591841187812,0.02196203023394004,8.915641155955338,9.292334234355447,0.376693078400109,0.01639227923063901,0.007788758903859763,0.006943606142311765,0.07028598056419177,0.06348434659945487
0,0.1,load_estimation,lstm,raw,r2,5,0.9675008466108437,0.967499788270424,0.0007856060342971957,6.171768411241667e-07,0.9667123392037508,0.9687679689712984,0.0020556297675475843,0.0008119951905460076,-0.00043550411933932604,0.0005381758369686149,-0.0004216954636537595,0.0005210734163032099
0,0.1,load_estimation,lstm,raw,rmse,5,0.4200804325477199,0.4201120485262901,0.005100996640053985,2.6020166721842042e-05,0.4118339597188782,0.4251710449631362,0.013337085244257973,0.012142904655466252,0.006604148429862053,0.008127192261052624,0.002739761509667682,0.003375683001383662
0,0.1,load_estimation,persistence,raw,mae,5,0.46465249758106025,0.4684022513177115,0.01269198395143877,0.0001610864566235793,0.4461507113193994,0.4804504230232906,0.034299711703891234,0.02731500210912911,0.04531199359211814,0.00323677943727284,0.02012644410133361,0.0012722576485042411
0,0.1,load_estimation,persistence,raw,mape,5,14.555879522929075,14.518688649007425,0.4991194831173156,0.24912025842729627,13.884994864836248,15.22745767394809,1.3424628091118418,0.03428988831152938,0.03484894876155878,0.006229119926760231,0.4883235989990656,0.07241380829598647
0,0.1,load_estimation,persistence,raw,r2,5,0.9262937856995068,0.9252328903378793,0.004258330619319184,1.8133379663431306e-05,0.9204742000614116,0.931747989030246,0.011273788968834464,0.004597170665571757,-0.006250936041190397,0.0003251532973489089,-0.005826326648703017,0.0002965089359643236
0,0.1,load_estimation,persistence,raw,rmse,5,0.6315922888225298,0.6363338175136465,0.018246687023019743,0.0003329415873160371,0.6079773975561282,0.6562717822003715,0.04829438464424329,0.02888997751545832,0.04213892307552721,0.0030428496587441047,0.025506425661659015,0.0013612178887967576
0,0.1,load_estimation,xgboost,raw,mae,5,0.2784630560983805,0.2790433718869675,0.0016922692784809876,2.8637753108905624e-06,0.276428066477565,0.2804414209210891,0.004013354443524075,0.006077176995009032,0.016755173349109732,0.0032254722312539045,0.004590081755791997,0.0008909167036446312
0,0.1,load_estimation,xgboost,raw,mape,5,9.190897294131663,9.2173995008991,0.06872298581307089,0.004722848779063543,9.102831471917636,9.272038610209748,0.1692071382921121,0.007477287974586566,0.014480443027025234,0.0025281287146203288,0.13123423004966667,0.02317372137731387
0,0.1,load_estimation,xgboost,raw,r2,5,0.9679255847084484,0.9676889470864276,0.0005334251360373523,2.8454237575646783e-07,0.967424688281706,0.9686579266356616,0.0012332383539556124,0.0005511013909173883,-0.0008963929527594488,0.00027482821342473065,-0.0008684130422125014,0.00026618707106228743
0,0.1,load_estimation,xgboost,raw,rmse,5,0.41677055332693846,0.4183167583288753,0.0034719578648047473,1.205449141497954e-05,0.4119965406943331,0.4200238952517275,0.008027354557394395,0.008330621818382516,0.01381027243306423,0.004173987160249963,0.0056776415058242494,0.0017217585870058568
0,0.2,anomaly_detection,isolation_forest,raw,detection_latency,5,3.2459016393442623,3.2459016393442623,0.0,0.0,3.2459016393442623,3.2459016393442623,0.0,0.0,0.0,0.0,0.0,0.0
0,0.2,anomaly_detection,isolation_forest,raw,f1,5,0.1176470588235294,0.1176470588235294,0.0,0.0,0.1176470588235294,0.1176470588235294,0.0,0.0,0.0,0.0,0.0,0.0
0,0.2,anomaly_detection,isolation_forest,raw,false_positive_rate,5,0.0438946528332003,0.0438946528332003,0.0,0.0,0.0438946528332003,0.0438946528332003,0.0,0.0,0.0,0.0,0.0,0.0
0,0.2,anomaly_detection,isolation_forest,raw,pr_auc,5,0.09385708598261,0.09385708598261,0.0,0.0,0.09385708598261,0.09385708598261,0.0,0.0,0.0,0.0,0.0,0.0
0,0.2,anomaly_detection,isolation_forest,raw,precision,5,0.1164658634538152,0.1164658634538152,0.0,0.0,0.1164658634538152,0.1164658634538152,0.0,0.0,0.0,0.0,0.0,0.0
0,0.2,anomaly_detection,isolation_forest,raw,recall,5,0.11885245901639338,0.1188524590163934,1.5515838457795457e-17,2.407412430484045e-34,0.1188524590163934,0.1188524590163934,0.0,1.30547054610417e-16,0.0,0.0,0.0,0.0
0,0.2,anomaly_detection,isolation_forest,raw,roc_auc,5,0.7138596875695052,0.7138596875695052,0.0,0.0,0.7138596875695052,0.7138596875695052,0.0,0.0,0.0,0.0,0.0,0.0
0,0.2,anomaly_detection,isolation_forest,raw,threshold,5,0.5031683371451802,0.5031683371451802,0.0,0.0,0.5031683371451802,0.5031683371451802,0.0,0.0,0.0,0.0,0.0,0.0
0,0.2,anomaly_detection,isolation_forest,residual,detection_latency,5,0.0,0.0,0.0,0.0,0.0,0.0,0.0,0.0,0.0,0.0,0.0,0.0
0,0.2,anomaly_detection,isolation_forest,residual,f1,5,0.0887272727272727,0.0887272727272727,0.0,0.0,0.0887272727272727,0.0887272727272727,0.0,0.0,0.0,0.0,0.0,0.0
0,0.2,anomaly_detection,isolation_forest,residual,false_positive_rate,5,1.0,1.0,0.0,0.0,1.0,1.0,0.0,0.0,0.0,0.0,0.0,0.0
0,0.2,anomaly_detection,isolation_forest,residual,pr_auc,5,0.08787161877265523,0.0822097265752292,0.01709199531747037,0.00029213630393242905,0.0734477885945234,0.1147960603087708,0.0413482717142474,0.19451098723572427,0.2259462940035888,0.3814234951314584,0.1813487317144858,0.3935581259065465
0,0.2,anomaly_detection,isolation_forest,residual,precision,5,0.0464231354642313,0.0464231354642313,0.0,0.0,0.0464231354642313,0.0464231354642313,0.0,0.0,0.0,0.0,0.0,0.0
0,0.2,anomaly_detection,isolation_forest,residual,recall,5,1.0,1.0,0.0,0.0,1.0,1.0,0.0,0.0,0.0,0.0,0.0,0.0
0,0.2,anomaly_detection,isolation_forest,residual,roc_auc,5,0.703926314549998,0.6744043803069355,0.07040254587609286,0.004956518465835361,0.664759495244201,0.8293080214043672,0.16454852616016624,0.10001408445868287,0.051710932033373645,0.06676930269223894,0.046210242957884694,0.06970062188568571
0,0.2,anomaly_detection,isolation_forest,residual,threshold,5,0.2937656541960819,0.2937656541960819,0.0,0.0,0.2937656541960819,0.2937656541960819,0.0,0.0,0.0,0.0,0.0,0.0
0,0.2,anomaly_detection,lstm_autoencoder,raw,detection_latency,5,1.3442622950819672,1.3442622950819672,0.0,0.0,1.3442622950819672,1.3442622950819672,0.0,0.0,0.0,0.0,0.0,0.0
0,0.2,anomaly_detection,lstm_autoencoder,raw,f1,5,0.5386064030131827,0.5386064030131827,0.0,0.0,0.5386064030131827,0.5386064030131827,0.0,0.0,0.0,0.0,0.0,0.0
0,0.2,anomaly_detection,lstm_autoencoder,raw,false_positive_rate,5,0.028731045490821998,0.028731045490822,3.878959614448864e-18,1.504632769052528e-35,0.028731045490822,0.028731045490822,0.0,1.3500934435845645e-16,0.0,0.0,0.0,0.0
0,0.2,anomaly_detection,lstm_autoencoder,raw,pr_auc,5,0.561001698584242,0.561001698584242,0.0,0.0,0.561001698584242,0.561001698584242,0.0,0.0,0.0,0.0,0.0,0.0
0,0.2,anomaly_detection,lstm_autoencoder,raw,precision,5,0.4982578397212543,0.4982578397212543,0.0,0.0,0.4982578397212543,0.4982578397212543,0.0,0.0,0.0,0.0,0.0,0.0
0,0.2,anomaly_detection,lstm_autoencoder,raw,recall,5,0.5860655737704918,0.5860655737704918,0.0,0.0,0.5860655737704918,0.5860655737704918,0.0,0.0,0.0,0.0,0.0,0.0
0,0.2,anomaly_detection,lstm_autoencoder,raw,roc_auc,5,0.9493396177043947,0.9493396177043946,1.2412670766236366e-16,1.5407439555097887e-32,0.9493396177043946,0.9493396177043946,0.0,1.307505821388929e-16,0.0,0.0,0.0,0.0
0,0.2,anomaly_detection,lstm_autoencoder,raw,threshold,5,0.0007370078528765,0.0007370078528765,0.0,0.0,0.0007370078528765,0.0007370078528765,0.0,0.0,0.0,0.0,0.0,0.0
0,0.2,anomaly_detection,lstm_autoencoder,residual,detection_latency,5,0.0,0.0,0.0,0.0,0.0,0.0,0.0,0.0,0.0,0.0,0.0,0.0
0,0.2,anomaly_detection,lstm_autoencoder,residual,f1,5,0.13566041327790826,0.0887272727272727,0.10494569266877307,0.01101359840972857,0.0887272727272727,0.3233929754804506,0.23466570275317788,0.773591131952294,0.13386348575215373,0.2993278538468903,0.13091258726863933,0.29272944424305103
0,0.2,anomaly_detection,lstm_autoencoder,residual,false_positive_rate,5,0.8407422186751795,1.0,0.35611122498809505,0.12681520456252166,0.2037110933758978,1.0,0.7962889066241022,0.4235676727989778,18.363636363636495,41.062339223178256,0.040303272146847556,0.09012085623602502
0,0.2,anomaly_detection,lstm_autoencoder,residual,pr_auc,5,0.16120706823243167,0.1339307033653,0.0686466522897333,0.004712362870587545,0.1257191634219748,0.2837795341596269,0.1580603707376521,0.42582904733902327,0.14520890684672616,0.32072828366683603,0.14358191722818045,0.32014063553556443
0,0.2,anomaly_detection,lstm_autoencoder,residual,precision,5,0.07571558347019924,0.0464231354642313,0.06549990496872252,0.004290237550911681,0.0464231354642313,0.1928853754940711,0.1464622400298398,0.8650782569020616,0.15968379446640316,0.35706381933198217,0.1527954739207936,0.3416610663411908
0,0.2,anomaly_detection,lstm_autoencoder,residual,recall,5,1.0,1.0,0.0,0.0,1.0,1.0,0.0,0.0,0.0,0.0,0.0,0.0
0,0.2,anomaly_detection,lstm_autoencoder,residual,roc_auc,5,0.7673362618240811,0.7393558737718001,0.07665438909302659,0.005875895367225115,0.720396458336059,0.9034571127654284,0.18306065442936936,0.09989673746266968,0.023809413199328035,0.04179492660852262,0.022684409875315593,0.04190640692330324
0,0.2,anomaly_detection,lstm_autoencoder,residual,threshold,5,0.0003816792741417,0.0003816792741417,0.0,0.0,0.0003816792741417,0.0003816792741417,0.0,0.0,0.0,0.0,0.0,0.0
0,0.2,load_estimation,lstm,raw,mae,5,0.28808951422973633,0.2858751653007538,0.007000509660562222,4.9007135507625e-05,0.2838839410983785,0.3004847857684677,0.01660084467008921,0.024299772517855967,0.038664766442303,0.023326670264637674,0.010727982235847833,0.006516421761636605
0,0.2,load_estimation,lstm,raw,mape,5,9.217290977360546,9.171423424412827,0.2289424084064003,0.052414626366922984,9.048865167179498,9.608616446476796,0.5597512792972985,0.02483836183198808,0.027423775098851532,0.01587287187995904,0.24698435168830243,0.14598901145461105
0,0.2,load_estimation,lstm,raw,r2,5,0.9663058279752936,0.9667162541037416,0.0010734851975544972,1.1523704693686178e-06,0.9648298917345818,0.9675658160345202,0.002735924299938408,0.0011109166130186519,-0.0016699582000073876,0.0011320747404805762,-0.001616714099203831,0.0010964309628002922
0,0.2,load_estimation,lstm,raw,rmse,5,0.42771602478093806,0.4251460424393363,0.006800783921771484,4.6250661950625525e-05,0.4196850795801488,0.4370276294053901,0.017342549825241305,0.0159002317606749,0.02494170061770238,0.016878662051046014,0.010375353742885896,0.006976743988081795
0,0.2,load_estimation,persistence,raw,mae,5,0.49111725732661454,0.4920262407335698,0.010348371115064859,0.00010708878473510871,0.4770304416185826,0.5044602527420633,0.027429811123480696,0.021071080196603104,0.10501630270352749,0.010062723773309286,0.046591203846887905,0.0032697798834965663
0,0.2,load_estimation,persistence,raw,mape,5,15.25062643053326,15.120578231514704,0.43624891651805436,0.19031311716317637,14.694883121170529,15.806540790489112,1.1116576693185838,0.02860531129689473,0.08445475348789522,0.014084446893004775,1.1830705066032483,0.15810427859526688
0,0.2,load_estimation,persistence,raw,r2,5,0.9179857937598589,0.917427434327094,0.0035379330093828236,1.2516969978880602e-05,0.9131361021899016,0.922445136135814,0.009309033945912426,0.003854017168274754,-0.015161279592349785,0.0007476979384584622,-0.014134318588350948,0.0007537290270367774
0,0.2,load_estimation,persistence,raw,rmse,5,0.6663363725676157,0.6687250588465831,0.01436585362171062,0.00020637775028041613,0.6480883699106799,0.6858819355980028,0.03779356568732295,0.02155946187712102,0.09966830354443561,0.010748741572560375,0.060250509406745034,0.004665915308690971
0,0.2,load_estimation,xgboost,raw,mae,5,0.28737321911065,0.2887814064684524,0.002865151400310139,8.209092546699151e-06,0.282902440660076,0.2895491203488824,0.0066466796888063895,0.009970140603835958,0.04928570481502693,0.008462918221302115,0.013500244768061432,0.0023296669332352957
0,0.2,load_estimation,xgboost,raw,mape,5,9.428734041905804,9.458809889812729,0.08789730908005375,0.0077259369435145,9.30155204264908,9.526777757360994,0.22522571471191455,0.009322281091968027,0.04072550351273278,0.004690692260981292,0.36907097782380804,0.0435919839327746
0,0.2,load_estimation,xgboost,raw,r2,5,0.9660609424960445,0.9657699790151596,0.0008441679177751404,7.126194734008163e-07,0.9652399849900684,0.9673942360552856,0.002154251065217272,0.0008738247046754992,-0.002821206009955094,0.0005116334034471237,-0.002733055254616268,0.0004950316072377273
0,0.2,load_estimation,xgboost,raw,rmse,5,0.42869901225104334,0.4305596137136838,0.005356007568935118,2.8686817078490272e-05,0.4202201738784407,0.4338800542102681,0.013659880331827412,0.012493631699339385,0.04280386330121343,0.007335067565173401,0.017606100429929095,0.0030750926073108593
1,0.0,anomaly_detection,isolation_forest,raw,detection_latency,5,3.2459016393442623,3.2459016393442623,0.0,0.0,3.2459016393442623,3.2459016393442623,0.0,0.0,0.0,0.0,0.0,0.0
1,0.0,anomaly_detection,isolation_forest,raw,f1,5,0.1176470588235294,0.1176470588235294,0.0,0.0,0.1176470588235294,0.1176470588235294,0.0,0.0,0.0,0.0,0.0,0.0
1,0.0,anomaly_detection,isolation_forest,raw,false_positive_rate,5,0.0438946528332003,0.0438946528332003,0.0,0.0,0.0438946528332003,0.0438946528332003,0.0,0.0,0.0,0.0,0.0,0.0
1,0.0,anomaly_detection,isolation_forest,raw,pr_auc,5,0.09385708598261,0.09385708598261,0.0,0.0,0.09385708598261,0.09385708598261,0.0,0.0,0.0,0.0,0.0,0.0
1,0.0,anomaly_detection,isolation_forest,raw,precision,5,0.1164658634538152,0.1164658634538152,0.0,0.0,0.1164658634538152,0.1164658634538152,0.0,0.0,0.0,0.0,0.0,0.0
1,0.0,anomaly_detection,isolation_forest,raw,recall,5,0.11885245901639338,0.1188524590163934,1.5515838457795457e-17,2.407412430484045e-34,0.1188524590163934,0.1188524590163934,0.0,1.30547054610417e-16,0.0,0.0,0.0,0.0
1,0.0,anomaly_detection,isolation_forest,raw,roc_auc,5,0.7138596875695052,0.7138596875695052,0.0,0.0,0.7138596875695052,0.7138596875695052,0.0,0.0,0.0,0.0,0.0,0.0
1,0.0,anomaly_detection,isolation_forest,raw,threshold,5,0.5031683371451802,0.5031683371451802,0.0,0.0,0.5031683371451802,0.5031683371451802,0.0,0.0,0.0,0.0,0.0,0.0
1,0.0,anomaly_detection,isolation_forest,residual,detection_latency,5,0.0,0.0,0.0,0.0,0.0,0.0,0.0,0.0,0.0,0.0,0.0,0.0
1,0.0,anomaly_detection,isolation_forest,residual,f1,5,0.0887272727272727,0.0887272727272727,0.0,0.0,0.0887272727272727,0.0887272727272727,0.0,0.0,0.0,0.0,0.0,0.0
1,0.0,anomaly_detection,isolation_forest,residual,false_positive_rate,5,1.0,1.0,0.0,0.0,1.0,1.0,0.0,0.0,0.0,0.0,0.0,0.0
1,0.0,anomaly_detection,isolation_forest,residual,pr_auc,5,0.26922035048714105,0.0872394700315926,0.4085339467185911,0.16689998562146863,0.0821393508125507,1.0,0.9178606491874493,1.517470525461277,0.0,0.0,0.0,0.0
1,0.0,anomaly_detection,isolation_forest,residual,precision,5,0.0464231354642313,0.0464231354642313,0.0,0.0,0.0464231354642313,0.0464231354642313,0.0,0.0,0.0,0.0,0.0,0.0
1,0.0,anomaly_detection,isolation_forest,residual,recall,5,1.0,1.0,0.0,0.0,1.0,1.0,0.0,0.0,0.0,0.0,0.0,0.0
1,0.0,anomaly_detection,isolation_forest,residual,roc_auc,5,0.7501365575078827,0.6877706618868814,0.13970387261091521,0.019517172022486828,0.6846846257506575,1.0,0.31531537424934253,0.18623792056614594,0.0,0.0,0.0,0.0
1,0.0,anomaly_detection,isolation_forest,residual,threshold,5,0.2937656541960819,0.2937656541960819,0.0,0.0,0.2937656541960819,0.2937656541960819,0.0,0.0,0.0,0.0,0.0,0.0
1,0.0,anomaly_detection,lstm_autoencoder,raw,detection_latency,5,1.3442622950819672,1.3442622950819672,0.0,0.0,1.3442622950819672,1.3442622950819672,0.0,0.0,0.0,0.0,0.0,0.0
1,0.0,anomaly_detection,lstm_autoencoder,raw,f1,5,0.5386064030131827,0.5386064030131827,0.0,0.0,0.5386064030131827,0.5386064030131827,0.0,0.0,0.0,0.0,0.0,0.0
1,0.0,anomaly_detection,lstm_autoencoder,raw,false_positive_rate,5,0.028731045490821998,0.028731045490822,3.878959614448864e-18,1.504632769052528e-35,0.028731045490822,0.028731045490822,0.0,1.3500934435845645e-16,0.0,0.0,0.0,0.0
1,0.0,anomaly_detection,lstm_autoencoder,raw,pr_auc,5,0.561001698584242,0.561001698584242,0.0,0.0,0.561001698584242,0.561001698584242,0.0,0.0,0.0,0.0,0.0,0.0
1,0.0,anomaly_detection,lstm_autoencoder,raw,precision,5,0.4982578397212543,0.4982578397212543,0.0,0.0,0.4982578397212543,0.4982578397212543,0.0,0.0,0.0,0.0,0.0,0.0
1,0.0,anomaly_detection,lstm_autoencoder,raw,recall,5,0.5860655737704918,0.5860655737704918,0.0,0.0,0.5860655737704918,0.5860655737704918,0.0,0.0,0.0,0.0,0.0,0.0
1,0.0,anomaly_detection,lstm_autoencoder,raw,roc_auc,5,0.9493396177043947,0.9493396177043946,1.2412670766236366e-16,1.5407439555097887e-32,0.9493396177043946,0.9493396177043946,0.0,1.307505821388929e-16,0.0,0.0,0.0,0.0
1,0.0,anomaly_detection,lstm_autoencoder,raw,threshold,5,0.0007370078528765,0.0007370078528765,0.0,0.0,0.0007370078528765,0.0007370078528765,0.0,0.0,0.0,0.0,0.0,0.0
1,0.0,anomaly_detection,lstm_autoencoder,residual,detection_latency,5,0.0,0.0,0.0,0.0,0.0,0.0,0.0,0.0,0.0,0.0,0.0,0.0
1,0.0,anomaly_detection,lstm_autoencoder,residual,f1,5,0.26657300054654764,0.0887272727272727,0.39767513691182405,0.15814551451783798,0.0887272727272727,0.9779559118236472,0.8892286390963745,1.4918057571339975,0.0,0.0,0.0,0.0
1,0.0,anomaly_detection,lstm_autoencoder,residual,false_positive_rate,5,0.8004389465283321,1.0,0.44623208122412,0.19912307031360965,0.00219473264166,1.0,0.99780526735834,0.5574842193268081,0.0,0.0,0.0,0.0
1,0.0,anomaly_detection,lstm_autoencoder,residual,pr_auc,5,0.30478898546061217,0.1319000209425614,0.3886694257893465,0.15106392254342033,0.1234193205004322,1.0,0.8765806794995679,1.2752082402255123,0.0,0.0,0.0,0.0
1,0.0,anomaly_detection,lstm_autoencoder,residual,precision,5,0.22851105739099284,0.0464231354642313,0.40716097130991336,0.16578005655803207,0.0464231354642313,0.9568627450980391,0.9104396096338079,1.7817998654360185,0.0,0.0,0.0,0.0
1,0.0,anomaly_detection,lstm_autoencoder,residual,recall,5,1.0,1.0,0.0,0.0,1.0,1.0,0.0,0.0,0.0,0.0,0.0,0.0
1,0.0,anomaly_detection,lstm_autoencoder,residual,roc_auc,5,0.7900206716993967,0.7428769314301413,0.11796899917061819,0.013916684765317315,0.7175696361519239,1.0,0.28243036384807607,0.14932393973547248,0.0,0.0,0.0,0.0
1,0.0,anomaly_detection,lstm_autoencoder,residual,threshold,5,0.0003816792741417,0.0003816792741417,0.0,0.0,0.0003816792741417,0.0003816792741417,0.0,0.0,0.0,0.0,0.0,0.0
1,0.0,load_estimation,lstm,raw,mae,5,0.2773615319938886,0.2762261204479895,0.001906056605202803,3.6330517822372342e-06,0.2758453186169287,0.2799320810273526,0.004086762410423939,0.00687210151855089,0.0,0.0,0.0,0.0
1,0.0,load_estimation,lstm,raw,mape,5,8.970306625672242,8.950627129882083,0.0911558881125032,0.008309395937579204,8.868861318649634,9.118982639637077,0.2501213209874429,0.010161958996097517,0.0,0.0,0.0,0.0
1,0.0,load_estimation,lstm,raw,r2,5,0.9679225420744973,0.9677789047373696,0.0008580872442256125,7.36313718702706e-07,0.9670456810550092,0.9692158273028284,0.0021701462478191935,0.0008865247030888642,0.0,0.0,0.0,0.0
1,0.0,load_estimation,lstm,raw,rmse,5,0.4173406710380522,0.4183041673895866,0.005602514201213339,3.1388165374797134e-05,0.4088705073983315,0.4230368621902369,0.014166354791905422,0.013424318764040405,0.0,0.0,0.0,0.0
1,0.0,load_estimation,persistence,raw,mae,5,0.4445260534797266,0.4492700455803849,0.01272847735851252,0.00016201413586616588,0.4259453912122427,0.4591450760399007,0.033199684827658005,0.02863381630587154,0.0,0.0,0.0,0.0
1,0.0,load_estimation,persistence,raw,mape,5,14.067555923930007,14.12149407205246,0.5370096105136738,0.28837932178404757,13.286006475148488,14.73210135971861,1.4460948845701225,0.03817362542701385,0.0,0.0,0.0,0.0
1,0.0,load_estimation,persistence,raw,r2,5,0.9321201123482099,0.930782228617953,0.004192697611570927,1.757871326207256e-05,0.9266422537549912,0.9374618546027488,0.010819600847757571,0.004498022900727488,0.0,0.0,0.0,0.0
1,0.0,load_estimation,persistence,raw,rmse,5,0.6060858631608708,0.6122637034975102,0.01874539302921505,0.00035138975981974414,0.5819721564703912,0.630307824152761,0.04833566768236974,0.03092860957266634,0.0,0.0,0.0,0.0
1,0.0,load_estimation,xgboost,raw,mae,5,0.2738729743425886,0.2734339335193372,0.0010712407245669134,1.1475566899706457e-06,0.2727781880981483,0.2750232725927274,0.002245084494579108,0.003911451018992823,0.0,0.0,0.0,0.0
1,0.0,load_estimation,xgboost,raw,mape,5,9.059663064081995,9.063484965162122,0.055251002076948524,0.0030526732305069704,9.005682087543944,9.136281172616451,0.1305990850725074,0.006098571402285041,0.0,0.0,0.0,0.0
1,0.0,load_estimation,xgboost,raw,r2,5,0.9687939977506609,0.9686862373860586,0.000443682793823994,1.9685442153546478e-07,0.9682775676298728,0.9693218282677428,0.0010442606378699981,0.0004579743421760804,0.0,0.0,0.0,0.0
1,0.0,load_estimation,xgboost,raw,rmse,5,0.4110929118211143,0.4118104239968307,0.0029237994928253104,8.548603474245542e-06,0.4076096387383497,0.4144889415427226,0.006879302804372878,0.007112259561647689,0.0,0.0,0.0,0.0
1,0.05,anomaly_detection,isolation_forest,raw,detection_latency,5,3.2459016393442623,3.2459016393442623,0.0,0.0,3.2459016393442623,3.2459016393442623,0.0,0.0,0.0,0.0,0.0,0.0
1,0.05,anomaly_detection,isolation_forest,raw,f1,5,0.1176470588235294,0.1176470588235294,0.0,0.0,0.1176470588235294,0.1176470588235294,0.0,0.0,0.0,0.0,0.0,0.0
1,0.05,anomaly_detection,isolation_forest,raw,false_positive_rate,5,0.0438946528332003,0.0438946528332003,0.0,0.0,0.0438946528332003,0.0438946528332003,0.0,0.0,0.0,0.0,0.0,0.0
1,0.05,anomaly_detection,isolation_forest,raw,pr_auc,5,0.09385708598261,0.09385708598261,0.0,0.0,0.09385708598261,0.09385708598261,0.0,0.0,0.0,0.0,0.0,0.0
1,0.05,anomaly_detection,isolation_forest,raw,precision,5,0.1164658634538152,0.1164658634538152,0.0,0.0,0.1164658634538152,0.1164658634538152,0.0,0.0,0.0,0.0,0.0,0.0
1,0.05,anomaly_detection,isolation_forest,raw,recall,5,0.11885245901639338,0.1188524590163934,1.5515838457795457e-17,2.407412430484045e-34,0.1188524590163934,0.1188524590163934,0.0,1.30547054610417e-16,0.0,0.0,0.0,0.0
1,0.05,anomaly_detection,isolation_forest,raw,roc_auc,5,0.7138596875695052,0.7138596875695052,0.0,0.0,0.7138596875695052,0.7138596875695052,0.0,0.0,0.0,0.0,0.0,0.0
1,0.05,anomaly_detection,isolation_forest,raw,threshold,5,0.5031683371451802,0.5031683371451802,0.0,0.0,0.5031683371451802,0.5031683371451802,0.0,0.0,0.0,0.0,0.0,0.0
1,0.05,anomaly_detection,isolation_forest,residual,detection_latency,5,0.0,0.0,0.0,0.0,0.0,0.0,0.0,0.0,0.0,0.0,0.0,0.0
1,0.05,anomaly_detection,isolation_forest,residual,f1,5,0.0887272727272727,0.0887272727272727,0.0,0.0,0.0887272727272727,0.0887272727272727,0.0,0.0,0.0,0.0,0.0,0.0
1,0.05,anomaly_detection,isolation_forest,residual,false_positive_rate,5,1.0,1.0,0.0,0.0,1.0,1.0,0.0,0.0,0.0,0.0,0.0,0.0
1,0.05,anomaly_detection,isolation_forest,residual,pr_auc,5,0.12824243695168772,0.0830385040627969,0.09873963428953625,0.009749515379631363,0.0793752272834529,0.3046980188968922,0.22532279161343927,0.7699450871066499,0.16148525305336273,0.29886943358830764,0.1409779135354533,0.30987984686330566
1,0.05,anomaly_detection,isolation_forest,residual,precision,5,0.0464231354642313,0.0464231354642313,0.0,0.0,0.0464231354642313,0.0464231354642313,0.0,0.0,0.0,0.0,0.0,0.0
1,0.05,anomaly_detection,isolation_forest,residual,recall,5,1.0,1.0,0.0,0.0,1.0,1.0,0.0,0.0,0.0,0.0,0.0,0.0
1,0.05,anomaly_detection,isolation_forest,residual,roc_auc,5,0.7378471177371031,0.687461158792668,0.11957860207696745,0.014299042074681724,0.6778134117462353,0.9515973139874138,0.27378390224117843,0.16206419894097035,0.013481324843233536,0.019835485719983854,0.012289439770779698,0.02033052020470027
1,0.05,anomaly_detection,isolation_forest,residual,threshold,5,0.2937656541960819,0.2937656541960819,0.0,0.0,0.2937656541960819,0.2937656541960819,0.0,0.0,0.0,0.0,0.0,0.0
1,0.05,anomaly_detection,lstm_autoencoder,raw,detection_latency,5,1.3442622950819672,1.3442622950819672,0.0,0.0,1.3442622950819672,1.3442622950819672,0.0,0.0,0.0,0.0,0.0,0.0
1,0.05,anomaly_detection,lstm_autoencoder,raw,f1,5,0.5386064030131827,0.5386064030131827,0.0,0.0,0.5386064030131827,0.5386064030131827,0.0,0.0,0.0,0.0,0.0,0.0
1,0.05,anomaly_detection,lstm_autoencoder,raw,false_positive_rate,5,0.028731045490821998,0.028731045490822,3.878959614448864e-18,1.504632769052528e-35,0.028731045490822,0.028731045490822,0.0,1.3500934435845645e-16,0.0,0.0,0.0,0.0
1,0.05,anomaly_detection,lstm_autoencoder,raw,pr_auc,5,0.561001698584242,0.561001698584242,0.0,0.0,0.561001698584242,0.561001698584242,0.0,0.0,0.0,0.0,0.0,0.0
1,0.05,anomaly_detection,lstm_autoencoder,raw,precision,5,0.4982578397212543,0.4982578397212543,0.0,0.0,0.4982578397212543,0.4982578397212543,0.0,0.0,0.0,0.0,0.0,0.0
1,0.05,anomaly_detection,lstm_autoencoder,raw,recall,5,0.5860655737704918,0.5860655737704918,0.0,0.0,0.5860655737704918,0.5860655737704918,0.0,0.0,0.0,0.0,0.0,0.0
1,0.05,anomaly_detection,lstm_autoencoder,raw,roc_auc,5,0.9493396177043947,0.9493396177043946,1.2412670766236366e-16,1.5407439555097887e-32,0.9493396177043946,0.9493396177043946,0.0,1.307505821388929e-16,0.0,0.0,0.0,0.0
1,0.05,anomaly_detection,lstm_autoencoder,raw,threshold,5,0.0007370078528765,0.0007370078528765,0.0,0.0,0.0007370078528765,0.0007370078528765,0.0,0.0,0.0,0.0,0.0,0.0
1,0.05,anomaly_detection,lstm_autoencoder,residual,detection_latency,5,0.0,0.0,0.0,0.0,0.0,0.0,0.0,0.0,0.0,0.0,0.0,0.0
1,0.05,anomaly_detection,lstm_autoencoder,residual,f1,5,0.19940287081339708,0.0887272727272727,0.2474781607710198,0.06124544005860672,0.0887272727272727,0.6421052631578947,0.5533779904306221,1.2410962779097197,0.06868421052631576,0.15358256371774864,0.06717012973315048,0.15019697614080427
1,0.05,anomaly_detection,lstm_autoencoder,residual,false_positive_rate,5,0.8108539505187551,1.0,0.4229434243156027,0.17888114017180795,0.0542697525937749,1.0,0.9457302474062251,0.5216024711293801,4.745454545454578,10.611158947771802,0.01041500399042298,0.023288656908517353
1,0.05,anomaly_detection,lstm_autoencoder,residual,pr_auc,5,0.21241487516806545,0.1327603159226355,0.18263177202717118,0.03335436415378462,0.1244604876873564,0.5390090549140275,0.4145485672266711,0.8597880533680634,0.09338849569634414,0.2057092508045944,0.09237411029254669,0.20606666366794285
1,0.05,anomaly_detection,lstm_autoencoder,residual,precision,5,0.13171215178223775,0.0464231354642313,0.19071203822115124,0.036371081522465855,0.0464231354642313,0.4728682170542636,0.42644508159003225,1.4479456575613399,0.10116279069767442,0.22620687679358334,0.09679890560875512,0.2164489330887621
1,0.05,anomaly_detection,lstm_autoencoder,residual,recall,5,1.0,1.0,0.0,0.0,1.0,1.0,0.0,0.0,0.0,0.0,0.0,0.0
1,0.05,anomaly_detection,lstm_autoencoder,residual,roc_auc,5,0.7839514672981565,0.7422898159172084,0.10660402432038998,0.011364418001302298,0.7180103816414376,0.9736051509164888,0.2555947692750512,0.13598293869873682,0.006337274655331159,0.011532432948473857,0.0060692044012402805,0.011537185537528617
1,0.05,anomaly_detection,lstm_autoencoder,residual,threshold,5,0.0003816792741417,0.0003816792741417,0.0,0.0,0.0003816792741417,0.0003816792741417,0.0,0.0,0.0,0.0,0.0,0.0
1,0.05,load_estimation,lstm,raw,mae,5,0.2785847869494347,0.2773588653643182,0.00289365019536606,8.373211453142037e-06,0.2761001738403031,0.2828327607133524,0.006732586873049284,0.010386964152106696,0.004398661021585025,0.005633409686895073,0.0012232549555461492,0.0015719226391385764
1,0.05,load_estimation,lstm,raw,mape,5,9.001818912346518,8.959365985897191,0.1209595279454286,0.01463120740078092,8.887366841945836,9.206101408408946,0.31873456646311027,0.013437231866498176,0.0034875047290346983,0.003602700303445945,0.03151228667427475,0.03294241339837005
1,0.05,load_estimation,lstm,raw,r2,5,0.9677356006698992,0.967610011207845,0.0007564325933362497,5.721902682614042e-07,0.9670390806216465,0.9690171804615724,0.0019780998399259175,0.0007816521297889853,-0.00019303797675994952,0.0002681336214743754,-0.00018694140459831753,0.00025961635404983963
1,0.05,load_estimation,lstm,raw,rmse,5,0.41856188242041836,0.4193990483729569,0.0049361027583134185,2.436511044062934e-05,0.4101875840236717,0.4230792251779763,0.012891641154304578,0.011793005922492059,0.002949167852900738,0.004068323147860503,0.001221211382366294,0.0016895676187843075
1,0.05,load_estimation,persistence,raw,mae,5,0.4540882228875088,0.458412524329745,0.012194000497984091,0.00014869364814483628,0.4356026972220187,0.4680887091468277,0.03248601192480899,0.026853813605742665,0.02155457134858257,0.002884779268151213,0.009562169407782128,0.0011161344661587014
1,0.05,load_estimation,persistence,raw,mape,5,14.302282369501066,14.26211453849884,0.5020325086703056,0.25203663976180046,13.591749779884216,14.953406180024844,1.3616564001406282,0.035101566008853655,0.01679005223428711,0.0050492581393406,0.23472644557105654,0.06398751602426532
1,0.05,load_estimation,persistence,raw,r2,5,0.9293662886663011,0.9280887003275624,0.003923549230995369,1.5394238568044346e-05,0.9244997328237532,0.9347585141418276,0.01025878131807445,0.004221746881550769,-0.002953314259020907,0.0004662572228206684,-0.002753823681908707,0.0004418796038607517
1,0.05,load_estimation,persistence,raw,rmse,5,0.6183021655746753,0.6240627737593011,0.017236071283769548,0.00029708215329918525,0.5944175588253224,0.6394461138391615,0.04502855501383907,0.027876453040965234,0.020234765802250247,0.004007649350080391,0.012216302413804581,0.0021662179822986923
1,0.05,load_estimation,xgboost,raw,mae,5,0.2761556960268107,0.2751175934275898,0.0020336716530773347,4.1358203925303e-06,0.2741973286259301,0.2788980480289169,0.004700719402986775,0.007364221279288386,0.008324645402475267,0.0036737213971697606,0.0022827216842221778,0.0010158531235978858
1,0.05,load_estimation,xgboost,raw,mape,5,9.128556110574369,9.125493651918465,0.07895239735339227,0.006233481047847942,9.035813246854516,9.23864215576086,0.2028289089063442,0.008648946930603309,0.007592717656721082,0.002960365253283376,0.06889304649237396,0.027162155375226232
1,0.05,load_estimation,xgboost,raw,r2,5,0.9683367488773793,0.9682650197839812,0.0005093838454655551,2.5947190202127646e-07,0.9677920456661242,0.9689826160654416,0.0011905703993173589,0.0005260399815003391,-0.00047197622401334556,0.0002642596644870203,-0.0004572488732816016,0.0002559834538484864
1,0.05,load_estimation,xgboost,raw,rmse,5,0.41409139299087433,0.4145709092350699,0.003333443179267067,1.1111843429402131e-05,0.4098569378381199,0.4176488394898681,0.007791901651748201,0.00805001802908888,0.007294676170993183,0.004049298188026512,0.00299848116976007,0.0016674852026704705
1,0.1,anomaly_detection,isolation_forest,raw,detection_latency,5,3.2459016393442623,3.2459016393442623,0.0,0.0,3.2459016393442623,3.2459016393442623,0.0,0.0,0.0,0.0,0.0,0.0
1,0.1,anomaly_detection,isolation_forest,raw,f1,5,0.1176470588235294,0.1176470588235294,0.0,0.0,0.1176470588235294,0.1176470588235294,0.0,0.0,0.0,0.0,0.0,0.0
1,0.1,anomaly_detection,isolation_forest,raw,false_positive_rate,5,0.0438946528332003,0.0438946528332003,0.0,0.0,0.0438946528332003,0.0438946528332003,0.0,0.0,0.0,0.0,0.0,0.0
1,0.1,anomaly_detection,isolation_forest,raw,pr_auc,5,0.09385708598261,0.09385708598261,0.0,0.0,0.09385708598261,0.09385708598261,0.0,0.0,0.0,0.0,0.0,0.0
1,0.1,anomaly_detection,isolation_forest,raw,precision,5,0.1164658634538152,0.1164658634538152,0.0,0.0,0.1164658634538152,0.1164658634538152,0.0,0.0,0.0,0.0,0.0,0.0
1,0.1,anomaly_detection,isolation_forest,raw,recall,5,0.11885245901639338,0.1188524590163934,1.5515838457795457e-17,2.407412430484045e-34,0.1188524590163934,0.1188524590163934,0.0,1.30547054610417e-16,0.0,0.0,0.0,0.0
1,0.1,anomaly_detection,isolation_forest,raw,roc_auc,5,0.7138596875695052,0.7138596875695052,0.0,0.0,0.7138596875695052,0.7138596875695052,0.0,0.0,0.0,0.0,0.0,0.0
1,0.1,anomaly_detection,isolation_forest,raw,threshold,5,0.5031683371451802,0.5031683371451802,0.0,0.0,0.5031683371451802,0.5031683371451802,0.0,0.0,0.0,0.0,0.0,0.0
1,0.1,anomaly_detection,isolation_forest,residual,detection_latency,5,0.0,0.0,0.0,0.0,0.0,0.0,0.0,0.0,0.0,0.0,0.0,0.0
1,0.1,anomaly_detection,isolation_forest,residual,f1,5,0.0887272727272727,0.0887272727272727,0.0,0.0,0.0887272727272727,0.0887272727272727,0.0,0.0,0.0,0.0,0.0,0.0
1,0.1,anomaly_detection,isolation_forest,residual,false_positive_rate,5,1.0,1.0,0.0,0.0,1.0,1.0,0.0,0.0,0.0,0.0,0.0,0.0
1,0.1,anomaly_detection,isolation_forest,residual,pr_auc,5,0.10384701581900906,0.0803766725270241,0.05139529839543365,0.0026414766971556646,0.0769518227540945,0.1955281123000514,0.1185762895459569,0.49491358023237303,0.21272464111115225,0.331227429662378,0.165373334668132,0.3572699685293896
1,0.1,anomaly_detection,isolation_forest,residual,precision,5,0.0464231354642313,0.0464231354642313,0.0,0.0,0.0464231354642313,0.0464231354642313,0.0,0.0,0.0,0.0,0.0,0.0
1,0.1,anomaly_detection,isolation_forest,residual,recall,5,1.0,1.0,0.0,0.0,1.0,1.0,0.0,0.0,0.0,0.0,0.0,0.0
1,0.1,anomaly_detection,isolation_forest,residual,roc_auc,5,0.7254913617154892,0.6833713840880249,0.10304587261135016,0.010618451862234604,0.6711474428584512,0.909603018329779,0.23845557547132779,0.14203597458099154,0.027632818152432882,0.03545067869588138,0.024645195792393392,0.03691946023011838
1,0.1,anomaly_detection,isolation_forest,residual,threshold,5,0.2937656541960819,0.2937656541960819,0.0,0.0,0.2937656541960819,0.2937656541960819,0.0,0.0,0.0,0.0,0.0,0.0
1,0.1,anomaly_detection,lstm_autoencoder,raw,detection_latency,5,1.3442622950819672,1.3442622950819672,0.0,0.0,1.3442622950819672,1.3442622950819672,0.0,0.0,0.0,0.0,0.0,0.0
1,0.1,anomaly_detection,lstm_autoencoder,raw,f1,5,0.5386064030131827,0.5386064030131827,0.0,0.0,0.5386064030131827,0.5386064030131827,0.0,0.0,0.0,0.0,0.0,0.0
1,0.1,anomaly_detection,lstm_autoencoder,raw,false_positive_rate,5,0.028731045490821998,0.028731045490822,3.878959614448864e-18,1.504632769052528e-35,0.028731045490822,0.028731045490822,0.0,1.3500934435845645e-16,0.0,0.0,0.0,0.0
1,0.1,anomaly_detection,lstm_autoencoder,raw,pr_auc,5,0.561001698584242,0.561001698584242,0.0,0.0,0.561001698584242,0.561001698584242,0.0,0.0,0.0,0.0,0.0,0.0
1,0.1,anomaly_detection,lstm_autoencoder,raw,precision,5,0.4982578397212543,0.4982578397212543,0.0,0.0,0.4982578397212543,0.4982578397212543,0.0,0.0,0.0,0.0,0.0,0.0
1,0.1,anomaly_detection,lstm_autoencoder,raw,recall,5,0.5860655737704918,0.5860655737704918,0.0,0.0,0.5860655737704918,0.5860655737704918,0.0,0.0,0.0,0.0,0.0,0.0
1,0.1,anomaly_detection,lstm_autoencoder,raw,roc_auc,5,0.9493396177043947,0.9493396177043946,1.2412670766236366e-16,1.5407439555097887e-32,0.9493396177043946,0.9493396177043946,0.0,1.307505821388929e-16,0.0,0.0,0.0,0.0
1,0.1,anomaly_detection,lstm_autoencoder,raw,threshold,5,0.0007370078528765,0.0007370078528765,0.0,0.0,0.0007370078528765,0.0007370078528765,0.0,0.0,0.0,0.0,0.0,0.0
1,0.1,anomaly_detection,lstm_autoencoder,residual,detection_latency,5,0.0,0.0,0.0,0.0,0.0,0.0,0.0,0.0,0.0,0.0,0.0,0.0
1,0.1,anomaly_detection,lstm_autoencoder,residual,f1,5,0.16799971082595333,0.0887272727272727,0.17725856033079412,0.031420597210545784,0.0887272727272727,0.485089463220676,0.39636219049340327,1.0551122942969402,0.10079522862823061,0.2253849830203565,0.09857328972059423,0.22041657658102995
1,0.1,anomaly_detection,lstm_autoencoder,residual,false_positive_rate,5,0.8206703910614526,1.0,0.4009931959650462,0.16079554321026193,0.1033519553072625,1.0,0.8966480446927375,0.48861662408266343,9.21818181818188,20.612481174407293,0.0202314445331205,0.045238885259073935
1,0.1,anomaly_detection,lstm_autoencoder,residual,pr_auc,5,0.18466979228069344,0.1323143299181876,0.12124566115624828,0.014700510349215774,0.1260272821177377,0.4014183782332302,0.2753910961154925,0.6565538394712543,0.12247558200485475,0.2667826420046104,0.12011919317991873,0.26747895301891295
1,0.1,anomaly_detection,lstm_autoencoder,residual,precision,5,0.10118050312204119,0.0464231354642313,0.12244119635181139,0.01499184656406283,0.0464231354642313,0.3202099737532808,0.2737868382890495,1.2101263837769825,0.13307086614173227,0.2975555025176886,0.12733055426895165,0.2847197749581019
1,0.1,anomaly_detection,lstm_autoencoder,residual,recall,5,1.0,1.0,0.0,0.0,1.0,1.0,0.0,0.0,0.0,0.0,0.0,0.0
1,0.1,anomaly_detection,lstm_autoencoder,residual,roc_auc,5,0.7791534742846676,0.7435891565161645,0.09622561898518502,0.009259369749081998,0.7207071879947144,0.9503086036136223,0.2296014156189079,0.12350021165410154,0.011156820146593647,0.022452016923841047,0.010867197414729168,0.022201308417596884
1,0.1,anomaly_detection,lstm_autoencoder,residual,threshold,5,0.0003816792741417,0.0003816792741417,0.0,0.0,0.0003816792741417,0.0003816792741417,0.0,0.0,0.0,0.0,0.0,0.0
1,0.1,load_estimation,lstm,raw,mae,5,0.28027284914418016,0.2788088297310874,0.0036379853828637076,1.3234937645929997e-05,0.2775761650598644,0.2865765784316643,0.009000413371799909,0.012980156279755184,0.010488990818094608,0.010197398967608838,0.002911317150291637,0.0028474590088317445
1,0.1,load_estimation,lstm,raw,mape,5,9.040592606236435,9.013588747109727,0.14819591841187812,0.02196203023394004,8.915641155955338,9.292334234355447,0.376693078400109,0.01639227923063901,0.007788758903859763,0.006943606142311765,0.07028598056419177,0.06348434659945487
1,0.1,load_estimation,lstm,raw,r2,5,0.9675008466108437,0.967499788270424,0.0007856060342971957,6.171768411241667e-07,0.9667123392037508,0.9687679689712984,0.0020556297675475843,0.0008119951905460076,-0.00043550411933932604,0.0005381758369686149,-0.0004216954636537595,0.0005210734163032099
1,0.1,load_estimation,lstm,raw,rmse,5,0.4200804325477199,0.4201120485262901,0.005100996640053985,2.6020166721842042e-05,0.4118339597188782,0.4251710449631362,0.013337085244257973,0.012142904655466252,0.006604148429862053,0.008127192261052624,0.002739761509667682,0.003375683001383662
1,0.1,load_estimation,persistence,raw,mae,5,0.46465249758106025,0.4684022513177115,0.01269198395143877,0.0001610864566235793,0.4461507113193994,0.4804504230232906,0.034299711703891234,0.02731500210912911,0.04531199359211814,0.00323677943727284,0.02012644410133361,0.0012722576485042411
1,0.1,load_estimation,persistence,raw,mape,5,14.555879522929075,14.518688649007425,0.4991194831173156,0.24912025842729627,13.884994864836248,15.22745767394809,1.3424628091118418,0.03428988831152938,0.03484894876155878,0.006229119926760231,0.4883235989990656,0.07241380829598647
1,0.1,load_estimation,persistence,raw,r2,5,0.9262937856995068,0.9252328903378793,0.004258330619319184,1.8133379663431306e-05,0.9204742000614116,0.931747989030246,0.011273788968834464,0.004597170665571757,-0.006250936041190397,0.0003251532973489089,-0.005826326648703017,0.0002965089359643236
1,0.1,load_estimation,persistence,raw,rmse,5,0.6315922888225298,0.6363338175136465,0.018246687023019743,0.0003329415873160371,0.6079773975561282,0.6562717822003715,0.04829438464424329,0.02888997751545832,0.04213892307552721,0.0030428496587441047,0.025506425661659015,0.0013612178887967576
1,0.1,load_estimation,xgboost,raw,mae,5,0.2784630560983805,0.2790433718869675,0.0016922692784809876,2.8637753108905624e-06,0.276428066477565,0.2804414209210891,0.004013354443524075,0.006077176995009032,0.016755173349109732,0.0032254722312539045,0.004590081755791997,0.0008909167036446312
1,0.1,load_estimation,xgboost,raw,mape,5,9.190897294131663,9.2173995008991,0.06872298581307089,0.004722848779063543,9.102831471917636,9.272038610209748,0.1692071382921121,0.007477287974586566,0.014480443027025234,0.0025281287146203288,0.13123423004966667,0.02317372137731387
1,0.1,load_estimation,xgboost,raw,r2,5,0.9679255847084484,0.9676889470864276,0.0005334251360373523,2.8454237575646783e-07,0.967424688281706,0.9686579266356616,0.0012332383539556124,0.0005511013909173883,-0.0008963929527594488,0.00027482821342473065,-0.0008684130422125014,0.00026618707106228743
1,0.1,load_estimation,xgboost,raw,rmse,5,0.41677055332693846,0.4183167583288753,0.0034719578648047473,1.205449141497954e-05,0.4119965406943331,0.4200238952517275,0.008027354557394395,0.008330621818382516,0.01381027243306423,0.004173987160249963,0.0056776415058242494,0.0017217585870058568
1,0.2,anomaly_detection,isolation_forest,raw,detection_latency,5,3.2459016393442623,3.2459016393442623,0.0,0.0,3.2459016393442623,3.2459016393442623,0.0,0.0,0.0,0.0,0.0,0.0
1,0.2,anomaly_detection,isolation_forest,raw,f1,5,0.1176470588235294,0.1176470588235294,0.0,0.0,0.1176470588235294,0.1176470588235294,0.0,0.0,0.0,0.0,0.0,0.0
1,0.2,anomaly_detection,isolation_forest,raw,false_positive_rate,5,0.0438946528332003,0.0438946528332003,0.0,0.0,0.0438946528332003,0.0438946528332003,0.0,0.0,0.0,0.0,0.0,0.0
1,0.2,anomaly_detection,isolation_forest,raw,pr_auc,5,0.09385708598261,0.09385708598261,0.0,0.0,0.09385708598261,0.09385708598261,0.0,0.0,0.0,0.0,0.0,0.0
1,0.2,anomaly_detection,isolation_forest,raw,precision,5,0.1164658634538152,0.1164658634538152,0.0,0.0,0.1164658634538152,0.1164658634538152,0.0,0.0,0.0,0.0,0.0,0.0
1,0.2,anomaly_detection,isolation_forest,raw,recall,5,0.11885245901639338,0.1188524590163934,1.5515838457795457e-17,2.407412430484045e-34,0.1188524590163934,0.1188524590163934,0.0,1.30547054610417e-16,0.0,0.0,0.0,0.0
1,0.2,anomaly_detection,isolation_forest,raw,roc_auc,5,0.7138596875695052,0.7138596875695052,0.0,0.0,0.7138596875695052,0.7138596875695052,0.0,0.0,0.0,0.0,0.0,0.0
1,0.2,anomaly_detection,isolation_forest,raw,threshold,5,0.5031683371451802,0.5031683371451802,0.0,0.0,0.5031683371451802,0.5031683371451802,0.0,0.0,0.0,0.0,0.0,0.0
1,0.2,anomaly_detection,isolation_forest,residual,detection_latency,5,0.0,0.0,0.0,0.0,0.0,0.0,0.0,0.0,0.0,0.0,0.0,0.0
1,0.2,anomaly_detection,isolation_forest,residual,f1,5,0.0887272727272727,0.0887272727272727,0.0,0.0,0.0887272727272727,0.0887272727272727,0.0,0.0,0.0,0.0,0.0,0.0
1,0.2,anomaly_detection,isolation_forest,residual,false_positive_rate,5,1.0,1.0,0.0,0.0,1.0,1.0,0.0,0.0,0.0,0.0,0.0,0.0
1,0.2,anomaly_detection,isolation_forest,residual,pr_auc,5,0.08787161877265523,0.0822097265752292,0.01709199531747037,0.00029213630393242905,0.0734477885945234,0.1147960603087708,0.0413482717142474,0.19451098723572427,0.2259462940035888,0.3814234951314584,0.1813487317144858,0.3935581259065465
1,0.2,anomaly_detection,isolation_forest,residual,precision,5,0.0464231354642313,0.0464231354642313,0.0,0.0,0.0464231354642313,0.0464231354642313,0.0,0.0,0.0,0.0,0.0,0.0
1,0.2,anomaly_detection,isolation_forest,residual,recall,5,1.0,1.0,0.0,0.0,1.0,1.0,0.0,0.0,0.0,0.0,0.0,0.0
1,0.2,anomaly_detection,isolation_forest,residual,roc_auc,5,0.703926314549998,0.6744043803069355,0.07040254587609286,0.004956518465835361,0.664759495244201,0.8293080214043672,0.16454852616016624,0.10001408445868287,0.051710932033373645,0.06676930269223894,0.046210242957884694,0.06970062188568571
1,0.2,anomaly_detection,isolation_forest,residual,threshold,5,0.2937656541960819,0.2937656541960819,0.0,0.0,0.2937656541960819,0.2937656541960819,0.0,0.0,0.0,0.0,0.0,0.0
1,0.2,anomaly_detection,lstm_autoencoder,raw,detection_latency,5,1.3442622950819672,1.3442622950819672,0.0,0.0,1.3442622950819672,1.3442622950819672,0.0,0.0,0.0,0.0,0.0,0.0
1,0.2,anomaly_detection,lstm_autoencoder,raw,f1,5,0.5386064030131827,0.5386064030131827,0.0,0.0,0.5386064030131827,0.5386064030131827,0.0,0.0,0.0,0.0,0.0,0.0
1,0.2,anomaly_detection,lstm_autoencoder,raw,false_positive_rate,5,0.028731045490821998,0.028731045490822,3.878959614448864e-18,1.504632769052528e-35,0.028731045490822,0.028731045490822,0.0,1.3500934435845645e-16,0.0,0.0,0.0,0.0
1,0.2,anomaly_detection,lstm_autoencoder,raw,pr_auc,5,0.561001698584242,0.561001698584242,0.0,0.0,0.561001698584242,0.561001698584242,0.0,0.0,0.0,0.0,0.0,0.0
1,0.2,anomaly_detection,lstm_autoencoder,raw,precision,5,0.4982578397212543,0.4982578397212543,0.0,0.0,0.4982578397212543,0.4982578397212543,0.0,0.0,0.0,0.0,0.0,0.0
1,0.2,anomaly_detection,lstm_autoencoder,raw,recall,5,0.5860655737704918,0.5860655737704918,0.0,0.0,0.5860655737704918,0.5860655737704918,0.0,0.0,0.0,0.0,0.0,0.0
1,0.2,anomaly_detection,lstm_autoencoder,raw,roc_auc,5,0.9493396177043947,0.9493396177043946,1.2412670766236366e-16,1.5407439555097887e-32,0.9493396177043946,0.9493396177043946,0.0,1.307505821388929e-16,0.0,0.0,0.0,0.0
1,0.2,anomaly_detection,lstm_autoencoder,raw,threshold,5,0.0007370078528765,0.0007370078528765,0.0,0.0,0.0007370078528765,0.0007370078528765,0.0,0.0,0.0,0.0,0.0,0.0
1,0.2,anomaly_detection,lstm_autoencoder,residual,detection_latency,5,0.0,0.0,0.0,0.0,0.0,0.0,0.0,0.0,0.0,0.0,0.0,0.0
1,0.2,anomaly_detection,lstm_autoencoder,residual,f1,5,0.13566041327790826,0.0887272727272727,0.10494569266877307,0.01101359840972857,0.0887272727272727,0.3233929754804506,0.23466570275317788,0.773591131952294,0.13386348575215373,0.2993278538468903,0.13091258726863933,0.29272944424305103
1,0.2,anomaly_detection,lstm_autoencoder,residual,false_positive_rate,5,0.8407422186751795,1.0,0.35611122498809505,0.12681520456252166,0.2037110933758978,1.0,0.7962889066241022,0.4235676727989778,18.363636363636495,41.062339223178256,0.040303272146847556,0.09012085623602502
1,0.2,anomaly_detection,lstm_autoencoder,residual,pr_auc,5,0.16120706823243167,0.1339307033653,0.0686466522897333,0.004712362870587545,0.1257191634219748,0.2837795341596269,0.1580603707376521,0.42582904733902327,0.14520890684672616,0.32072828366683603,0.14358191722818045,0.32014063553556443
1,0.2,anomaly_detection,lstm_autoencoder,residual,precision,5,0.07571558347019924,0.0464231354642313,0.06549990496872252,0.004290237550911681,0.0464231354642313,0.1928853754940711,0.1464622400298398,0.8650782569020616,0.15968379446640316,0.35706381933198217,0.1527954739207936,0.3416610663411908
1,0.2,anomaly_detection,lstm_autoencoder,residual,recall,5,1.0,1.0,0.0,0.0,1.0,1.0,0.0,0.0,0.0,0.0,0.0,0.0
1,0.2,anomaly_detection,lstm_autoencoder,residual,roc_auc,5,0.7673362618240811,0.7393558737718001,0.07665438909302659,0.005875895367225115,0.720396458336059,0.9034571127654284,0.18306065442936936,0.09989673746266968,0.023809413199328035,0.04179492660852262,0.022684409875315593,0.04190640692330324
1,0.2,anomaly_detection,lstm_autoencoder,residual,threshold,5,0.0003816792741417,0.0003816792741417,0.0,0.0,0.0003816792741417,0.0003816792741417,0.0,0.0,0.0,0.0,0.0,0.0
1,0.2,load_estimation,lstm,raw,mae,5,0.28808951422973633,0.2858751653007538,0.007000509660562222,4.9007135507625e-05,0.2838839410983785,0.3004847857684677,0.01660084467008921,0.024299772517855967,0.038664766442303,0.023326670264637674,0.010727982235847833,0.006516421761636605
1,0.2,load_estimation,lstm,raw,mape,5,9.217290977360546,9.171423424412827,0.2289424084064003,0.052414626366922984,9.048865167179498,9.608616446476796,0.5597512792972985,0.02483836183198808,0.027423775098851532,0.01587287187995904,0.24698435168830243,0.14598901145461105
1,0.2,load_estimation,lstm,raw,r2,5,0.9663058279752936,0.9667162541037416,0.0010734851975544972,1.1523704693686178e-06,0.9648298917345818,0.9675658160345202,0.002735924299938408,0.0011109166130186519,-0.0016699582000073876,0.0011320747404805762,-0.001616714099203831,0.0010964309628002922
1,0.2,load_estimation,lstm,raw,rmse,5,0.42771602478093806,0.4251460424393363,0.006800783921771484,4.6250661950625525e-05,0.4196850795801488,0.4370276294053901,0.017342549825241305,0.0159002317606749,0.02494170061770238,0.016878662051046014,0.010375353742885896,0.006976743988081795
1,0.2,load_estimation,persistence,raw,mae,5,0.49111725732661454,0.4920262407335698,0.010348371115064859,0.00010708878473510871,0.4770304416185826,0.5044602527420633,0.027429811123480696,0.021071080196603104,0.10501630270352749,0.010062723773309286,0.046591203846887905,0.0032697798834965663
1,0.2,load_estimation,persistence,raw,mape,5,15.25062643053326,15.120578231514704,0.43624891651805436,0.19031311716317637,14.694883121170529,15.806540790489112,1.1116576693185838,0.02860531129689473,0.08445475348789522,0.014084446893004775,1.1830705066032483,0.15810427859526688
1,0.2,load_estimation,persistence,raw,r2,5,0.9179857937598589,0.917427434327094,0.0035379330093828236,1.2516969978880602e-05,0.9131361021899016,0.922445136135814,0.009309033945912426,0.003854017168274754,-0.015161279592349785,0.0007476979384584622,-0.014134318588350948,0.0007537290270367774
1,0.2,load_estimation,persistence,raw,rmse,5,0.6663363725676157,0.6687250588465831,0.01436585362171062,0.00020637775028041613,0.6480883699106799,0.6858819355980028,0.03779356568732295,0.02155946187712102,0.09966830354443561,0.010748741572560375,0.060250509406745034,0.004665915308690971
1,0.2,load_estimation,xgboost,raw,mae,5,0.28737321911065,0.2887814064684524,0.002865151400310139,8.209092546699151e-06,0.282902440660076,0.2895491203488824,0.0066466796888063895,0.009970140603835958,0.04928570481502693,0.008462918221302115,0.013500244768061432,0.0023296669332352957
1,0.2,load_estimation,xgboost,raw,mape,5,9.428734041905804,9.458809889812729,0.08789730908005375,0.0077259369435145,9.30155204264908,9.526777757360994,0.22522571471191455,0.009322281091968027,0.04072550351273278,0.004690692260981292,0.36907097782380804,0.0435919839327746
1,0.2,load_estimation,xgboost,raw,r2,5,0.9660609424960445,0.9657699790151596,0.0008441679177751404,7.126194734008163e-07,0.9652399849900684,0.9673942360552856,0.002154251065217272,0.0008738247046754992,-0.002821206009955094,0.0005116334034471237,-0.002733055254616268,0.0004950316072377273
1,0.2,load_estimation,xgboost,raw,rmse,5,0.42869901225104334,0.4305596137136838,0.005356007568935118,2.8686817078490272e-05,0.4202201738784407,0.4338800542102681,0.013659880331827412,0.012493631699339385,0.04280386330121343,0.007335067565173401,0.017606100429929095,0.0030750926073108593
5,0.0,anomaly_detection,isolation_forest,raw,detection_latency,5,3.2459016393442623,3.2459016393442623,0.0,0.0,3.2459016393442623,3.2459016393442623,0.0,0.0,0.0,0.0,0.0,0.0
5,0.0,anomaly_detection,isolation_forest,raw,f1,5,0.1176470588235294,0.1176470588235294,0.0,0.0,0.1176470588235294,0.1176470588235294,0.0,0.0,0.0,0.0,0.0,0.0
5,0.0,anomaly_detection,isolation_forest,raw,false_positive_rate,5,0.0438946528332003,0.0438946528332003,0.0,0.0,0.0438946528332003,0.0438946528332003,0.0,0.0,0.0,0.0,0.0,0.0
5,0.0,anomaly_detection,isolation_forest,raw,pr_auc,5,0.09385708598261,0.09385708598261,0.0,0.0,0.09385708598261,0.09385708598261,0.0,0.0,0.0,0.0,0.0,0.0
5,0.0,anomaly_detection,isolation_forest,raw,precision,5,0.1164658634538152,0.1164658634538152,0.0,0.0,0.1164658634538152,0.1164658634538152,0.0,0.0,0.0,0.0,0.0,0.0
5,0.0,anomaly_detection,isolation_forest,raw,recall,5,0.11885245901639338,0.1188524590163934,1.5515838457795457e-17,2.407412430484045e-34,0.1188524590163934,0.1188524590163934,0.0,1.30547054610417e-16,0.0,0.0,0.0,0.0
5,0.0,anomaly_detection,isolation_forest,raw,roc_auc,5,0.7138596875695052,0.7138596875695052,0.0,0.0,0.7138596875695052,0.7138596875695052,0.0,0.0,0.0,0.0,0.0,0.0
5,0.0,anomaly_detection,isolation_forest,raw,threshold,5,0.5031683371451802,0.5031683371451802,0.0,0.0,0.5031683371451802,0.5031683371451802,0.0,0.0,0.0,0.0,0.0,0.0
5,0.0,anomaly_detection,isolation_forest,residual,detection_latency,5,0.0,0.0,0.0,0.0,0.0,0.0,0.0,0.0,0.0,0.0,0.0,0.0
5,0.0,anomaly_detection,isolation_forest,residual,f1,5,0.0887272727272727,0.0887272727272727,0.0,0.0,0.0887272727272727,0.0887272727272727,0.0,0.0,0.0,0.0,0.0,0.0
5,0.0,anomaly_detection,isolation_forest,residual,false_positive_rate,5,1.0,1.0,0.0,0.0,1.0,1.0,0.0,0.0,0.0,0.0,0.0,0.0
5,0.0,anomaly_detection,isolation_forest,residual,pr_auc,5,0.056457355132901975,0.0569000420893729,0.0012647141968116574,1.5995019996169556e-06,0.0542510477863179,0.0573902729008182,0.0031392251145002936,0.022401229987385873,0.4612530323973176,0.271926461040707,0.212762995354239,0.40976525260525126
5,0.0,anomaly_detection,isolation_forest,residual,precision,5,0.0464231354642313,0.0464231354642313,0.0,0.0,0.0464231354642313,0.0464231354642313,0.0,0.0,0.0,0.0,0.0,0.0
5,0.0,anomaly_detection,isolation_forest,residual,recall,5,1.0,1.0,0.0,0.0,1.0,1.0,0.0,0.0,0.0,0.0,0.0,0.0
5,0.0,anomaly_detection,isolation_forest,residual,roc_auc,5,0.5971467657948792,0.6021666852014183,0.01014224109058353,0.00010286505433952099,0.5802054577211414,0.604823014928107,0.024617557206965568,0.016984503092942152,0.18434001032403247,0.13170582413170087,0.1529897917130036,0.14918456438079875
5,0.0,anomaly_detection,isolation_forest,residual,threshold,5,0.2937656541960819,0.2937656541960819,0.0,0.0,0.2937656541960819,0.2937656541960819,0.0,0.0,0.0,0.0,0.0,0.0
5,0.0,anomaly_detection,lstm_autoencoder,raw,detection_latency,5,1.3442622950819672,1.3442622950819672,0.0,0.0,1.3442622950819672,1.3442622950819672,0.0,0.0,0.0,0.0,0.0,0.0
5,0.0,anomaly_detection,lstm_autoencoder,raw,f1,5,0.5386064030131827,0.5386064030131827,0.0,0.0,0.5386064030131827,0.5386064030131827,0.0,0.0,0.0,0.0,0.0,0.0
5,0.0,anomaly_detection,lstm_autoencoder,raw,false_positive_rate,5,0.028731045490821998,0.028731045490822,3.878959614448864e-18,1.504632769052528e-35,0.028731045490822,0.028731045490822,0.0,1.3500934435845645e-16,0.0,0.0,0.0,0.0
5,0.0,anomaly_detection,lstm_autoencoder,raw,pr_auc,5,0.561001698584242,0.561001698584242,0.0,0.0,0.561001698584242,0.561001698584242,0.0,0.0,0.0,0.0,0.0,0.0
5,0.0,anomaly_detection,lstm_autoencoder,raw,precision,5,0.4982578397212543,0.4982578397212543,0.0,0.0,0.4982578397212543,0.4982578397212543,0.0,0.0,0.0,0.0,0.0,0.0
5,0.0,anomaly_detection,lstm_autoencoder,raw,recall,5,0.5860655737704918,0.5860655737704918,0.0,0.0,0.5860655737704918,0.5860655737704918,0.0,0.0,0.0,0.0,0.0,0.0
5,0.0,anomaly_detection,lstm_autoencoder,raw,roc_auc,5,0.9493396177043947,0.9493396177043946,1.2412670766236366e-16,1.5407439555097887e-32,0.9493396177043946,0.9493396177043946,0.0,1.307505821388929e-16,0.0,0.0,0.0,0.0
5,0.0,anomaly_detection,lstm_autoencoder,raw,threshold,5,0.0007370078528765,0.0007370078528765,0.0,0.0,0.0007370078528765,0.0007370078528765,0.0,0.0,0.0,0.0,0.0,0.0
5,0.0,anomaly_detection,lstm_autoencoder,residual,detection_latency,5,0.0,0.0,0.0,0.0,0.0,0.0,0.0,0.0,0.0,0.0,0.0,0.0
5,0.0,anomaly_detection,lstm_autoencoder,residual,f1,5,0.0926851759759031,0.0887272727272727,0.008850140712304827,7.832499062759541e-05,0.0887272727272727,0.1085167889704247,0.019789516243152006,0.09548604314681071,0.17780742717367132,0.3975894940646723,0.1738878245706445,0.38882499619951927
5,0.0,anomaly_detection,lstm_autoencoder,residual,false_positive_rate,5,0.9599760574620909,1.0,0.08949625624231003,0.008009579881389216,0.7998802873104549,1.0,0.2001197126895451,0.09322759202861078,72.69090909090963,162.54181407353138,0.15953711093375897,0.35673582498181
5,0.0,anomaly_detection,lstm_autoencoder,residual,pr_auc,5,0.12260028049640911,0.1244056932190602,0.008088970266526945,6.543143997275702e-05,0.1085084346012759,0.128019774630988,0.019511340029712082,0.0659783993460265,0.22760371384260178,0.3696197525192787,0.18218870496420303,0.3878713738396778
5,0.0,anomaly_detection,lstm_autoencoder,residual,precision,5,0.04861276183952516,0.0464231354642313,0.004896153420483541,2.397231831691267e-05,0.0464231354642313,0.0573712673407006,0.010948131876469307,0.10071745021700593,0.18800846461321422,0.4203997072205106,0.1798982955514677,0.4022648178894298
5,0.0,anomaly_detection,lstm_autoencoder,residual,recall,5,1.0,1.0,0.0,0.0,1.0,1.0,0.0,0.0,0.0,0.0,0.0,0.0
5,0.0,anomaly_detection,lstm_autoencoder,residual,roc_auc,5,0.6930803775855979,0.6929745659597295,0.008050970912855275,6.48181326396417e-05,0.68359870736462,0.7027044928237803,0.019105785459160307,0.011616215338402004,0.11008110363656429,0.10611693609059915,0.0969402941137989,0.11279978197482592
5,0.0,anomaly_detection,lstm_autoencoder,residual,threshold,5,0.0003816792741417,0.0003816792741417,0.0,0.0,0.0003816792741417,0.0003816792741417,0.0,0.0,0.0,0.0,0.0,0.0
5,0.0,load_estimation,lstm,raw,mae,5,0.5528407457748244,0.545224902394304,0.02407873213563036,0.0005797853412594382,0.5344382980096278,0.5946790087002084,0.06024071069058057,0.04355455403686504,0.9931586667719599,0.08365843753987688,0.2754792137809358,0.02363411119840278
5,0.0,load_estimation,lstm,raw,mape,5,15.559932801848698,15.260972937471529,0.5742080827550095,0.3297149223011838,15.1946153129267,16.546755775297946,1.3521404623712456,0.03690299245294858,0.7342632997576657,0.0473588638373324,6.589626176176455,0.4897249765643159
5,0.0,load_estimation,lstm,raw,r2,5,0.9030964823725913,0.9054168810685048,0.00834543478726134,6.964628178843173e-05,0.8885737159216507,0.9089853779553142,0.020411662033663514,0.009240911630323742,-0.06697229507160908,0.00886605956955678,-0.0648260597019061,0.008602602899287168
5,0.0,load_estimation,lstm,raw,rmse,5,0.7249100806710953,0.7166858951447286,0.030518357714406405,0.0009313701575844689,0.7030361012185283,0.777885839324871,0.07484973810634266,0.04209950796401345,0.7374224977219331,0.08227602077774097,0.30756940963304324,0.03238856895774559
5,0.0,load_estimation,persistence,raw,mae,5,0.8492904758026973,0.8492584834768347,0.011739665901398976,0.00013781975547646984,0.8313313724198116,0.8607347878645907,0.02940341544477909,0.013822910106584397,0.9114218669506741,0.042940054661594715,0.4047644223229708,0.010341710639559888
5,0.0,load_estimation,persistence,raw,mape,5,24.655475418426857,24.72205174049761,0.4569673779471944,0.20881918450793402,24.00331914685436,25.12380949883275,1.1204903519783898,0.018534113424787946,0.753938151003403,0.04700302231698349,10.58791949449685,0.3442347269792042
5,0.0,load_estimation,persistence,raw,r2,5,0.7682547914027948,0.7683667867253379,0.0058905086250060365,3.469809186127051e-05,0.7621074913676852,0.777230113620099,0.015122622252413787,0.0076673893751450116,-0.17580066317596202,0.004647005993023651,-0.1638653209454149,0.004311754049637639
5,0.0,load_estimation,persistence,raw,rmse,5,1.1202290743049068,1.120031208549931,0.014285876068077926,0.00020408625503248165,1.098393488787919,1.1350633242297103,0.036669835441791365,0.012752638184241199,0.8493175572797529,0.04461542815766763,0.514143211144036,0.013748735760683826
5,0.0,load_estimation,xgboost,raw,mae,5,0.5127310491860186,0.5156683636265077,0.009061064671016193,8.210289297233778e-05,0.4985454064798137,0.5226819838653779,0.024136577385564184,0.0176721590888654,0.872175120867601,0.03419106015082683,0.23885807484342997,0.009155472745876721
5,0.0,load_estimation,xgboost,raw,mape,5,15.115543303284639,15.196099811584157,0.23276094561886776,0.054177657805389516,14.74498499773318,15.351534295499333,0.6065492977661524,0.015398781304029496,0.6684464789394338,0.02387825820809881,6.055880239202641,0.21799540529450434
5,0.0,load_estimation,xgboost,raw,r2,5,0.9079802385860638,0.9062538170091772,0.003020337449421809,9.122438308379837e-06,0.9055144031623305,0.9120016078123858,0.006487204650055367,0.0033264352252039935,-0.06277307116637326,0.0029201815650992404,-0.06081375916459706,0.002818548527166065
5,0.0,load_estimation,xgboost,raw,rmse,5,0.7058673895863109,0.7125354972737628,0.011628528917093876,0.00013522268477568846,0.6903464195119051,0.715340005077753,0.024993585565847853,0.016474098518574475,0.7170375386026231,0.024465276905353304,0.29477447776519655,0.010431491613130393
5,0.05,anomaly_detection,isolation_forest,raw,detection_latency,5,3.2459016393442623,3.2459016393442623,0.0,0.0,3.2459016393442623,3.2459016393442623,0.0,0.0,0.0,0.0,0.0,0.0
5,0.05,anomaly_detection,isolation_forest,raw,f1,5,0.1176470588235294,0.1176470588235294,0.0,0.0,0.1176470588235294,0.1176470588235294,0.0,0.0,0.0,0.0,0.0,0.0
5,0.05,anomaly_detection,isolation_forest,raw,false_positive_rate,5,0.0438946528332003,0.0438946528332003,0.0,0.0,0.0438946528332003,0.0438946528332003,0.0,0.0,0.0,0.0,0.0,0.0
5,0.05,anomaly_detection,isolation_forest,raw,pr_auc,5,0.09385708598261,0.09385708598261,0.0,0.0,0.09385708598261,0.09385708598261,0.0,0.0,0.0,0.0,0.0,0.0
5,0.05,anomaly_detection,isolation_forest,raw,precision,5,0.1164658634538152,0.1164658634538152,0.0,0.0,0.1164658634538152,0.1164658634538152,0.0,0.0,0.0,0.0,0.0,0.0
5,0.05,anomaly_detection,isolation_forest,raw,recall,5,0.11885245901639338,0.1188524590163934,1.5515838457795457e-17,2.407412430484045e-34,0.1188524590163934,0.1188524590163934,0.0,1.30547054610417e-16,0.0,0.0,0.0,0.0
5,0.05,anomaly_detection,isolation_forest,raw,roc_auc,5,0.7138596875695052,0.7138596875695052,0.0,0.0,0.7138596875695052,0.7138596875695052,0.0,0.0,0.0,0.0,0.0,0.0
5,0.05,anomaly_detection,isolation_forest,raw,threshold,5,0.5031683371451802,0.5031683371451802,0.0,0.0,0.5031683371451802,0.5031683371451802,0.0,0.0,0.0,0.0,0.0,0.0
5,0.05,anomaly_detection,isolation_forest,residual,detection_latency,5,0.0,0.0,0.0,0.0,0.0,0.0,0.0,0.0,0.0,0.0,0.0,0.0
5,0.05,anomaly_detection,isolation_forest,residual,f1,5,0.0887272727272727,0.0887272727272727,0.0,0.0,0.0887272727272727,0.0887272727272727,0.0,0.0,0.0,0.0,0.0,0.0
5,0.05,anomaly_detection,isolation_forest,residual,false_positive_rate,5,1.0,1.0,0.0,0.0,1.0,1.0,0.0,0.0,0.0,0.0,0.0,0.0
5,0.05,anomaly_detection,isolation_forest,residual,pr_auc,5,0.05961340348333104,0.0581114731107384,0.005366885590045875,2.8803460936642064e-05,0.0527716611565756,0.0653421925885572,0.0125705314319816,0.09002816944592924,0.42269526674705515,0.29427385605500544,0.20960694700381,0.4123481711962107
5,0.05,anomaly_detection,isolation_forest,residual,precision,5,0.0464231354642313,0.0464231354642313,0.0,0.0,0.0464231354642313,0.0464231354642313,0.0,0.0,0.0,0.0,0.0,0.0
5,0.05,anomaly_detection,isolation_forest,residual,recall,5,1.0,1.0,0.0,0.0,1.0,1.0,0.0,0.0,0.0,0.0,0.0,0.0
5,0.05,anomaly_detection,isolation_forest,residual,roc_auc,5,0.611707639370429,0.6124788213206338,0.03433289697691964,0.0011787478148277775,0.5579621204191907,0.6486681963288109,0.09070607590962021,0.05612631716068666,0.1610817681728159,0.1593404033722958,0.13842891813745373,0.17074577799943802
5,0.05,anomaly_detection,isolation_forest,residual,threshold,5,0.2937656541960819,0.2937656541960819,0.0,0.0,0.2937656541960819,0.2937656541960819,0.0,0.0,0.0,0.0,0.0,0.0
5,0.05,anomaly_detection,lstm_autoencoder,raw,detection_latency,5,1.3442622950819672,1.3442622950819672,0.0,0.0,1.3442622950819672,1.3442622950819672,0.0,0.0,0.0,0.0,0.0,0.0
5,0.05,anomaly_detection,lstm_autoencoder,raw,f1,5,0.5386064030131827,0.5386064030131827,0.0,0.0,0.5386064030131827,0.5386064030131827,0.0,0.0,0.0,0.0,0.0,0.0
5,0.05,anomaly_detection,lstm_autoencoder,raw,false_positive_rate,5,0.028731045490821998,0.028731045490822,3.878959614448864e-18,1.504632769052528e-35,0.028731045490822,0.028731045490822,0.0,1.3500934435845645e-16,0.0,0.0,0.0,0.0
5,0.05,anomaly_detection,lstm_autoencoder,raw,pr_auc,5,0.561001698584242,0.561001698584242,0.0,0.0,0.561001698584242,0.561001698584242,0.0,0.0,0.0,0.0,0.0,0.0
5,0.05,anomaly_detection,lstm_autoencoder,raw,precision,5,0.4982578397212543,0.4982578397212543,0.0,0.0,0.4982578397212543,0.4982578397212543,0.0,0.0,0.0,0.0,0.0,0.0
5,0.05,anomaly_detection,lstm_autoencoder,raw,recall,5,0.5860655737704918,0.5860655737704918,0.0,0.0,0.5860655737704918,0.5860655737704918,0.0,0.0,0.0,0.0,0.0,0.0
5,0.05,anomaly_detection,lstm_autoencoder,raw,roc_auc,5,0.9493396177043947,0.9493396177043946,1.2412670766236366e-16,1.5407439555097887e-32,0.9493396177043946,0.9493396177043946,0.0,1.307505821388929e-16,0.0,0.0,0.0,0.0
5,0.05,anomaly_detection,lstm_autoencoder,raw,threshold,5,0.0007370078528765,0.0007370078528765,0.0,0.0,0.0007370078528765,0.0007370078528765,0.0,0.0,0.0,0.0,0.0,0.0
5,0.05,anomaly_detection,lstm_autoencoder,residual,detection_latency,5,0.0,0.0,0.0,0.0,0.0,0.0,0.0,0.0,0.0,0.0,0.0,0.0
5,0.05,anomaly_detection,lstm_autoencoder,residual,f1,5,0.09258907963853721,0.0887272727272727,0.008635262769565966,7.456776309945208e-05,0.0887272727272727,0.1080363072835953,0.019309034556322602,0.09326437635277905,0.17790568961700243,0.39780921556759596,0.17398392090801038,0.3890398741422581
5,0.05,anomaly_detection,lstm_autoencoder,residual,false_positive_rate,5,0.9607741420590582,1.0,0.08771168483169565,0.00769333965601471,0.8038707102952913,1.0,0.19612928970470866,0.09129272010143677,73.054545454546,163.35492970171313,0.16033519553072625,0.3585203963924244
5,0.05,anomaly_detection,lstm_autoencoder,residual,pr_auc,5,0.12976521654297674,0.1225891374339718,0.0129453879045916,0.00016758306800034652,0.1180739897435358,0.1481028592837289,0.0300288695401931,0.09976007630907963,0.1712789232532767,0.4018202053191767,0.1750237689176354,0.393370857619309
5,0.05,anomaly_detection,lstm_autoencoder,residual,precision,5,0.048559055996004734,0.0464231354642313,0.004776063503582912,2.281078259025668e-05,0.0464231354642313,0.0571027381230985,0.0106796026588672,0.09835577330778154,0.18806459162181138,0.42052521102710777,0.17995200139498813,0.40238490780633046
5,0.05,anomaly_detection,lstm_autoencoder,residual,recall,5,1.0,1.0,0.0,0.0,1.0,1.0,0.0,0.0,0.0,0.0,0.0,0.0
5,0.05,anomaly_detection,lstm_autoencoder,residual,roc_auc,5,0.7031053340834456,0.7096149568903484,0.01460365186664497,0.0002132666478421631,0.6862946960082686,0.7195525819999216,0.033257885991652913,0.020770219138903288,0.0954948550236486,0.12219804414553534,0.08691533761595119,0.12689990852307045
5,0.05,anomaly_detection,lstm_autoencoder,residual,threshold,5,0.0003816792741417,0.0003816792741417,0.0,0.0,0.0003816792741417,0.0003816792741417,0.0,0.0,0.0,0.0,0.0,0.0
5,0.05,load_estimation,lstm,raw,mae,5,0.5613578233667844,0.561442257135611,0.02932688143499292,0.0008600659747021323,0.5305433089934046,0.6064283768077802,0.07588506781437554,0.05224275892175656,1.02397297427355,0.10550541412955085,0.28399629137289584,0.029313257148321996
5,0.05,load_estimation,lstm,raw,mape,5,15.759501334911965,15.833465887095038,0.7026138517419832,0.4936662246597056,15.083951673878898,16.839732302463556,1.7557806285846578,0.04458350786680575,0.756568705276898,0.06704577536089901,6.789194709239723,0.6439380427251964
5,0.05,load_estimation,lstm,raw,r2,5,0.9004268801652489,0.9019417353712156,0.009409515558825004,8.853898305176983e-05,0.8848624312941523,0.9093484306007767,0.02448599930662443,0.010450060705760076,-0.06972904714481434,0.010092647097459946,-0.06749566190924867,0.009797794575747535
5,0.05,load_estimation,lstm,raw,rmse,5,0.7347150433267731,0.7297332638494236,0.034112744577753616,0.0011636793426270586,0.7016325126878048,0.7907342841605756,0.08910177147277076,0.04642989807761643,0.7610896301855355,0.0940504018001854,0.317374372288721,0.03682070944960565
5,0.05,load_estimation,persistence,raw,mae,5,0.8588468085231664,0.8595517516544421,0.01703619075106871,0.0002902317953067991,0.8327933131877328,0.8802369426102399,0.04744362942250713,0.01983612278930554,0.9327601218613866,0.042450621660971036,0.4143207550434399,0.013371914332896811
5,0.05,load_estimation,persistence,raw,mape,5,24.910465754401763,25.004624510816114,0.6796222604673214,0.46188641692271176,23.86819522631294,25.755437357496376,1.8872421311834344,0.027282599497250665,0.7717624187793775,0.045698696227078464,10.84290983047175,0.47402846190640513
5,0.05,load_estimation,persistence,raw,r2,5,0.7624258521301737,0.7597662676737615,0.008223607465724819,6.762771975032498e-05,0.7539708057561416,0.7757695835533407,0.021798777797199076,0.010786107846092227,-0.18205536296721508,0.0075456779228179355,-0.1696942602180362,0.006984398744949111
5,0.05,load_estimation,persistence,raw,rmse,5,1.1341657404558245,1.140635023053319,0.019769221066809117,0.0003908221015883695,1.1019882651976125,1.1543115208106478,0.0523232556130353,0.01743062795995214,0.8722780582044832,0.04780552419971006,0.5280798772949536,0.018472654842002823
5,0.05,load_estimation,xgboost,raw,mae,5,0.5170070879081976,0.5190950863437566,0.011760958580089553,0.00013832014672258207,0.5032898727209056,0.5290534657339708,0.02576359301306519,0.02274815733701873,0.8877348340567707,0.04078606119042241,0.24313411356560904,0.011399151086327615
5,0.05,load_estimation,xgboost,raw,mape,5,15.199573684373775,15.245569993506232,0.38481513191818323,0.14808268575320876,14.808236313175364,15.71938732444758,0.9111510112722154,0.02531749507644416,0.6776459823829477,0.03723499334263589,6.139910620291779,0.354515669066883
5,0.05,load_estimation,xgboost,raw,r2,5,0.9063127838915804,0.9040852960944212,0.003390747507683633,1.149716866086277e-05,0.9035291456587716,0.910961023850088,0.00743187819131641,0.0037412553016456826,-0.06449372538269667,0.0035014966901116412,-0.06248121385908041,0.0033939651197466415
5,0.05,load_estimation,xgboost,raw,rmse,5,0.7122172148596653,0.7207295081121856,0.01294812946616807,0.00016765405667264983,0.6944161086905591,0.7228160216734454,0.028399912982886244,0.018180028783380868,0.7325569188163934,0.033134171370154654,0.3011243030385511,0.013111420811207834
5,0.1,anomaly_detection,isolation_forest,raw,detection_latency,5,3.2459016393442623,3.2459016393442623,0.0,0.0,3.2459016393442623,3.2459016393442623,0.0,0.0,0.0,0.0,0.0,0.0
5,0.1,anomaly_detection,isolation_forest,raw,f1,5,0.1176470588235294,0.1176470588235294,0.0,0.0,0.1176470588235294,0.1176470588235294,0.0,0.0,0.0,0.0,0.0,0.0
5,0.1,anomaly_detection,isolation_forest,raw,false_positive_rate,5,0.0438946528332003,0.0438946528332003,0.0,0.0,0.0438946528332003,0.0438946528332003,0.0,0.0,0.0,0.0,0.0,0.0
5,0.1,anomaly_detection,isolation_forest,raw,pr_auc,5,0.09385708598261,0.09385708598261,0.0,0.0,0.09385708598261,0.09385708598261,0.0,0.0,0.0,0.0,0.0,0.0
5,0.1,anomaly_detection,isolation_forest,raw,precision,5,0.1164658634538152,0.1164658634538152,0.0,0.0,0.1164658634538152,0.1164658634538152,0.0,0.0,0.0,0.0,0.0,0.0
5,0.1,anomaly_detection,isolation_forest,raw,recall,5,0.11885245901639338,0.1188524590163934,1.5515838457795457e-17,2.407412430484045e-34,0.1188524590163934,0.1188524590163934,0.0,1.30547054610417e-16,0.0,0.0,0.0,0.0
5,0.1,anomaly_detection,isolation_forest,raw,roc_auc,5,0.7138596875695052,0.7138596875695052,0.0,0.0,0.7138596875695052,0.7138596875695052,0.0,0.0,0.0,0.0,0.0,0.0
5,0.1,anomaly_detection,isolation_forest,raw,threshold,5,0.5031683371451802,0.5031683371451802,0.0,0.0,0.5031683371451802,0.5031683371451802,0.0,0.0,0.0,0.0,0.0,0.0
5,0.1,anomaly_detection,isolation_forest,residual,detection_latency,5,0.0,0.0,0.0,0.0,0.0,0.0,0.0,0.0,0.0,0.0,0.0,0.0
5,0.1,anomaly_detection,isolation_forest,residual,f1,5,0.0887272727272727,0.0887272727272727,0.0,0.0,0.0887272727272727,0.0887272727272727,0.0,0.0,0.0,0.0,0.0,0.0
5,0.1,anomaly_detection,isolation_forest,residual,false_positive_rate,5,1.0,1.0,0.0,0.0,1.0,1.0,0.0,0.0,0.0,0.0,0.0,0.0
5,0.1,anomaly_detection,isolation_forest,residual,pr_auc,5,0.05852021810822282,0.0585094037974314,0.003939324549644097,1.5518277907428664e-05,0.0530421141507895,0.0631046230201316,0.010062508869342103,0.06731561632868509,0.4349315859111912,0.2883857725444703,0.21070013237891821,0.41159957763103433
5,0.1,anomaly_detection,isolation_forest,residual,precision,5,0.0464231354642313,0.0464231354642313,0.0,0.0,0.0464231354642313,0.0464231354642313,0.0,0.0,0.0,0.0,0.0,0.0
5,0.1,anomaly_detection,isolation_forest,residual,recall,5,1.0,1.0,0.0,0.0,1.0,1.0,0.0,0.0,0.0,0.0,0.0,0.0
5,0.1,anomaly_detection,isolation_forest,residual,roc_auc,5,0.6082785740452422,0.6102432031975717,0.02387923499506597,0.0005702178639495833,0.5716738843169835,0.6355909751023773,0.06391709078539376,0.039257070713935575,0.16734160124632405,0.14724403366300426,0.1418579834626405,0.16073574590713757
5,0.1,anomaly_detection,isolation_forest,residual,threshold,5,0.2937656541960819,0.2937656541960819,0.0,0.0,0.2937656541960819,0.2937656541960819,0.0,0.0,0.0,0.0,0.0,0.0
5,0.1,anomaly_detection,lstm_autoencoder,raw,detection_latency,5,1.3442622950819672,1.3442622950819672,0.0,0.0,1.3442622950819672,1.3442622950819672,0.0,0.0,0.0,0.0,0.0,0.0
5,0.1,anomaly_detection,lstm_autoencoder,raw,f1,5,0.5386064030131827,0.5386064030131827,0.0,0.0,0.5386064030131827,0.5386064030131827,0.0,0.0,0.0,0.0,0.0,0.0
5,0.1,anomaly_detection,lstm_autoencoder,raw,false_positive_rate,5,0.028731045490821998,0.028731045490822,3.878959614448864e-18,1.504632769052528e-35,0.028731045490822,0.028731045490822,0.0,1.3500934435845645e-16,0.0,0.0,0.0,0.0
5,0.1,anomaly_detection,lstm_autoencoder,raw,pr_auc,5,0.561001698584242,0.561001698584242,0.0,0.0,0.561001698584242,0.561001698584242,0.0,0.0,0.0,0.0,0.0,0.0
5,0.1,anomaly_detection,lstm_autoencoder,raw,precision,5,0.4982578397212543,0.4982578397212543,0.0,0.0,0.4982578397212543,0.4982578397212543,0.0,0.0,0.0,0.0,0.0,0.0
5,0.1,anomaly_detection,lstm_autoencoder,raw,recall,5,0.5860655737704918,0.5860655737704918,0.0,0.0,0.5860655737704918,0.5860655737704918,0.0,0.0,0.0,0.0,0.0,0.0
5,0.1,anomaly_detection,lstm_autoencoder,raw,roc_auc,5,0.9493396177043947,0.9493396177043946,1.2412670766236366e-16,1.5407439555097887e-32,0.9493396177043946,0.9493396177043946,0.0,1.307505821388929e-16,0.0,0.0,0.0,0.0
5,0.1,anomaly_detection,lstm_autoencoder,raw,threshold,5,0.0007370078528765,0.0007370078528765,0.0,0.0,0.0007370078528765,0.0007370078528765,0.0,0.0,0.0,0.0,0.0,0.0
5,0.1,anomaly_detection,lstm_autoencoder,residual,detection_latency,5,0.0,0.0,0.0,0.0,0.0,0.0,0.0,0.0,0.0,0.0,0.0,0.0
5,0.1,anomaly_detection,lstm_autoencoder,residual,f1,5,0.0925699623976996,0.0887272727272727,0.008592515319510817,7.383131951602807e-05,0.0887272727272727,0.1079407210794072,0.01921344835213451,0.09282185167792986,0.17792523777925237,0.3978529265872221,0.174003038148848,0.3890826215923133
5,0.1,anomaly_detection,lstm_autoencoder,residual,false_positive_rate,5,0.9609337589784517,1.0,0.08735477054957277,0.007630855937768507,0.8046687948922586,1.0,0.19533120510774138,0.0909061313887419,73.12727272727327,163.51755282734948,0.1604948124501197,0.35887731067454726
5,0.1,anomaly_detection,lstm_autoencoder,residual,pr_auc,5,0.13372087732343343,0.1295237684355879,0.010222880735229293,0.00010450729052672221,0.1246009111119719,0.1507213085381134,0.026120397426141514,0.07644939922509632,0.14362889181425884,0.41515883917768803,0.1710681081371787,0.39384247527101823
5,0.1,anomaly_detection,lstm_autoencoder,residual,precision,5,0.0485483751004007,0.0464231354642313,0.0047521802949517,2.2583217555727228e-05,0.0464231354642313,0.0570493336450783,0.010626198180847,0.09788546547899762,0.18807575403320084,0.42055017093776725,0.17996268229059217,0.4024087910149617
5,0.1,anomaly_detection,lstm_autoencoder,residual,recall,5,1.0,1.0,0.0,0.0,1.0,1.0,0.0,0.0,0.0,0.0,0.0,0.0
5,0.1,anomaly_detection,lstm_autoencoder,residual,roc_auc,5,0.6957449661795299,0.6934308479321759,0.013445467715870973,0.00018078060209852857,0.6781699331440608,0.7102748485601769,0.03210491541611604,0.019325282063774943,0.10681749462291898,0.10612775636157303,0.094275705519867,0.11195048794764999
5,0.1,anomaly_detection,lstm_autoencoder,residual,threshold,5,0.0003816792741417,0.0003816792741417,0.0,0.0,0.0003816792741417,0.0003816792741417,0.0,0.0,0.0,0.0,0.0,0.0
5,0.1,load_estimation,lstm,raw,mae,5,0.5662490474683433,0.5676898708221404,0.02187937475768432,0.0004787070397871939,0.5363646982596842,0.5957344773392957,0.059369779079611495,0.03863913741754685,1.0417084071698053,0.08197218856935895,0.28888751547445474,0.02229674504588261
5,0.1,load_estimation,lstm,raw,mape,5,15.923682608600695,15.824929166731552,0.4965077558621409,0.2465199516312593,15.34923777181389,16.62231677491922,1.2730790031053303,0.031180460454164498,0.7749435394617048,0.04215736266240228,6.953375982928452,0.4270678226785751
5,0.1,load_estimation,lstm,raw,r2,5,0.8982926517185698,0.896958265549551,0.007210412471626841,5.199004801099189e-05,0.8887976756906879,0.9080334128720224,0.019235737181334533,0.008026796676820444,-0.07193494693874554,0.007788925984210735,-0.06962989035592773,0.007566380480930132
5,0.1,load_estimation,lstm,raw,rmse,5,0.7428118247317804,0.748046546042927,0.02640484851541822,0.0006972160251221838,0.706703231051025,0.7771036954941578,0.07040046444313286,0.03554715694644826,0.7803783937087223,0.07536739702247096,0.32547115369372825,0.028937925083406466
5,0.1,load_estimation,persistence,raw,mae,5,0.8640163805658958,0.8592470648217964,0.012488054143252941,0.00015595149628481694,0.853465763469265,0.8846708421610987,0.031205078691833754,0.01445349234591336,0.944473901611756,0.03921278329616033,0.4194903270861693,0.008439707913353604
5,0.1,load_estimation,persistence,raw,mape,5,25.001059581363286,24.86846057410549,0.5337791298096193,0.28492015942031435,24.47001752322711,25.865999021124107,1.3959814978969973,0.02135026029886821,0.7782829483476965,0.03937947995343673,10.933503657433276,0.25026704955225093
5,0.1,load_estimation,persistence,raw,r2,5,0.7570480930034862,0.7585372438604941,0.007078114031695219,5.009969824568075e-05,0.7456748112119702,0.7647564878151447,0.019081676603174502,0.00934962269518936,-0.18783103923038064,0.0049770265762155725,-0.17507201934472374,0.004253846128785323
5,0.1,load_estimation,persistence,raw,rmse,5,1.1469734207399747,1.1435490168388038,0.01662865687927747,0.0002765122296087419,1.128726016718263,1.1736116065792987,0.04488558986103586,0.014497857211503143,0.8933240087559546,0.03973456486994893,0.5408875575791038,0.010540252502816072
5,0.1,load_estimation,xgboost,raw,mae,5,0.5267746231599485,0.5241741480665846,0.006674492783075665,4.454885391132914e-05,0.5207300281188986,0.5374560883010722,0.016726060182173597,0.01267049035702891,0.9234491166736849,0.025411314461156326,0.25290164881736,0.006743936045788898
5,0.1,load_estimation,xgboost,raw,mape,5,15.5001380195868,15.40775711312773,0.3046043170121556,0.09278378994244181,15.23735335652665,16.01590534531115,0.7785519887844998,0.01965171643163702,0.7109254139815484,0.03387343842589179,6.440474955504802,0.3026963584787184
5,0.1,load_estimation,xgboost,raw,r2,5,0.9017087701945069,0.902401815700562,0.0030855333032210716,9.520515765286337e-06,0.8976567756373924,0.9054440059276896,0.0077872302902971535,0.00342187345317213,-0.06924678820124752,0.0029005473933597322,-0.0670852275561539,0.002790753312023383
5,0.1,load_estimation,xgboost,raw,rmse,5,0.7295320549914471,0.7270270626084311,0.011439989387067246,0.00013087335717621123,0.7156064402989154,0.7444906636659943,0.028884223367078854,0.01568127035514754,0.7745764360861228,0.02094941084112003,0.3184391431703329,0.009608261631076873
5,0.2,anomaly_detection,isolation_forest,raw,detection_latency,5,3.2459016393442623,3.2459016393442623,0.0,0.0,3.2459016393442623,3.2459016393442623,0.0,0.0,0.0,0.0,0.0,0.0
5,0.2,anomaly_detection,isolation_forest,raw,f1,5,0.1176470588235294,0.1176470588235294,0.0,0.0,0.1176470588235294,0.1176470588235294,0.0,0.0,0.0,0.0,0.0,0.0
5,0.2,anomaly_detection,isolation_forest,raw,false_positive_rate,5,0.0438946528332003,0.0438946528332003,0.0,0.0,0.0438946528332003,0.0438946528332003,0.0,0.0,0.0,0.0,0.0,0.0
5,0.2,anomaly_detection,isolation_forest,raw,pr_auc,5,0.09385708598261,0.09385708598261,0.0,0.0,0.09385708598261,0.09385708598261,0.0,0.0,0.0,0.0,0.0,0.0
5,0.2,anomaly_detection,isolation_forest,raw,precision,5,0.1164658634538152,0.1164658634538152,0.0,0.0,0.1164658634538152,0.1164658634538152,0.0,0.0,0.0,0.0,0.0,0.0
5,0.2,anomaly_detection,isolation_forest,raw,recall,5,0.11885245901639338,0.1188524590163934,1.5515838457795457e-17,2.407412430484045e-34,0.1188524590163934,0.1188524590163934,0.0,1.30547054610417e-16,0.0,0.0,0.0,0.0
5,0.2,anomaly_detection,isolation_forest,raw,roc_auc,5,0.7138596875695052,0.7138596875695052,0.0,0.0,0.7138596875695052,0.7138596875695052,0.0,0.0,0.0,0.0,0.0,0.0
5,0.2,anomaly_detection,isolation_forest,raw,threshold,5,0.5031683371451802,0.5031683371451802,0.0,0.0,0.5031683371451802,0.5031683371451802,0.0,0.0,0.0,0.0,0.0,0.0
5,0.2,anomaly_detection,isolation_forest,residual,detection_latency,5,0.0,0.0,0.0,0.0,0.0,0.0,0.0,0.0,0.0,0.0,0.0,0.0
5,0.2,anomaly_detection,isolation_forest,residual,f1,5,0.0887272727272727,0.0887272727272727,0.0,0.0,0.0887272727272727,0.0887272727272727,0.0,0.0,0.0,0.0,0.0,0.0
5,0.2,anomaly_detection,isolation_forest,residual,false_positive_rate,5,1.0,1.0,0.0,0.0,1.0,1.0,0.0,0.0,0.0,0.0,0.0,0.0
5,0.2,anomaly_detection,isolation_forest,residual,pr_auc,5,0.060244548495010895,0.059351394880381,0.0033845131049969395,1.1454928957896024e-05,0.0573378860976772,0.066100845539365,0.008762959441687805,0.056179574576398814,0.4286048100929799,0.28956972931597635,0.20897580199213012,0.40895952100039923
5,0.2,anomaly_detection,isolation_forest,residual,precision,5,0.0464231354642313,0.0464231354642313,0.0,0.0,0.0464231354642313,0.0464231354642313,0.0,0.0,0.0,0.0,0.0,0.0
5,0.2,anomaly_detection,isolation_forest,residual,recall,5,1.0,1.0,0.0,0.0,1.0,1.0,0.0,0.0,0.0,0.0,0.0,0.0
5,0.2,anomaly_detection,isolation_forest,residual,roc_auc,5,0.6159422304501982,0.6137990135151047,0.014545400369369476,0.0002115686719052537,0.5940419223372104,0.6307047512200228,0.03666282888281236,0.023614877581519454,0.1582349675403178,0.13916947937908256,0.13419432705768458,0.15223019868217447
5,0.2,anomaly_detection,isolation_forest,residual,threshold,5,0.2937656541960819,0.2937656541960819,0.0,0.0,0.2937656541960819,0.2937656541960819,0.0,0.0,0.0,0.0,0.0,0.0
5,0.2,anomaly_detection,lstm_autoencoder,raw,detection_latency,5,1.3442622950819672,1.3442622950819672,0.0,0.0,1.3442622950819672,1.3442622950819672,0.0,0.0,0.0,0.0,0.0,0.0
5,0.2,anomaly_detection,lstm_autoencoder,raw,f1,5,0.5386064030131827,0.5386064030131827,0.0,0.0,0.5386064030131827,0.5386064030131827,0.0,0.0,0.0,0.0,0.0,0.0
5,0.2,anomaly_detection,lstm_autoencoder,raw,false_positive_rate,5,0.028731045490821998,0.028731045490822,3.878959614448864e-18,1.504632769052528e-35,0.028731045490822,0.028731045490822,0.0,1.3500934435845645e-16,0.0,0.0,0.0,0.0
5,0.2,anomaly_detection,lstm_autoencoder,raw,pr_auc,5,0.561001698584242,0.561001698584242,0.0,0.0,0.561001698584242,0.561001698584242,0.0,0.0,0.0,0.0,0.0,0.0
5,0.2,anomaly_detection,lstm_autoencoder,raw,precision,5,0.4982578397212543,0.4982578397212543,0.0,0.0,0.4982578397212543,0.4982578397212543,0.0,0.0,0.0,0.0,0.0,0.0
5,0.2,anomaly_detection,lstm_autoencoder,raw,recall,5,0.5860655737704918,0.5860655737704918,0.0,0.0,0.5860655737704918,0.5860655737704918,0.0,0.0,0.0,0.0,0.0,0.0
5,0.2,anomaly_detection,lstm_autoencoder,raw,roc_auc,5,0.9493396177043947,0.9493396177043946,1.2412670766236366e-16,1.5407439555097887e-32,0.9493396177043946,0.9493396177043946,0.0,1.307505821388929e-16,0.0,0.0,0.0,0.0
5,0.2,anomaly_detection,lstm_autoencoder,raw,threshold,5,0.0007370078528765,0.0007370078528765,0.0,0.0,0.0007370078528765,0.0007370078528765,0.0,0.0,0.0,0.0,0.0,0.0
5,0.2,anomaly_detection,lstm_autoencoder,residual,detection_latency,5,0.0,0.0,0.0,0.0,0.0,0.0,0.0,0.0,0.0,0.0,0.0,0.0
5,0.2,anomaly_detection,lstm_autoencoder,residual,f1,5,0.09246069142125478,0.0887272727272727,0.008348177988212415,6.969207572287428e-05,0.0887272727272727,0.1073943661971831,0.018667093469910398,0.09028894181828867,0.1780369718309859,0.39810277152229967,0.1741123091252928,0.3893269589236117
5,0.2,anomaly_detection,lstm_autoencoder,residual,false_positive_rate,5,0.9618515562649641,1.0,0.08530251342736629,0.007276518797026007,0.8092577813248204,1.0,0.1907422186751796,0.08868573624667273,73.54545454545509,164.45263579975847,0.16141260973663207,0.3609295677967537
5,0.2,anomaly_detection,lstm_autoencoder,residual,pr_auc,5,0.12597465588704732,0.1272710671294635,0.008973548691830894,8.052457612465995e-05,0.1136238140325215,0.1355931142415363,0.021969300209014803,0.07123296847801552,0.21858083702351422,0.36195424172215723,0.1788143295735648,0.38327165896383997
5,0.2,anomaly_detection,lstm_autoencoder,residual,precision,5,0.04848734558068736,0.0464231354642313,0.00461571414023851,2.1304817024397726e-05,0.0464231354642313,0.0567441860465116,0.010321050582280306,0.09519420139338296,0.18813953488372093,0.42069278925519304,0.1800237118103055,0.4025452571696748
5,0.2,anomaly_detection,lstm_autoencoder,residual,recall,5,1.0,1.0,0.0,0.0,1.0,1.0,0.0,0.0,0.0,0.0,0.0,0.0
5,0.2,anomaly_detection,lstm_autoencoder,residual,roc_auc,5,0.6964097641071264,0.701885147776484,0.0143095168845073,0.00020476227346799954,0.6802027592793689,0.7126200397733963,0.03241728049402737,0.0205475534979807,0.10587203075787255,0.10680315860067696,0.09361090759227028,0.11320093577059324
5,0.2,anomaly_detection,lstm_autoencoder,residual,threshold,5,0.0003816792741417,0.0003816792741417,0.0,0.0,0.0003816792741417,0.0003816792741417,0.0,0.0,0.0,0.0,0.0,0.0
5,0.2,load_estimation,lstm,raw,mae,5,0.5827561364583024,0.5767100687899919,0.026368557578040006,0.000695300828746411,0.559180446047412,0.6255684913787973,0.06638804533138531,0.04524801358299681,1.1010584325965165,0.0931526126253516,0.30539460446441374,0.026107084231719067
5,0.2,load_estimation,lstm,raw,mape,5,16.35717337331925,16.063561543394936,0.6281783000720915,0.3946079766814627,15.843942357613908,17.353704056801842,1.5097616991879335,0.038403841894635346,0.8231053552190408,0.052878093541833766,7.386866747647007,0.544612153768561
5,0.2,load_estimation,lstm,raw,r2,5,0.8927087397594328,0.8934992241832657,0.009843631180347952,9.689707481471843e-05,0.8761782840488042,0.9005366018747674,0.024358317825963205,0.011026699685947529,-0.07770347052696355,0.01046660039777503,-0.07521380231506467,0.01015868000436357
5,0.2,load_estimation,lstm,raw,rmse,5,0.7626981676390958,0.7604986151776895,0.0343223067806491,0.001178020742744991,0.7349430513780018,0.8200124590297674,0.08506940765176563,0.04500116590930399,0.8280765456711906,0.09341417012386868,0.3453574966010436,0.03656394169760688
5,0.2,load_estimation,persistence,raw,mae,5,0.8785400117731891,0.8777152728998134,0.01113147979703769,0.00012390984247185826,0.867679111738909,0.8917527594794966,0.024073647740587623,0.01267043008612735,0.977458022432573,0.05365563674180792,0.4340139582934627,0.013627742602031328
5,0.2,load_estimation,persistence,raw,mape,5,25.410410043135766,25.261364076779948,0.5439893672521052,0.29592443168334576,24.732537105853588,25.99490908180516,1.2623719759515737,0.021408130224134483,0.8077329932148098,0.055942381976837374,11.342854119205754,0.48854596830049823
5,0.2,load_estimation,persistence,raw,r2,5,0.7502441815558006,0.7494553248225474,0.005171983737044177,2.6749415776249453e-05,0.7436019488646854,0.756439508893764,0.012837560029078543,0.00689373388583821,-0.1951101150964046,0.006237383304912278,-0.1818759307924092,0.0062479023540324835
5,0.2,load_estimation,persistence,raw,rmse,5,1.1629710188992206,1.164856149242704,0.012041533823878297,0.00014499853683160507,1.1485056304565435,1.1783846266120914,0.0298789961555479,0.010354113411420942,0.9202345421493184,0.06046349939844535,0.5568851557383498,0.020997300788904043
5,0.2,load_estimation,xgboost,raw,mae,5,0.5437744421320237,0.5441606854013475,0.005376433526143638,2.8906037461041316e-05,0.5378995874338135,0.5501988045927959,0.012299217158982412,0.009887249398967313,0.985538066668072,0.02281719100016485,0.2699014677894352,0.005733479182106961
5,0.2,load_estimation,xgboost,raw,mape,5,15.879398282679563,15.89010122826152,0.17021055340456656,0.028971632490288807,15.682233433027706,16.105193365613207,0.4229599325855009,0.01071895486053924,0.7528315913839196,0.023705588379077214,6.819735218597569,0.19090465453877217
5,0.2,load_estimation,xgboost,raw,r2,5,0.8956284743213425,0.8960910467001472,0.0016515590799849897,2.7276473946808655e-06,0.8937171166381865,0.8975912456985657,0.0038741290603792056,0.0018440225242240644,-0.07552207133460445,0.0017859910139892015,-0.07316552342931834,0.0017408898004324833
5,0.2,load_estimation,xgboost,raw,rmse,5,0.7518130442991685,0.7501639557789546,0.005946426629987199,3.535998966582092e-05,0.7447289726552488,0.7586847805225405,0.01395580786729167,0.007909448599060143,0.8288957521025159,0.020203641834045202,0.3407201324780544,0.006817622213356905
15,0.0,anomaly_detection,isolation_forest,raw,detection_latency,5,3.2459016393442623,3.2459016393442623,0.0,0.0,3.2459016393442623,3.2459016393442623,0.0,0.0,0.0,0.0,0.0,0.0
15,0.0,anomaly_detection,isolation_forest,raw,f1,5,0.1176470588235294,0.1176470588235294,0.0,0.0,0.1176470588235294,0.1176470588235294,0.0,0.0,0.0,0.0,0.0,0.0
15,0.0,anomaly_detection,isolation_forest,raw,false_positive_rate,5,0.0438946528332003,0.0438946528332003,0.0,0.0,0.0438946528332003,0.0438946528332003,0.0,0.0,0.0,0.0,0.0,0.0
15,0.0,anomaly_detection,isolation_forest,raw,pr_auc,5,0.09385708598261,0.09385708598261,0.0,0.0,0.09385708598261,0.09385708598261,0.0,0.0,0.0,0.0,0.0,0.0
15,0.0,anomaly_detection,isolation_forest,raw,precision,5,0.1164658634538152,0.1164658634538152,0.0,0.0,0.1164658634538152,0.1164658634538152,0.0,0.0,0.0,0.0,0.0,0.0
15,0.0,anomaly_detection,isolation_forest,raw,recall,5,0.11885245901639338,0.1188524590163934,1.5515838457795457e-17,2.407412430484045e-34,0.1188524590163934,0.1188524590163934,0.0,1.30547054610417e-16,0.0,0.0,0.0,0.0
15,0.0,anomaly_detection,isolation_forest,raw,roc_auc,5,0.7138596875695052,0.7138596875695052,0.0,0.0,0.7138596875695052,0.7138596875695052,0.0,0.0,0.0,0.0,0.0,0.0
15,0.0,anomaly_detection,isolation_forest,raw,threshold,5,0.5031683371451802,0.5031683371451802,0.0,0.0,0.5031683371451802,0.5031683371451802,0.0,0.0,0.0,0.0,0.0,0.0
15,0.0,anomaly_detection,isolation_forest,residual,detection_latency,5,0.0,0.0,0.0,0.0,0.0,0.0,0.0,0.0,0.0,0.0,0.0,0.0
15,0.0,anomaly_detection,isolation_forest,residual,f1,5,0.0887272727272727,0.0887272727272727,0.0,0.0,0.0887272727272727,0.0887272727272727,0.0,0.0,0.0,0.0,0.0,0.0
15,0.0,anomaly_detection,isolation_forest,residual,false_positive_rate,5,1.0,1.0,0.0,0.0,1.0,1.0,0.0,0.0,0.0,0.0,0.0,0.0
15,0.0,anomaly_detection,isolation_forest,residual,pr_auc,5,0.047570576618940055,0.0475179366908087,0.0011216632684879718,1.2581284878751199e-06,0.046212749981703,0.0493184429861723,0.0031056930044692996,0.02357892941834524,0.54972940305552,0.2273525274031605,0.22164977386820092,0.40852728029177043
15,0.0,anomaly_detection,isolation_forest,residual,precision,5,0.0464231354642313,0.0464231354642313,0.0,0.0,0.0464231354642313,0.0464231354642313,0.0,0.0,0.0,0.0,0.0,0.0
15,0.0,anomaly_detection,isolation_forest,residual,recall,5,1.0,1.0,0.0,0.0,1.0,1.0,0.0,0.0,0.0,0.0,0.0,0.0
15,0.0,anomaly_detection,isolation_forest,residual,roc_auc,5,0.5387969692410347,0.5401536312849162,0.005999957590527364,3.599949108812693e-05,0.5302438083026965,0.5464835215155757,0.016239713212879203,0.011135841389343896,0.26521349646373993,0.11118124227734574,0.21133958826684812,0.14114058413423977
15,0.0,anomaly_detection,isolation_forest,residual,threshold,5,0.2937656541960819,0.2937656541960819,0.0,0.0,0.2937656541960819,0.2937656541960819,0.0,0.0,0.0,0.0,0.0,0.0
15,0.0,anomaly_detection,lstm_autoencoder,raw,detection_latency,5,1.3442622950819672,1.3442622950819672,0.0,0.0,1.3442622950819672,1.3442622950819672,0.0,0.0,0.0,0.0,0.0,0.0
15,0.0,anomaly_detection,lstm_autoencoder,raw,f1,5,0.5386064030131827,0.5386064030131827,0.0,0.0,0.5386064030131827,0.5386064030131827,0.0,0.0,0.0,0.0,0.0,0.0
15,0.0,anomaly_detection,lstm_autoencoder,raw,false_positive_rate,5,0.028731045490821998,0.028731045490822,3.878959614448864e-18,1.504632769052528e-35,0.028731045490822,0.028731045490822,0.0,1.3500934435845645e-16,0.0,0.0,0.0,0.0
15,0.0,anomaly_detection,lstm_autoencoder,raw,pr_auc,5,0.561001698584242,0.561001698584242,0.0,0.0,0.561001698584242,0.561001698584242,0.0,0.0,0.0,0.0,0.0,0.0
15,0.0,anomaly_detection,lstm_autoencoder,raw,precision,5,0.4982578397212543,0.4982578397212543,0.0,0.0,0.4982578397212543,0.4982578397212543,0.0,0.0,0.0,0.0,0.0,0.0
15,0.0,anomaly_detection,lstm_autoencoder,raw,recall,5,0.5860655737704918,0.5860655737704918,0.0,0.0,0.5860655737704918,0.5860655737704918,0.0,0.0,0.0,0.0,0.0,0.0
15,0.0,anomaly_detection,lstm_autoencoder,raw,roc_auc,5,0.9493396177043947,0.9493396177043946,1.2412670766236366e-16,1.5407439555097887e-32,0.9493396177043946,0.9493396177043946,0.0,1.307505821388929e-16,0.0,0.0,0.0,0.0
15,0.0,anomaly_detection,lstm_autoencoder,raw,threshold,5,0.0007370078528765,0.0007370078528765,0.0,0.0,0.0007370078528765,0.0007370078528765,0.0,0.0,0.0,0.0,0.0,0.0
15,0.0,anomaly_detection,lstm_autoencoder,residual,detection_latency,5,0.0,0.0,0.0,0.0,0.0,0.0,0.0,0.0,0.0,0.0,0.0,0.0
15,0.0,anomaly_detection,lstm_autoencoder,residual,f1,5,0.08985996131528044,0.0887272727272727,0.002532768680123562,6.41491718701485e-06,0.0887272727272727,0.0943907156673114,0.005663442940038704,0.028185730808820985,0.1806963249516441,0.40404926587626755,0.17671303923126716,0.3951423682317005
15,0.0,anomaly_detection,lstm_autoencoder,residual,false_positive_rate,5,0.98683160415004,1.0,0.029445428275136857,0.0008670332463062291,0.9341580207501996,1.0,0.0658419792498004,0.02983835149918842,84.92727272727335,189.90315496184715,0.18639265762170792,0.41678665294898326
15,0.0,anomaly_detection,lstm_autoencoder,residual,pr_auc,5,0.10409494033560449,0.1040191790343437,0.005203217697848081,2.7073474411199483e-05,0.0970942320906269,0.109684227824831,0.012589995734204107,0.049985308422030764,0.34941034256305353,0.30725651450663616,0.20069404512500766,0.38558964214974606
15,0.0,anomaly_detection,lstm_autoencoder,residual,precision,5,0.04704512631697984,0.0464231354642313,0.0013908138281288002,1.9343631045142875e-06,0.0464231354642313,0.049533089727974,0.0031099542637427063,0.029563398740983262,0.18964677222898904,0.4240630744174388,0.18146593107401304,0.4057701574817845
15,0.0,anomaly_detection,lstm_autoencoder,residual,recall,5,1.0,1.0,0.0,0.0,1.0,1.0,0.0,0.0,0.0,0.0,0.0,0.0
15,0.0,anomaly_detection,lstm_autoencoder,residual,roc_auc,5,0.6175452684050085,0.619798549056036,0.013482029513471721,0.00018176511980212256,0.5949099211073751,0.6298899035756806,0.03497998246830558,0.021831645716099503,0.20730845809464765,0.09369983969045143,0.17247540329438849,0.11189806366072383
15,0.0,anomaly_detection,lstm_autoencoder,residual,threshold,5,0.0003816792741417,0.0003816792741417,0.0,0.0,0.0003816792741417,0.0003816792741417,0.0,0.0,0.0,0.0,0.0,0.0
15,0.0,load_estimation,lstm,raw,mae,5,1.5042315028808597,1.5212401025682067,0.033367283138633866,0.0011133755840537598,1.45685557995156,1.5322381364167044,0.07538255646514447,0.022182279173604484,4.423652534575374,0.13080976603883432,1.226869970886971,0.03367703510733075
15,0.0,load_estimation,lstm,raw,mape,5,44.155544369727686,44.29265147842308,1.4121931001940835,1.994289352235777,41.78158731932534,45.34391205222991,3.562324732904571,0.03198223734644431,3.9229896223307343,0.17210809923193607,35.18523774405544,1.4271773246932866
15,0.0,load_estimation,lstm,raw,r2,5,0.30624562705141833,0.2885793496150421,0.03092707723058072,0.0009564841060263042,0.2762904597842973,0.343448876876833,0.06715841709253573,0.10098781663709469,-0.683587370889232,0.032179867502238176,-0.6616769150230791,0.031600463797288134
15,0.0,load_estimation,lstm,raw,rmse,5,1.9406084685833018,1.9655553383657305,0.0434295107909724,0.0018861224075431885,1.8882361858922336,1.9824588923550115,0.09422270646277786,0.022379326635978844,3.65148193663711,0.15743162628757115,1.5232677975452495,0.04791312361256852
15,0.0,load_estimation,persistence,raw,mae,5,1.822190732661992,1.823007697724316,0.008287699897114033,6.868596958462396e-05,1.808912428138463,1.8306658775340117,0.021753449395548685,0.0045482065892228215,3.1021020986605508,0.12844861161760857,1.3776646791822655,0.018256261273828914
15,0.0,load_estimation,persistence,raw,mape,5,56.76803842147044,56.71104331359656,0.30663325768573735,0.09402395471896781,56.34353474468816,57.15761775452841,0.8140830098402532,0.00540151229833167,3.04029292343577,0.16154112946118435,42.700482497540435,0.6769183802661444
15,0.0,load_estimation,persistence,raw,r2,5,-0.08316892694885089,-0.0874123489865088,0.009138829889002324,8.351821174012224e-05,-0.0902180909046843,-0.067988622295791,0.0222294686088933,0.10988274376345782,-1.089199128636992,0.009524982478092721,-1.0152890392970608,0.012707108950577889
15,0.0,load_estimation,persistence,raw,rmse,5,2.4220031323721782,2.426760058794681,0.01023804756733908,0.00010481761799109768,2.404988594457981,2.4298888056900623,0.024900211232081304,0.004227099226462043,2.9995274407656107,0.13717393953715754,1.8159172692113077,0.027495709939607163
15,0.0,load_estimation,xgboost,raw,mae,5,1.4034924888402176,1.410859447794781,0.02247487423227382,0.0005051199717565258,1.3660655081997906,1.4225422836602006,0.05647677546041008,0.016013533674730268,4.1245843034267615,0.07747978545674188,1.129619514497629,0.022122642061907675
15,0.0,load_estimation,xgboost,raw,mape,5,43.46207854138778,43.73870542108743,0.5427262250047389,0.2945517553078945,42.583459239015305,43.91173625111328,1.3282770120979777,0.012487350886541588,3.797407413921448,0.06177223280634215,34.40241547730578,0.5354603866613332
15,0.0,load_estimation,xgboost,raw,r2,5,0.3525196371215527,0.3467759204402787,0.01952634645174775,0.000381278205753682,0.3376890147694366,0.3854249729447908,0.0477359581753542,0.05539080492419447,-0.6361237869943258,0.020192902713446932,-0.6162743606291082,0.019617714672534703
15,0.0,load_estimation,xgboost,raw,rmse,5,1.8724183639272511,1.8808787544819987,0.028455404020983597,0.0008097100179974095,1.8243878133864937,1.8939158877797704,0.06952807439327668,0.015197140003103052,3.5549956849820687,0.08190538695774337,1.4613254521061367,0.029174874273905412
15,0.05,anomaly_detection,isolation_forest,raw,detection_latency,5,3.2459016393442623,3.2459016393442623,0.0,0.0,3.2459016393442623,3.2459016393442623,0.0,0.0,0.0,0.0,0.0,0.0
15,0.05,anomaly_detection,isolation_forest,raw,f1,5,0.1176470588235294,0.1176470588235294,0.0,0.0,0.1176470588235294,0.1176470588235294,0.0,0.0,0.0,0.0,0.0,0.0
15,0.05,anomaly_detection,isolation_forest,raw,false_positive_rate,5,0.0438946528332003,0.0438946528332003,0.0,0.0,0.0438946528332003,0.0438946528332003,0.0,0.0,0.0,0.0,0.0,0.0
15,0.05,anomaly_detection,isolation_forest,raw,pr_auc,5,0.09385708598261,0.09385708598261,0.0,0.0,0.09385708598261,0.09385708598261,0.0,0.0,0.0,0.0,0.0,0.0
15,0.05,anomaly_detection,isolation_forest,raw,precision,5,0.1164658634538152,0.1164658634538152,0.0,0.0,0.1164658634538152,0.1164658634538152,0.0,0.0,0.0,0.0,0.0,0.0
15,0.05,anomaly_detection,isolation_forest,raw,recall,5,0.11885245901639338,0.1188524590163934,1.5515838457795457e-17,2.407412430484045e-34,0.1188524590163934,0.1188524590163934,0.0,1.30547054610417e-16,0.0,0.0,0.0,0.0
15,0.05,anomaly_detection,isolation_forest,raw,roc_auc,5,0.7138596875695052,0.7138596875695052,0.0,0.0,0.7138596875695052,0.7138596875695052,0.0,0.0,0.0,0.0,0.0,0.0
15,0.05,anomaly_detection,isolation_forest,raw,threshold,5,0.5031683371451802,0.5031683371451802,0.0,0.0,0.5031683371451802,0.5031683371451802,0.0,0.0,0.0,0.0,0.0,0.0
15,0.05,anomaly_detection,isolation_forest,residual,detection_latency,5,0.0,0.0,0.0,0.0,0.0,0.0,0.0,0.0,0.0,0.0,0.0,0.0
15,0.05,anomaly_detection,isolation_forest,residual,f1,5,0.0887272727272727,0.0887272727272727,0.0,0.0,0.0887272727272727,0.0887272727272727,0.0,0.0,0.0,0.0,0.0,0.0
15,0.05,anomaly_detection,isolation_forest,residual,false_positive_rate,5,1.0,1.0,0.0,0.0,1.0,1.0,0.0,0.0,0.0,0.0,0.0,0.0
15,0.05,anomaly_detection,isolation_forest,residual,pr_auc,5,0.0516199894855073,0.0536658064807327,0.004938843843734578,2.4392178512794942e-05,0.043213258253825,0.0555873968046363,0.0123741385508113,0.09567696338104051,0.5207835372424948,0.2411598983826213,0.2176003610016337,0.4063212110770171
15,0.05,anomaly_detection,isolation_forest,residual,precision,5,0.0464231354642313,0.0464231354642313,0.0,0.0,0.0464231354642313,0.0464231354642313,0.0,0.0,0.0,0.0,0.0,0.0
15,0.05,anomaly_detection,isolation_forest,residual,recall,5,1.0,1.0,0.0,0.0,1.0,1.0,0.0,0.0,0.0,0.0,0.0,0.0
15,0.05,anomaly_detection,isolation_forest,residual,roc_auc,5,0.5619470647495193,0.5763180661494381,0.03722224317352446,0.0013854953868689883,0.5031792550338204,0.5940169821935551,0.0908377271597347,0.06623798843066438,0.23503738304051272,0.1190350824487366,0.18818949275836355,0.13715476163405996
15,0.05,anomaly_detection,isolation_forest,residual,threshold,5,0.2937656541960819,0.2937656541960819,0.0,0.0,0.2937656541960819,0.2937656541960819,0.0,0.0,0.0,0.0,0.0,0.0
15,0.05,anomaly_detection,lstm_autoencoder,raw,detection_latency,5,1.3442622950819672,1.3442622950819672,0.0,0.0,1.3442622950819672,1.3442622950819672,0.0,0.0,0.0,0.0,0.0,0.0
15,0.05,anomaly_detection,lstm_autoencoder,raw,f1,5,0.5386064030131827,0.5386064030131827,0.0,0.0,0.5386064030131827,0.5386064030131827,0.0,0.0,0.0,0.0,0.0,0.0
15,0.05,anomaly_detection,lstm_autoencoder,raw,false_positive_rate,5,0.028731045490821998,0.028731045490822,3.878959614448864e-18,1.504632769052528e-35,0.028731045490822,0.028731045490822,0.0,1.3500934435845645e-16,0.0,0.0,0.0,0.0
15,0.05,anomaly_detection,lstm_autoencoder,raw,pr_auc,5,0.561001698584242,0.561001698584242,0.0,0.0,0.561001698584242,0.561001698584242,0.0,0.0,0.0,0.0,0.0,0.0
15,0.05,anomaly_detection,lstm_autoencoder,raw,precision,5,0.4982578397212543,0.4982578397212543,0.0,0.0,0.4982578397212543,0.4982578397212543,0.0,0.0,0.0,0.0,0.0,0.0
15,0.05,anomaly_detection,lstm_autoencoder,raw,recall,5,0.5860655737704918,0.5860655737704918,0.0,0.0,0.5860655737704918,0.5860655737704918,0.0,0.0,0.0,0.0,0.0,0.0
15,0.05,anomaly_detection,lstm_autoencoder,raw,roc_auc,5,0.9493396177043947,0.9493396177043946,1.2412670766236366e-16,1.5407439555097887e-32,0.9493396177043946,0.9493396177043946,0.0,1.307505821388929e-16,0.0,0.0,0.0,0.0
15,0.05,anomaly_detection,lstm_autoencoder,raw,threshold,5,0.0007370078528765,0.0007370078528765,0.0,0.0,0.0007370078528765,0.0007370078528765,0.0,0.0,0.0,0.0,0.0,0.0
15,0.05,anomaly_detection,lstm_autoencoder,residual,detection_latency,5,0.0,0.0,0.0,0.0,0.0,0.0,0.0,0.0,0.0,0.0,0.0,0.0
15,0.05,anomaly_detection,lstm_autoencoder,residual,f1,5,0.08986726709822682,0.0887272727272727,0.002549104907420524,6.497935829035399e-06,0.0887272727272727,0.0944272445820433,0.0056999718547706,0.028365221172624498,0.1806888544891641,0.40403256141433896,0.17670573344832077,0.3951260320044036
15,0.05,anomaly_detection,lstm_autoencoder,residual,false_positive_rate,5,0.9867517956903431,1.0,0.029623885416198346,0.000877574587152049,0.9337589784517158,1.0,0.06624102154828415,0.03002161794443265,84.89090909090972,189.82184339902898,0.18631284916201116,0.41660819580792174
15,0.05,anomaly_detection,lstm_autoencoder,residual,pr_auc,5,0.11355274482442212,0.1135811015230124,0.016310001588805342,0.0002660161518268328,0.0891926562839235,0.1324868775500216,0.04329422126609808,0.14363370620432156,0.3078916508329764,0.3282983572825902,0.19123624063619002,0.37828507179717713
15,0.05,anomaly_detection,lstm_autoencoder,residual,precision,5,0.04704915012605602,0.0464231354642313,0.0013998113387516191,1.9594717840976e-06,0.0464231354642313,0.0495532087733549,0.0031300733091236058,0.02975210678622647,0.18964256701868404,0.4240536712813372,0.18146190726493686,0.4057611599711618
15,0.05,anomaly_detection,lstm_autoencoder,residual,recall,5,1.0,1.0,0.0,0.0,1.0,1.0,0.0,0.0,0.0,0.0,0.0,0.0
15,0.05,anomaly_detection,lstm_autoencoder,residual,roc_auc,5,0.6392145735480749,0.6510031661716797,0.033282879158067345,0.0011077500450505135,0.5825265265003337,0.6643702654612538,0.08184373896092012,0.05206839852434022,0.18015710288567266,0.09912362498673337,0.150806098151322,0.11046892094149446
15,0.05,anomaly_detection,lstm_autoencoder,residual,threshold,5,0.0003816792741417,0.0003816792741417,0.0,0.0,0.0003816792741417,0.0003816792741417,0.0,0.0,0.0,0.0,0.0,0.0
15,0.05,load_estimation,lstm,raw,mae,5,1.5207642708001483,1.5250313654470782,0.022351815754666125,0.0004996036675305408,1.4887331197030818,1.5441230989518504,0.05538997924876865,0.014697751771157633,4.48331548984358,0.09878086403955448,1.2434027388062598,0.023037201733483812
15,0.05,load_estimation,lstm,raw,mape,5,44.578093570774556,44.64584293095203,0.7820215447507923,0.6115576964544155,43.29800891131623,45.33246134582328,2.0344524345070525,0.017542731914033365,3.969973048811897,0.10380580917420694,35.60778694510231,0.7932416297814305
15,0.05,load_estimation,lstm,raw,r2,5,0.29275807111894975,0.2948743903583448,0.02406668543180926,0.00057920534767366,0.2631107182682037,0.3272806536454189,0.06416993537721521,0.08220673588886569,-0.6975277722979324,0.025047088015307636,-0.6751644709555477,0.02464975255898824
15,0.05,load_estimation,lstm,raw,rmse,5,1.9595462706967552,1.9568398589695932,0.03341839242577384,0.0011167889523230183,1.911344629407077,2.0004290912629386,0.0890844618558615,0.01705414815945697,3.69657370650702,0.13116494077719035,1.5422055996587027,0.03739380767995512
15,0.05,load_estimation,persistence,raw,mae,5,1.833377162384116,1.8243915184856003,0.02551570275604968,0.0006510510871350812,1.8156787291101124,1.8785337879233164,0.06285505881320397,0.013917323330715633,3.1263332295944695,0.09925520321660515,1.3888511089043893,0.02092738110869738
15,0.05,load_estimation,persistence,raw,mape,5,57.05623830941467,56.63573018062418,1.062044690979068,1.127938925636824,56.150269485255066,58.87377257436558,2.7235030891105154,0.018613997740608557,3.0587607485927677,0.10419288929721221,42.98868238548465,0.6848524031874639
15,0.05,load_estimation,persistence,raw,r2,5,-0.09127427945809542,-0.0820101208522208,0.025136633515724403,0.0006318503445038393,-0.1350907331039434,-0.0721221185560201,0.0629686145479233,0.27539667982002297,-1.0979814984039318,0.02735881751162025,-1.0233943918063053,0.022855618293702064
15,0.05,load_estimation,persistence,raw,rmse,5,2.4309382493465512,2.420724522023127,0.02781410791630813,0.0007736245991800347,2.409638181031058,2.4793908671342044,0.06975268610314656,0.011441717173928506,3.013307190212566,0.10546346681259335,1.8248523861856807,0.02254256116172949
15,0.05,load_estimation,xgboost,raw,mae,5,1.407147216869453,1.4102524927898086,0.009578106189729828,9.174011818174087e-05,1.3957525183484978,1.4179654411483935,0.02221292279989573,0.006806754883144846,4.137991526610422,0.0357332357237046,1.1332742425268643,0.009371945401030845
15,0.05,load_estimation,xgboost,raw,mape,5,43.37932928943843,42.93697179012182,0.6825680688741981,0.46589916864665204,42.83408208204542,44.24652148868349,1.4124394066380717,0.015734869119804096,3.788225645763133,0.07288840769946182,34.319666225356436,0.6698423515983457
15,0.05,load_estimation,xgboost,raw,r2,5,0.35276987348930733,0.3525870733893816,0.008805027055302459,7.752850144460828e-05,0.3430579465112234,0.3629203367291738,0.019862390217950388,0.02495969105357673,-0.6358675230399343,0.009060639781509868,-0.6160241242613536,0.00873701727372439
15,0.05,load_estimation,xgboost,raw,rmse,5,1.87219478077857,1.8724938127907371,0.01273677169092066,0.00016222535310663792,1.857490404797839,1.8862238848611443,0.02873348006330545,0.006803123169494123,3.5543430226630415,0.04088962827012232,1.4611018689574555,0.012557125265520394
15,0.1,anomaly_detection,isolation_forest,raw,detection_latency,5,3.2459016393442623,3.2459016393442623,0.0,0.0,3.2459016393442623,3.2459016393442623,0.0,0.0,0.0,0.0,0.0,0.0
15,0.1,anomaly_detection,isolation_forest,raw,f1,5,0.1176470588235294,0.1176470588235294,0.0,0.0,0.1176470588235294,0.1176470588235294,0.0,0.0,0.0,0.0,0.0,0.0
15,0.1,anomaly_detection,isolation_forest,raw,false_positive_rate,5,0.0438946528332003,0.0438946528332003,0.0,0.0,0.0438946528332003,0.0438946528332003,0.0,0.0,0.0,0.0,0.0,0.0
15,0.1,anomaly_detection,isolation_forest,raw,pr_auc,5,0.09385708598261,0.09385708598261,0.0,0.0,0.09385708598261,0.09385708598261,0.0,0.0,0.0,0.0,0.0,0.0
15,0.1,anomaly_detection,isolation_forest,raw,precision,5,0.1164658634538152,0.1164658634538152,0.0,0.0,0.1164658634538152,0.1164658634538152,0.0,0.0,0.0,0.0,0.0,0.0
15,0.1,anomaly_detection,isolation_forest,raw,recall,5,0.11885245901639338,0.1188524590163934,1.5515838457795457e-17,2.407412430484045e-34,0.1188524590163934,0.1188524590163934,0.0,1.30547054610417e-16,0.0,0.0,0.0,0.0
15,0.1,anomaly_detection,isolation_forest,raw,roc_auc,5,0.7138596875695052,0.7138596875695052,0.0,0.0,0.7138596875695052,0.7138596875695052,0.0,0.0,0.0,0.0,0.0,0.0
15,0.1,anomaly_detection,isolation_forest,raw,threshold,5,0.5031683371451802,0.5031683371451802,0.0,0.0,0.5031683371451802,0.5031683371451802,0.0,0.0,0.0,0.0,0.0,0.0
15,0.1,anomaly_detection,isolation_forest,residual,detection_latency,5,0.0,0.0,0.0,0.0,0.0,0.0,0.0,0.0,0.0,0.0,0.0,0.0
15,0.1,anomaly_detection,isolation_forest,residual,f1,5,0.0887272727272727,0.0887272727272727,0.0,0.0,0.0887272727272727,0.0887272727272727,0.0,0.0,0.0,0.0,0.0,0.0
15,0.1,anomaly_detection,isolation_forest,residual,false_positive_rate,5,1.0,1.0,0.0,0.0,1.0,1.0,0.0,0.0,0.0,0.0,0.0,0.0
15,0.1,anomaly_detection,isolation_forest,residual,pr_auc,5,0.05105953071569673,0.0508062053671246,0.0034411999946388455,1.184185740310239e-05,0.0467240718465274,0.055536366984845,0.008812295138317598,0.0673958406276725,0.5218576895350587,0.24018873783262043,0.21816081977144428,0.40735487957893346
15,0.1,anomaly_detection,isolation_forest,residual,precision,5,0.0464231354642313,0.0464231354642313,0.0,0.0,0.0464231354642313,0.0464231354642313,0.0,0.0,0.0,0.0,0.0,0.0
15,0.1,anomaly_detection,isolation_forest,residual,recall,5,1.0,1.0,0.0,0.0,1.0,1.0,0.0,0.0,0.0,0.0,0.0,0.0
15,0.1,anomaly_detection,isolation_forest,residual,roc_auc,5,0.5672309408239897,0.566501870919629,0.027446959366637436,0.0007533355784738465,0.5363741773841142,0.6076408423063338,0.07126666492221956,0.04838762731589805,0.22742683522371188,0.11715706372203821,0.18290561668389307,0.13746171344407815
15,0.1,anomaly_detection,isolation_forest,residual,threshold,5,0.2937656541960819,0.2937656541960819,0.0,0.0,0.2937656541960819,0.2937656541960819,0.0,0.0,0.0,0.0,0.0,0.0
15,0.1,anomaly_detection,lstm_autoencoder,raw,detection_latency,5,1.3442622950819672,1.3442622950819672,0.0,0.0,1.3442622950819672,1.3442622950819672,0.0,0.0,0.0,0.0,0.0,0.0
15,0.1,anomaly_detection,lstm_autoencoder,raw,f1,5,0.5386064030131827,0.5386064030131827,0.0,0.0,0.5386064030131827,0.5386064030131827,0.0,0.0,0.0,0.0,0.0,0.0
15,0.1,anomaly_detection,lstm_autoencoder,raw,false_positive_rate,5,0.028731045490821998,0.028731045490822,3.878959614448864e-18,1.504632769052528e-35,0.028731045490822,0.028731045490822,0.0,1.3500934435845645e-16,0.0,0.0,0.0,0.0
15,0.1,anomaly_detection,lstm_autoencoder,raw,pr_auc,5,0.561001698584242,0.561001698584242,0.0,0.0,0.561001698584242,0.561001698584242,0.0,0.0,0.0,0.0,0.0,0.0
15,0.1,anomaly_detection,lstm_autoencoder,raw,precision,5,0.4982578397212543,0.4982578397212543,0.0,0.0,0.4982578397212543,0.4982578397212543,0.0,0.0,0.0,0.0,0.0,0.0
15,0.1,anomaly_detection,lstm_autoencoder,raw,recall,5,0.5860655737704918,0.5860655737704918,0.0,0.0,0.5860655737704918,0.5860655737704918,0.0,0.0,0.0,0.0,0.0,0.0
15,0.1,anomaly_detection,lstm_autoencoder,raw,roc_auc,5,0.9493396177043947,0.9493396177043946,1.2412670766236366e-16,1.5407439555097887e-32,0.9493396177043946,0.9493396177043946,0.0,1.307505821388929e-16,0.0,0.0,0.0,0.0
15,0.1,anomaly_detection,lstm_autoencoder,raw,threshold,5,0.0007370078528765,0.0007370078528765,0.0,0.0,0.0007370078528765,0.0007370078528765,0.0,0.0,0.0,0.0,0.0,0.0
15,0.1,anomaly_detection,lstm_autoencoder,residual,detection_latency,5,0.0,0.0,0.0,0.0,0.0,0.0,0.0,0.0,0.0,0.0,0.0,0.0
15,0.1,anomaly_detection,lstm_autoencoder,residual,f1,5,0.08985631054306356,0.0887272727272727,0.002524605305276253,6.373631947429004e-06,0.0887272727272727,0.094372461806227,0.00564518907895431,0.028096026756699945,0.18070005801585767,0.40405761326161355,0.17671669000348403,0.39515053160654784
15,0.1,anomaly_detection,lstm_autoencoder,residual,false_positive_rate,5,0.9868715083798882,1.0,0.02935619970460624,0.0008617864610967235,0.9343575418994412,1.0,0.0656424581005588,0.029746729392156904,84.94545454545515,189.94381074325622,0.18643256185155624,0.4168758815195139
15,0.1,anomaly_detection,lstm_autoencoder,residual,pr_auc,5,0.10974657540169505,0.1030473311930599,0.014447893102019655,0.00020874161508738714,0.0976640144814501,0.1301552294242325,0.0324912149427824,0.1316477807998782,0.3172354725536996,0.34194917787184453,0.19504241005891712,0.38354747786032023
15,0.1,anomaly_detection,lstm_autoencoder,residual,precision,5,0.04704311563746986,0.0464231354642313,0.0013863178120635164,1.921877076044575e-06,0.0464231354642313,0.0495230363304241,0.0030999008661928007,0.0294690900736029,0.18964887355388677,0.4240677731227529,0.18146794175352302,0.4057746534978498
15,0.1,anomaly_detection,lstm_autoencoder,residual,recall,5,1.0,1.0,0.0,0.0,1.0,1.0,0.0,0.0,0.0,0.0,0.0,0.0
15,0.1,anomaly_detection,lstm_autoencoder,residual,roc_auc,5,0.6373580456085722,0.6361936270982429,0.008604201958245511,7.403229133827588e-05,0.6280950309421323,0.6508821451467297,0.022787114204597447,0.013499793432480972,0.18201854102199486,0.0940017127643736,0.15266262609082465,0.11021017165849101
15,0.1,anomaly_detection,lstm_autoencoder,residual,threshold,5,0.0003816792741417,0.0003816792741417,0.0,0.0,0.0003816792741417,0.0003816792741417,0.0,0.0,0.0,0.0,0.0,0.0
15,0.1,load_estimation,lstm,raw,mae,5,1.5240747544179107,1.5256171976656616,0.02978950716963402,0.0008874147374096765,1.481651876457057,1.5576997126080487,0.07604783615099175,0.019545961957103286,4.495065573731056,0.11133481699730305,1.2467132224240225,0.029709084791209588
15,0.1,load_estimation,lstm,raw,mape,5,44.937903125058625,45.268710849279245,1.3248509653608862,1.7552300804176721,42.66467023259599,46.14472270642403,3.4800524738280387,0.029481815421470176,4.009982778256836,0.1542169356911532,35.967596499386374,1.3234837634814316
15,0.1,load_estimation,lstm,raw,r2,5,0.2912132386090503,0.3017998355163079,0.02916239379117148,0.0008504452116313569,0.2594443784545912,0.3234013725977451,0.06395699414315392,0.10014103043688061,-0.6991159138593493,0.030370679921118453,-0.6767093034654471,0.029955546984754153
15,0.1,load_estimation,lstm,raw,rmse,5,1.9615823277761262,1.947206520718201,0.040297097665378374,0.0016238560802530435,1.916847655659816,2.0053994123582317,0.08855175669841575,0.020543159007281517,3.701836334283673,0.15725707884930187,1.544241656738074,0.045508928313527965
15,0.1,load_estimation,persistence,raw,mae,5,1.8362148404665732,1.837170937085805,0.00673018053046293,4.529532997262229e-05,1.825567348680177,1.84326289911702,0.01769555043684301,0.0036652467794851414,3.133543618131962,0.12392774047007413,1.391688786986847,0.01562517325194591
15,0.1,load_estimation,persistence,raw,mape,5,56.7981722793946,56.70756809738299,0.410110259308017,0.16819042478968893,56.351620285961005,57.2949807164655,0.943360430504498,0.0072204833861669515,3.042573447018317,0.16696362118445443,42.73061635546459,0.7742718346965545
15,0.1,load_estimation,persistence,raw,r2,5,-0.10375421873219,-0.1030557621687999,0.012303563617307448,0.00015137767768513152,-0.118698031751093,-0.091075189166589,0.02762284258450401,0.11858374307714041,-1.111310259067381,0.013173039749379003,-1.0358743310803997,0.01313235915022756
15,0.1,load_estimation,persistence,raw,rmse,5,2.4448966354372255,2.44415330032416,0.013623081618539196,0.00018558835278538054,2.430843772553818,2.4614223803619315,0.03057860780811339,0.005572048086238604,3.037043524651213,0.12911556220379902,1.838810772276355,0.023647363228731344
15,0.1,load_estimation,xgboost,raw,mae,5,1.417183468711975,1.4204962215693937,0.018202007064672846,0.0003313130611824002,1.3864868881359491,1.4349861437372602,0.048499255601311075,0.012843790141876244,4.1745686223563965,0.059901841511858823,1.1433104943693864,0.01773122007532314
15,0.1,load_estimation,xgboost,raw,mape,5,43.67523368830712,43.876863998357926,0.4691438724613116,0.22009597306799542,42.93870910831868,44.12923198992794,1.1905228816092546,0.010741645386706022,3.820978150870207,0.058561568615224505,34.61557062422512,0.470013729928972
15,0.1,load_estimation,xgboost,raw,r2,5,0.3419213600475682,0.3428624468077603,0.014887666066728117,0.00022164260091440784,0.3276369256294186,0.363123070559618,0.035486144930199415,0.043541199253117564,-0.6470626983647205,0.015431324048866742,-0.6268726377030928,0.015065839473086524
15,0.1,load_estimation,xgboost,raw,rmse,5,1.8877578897420524,1.8865045251228645,0.021394307862414304,0.00045771640891176257,1.8571948325718528,1.908234024694923,0.051039192123070176,0.011333184185678425,3.5923482252244794,0.07142904491406747,1.476664977920938,0.022692164268359453
15,0.2,anomaly_detection,isolation_forest,raw,detection_latency,5,3.2459016393442623,3.2459016393442623,0.0,0.0,3.2459016393442623,3.2459016393442623,0.0,0.0,0.0,0.0,0.0,0.0
15,0.2,anomaly_detection,isolation_forest,raw,f1,5,0.1176470588235294,0.1176470588235294,0.0,0.0,0.1176470588235294,0.1176470588235294,0.0,0.0,0.0,0.0,0.0,0.0
15,0.2,anomaly_detection,isolation_forest,raw,false_positive_rate,5,0.0438946528332003,0.0438946528332003,0.0,0.0,0.0438946528332003,0.0438946528332003,0.0,0.0,0.0,0.0,0.0,0.0
15,0.2,anomaly_detection,isolation_forest,raw,pr_auc,5,0.09385708598261,0.09385708598261,0.0,0.0,0.09385708598261,0.09385708598261,0.0,0.0,0.0,0.0,0.0,0.0
15,0.2,anomaly_detection,isolation_forest,raw,precision,5,0.1164658634538152,0.1164658634538152,0.0,0.0,0.1164658634538152,0.1164658634538152,0.0,0.0,0.0,0.0,0.0,0.0
15,0.2,anomaly_detection,isolation_forest,raw,recall,5,0.11885245901639338,0.1188524590163934,1.5515838457795457e-17,2.407412430484045e-34,0.1188524590163934,0.1188524590163934,0.0,1.30547054610417e-16,0.0,0.0,0.0,0.0
15,0.2,anomaly_detection,isolation_forest,raw,roc_auc,5,0.7138596875695052,0.7138596875695052,0.0,0.0,0.7138596875695052,0.7138596875695052,0.0,0.0,0.0,0.0,0.0,0.0
15,0.2,anomaly_detection,isolation_forest,raw,threshold,5,0.5031683371451802,0.5031683371451802,0.0,0.0,0.5031683371451802,0.5031683371451802,0.0,0.0,0.0,0.0,0.0,0.0
15,0.2,anomaly_detection,isolation_forest,residual,detection_latency,5,0.0,0.0,0.0,0.0,0.0,0.0,0.0,0.0,0.0,0.0,0.0,0.0
15,0.2,anomaly_detection,isolation_forest,residual,f1,5,0.0887272727272727,0.0887272727272727,0.0,0.0,0.0887272727272727,0.0887272727272727,0.0,0.0,0.0,0.0,0.0,0.0
15,0.2,anomaly_detection,isolation_forest,residual,false_positive_rate,5,1.0,1.0,0.0,0.0,1.0,1.0,0.0,0.0,0.0,0.0,0.0,0.0
15,0.2,anomaly_detection,isolation_forest,residual,pr_auc,5,0.05078920882835654,0.0518892167762387,0.003922272653814287,1.5384222770859367e-05,0.0443108300612916,0.0540294684205144,0.009718638359222799,0.07722649642111398,0.5059430503349771,0.25267964435231194,0.21843114165878447,0.41215354027243517
15,0.2,anomaly_detection,isolation_forest,residual,precision,5,0.0464231354642313,0.0464231354642313,0.0,0.0,0.0464231354642313,0.0464231354642313,0.0,0.0,0.0,0.0,0.0,0.0
15,0.2,anomaly_detection,isolation_forest,residual,recall,5,1.0,1.0,0.0,0.0,1.0,1.0,0.0,0.0,0.0,0.0,0.0,0.0
15,0.2,anomaly_detection,isolation_forest,residual,roc_auc,5,0.5647307936362566,0.569165151178156,0.03171367589381011,0.0010057572386976325,0.5117275914853533,0.5936297966846781,0.08190220519932478,0.05615715709357424,0.2252481478169938,0.14800599923730734,0.18540576387162613,0.16971566871956742
15,0.2,anomaly_detection,isolation_forest,residual,threshold,5,0.2937656541960819,0.2937656541960819,0.0,0.0,0.2937656541960819,0.2937656541960819,0.0,0.0,0.0,0.0,0.0,0.0
15,0.2,anomaly_detection,lstm_autoencoder,raw,detection_latency,5,1.3442622950819672,1.3442622950819672,0.0,0.0,1.3442622950819672,1.3442622950819672,0.0,0.0,0.0,0.0,0.0,0.0
15,0.2,anomaly_detection,lstm_autoencoder,raw,f1,5,0.5386064030131827,0.5386064030131827,0.0,0.0,0.5386064030131827,0.5386064030131827,0.0,0.0,0.0,0.0,0.0,0.0
15,0.2,anomaly_detection,lstm_autoencoder,raw,false_positive_rate,5,0.028731045490821998,0.028731045490822,3.878959614448864e-18,1.504632769052528e-35,0.028731045490822,0.028731045490822,0.0,1.3500934435845645e-16,0.0,0.0,0.0,0.0
15,0.2,anomaly_detection,lstm_autoencoder,raw,pr_auc,5,0.561001698584242,0.561001698584242,0.0,0.0,0.561001698584242,0.561001698584242,0.0,0.0,0.0,0.0,0.0,0.0
15,0.2,anomaly_detection,lstm_autoencoder,raw,precision,5,0.4982578397212543,0.4982578397212543,0.0,0.0,0.4982578397212543,0.4982578397212543,0.0,0.0,0.0,0.0,0.0,0.0
15,0.2,anomaly_detection,lstm_autoencoder,raw,recall,5,0.5860655737704918,0.5860655737704918,0.0,0.0,0.5860655737704918,0.5860655737704918,0.0,0.0,0.0,0.0,0.0,0.0
15,0.2,anomaly_detection,lstm_autoencoder,raw,roc_auc,5,0.9493396177043947,0.9493396177043946,1.2412670766236366e-16,1.5407439555097887e-32,0.9493396177043946,0.9493396177043946,0.0,1.307505821388929e-16,0.0,0.0,0.0,0.0
15,0.2,anomaly_detection,lstm_autoencoder,raw,threshold,5,0.0007370078528765,0.0007370078528765,0.0,0.0,0.0007370078528765,0.0007370078528765,0.0,0.0,0.0,0.0,0.0,0.0
15,0.2,anomaly_detection,lstm_autoencoder,residual,detection_latency,5,0.0,0.0,0.0,0.0,0.0,0.0,0.0,0.0,0.0,0.0,0.0,0.0
15,0.2,anomaly_detection,lstm_autoencoder,residual,f1,5,0.08983807784178724,0.0887272727272727,0.0024838357458089504,6.169440012158306e-06,0.0887272727272727,0.0942812982998454,0.005554025572572702,0.027647917291632216,0.18071870170015455,0.40409930180705245,0.17673492270476035,0.3951913011660152
15,0.2,anomaly_detection,lstm_autoencoder,residual,false_positive_rate,5,0.98707102952913,1.0,0.0289100568519526,0.0008357913871831314,0.9353551476456504,1.0,0.06464485235434958,0.029288729976953923,85.03636363636426,190.14708965030167,0.1866320830007981,0.4173220243721675
15,0.2,anomaly_detection,lstm_autoencoder,residual,pr_auc,5,0.11352651052815199,0.1123321833861554,0.006930295146982588,4.8028990824290414e-05,0.1042913795674832,0.1215206623476556,0.017229282780172397,0.06104561053397332,0.27987595643863455,0.3425673602991514,0.19126247493246012,0.39043234917464675
15,0.2,anomaly_detection,lstm_autoencoder,residual,precision,5,0.0470330744703307,0.0464231354642313,0.0013638650797669198,1.8601279558076265e-06,0.0464231354642313,0.0494728304947283,0.003049695030497006,0.028997999708211084,0.18965936739659367,0.4240912380683907,0.18147798292066217,0.40579710623014636
15,0.2,anomaly_detection,lstm_autoencoder,residual,recall,5,1.0,1.0,0.0,0.0,1.0,1.0,0.0,0.0,0.0,0.0,0.0,0.0
15,0.2,anomaly_detection,lstm_autoencoder,residual,roc_auc,5,0.6443667983724307,0.6437926026716208,0.013200686388168622,0.00017425812111878034,0.6301761019454948,0.6633464930069473,0.033170391061452476,0.020486292002492187,0.17102236911935614,0.11257450881292079,0.14565387332696605,0.12611155168097354
15,0.2,anomaly_detection,lstm_autoencoder,residual,threshold,5,0.0003816792741417,0.0003816792741417,0.0,0.0,0.0003816792741417,0.0003816792741417,0.0,0.0,0.0,0.0,0.0,0.0
15,0.2,load_estimation,lstm,raw,mae,5,1.5426379096000027,1.5386112167984218,0.04648842683514704,0.0021611738296068196,1.4778978874276525,1.593928386644312,0.11603049921665942,0.030135669910511424,4.562710454989135,0.19673834946653201,1.265276377606114,0.04789860588443609
15,0.2,load_estimation,lstm,raw,mape,5,45.60599186858131,44.983662235463065,1.483513604705359,2.200812615345888,44.2613627090222,47.21704087816145,2.9556781691392473,0.03252891876532949,4.085063592462192,0.19252087459251446,36.63568524290908,1.5223996296039293
15,0.2,load_estimation,lstm,raw,r2,5,0.2748628963542684,0.261204837511125,0.0406199986843883,0.0016499842931197075,0.229674561073661,0.3329382410443686,0.1032636799707076,0.14778276450974137,-0.7160032526891558,0.042173380354460444,-0.6930596457202289,0.04133151786399818
15,0.2,load_estimation,lstm,raw,rmse,5,1.9837829240127771,2.0030143624746204,0.05591320979812871,0.003126287029929556,1.903290430340269,2.0453100948896847,0.14201966454941584,0.028185145219935658,3.7552671352732103,0.19047454508337916,1.566442252974725,0.06059408225666469
15,0.2,load_estimation,persistence,raw,mae,5,1.8536021250341217,1.8568141718750857,0.021474068715491058,0.0004611356271976317,1.819929579417455,1.8763758682134128,0.05644628879595781,0.011585047527443763,3.17301038989718,0.1462673844983752,1.409076071554395,0.028470839227412108
15,0.2,load_estimation,persistence,raw,mape,5,58.331029851037044,58.68267790596002,1.1432579993451082,1.3070388530665795,56.663804449183694,59.54367761466221,2.8798731654785144,0.019599482509818616,3.1522628012976526,0.20571690861387806,44.26347392710703,1.4102948542010936
15,0.2,load_estimation,persistence,raw,r2,5,-0.10596795949397364,-0.1047384268883329,0.016937954635320707,0.00028689430722818223,-0.1225600925775325,-0.0800481454933028,0.0425119470842297,0.1598403396291118,-1.1136592343761256,0.017959203204834035,-1.0380880718421834,0.019087933212752622
15,0.2,load_estimation,persistence,raw,rmse,5,2.447319956787665,2.446016815945967,0.018779862680584018,0.0003526832423015924,2.418528813909456,2.465667481509107,0.04713866759965102,0.0076736442362176195,3.041342018893546,0.14178875833418525,1.841234093626794,0.03167298256944771
15,0.2,load_estimation,xgboost,raw,mae,5,1.4316684132478732,1.4437455910752717,0.022939063772647796,0.0005262006467656024,1.4065848712552809,1.452096836457151,0.045511965201870064,0.01602260939780629,4.22762503115799,0.09136729917228115,1.157795438905285,0.023249497900173676
15,0.2,load_estimation,xgboost,raw,mape,5,44.68226549120115,44.6506245254572,0.8555191570983319,0.7319130281622404,43.40254332977434,45.49999159116828,2.097448261393943,0.019146727402772384,3.9324397168849865,0.11597917647319529,35.622602427119155,0.891500479806917
15,0.2,load_estimation,xgboost,raw,r2,5,0.33848797580250845,0.3306690654672365,0.019352080787866346,0.0003745030308201057,0.3204118094241119,0.3669017341403195,0.04648992471620761,0.05717213659358275,-0.6506035524846382,0.020093546917182112,-0.6303060219481524,0.01967664216478305
15,0.2,load_estimation,xgboost,raw,rmse,5,1.8926098952828423,1.9039264038120725,0.027798223841495117,0.0007727412487418676,1.851677161597136,1.9184594311253356,0.06678226952819966,0.014687772641778772,3.604314965623179,0.09406842664462385,1.4815169834617279,0.029984542872681874
60,0.0,anomaly_detection,isolation_forest,raw,detection_latency,5,3.2459016393442623,3.2459016393442623,0.0,0.0,3.2459016393442623,3.2459016393442623,0.0,0.0,0.0,0.0,0.0,0.0
60,0.0,anomaly_detection,isolation_forest,raw,f1,5,0.1176470588235294,0.1176470588235294,0.0,0.0,0.1176470588235294,0.1176470588235294,0.0,0.0,0.0,0.0,0.0,0.0
60,0.0,anomaly_detection,isolation_forest,raw,false_positive_rate,5,0.0438946528332003,0.0438946528332003,0.0,0.0,0.0438946528332003,0.0438946528332003,0.0,0.0,0.0,0.0,0.0,0.0
60,0.0,anomaly_detection,isolation_forest,raw,pr_auc,5,0.09385708598261,0.09385708598261,0.0,0.0,0.09385708598261,0.09385708598261,0.0,0.0,0.0,0.0,0.0,0.0
60,0.0,anomaly_detection,isolation_forest,raw,precision,5,0.1164658634538152,0.1164658634538152,0.0,0.0,0.1164658634538152,0.1164658634538152,0.0,0.0,0.0,0.0,0.0,0.0
60,0.0,anomaly_detection,isolation_forest,raw,recall,5,0.11885245901639338,0.1188524590163934,1.5515838457795457e-17,2.407412430484045e-34,0.1188524590163934,0.1188524590163934,0.0,1.30547054610417e-16,0.0,0.0,0.0,0.0
60,0.0,anomaly_detection,isolation_forest,raw,roc_auc,5,0.7138596875695052,0.7138596875695052,0.0,0.0,0.7138596875695052,0.7138596875695052,0.0,0.0,0.0,0.0,0.0,0.0
60,0.0,anomaly_detection,isolation_forest,raw,threshold,5,0.5031683371451802,0.5031683371451802,0.0,0.0,0.5031683371451802,0.5031683371451802,0.0,0.0,0.0,0.0,0.0,0.0
60,0.0,anomaly_detection,isolation_forest,residual,detection_latency,5,0.0,0.0,0.0,0.0,0.0,0.0,0.0,0.0,0.0,0.0,0.0,0.0
60,0.0,anomaly_detection,isolation_forest,residual,f1,5,0.0887272727272727,0.0887272727272727,0.0,0.0,0.0887272727272727,0.0887272727272727,0.0,0.0,0.0,0.0,0.0,0.0
60,0.0,anomaly_detection,isolation_forest,residual,false_positive_rate,5,1.0,1.0,0.0,0.0,1.0,1.0,0.0,0.0,0.0,0.0,0.0,0.0
60,0.0,anomaly_detection,isolation_forest,residual,pr_auc,5,0.046457706582803085,0.046556338284325,0.000339042958497541,1.1495012770676531e-07,0.0460211600205415,0.046852790017781,0.0008316299972394997,0.007297884106552993,0.559443897500963,0.22188103103695764,0.22276264390433798,0.40877976831550455
60,0.0,anomaly_detection,isolation_forest,residual,precision,5,0.0464231354642313,0.0464231354642313,0.0,0.0,0.0464231354642313,0.0464231354642313,0.0,0.0,0.0,0.0,0.0,0.0
60,0.0,anomaly_detection,isolation_forest,residual,recall,5,1.0,1.0,0.0,0.0,1.0,1.0,0.0,0.0,0.0,0.0,0.0,0.0
60,0.0,anomaly_detection,isolation_forest,residual,roc_auc,5,0.5106132168042599,0.5111727755027279,0.003994819539011046,1.5958583149264427e-05,0.5057718034095221,0.5157862932241309,0.01001448981460884,0.007823572535025925,0.30339571351988914,0.10690896287382545,0.2395233407036228,0.14249057248101296
60,0.0,anomaly_detection,isolation_forest,residual,threshold,5,0.2937656541960819,0.2937656541960819,0.0,0.0,0.2937656541960819,0.2937656541960819,0.0,0.0,0.0,0.0,0.0,0.0
60,0.0,anomaly_detection,lstm_autoencoder,raw,detection_latency,5,1.3442622950819672,1.3442622950819672,0.0,0.0,1.3442622950819672,1.3442622950819672,0.0,0.0,0.0,0.0,0.0,0.0
60,0.0,anomaly_detection,lstm_autoencoder,raw,f1,5,0.5386064030131827,0.5386064030131827,0.0,0.0,0.5386064030131827,0.5386064030131827,0.0,0.0,0.0,0.0,0.0,0.0
60,0.0,anomaly_detection,lstm_autoencoder,raw,false_positive_rate,5,0.028731045490821998,0.028731045490822,3.878959614448864e-18,1.504632769052528e-35,0.028731045490822,0.028731045490822,0.0,1.3500934435845645e-16,0.0,0.0,0.0,0.0
60,0.0,anomaly_detection,lstm_autoencoder,raw,pr_auc,5,0.561001698584242,0.561001698584242,0.0,0.0,0.561001698584242,0.561001698584242,0.0,0.0,0.0,0.0,0.0,0.0
60,0.0,anomaly_detection,lstm_autoencoder,raw,precision,5,0.4982578397212543,0.4982578397212543,0.0,0.0,0.4982578397212543,0.4982578397212543,0.0,0.0,0.0,0.0,0.0,0.0
60,0.0,anomaly_detection,lstm_autoencoder,raw,recall,5,0.5860655737704918,0.5860655737704918,0.0,0.0,0.5860655737704918,0.5860655737704918,0.0,0.0,0.0,0.0,0.0,0.0
60,0.0,anomaly_detection,lstm_autoencoder,raw,roc_auc,5,0.9493396177043947,0.9493396177043946,1.2412670766236366e-16,1.5407439555097887e-32,0.9493396177043946,0.9493396177043946,0.0,1.307505821388929e-16,0.0,0.0,0.0,0.0
60,0.0,anomaly_detection,lstm_autoencoder,raw,threshold,5,0.0007370078528765,0.0007370078528765,0.0,0.0,0.0007370078528765,0.0007370078528765,0.0,0.0,0.0,0.0,0.0,0.0
60,0.0,anomaly_detection,lstm_autoencoder,residual,detection_latency,5,0.0,0.0,0.0,0.0,0.0,0.0,0.0,0.0,0.0,0.0,0.0,0.0
60,0.0,anomaly_detection,lstm_autoencoder,residual,f1,5,0.08899917096010872,0.0887272727272727,0.000607982931583408,3.696432450967551e-07,0.0887272727272727,0.0900867638914528,0.0013594911641801044,0.006831332528433536,0.18157651836810046,0.4060174381888118,0.17757382958643889,0.39706715398024073
60,0.0,anomaly_detection,lstm_autoencoder,residual,false_positive_rate,5,0.9966879489225857,1.0,0.007405971354049649,5.484841169700399e-05,0.9834397446129288,1.0,0.016560255387071177,0.007430581820574297,89.41818181818246,199.9451329698917,0.19624900239425375,0.4388261098700703
60,0.0,anomaly_detection,lstm_autoencoder,residual,pr_auc,5,0.11235695338195932,0.1127784791221577,0.0036336746715688473,1.3203591618800972e-05,0.107517641349339,0.1174121041096797,0.0098944627603407,0.032340452123297704,0.2908888965656472,0.33813760465780074,0.19243203207865284,0.3881639487247246
60,0.0,anomaly_detection,lstm_autoencoder,residual,precision,5,0.0465721058969988,0.0464231354642313,0.0003331080143056936,1.1096094919468218e-07,0.0464231354642313,0.0471679876280688,0.0007448521638375033,0.007152522049194253,0.19014111734003478,0.4251684636900817,0.18193895149399406,0.4068278632956076
60,0.0,anomaly_detection,lstm_autoencoder,residual,recall,5,1.0,1.0,0.0,0.0,1.0,1.0,0.0,0.0,0.0,0.0,0.0,0.0
60,0.0,anomaly_detection,lstm_autoencoder,residual,roc_auc,5,0.5888040833147986,0.5907510499391624,0.005574719991493873,3.1077502983561445e-05,0.5821446561040389,0.5960113759763452,0.013866719872306366,0.009467869108702157,0.24359738682526433,0.09309289017864124,0.20121658838459827,0.11664303284795137
60,0.0,anomaly_detection,lstm_autoencoder,residual,threshold,5,0.0003816792741417,0.0003816792741417,0.0,0.0,0.0003816792741417,0.0003816792741417,0.0,0.0,0.0,0.0,0.0,0.0
60,0.0,load_estimation,lstm,raw,mae,5,1.8357491133797583,1.8448200221729625,0.06710391264511635,0.004502935092283405,1.7449289876508502,1.908529576826068,0.1636005891752177,0.03655396707318724,5.619463115082998,0.2647782697464577,1.55838758138587,0.06798836275236386
60,0.0,load_estimation,lstm,raw,mape,5,62.05121577348183,61.327191212551945,5.047690347619814,25.479177845454238,56.348013770897545,68.28548131871182,11.937467547814272,0.08134716273805859,5.917729277567241,0.5655061837503603,53.08090914780958,5.042910983359313
60,0.0,load_estimation,lstm,raw,r2,5,0.025720580953178158,-0.0050147355361485,0.06950890602012587,0.0048314880161146895,-0.0367470143129631,0.1373336289556989,0.174080643268662,2.7024625200597194,-0.9734208490299638,0.07184124231761256,-0.9422019611213193,0.06961773070846251
60,0.0,load_estimation,lstm,raw,rmse,5,2.298982881824179,2.3361905161014715,0.08332212359506008,0.0069425762803904684,2.164429657316403,2.3727852747307097,0.20835561741430686,0.036243037846783045,4.509709149062502,0.22017660755130658,1.881642210786127,0.08420431564683438
60,0.0,load_estimation,persistence,raw,mae,5,2.5157691672739193,2.5189492211675715,0.011183016451391302,0.00012505985695208848,2.49722502805871,2.524485909775512,0.0272608817168023,0.004445167941822416,4.663130095538998,0.16349921889595384,2.0712431137941927,0.01573495613480069
60,0.0,load_estimation,persistence,raw,mape,5,83.05643306466713,83.30379011834549,0.5274708495924323,0.2782254971697623,82.2635610789638,83.5484386233321,1.2848775443682996,0.006350752495977613,4.9109466402239095,0.2279583899501312,68.98887714073712,0.6955497877193973
60,0.0,load_estimation,persistence,raw,r2,5,-0.8930274824005501,-0.8965795459499477,0.014585519446106063,0.00021273737751273814,-0.9048996265177228,-0.8690322654540237,0.035867361063699144,0.016332665828938078,-1.9580843181994119,0.01679596433204458,-1.8251475947487603,0.014575780291758534
60,0.0,load_estimation,persistence,raw,rmse,5,3.2018839015319402,3.2049055806652404,0.01235607850425594,0.0001526726760033357,3.1815452722126523,3.211927667480327,0.030382395267674944,0.0038590026635082486,4.2868752318715915,0.16268428361365436,2.5957980383710697,0.0209271514835421
60,0.0,load_estimation,xgboost,raw,mae,5,1.8685579971272837,1.863472614454352,0.02164346817584896,0.00046843971467898675,1.84425920708448,1.9017035978388388,0.0574443907543587,0.01158297907216344,5.8226150207596294,0.06135595079469668,1.5946850227846947,0.02084753202830801
60,0.0,load_estimation,xgboost,raw,mape,5,62.12731746006657,62.15516740545242,0.7724347774478838,0.5966554854109618,61.35763348665816,63.3176337747662,1.9600002881080414,0.012433093991936477,5.857371096381622,0.044758002378365046,53.067654395984576,0.7182760415948932
60,0.0,load_estimation,xgboost,raw,r2,5,-0.1183045060909604,-0.1166876503888161,0.030309978520537312,0.0009186947979154332,-0.163993683169531,-0.0799197441552674,0.0840739390142636,0.2562030773133272,-1.1221156221343402,0.03129346740243083,-1.0870985038416212,0.030298969306447286
60,0.0,load_estimation,xgboost,raw,rmse,5,2.4608093846637202,2.459209708713853,0.03328036845416336,0.0011075829244448717,2.4183850464453287,2.510758951989842,0.09237390554451341,0.013524155370006953,4.986245434720379,0.09004154228473496,2.0497164728426056,0.03332015876190176
60,0.05,anomaly_detection,isolation_forest,raw,detection_latency,5,3.2459016393442623,3.2459016393442623,0.0,0.0,3.2459016393442623,3.2459016393442623,0.0,0.0,0.0,0.0,0.0,0.0
60,0.05,anomaly_detection,isolation_forest,raw,f1,5,0.1176470588235294,0.1176470588235294,0.0,0.0,0.1176470588235294,0.1176470588235294,0.0,0.0,0.0,0.0,0.0,0.0
60,0.05,anomaly_detection,isolation_forest,raw,false_positive_rate,5,0.0438946528332003,0.0438946528332003,0.0,0.0,0.0438946528332003,0.0438946528332003,0.0,0.0,0.0,0.0,0.0,0.0
60,0.05,anomaly_detection,isolation_forest,raw,pr_auc,5,0.09385708598261,0.09385708598261,0.0,0.0,0.09385708598261,0.09385708598261,0.0,0.0,0.0,0.0,0.0,0.0
60,0.05,anomaly_detection,isolation_forest,raw,precision,5,0.1164658634538152,0.1164658634538152,0.0,0.0,0.1164658634538152,0.1164658634538152,0.0,0.0,0.0,0.0,0.0,0.0
60,0.05,anomaly_detection,isolation_forest,raw,recall,5,0.11885245901639338,0.1188524590163934,1.5515838457795457e-17,2.407412430484045e-34,0.1188524590163934,0.1188524590163934,0.0,1.30547054610417e-16,0.0,0.0,0.0,0.0
60,0.05,anomaly_detection,isolation_forest,raw,roc_auc,5,0.7138596875695052,0.7138596875695052,0.0,0.0,0.7138596875695052,0.7138596875695052,0.0,0.0,0.0,0.0,0.0,0.0
60,0.05,anomaly_detection,isolation_forest,raw,threshold,5,0.5031683371451802,0.5031683371451802,0.0,0.0,0.5031683371451802,0.5031683371451802,0.0,0.0,0.0,0.0,0.0,0.0
60,0.05,anomaly_detection,isolation_forest,residual,detection_latency,5,0.0,0.0,0.0,0.0,0.0,0.0,0.0,0.0,0.0,0.0,0.0,0.0
60,0.05,anomaly_detection,isolation_forest,residual,f1,5,0.0887272727272727,0.0887272727272727,0.0,0.0,0.0887272727272727,0.0887272727272727,0.0,0.0,0.0,0.0,0.0,0.0
60,0.05,anomaly_detection,isolation_forest,residual,false_positive_rate,5,1.0,1.0,0.0,0.0,1.0,1.0,0.0,0.0,0.0,0.0,0.0,0.0
60,0.05,anomaly_detection,isolation_forest,residual,pr_auc,5,0.044806939692444425,0.0434818655744806,0.002363927569285262,5.588153552826928e-06,0.042834722234047,0.0480503000762108,0.005215577842163796,0.05275806795802838,0.5722667553779373,0.21804722445733485,0.2244134107946966,0.4095100140731117
60,0.05,anomaly_detection,isolation_forest,residual,precision,5,0.0464231354642313,0.0464231354642313,0.0,0.0,0.0464231354642313,0.0464231354642313,0.0,0.0,0.0,0.0,0.0,0.0
60,0.05,anomaly_detection,isolation_forest,residual,recall,5,1.0,1.0,0.0,0.0,1.0,1.0,0.0,0.0,0.0,0.0,0.0,0.0
60,0.05,anomaly_detection,isolation_forest,residual,roc_auc,5,0.5106756080488793,0.5074943087409889,0.015306883768938186,0.00023430069071578326,0.4966036430599349,0.5329124036738058,0.036308760613870894,0.029973790656304632,0.3024913975879167,0.11390284298984246,0.23946094945900329,0.14812420002785073
60,0.05,anomaly_detection,isolation_forest,residual,threshold,5,0.2937656541960819,0.2937656541960819,0.0,0.0,0.2937656541960819,0.2937656541960819,0.0,0.0,0.0,0.0,0.0,0.0
60,0.05,anomaly_detection,lstm_autoencoder,raw,detection_latency,5,1.3442622950819672,1.3442622950819672,0.0,0.0,1.3442622950819672,1.3442622950819672,0.0,0.0,0.0,0.0,0.0,0.0
60,0.05,anomaly_detection,lstm_autoencoder,raw,f1,5,0.5386064030131827,0.5386064030131827,0.0,0.0,0.5386064030131827,0.5386064030131827,0.0,0.0,0.0,0.0,0.0,0.0
60,0.05,anomaly_detection,lstm_autoencoder,raw,false_positive_rate,5,0.028731045490821998,0.028731045490822,3.878959614448864e-18,1.504632769052528e-35,0.028731045490822,0.028731045490822,0.0,1.3500934435845645e-16,0.0,0.0,0.0,0.0
60,0.05,anomaly_detection,lstm_autoencoder,raw,pr_auc,5,0.561001698584242,0.561001698584242,0.0,0.0,0.561001698584242,0.561001698584242,0.0,0.0,0.0,0.0,0.0,0.0
60,0.05,anomaly_detection,lstm_autoencoder,raw,precision,5,0.4982578397212543,0.4982578397212543,0.0,0.0,0.4982578397212543,0.4982578397212543,0.0,0.0,0.0,0.0,0.0,0.0
60,0.05,anomaly_detection,lstm_autoencoder,raw,recall,5,0.5860655737704918,0.5860655737704918,0.0,0.0,0.5860655737704918,0.5860655737704918,0.0,0.0,0.0,0.0,0.0,0.0
60,0.05,anomaly_detection,lstm_autoencoder,raw,roc_auc,5,0.9493396177043947,0.9493396177043946,1.2412670766236366e-16,1.5407439555097887e-32,0.9493396177043946,0.9493396177043946,0.0,1.307505821388929e-16,0.0,0.0,0.0,0.0
60,0.05,anomaly_detection,lstm_autoencoder,raw,threshold,5,0.0007370078528765,0.0007370078528765,0.0,0.0,0.0007370078528765,0.0007370078528765,0.0,0.0,0.0,0.0,0.0,0.0
60,0.05,anomaly_detection,lstm_autoencoder,residual,detection_latency,5,0.0,0.0,0.0,0.0,0.0,0.0,0.0,0.0,0.0,0.0,0.0,0.0
60,0.05,anomaly_detection,lstm_autoencoder,residual,f1,5,0.08899252126356756,0.0887272727272727,0.0005931137580876267,3.517839300328277e-07,0.0887272727272727,0.090053515408747,0.001326242681474299,0.006664759573796232,0.18158331795534233,0.4060326425281035,0.17758047928298004,0.39708202315373653
60,0.05,anomaly_detection,lstm_autoencoder,residual,false_positive_rate,5,0.9967677573822826,1.0,0.007227514212988162,5.2236961698945894e-05,0.9838387869114126,1.0,0.016161213088587423,0.007250951045977954,89.4545454545461,200.02644453270995,0.19632881085395051,0.4390045670111319
60,0.05,anomaly_detection,lstm_autoencoder,residual,pr_auc,5,0.09822780875227406,0.0986833180929291,0.013174168806365308,0.0001735587237386087,0.0808946117641248,0.1172144161858648,0.03631980442174,0.13411852482213,0.37139289080861676,0.32206543983003133,0.2065611767083381,0.3917409661959692
60,0.05,anomaly_detection,lstm_autoencoder,residual,precision,5,0.046568460062206274,0.0464231354642313,0.00032495567987488375,1.0559619388294794e-07,0.0464231354642313,0.0471497584541062,0.0007266229898749005,0.0069780207342224135,0.1901449275362319,0.4251769835477862,0.1819425973287866,0.4068360156300385
60,0.05,anomaly_detection,lstm_autoencoder,residual,recall,5,1.0,1.0,0.0,0.0,1.0,1.0,0.0,0.0,0.0,0.0,0.0,0.0
60,0.05,anomaly_detection,lstm_autoencoder,residual,roc_auc,5,0.565307687778839,0.563777262438999,0.020690359859355353,0.0004280909911096232,0.5398690683343581,0.5926661258880327,0.05279705755367459,0.03660017421777905,0.2724684102110936,0.10411603572502542,0.2247129839205578,0.1276548947163883
60,0.05,anomaly_detection,lstm_autoencoder,residual,threshold,5,0.0003816792741417,0.0003816792741417,0.0,0.0,0.0003816792741417,0.0003816792741417,0.0,0.0,0.0,0.0,0.0,0.0
60,0.05,load_estimation,lstm,raw,mae,5,1.8283020232663698,1.8279185642732296,0.07397483406489858,0.00547227607492928,1.746102231286485,1.9092180487669017,0.1631158174804168,0.04046094853230986,5.592310886195935,0.2786987003702963,1.5509404912724816,0.07438864985390806
60,0.05,load_estimation,lstm,raw,mape,5,60.67131779242241,60.113276753312896,5.74495057754002,33.004457138377404,55.06806319709264,66.75026830646034,11.6822051093677,0.09468972797319955,5.763208301742251,0.6325746326715833,51.70101116675015,5.728673456285399
60,0.05,load_estimation,lstm,raw,r2,5,0.028818518291734718,0.0144746468066764,0.05760352218393495,0.003318165767995086,-0.0473767741234565,0.1084226327605328,0.1557994068839893,1.9988370533420485,-0.9702211444443843,0.05952165774193674,-0.9391040237827628,0.05771645920383203
60,0.05,load_estimation,lstm,raw,rmse,5,2.295718863878202,2.313427759228968,0.06826177573936684,0.004659670027091612,2.200399611067045,2.38491832933698,0.18451871826993482,0.02973437941963456,4.501835382940824,0.18702488886056998,1.87837819284015,0.06917700711489581
60,0.05,load_estimation,persistence,raw,mae,5,2.500153210278334,2.5001537309480404,0.01822742161682156,0.00033223889879737393,2.474331637336965,2.519273409016056,0.04494177167909097,0.00729052185357567,4.628706366971001,0.1941497989778057,2.0556271567986073,0.028552952991010534
60,0.05,load_estimation,persistence,raw,mape,5,83.20851877753215,83.36288336429833,0.5073505435888258,0.25740457407987705,82.67780169954644,83.81263323821354,1.1348315386671004,0.006097338962916618,4.92253439126066,0.2518822217722805,69.14096285360213,0.9158787040563289
60,0.05,load_estimation,persistence,raw,r2,5,-0.9065049368687891,-0.922684996238016,0.05029437278287489,0.0025295239336227864,-0.962279270986884,-0.8433320155574979,0.11894725542938611,0.055481631414606054,-1.972394902096341,0.05088225961776879,-1.8386250492169989,0.053404522081691885
60,0.05,load_estimation,persistence,raw,rmse,5,3.2130564548149794,3.226887143416609,0.042449013565255884,0.0018019187526632778,3.1595955329555583,3.2599438229312288,0.10034828997567047,0.013211412299227798,4.306653789699917,0.22101812118843034,2.6069705916541084,0.05748560319980054
60,0.05,load_estimation,xgboost,raw,mae,5,1.8846303493374195,1.8916988506391528,0.022521796050083767,0.0005072312973215688,1.8464313214772368,1.9057763346344727,0.05934501315723595,0.011950245870762809,5.881384307192924,0.07565930879702613,1.6107573749948307,0.02211315356360617
60,0.05,load_estimation,xgboost,raw,mape,5,63.054192351995724,62.86106728245419,0.41526389204537695,0.17244410003667446,62.66376415832136,63.555568493154624,0.8918043348332674,0.006585825248973052,5.959911940474514,0.0284032384361855,53.99452928791372,0.3728428186655268
60,0.05,load_estimation,xgboost,raw,r2,5,-0.13722250725652294,-0.1422504778425581,0.03260756029595957,0.0010632529884546389,-0.1622646797811389,-0.0817800965357304,0.0804845832454085,0.23762545188744577,-1.1416395173846885,0.033649034722041206,-1.1060165050071837,0.032722432813658456
60,0.05,load_estimation,xgboost,raw,rmse,5,2.4815108405620645,2.4871981287624867,0.03585034069749367,0.0012852469281263708,2.4204671976738164,2.508893510589779,0.08842631291596259,0.014446981295223168,5.036746454456866,0.10645605242533478,2.0704179287409503,0.0367046081553294
60,0.1,anomaly_detection,isolation_forest,raw,detection_latency,5,3.2459016393442623,3.2459016393442623,0.0,0.0,3.2459016393442623,3.2459016393442623,0.0,0.0,0.0,0.0,0.0,0.0
60,0.1,anomaly_detection,isolation_forest,raw,f1,5,0.1176470588235294,0.1176470588235294,0.0,0.0,0.1176470588235294,0.1176470588235294,0.0,0.0,0.0,0.0,0.0,0.0
60,0.1,anomaly_detection,isolation_forest,raw,false_positive_rate,5,0.0438946528332003,0.0438946528332003,0.0,0.0,0.0438946528332003,0.0438946528332003,0.0,0.0,0.0,0.0,0.0,0.0
60,0.1,anomaly_detection,isolation_forest,raw,pr_auc,5,0.09385708598261,0.09385708598261,0.0,0.0,0.09385708598261,0.09385708598261,0.0,0.0,0.0,0.0,0.0,0.0
60,0.1,anomaly_detection,isolation_forest,raw,precision,5,0.1164658634538152,0.1164658634538152,0.0,0.0,0.1164658634538152,0.1164658634538152,0.0,0.0,0.0,0.0,0.0,0.0
60,0.1,anomaly_detection,isolation_forest,raw,recall,5,0.11885245901639338,0.1188524590163934,1.5515838457795457e-17,2.407412430484045e-34,0.1188524590163934,0.1188524590163934,0.0,1.30547054610417e-16,0.0,0.0,0.0,0.0
60,0.1,anomaly_detection,isolation_forest,raw,roc_auc,5,0.7138596875695052,0.7138596875695052,0.0,0.0,0.7138596875695052,0.7138596875695052,0.0,0.0,0.0,0.0,0.0,0.0
60,0.1,anomaly_detection,isolation_forest,raw,threshold,5,0.5031683371451802,0.5031683371451802,0.0,0.0,0.5031683371451802,0.5031683371451802,0.0,0.0,0.0,0.0,0.0,0.0
60,0.1,anomaly_detection,isolation_forest,residual,detection_latency,5,0.0,0.0,0.0,0.0,0.0,0.0,0.0,0.0,0.0,0.0,0.0,0.0
60,0.1,anomaly_detection,isolation_forest,residual,f1,5,0.0887272727272727,0.0887272727272727,0.0,0.0,0.0887272727272727,0.0887272727272727,0.0,0.0,0.0,0.0,0.0,0.0
60,0.1,anomaly_detection,isolation_forest,residual,false_positive_rate,5,1.0,1.0,0.0,0.0,1.0,1.0,0.0,0.0,0.0,0.0,0.0,0.0
60,0.1,anomaly_detection,isolation_forest,residual,pr_auc,5,0.04866985314879088,0.0491569909571857,0.005570599090087703,3.103157422248594e-05,0.042524767498928,0.0572011258956027,0.0146763583966747,0.1144568707256536,0.5328682444500801,0.24148457731440062,0.22055049733835014,0.410547139610476
60,0.1,anomaly_detection,isolation_forest,residual,precision,5,0.0464231354642313,0.0464231354642313,0.0,0.0,0.0464231354642313,0.0464231354642313,0.0,0.0,0.0,0.0,0.0,0.0
60,0.1,anomaly_detection,isolation_forest,residual,recall,5,1.0,1.0,0.0,0.0,1.0,1.0,0.0,0.0,0.0,0.0,0.0,0.0
60,0.1,anomaly_detection,isolation_forest,residual,roc_auc,5,0.5041108716130467,0.5042300119058521,0.01851287736956143,0.00034272662850041974,0.4845367020789449,0.5279489062316015,0.04341220415265662,0.03672382091329273,0.3112248722827425,0.11480983855306642,0.24602568589483606,0.14974681294002193
60,0.1,anomaly_detection,isolation_forest,residual,threshold,5,0.2937656541960819,0.2937656541960819,0.0,0.0,0.2937656541960819,0.2937656541960819,0.0,0.0,0.0,0.0,0.0,0.0
60,0.1,anomaly_detection,lstm_autoencoder,raw,detection_latency,5,1.3442622950819672,1.3442622950819672,0.0,0.0,1.3442622950819672,1.3442622950819672,0.0,0.0,0.0,0.0,0.0,0.0
60,0.1,anomaly_detection,lstm_autoencoder,raw,f1,5,0.5386064030131827,0.5386064030131827,0.0,0.0,0.5386064030131827,0.5386064030131827,0.0,0.0,0.0,0.0,0.0,0.0
60,0.1,anomaly_detection,lstm_autoencoder,raw,false_positive_rate,5,0.028731045490821998,0.028731045490822,3.878959614448864e-18,1.504632769052528e-35,0.028731045490822,0.028731045490822,0.0,1.3500934435845645e-16,0.0,0.0,0.0,0.0
60,0.1,anomaly_detection,lstm_autoencoder,raw,pr_auc,5,0.561001698584242,0.561001698584242,0.0,0.0,0.561001698584242,0.561001698584242,0.0,0.0,0.0,0.0,0.0,0.0
60,0.1,anomaly_detection,lstm_autoencoder,raw,precision,5,0.4982578397212543,0.4982578397212543,0.0,0.0,0.4982578397212543,0.4982578397212543,0.0,0.0,0.0,0.0,0.0,0.0
60,0.1,anomaly_detection,lstm_autoencoder,raw,recall,5,0.5860655737704918,0.5860655737704918,0.0,0.0,0.5860655737704918,0.5860655737704918,0.0,0.0,0.0,0.0,0.0,0.0
60,0.1,anomaly_detection,lstm_autoencoder,raw,roc_auc,5,0.9493396177043947,0.9493396177043946,1.2412670766236366e-16,1.5407439555097887e-32,0.9493396177043946,0.9493396177043946,0.0,1.307505821388929e-16,0.0,0.0,0.0,0.0
60,0.1,anomaly_detection,lstm_autoencoder,raw,threshold,5,0.0007370078528765,0.0007370078528765,0.0,0.0,0.0007370078528765,0.0007370078528765,0.0,0.0,0.0,0.0,0.0,0.0
60,0.1,anomaly_detection,lstm_autoencoder,residual,detection_latency,5,0.0,0.0,0.0,0.0,0.0,0.0,0.0,0.0,0.0,0.0,0.0,0.0
60,0.1,anomaly_detection,lstm_autoencoder,residual,f1,5,0.08899584549817105,0.0887272727272727,0.0006005469726341652,3.606566663400608e-07,0.0887272727272727,0.0900701365817644,0.0013428638544916993,0.006748033790481906,0.18157991878922114,0.4060250417615898,0.17757715504837654,0.39707458993918987
60,0.1,anomaly_detection,lstm_autoencoder,residual,false_positive_rate,5,0.9967278531524342,1.0,0.00731674278351888,5.353472496017562e-05,0.9836392657621708,1.0,0.016360734237829244,0.007340762837496322,89.43636363636429,199.98578875130084,0.19628890662410214,0.43891533844060115
60,0.1,anomaly_detection,lstm_autoencoder,residual,pr_auc,5,0.10234090615357783,0.0986399129615889,0.011500995017391758,0.00013227288639007005,0.0888622774114278,0.1193119828831704,0.030449705471742597,0.11237925722616522,0.36165136781461416,0.30466597140720386,0.20244807930703437,0.38600536076975905
60,0.1,anomaly_detection,lstm_autoencoder,residual,precision,5,0.04657028262727988,0.0464231354642313,0.00032903105927287104,1.0826143796622757e-07,0.0464231354642313,0.0471588712794742,0.0007357358152429022,0.007065257943702744,0.1901430228063394,0.4251727244422678,0.181940774763713,0.4068319402506405
60,0.1,anomaly_detection,lstm_autoencoder,residual,recall,5,1.0,1.0,0.0,0.0,1.0,1.0,0.0,0.0,0.0,0.0,0.0,0.0
60,0.1,anomaly_detection,lstm_autoencoder,residual,roc_auc,5,0.5850522679994243,0.5836794970758703,0.010891028005088585,0.00011861449100762383,0.5708439090445226,0.5998971321287925,0.02905322308426983,0.018615478651728433,0.24730287241736545,0.1019883078267667,0.20496840369997252,0.12555927019101293
60,0.1,anomaly_detection,lstm_autoencoder,residual,threshold,5,0.0003816792741417,0.0003816792741417,0.0,0.0,0.0003816792741417,0.0003816792741417,0.0,0.0,0.0,0.0,0.0,0.0
60,0.1,load_estimation,lstm,raw,mae,5,1.810539694746343,1.8208706416296452,0.08329580287501555,0.00693819077659345,1.703895255869168,1.900438600189709,0.19654334432054088,0.04600606278708808,5.528449786736715,0.3150476299409866,1.533178162752454,0.08387325297697544
60,0.1,load_estimation,lstm,raw,mape,5,59.54622304676451,58.62408928672285,5.39447377632342,29.10034732344106,54.04612892460412,65.2218403003744,11.175711375770277,0.09059304688538987,5.637628928527592,0.5905716990857274,50.575916421092266,5.374457700646009
60,0.1,load_estimation,lstm,raw,r2,5,0.044582667698419995,0.0210526086184624,0.08034197317705949,0.006454832653983346,-0.0419697514285277,0.1674118210031954,0.20938157243172312,1.802089855199643,-0.9539315465940092,0.08303115743998507,-0.9233398743760775,0.08046670262207563
60,0.1,load_estimation,lstm,raw,rmse,5,2.276161256094922,2.3056942608880813,0.09704844182047542,0.009418400059782204,2.126361802522043,2.3787543615218123,0.2523925589997691,0.042636892074586936,4.455103315125131,0.2523582458339545,1.8588205850568695,0.09800377475663138
60,0.1,load_estimation,persistence,raw,mae,5,2.5047108875924957,2.5017248652932125,0.0333361383810823,0.0011112981221626684,2.46139727956991,2.5548572575664954,0.09345997799658523,0.013309375763174279,4.638954177909255,0.20373995638217743,2.060184834112769,0.039895113767726136
60,0.1,load_estimation,persistence,raw,mape,5,83.10544326885383,83.00596214860437,1.0290627674313,1.058970179313366,81.8915704846388,84.68264192504104,2.7910714404022343,0.012382615710287306,4.914990285320846,0.2525320740800677,69.03788734492383,1.2460362680749444
60,0.1,load_estimation,persistence,raw,r2,5,-0.9188886479626357,-0.9142092699909984,0.057779675954234555,0.003338490953376351,-0.9973792442985588,-0.8363380051867095,0.1610412391118493,0.06287995404268398,-1.985714890974314,0.05996067712544417,-1.8510087603108452,0.059890260646234345
60,0.1,load_estimation,persistence,raw,rmse,5,3.2234069511998116,3.219766782943409,0.048581785290586474,0.0023601898620206445,3.153595733405547,3.2889704715467087,0.13537473814116163,0.01507156434979562,4.32344163265065,0.21601132403923404,2.617321088038941,0.059842376283850106
60,0.1,load_estimation,xgboost,raw,mae,5,1.8897792795432031,1.887252081474757,0.016382770804782124,0.0002683951792420215,1.870147572804804,1.9074991632088496,0.037351590404045565,0.008669145112408135,5.900254739482983,0.061195974805856736,1.6159063052006146,0.0162253386806415
60,0.1,load_estimation,xgboost,raw,mape,5,62.86922604495012,62.7149608749476,0.46623026282567226,0.21737065797449542,62.427520779455584,63.481580967601815,1.0540601881462308,0.007415874063605107,5.9395604188429365,0.04997706543184521,53.80956298086812,0.44414635604052133
60,0.1,load_estimation,xgboost,raw,r2,5,-0.13187560408463553,-0.1287318911929851,0.01615349320745093,0.0002609353428031633,-0.1510287969606789,-0.1097814819541542,0.04124731500652469,0.12249038265700676,-1.1361205510474568,0.016644310102972154,-1.1006696018352964,0.016371999710898776
60,0.1,load_estimation,xgboost,raw,rmse,5,2.47582647639627,2.472436270138036,0.017676376542646144,0.0003124542876774108,2.45159340841092,2.4967370309888626,0.045143622577942466,0.007139586199261947,5.022908792206924,0.07385001202533671,2.064733564575156,0.019255444129270733
60,0.2,anomaly_detection,isolation_forest,raw,detection_latency,5,3.2459016393442623,3.2459016393442623,0.0,0.0,3.2459016393442623,3.2459016393442623,0.0,0.0,0.0,0.0,0.0,0.0
60,0.2,anomaly_detection,isolation_forest,raw,f1,5,0.1176470588235294,0.1176470588235294,0.0,0.0,0.1176470588235294,0.1176470588235294,0.0,0.0,0.0,0.0,0.0,0.0
60,0.2,anomaly_detection,isolation_forest,raw,false_positive_rate,5,0.0438946528332003,0.0438946528332003,0.0,0.0,0.0438946528332003,0.0438946528332003,0.0,0.0,0.0,0.0,0.0,0.0
60,0.2,anomaly_detection,isolation_forest,raw,pr_auc,5,0.09385708598261,0.09385708598261,0.0,0.0,0.09385708598261,0.09385708598261,0.0,0.0,0.0,0.0,0.0,0.0
60,0.2,anomaly_detection,isolation_forest,raw,precision,5,0.1164658634538152,0.1164658634538152,0.0,0.0,0.1164658634538152,0.1164658634538152,0.0,0.0,0.0,0.0,0.0,0.0
60,0.2,anomaly_detection,isolation_forest,raw,recall,5,0.11885245901639338,0.1188524590163934,1.5515838457795457e-17,2.407412430484045e-34,0.1188524590163934,0.1188524590163934,0.0,1.30547054610417e-16,0.0,0.0,0.0,0.0
60,0.2,anomaly_detection,isolation_forest,raw,roc_auc,5,0.7138596875695052,0.7138596875695052,0.0,0.0,0.7138596875695052,0.7138596875695052,0.0,0.0,0.0,0.0,0.0,0.0
60,0.2,anomaly_detection,isolation_forest,raw,threshold,5,0.5031683371451802,0.5031683371451802,0.0,0.0,0.5031683371451802,0.5031683371451802,0.0,0.0,0.0,0.0,0.0,0.0
60,0.2,anomaly_detection,isolation_forest,residual,detection_latency,5,0.0,0.0,0.0,0.0,0.0,0.0,0.0,0.0,0.0,0.0,0.0,0.0
60,0.2,anomaly_detection,isolation_forest,residual,f1,5,0.0887272727272727,0.0887272727272727,0.0,0.0,0.0887272727272727,0.0887272727272727,0.0,0.0,0.0,0.0,0.0,0.0
60,0.2,anomaly_detection,isolation_forest,residual,false_positive_rate,5,1.0,1.0,0.0,0.0,1.0,1.0,0.0,0.0,0.0,0.0,0.0,0.0
60,0.2,anomaly_detection,isolation_forest,residual,pr_auc,5,0.048401429177895465,0.0506253745595223,0.007665473313645256,5.875948112220758e-05,0.0389709732101137,0.0578057721243654,0.018834798914251695,0.158372871294181,0.5241324214666101,0.24790221337678783,0.22081892130924557,0.4137968752010199
60,0.2,anomaly_detection,isolation_forest,residual,precision,5,0.0464231354642313,0.0464231354642313,0.0,0.0,0.0464231354642313,0.0464231354642313,0.0,0.0,0.0,0.0,0.0,0.0
60,0.2,anomaly_detection,isolation_forest,residual,recall,5,1.0,1.0,0.0,0.0,1.0,1.0,0.0,0.0,0.0,0.0,0.0,0.0
60,0.2,anomaly_detection,isolation_forest,residual,roc_auc,5,0.5264593663731635,0.558619558960135,0.05658699120468701,0.003202087573599325,0.4482160846754673,0.5744675892611829,0.1262515045857156,0.1074859615368248,0.27515907617027496,0.16313553597907393,0.22367719113471934,0.1868431154506026
60,0.2,anomaly_detection,isolation_forest,residual,threshold,5,0.2937656541960819,0.2937656541960819,0.0,0.0,0.2937656541960819,0.2937656541960819,0.0,0.0,0.0,0.0,0.0,0.0
60,0.2,anomaly_detection,lstm_autoencoder,raw,detection_latency,5,1.3442622950819672,1.3442622950819672,0.0,0.0,1.3442622950819672,1.3442622950819672,0.0,0.0,0.0,0.0,0.0,0.0
60,0.2,anomaly_detection,lstm_autoencoder,raw,f1,5,0.5386064030131827,0.5386064030131827,0.0,0.0,0.5386064030131827,0.5386064030131827,0.0,0.0,0.0,0.0,0.0,0.0
60,0.2,anomaly_detection,lstm_autoencoder,raw,false_positive_rate,5,0.028731045490821998,0.028731045490822,3.878959614448864e-18,1.504632769052528e-35,0.028731045490822,0.028731045490822,0.0,1.3500934435845645e-16,0.0,0.0,0.0,0.0
60,0.2,anomaly_detection,lstm_autoencoder,raw,pr_auc,5,0.561001698584242,0.561001698584242,0.0,0.0,0.561001698584242,0.561001698584242,0.0,0.0,0.0,0.0,0.0,0.0
60,0.2,anomaly_detection,lstm_autoencoder,raw,precision,5,0.4982578397212543,0.4982578397212543,0.0,0.0,0.4982578397212543,0.4982578397212543,0.0,0.0,0.0,0.0,0.0,0.0
60,0.2,anomaly_detection,lstm_autoencoder,raw,recall,5,0.5860655737704918,0.5860655737704918,0.0,0.0,0.5860655737704918,0.5860655737704918,0.0,0.0,0.0,0.0,0.0,0.0
60,0.2,anomaly_detection,lstm_autoencoder,raw,roc_auc,5,0.9493396177043947,0.9493396177043946,1.2412670766236366e-16,1.5407439555097887e-32,0.9493396177043946,0.9493396177043946,0.0,1.307505821388929e-16,0.0,0.0,0.0,0.0
60,0.2,anomaly_detection,lstm_autoencoder,raw,threshold,5,0.0007370078528765,0.0007370078528765,0.0,0.0,0.0007370078528765,0.0007370078528765,0.0,0.0,0.0,0.0,0.0,0.0
60,0.2,anomaly_detection,lstm_autoencoder,residual,detection_latency,5,0.0,0.0,0.0,0.0,0.0,0.0,0.0,0.0,0.0,0.0,0.0,0.0
60,0.2,anomaly_detection,lstm_autoencoder,residual,f1,5,0.08897923658491606,0.0887272727272727,0.0005634083135636359,3.174289277926204e-07,0.0887272727272727,0.0899870920154895,0.0012598192882168069,0.0063319077032758676,0.18159690208371754,0.4060630175625656,0.17759376396163154,0.39711172859826044
60,0.2,anomaly_detection,lstm_autoencoder,residual,false_positive_rate,5,0.996927374301676,1.0,0.006870599930865238,4.7205143410005415e-05,0.98463687150838,1.0,0.015363128491620026,0.00689177577822851,89.52727272727338,200.1890676583463,0.196488427773344,0.4393614812932548
60,0.2,anomaly_detection,lstm_autoencoder,residual,pr_auc,5,0.10620199678616152,0.1096656626657644,0.014091074166702145,0.00019855837117150056,0.0821625914775419,0.1182311211297405,0.0360685296521986,0.13268181948663946,0.297485393948417,0.3488655191800423,0.19858698867445063,0.4021129937814823
60,0.2,anomaly_detection,lstm_autoencoder,residual,precision,5,0.0465611768402014,0.0464231354642313,0.00030866990037675126,9.527710739859355e-08,0.0464231354642313,0.0471133423440818,0.0006902068798505037,0.006629340607865446,0.1901525391002124,0.4251940035222616,0.18194988055079148,0.4068523014095366
60,0.2,anomaly_detection,lstm_autoencoder,residual,recall,5,1.0,1.0,0.0,0.0,1.0,1.0,0.0,0.0,0.0,0.0,0.0,0.0
60,0.2,anomaly_detection,lstm_autoencoder,residual,roc_auc,5,0.5794085179176534,0.5771222835686157,0.03212777350693228,0.0010321938305127398,0.5312667630473747,0.6090587508013554,0.07779198775398066,0.055449259914916095,0.2522688853392406,0.12210894300474762,0.21061215378174342,0.14476182870632223
60,0.2,anomaly_detection,lstm_autoencoder,residual,threshold,5,0.0003816792741417,0.0003816792741417,0.0,0.0,0.0003816792741417,0.0003816792741417,0.0,0.0,0.0,0.0,0.0,0.0
60,0.2,load_estimation,lstm,raw,mae,5,1.8168740446472313,1.8381977164219103,0.07841371067783645,0.006148710022267441,1.708486762416766,1.8901008650697533,0.18161410265298739,0.04315858378232347,5.551485535330564,0.3039451418636384,1.5395125126533427,0.07926640878645769
60,0.2,load_estimation,lstm,raw,mape,5,60.472708409477924,60.10556436273332,5.346255930695119,28.582452476492737,54.16944821884439,66.8291240539794,12.659675835135012,0.088407747417134,5.74164675942941,0.5971151984304964,51.50240178380568,5.339860161018135
60,0.2,load_estimation,lstm,raw,r2,5,0.0435836504742804,0.0036068609047072,0.0755743630357625,0.005711484348261226,-0.0264560796888031,0.1602735598801387,0.18672963956894179,1.7340071841930833,-0.9549697037072647,0.07810473984861356,-0.924338891600217,0.0756136172248335
60,0.2,load_estimation,lstm,raw,rmse,5,2.277540852930587,2.3261483375282683,0.09136235103719514,0.008347079187043673,2.13545761442348,2.360979561664432,0.22552194724095198,0.04011447299381532,4.458160039648193,0.23264413365238903,1.8602001818925349,0.09178476233578585
60,0.2,load_estimation,persistence,raw,mae,5,2.4905091656533553,2.4918872464782758,0.01045824511135818,0.00010937489080924725,2.476475099858628,2.504717097162656,0.02824199730402821,0.0041992397601213335,4.606779104784866,0.18241729374718502,2.0459831121736287,0.0220193041558746
60,0.2,load_estimation,persistence,raw,mape,5,81.70338183924076,81.85081927978743,0.4112848388551164,0.16915521867207908,81.14678411510316,82.19297796681218,1.0461938517090204,0.005033877785675491,4.815206340933554,0.24052961658045732,67.63582591531075,0.8058335721867066
60,0.2,load_estimation,persistence,raw,r2,5,-0.8984955162200998,-0.8921033582634921,0.015706245485539814,0.0002466861472520398,-0.9190448719759184,-0.8848776977505435,0.03416717422537496,0.01748060530297887,-1.9638903164842727,0.013299683384626407,-1.8306156285683095,0.019425537215535648
60,0.2,load_estimation,persistence,raw,rmse,5,3.2065020945163054,3.2011213382853607,0.013253967927246875,0.00017566766581648884,3.195003189155827,3.223831043449164,0.02882785429333712,0.004133466168605828,4.295035831394929,0.18342251851006192,2.6004162313554353,0.03089137955752486
60,0.2,load_estimation,xgboost,raw,mae,5,1.8783581823791,1.877615566100341,0.027092552196160163,0.0007340063845016629,1.845787044075889,1.9123392170422695,0.0665521729663805,0.01442352819090401,5.858556208193324,0.09994953186373108,1.604485208036511,0.027011832447899054
60,0.2,load_estimation,xgboost,raw,mape,5,61.885827084038965,61.62978628738309,0.8254969772902965,0.6814452595154162,61.18178671173943,63.30784495284944,2.126058241110016,0.013339031183493728,5.830845990371362,0.07237758233570425,52.826164019956956,0.7921209890284241
60,0.2,load_estimation,xgboost,raw,r2,5,-0.12813604661112205,-0.1222886885156566,0.03489800963095218,0.0012178710762020312,-0.1651571264514741,-0.0806600803559045,0.0844970460955696,0.27235122788565164,-1.1322572567072113,0.035996086121762895,-1.0969300443617829,0.03510946543645663
60,0.2,load_estimation,xgboost,raw,rmse,5,2.471546347328379,2.465369398303101,0.03828856887877096,0.0014660145067843884,2.4192138632429083,2.512013424460773,0.09279956121786448,0.015491746258434132,5.012628555168886,0.1192847491309614,2.060453435507265,0.0397509780581744
300,0.0,anomaly_detection,isolation_forest,raw,detection_latency,5,3.2459016393442623,3.2459016393442623,0.0,0.0,3.2459016393442623,3.2459016393442623,0.0,0.0,0.0,0.0,0.0,0.0
300,0.0,anomaly_detection,isolation_forest,raw,f1,5,0.1176470588235294,0.1176470588235294,0.0,0.0,0.1176470588235294,0.1176470588235294,0.0,0.0,0.0,0.0,0.0,0.0
300,0.0,anomaly_detection,isolation_forest,raw,false_positive_rate,5,0.0438946528332003,0.0438946528332003,0.0,0.0,0.0438946528332003,0.0438946528332003,0.0,0.0,0.0,0.0,0.0,0.0
300,0.0,anomaly_detection,isolation_forest,raw,pr_auc,5,0.09385708598261,0.09385708598261,0.0,0.0,0.09385708598261,0.09385708598261,0.0,0.0,0.0,0.0,0.0,0.0
300,0.0,anomaly_detection,isolation_forest,raw,precision,5,0.1164658634538152,0.1164658634538152,0.0,0.0,0.1164658634538152,0.1164658634538152,0.0,0.0,0.0,0.0,0.0,0.0
300,0.0,anomaly_detection,isolation_forest,raw,recall,5,0.11885245901639338,0.1188524590163934,1.5515838457795457e-17,2.407412430484045e-34,0.1188524590163934,0.1188524590163934,0.0,1.30547054610417e-16,0.0,0.0,0.0,0.0
300,0.0,anomaly_detection,isolation_forest,raw,roc_auc,5,0.7138596875695052,0.7138596875695052,0.0,0.0,0.7138596875695052,0.7138596875695052,0.0,0.0,0.0,0.0,0.0,0.0
300,0.0,anomaly_detection,isolation_forest,raw,threshold,5,0.5031683371451802,0.5031683371451802,0.0,0.0,0.5031683371451802,0.5031683371451802,0.0,0.0,0.0,0.0,0.0,0.0
300,0.0,anomaly_detection,isolation_forest,residual,detection_latency,5,0.0,0.0,0.0,0.0,0.0,0.0,0.0,0.0,0.0,0.0,0.0,0.0
300,0.0,anomaly_detection,isolation_forest,residual,f1,5,0.0887272727272727,0.0887272727272727,0.0,0.0,0.0887272727272727,0.0887272727272727,0.0,0.0,0.0,0.0,0.0,0.0
300,0.0,anomaly_detection,isolation_forest,residual,false_positive_rate,5,1.0,1.0,0.0,0.0,1.0,1.0,0.0,0.0,0.0,0.0,0.0,0.0
300,0.0,anomaly_detection,isolation_forest,residual,pr_auc,5,0.05114130068365397,0.0511658406769615,0.0016132676252769566,2.6026324307667507e-06,0.0486452865463928,0.0529608269122771,0.004315540365884295,0.0315452990774753,0.5158655760928456,0.24479150190862511,0.21807904980348708,0.40853107119367577
300,0.0,anomaly_detection,isolation_forest,residual,precision,5,0.0464231354642313,0.0464231354642313,0.0,0.0,0.0464231354642313,0.0464231354642313,0.0,0.0,0.0,0.0,0.0,0.0
300,0.0,anomaly_detection,isolation_forest,residual,recall,5,1.0,1.0,0.0,0.0,1.0,1.0,0.0,0.0,0.0,0.0,0.0,0.0
300,0.0,anomaly_detection,isolation_forest,residual,roc_auc,5,0.5536840271872097,0.5534487721272224,0.009090474016286168,8.263671784077398e-05,0.5400048081326129,0.5650725144898145,0.02506770635720168,0.016418161929768887,0.2450860900803785,0.1136100220841269,0.19645253032067306,0.14021009715947783
300,0.0,anomaly_detection,isolation_forest,residual,threshold,5,0.2937656541960819,0.2937656541960819,0.0,0.0,0.2937656541960819,0.2937656541960819,0.0,0.0,0.0,0.0,0.0,0.0
300,0.0,anomaly_detection,lstm_autoencoder,raw,detection_latency,5,1.3442622950819672,1.3442622950819672,0.0,0.0,1.3442622950819672,1.3442622950819672,0.0,0.0,0.0,0.0,0.0,0.0
300,0.0,anomaly_detection,lstm_autoencoder,raw,f1,5,0.5386064030131827,0.5386064030131827,0.0,0.0,0.5386064030131827,0.5386064030131827,0.0,0.0,0.0,0.0,0.0,0.0
300,0.0,anomaly_detection,lstm_autoencoder,raw,false_positive_rate,5,0.028731045490821998,0.028731045490822,3.878959614448864e-18,1.504632769052528e-35,0.028731045490822,0.028731045490822,0.0,1.3500934435845645e-16,0.0,0.0,0.0,0.0
300,0.0,anomaly_detection,lstm_autoencoder,raw,pr_auc,5,0.561001698584242,0.561001698584242,0.0,0.0,0.561001698584242,0.561001698584242,0.0,0.0,0.0,0.0,0.0,0.0
300,0.0,anomaly_detection,lstm_autoencoder,raw,precision,5,0.4982578397212543,0.4982578397212543,0.0,0.0,0.4982578397212543,0.4982578397212543,0.0,0.0,0.0,0.0,0.0,0.0
300,0.0,anomaly_detection,lstm_autoencoder,raw,recall,5,0.5860655737704918,0.5860655737704918,0.0,0.0,0.5860655737704918,0.5860655737704918,0.0,0.0,0.0,0.0,0.0,0.0
300,0.0,anomaly_detection,lstm_autoencoder,raw,roc_auc,5,0.9493396177043947,0.9493396177043946,1.2412670766236366e-16,1.5407439555097887e-32,0.9493396177043946,0.9493396177043946,0.0,1.307505821388929e-16,0.0,0.0,0.0,0.0
300,0.0,anomaly_detection,lstm_autoencoder,raw,threshold,5,0.0007370078528765,0.0007370078528765,0.0,0.0,0.0007370078528765,0.0007370078528765,0.0,0.0,0.0,0.0,0.0,0.0
300,0.0,anomaly_detection,lstm_autoencoder,residual,detection_latency,5,0.0,0.0,0.0,0.0,0.0,0.0,0.0,0.0,0.0,0.0,0.0,0.0
300,0.0,anomaly_detection,lstm_autoencoder,residual,f1,5,0.08878229237477821,0.0887272727272727,0.00012302767192037432,1.513580805814726e-08,0.0887272727272727,0.0890023709648002,0.00027509823752749907,0.0013857230831688318,0.1817982856100675,0.4065133248170328,0.1777907081717694,0.3975521092399037
300,0.0,anomaly_detection,lstm_autoencoder,residual,false_positive_rate,5,0.9993216280925779,1.0,0.0015168856990222172,2.3009422238981203e-06,0.996608140462889,1.0,0.003391859537110964,0.0015179154101943363,90.61818181818248,202.62841454289148,0.1988826815642458,0.4447151955250978
300,0.0,anomaly_detection,lstm_autoencoder,residual,pr_auc,5,0.10053000549162476,0.1035199282258363,0.009063941139565448,8.215502898150699e-05,0.0871631935815198,0.108812822435722,0.0216496288542022,0.09016155022811148,0.35684169745986677,0.319068784756771,0.2042589799689874,0.39158112462893774
300,0.0,anomaly_detection,lstm_autoencoder,residual,precision,5,0.04645326309556903,0.0464231354642313,6.736743167224192e-05,4.538370850114183e-09,0.0464231354642313,0.04657377362092,0.00015063815668870523,0.0014502195794867162,0.19026531780874215,0.4254461843809488,0.18205779429542385,0.40709360387824123
300,0.0,anomaly_detection,lstm_autoencoder,residual,recall,5,1.0,1.0,0.0,0.0,1.0,1.0,0.0,0.0,0.0,0.0,0.0,0.0
300,0.0,anomaly_detection,lstm_autoencoder,residual,roc_auc,5,0.6172773867308624,0.6196063872934466,0.02406280422877492,0.0005790185473523482,0.5768581633587586,0.6371192743971845,0.06026111103842591,0.03898215736722992,0.2068717027853518,0.10410140120052473,0.17274328496853447,0.1197002071260072
300,0.0,anomaly_detection,lstm_autoencoder,residual,threshold,5,0.0003816792741417,0.0003816792741417,0.0,0.0,0.0003816792741417,0.0003816792741417,0.0,0.0,0.0,0.0,0.0,0.0
300,0.0,load_estimation,lstm,raw,mae,5,1.8696192980222666,1.8779743341239623,0.07754077200367447,0.006012571322925826,1.7647604796300078,1.9482749505774728,0.18351447094746498,0.04147409693818371,5.741521627113626,0.29771871636915154,1.592257766028378,0.07823219383908545
300,0.0,load_estimation,lstm,raw,mape,5,62.163281833742644,62.29242940740781,6.111722287495503,37.35314931946927,55.15705794786649,69.31933029826706,14.16227235040057,0.09831723981113911,5.930104550353554,0.6825437008533345,53.1929752080704,6.105693078145249
300,0.0,load_estimation,lstm,raw,r2,5,0.005551563024684081,-0.0066250197447652,0.07243095040209552,0.005246242576150821,-0.0827230561974703,0.1170796141807318,0.1998026703782021,13.0469473335786,-0.9942511513073266,0.07485197867304881,-0.9623709790498134,0.07265062998881454
300,0.0,load_estimation,lstm,raw,rmse,5,2.3226198837163907,2.338061346887169,0.08545580261414695,0.007302694200428046,2.18969090262287,2.4248268613935404,0.2351359587706705,0.036792848977685644,4.566643337296263,0.2341789850849241,1.9052792126783387,0.08703666497869154
300,0.0,load_estimation,persistence,raw,mae,5,2.549298992068074,2.533120592480562,0.044599259127989496,0.0019890939147655545,2.509638156339277,2.6202302605957017,0.11059210425642485,0.01749471492624297,4.740958645071279,0.2672123242540645,2.104772938588348,0.05708268721126689
300,0.0,load_estimation,persistence,raw,mape,5,83.96439947854093,83.82206402080521,2.0755596064038953,4.307947679735493,81.12563902637784,86.64435962708488,5.5187206007070415,0.024719519454603534,4.980200804029996,0.3782084952320212,69.89684355461091,2.607889603246395
300,0.0,load_estimation,persistence,raw,r2,5,-0.9333310395111092,-0.9165309957644714,0.05684227345009393,0.0032310440509752533,-1.0302953978078304,-0.8835776510456419,0.14671774676218852,0.06090258551764082,-2.0011217707128837,0.05686620569958317,-1.8654511518593189,0.060577563789695775
300,0.0,load_estimation,persistence,raw,rmse,5,3.235532952438093,3.2217188031066746,0.047217133181824196,0.0022294576659101233,3.193901162791038,3.315960306253912,0.12205914346287416,0.014593309317478702,4.344239675093422,0.23924400691086575,2.6294470892772215,0.06446147055800816
300,0.0,load_estimation,xgboost,raw,mae,5,1.9228961829453297,1.925706461775067,0.02833548974356658,0.0008028999790077669,1.875236407874926,1.9456896335340164,0.0704532256590904,0.014735839612601796,6.021144593088378,0.10166884874475346,1.6490232086027412,0.028136681853603088
300,0.0,load_estimation,xgboost,raw,mape,5,63.90009287275586,64.22249589006346,1.308712087333476,1.7127273275327441,61.69410288075269,65.12087781030785,3.426774929555158,0.020480597578152383,6.053545719523992,0.15569090218927178,54.84042980867387,1.3162792373937433
300,0.0,load_estimation,xgboost,raw,r2,5,-0.14182893840866537,-0.155753515568189,0.03577075350500738,0.0012795468063159976,-0.1798546640780187,-0.0868762982237416,0.0929783658542771,0.25221054254765457,-1.1463905273825965,0.03689555313955408,-1.1106229361593263,0.03599951757120742
300,0.0,load_estimation,xgboost,raw,rmse,5,2.4864927413071856,2.501856059869087,0.039137940525365525,0.0015317783885670491,2.4261618372736087,2.527807307158963,0.10164546988535417,0.01574021909462327,5.049015217528275,0.12268223723775067,2.075399829486071,0.04071089239686668
300,0.05,anomaly_detection,isolation_forest,raw,detection_latency,5,3.2459016393442623,3.2459016393442623,0.0,0.0,3.2459016393442623,3.2459016393442623,0.0,0.0,0.0,0.0,0.0,0.0
300,0.05,anomaly_detection,isolation_forest,raw,f1,5,0.1176470588235294,0.1176470588235294,0.0,0.0,0.1176470588235294,0.1176470588235294,0.0,0.0,0.0,0.0,0.0,0.0
300,0.05,anomaly_detection,isolation_forest,raw,false_positive_rate,5,0.0438946528332003,0.0438946528332003,0.0,0.0,0.0438946528332003,0.0438946528332003,0.0,0.0,0.0,0.0,0.0,0.0
300,0.05,anomaly_detection,isolation_forest,raw,pr_auc,5,0.09385708598261,0.09385708598261,0.0,0.0,0.09385708598261,0.09385708598261,0.0,0.0,0.0,0.0,0.0,0.0
300,0.05,anomaly_detection,isolation_forest,raw,precision,5,0.1164658634538152,0.1164658634538152,0.0,0.0,0.1164658634538152,0.1164658634538152,0.0,0.0,0.0,0.0,0.0,0.0
300,0.05,anomaly_detection,isolation_forest,raw,recall,5,0.11885245901639338,0.1188524590163934,1.5515838457795457e-17,2.407412430484045e-34,0.1188524590163934,0.1188524590163934,0.0,1.30547054610417e-16,0.0,0.0,0.0,0.0
300,0.05,anomaly_detection,isolation_forest,raw,roc_auc,5,0.7138596875695052,0.7138596875695052,0.0,0.0,0.7138596875695052,0.7138596875695052,0.0,0.0,0.0,0.0,0.0,0.0
300,0.05,anomaly_detection,isolation_forest,raw,threshold,5,0.5031683371451802,0.5031683371451802,0.0,0.0,0.5031683371451802,0.5031683371451802,0.0,0.0,0.0,0.0,0.0,0.0
300,0.05,anomaly_detection,isolation_forest,residual,detection_latency,5,0.0,0.0,0.0,0.0,0.0,0.0,0.0,0.0,0.0,0.0,0.0,0.0
300,0.05,anomaly_detection,isolation_forest,residual,f1,5,0.0887272727272727,0.0887272727272727,0.0,0.0,0.0887272727272727,0.0887272727272727,0.0,0.0,0.0,0.0,0.0,0.0
300,0.05,anomaly_detection,isolation_forest,residual,false_positive_rate,5,1.0,1.0,0.0,0.0,1.0,1.0,0.0,0.0,0.0,0.0,0.0,0.0
300,0.05,anomaly_detection,isolation_forest,residual,pr_auc,5,0.04661059476088473,0.0461082167032119,0.0022349257300527943,4.994893018852015e-06,0.0447602693171583,0.0501740200434616,0.005413750726303304,0.047948878179265964,0.557760906573592,0.22445224262698565,0.22260975572625635,0.40882502402748083
300,0.05,anomaly_detection,isolation_forest,residual,precision,5,0.0464231354642313,0.0464231354642313,0.0,0.0,0.0464231354642313,0.0464231354642313,0.0,0.0,0.0,0.0,0.0,0.0
300,0.05,anomaly_detection,isolation_forest,residual,recall,5,1.0,1.0,0.0,0.0,1.0,1.0,0.0,0.0,0.0,0.0,0.0,0.0
300,0.05,anomaly_detection,isolation_forest,residual,roc_auc,5,0.5186019945573247,0.5173894129499038,0.013058253075268993,0.00017051797337777212,0.5056475115460599,0.5355536057723758,0.02990609422631585,0.025179720117381024,0.2927953167898828,0.1082737042700895,0.23153456295055808,0.14119799736830416
300,0.05,anomaly_detection,isolation_forest,residual,threshold,5,0.2937656541960819,0.2937656541960819,0.0,0.0,0.2937656541960819,0.2937656541960819,0.0,0.0,0.0,0.0,0.0,0.0
300,0.05,anomaly_detection,lstm_autoencoder,raw,detection_latency,5,1.3442622950819672,1.3442622950819672,0.0,0.0,1.3442622950819672,1.3442622950819672,0.0,0.0,0.0,0.0,0.0,0.0
300,0.05,anomaly_detection,lstm_autoencoder,raw,f1,5,0.5386064030131827,0.5386064030131827,0.0,0.0,0.5386064030131827,0.5386064030131827,0.0,0.0,0.0,0.0,0.0,0.0
300,0.05,anomaly_detection,lstm_autoencoder,raw,false_positive_rate,5,0.028731045490821998,0.028731045490822,3.878959614448864e-18,1.504632769052528e-35,0.028731045490822,0.028731045490822,0.0,1.3500934435845645e-16,0.0,0.0,0.0,0.0
300,0.05,anomaly_detection,lstm_autoencoder,raw,pr_auc,5,0.561001698584242,0.561001698584242,0.0,0.0,0.561001698584242,0.561001698584242,0.0,0.0,0.0,0.0,0.0,0.0
300,0.05,anomaly_detection,lstm_autoencoder,raw,precision,5,0.4982578397212543,0.4982578397212543,0.0,0.0,0.4982578397212543,0.4982578397212543,0.0,0.0,0.0,0.0,0.0,0.0
300,0.05,anomaly_detection,lstm_autoencoder,raw,recall,5,0.5860655737704918,0.5860655737704918,0.0,0.0,0.5860655737704918,0.5860655737704918,0.0,0.0,0.0,0.0,0.0,0.0
300,0.05,anomaly_detection,lstm_autoencoder,raw,roc_auc,5,0.9493396177043947,0.9493396177043946,1.2412670766236366e-16,1.5407439555097887e-32,0.9493396177043946,0.9493396177043946,0.0,1.307505821388929e-16,0.0,0.0,0.0,0.0
300,0.05,anomaly_detection,lstm_autoencoder,raw,threshold,5,0.0007370078528765,0.0007370078528765,0.0,0.0,0.0007370078528765,0.0007370078528765,0.0,0.0,0.0,0.0,0.0,0.0
300,0.05,anomaly_detection,lstm_autoencoder,residual,detection_latency,5,0.0,0.0,0.0,0.0,0.0,0.0,0.0,0.0,0.0,0.0,0.0,0.0
300,0.05,anomaly_detection,lstm_autoencoder,residual,f1,5,0.08877580177343164,0.0887272727272727,0.00010851424609461601,1.1775341605482887e-08,0.0887272727272727,0.0889699179580674,0.00024264523079470246,0.0012223403667089333,0.1818049225159526,0.4065281653897521,0.17779719877311595,0.39756662266572945
300,0.05,anomaly_detection,lstm_autoencoder,residual,false_positive_rate,5,0.9994014365522744,1.0,0.0013384285579607301,1.7913910047648397e-06,0.9970071827613728,1.0,0.00299281723862721,0.0013392301721898944,90.65454545454612,202.70972610570968,0.19896249002394256,0.4448936526661594
300,0.05,anomaly_detection,lstm_autoencoder,residual,pr_auc,5,0.09356170539379291,0.0923353951965931,0.004517756583172329,2.041012454479692e-05,0.0901468421323213,0.1012254524393146,0.011078610306993308,0.04828638559074456,0.40789121638929293,0.28105375768937907,0.2112272800668192,0.3893475849433769
300,0.05,anomaly_detection,lstm_autoencoder,residual,precision,5,0.046449708524027654,0.0464231354642313,5.941916807482791e-05,3.5306375347046477e-09,0.0464231354642313,0.0465560007632131,0.0001328652989818005,0.0012792150901031246,0.1902690326273612,0.42545449096790505,0.1820613488669652,0.4071015521418385
300,0.05,anomaly_detection,lstm_autoencoder,residual,recall,5,1.0,1.0,0.0,0.0,1.0,1.0,0.0,0.0,0.0,0.0,0.0,0.0
300,0.05,anomaly_detection,lstm_autoencoder,residual,roc_auc,5,0.580408004396007,0.5830392304371149,0.00800181730855172,6.402908023943789e-05,0.5683842384833775,0.5889283751782608,0.020544136694883308,0.013786538517639316,0.2544837192083717,0.09146276228003768,0.20961266730338984,0.11583727166668695
300,0.05,anomaly_detection,lstm_autoencoder,residual,threshold,5,0.0003816792741417,0.0003816792741417,0.0,0.0,0.0003816792741417,0.0003816792741417,0.0,0.0,0.0,0.0,0.0,0.0
300,0.05,load_estimation,lstm,raw,mae,5,1.8446224717184485,1.8241038770309352,0.0885253415857045,0.007836736102865664,1.7564635338984642,1.9436221960145383,0.18715866211607413,0.04799103499115154,5.650982529224865,0.32525083766721896,1.5672609397245596,0.08868421133728299
300,0.05,load_estimation,lstm,raw,mape,5,62.317606046587386,60.02009311561609,6.7894120602985035,46.09611612452677,56.08515100795698,69.88478626984804,13.799635261891055,0.10894853783733086,5.946146336043675,0.7422221364177317,53.34729942091515,6.766479254555475
300,0.05,load_estimation,lstm,raw,r2,5,0.04631200509220473,0.0431066134006444,0.07187180264525242,0.005165556015478112,-0.0474265758009144,0.1281724249377034,0.17559900073861778,1.5519043604818987,-0.9521536458885265,0.07424252001414418,-0.9216105369822927,0.07186861545897198
300,0.05,load_estimation,lstm,raw,rmse,5,2.2744632482388036,2.279574647909198,0.08566254468003225,0.00733807156105852,2.175892035128895,2.384975028857385,0.20908299372849015,0.037662751748731814,4.4506357775276415,0.2163858752499745,1.8571225772007516,0.0857551784509755
300,0.05,load_estimation,persistence,raw,mae,5,2.482093616512631,2.4797595431815544,0.023639570755351714,0.00055882930549728,2.44760069790859,2.5081746723372462,0.060573974428656197,0.009524044781423503,4.587519070413906,0.17438647159054846,2.0375675630329044,0.028147204434625855
300,0.05,load_estimation,persistence,raw,mape,5,80.43744207300828,80.55792196500187,1.3822223338892603,1.9105385803022736,78.87693007771576,82.08466523087782,3.207735153162062,0.017183817613626987,4.724807972215409,0.24428876255458729,66.36988614907828,1.5061755629056974
300,0.05,load_estimation,persistence,raw,r2,5,-0.899193872821525,-0.9114365221511208,0.028317773451583945,0.0008018962932552326,-0.9231027212467704,-0.8536361880950674,0.06946653315170304,0.031492400368262466,-1.9646117566432892,0.0274826296711716,-1.831313985169735,0.03150252644051002
300,0.05,load_estimation,persistence,raw,rmse,5,3.2070419686529874,3.217434008569708,0.023983311058754633,0.0005751992093409822,3.1684142497614,3.2272376631992064,0.058823413437806504,0.007478327784038334,4.296155866351835,0.19369255004430996,2.600956105492117,0.03969854222882914
300,0.05,load_estimation,xgboost,raw,mae,5,1.9436095647978817,1.9472564160823824,0.03664589524689755,0.0013429216384465885,1.8834739923930783,1.9826743705495853,0.09920037815650695,0.0188545559306858,6.096692859876669,0.1266218885287142,1.6697365904552932,0.03627555430040244
300,0.05,load_estimation,xgboost,raw,mape,5,63.71686308261418,64.41586440642114,1.895588542561866,3.593255922691819,61.05538802353855,65.76100436403108,4.705616340492533,0.029750186227844873,6.0329975407915075,0.20349359207369694,54.65720001853218,1.8833232922607348
300,0.05,load_estimation,xgboost,raw,r2,5,-0.16388957424921108,-0.1679307033666577,0.04255067900852828,0.0018105602840868095,-0.2106407482772536,-0.1012365209619887,0.1094042273152649,0.25963017601001004,-1.1691661735517427,0.043912860989681946,-1.132683571999872,0.04262206716591641
300,0.05,load_estimation,xgboost,raw,rmse,5,2.510308392284405,2.5150014854446687,0.046076860918251764,0.0021230771120799167,2.4421369293292616,2.560574120729321,0.11843719140005948,0.01835505990414244,5.1067741893243515,0.12637806858208497,2.0992154804632905,0.04662643103256205
300,0.1,anomaly_detection,isolation_forest,raw,detection_latency,5,3.2459016393442623,3.2459016393442623,0.0,0.0,3.2459016393442623,3.2459016393442623,0.0,0.0,0.0,0.0,0.0,0.0
300,0.1,anomaly_detection,isolation_forest,raw,f1,5,0.1176470588235294,0.1176470588235294,0.0,0.0,0.1176470588235294,0.1176470588235294,0.0,0.0,0.0,0.0,0.0,0.0
300,0.1,anomaly_detection,isolation_forest,raw,false_positive_rate,5,0.0438946528332003,0.0438946528332003,0.0,0.0,0.0438946528332003,0.0438946528332003,0.0,0.0,0.0,0.0,0.0,0.0
300,0.1,anomaly_detection,isolation_forest,raw,pr_auc,5,0.09385708598261,0.09385708598261,0.0,0.0,0.09385708598261,0.09385708598261,0.0,0.0,0.0,0.0,0.0,0.0
300,0.1,anomaly_detection,isolation_forest,raw,precision,5,0.1164658634538152,0.1164658634538152,0.0,0.0,0.1164658634538152,0.1164658634538152,0.0,0.0,0.0,0.0,0.0,0.0
300,0.1,anomaly_detection,isolation_forest,raw,recall,5,0.11885245901639338,0.1188524590163934,1.5515838457795457e-17,2.407412430484045e-34,0.1188524590163934,0.1188524590163934,0.0,1.30547054610417e-16,0.0,0.0,0.0,0.0
300,0.1,anomaly_detection,isolation_forest,raw,roc_auc,5,0.7138596875695052,0.7138596875695052,0.0,0.0,0.7138596875695052,0.7138596875695052,0.0,0.0,0.0,0.0,0.0,0.0
300,0.1,anomaly_detection,isolation_forest,raw,threshold,5,0.5031683371451802,0.5031683371451802,0.0,0.0,0.5031683371451802,0.5031683371451802,0.0,0.0,0.0,0.0,0.0,0.0
300,0.1,anomaly_detection,isolation_forest,residual,detection_latency,5,0.0,0.0,0.0,0.0,0.0,0.0,0.0,0.0,0.0,0.0,0.0,0.0
300,0.1,anomaly_detection,isolation_forest,residual,f1,5,0.0887272727272727,0.0887272727272727,0.0,0.0,0.0887272727272727,0.0887272727272727,0.0,0.0,0.0,0.0,0.0,0.0
300,0.1,anomaly_detection,isolation_forest,residual,false_positive_rate,5,1.0,1.0,0.0,0.0,1.0,1.0,0.0,0.0,0.0,0.0,0.0,0.0
300,0.1,anomaly_detection,isolation_forest,residual,pr_auc,5,0.0445776697048149,0.044534768855006,0.000675454878914891,4.5623929344993e-07,0.0435623313741222,0.0453623796916556,0.0018000483175334009,0.015152314676555067,0.5790058732630605,0.2116139153369695,0.22464268078232616,0.40831210571247817
300,0.1,anomaly_detection,isolation_forest,residual,precision,5,0.0464231354642313,0.0464231354642313,0.0,0.0,0.0464231354642313,0.0464231354642313,0.0,0.0,0.0,0.0,0.0,0.0
300,0.1,anomaly_detection,isolation_forest,residual,recall,5,1.0,1.0,0.0,0.0,1.0,1.0,0.0,0.0,0.0,0.0,0.0,0.0
300,0.1,anomaly_detection,isolation_forest,residual,roc_auc,5,0.49845657307707397,0.4982811743618594,0.007494761802221057,5.617145447203183e-05,0.488804737482501,0.5071181623120904,0.01831342482958942,0.015035937345462947,0.3211981550406934,0.0964733135604012,0.2516799844308087,0.13502903934477734
300,0.1,anomaly_detection,isolation_forest,residual,threshold,5,0.2937656541960819,0.2937656541960819,0.0,0.0,0.2937656541960819,0.2937656541960819,0.0,0.0,0.0,0.0,0.0,0.0
300,0.1,anomaly_detection,lstm_autoencoder,raw,detection_latency,5,1.3442622950819672,1.3442622950819672,0.0,0.0,1.3442622950819672,1.3442622950819672,0.0,0.0,0.0,0.0,0.0,0.0
300,0.1,anomaly_detection,lstm_autoencoder,raw,f1,5,0.5386064030131827,0.5386064030131827,0.0,0.0,0.5386064030131827,0.5386064030131827,0.0,0.0,0.0,0.0,0.0,0.0
300,0.1,anomaly_detection,lstm_autoencoder,raw,false_positive_rate,5,0.028731045490821998,0.028731045490822,3.878959614448864e-18,1.504632769052528e-35,0.028731045490822,0.028731045490822,0.0,1.3500934435845645e-16,0.0,0.0,0.0,0.0
300,0.1,anomaly_detection,lstm_autoencoder,raw,pr_auc,5,0.561001698584242,0.561001698584242,0.0,0.0,0.561001698584242,0.561001698584242,0.0,0.0,0.0,0.0,0.0,0.0
300,0.1,anomaly_detection,lstm_autoencoder,raw,precision,5,0.4982578397212543,0.4982578397212543,0.0,0.0,0.4982578397212543,0.4982578397212543,0.0,0.0,0.0,0.0,0.0,0.0
300,0.1,anomaly_detection,lstm_autoencoder,raw,recall,5,0.5860655737704918,0.5860655737704918,0.0,0.0,0.5860655737704918,0.5860655737704918,0.0,0.0,0.0,0.0,0.0,0.0
300,0.1,anomaly_detection,lstm_autoencoder,raw,roc_auc,5,0.9493396177043947,0.9493396177043946,1.2412670766236366e-16,1.5407439555097887e-32,0.9493396177043946,0.9493396177043946,0.0,1.307505821388929e-16,0.0,0.0,0.0,0.0
300,0.1,anomaly_detection,lstm_autoencoder,raw,threshold,5,0.0007370078528765,0.0007370078528765,0.0,0.0,0.0007370078528765,0.0007370078528765,0.0,0.0,0.0,0.0,0.0,0.0
300,0.1,anomaly_detection,lstm_autoencoder,residual,detection_latency,5,0.0,0.0,0.0,0.0,0.0,0.0,0.0,0.0,0.0,0.0,0.0,0.0
300,0.1,anomaly_detection,lstm_autoencoder,residual,f1,5,0.08878229237477821,0.0887272727272727,0.00012302767192037432,1.513580805814726e-08,0.0887272727272727,0.0890023709648002,0.00027509823752749907,0.0013857230831688318,0.1817982856100675,0.4065133248170328,0.1777907081717694,0.3975521092399037
300,0.1,anomaly_detection,lstm_autoencoder,residual,false_positive_rate,5,0.9993216280925779,1.0,0.0015168856990222172,2.3009422238981203e-06,0.996608140462889,1.0,0.003391859537110964,0.0015179154101943363,90.61818181818248,202.62841454289148,0.1988826815642458,0.4447151955250978
300,0.1,anomaly_detection,lstm_autoencoder,residual,pr_auc,5,0.10804314527787877,0.1135439853222245,0.012273170558555618,0.00015063071555939642,0.0882504683841669,0.1189640610848693,0.030713592700702397,0.11359508765678707,0.326157938795722,0.3288369616069705,0.19674584018273336,0.38498281008458507
300,0.1,anomaly_detection,lstm_autoencoder,residual,precision,5,0.04645326309556903,0.0464231354642313,6.736743167224192e-05,4.538370850114183e-09,0.0464231354642313,0.04657377362092,0.00015063815668870523,0.0014502195794867162,0.19026531780874215,0.4254461843809488,0.18205779429542385,0.40709360387824123
300,0.1,anomaly_detection,lstm_autoencoder,residual,recall,5,1.0,1.0,0.0,0.0,1.0,1.0,0.0,0.0,0.0,0.0,0.0,0.0
300,0.1,anomaly_detection,lstm_autoencoder,residual,roc_auc,5,0.5769566155979747,0.5752889785825495,0.01625225854861429,0.00026413590793100634,0.5578644041186398,0.6025358810984783,0.04467147697983853,0.028168943919240748,0.2603690057782063,0.07925257652700939,0.21306405610142215,0.10449292974011769
300,0.1,anomaly_detection,lstm_autoencoder,residual,threshold,5,0.0003816792741417,0.0003816792741417,0.0,0.0,0.0003816792741417,0.0003816792741417,0.0,0.0,0.0,0.0,0.0,0.0
300,0.1,load_estimation,lstm,raw,mae,5,1.8614892001774397,1.840607381564081,0.09074825685046911,0.008235246121398714,1.7628799996958302,1.9803491871602537,0.21746918746442345,0.04875035366405503,5.711848794289447,0.33362573421541775,1.584127668183551,0.09096004975800387
300,0.1,load_estimation,lstm,raw,mape,5,63.12836272700455,59.83106743972931,6.860262184034209,47.06319723368981,56.48685344047493,70.86666398174741,14.379810541272477,0.10867163169906797,6.036884882796319,0.755344607045981,54.15805610133229,6.8427088583666675
300,0.1,load_estimation,lstm,raw,r2,5,0.028064233021292163,0.0163951840845354,0.08777156414301247,0.0077038474721109525,-0.0953654679788569,0.1437379255916981,0.239103393570555,3.12752406511237,-0.9709971982496146,0.09068783951601353,-0.9398583090532053,0.08788868541442202
300,0.1,load_estimation,lstm,raw,rmse,5,2.295549081614216,2.311172519965734,0.10370293077927538,0.010754297852211181,2.1563805014403328,2.438942516592889,0.2825620151525561,0.04517565388162039,4.501557613739585,0.2677022623330973,1.878208410576164,0.10458452283029653
300,0.1,load_estimation,persistence,raw,mae,5,2.472682529719634,2.4748482302035373,0.02226128892862209,0.0004955649847635925,2.441895165218429,2.493742996563106,0.051847831344677076,0.009002890043933861,4.5663548995136525,0.17564351527788957,2.028156476239908,0.026870927713070435
300,0.1,load_estimation,persistence,raw,mape,5,80.14639082302386,79.56149897513497,1.3040723367491895,1.7006046594744917,79.2796573569684,82.38192373039603,3.102266373427625,0.016271129908130125,4.701763583992227,0.1598103765938418,66.07883489909385,0.9373203436626647
300,0.1,load_estimation,persistence,raw,r2,5,-0.8771193963245125,-0.8896045707176083,0.04791049393228873,0.002295415428835875,-0.9237030622550396,-0.818463850267787,0.10523921198725261,0.054622545269268026,-1.9409628732949993,0.05046638137814455,-1.8092395086727222,0.04912593058100907
300,0.1,load_estimation,persistence,raw,rmse,5,3.1882126084327282,3.199006875360376,0.040752960720546336,0.0016608038074903925,3.138210304488537,3.227741352344465,0.08953104785592814,0.012782384905183537,4.264774606979677,0.1910715756206231,2.582126745271858,0.048875377006814116
300,0.1,load_estimation,xgboost,raw,mae,5,1.949686421161373,1.950032852964314,0.024236111876703523,0.0005873891189000895,1.9256244552416708,1.9848076657617475,0.05918321052007669,0.01243077430998712,6.118822919331531,0.06988030299087329,1.675813446818784,0.023439222863736037
300,0.1,load_estimation,xgboost,raw,mape,5,64.05148378689442,63.8345524992225,1.7763153414823512,3.1552961923855616,61.66942273405292,66.03494759625904,4.365524862206122,0.02773261814499609,6.069378894860052,0.16215538076221095,54.99182072281243,1.7306802437998061
300,0.1,load_estimation,xgboost,raw,r2,5,-0.1866447358353006,-0.1986632368838985,0.024430374695266415,0.0005968432077511136,-0.2055516882820822,-0.1456861914111686,0.05986549687091361,0.13089238539695172,-1.1926548315738923,0.02520323333123651,-1.1554387335859615,0.02452952603469435
300,0.1,load_estimation,xgboost,raw,rmse,5,2.5349620727853046,2.547876076218373,0.026231450228541883,0.0006880889810924701,2.490935874744295,2.555186627198835,0.06425075245453993,0.010347866940557388,5.166725384668197,0.0848019231376405,2.1238691609641904,0.02701451495794844
300,0.2,anomaly_detection,isolation_forest,raw,detection_latency,5,3.2459016393442623,3.2459016393442623,0.0,0.0,3.2459016393442623,3.2459016393442623,0.0,0.0,0.0,0.0,0.0,0.0
300,0.2,anomaly_detection,isolation_forest,raw,f1,5,0.1176470588235294,0.1176470588235294,0.0,0.0,0.1176470588235294,0.1176470588235294,0.0,0.0,0.0,0.0,0.0,0.0
300,0.2,anomaly_detection,isolation_forest,raw,false_positive_rate,5,0.0438946528332003,0.0438946528332003,0.0,0.0,0.0438946528332003,0.0438946528332003,0.0,0.0,0.0,0.0,0.0,0.0
300,0.2,anomaly_detection,isolation_forest,raw,pr_auc,5,0.09385708598261,0.09385708598261,0.0,0.0,0.09385708598261,0.09385708598261,0.0,0.0,0.0,0.0,0.0,0.0
300,0.2,anomaly_detection,isolation_forest,raw,precision,5,0.1164658634538152,0.1164658634538152,0.0,0.0,0.1164658634538152,0.1164658634538152,0.0,0.0,0.0,0.0,0.0,0.0
300,0.2,anomaly_detection,isolation_forest,raw,recall,5,0.11885245901639338,0.1188524590163934,1.5515838457795457e-17,2.407412430484045e-34,0.1188524590163934,0.1188524590163934,0.0,1.30547054610417e-16,0.0,0.0,0.0,0.0
300,0.2,anomaly_detection,isolation_forest,raw,roc_auc,5,0.7138596875695052,0.7138596875695052,0.0,0.0,0.7138596875695052,0.7138596875695052,0.0,0.0,0.0,0.0,0.0,0.0
300,0.2,anomaly_detection,isolation_forest,raw,threshold,5,0.5031683371451802,0.5031683371451802,0.0,0.0,0.5031683371451802,0.5031683371451802,0.0,0.0,0.0,0.0,0.0,0.0
300,0.2,anomaly_detection,isolation_forest,residual,detection_latency,5,0.0,0.0,0.0,0.0,0.0,0.0,0.0,0.0,0.0,0.0,0.0,0.0
300,0.2,anomaly_detection,isolation_forest,residual,f1,5,0.0887272727272727,0.0887272727272727,0.0,0.0,0.0887272727272727,0.0887272727272727,0.0,0.0,0.0,0.0,0.0,0.0
300,0.2,anomaly_detection,isolation_forest,residual,false_positive_rate,5,1.0,1.0,0.0,0.0,1.0,1.0,0.0,0.0,0.0,0.0,0.0,0.0
300,0.2,anomaly_detection,isolation_forest,residual,pr_auc,5,0.04201909613551344,0.0410728851387074,0.0029041020662472585,8.433808811181597e-06,0.0383115608936619,0.0458480734448947,0.007536512551232798,0.0691138632987583,0.5940494166940196,0.20944204076824383,0.22720125435162758,0.41062407132700407
300,0.2,anomaly_detection,isolation_forest,residual,precision,5,0.0464231354642313,0.0464231354642313,0.0,0.0,0.0464231354642313,0.0464231354642313,0.0,0.0,0.0,0.0,0.0,0.0
300,0.2,anomaly_detection,isolation_forest,residual,recall,5,1.0,1.0,0.0,0.0,1.0,1.0,0.0,0.0,0.0,0.0,0.0,0.0
300,0.2,anomaly_detection,isolation_forest,residual,roc_auc,5,0.4768782790156084,0.4748145434563605,0.02374491968787386,0.0005638212109835795,0.4414503552130624,0.5061495852576766,0.0646992300446142,0.04979241188524898,0.3466708437117051,0.11963256781800326,0.27325827849227435,0.15986268381708826
300,0.2,anomaly_detection,isolation_forest,residual,threshold,5,0.2937656541960819,0.2937656541960819,0.0,0.0,0.2937656541960819,0.2937656541960819,0.0,0.0,0.0,0.0,0.0,0.0
300,0.2,anomaly_detection,lstm_autoencoder,raw,detection_latency,5,1.3442622950819672,1.3442622950819672,0.0,0.0,1.3442622950819672,1.3442622950819672,0.0,0.0,0.0,0.0,0.0,0.0
300,0.2,anomaly_detection,lstm_autoencoder,raw,f1,5,0.5386064030131827,0.5386064030131827,0.0,0.0,0.5386064030131827,0.5386064030131827,0.0,0.0,0.0,0.0,0.0,0.0
300,0.2,anomaly_detection,lstm_autoencoder,raw,false_positive_rate,5,0.028731045490821998,0.028731045490822,3.878959614448864e-18,1.504632769052528e-35,0.028731045490822,0.028731045490822,0.0,1.3500934435845645e-16,0.0,0.0,0.0,0.0
300,0.2,anomaly_detection,lstm_autoencoder,raw,pr_auc,5,0.561001698584242,0.561001698584242,0.0,0.0,0.561001698584242,0.561001698584242,0.0,0.0,0.0,0.0,0.0,0.0
300,0.2,anomaly_detection,lstm_autoencoder,raw,precision,5,0.4982578397212543,0.4982578397212543,0.0,0.0,0.4982578397212543,0.4982578397212543,0.0,0.0,0.0,0.0,0.0,0.0
300,0.2,anomaly_detection,lstm_autoencoder,raw,recall,5,0.5860655737704918,0.5860655737704918,0.0,0.0,0.5860655737704918,0.5860655737704918,0.0,0.0,0.0,0.0,0.0,0.0
300,0.2,anomaly_detection,lstm_autoencoder,raw,roc_auc,5,0.9493396177043947,0.9493396177043946,1.2412670766236366e-16,1.5407439555097887e-32,0.9493396177043946,0.9493396177043946,0.0,1.307505821388929e-16,0.0,0.0,0.0,0.0
300,0.2,anomaly_detection,lstm_autoencoder,raw,threshold,5,0.0007370078528765,0.0007370078528765,0.0,0.0,0.0007370078528765,0.0007370078528765,0.0,0.0,0.0,0.0,0.0,0.0
300,0.2,anomaly_detection,lstm_autoencoder,residual,detection_latency,5,0.0,0.0,0.0,0.0,0.0,0.0,0.0,0.0,0.0,0.0,0.0,0.0
300,0.2,anomaly_detection,lstm_autoencoder,residual,f1,5,0.08877904648232873,0.0887272727272727,0.0001157696357556839,1.3402608563003727e-08,0.0887272727272727,0.0889861415025528,0.00025886877528009944,0.0013040198148414174,0.18180160466812548,0.40652074645647174,0.17779395406421888,0.3975593672760685
300,0.2,anomaly_detection,lstm_autoencoder,residual,false_positive_rate,5,0.9993615323224262,1.0,0.0014276571284915483,2.038204876532733e-06,0.9968076616121307,1.0,0.0031923383878692535,0.0014285692237660996,90.63636363636428,202.6690703243006,0.19892258579409414,0.4448044240956285
300,0.2,anomaly_detection,lstm_autoencoder,residual,pr_auc,5,0.10108497066350139,0.0958734209414939,0.015500431933816753,0.00024026339013488618,0.0853489913588011,0.1249586025592158,0.0396096112004147,0.15334061861100656,0.34056447905149523,0.3362055943868492,0.20370401479711076,0.3976727091830922
300,0.2,anomaly_detection,lstm_autoencoder,residual,precision,5,0.04645148547062168,0.0464231354642313,6.339254145144422e-05,4.018614311673073e-09,0.0464231354642313,0.0465648854961832,0.00014175003195190244,0.0013647042889841905,0.1902671755725191,0.4254503384670402,0.1820595719203712,0.40709757876846187
300,0.2,anomaly_detection,lstm_autoencoder,residual,recall,5,1.0,1.0,0.0,0.0,1.0,1.0,0.0,0.0,0.0,0.0,0.0,0.0
300,0.2,anomaly_detection,lstm_autoencoder,residual,roc_auc,5,0.5714069838943912,0.5602774652309866,0.026373820660088844,0.0006955784162105291,0.5492432915102116,0.6095093088064056,0.060266017296194074,0.046155929842403395,0.26382600601543393,0.1130434253237356,0.21861368780500562,0.1340936654843284
300,0.2,anomaly_detection,lstm_autoencoder,residual,threshold,5,0.0003816792741417,0.0003816792741417,0.0,0.0,0.0003816792741417,0.0003816792741417,0.0,0.0,0.0,0.0,0.0,0.0
300,0.2,load_estimation,lstm,raw,mae,5,1.8437607485729082,1.851627462183156,0.06409137064412787,0.004107703791042976,1.765491304424008,1.9094287946168171,0.14393749019280921,0.03476121871763206,5.648181967914084,0.24970480543814383,1.5663992165790197,0.06476786167516418
300,0.2,load_estimation,lstm,raw,mape,5,60.720066551314666,59.52588344855144,5.808496012898151,33.73862593185371,54.18067425088218,67.99871003851854,13.818035787636362,0.09566023792133656,5.769299600489921,0.6501533167049116,51.74975992564242,5.803841926536324
300,0.2,load_estimation,lstm,raw,r2,5,0.029524972409722683,0.0154706867515027,0.052953088524378016,0.0028040295842706145,-0.0342125686903913,0.1037410956456624,0.13795366433605372,1.793501710671891,-0.9694953415846455,0.054716452550162185,-0.9383975696647747,0.052986196507112865
300,0.2,load_estimation,lstm,raw,rmse,5,2.295005854959289,2.312258408812322,0.06289402715473699,0.003955658651740795,2.206169029198233,2.369883228735425,0.1637141995371918,0.027404734946025952,4.499959740948414,0.16920675734952353,1.8776651839212364,0.06331308293613294
300,0.2,load_estimation,persistence,raw,mae,5,2.536640155265502,2.5345082718487744,0.032440852156762325,0.001052408888656911,2.4976056293446907,2.5817983932509634,0.08419276390627273,0.012788905864090464,4.7098676127904735,0.16719189895931752,2.0921141017857754,0.032650716606444745
300,0.2,load_estimation,persistence,raw,mape,5,85.93965050507535,85.44861354939036,1.5487724508522607,2.398696104518918,84.01151853076175,87.99880922945914,3.987290698697393,0.018021628453804273,5.115224792417241,0.22521989034349865,71.87209458114533,1.488105039350648
300,0.2,load_estimation,persistence,raw,r2,5,-0.9386365090145177,-0.9454411077649636,0.030022979099257642,0.0009013792739944611,-0.9631054501659746,-0.8870211063603233,0.07608434380565132,0.031985735490705575,-2.0070098486702603,0.0326873464089429,-1.8707566213627274,0.03022674020611997
300,0.2,load_estimation,persistence,raw,rmse,5,3.240167011366432,3.245927028844123,0.025197738127678202,0.0006349260067510477,3.196819288837848,3.2606300183981416,0.06381072956029366,0.007776678806766785,4.35015093273535,0.17108648060946055,2.6340811482055613,0.031185653122259425
300,0.2,load_estimation,xgboost,raw,mae,5,1.9484156186631458,1.9562272906666296,0.02094663144727092,0.000438761368987799,1.9217800605514823,1.971622311361304,0.04984225080982174,0.010750597175792966,6.114239643420049,0.06270283846616594,1.6745426443205573,0.020283930856794745
300,0.2,load_estimation,xgboost,raw,mape,5,66.49035452871237,67.36893603944762,1.5811013281272468,2.499881409805744,64.7615410319976,67.81269740158562,3.0511563695880284,0.023779408898240775,6.338959104994222,0.1572701016005292,57.43069146463038,1.55428125303955
300,0.2,load_estimation,xgboost,raw,r2,5,-0.16333737045641894,-0.1634056248039959,0.022469019445698582,0.0005048568348511811,-0.1975567057275173,-0.1349347502417028,0.0626219554858145,0.13756202504615245,-1.1685983120728884,0.02319353530939393,-1.1321313682070797,0.02249303288956547
300,0.2,load_estimation,xgboost,raw,rmse,5,2.5099576918384088,2.510124644709947,0.024198863377262358,0.0005855849887514093,2.479220503761423,2.546699784526875,0.06747928076545184,0.009641143934795966,5.10583500790644,0.07454928759827115,2.0988647800172946,0.024506998447587112
