metric,staleness_seconds,packet_drop_rate,task,model,representation,mean,median,std,cv,min,max,ci_lower,ci_upper
detection_latency,0,0.0,anomaly_detection,isolation_forest,raw,3.2459016393442623,3.2459016393442623,0.0,0.0,3.2459016393442623,3.2459016393442623,3.2459016393442623,3.2459016393442623
f1,0,0.0,anomaly_detection,isolation_forest,raw,0.1176470588235294,0.1176470588235294,0.0,0.0,0.1176470588235294,0.1176470588235294,0.1176470588235294,0.1176470588235294
false_positive_rate,0,0.0,anomaly_detection,isolation_forest,raw,0.0438946528332003,0.0438946528332003,0.0,0.0,0.0438946528332003,0.0438946528332003,0.0438946528332003,0.0438946528332003
pr_auc,0,0.0,anomaly_detection,isolation_forest,raw,0.09385708598261,0.09385708598261,0.0,0.0,0.09385708598261,0.09385708598261,0.09385708598261,0.09385708598261
precision,0,0.0,anomaly_detection,isolation_forest,raw,0.1164658634538152,0.1164658634538152,0.0,0.0,0.1164658634538152,0.1164658634538152,0.1164658634538152,0.1164658634538152
recall,0,0.0,anomaly_detection,isolation_forest,raw,0.11885245901639338,0.1188524590163934,1.5515838457795457e-17,1.30547054610417e-16,0.1188524590163934,0.1188524590163934,0.11885245901639338,0.11885245901639338
roc_auc,0,0.0,anomaly_detection,isolation_forest,raw,0.7138596875695052,0.7138596875695052,0.0,0.0,0.7138596875695052,0.7138596875695052,0.7138596875695052,0.7138596875695052
threshold,0,0.0,anomaly_detection,isolation_forest,raw,0.5031683371451802,0.5031683371451802,0.0,0.0,0.5031683371451802,0.5031683371451802,0.5031683371451802,0.5031683371451802
detection_latency,0,0.0,anomaly_detection,isolation_forest,residual,0.0,0.0,0.0,0.0,0.0,0.0,0.0,0.0
f1,0,0.0,anomaly_detection,isolation_forest,residual,0.0887272727272727,0.0887272727272727,0.0,0.0,0.0887272727272727,0.0887272727272727,0.0887272727272727,0.0887272727272727
false_positive_rate,0,0.0,anomaly_detection,isolation_forest,residual,1.0,1.0,0.0,0.0,1.0,1.0,1.0,1.0
pr_auc,0,0.0,anomaly_detection,isolation_forest,residual,0.26922035048714105,0.0872394700315926,0.4085339467185911,1.517470525461277,0.0821393508125507,1.0,-0.23804154319742837,0.7764822441717105
precision,0,0.0,anomaly_detection,isolation_forest,residual,0.0464231354642313,0.0464231354642313,0.0,0.0,0.0464231354642313,0.0464231354642313,0.0464231354642313,0.0464231354642313
recall,0,0.0,anomaly_detection,isolation_forest,residual,1.0,1.0,0.0,0.0,1.0,1.0,1.0,1.0
roc_auc,0,0.0,anomaly_detection,isolation_forest,residual,0.7501365575078827,0.6877706618868814,0.13970387261091521,0.18623792056614594,0.6846846257506575,1.0,0.5766712884772643,0.923601826538501
threshold,0,0.0,anomaly_detection,isolation_forest,residual,0.2937656541960819,0.2937656541960819,0.0,0.0,0.2937656541960819,0.2937656541960819,0.2937656541960819,0.2937656541960819
detection_latency,0,0.0,anomaly_detection,lstm_autoencoder,raw,1.3442622950819672,1.3442622950819672,0.0,0.0,1.3442622950819672,1.3442622950819672,1.3442622950819672,1.3442622950819672
f1,0,0.0,anomaly_detection,lstm_autoencoder,raw,0.5386064030131827,0.5386064030131827,0.0,0.0,0.5386064030131827,0.5386064030131827,0.5386064030131827,0.5386064030131827
false_positive_rate,0,0.0,anomaly_detection,lstm_autoencoder,raw,0.028731045490821998,0.028731045490822,3.878959614448864e-18,1.3500934435845645e-16,0.028731045490822,0.028731045490822,0.028731045490821998,0.028731045490821998
pr_auc,0,0.0,anomaly_detection,lstm_autoencoder,raw,0.561001698584242,0.561001698584242,0.0,0.0,0.561001698584242,0.561001698584242,0.561001698584242,0.561001698584242
precision,0,0.0,anomaly_detection,lstm_autoencoder,raw,0.4982578397212543,0.4982578397212543,0.0,0.0,0.4982578397212543,0.4982578397212543,0.4982578397212543,0.4982578397212543
recall,0,0.0,anomaly_detection,lstm_autoencoder,raw,0.5860655737704918,0.5860655737704918,0.0,0.0,0.5860655737704918,0.5860655737704918,0.5860655737704918,0.5860655737704918
roc_auc,0,0.0,anomaly_detection,lstm_autoencoder,raw,0.9493396177043947,0.9493396177043946,1.2412670766236366e-16,1.307505821388929e-16,0.9493396177043946,0.9493396177043946,0.9493396177043947,0.9493396177043947
threshold,0,0.0,anomaly_detection,lstm_autoencoder,raw,0.0007370078528765,0.0007370078528765,0.0,0.0,0.0007370078528765,0.0007370078528765,0.0007370078528765,0.0007370078528765
detection_latency,0,0.0,anomaly_detection,lstm_autoencoder,residual,0.0,0.0,0.0,0.0,0.0,0.0,0.0,0.0
f1,0,0.0,anomaly_detection,lstm_autoencoder,residual,0.26657300054654764,0.0887272727272727,0.39767513691182405,1.4918057571339975,0.0887272727272727,0.9779559118236472,-0.22720589993761703,0.7603519010307123
false_positive_rate,0,0.0,anomaly_detection,lstm_autoencoder,residual,0.8004389465283321,1.0,0.44623208122412,0.5574842193268081,0.00219473264166,1.0,0.24636863642880447,1.3545092566278598
pr_auc,0,0.0,anomaly_detection,lstm_autoencoder,residual,0.30478898546061217,0.1319000209425614,0.3886694257893465,1.2752082402255123,0.1234193205004322,1.0,-0.17780784774454894,0.7873858186657733
precision,0,0.0,anomaly_detection,lstm_autoencoder,residual,0.22851105739099284,0.0464231354642313,0.40716097130991336,1.7817998654360185,0.0464231354642313,0.9568627450980391,-0.27704606215820227,0.734068176940188
recall,0,0.0,anomaly_detection,lstm_autoencoder,residual,1.0,1.0,0.0,0.0,1.0,1.0,1.0,1.0
roc_auc,0,0.0,anomaly_detection,lstm_autoencoder,residual,0.7900206716993967,0.7428769314301413,0.11796899917061819,0.14932393973547248,0.7175696361519239,1.0,0.6435428125251104,0.9364985308736831
threshold,0,0.0,anomaly_detection,lstm_autoencoder,residual,0.0003816792741417,0.0003816792741417,0.0,0.0,0.0003816792741417,0.0003816792741417,0.0003816792741417,0.0003816792741417
mae,0,0.0,load_estimation,lstm,raw,0.2773615319938886,0.2762261204479895,0.001906056605202803,0.00687210151855089,0.2758453186169287,0.2799320810273526,0.27499485012866975,0.2797282138591074
mape,0,0.0,load_estimation,lstm,raw,8.970306625672242,8.950627129882083,0.0911558881125032,0.010161958996097517,8.868861318649634,9.118982639637077,8.857121641178656,9.083491610165828
r2,0,0.0,load_estimation,lstm,raw,0.9679225420744973,0.9677789047373696,0.0008580872442256125,0.0008865247030888642,0.9670456810550092,0.9692158273028284,0.9668570860360245,0.9689879981129702
rmse,0,0.0,load_estimation,lstm,raw,0.4173406710380522,0.4183041673895866,0.005602514201213339,0.013424318764040405,0.4088705073983315,0.4230368621902369,0.4103842308549803,0.4242971112211241
mae,0,0.0,load_estimation,persistence,raw,0.4445260534797266,0.4492700455803849,0.01272847735851252,0.02863381630587154,0.4259453912122427,0.4591450760399007,0.42872156139170986,0.4603305455677434
mape,0,0.0,load_estimation,persistence,raw,14.067555923930007,14.12149407205246,0.5370096105136738,0.03817362542701385,13.286006475148488,14.73210135971861,13.400770423865753,14.73434142399426
r2,0,0.0,load_estimation,persistence,raw,0.9321201123482099,0.930782228617953,0.004192697611570927,0.004498022900727488,0.9266422537549912,0.9374618546027488,0.9269141906685674,0.9373260340278524
rmse,0,0.0,load_estimation,persistence,raw,0.6060858631608708,0.6122637034975102,0.01874539302921505,0.03092860957266634,0.5819721564703912,0.630307824152761,0.5828103835043147,0.6293613428174268
mae,0,0.0,load_estimation,xgboost,raw,0.2738729743425886,0.2734339335193372,0.0010712407245669134,0.003911451018992823,0.2727781880981483,0.2750232725927274,0.27254285330148414,0.2752030953836931
mape,0,0.0,load_estimation,xgboost,raw,9.059663064081995,9.063484965162122,0.055251002076948524,0.006098571402285041,9.005682087543944,9.136281172616451,8.991059883938368,9.128266244225623
r2,0,0.0,load_estimation,xgboost,raw,0.9687939977506609,0.9686862373860586,0.000443682793823994,0.0004579743421760804,0.9682775676298728,0.9693218282677428,0.9682430927989472,0.9693449027023746
rmse,0,0.0,load_estimation,xgboost,raw,0.4110929118211143,0.4118104239968307,0.0029237994928253104,0.007112259561647689,0.4076096387383497,0.4144889415427226,0.40746253525290665,0.41472328838932193
detection_latency,0,0.05,anomaly_detection,isolation_forest,raw,3.2459016393442623,3.2459016393442623,0.0,0.0,3.2459016393442623,3.2459016393442623,3.2459016393442623,3.2459016393442623
f1,0,0.05,anomaly_detection,isolation_forest,raw,0.1176470588235294,0.1176470588235294,0.0,0.0,0.1176470588235294,0.1176470588235294,0.1176470588235294,0.1176470588235294
false_positive_rate,0,0.05,anomaly_detection,isolation_forest,raw,0.0438946528332003,0.0438946528332003,0.0,0.0,0.0438946528332003,0.0438946528332003,0.0438946528332003,0.0438946528332003
pr_auc,0,0.05,anomaly_detection,isolation_forest,raw,0.09385708598261,0.09385708598261,0.0,0.0,0.09385708598261,0.09385708598261,0.09385708598261,0.09385708598261
precision,0,0.05,anomaly_detection,isolation_forest,raw,0.1164658634538152,0.1164658634538152,0.0,0.0,0.1164658634538152,0.1164658634538152,0.1164658634538152,0.1164658634538152
recall,0,0.05,anomaly_detection,isolation_forest,raw,0.11885245901639338,0.1188524590163934,1.5515838457795457e-17,1.30547054610417e-16,0.1188524590163934,0.1188524590163934,0.11885245901639338,0.11885245901639338
roc_auc,0,0.05,anomaly_detection,isolation_forest,raw,0.7138596875695052,0.7138596875695052,0.0,0.0,0.7138596875695052,0.7138596875695052,0.7138596875695052,0.7138596875695052
threshold,0,0.05,anomaly_detection,isolation_forest,raw,0.5031683371451802,0.5031683371451802,0.0,0.0,0.5031683371451802,0.5031683371451802,0.5031683371451802,0.5031683371451802
detection_latency,0,0.05,anomaly_detection,isolation_forest,residual,0.0,0.0,0.0,0.0,0.0,0.0,0.0,0.0
f1,0,0.05,anomaly_detection,isolation_forest,residual,0.0887272727272727,0.0887272727272727,0.0,0.0,0.0887272727272727,0.0887272727272727,0.0887272727272727,0.0887272727272727
false_positive_rate,0,0.05,anomaly_detection,isolation_forest,residual,1.0,1.0,0.0,0.0,1.0,1.0,1.0,1.0
pr_auc,0,0.05,anomaly_detection,isolation_forest,residual,0.12824243695168772,0.0830385040627969,0.09873963428953625,0.7699450871066499,0.0793752272834529,0.3046980188968922,0.00564098785856465,0.2508438860448108
precision,0,0.05,anomaly_detection,isolation_forest,residual,0.0464231354642313,0.0464231354642313,0.0,0.0,0.0464231354642313,0.0464231354642313,0.0464231354642313,0.0464231354642313
recall,0,0.05,anomaly_detection,isolation_forest,residual,1.0,1.0,0.0,0.0,1.0,1.0,1.0,1.0
roc_auc,0,0.05,anomaly_detection,isolation_forest,residual,0.7378471177371031,0.687461158792668,0.11957860207696745,0.16206419894097035,0.6778134117462353,0.9515973139874138,0.5893706725825988,0.8863235628916074
threshold,0,0.05,anomaly_detection,isolation_forest,residual,0.2937656541960819,0.2937656541960819,0.0,0.0,0.2937656541960819,0.2937656541960819,0.2937656541960819,0.2937656541960819
detection_latency,0,0.05,anomaly_detection,lstm_autoencoder,raw,1.3442622950819672,1.3442622950819672,0.0,0.0,1.3442622950819672,1.3442622950819672,1.3442622950819672,1.3442622950819672
f1,0,0.05,anomaly_detection,lstm_autoencoder,raw,0.5386064030131827,0.5386064030131827,0.0,0.0,0.5386064030131827,0.5386064030131827,0.5386064030131827,0.5386064030131827
false_positive_rate,0,0.05,anomaly_detection,lstm_autoencoder,raw,0.028731045490821998,0.028731045490822,3.878959614448864e-18,1.3500934435845645e-16,0.028731045490822,0.028731045490822,0.028731045490821998,0.028731045490821998
pr_auc,0,0.05,anomaly_detection,lstm_autoencoder,raw,0.561001698584242,0.561001698584242,0.0,0.0,0.561001698584242,0.561001698584242,0.561001698584242,0.561001698584242
precision,0,0.05,anomaly_detection,lstm_autoencoder,raw,0.4982578397212543,0.4982578397212543,0.0,0.0,0.4982578397212543,0.4982578397212543,0.4982578397212543,0.4982578397212543
recall,0,0.05,anomaly_detection,lstm_autoencoder,raw,0.5860655737704918,0.5860655737704918,0.0,0.0,0.5860655737704918,0.5860655737704918,0.5860655737704918,0.5860655737704918
roc_auc,0,0.05,anomaly_detection,lstm_autoencoder,raw,0.9493396177043947,0.9493396177043946,1.2412670766236366e-16,1.307505821388929e-16,0.9493396177043946,0.9493396177043946,0.9493396177043947,0.9493396177043947
threshold,0,0.05,anomaly_detection,lstm_autoencoder,raw,0.0007370078528765,0.0007370078528765,0.0,0.0,0.0007370078528765,0.0007370078528765,0.0007370078528765,0.0007370078528765
detection_latency,0,0.05,anomaly_detection,lstm_autoencoder,residual,0.0,0.0,0.0,0.0,0.0,0.0,0.0,0.0
f1,0,0.05,anomaly_detection,lstm_autoencoder,residual,0.19940287081339708,0.0887272727272727,0.2474781607710198,1.2410962779097197,0.0887272727272727,0.6421052631578947,-0.1078818517576613,0.5066875933844555
false_positive_rate,0,0.05,anomaly_detection,lstm_autoencoder,residual,0.8108539505187551,1.0,0.4229434243156027,0.5216024711293801,0.0542697525937749,1.0,0.2857003272690527,1.3360075737684576
pr_auc,0,0.05,anomaly_detection,lstm_autoencoder,residual,0.21241487516806545,0.1327603159226355,0.18263177202717118,0.8597880533680634,0.1244604876873564,0.5390090549140275,-0.01435242108623025,0.43918217142236116
precision,0,0.05,anomaly_detection,lstm_autoencoder,residual,0.13171215178223775,0.0464231354642313,0.19071203822115124,1.4479456575613399,0.0464231354642313,0.4728682170542636,-0.105088120101026,0.3685124236655015
recall,0,0.05,anomaly_detection,lstm_autoencoder,residual,1.0,1.0,0.0,0.0,1.0,1.0,1.0,1.0
roc_auc,0,0.05,anomaly_detection,lstm_autoencoder,residual,0.7839514672981565,0.7422898159172084,0.10660402432038998,0.13598293869873682,0.7180103816414376,0.9736051509164888,0.6515850882358898,0.9163178463604231
threshold,0,0.05,anomaly_detection,lstm_autoencoder,residual,0.0003816792741417,0.0003816792741417,0.0,0.0,0.0003816792741417,0.0003816792741417,0.0003816792741417,0.0003816792741417
mae,0,0.05,load_estimation,lstm,raw,0.2785847869494347,0.2773588653643182,0.00289365019536606,0.010386964152106696,0.2761001738403031,0.2828327607133524,0.2749918456784534,0.28217772822041604
mape,0,0.05,load_estimation,lstm,raw,9.001818912346518,8.959365985897191,0.1209595279454286,0.013437231866498176,8.887366841945836,9.206101408408946,8.851627821256958,9.152010003436079
r2,0,0.05,load_estimation,lstm,raw,0.9677356006698992,0.967610011207845,0.0007564325933362497,0.0007816521297889853,0.9670390806216465,0.9690171804615724,0.9667963655516857,0.9686748357881126
rmse,0,0.05,load_estimation,lstm,raw,0.41856188242041836,0.4193990483729569,0.0049361027583134185,0.011793005922492059,0.4101875840236717,0.4230792251779763,0.4124329013339863,0.4246908635068504
mae,0,0.05,load_estimation,persistence,raw,0.4540882228875088,0.458412524329745,0.012194000497984091,0.026853813605742665,0.4356026972220187,0.4680887091468277,0.43894737147508317,0.4692290742999344
mape,0,0.05,load_estimation,persistence,raw,14.302282369501066,14.26211453849884,0.5020325086703056,0.035101566008853655,13.591749779884216,14.953406180024844,13.678926677557229,14.925638061444904
r2,0,0.05,load_estimation,persistence,raw,0.9293662886663011,0.9280887003275624,0.003923549230995369,0.004221746881550769,0.9244997328237532,0.9347585141418276,0.9244945588409941,0.9342380184916081
rmse,0,0.05,load_estimation,persistence,raw,0.6183021655746753,0.6240627737593011,0.017236071283769548,0.027876453040965234,0.5944175588253224,0.6394461138391615,0.5969007563911449,0.6397035747582057
mae,0,0.05,load_estimation,xgboost,raw,0.2761556960268107,0.2751175934275898,0.0020336716530773347,0.007364221279288386,0.2741973286259301,0.2788980480289169,0.2736305591510171,0.27868083290260437
mape,0,0.05,load_estimation,xgboost,raw,9.128556110574369,9.125493651918465,0.07895239735339227,0.008648946930603309,9.035813246854516,9.23864215576086,9.030523761208784,9.226588459939954
r2,0,0.05,load_estimation,xgboost,raw,0.9683367488773793,0.9682650197839812,0.0005093838454655551,0.0005260399815003391,0.9677920456661242,0.9689826160654416,0.9677042652951982,0.9689692324595605
rmse,0,0.05,load_estimation,xgboost,raw,0.41409139299087433,0.4145709092350699,0.003333443179267067,0.00805001802908888,0.4098569378381199,0.4176488394898681,0.4099523766051205,0.41823040937662814
detection_latency,0,0.1,anomaly_detection,isolation_forest,raw,3.2459016393442623,3.2459016393442623,0.0,0.0,3.2459016393442623,3.2459016393442623,3.2459016393442623,3.2459016393442623
f1,0,0.1,anomaly_detection,isolation_forest,raw,0.1176470588235294,0.1176470588235294,0.0,0.0,0.1176470588235294,0.1176470588235294,0.1176470588235294,0.1176470588235294
false_positive_rate,0,0.1,anomaly_detection,isolation_forest,raw,0.0438946528332003,0.0438946528332003,0.0,0.0,0.0438946528332003,0.0438946528332003,0.0438946528332003,0.0438946528332003
pr_auc,0,0.1,anomaly_detection,isolation_forest,raw,0.09385708598261,0.09385708598261,0.0,0.0,0.09385708598261,0.09385708598261,0.09385708598261,0.09385708598261
precision,0,0.1,anomaly_detection,isolation_forest,raw,0.1164658634538152,0.1164658634538152,0.0,0.0,0.1164658634538152,0.1164658634538152,0.1164658634538152,0.1164658634538152
recall,0,0.1,anomaly_detection,isolation_forest,raw,0.11885245901639338,0.1188524590163934,1.5515838457795457e-17,1.30547054610417e-16,0.1188524590163934,0.1188524590163934,0.11885245901639338,0.11885245901639338
roc_auc,0,0.1,anomaly_detection,isolation_forest,raw,0.7138596875695052,0.7138596875695052,0.0,0.0,0.7138596875695052,0.7138596875695052,0.7138596875695052,0.7138596875695052
threshold,0,0.1,anomaly_detection,isolation_forest,raw,0.5031683371451802,0.5031683371451802,0.0,0.0,0.5031683371451802,0.5031683371451802,0.5031683371451802,0.5031683371451802
detection_latency,0,0.1,anomaly_detection,isolation_forest,residual,0.0,0.0,0.0,0.0,0.0,0.0,0.0,0.0
f1,0,0.1,anomaly_detection,isolation_forest,residual,0.0887272727272727,0.0887272727272727,0.0,0.0,0.0887272727272727,0.0887272727272727,0.0887272727272727,0.0887272727272727
false_positive_rate,0,0.1,anomaly_detection,isolation_forest,residual,1.0,1.0,0.0,0.0,1.0,1.0,1.0,1.0
pr_auc,0,0.1,anomaly_detection,isolation_forest,residual,0.10384701581900906,0.0803766725270241,0.05139529839543365,0.49491358023237303,0.0769518227540945,0.1955281123000514,0.04003132412445941,0.16766270751355872
precision,0,0.1,anomaly_detection,isolation_forest,residual,0.0464231354642313,0.0464231354642313,0.0,0.0,0.0464231354642313,0.0464231354642313,0.0464231354642313,0.0464231354642313
recall,0,0.1,anomaly_detection,isolation_forest,residual,1.0,1.0,0.0,0.0,1.0,1.0,1.0,1.0
roc_auc,0,0.1,anomaly_detection,isolation_forest,residual,0.7254913617154892,0.6833713840880249,0.10304587261135016,0.14203597458099154,0.6711474428584512,0.909603018329779,0.5975430115304845,0.853439711900494
threshold,0,0.1,anomaly_detection,isolation_forest,residual,0.2937656541960819,0.2937656541960819,0.0,0.0,0.2937656541960819,0.2937656541960819,0.2937656541960819,0.2937656541960819
detection_latency,0,0.1,anomaly_detection,lstm_autoencoder,raw,1.3442622950819672,1.3442622950819672,0.0,0.0,1.3442622950819672,1.3442622950819672,1.3442622950819672,1.3442622950819672
f1,0,0.1,anomaly_detection,lstm_autoencoder,raw,0.5386064030131827,0.5386064030131827,0.0,0.0,0.5386064030131827,0.5386064030131827,0.5386064030131827,0.5386064030131827
false_positive_rate,0,0.1,anomaly_detection,lstm_autoencoder,raw,0.028731045490821998,0.028731045490822,3.878959614448864e-18,1.3500934435845645e-16,0.028731045490822,0.028731045490822,0.028731045490821998,0.028731045490821998
pr_auc,0,0.1,anomaly_detection,lstm_autoencoder,raw,0.561001698584242,0.561001698584242,0.0,0.0,0.561001698584242,0.561001698584242,0.561001698584242,0.561001698584242
precision,0,0.1,anomaly_detection,lstm_autoencoder,raw,0.4982578397212543,0.4982578397212543,0.0,0.0,0.4982578397212543,0.4982578397212543,0.4982578397212543,0.4982578397212543
recall,0,0.1,anomaly_detection,lstm_autoencoder,raw,0.5860655737704918,0.5860655737704918,0.0,0.0,0.5860655737704918,0.5860655737704918,0.5860655737704918,0.5860655737704918
roc_auc,0,0.1,anomaly_detection,lstm_autoencoder,raw,0.9493396177043947,0.9493396177043946,1.2412670766236366e-16,1.307505821388929e-16,0.9493396177043946,0.9493396177043946,0.9493396177043947,0.9493396177043947
threshold,0,0.1,anomaly_detection,lstm_autoencoder,raw,0.0007370078528765,0.0007370078528765,0.0,0.0,0.0007370078528765,0.0007370078528765,0.0007370078528765,0.0007370078528765
detection_latency,0,0.1,anomaly_detection,lstm_autoencoder,residual,0.0,0.0,0.0,0.0,0.0,0.0,0.0,0.0
f1,0,0.1,anomaly_detection,lstm_autoencoder,residual,0.16799971082595333,0.0887272727272727,0.17725856033079412,1.0551122942969402,0.0887272727272727,0.485089463220676,-0.05209586191022364,0.3880952835621303
false_positive_rate,0,0.1,anomaly_detection,lstm_autoencoder,residual,0.8206703910614526,1.0,0.4009931959650462,0.48861662408266343,0.1033519553072625,1.0,0.32277157610698787,1.3185692060159173
pr_auc,0,0.1,anomaly_detection,lstm_autoencoder,residual,0.18466979228069344,0.1323143299181876,0.12124566115624828,0.6565538394712543,0.1260272821177377,0.4014183782332302,0.03412341988456738,0.3352161646768195
precision,0,0.1,anomaly_detection,lstm_autoencoder,residual,0.10118050312204119,0.0464231354642313,0.12244119635181139,1.2101263837769825,0.0464231354642313,0.3202099737532808,-0.050850322285001054,0.25321132852908346
recall,0,0.1,anomaly_detection,lstm_autoencoder,residual,1.0,1.0,0.0,0.0,1.0,1.0,1.0,1.0
roc_auc,0,0.1,anomaly_detection,lstm_autoencoder,residual,0.7791534742846676,0.7435891565161645,0.09622561898518502,0.12350021165410154,0.7207071879947144,0.9503086036136223,0.6596735874858908,0.8986333610834445
threshold,0,0.1,anomaly_detection,lstm_autoencoder,residual,0.0003816792741417,0.0003816792741417,0.0,0.0,0.0003816792741417,0.0003816792741417,0.0003816792741417,0.0003816792741417
mae,0,0.1,load_estimation,lstm,raw,0.28027284914418016,0.2788088297310874,0.0036379853828637076,0.012980156279755184,0.2775761650598644,0.2865765784316643,0.2757556936682868,0.28479000462007353
mape,0,0.1,load_estimation,lstm,raw,9.040592606236435,9.013588747109727,0.14819591841187812,0.01639227923063901,8.915641155955338,9.292334234355447,8.856583069663664,9.224602142809207
r2,0,0.1,load_estimation,lstm,raw,0.9675008466108437,0.967499788270424,0.0007856060342971957,0.0008119951905460076,0.9667123392037508,0.9687679689712984,0.9665253878812852,0.9684763053404022
rmse,0,0.1,load_estimation,lstm,raw,0.4200804325477199,0.4201120485262901,0.005100996640053985,0.012142904655466252,0.4118339597188782,0.4251710449631362,0.41374670866480645,0.4264141564306333
mae,0,0.1,load_estimation,persistence,raw,0.46465249758106025,0.4684022513177115,0.01269198395143877,0.02731500210912911,0.4461507113193994,0.4804504230232906,0.44889331804277877,0.48041167711934174
mape,0,0.1,load_estimation,persistence,raw,14.555879522929075,14.518688649007425,0.4991194831173156,0.03428988831152938,13.884994864836248,15.22745767394809,13.936140829940232,15.175618215917918
r2,0,0.1,load_estimation,persistence,raw,0.9262937856995068,0.9252328903378793,0.004258330619319184,0.004597170665571757,0.9204742000614116,0.931747989030246,0.9210063698770494,0.9315812015219642
rmse,0,0.1,load_estimation,persistence,raw,0.6315922888225298,0.6363338175136465,0.018246687023019743,0.02888997751545832,0.6079773975561282,0.6562717822003715,0.6089360344595544,0.6542485431855053
mae,0,0.1,load_estimation,xgboost,raw,0.2784630560983805,0.2790433718869675,0.0016922692784809876,0.006077176995009032,0.276428066477565,0.2804414209210891,0.2763618262600244,0.2805642859367366
mape,0,0.1,load_estimation,xgboost,raw,9.190897294131663,9.2173995008991,0.06872298581307089,0.007477287974586566,9.102831471917636,9.272038610209748,9.105566436798505,9.27622815146482
r2,0,0.1,load_estimation,xgboost,raw,0.9679255847084484,0.9676889470864276,0.0005334251360373523,0.0005511013909173883,0.967424688281706,0.9686579266356616,0.9672632499212939,0.9685879194956029
rmse,0,0.1,load_estimation,xgboost,raw,0.41677055332693846,0.4183167583288753,0.0034719578648047473,0.008330621818382516,0.4119965406943331,0.4200238952517275,0.41245954824293,0.4210815584109469
detection_latency,0,0.2,anomaly_detection,isolation_forest,raw,3.2459016393442623,3.2459016393442623,0.0,0.0,3.2459016393442623,3.2459016393442623,3.2459016393442623,3.2459016393442623
f1,0,0.2,anomaly_detection,isolation_forest,raw,0.1176470588235294,0.1176470588235294,0.0,0.0,0.1176470588235294,0.1176470588235294,0.1176470588235294,0.1176470588235294
false_positive_rate,0,0.2,anomaly_detection,isolation_forest,raw,0.0438946528332003,0.0438946528332003,0.0,0.0,0.0438946528332003,0.0438946528332003,0.0438946528332003,0.0438946528332003
pr_auc,0,0.2,anomaly_detection,isolation_forest,raw,0.09385708598261,0.09385708598261,0.0,0.0,0.09385708598261,0.09385708598261,0.09385708598261,0.09385708598261
precision,0,0.2,anomaly_detection,isolation_forest,raw,0.1164658634538152,0.1164658634538152,0.0,0.0,0.1164658634538152,0.1164658634538152,0.1164658634538152,0.1164658634538152
recall,0,0.2,anomaly_detection,isolation_forest,raw,0.11885245901639338,0.1188524590163934,1.5515838457795457e-17,1.30547054610417e-16,0.1188524590163934,0.1188524590163934,0.11885245901639338,0.11885245901639338
roc_auc,0,0.2,anomaly_detection,isolation_forest,raw,0.7138596875695052,0.7138596875695052,0.0,0.0,0.7138596875695052,0.7138596875695052,0.7138596875695052,0.7138596875695052
threshold,0,0.2,anomaly_detection,isolation_forest,raw,0.5031683371451802,0.5031683371451802,0.0,0.0,0.5031683371451802,0.5031683371451802,0.5031683371451802,0.5031683371451802
detection_latency,0,0.2,anomaly_detection,isolation_forest,residual,0.0,0.0,0.0,0.0,0.0,0.0,0.0,0.0
f1,0,0.2,anomaly_detection,isolation_forest,residual,0.0887272727272727,0.0887272727272727,0.0,0.0,0.0887272727272727,0.0887272727272727,0.0887272727272727,0.0887272727272727
false_positive_rate,0,0.2,anomaly_detection,isolation_forest,residual,1.0,1.0,0.0,0.0,1.0,1.0,1.0,1.0
pr_auc,0,0.2,anomaly_detection,isolation_forest,residual,0.08787161877265523,0.0822097265752292,0.01709199531747037,0.19451098723572427,0.0734477885945234,0.1147960603087708,0.06664910352948496,0.1090941340158255
precision,0,0.2,anomaly_detection,isolation_forest,residual,0.0464231354642313,0.0464231354642313,0.0,0.0,0.0464231354642313,0.0464231354642313,0.0464231354642313,0.0464231354642313
recall,0,0.2,anomaly_detection,isolation_forest,residual,1.0,1.0,0.0,0.0,1.0,1.0,1.0,1.0
roc_auc,0,0.2,anomaly_detection,isolation_forest,residual,0.703926314549998,0.6744043803069355,0.07040254587609286,0.10001408445868287,0.664759495244201,0.8293080214043672,0.6165100079537646,0.7913426211462313
threshold,0,0.2,anomaly_detection,isolation_forest,residual,0.2937656541960819,0.2937656541960819,0.0,0.0,0.2937656541960819,0.2937656541960819,0.2937656541960819,0.2937656541960819
detection_latency,0,0.2,anomaly_detection,lstm_autoencoder,raw,1.3442622950819672,1.3442622950819672,0.0,0.0,1.3442622950819672,1.3442622950819672,1.3442622950819672,1.3442622950819672
f1,0,0.2,anomaly_detection,lstm_autoencoder,raw,0.5386064030131827,0.5386064030131827,0.0,0.0,0.5386064030131827,0.5386064030131827,0.5386064030131827,0.5386064030131827
false_positive_rate,0,0.2,anomaly_detection,lstm_autoencoder,raw,0.028731045490821998,0.028731045490822,3.878959614448864e-18,1.3500934435845645e-16,0.028731045490822,0.028731045490822,0.028731045490821998,0.028731045490821998
pr_auc,0,0.2,anomaly_detection,lstm_autoencoder,raw,0.561001698584242,0.561001698584242,0.0,0.0,0.561001698584242,0.561001698584242,0.561001698584242,0.561001698584242
precision,0,0.2,anomaly_detection,lstm_autoencoder,raw,0.4982578397212543,0.4982578397212543,0.0,0.0,0.4982578397212543,0.4982578397212543,0.4982578397212543,0.4982578397212543
recall,0,0.2,anomaly_detection,lstm_autoencoder,raw,0.5860655737704918,0.5860655737704918,0.0,0.0,0.5860655737704918,0.5860655737704918,0.5860655737704918,0.5860655737704918
roc_auc,0,0.2,anomaly_detection,lstm_autoencoder,raw,0.9493396177043947,0.9493396177043946,1.2412670766236366e-16,1.307505821388929e-16,0.9493396177043946,0.9493396177043946,0.9493396177043947,0.9493396177043947
threshold,0,0.2,anomaly_detection,lstm_autoencoder,raw,0.0007370078528765,0.0007370078528765,0.0,0.0,0.0007370078528765,0.0007370078528765,0.0007370078528765,0.0007370078528765
detection_latency,0,0.2,anomaly_detection,lstm_autoencoder,residual,0.0,0.0,0.0,0.0,0.0,0.0,0.0,0.0
f1,0,0.2,anomaly_detection,lstm_autoencoder,residual,0.13566041327790826,0.0887272727272727,0.10494569266877307,0.773591131952294,0.0887272727272727,0.3233929754804506,0.005353124924536046,0.2659677016312805
false_positive_rate,0,0.2,anomaly_detection,lstm_autoencoder,residual,0.8407422186751795,1.0,0.35611122498809505,0.4235676727989778,0.2037110933758978,1.0,0.39857173125122125,1.2829127060991379
pr_auc,0,0.2,anomaly_detection,lstm_autoencoder,residual,0.16120706823243167,0.1339307033653,0.0686466522897333,0.42582904733902327,0.1257191634219748,0.2837795341596269,0.07597099148705785,0.24644314497780548
precision,0,0.2,anomaly_detection,lstm_autoencoder,residual,0.07571558347019924,0.0464231354642313,0.06549990496872252,0.8650782569020616,0.0464231354642313,0.1928853754940711,-0.005613290415231342,0.15704445735562983
recall,0,0.2,anomaly_detection,lstm_autoencoder,residual,1.0,1.0,0.0,0.0,1.0,1.0,1.0,1.0
roc_auc,0,0.2,anomaly_detection,lstm_autoencoder,residual,0.7673362618240811,0.7393558737718001,0.07665438909302659,0.09989673746266968,0.720396458336059,0.9034571127654284,0.6721572665829667,0.8625152570651955
threshold,0,0.2,anomaly_detection,lstm_autoencoder,residual,0.0003816792741417,0.0003816792741417,0.0,0.0,0.0003816792741417,0.0003816792741417,0.0003816792741417,0.0003816792741417
mae,0,0.2,load_estimation,lstm,raw,0.28808951422973633,0.2858751653007538,0.007000509660562222,0.024299772517855967,0.2838839410983785,0.3004847857684677,0.27939723341513856,0.2967817950443341
mape,0,0.2,load_estimation,lstm,raw,9.217290977360546,9.171423424412827,0.2289424084064003,0.02483836183198808,9.048865167179498,9.608616446476796,8.933021431180256,9.501560523540837
r2,0,0.2,load_estimation,lstm,raw,0.9663058279752936,0.9667162541037416,0.0010734851975544972,0.0011109166130186519,0.9648298917345818,0.9675658160345202,0.9649729200528856,0.9676387358977017
rmse,0,0.2,load_estimation,lstm,raw,0.42771602478093806,0.4251460424393363,0.006800783921771484,0.0159002317606749,0.4196850795801488,0.4370276294053901,0.4192717362257114,0.43616031333616473
mae,0,0.2,load_estimation,persistence,raw,0.49111725732661454,0.4920262407335698,0.010348371115064859,0.021071080196603104,0.4770304416185826,0.5044602527420633,0.4782680574729868,0.5039664571802424
mape,0,0.2,load_estimation,persistence,raw,15.25062643053326,15.120578231514704,0.43624891651805436,0.02860531129689473,14.694883121170529,15.806540790489112,14.708951856637391,15.792301004429127
r2,0,0.2,load_estimation,persistence,raw,0.9179857937598589,0.917427434327094,0.0035379330093828236,0.003854017168274754,0.9131361021899016,0.922445136135814,0.9135928697140515,0.9223787178056663
rmse,0,0.2,load_estimation,persistence,raw,0.6663363725676157,0.6687250588465831,0.01436585362171062,0.02155946187712102,0.6480883699106799,0.6858819355980028,0.6484988093220725,0.6841739358131589
mae,0,0.2,load_estimation,xgboost,raw,0.28737321911065,0.2887814064684524,0.002865151400310139,0.009970140603835958,0.282902440660076,0.2895491203488824,0.2838156637674818,0.2909307744538182
mape,0,0.2,load_estimation,xgboost,raw,9.428734041905804,9.458809889812729,0.08789730908005375,0.009322281091968027,9.30155204264908,9.526777757360994,9.319595117682113,9.537872966129495
r2,0,0.2,load_estimation,xgboost,raw,0.9660609424960445,0.9657699790151596,0.0008441679177751404,0.0008738247046754992,0.9652399849900684,0.9673942360552856,0.9650127695841044,0.9671091154079845
rmse,0,0.2,load_estimation,xgboost,raw,0.42869901225104334,0.4305596137136838,0.005356007568935118,0.012493631699339385,0.4202201738784407,0.4338800542102681,0.42204865047858975,0.43534937402349694
detection_latency,1,0.0,anomaly_detection,isolation_forest,raw,3.2459016393442623,3.2459016393442623,0.0,0.0,3.2459016393442623,3.2459016393442623,3.2459016393442623,3.2459016393442623
f1,1,0.0,anomaly_detection,isolation_forest,raw,0.1176470588235294,0.1176470588235294,0.0,0.0,0.1176470588235294,0.1176470588235294,0.1176470588235294,0.1176470588235294
false_positive_rate,1,0.0,anomaly_detection,isolation_forest,raw,0.0438946528332003,0.0438946528332003,0.0,0.0,0.0438946528332003,0.0438946528332003,0.0438946528332003,0.0438946528332003
pr_auc,1,0.0,anomaly_detection,isolation_forest,raw,0.09385708598261,0.09385708598261,0.0,0.0,0.09385708598261,0.09385708598261,0.09385708598261,0.09385708598261
precision,1,0.0,anomaly_detection,isolation_forest,raw,0.1164658634538152,0.1164658634538152,0.0,0.0,0.1164658634538152,0.1164658634538152,0.1164658634538152,0.1164658634538152
recall,1,0.0,anomaly_detection,isolation_forest,raw,0.11885245901639338,0.1188524590163934,1.5515838457795457e-17,1.30547054610417e-16,0.1188524590163934,0.1188524590163934,0.11885245901639338,0.11885245901639338
roc_auc,1,0.0,anomaly_detection,isolation_forest,raw,0.7138596875695052,0.7138596875695052,0.0,0.0,0.7138596875695052,0.7138596875695052,0.7138596875695052,0.7138596875695052
threshold,1,0.0,anomaly_detection,isolation_forest,raw,0.5031683371451802,0.5031683371451802,0.0,0.0,0.5031683371451802,0.5031683371451802,0.5031683371451802,0.5031683371451802
detection_latency,1,0.0,anomaly_detection,isolation_forest,residual,0.0,0.0,0.0,0.0,0.0,0.0,0.0,0.0
f1,1,0.0,anomaly_detection,isolation_forest,residual,0.0887272727272727,0.0887272727272727,0.0,0.0,0.0887272727272727,0.0887272727272727,0.0887272727272727,0.0887272727272727
false_positive_rate,1,0.0,anomaly_detection,isolation_forest,residual,1.0,1.0,0.0,0.0,1.0,1.0,1.0,1.0
pr_auc,1,0.0,anomaly_detection,isolation_forest,residual,0.26922035048714105,0.0872394700315926,0.4085339467185911,1.517470525461277,0.0821393508125507,1.0,-0.23804154319742837,0.7764822441717105
precision,1,0.0,anomaly_detection,isolation_forest,residual,0.0464231354642313,0.0464231354642313,0.0,0.0,0.0464231354642313,0.0464231354642313,0.0464231354642313,0.0464231354642313
recall,1,0.0,anomaly_detection,isolation_forest,residual,1.0,1.0,0.0,0.0,1.0,1.0,1.0,1.0
roc_auc,1,0.0,anomaly_detection,isolation_forest,residual,0.7501365575078827,0.6877706618868814,0.13970387261091521,0.18623792056614594,0.6846846257506575,1.0,0.5766712884772643,0.923601826538501
threshold,1,0.0,anomaly_detection,isolation_forest,residual,0.2937656541960819,0.2937656541960819,0.0,0.0,0.2937656541960819,0.2937656541960819,0.2937656541960819,0.2937656541960819
detection_latency,1,0.0,anomaly_detection,lstm_autoencoder,raw,1.3442622950819672,1.3442622950819672,0.0,0.0,1.3442622950819672,1.3442622950819672,1.3442622950819672,1.3442622950819672
f1,1,0.0,anomaly_detection,lstm_autoencoder,raw,0.5386064030131827,0.5386064030131827,0.0,0.0,0.5386064030131827,0.5386064030131827,0.5386064030131827,0.5386064030131827
false_positive_rate,1,0.0,anomaly_detection,lstm_autoencoder,raw,0.028731045490821998,0.028731045490822,3.878959614448864e-18,1.3500934435845645e-16,0.028731045490822,0.028731045490822,0.028731045490821998,0.028731045490821998
pr_auc,1,0.0,anomaly_detection,lstm_autoencoder,raw,0.561001698584242,0.561001698584242,0.0,0.0,0.561001698584242,0.561001698584242,0.561001698584242,0.561001698584242
precision,1,0.0,anomaly_detection,lstm_autoencoder,raw,0.4982578397212543,0.4982578397212543,0.0,0.0,0.4982578397212543,0.4982578397212543,0.4982578397212543,0.4982578397212543
recall,1,0.0,anomaly_detection,lstm_autoencoder,raw,0.5860655737704918,0.5860655737704918,0.0,0.0,0.5860655737704918,0.5860655737704918,0.5860655737704918,0.5860655737704918
roc_auc,1,0.0,anomaly_detection,lstm_autoencoder,raw,0.9493396177043947,0.9493396177043946,1.2412670766236366e-16,1.307505821388929e-16,0.9493396177043946,0.9493396177043946,0.9493396177043947,0.9493396177043947
threshold,1,0.0,anomaly_detection,lstm_autoencoder,raw,0.0007370078528765,0.0007370078528765,0.0,0.0,0.0007370078528765,0.0007370078528765,0.0007370078528765,0.0007370078528765
detection_latency,1,0.0,anomaly_detection,lstm_autoencoder,residual,0.0,0.0,0.0,0.0,0.0,0.0,0.0,0.0
f1,1,0.0,anomaly_detection,lstm_autoencoder,residual,0.26657300054654764,0.0887272727272727,0.39767513691182405,1.4918057571339975,0.0887272727272727,0.9779559118236472,-0.22720589993761703,0.7603519010307123
false_positive_rate,1,0.0,anomaly_detection,lstm_autoencoder,residual,0.8004389465283321,1.0,0.44623208122412,0.5574842193268081,0.00219473264166,1.0,0.24636863642880447,1.3545092566278598
pr_auc,1,0.0,anomaly_detection,lstm_autoencoder,residual,0.30478898546061217,0.1319000209425614,0.3886694257893465,1.2752082402255123,0.1234193205004322,1.0,-0.17780784774454894,0.7873858186657733
precision,1,0.0,anomaly_detection,lstm_autoencoder,residual,0.22851105739099284,0.0464231354642313,0.40716097130991336,1.7817998654360185,0.0464231354642313,0.9568627450980391,-0.27704606215820227,0.734068176940188
recall,1,0.0,anomaly_detection,lstm_autoencoder,residual,1.0,1.0,0.0,0.0,1.0,1.0,1.0,1.0
roc_auc,1,0.0,anomaly_detection,lstm_autoencoder,residual,0.7900206716993967,0.7428769314301413,0.11796899917061819,0.14932393973547248,0.7175696361519239,1.0,0.6435428125251104,0.9364985308736831
threshold,1,0.0,anomaly_detection,lstm_autoencoder,residual,0.0003816792741417,0.0003816792741417,0.0,0.0,0.0003816792741417,0.0003816792741417,0.0003816792741417,0.0003816792741417
mae,1,0.0,load_estimation,lstm,raw,0.2773615319938886,0.2762261204479895,0.001906056605202803,0.00687210151855089,0.2758453186169287,0.2799320810273526,0.27499485012866975,0.2797282138591074
mape,1,0.0,load_estimation,lstm,raw,8.970306625672242,8.950627129882083,0.0911558881125032,0.010161958996097517,8.868861318649634,9.118982639637077,8.857121641178656,9.083491610165828
r2,1,0.0,load_estimation,lstm,raw,0.9679225420744973,0.9677789047373696,0.0008580872442256125,0.0008865247030888642,0.9670456810550092,0.9692158273028284,0.9668570860360245,0.9689879981129702
rmse,1,0.0,load_estimation,lstm,raw,0.4173406710380522,0.4183041673895866,0.005602514201213339,0.013424318764040405,0.4088705073983315,0.4230368621902369,0.4103842308549803,0.4242971112211241
mae,1,0.0,load_estimation,persistence,raw,0.4445260534797266,0.4492700455803849,0.01272847735851252,0.02863381630587154,0.4259453912122427,0.4591450760399007,0.42872156139170986,0.4603305455677434
mape,1,0.0,load_estimation,persistence,raw,14.067555923930007,14.12149407205246,0.5370096105136738,0.03817362542701385,13.286006475148488,14.73210135971861,13.400770423865753,14.73434142399426
r2,1,0.0,load_estimation,persistence,raw,0.9321201123482099,0.930782228617953,0.004192697611570927,0.004498022900727488,0.9266422537549912,0.9374618546027488,0.9269141906685674,0.9373260340278524
rmse,1,0.0,load_estimation,persistence,raw,0.6060858631608708,0.6122637034975102,0.01874539302921505,0.03092860957266634,0.5819721564703912,0.630307824152761,0.5828103835043147,0.6293613428174268
mae,1,0.0,load_estimation,xgboost,raw,0.2738729743425886,0.2734339335193372,0.0010712407245669134,0.003911451018992823,0.2727781880981483,0.2750232725927274,0.27254285330148414,0.2752030953836931
mape,1,0.0,load_estimation,xgboost,raw,9.059663064081995,9.063484965162122,0.055251002076948524,0.006098571402285041,9.005682087543944,9.136281172616451,8.991059883938368,9.128266244225623
r2,1,0.0,load_estimation,xgboost,raw,0.9687939977506609,0.9686862373860586,0.000443682793823994,0.0004579743421760804,0.9682775676298728,0.9693218282677428,0.9682430927989472,0.9693449027023746
rmse,1,0.0,load_estimation,xgboost,raw,0.4110929118211143,0.4118104239968307,0.0029237994928253104,0.007112259561647689,0.4076096387383497,0.4144889415427226,0.40746253525290665,0.41472328838932193
detection_latency,1,0.05,anomaly_detection,isolation_forest,raw,3.2459016393442623,3.2459016393442623,0.0,0.0,3.2459016393442623,3.2459016393442623,3.2459016393442623,3.2459016393442623
f1,1,0.05,anomaly_detection,isolation_forest,raw,0.1176470588235294,0.1176470588235294,0.0,0.0,0.1176470588235294,0.1176470588235294,0.1176470588235294,0.1176470588235294
false_positive_rate,1,0.05,anomaly_detection,isolation_forest,raw,0.0438946528332003,0.0438946528332003,0.0,0.0,0.0438946528332003,0.0438946528332003,0.0438946528332003,0.0438946528332003
pr_auc,1,0.05,anomaly_detection,isolation_forest,raw,0.09385708598261,0.09385708598261,0.0,0.0,0.09385708598261,0.09385708598261,0.09385708598261,0.09385708598261
precision,1,0.05,anomaly_detection,isolation_forest,raw,0.1164658634538152,0.1164658634538152,0.0,0.0,0.1164658634538152,0.1164658634538152,0.1164658634538152,0.1164658634538152
recall,1,0.05,anomaly_detection,isolation_forest,raw,0.11885245901639338,0.1188524590163934,1.5515838457795457e-17,1.30547054610417e-16,0.1188524590163934,0.1188524590163934,0.11885245901639338,0.11885245901639338
roc_auc,1,0.05,anomaly_detection,isolation_forest,raw,0.7138596875695052,0.7138596875695052,0.0,0.0,0.7138596875695052,0.7138596875695052,0.7138596875695052,0.7138596875695052
threshold,1,0.05,anomaly_detection,isolation_forest,raw,0.5031683371451802,0.5031683371451802,0.0,0.0,0.5031683371451802,0.5031683371451802,0.5031683371451802,0.5031683371451802
detection_latency,1,0.05,anomaly_detection,isolation_forest,residual,0.0,0.0,0.0,0.0,0.0,0.0,0.0,0.0
f1,1,0.05,anomaly_detection,isolation_forest,residual,0.0887272727272727,0.0887272727272727,0.0,0.0,0.0887272727272727,0.0887272727272727,0.0887272727272727,0.0887272727272727
false_positive_rate,1,0.05,anomaly_detection,isolation_forest,residual,1.0,1.0,0.0,0.0,1.0,1.0,1.0,1.0
pr_auc,1,0.05,anomaly_detection,isolation_forest,residual,0.12824243695168772,0.0830385040627969,0.09873963428953625,0.7699450871066499,0.0793752272834529,0.3046980188968922,0.00564098785856465,0.2508438860448108
precision,1,0.05,anomaly_detection,isolation_forest,residual,0.0464231354642313,0.0464231354642313,0.0,0.0,0.0464231354642313,0.0464231354642313,0.0464231354642313,0.0464231354642313
recall,1,0.05,anomaly_detection,isolation_forest,residual,1.0,1.0,0.0,0.0,1.0,1.0,1.0,1.0
roc_auc,1,0.05,anomaly_detection,isolation_forest,residual,0.7378471177371031,0.687461158792668,0.11957860207696745,0.16206419894097035,0.6778134117462353,0.9515973139874138,0.5893706725825988,0.8863235628916074
threshold,1,0.05,anomaly_detection,isolation_forest,residual,0.2937656541960819,0.2937656541960819,0.0,0.0,0.2937656541960819,0.2937656541960819,0.2937656541960819,0.2937656541960819
detection_latency,1,0.05,anomaly_detection,lstm_autoencoder,raw,1.3442622950819672,1.3442622950819672,0.0,0.0,1.3442622950819672,1.3442622950819672,1.3442622950819672,1.3442622950819672
f1,1,0.05,anomaly_detection,lstm_autoencoder,raw,0.5386064030131827,0.5386064030131827,0.0,0.0,0.5386064030131827,0.5386064030131827,0.5386064030131827,0.5386064030131827
false_positive_rate,1,0.05,anomaly_detection,lstm_autoencoder,raw,0.028731045490821998,0.028731045490822,3.878959614448864e-18,1.3500934435845645e-16,0.028731045490822,0.028731045490822,0.028731045490821998,0.028731045490821998
pr_auc,1,0.05,anomaly_detection,lstm_autoencoder,raw,0.561001698584242,0.561001698584242,0.0,0.0,0.561001698584242,0.561001698584242,0.561001698584242,0.561001698584242
precision,1,0.05,anomaly_detection,lstm_autoencoder,raw,0.4982578397212543,0.4982578397212543,0.0,0.0,0.4982578397212543,0.4982578397212543,0.4982578397212543,0.4982578397212543
recall,1,0.05,anomaly_detection,lstm_autoencoder,raw,0.5860655737704918,0.5860655737704918,0.0,0.0,0.5860655737704918,0.5860655737704918,0.5860655737704918,0.5860655737704918
roc_auc,1,0.05,anomaly_detection,lstm_autoencoder,raw,0.9493396177043947,0.9493396177043946,1.2412670766236366e-16,1.307505821388929e-16,0.9493396177043946,0.9493396177043946,0.9493396177043947,0.9493396177043947
threshold,1,0.05,anomaly_detection,lstm_autoencoder,raw,0.0007370078528765,0.0007370078528765,0.0,0.0,0.0007370078528765,0.0007370078528765,0.0007370078528765,0.0007370078528765
detection_latency,1,0.05,anomaly_detection,lstm_autoencoder,residual,0.0,0.0,0.0,0.0,0.0,0.0,0.0,0.0
f1,1,0.05,anomaly_detection,lstm_autoencoder,residual,0.19940287081339708,0.0887272727272727,0.2474781607710198,1.2410962779097197,0.0887272727272727,0.6421052631578947,-0.1078818517576613,0.5066875933844555
false_positive_rate,1,0.05,anomaly_detection,lstm_autoencoder,residual,0.8108539505187551,1.0,0.4229434243156027,0.5216024711293801,0.0542697525937749,1.0,0.2857003272690527,1.3360075737684576
pr_auc,1,0.05,anomaly_detection,lstm_autoencoder,residual,0.21241487516806545,0.1327603159226355,0.18263177202717118,0.8597880533680634,0.1244604876873564,0.5390090549140275,-0.01435242108623025,0.43918217142236116
precision,1,0.05,anomaly_detection,lstm_autoencoder,residual,0.13171215178223775,0.0464231354642313,0.19071203822115124,1.4479456575613399,0.0464231354642313,0.4728682170542636,-0.105088120101026,0.3685124236655015
recall,1,0.05,anomaly_detection,lstm_autoencoder,residual,1.0,1.0,0.0,0.0,1.0,1.0,1.0,1.0
roc_auc,1,0.05,anomaly_detection,lstm_autoencoder,residual,0.7839514672981565,0.7422898159172084,0.10660402432038998,0.13598293869873682,0.7180103816414376,0.9736051509164888,0.6515850882358898,0.9163178463604231
threshold,1,0.05,anomaly_detection,lstm_autoencoder,residual,0.0003816792741417,0.0003816792741417,0.0,0.0,0.0003816792741417,0.0003816792741417,0.0003816792741417,0.0003816792741417
mae,1,0.05,load_estimation,lstm,raw,0.2785847869494347,0.2773588653643182,0.00289365019536606,0.010386964152106696,0.2761001738403031,0.2828327607133524,0.2749918456784534,0.28217772822041604
mape,1,0.05,load_estimation,lstm,raw,9.001818912346518,8.959365985897191,0.1209595279454286,0.013437231866498176,8.887366841945836,9.206101408408946,8.851627821256958,9.152010003436079
r2,1,0.05,load_estimation,lstm,raw,0.9677356006698992,0.967610011207845,0.0007564325933362497,0.0007816521297889853,0.9670390806216465,0.9690171804615724,0.9667963655516857,0.9686748357881126
rmse,1,0.05,load_estimation,lstm,raw,0.41856188242041836,0.4193990483729569,0.0049361027583134185,0.011793005922492059,0.4101875840236717,0.4230792251779763,0.4124329013339863,0.4246908635068504
mae,1,0.05,load_estimation,persistence,raw,0.4540882228875088,0.458412524329745,0.012194000497984091,0.026853813605742665,0.4356026972220187,0.4680887091468277,0.43894737147508317,0.4692290742999344
mape,1,0.05,load_estimation,persistence,raw,14.302282369501066,14.26211453849884,0.5020325086703056,0.035101566008853655,13.591749779884216,14.953406180024844,13.678926677557229,14.925638061444904
r2,1,0.05,load_estimation,persistence,raw,0.9293662886663011,0.9280887003275624,0.003923549230995369,0.004221746881550769,0.9244997328237532,0.9347585141418276,0.9244945588409941,0.9342380184916081
rmse,1,0.05,load_estimation,persistence,raw,0.6183021655746753,0.6240627737593011,0.017236071283769548,0.027876453040965234,0.5944175588253224,0.6394461138391615,0.5969007563911449,0.6397035747582057
mae,1,0.05,load_estimation,xgboost,raw,0.2761556960268107,0.2751175934275898,0.0020336716530773347,0.007364221279288386,0.2741973286259301,0.2788980480289169,0.2736305591510171,0.27868083290260437
mape,1,0.05,load_estimation,xgboost,raw,9.128556110574369,9.125493651918465,0.07895239735339227,0.008648946930603309,9.035813246854516,9.23864215576086,9.030523761208784,9.226588459939954
r2,1,0.05,load_estimation,xgboost,raw,0.9683367488773793,0.9682650197839812,0.0005093838454655551,0.0005260399815003391,0.9677920456661242,0.9689826160654416,0.9677042652951982,0.9689692324595605
rmse,1,0.05,load_estimation,xgboost,raw,0.41409139299087433,0.4145709092350699,0.003333443179267067,0.00805001802908888,0.4098569378381199,0.4176488394898681,0.4099523766051205,0.41823040937662814
detection_latency,1,0.1,anomaly_detection,isolation_forest,raw,3.2459016393442623,3.2459016393442623,0.0,0.0,3.2459016393442623,3.2459016393442623,3.2459016393442623,3.2459016393442623
f1,1,0.1,anomaly_detection,isolation_forest,raw,0.1176470588235294,0.1176470588235294,0.0,0.0,0.1176470588235294,0.1176470588235294,0.1176470588235294,0.1176470588235294
false_positive_rate,1,0.1,anomaly_detection,isolation_forest,raw,0.0438946528332003,0.0438946528332003,0.0,0.0,0.0438946528332003,0.0438946528332003,0.0438946528332003,0.0438946528332003
pr_auc,1,0.1,anomaly_detection,isolation_forest,raw,0.09385708598261,0.09385708598261,0.0,0.0,0.09385708598261,0.09385708598261,0.09385708598261,0.09385708598261
precision,1,0.1,anomaly_detection,isolation_forest,raw,0.1164658634538152,0.1164658634538152,0.0,0.0,0.1164658634538152,0.1164658634538152,0.1164658634538152,0.1164658634538152
recall,1,0.1,anomaly_detection,isolation_forest,raw,0.11885245901639338,0.1188524590163934,1.5515838457795457e-17,1.30547054610417e-16,0.1188524590163934,0.1188524590163934,0.11885245901639338,0.11885245901639338
roc_auc,1,0.1,anomaly_detection,isolation_forest,raw,0.7138596875695052,0.7138596875695052,0.0,0.0,0.7138596875695052,0.7138596875695052,0.7138596875695052,0.7138596875695052
threshold,1,0.1,anomaly_detection,isolation_forest,raw,0.5031683371451802,0.5031683371451802,0.0,0.0,0.5031683371451802,0.5031683371451802,0.5031683371451802,0.5031683371451802
detection_latency,1,0.1,anomaly_detection,isolation_forest,residual,0.0,0.0,0.0,0.0,0.0,0.0,0.0,0.0
f1,1,0.1,anomaly_detection,isolation_forest,residual,0.0887272727272727,0.0887272727272727,0.0,0.0,0.0887272727272727,0.0887272727272727,0.0887272727272727,0.0887272727272727
false_positive_rate,1,0.1,anomaly_detection,isolation_forest,residual,1.0,1.0,0.0,0.0,1.0,1.0,1.0,1.0
pr_auc,1,0.1,anomaly_detection,isolation_forest,residual,0.10384701581900906,0.0803766725270241,0.05139529839543365,0.49491358023237303,0.0769518227540945,0.1955281123000514,0.04003132412445941,0.16766270751355872
precision,1,0.1,anomaly_detection,isolation_forest,residual,0.0464231354642313,0.0464231354642313,0.0,0.0,0.0464231354642313,0.0464231354642313,0.0464231354642313,0.0464231354642313
recall,1,0.1,anomaly_detection,isolation_forest,residual,1.0,1.0,0.0,0.0,1.0,1.0,1.0,1.0
roc_auc,1,0.1,anomaly_detection,isolation_forest,residual,0.7254913617154892,0.6833713840880249,0.10304587261135016,0.14203597458099154,0.6711474428584512,0.909603018329779,0.5975430115304845,0.853439711900494
threshold,1,0.1,anomaly_detection,isolation_forest,residual,0.2937656541960819,0.2937656541960819,0.0,0.0,0.2937656541960819,0.2937656541960819,0.2937656541960819,0.2937656541960819
detection_latency,1,0.1,anomaly_detection,lstm_autoencoder,raw,1.3442622950819672,1.3442622950819672,0.0,0.0,1.3442622950819672,1.3442622950819672,1.3442622950819672,1.3442622950819672
f1,1,0.1,anomaly_detection,lstm_autoencoder,raw,0.5386064030131827,0.5386064030131827,0.0,0.0,0.5386064030131827,0.5386064030131827,0.5386064030131827,0.5386064030131827
false_positive_rate,1,0.1,anomaly_detection,lstm_autoencoder,raw,0.028731045490821998,0.028731045490822,3.878959614448864e-18,1.3500934435845645e-16,0.028731045490822,0.028731045490822,0.028731045490821998,0.028731045490821998
pr_auc,1,0.1,anomaly_detection,lstm_autoencoder,raw,0.561001698584242,0.561001698584242,0.0,0.0,0.561001698584242,0.561001698584242,0.561001698584242,0.561001698584242
precision,1,0.1,anomaly_detection,lstm_autoencoder,raw,0.4982578397212543,0.4982578397212543,0.0,0.0,0.4982578397212543,0.4982578397212543,0.4982578397212543,0.4982578397212543
recall,1,0.1,anomaly_detection,lstm_autoencoder,raw,0.5860655737704918,0.5860655737704918,0.0,0.0,0.5860655737704918,0.5860655737704918,0.5860655737704918,0.5860655737704918
roc_auc,1,0.1,anomaly_detection,lstm_autoencoder,raw,0.9493396177043947,0.9493396177043946,1.2412670766236366e-16,1.307505821388929e-16,0.9493396177043946,0.9493396177043946,0.9493396177043947,0.9493396177043947
threshold,1,0.1,anomaly_detection,lstm_autoencoder,raw,0.0007370078528765,0.0007370078528765,0.0,0.0,0.0007370078528765,0.0007370078528765,0.0007370078528765,0.0007370078528765
detection_latency,1,0.1,anomaly_detection,lstm_autoencoder,residual,0.0,0.0,0.0,0.0,0.0,0.0,0.0,0.0
f1,1,0.1,anomaly_detection,lstm_autoencoder,residual,0.16799971082595333,0.0887272727272727,0.17725856033079412,1.0551122942969402,0.0887272727272727,0.485089463220676,-0.05209586191022364,0.3880952835621303
false_positive_rate,1,0.1,anomaly_detection,lstm_autoencoder,residual,0.8206703910614526,1.0,0.4009931959650462,0.48861662408266343,0.1033519553072625,1.0,0.32277157610698787,1.3185692060159173
pr_auc,1,0.1,anomaly_detection,lstm_autoencoder,residual,0.18466979228069344,0.1323143299181876,0.12124566115624828,0.6565538394712543,0.1260272821177377,0.4014183782332302,0.03412341988456738,0.3352161646768195
precision,1,0.1,anomaly_detection,lstm_autoencoder,residual,0.10118050312204119,0.0464231354642313,0.12244119635181139,1.2101263837769825,0.0464231354642313,0.3202099737532808,-0.050850322285001054,0.25321132852908346
recall,1,0.1,anomaly_detection,lstm_autoencoder,residual,1.0,1.0,0.0,0.0,1.0,1.0,1.0,1.0
roc_auc,1,0.1,anomaly_detection,lstm_autoencoder,residual,0.7791534742846676,0.7435891565161645,0.09622561898518502,0.12350021165410154,0.7207071879947144,0.9503086036136223,0.6596735874858908,0.8986333610834445
threshold,1,0.1,anomaly_detection,lstm_autoencoder,residual,0.0003816792741417,0.0003816792741417,0.0,0.0,0.0003816792741417,0.0003816792741417,0.0003816792741417,0.0003816792741417
mae,1,0.1,load_estimation,lstm,raw,0.28027284914418016,0.2788088297310874,0.0036379853828637076,0.012980156279755184,0.2775761650598644,0.2865765784316643,0.2757556936682868,0.28479000462007353
mape,1,0.1,load_estimation,lstm,raw,9.040592606236435,9.013588747109727,0.14819591841187812,0.01639227923063901,8.915641155955338,9.292334234355447,8.856583069663664,9.224602142809207
r2,1,0.1,load_estimation,lstm,raw,0.9675008466108437,0.967499788270424,0.0007856060342971957,0.0008119951905460076,0.9667123392037508,0.9687679689712984,0.9665253878812852,0.9684763053404022
rmse,1,0.1,load_estimation,lstm,raw,0.4200804325477199,0.4201120485262901,0.005100996640053985,0.012142904655466252,0.4118339597188782,0.4251710449631362,0.41374670866480645,0.4264141564306333
mae,1,0.1,load_estimation,persistence,raw,0.46465249758106025,0.4684022513177115,0.01269198395143877,0.02731500210912911,0.4461507113193994,0.4804504230232906,0.44889331804277877,0.48041167711934174
mape,1,0.1,load_estimation,persistence,raw,14.555879522929075,14.518688649007425,0.4991194831173156,0.03428988831152938,13.884994864836248,15.22745767394809,13.936140829940232,15.175618215917918
r2,1,0.1,load_estimation,persistence,raw,0.9262937856995068,0.9252328903378793,0.004258330619319184,0.004597170665571757,0.9204742000614116,0.931747989030246,0.9210063698770494,0.9315812015219642
rmse,1,0.1,load_estimation,persistence,raw,0.6315922888225298,0.6363338175136465,0.018246687023019743,0.02888997751545832,0.6079773975561282,0.6562717822003715,0.6089360344595544,0.6542485431855053
mae,1,0.1,load_estimation,xgboost,raw,0.2784630560983805,0.2790433718869675,0.0016922692784809876,0.006077176995009032,0.276428066477565,0.2804414209210891,0.2763618262600244,0.2805642859367366
mape,1,0.1,load_estimation,xgboost,raw,9.190897294131663,9.2173995008991,0.06872298581307089,0.007477287974586566,9.102831471917636,9.272038610209748,9.105566436798505,9.27622815146482
r2,1,0.1,load_estimation,xgboost,raw,0.9679255847084484,0.9676889470864276,0.0005334251360373523,0.0005511013909173883,0.967424688281706,0.9686579266356616,0.9672632499212939,0.9685879194956029
rmse,1,0.1,load_estimation,xgboost,raw,0.41677055332693846,0.4183167583288753,0.0034719578648047473,0.008330621818382516,0.4119965406943331,0.4200238952517275,0.41245954824293,0.4210815584109469
detection_latency,1,0.2,anomaly_detection,isolation_forest,raw,3.2459016393442623,3.2459016393442623,0.0,0.0,3.2459016393442623,3.2459016393442623,3.2459016393442623,3.2459016393442623
f1,1,0.2,anomaly_detection,isolation_forest,raw,0.1176470588235294,0.1176470588235294,0.0,0.0,0.1176470588235294,0.1176470588235294,0.1176470588235294,0.1176470588235294
false_positive_rate,1,0.2,anomaly_detection,isolation_forest,raw,0.0438946528332003,0.0438946528332003,0.0,0.0,0.0438946528332003,0.0438946528332003,0.0438946528332003,0.0438946528332003
pr_auc,1,0.2,anomaly_detection,isolation_forest,raw,0.09385708598261,0.09385708598261,0.0,0.0,0.09385708598261,0.09385708598261,0.09385708598261,0.09385708598261
precision,1,0.2,anomaly_detection,isolation_forest,raw,0.1164658634538152,0.1164658634538152,0.0,0.0,0.1164658634538152,0.1164658634538152,0.1164658634538152,0.1164658634538152
recall,1,0.2,anomaly_detection,isolation_forest,raw,0.11885245901639338,0.1188524590163934,1.5515838457795457e-17,1.30547054610417e-16,0.1188524590163934,0.1188524590163934,0.11885245901639338,0.11885245901639338
roc_auc,1,0.2,anomaly_detection,isolation_forest,raw,0.7138596875695052,0.7138596875695052,0.0,0.0,0.7138596875695052,0.7138596875695052,0.7138596875695052,0.7138596875695052
threshold,1,0.2,anomaly_detection,isolation_forest,raw,0.5031683371451802,0.5031683371451802,0.0,0.0,0.5031683371451802,0.5031683371451802,0.5031683371451802,0.5031683371451802
detection_latency,1,0.2,anomaly_detection,isolation_forest,residual,0.0,0.0,0.0,0.0,0.0,0.0,0.0,0.0
f1,1,0.2,anomaly_detection,isolation_forest,residual,0.0887272727272727,0.0887272727272727,0.0,0.0,0.0887272727272727,0.0887272727272727,0.0887272727272727,0.0887272727272727
false_positive_rate,1,0.2,anomaly_detection,isolation_forest,residual,1.0,1.0,0.0,0.0,1.0,1.0,1.0,1.0
pr_auc,1,0.2,anomaly_detection,isolation_forest,residual,0.08787161877265523,0.0822097265752292,0.01709199531747037,0.19451098723572427,0.0734477885945234,0.1147960603087708,0.06664910352948496,0.1090941340158255
precision,1,0.2,anomaly_detection,isolation_forest,residual,0.0464231354642313,0.0464231354642313,0.0,0.0,0.0464231354642313,0.0464231354642313,0.0464231354642313,0.0464231354642313
recall,1,0.2,anomaly_detection,isolation_forest,residual,1.0,1.0,0.0,0.0,1.0,1.0,1.0,1.0
roc_auc,1,0.2,anomaly_detection,isolation_forest,residual,0.703926314549998,0.6744043803069355,0.07040254587609286,0.10001408445868287,0.664759495244201,0.8293080214043672,0.6165100079537646,0.7913426211462313
threshold,1,0.2,anomaly_detection,isolation_forest,residual,0.2937656541960819,0.2937656541960819,0.0,0.0,0.2937656541960819,0.2937656541960819,0.2937656541960819,0.2937656541960819
detection_latency,1,0.2,anomaly_detection,lstm_autoencoder,raw,1.3442622950819672,1.3442622950819672,0.0,0.0,1.3442622950819672,1.3442622950819672,1.3442622950819672,1.3442622950819672
f1,1,0.2,anomaly_detection,lstm_autoencoder,raw,0.5386064030131827,0.5386064030131827,0.0,0.0,0.5386064030131827,0.5386064030131827,0.5386064030131827,0.5386064030131827
false_positive_rate,1,0.2,anomaly_detection,lstm_autoencoder,raw,0.028731045490821998,0.028731045490822,3.878959614448864e-18,1.3500934435845645e-16,0.028731045490822,0.028731045490822,0.028731045490821998,0.028731045490821998
pr_auc,1,0.2,anomaly_detection,lstm_autoencoder,raw,0.561001698584242,0.561001698584242,0.0,0.0,0.561001698584242,0.561001698584242,0.561001698584242,0.561001698584242
precision,1,0.2,anomaly_detection,lstm_autoencoder,raw,0.4982578397212543,0.4982578397212543,0.0,0.0,0.4982578397212543,0.4982578397212543,0.4982578397212543,0.4982578397212543
recall,1,0.2,anomaly_detection,lstm_autoencoder,raw,0.5860655737704918,0.5860655737704918,0.0,0.0,0.5860655737704918,0.5860655737704918,0.5860655737704918,0.5860655737704918
roc_auc,1,0.2,anomaly_detection,lstm_autoencoder,raw,0.9493396177043947,0.9493396177043946,1.2412670766236366e-16,1.307505821388929e-16,0.9493396177043946,0.9493396177043946,0.9493396177043947,0.9493396177043947
threshold,1,0.2,anomaly_detection,lstm_autoencoder,raw,0.0007370078528765,0.0007370078528765,0.0,0.0,0.0007370078528765,0.0007370078528765,0.0007370078528765,0.0007370078528765
detection_latency,1,0.2,anomaly_detection,lstm_autoencoder,residual,0.0,0.0,0.0,0.0,0.0,0.0,0.0,0.0
f1,1,0.2,anomaly_detection,lstm_autoencoder,residual,0.13566041327790826,0.0887272727272727,0.10494569266877307,0.773591131952294,0.0887272727272727,0.3233929754804506,0.005353124924536046,0.2659677016312805
false_positive_rate,1,0.2,anomaly_detection,lstm_autoencoder,residual,0.8407422186751795,1.0,0.35611122498809505,0.4235676727989778,0.2037110933758978,1.0,0.39857173125122125,1.2829127060991379
pr_auc,1,0.2,anomaly_detection,lstm_autoencoder,residual,0.16120706823243167,0.1339307033653,0.0686466522897333,0.42582904733902327,0.1257191634219748,0.2837795341596269,0.07597099148705785,0.24644314497780548
precision,1,0.2,anomaly_detection,lstm_autoencoder,residual,0.07571558347019924,0.0464231354642313,0.06549990496872252,0.8650782569020616,0.0464231354642313,0.1928853754940711,-0.005613290415231342,0.15704445735562983
recall,1,0.2,anomaly_detection,lstm_autoencoder,residual,1.0,1.0,0.0,0.0,1.0,1.0,1.0,1.0
roc_auc,1,0.2,anomaly_detection,lstm_autoencoder,residual,0.7673362618240811,0.7393558737718001,0.07665438909302659,0.09989673746266968,0.720396458336059,0.9034571127654284,0.6721572665829667,0.8625152570651955
threshold,1,0.2,anomaly_detection,lstm_autoencoder,residual,0.0003816792741417,0.0003816792741417,0.0,0.0,0.0003816792741417,0.0003816792741417,0.0003816792741417,0.0003816792741417
mae,1,0.2,load_estimation,lstm,raw,0.28808951422973633,0.2858751653007538,0.007000509660562222,0.024299772517855967,0.2838839410983785,0.3004847857684677,0.27939723341513856,0.2967817950443341
mape,1,0.2,load_estimation,lstm,raw,9.217290977360546,9.171423424412827,0.2289424084064003,0.02483836183198808,9.048865167179498,9.608616446476796,8.933021431180256,9.501560523540837
r2,1,0.2,load_estimation,lstm,raw,0.9663058279752936,0.9667162541037416,0.0010734851975544972,0.0011109166130186519,0.9648298917345818,0.9675658160345202,0.9649729200528856,0.9676387358977017
rmse,1,0.2,load_estimation,lstm,raw,0.42771602478093806,0.4251460424393363,0.006800783921771484,0.0159002317606749,0.4196850795801488,0.4370276294053901,0.4192717362257114,0.43616031333616473
mae,1,0.2,load_estimation,persistence,raw,0.49111725732661454,0.4920262407335698,0.010348371115064859,0.021071080196603104,0.4770304416185826,0.5044602527420633,0.4782680574729868,0.5039664571802424
mape,1,0.2,load_estimation,persistence,raw,15.25062643053326,15.120578231514704,0.43624891651805436,0.02860531129689473,14.694883121170529,15.806540790489112,14.708951856637391,15.792301004429127
r2,1,0.2,load_estimation,persistence,raw,0.9179857937598589,0.917427434327094,0.0035379330093828236,0.003854017168274754,0.9131361021899016,0.922445136135814,0.9135928697140515,0.9223787178056663
rmse,1,0.2,load_estimation,persistence,raw,0.6663363725676157,0.6687250588465831,0.01436585362171062,0.02155946187712102,0.6480883699106799,0.6858819355980028,0.6484988093220725,0.6841739358131589
mae,1,0.2,load_estimation,xgboost,raw,0.28737321911065,0.2887814064684524,0.002865151400310139,0.009970140603835958,0.282902440660076,0.2895491203488824,0.2838156637674818,0.2909307744538182
mape,1,0.2,load_estimation,xgboost,raw,9.428734041905804,9.458809889812729,0.08789730908005375,0.009322281091968027,9.30155204264908,9.526777757360994,9.319595117682113,9.537872966129495
r2,1,0.2,load_estimation,xgboost,raw,0.9660609424960445,0.9657699790151596,0.0008441679177751404,0.0008738247046754992,0.9652399849900684,0.9673942360552856,0.9650127695841044,0.9671091154079845
rmse,1,0.2,load_estimation,xgboost,raw,0.42869901225104334,0.4305596137136838,0.005356007568935118,0.012493631699339385,0.4202201738784407,0.4338800542102681,0.42204865047858975,0.43534937402349694
detection_latency,5,0.0,anomaly_detection,isolation_forest,raw,3.2459016393442623,3.2459016393442623,0.0,0.0,3.2459016393442623,3.2459016393442623,3.2459016393442623,3.2459016393442623
f1,5,0.0,anomaly_detection,isolation_forest,raw,0.1176470588235294,0.1176470588235294,0.0,0.0,0.1176470588235294,0.1176470588235294,0.1176470588235294,0.1176470588235294
false_positive_rate,5,0.0,anomaly_detection,isolation_forest,raw,0.0438946528332003,0.0438946528332003,0.0,0.0,0.0438946528332003,0.0438946528332003,0.0438946528332003,0.0438946528332003
pr_auc,5,0.0,anomaly_detection,isolation_forest,raw,0.09385708598261,0.09385708598261,0.0,0.0,0.09385708598261,0.09385708598261,0.09385708598261,0.09385708598261
precision,5,0.0,anomaly_detection,isolation_forest,raw,0.1164658634538152,0.1164658634538152,0.0,0.0,0.1164658634538152,0.1164658634538152,0.1164658634538152,0.1164658634538152
recall,5,0.0,anomaly_detection,isolation_forest,raw,0.11885245901639338,0.1188524590163934,1.5515838457795457e-17,1.30547054610417e-16,0.1188524590163934,0.1188524590163934,0.11885245901639338,0.11885245901639338
roc_auc,5,0.0,anomaly_detection,isolation_forest,raw,0.7138596875695052,0.7138596875695052,0.0,0.0,0.7138596875695052,0.7138596875695052,0.7138596875695052,0.7138596875695052
threshold,5,0.0,anomaly_detection,isolation_forest,raw,0.5031683371451802,0.5031683371451802,0.0,0.0,0.5031683371451802,0.5031683371451802,0.5031683371451802,0.5031683371451802
detection_latency,5,0.0,anomaly_detection,isolation_forest,residual,0.0,0.0,0.0,0.0,0.0,0.0,0.0,0.0
f1,5,0.0,anomaly_detection,isolation_forest,residual,0.0887272727272727,0.0887272727272727,0.0,0.0,0.0887272727272727,0.0887272727272727,0.0887272727272727,0.0887272727272727
false_positive_rate,5,0.0,anomaly_detection,isolation_forest,residual,1.0,1.0,0.0,0.0,1.0,1.0,1.0,1.0
pr_auc,5,0.0,anomaly_detection,isolation_forest,residual,0.056457355132901975,0.0569000420893729,0.0012647141968116574,0.022401229987385873,0.0542510477863179,0.0573902729008182,0.05488700504670375,0.0580277052191002
precision,5,0.0,anomaly_detection,isolation_forest,residual,0.0464231354642313,0.0464231354642313,0.0,0.0,0.0464231354642313,0.0464231354642313,0.0464231354642313,0.0464231354642313
recall,5,0.0,anomaly_detection,isolation_forest,residual,1.0,1.0,0.0,0.0,1.0,1.0,1.0,1.0
roc_auc,5,0.0,anomaly_detection,isolation_forest,residual,0.5971467657948792,0.6021666852014183,0.01014224109058353,0.016984503092942152,0.5802054577211414,0.604823014928107,0.5845535101715988,0.6097400214181596
threshold,5,0.0,anomaly_detection,isolation_forest,residual,0.2937656541960819,0.2937656541960819,0.0,0.0,0.2937656541960819,0.2937656541960819,0.2937656541960819,0.2937656541960819
detection_latency,5,0.0,anomaly_detection,lstm_autoencoder,raw,1.3442622950819672,1.3442622950819672,0.0,0.0,1.3442622950819672,1.3442622950819672,1.3442622950819672,1.3442622950819672
f1,5,0.0,anomaly_detection,lstm_autoencoder,raw,0.5386064030131827,0.5386064030131827,0.0,0.0,0.5386064030131827,0.5386064030131827,0.5386064030131827,0.5386064030131827
false_positive_rate,5,0.0,anomaly_detection,lstm_autoencoder,raw,0.028731045490821998,0.028731045490822,3.878959614448864e-18,1.3500934435845645e-16,0.028731045490822,0.028731045490822,0.028731045490821998,0.028731045490821998
pr_auc,5,0.0,anomaly_detection,lstm_autoencoder,raw,0.561001698584242,0.561001698584242,0.0,0.0,0.561001698584242,0.561001698584242,0.561001698584242,0.561001698584242
precision,5,0.0,anomaly_detection,lstm_autoencoder,raw,0.4982578397212543,0.4982578397212543,0.0,0.0,0.4982578397212543,0.4982578397212543,0.4982578397212543,0.4982578397212543
recall,5,0.0,anomaly_detection,lstm_autoencoder,raw,0.5860655737704918,0.5860655737704918,0.0,0.0,0.5860655737704918,0.5860655737704918,0.5860655737704918,0.5860655737704918
roc_auc,5,0.0,anomaly_detection,lstm_autoencoder,raw,0.9493396177043947,0.9493396177043946,1.2412670766236366e-16,1.307505821388929e-16,0.9493396177043946,0.9493396177043946,0.9493396177043947,0.9493396177043947
threshold,5,0.0,anomaly_detection,lstm_autoencoder,raw,0.0007370078528765,0.0007370078528765,0.0,0.0,0.0007370078528765,0.0007370078528765,0.0007370078528765,0.0007370078528765
detection_latency,5,0.0,anomaly_detection,lstm_autoencoder,residual,0.0,0.0,0.0,0.0,0.0,0.0,0.0,0.0
f1,5,0.0,anomaly_detection,lstm_autoencoder,residual,0.0926851759759031,0.0887272727272727,0.008850140712304827,0.09548604314681071,0.0887272727272727,0.1085167889704247,0.08169627487439678,0.10367407707740943
false_positive_rate,5,0.0,anomaly_detection,lstm_autoencoder,residual,0.9599760574620909,1.0,0.08949625624231003,0.09322759202861078,0.7998802873104549,1.0,0.8488517781119956,1.071100336812186
pr_auc,5,0.0,anomaly_detection,lstm_autoencoder,residual,0.12260028049640911,0.1244056932190602,0.008088970266526945,0.0659783993460265,0.1085084346012759,0.128019774630988,0.1125564973339219,0.13264406365889633
precision,5,0.0,anomaly_detection,lstm_autoencoder,residual,0.04861276183952516,0.0464231354642313,0.004896153420483541,0.10071745021700593,0.0464231354642313,0.0573712673407006,0.042533384407628536,0.05469213927142179
recall,5,0.0,anomaly_detection,lstm_autoencoder,residual,1.0,1.0,0.0,0.0,1.0,1.0,1.0,1.0
roc_auc,5,0.0,anomaly_detection,lstm_autoencoder,residual,0.6930803775855979,0.6929745659597295,0.008050970912855275,0.011616215338402004,0.68359870736462,0.7027044928237803,0.6830837768525199,0.703076978318676
threshold,5,0.0,anomaly_detection,lstm_autoencoder,residual,0.0003816792741417,0.0003816792741417,0.0,0.0,0.0003816792741417,0.0003816792741417,0.0003816792741417,0.0003816792741417
mae,5,0.0,load_estimation,lstm,raw,0.5528407457748244,0.545224902394304,0.02407873213563036,0.04355455403686504,0.5344382980096278,0.5946790087002084,0.5229430509596202,0.5827384405900287
mape,5,0.0,load_estimation,lstm,raw,15.559932801848698,15.260972937471529,0.5742080827550095,0.03690299245294858,15.1946153129267,16.546755775297946,14.846959298014195,16.2729063056832
r2,5,0.0,load_estimation,lstm,raw,0.9030964823725913,0.9054168810685048,0.00834543478726134,0.009240911630323742,0.8885737159216507,0.9089853779553142,0.8927342564478916,0.913458708297291
rmse,5,0.0,load_estimation,lstm,raw,0.7249100806710953,0.7166858951447286,0.030518357714406405,0.04209950796401345,0.7030361012185283,0.777885839324871,0.6870165346128128,0.7628036267293778
mae,5,0.0,load_estimation,persistence,raw,0.8492904758026973,0.8492584834768347,0.011739665901398976,0.013822910106584397,0.8313313724198116,0.8607347878645907,0.8347137553019899,0.8638671963034048
mape,5,0.0,load_estimation,persistence,raw,24.655475418426857,24.72205174049761,0.4569673779471944,0.018534113424787946,24.00331914685436,25.12380949883275,24.088075476876252,25.22287535997746
r2,5,0.0,load_estimation,persistence,raw,0.7682547914027948,0.7683667867253379,0.0058905086250060365,0.0076673893751450116,0.7621074913676852,0.777230113620099,0.7609407589120161,0.7755688238935736
rmse,5,0.0,load_estimation,persistence,raw,1.1202290743049068,1.120031208549931,0.014285876068077926,0.012752638184241199,1.098393488787919,1.1350633242297103,1.1024908163083738,1.1379673323014399
mae,5,0.0,load_estimation,xgboost,raw,0.5127310491860186,0.5156683636265077,0.009061064671016193,0.0176721590888654,0.4985454064798137,0.5226819838653779,0.5014802513986218,0.5239818469734154
mape,5,0.0,load_estimation,xgboost,raw,15.115543303284639,15.196099811584157,0.23276094561886776,0.015398781304029496,14.74498499773318,15.351534295499333,14.826532416921827,15.40455418964745
r2,5,0.0,load_estimation,xgboost,raw,0.9079802385860638,0.9062538170091772,0.003020337449421809,0.0033264352252039935,0.9055144031623305,0.9120016078123858,0.9042299943126901,0.9117304828594375
rmse,5,0.0,load_estimation,xgboost,raw,0.7058673895863109,0.7125354972737628,0.011628528917093876,0.016474098518574475,0.6903464195119051,0.715340005077753,0.691428663877884,0.7203061152947378
detection_latency,5,0.05,anomaly_detection,isolation_forest,raw,3.2459016393442623,3.2459016393442623,0.0,0.0,3.2459016393442623,3.2459016393442623,3.2459016393442623,3.2459016393442623
f1,5,0.05,anomaly_detection,isolation_forest,raw,0.1176470588235294,0.1176470588235294,0.0,0.0,0.1176470588235294,0.1176470588235294,0.1176470588235294,0.1176470588235294
false_positive_rate,5,0.05,anomaly_detection,isolation_forest,raw,0.0438946528332003,0.0438946528332003,0.0,0.0,0.0438946528332003,0.0438946528332003,0.0438946528332003,0.0438946528332003
pr_auc,5,0.05,anomaly_detection,isolation_forest,raw,0.09385708598261,0.09385708598261,0.0,0.0,0.09385708598261,0.09385708598261,0.09385708598261,0.09385708598261
precision,5,0.05,anomaly_detection,isolation_forest,raw,0.1164658634538152,0.1164658634538152,0.0,0.0,0.1164658634538152,0.1164658634538152,0.1164658634538152,0.1164658634538152
recall,5,0.05,anomaly_detection,isolation_forest,raw,0.11885245901639338,0.1188524590163934,1.5515838457795457e-17,1.30547054610417e-16,0.1188524590163934,0.1188524590163934,0.11885245901639338,0.11885245901639338
roc_auc,5,0.05,anomaly_detection,isolation_forest,raw,0.7138596875695052,0.7138596875695052,0.0,0.0,0.7138596875695052,0.7138596875695052,0.7138596875695052,0.7138596875695052
threshold,5,0.05,anomaly_detection,isolation_forest,raw,0.5031683371451802,0.5031683371451802,0.0,0.0,0.5031683371451802,0.5031683371451802,0.5031683371451802,0.5031683371451802
detection_latency,5,0.05,anomaly_detection,isolation_forest,residual,0.0,0.0,0.0,0.0,0.0,0.0,0.0,0.0
f1,5,0.05,anomaly_detection,isolation_forest,residual,0.0887272727272727,0.0887272727272727,0.0,0.0,0.0887272727272727,0.0887272727272727,0.0887272727272727,0.0887272727272727
false_positive_rate,5,0.05,anomaly_detection,isolation_forest,residual,1.0,1.0,0.0,0.0,1.0,1.0,1.0,1.0
pr_auc,5,0.05,anomaly_detection,isolation_forest,residual,0.05961340348333104,0.0581114731107384,0.005366885590045875,0.09002816944592924,0.0527716611565756,0.0653421925885572,0.052949534863692506,0.06627727210296956
precision,5,0.05,anomaly_detection,isolation_forest,residual,0.0464231354642313,0.0464231354642313,0.0,0.0,0.0464231354642313,0.0464231354642313,0.0464231354642313,0.0464231354642313
recall,5,0.05,anomaly_detection,isolation_forest,residual,1.0,1.0,0.0,0.0,1.0,1.0,1.0,1.0
roc_auc,5,0.05,anomaly_detection,isolation_forest,residual,0.611707639370429,0.6124788213206338,0.03433289697691964,0.05612631716068666,0.5579621204191907,0.6486681963288109,0.5690777172401491,0.654337561500709
threshold,5,0.05,anomaly_detection,isolation_forest,residual,0.2937656541960819,0.2937656541960819,0.0,0.0,0.2937656541960819,0.2937656541960819,0.2937656541960819,0.2937656541960819
detection_latency,5,0.05,anomaly_detection,lstm_autoencoder,raw,1.3442622950819672,1.3442622950819672,0.0,0.0,1.3442622950819672,1.3442622950819672,1.3442622950819672,1.3442622950819672
f1,5,0.05,anomaly_detection,lstm_autoencoder,raw,0.5386064030131827,0.5386064030131827,0.0,0.0,0.5386064030131827,0.5386064030131827,0.5386064030131827,0.5386064030131827
false_positive_rate,5,0.05,anomaly_detection,lstm_autoencoder,raw,0.028731045490821998,0.028731045490822,3.878959614448864e-18,1.3500934435845645e-16,0.028731045490822,0.028731045490822,0.028731045490821998,0.028731045490821998
pr_auc,5,0.05,anomaly_detection,lstm_autoencoder,raw,0.561001698584242,0.561001698584242,0.0,0.0,0.561001698584242,0.561001698584242,0.561001698584242,0.561001698584242
precision,5,0.05,anomaly_detection,lstm_autoencoder,raw,0.4982578397212543,0.4982578397212543,0.0,0.0,0.4982578397212543,0.4982578397212543,0.4982578397212543,0.4982578397212543
recall,5,0.05,anomaly_detection,lstm_autoencoder,raw,0.5860655737704918,0.5860655737704918,0.0,0.0,0.5860655737704918,0.5860655737704918,0.5860655737704918,0.5860655737704918
roc_auc,5,0.05,anomaly_detection,lstm_autoencoder,raw,0.9493396177043947,0.9493396177043946,1.2412670766236366e-16,1.307505821388929e-16,0.9493396177043946,0.9493396177043946,0.9493396177043947,0.9493396177043947
threshold,5,0.05,anomaly_detection,lstm_autoencoder,raw,0.0007370078528765,0.0007370078528765,0.0,0.0,0.0007370078528765,0.0007370078528765,0.0007370078528765,0.0007370078528765
detection_latency,5,0.05,anomaly_detection,lstm_autoencoder,residual,0.0,0.0,0.0,0.0,0.0,0.0,0.0,0.0
f1,5,0.05,anomaly_detection,lstm_autoencoder,residual,0.09258907963853721,0.0887272727272727,0.008635262769565966,0.09326437635277905,0.0887272727272727,0.1080363072835953,0.08186698474253783,0.1033111745345366
false_positive_rate,5,0.05,anomaly_detection,lstm_autoencoder,residual,0.9607741420590582,1.0,0.08771168483169565,0.09129272010143677,0.8038707102952913,1.0,0.8518657007817465,1.06968258333637
pr_auc,5,0.05,anomaly_detection,lstm_autoencoder,residual,0.12976521654297674,0.1225891374339718,0.0129453879045916,0.09976007630907963,0.1180739897435358,0.1481028592837289,0.11369139443906288,0.1458390386468906
precision,5,0.05,anomaly_detection,lstm_autoencoder,residual,0.048559055996004734,0.0464231354642313,0.004776063503582912,0.09835577330778154,0.0464231354642313,0.0571027381230985,0.0426287898904709,0.05448932210153857
recall,5,0.05,anomaly_detection,lstm_autoencoder,residual,1.0,1.0,0.0,0.0,1.0,1.0,1.0,1.0
roc_auc,5,0.05,anomaly_detection,lstm_autoencoder,residual,0.7031053340834456,0.7096149568903484,0.01460365186664497,0.020770219138903288,0.6862946960082686,0.7195525819999216,0.6849725053183313,0.7212381628485598
threshold,5,0.05,anomaly_detection,lstm_autoencoder,residual,0.0003816792741417,0.0003816792741417,0.0,0.0,0.0003816792741417,0.0003816792741417,0.0003816792741417,0.0003816792741417
mae,5,0.05,load_estimation,lstm,raw,0.5613578233667844,0.561442257135611,0.02932688143499292,0.05224275892175656,0.5305433089934046,0.6064283768077802,0.5249436905093634,0.5977719562242054
mape,5,0.05,load_estimation,lstm,raw,15.759501334911965,15.833465887095038,0.7026138517419832,0.04458350786680575,15.083951673878898,16.839732302463556,14.887091010564667,16.631911659259263
r2,5,0.05,load_estimation,lstm,raw,0.9004268801652489,0.9019417353712156,0.009409515558825004,0.010450060705760076,0.8848624312941523,0.9093484306007767,0.8887434234553176,0.9121103368751801
rmse,5,0.05,load_estimation,lstm,raw,0.7347150433267731,0.7297332638494236,0.034112744577753616,0.04642989807761643,0.7016325126878048,0.7907342841605756,0.6923584765046558,0.7770716101488904
mae,5,0.05,load_estimation,persistence,raw,0.8588468085231664,0.8595517516544421,0.01703619075106871,0.01983612278930554,0.8327933131877328,0.8802369426102399,0.8376935838010324,0.8800000332453004
mape,5,0.05,load_estimation,persistence,raw,24.910465754401763,25.004624510816114,0.6796222604673214,0.027282599497250665,23.86819522631294,25.755437357496376,24.066603261201628,25.754328247601897
r2,5,0.05,load_estimation,persistence,raw,0.7624258521301737,0.7597662676737615,0.008223607465724819,0.010786107846092227,0.7539708057561416,0.7757695835533407,0.7522148948046234,0.7726368094557239
rmse,5,0.05,load_estimation,persistence,raw,1.1341657404558245,1.140635023053319,0.019769221066809117,0.01743062795995214,1.1019882651976125,1.1543115208106478,1.1096190103846362,1.1587124705270129
mae,5,0.05,load_estimation,xgboost,raw,0.5170070879081976,0.5190950863437566,0.011760958580089553,0.02274815733701873,0.5032898727209056,0.5290534657339708,0.5024039290549347,0.5316102467614605
mape,5,0.05,load_estimation,xgboost,raw,15.199573684373775,15.245569993506232,0.38481513191818323,0.02531749507644416,14.808236313175364,15.71938732444758,14.721762589106934,15.677384779640615
r2,5,0.05,load_estimation,xgboost,raw,0.9063127838915804,0.9040852960944212,0.003390747507683633,0.0037412553016456826,0.9035291456587716,0.910961023850088,0.9021026147842905,0.9105229529988703
rmse,5,0.05,load_estimation,xgboost,raw,0.7122172148596653,0.7207295081121856,0.01294812946616807,0.018180028783380868,0.6944161086905591,0.7228160216734454,0.6961399886574431,0.7282944410618875
detection_latency,5,0.1,anomaly_detection,isolation_forest,raw,3.2459016393442623,3.2459016393442623,0.0,0.0,3.2459016393442623,3.2459016393442623,3.2459016393442623,3.2459016393442623
f1,5,0.1,anomaly_detection,isolation_forest,raw,0.1176470588235294,0.1176470588235294,0.0,0.0,0.1176470588235294,0.1176470588235294,0.1176470588235294,0.1176470588235294
false_positive_rate,5,0.1,anomaly_detection,isolation_forest,raw,0.0438946528332003,0.0438946528332003,0.0,0.0,0.0438946528332003,0.0438946528332003,0.0438946528332003,0.0438946528332003
pr_auc,5,0.1,anomaly_detection,isolation_forest,raw,0.09385708598261,0.09385708598261,0.0,0.0,0.09385708598261,0.09385708598261,0.09385708598261,0.09385708598261
precision,5,0.1,anomaly_detection,isolation_forest,raw,0.1164658634538152,0.1164658634538152,0.0,0.0,0.1164658634538152,0.1164658634538152,0.1164658634538152,0.1164658634538152
recall,5,0.1,anomaly_detection,isolation_forest,raw,0.11885245901639338,0.1188524590163934,1.5515838457795457e-17,1.30547054610417e-16,0.1188524590163934,0.1188524590163934,0.11885245901639338,0.11885245901639338
roc_auc,5,0.1,anomaly_detection,isolation_forest,raw,0.7138596875695052,0.7138596875695052,0.0,0.0,0.7138596875695052,0.7138596875695052,0.7138596875695052,0.7138596875695052
threshold,5,0.1,anomaly_detection,isolation_forest,raw,0.5031683371451802,0.5031683371451802,0.0,0.0,0.5031683371451802,0.5031683371451802,0.5031683371451802,0.5031683371451802
detection_latency,5,0.1,anomaly_detection,isolation_forest,residual,0.0,0.0,0.0,0.0,0.0,0.0,0.0,0.0
f1,5,0.1,anomaly_detection,isolation_forest,residual,0.0887272727272727,0.0887272727272727,0.0,0.0,0.0887272727272727,0.0887272727272727,0.0887272727272727,0.0887272727272727
false_positive_rate,5,0.1,anomaly_detection,isolation_forest,residual,1.0,1.0,0.0,0.0,1.0,1.0,1.0,1.0
pr_auc,5,0.1,anomaly_detection,isolation_forest,residual,0.05852021810822282,0.0585094037974314,0.003939324549644097,0.06731561632868509,0.0530421141507895,0.0631046230201316,0.053628900637689485,0.06341153557875615
precision,5,0.1,anomaly_detection,isolation_forest,residual,0.0464231354642313,0.0464231354642313,0.0,0.0,0.0464231354642313,0.0464231354642313,0.0464231354642313,0.0464231354642313
recall,5,0.1,anomaly_detection,isolation_forest,residual,1.0,1.0,0.0,0.0,1.0,1.0,1.0,1.0
roc_auc,5,0.1,anomaly_detection,isolation_forest,residual,0.6082785740452422,0.6102432031975717,0.02387923499506597,0.039257070713935575,0.5716738843169835,0.6355909751023773,0.5786285876472214,0.6379285604432631
threshold,5,0.1,anomaly_detection,isolation_forest,residual,0.2937656541960819,0.2937656541960819,0.0,0.0,0.2937656541960819,0.2937656541960819,0.2937656541960819,0.2937656541960819
detection_latency,5,0.1,anomaly_detection,lstm_autoencoder,raw,1.3442622950819672,1.3442622950819672,0.0,0.0,1.3442622950819672,1.3442622950819672,1.3442622950819672,1.3442622950819672
f1,5,0.1,anomaly_detection,lstm_autoencoder,raw,0.5386064030131827,0.5386064030131827,0.0,0.0,0.5386064030131827,0.5386064030131827,0.5386064030131827,0.5386064030131827
false_positive_rate,5,0.1,anomaly_detection,lstm_autoencoder,raw,0.028731045490821998,0.028731045490822,3.878959614448864e-18,1.3500934435845645e-16,0.028731045490822,0.028731045490822,0.028731045490821998,0.028731045490821998
pr_auc,5,0.1,anomaly_detection,lstm_autoencoder,raw,0.561001698584242,0.561001698584242,0.0,0.0,0.561001698584242,0.561001698584242,0.561001698584242,0.561001698584242
precision,5,0.1,anomaly_detection,lstm_autoencoder,raw,0.4982578397212543,0.4982578397212543,0.0,0.0,0.4982578397212543,0.4982578397212543,0.4982578397212543,0.4982578397212543
recall,5,0.1,anomaly_detection,lstm_autoencoder,raw,0.5860655737704918,0.5860655737704918,0.0,0.0,0.5860655737704918,0.5860655737704918,0.5860655737704918,0.5860655737704918
roc_auc,5,0.1,anomaly_detection,lstm_autoencoder,raw,0.9493396177043947,0.9493396177043946,1.2412670766236366e-16,1.307505821388929e-16,0.9493396177043946,0.9493396177043946,0.9493396177043947,0.9493396177043947
threshold,5,0.1,anomaly_detection,lstm_autoencoder,raw,0.0007370078528765,0.0007370078528765,0.0,0.0,0.0007370078528765,0.0007370078528765,0.0007370078528765,0.0007370078528765
detection_latency,5,0.1,anomaly_detection,lstm_autoencoder,residual,0.0,0.0,0.0,0.0,0.0,0.0,0.0,0.0
f1,5,0.1,anomaly_detection,lstm_autoencoder,residual,0.0925699623976996,0.0887272727272727,0.008592515319510817,0.09282185167792986,0.0887272727272727,0.1079407210794072,0.0819009454714487,0.1032389793239505
false_positive_rate,5,0.1,anomaly_detection,lstm_autoencoder,residual,0.9609337589784517,1.0,0.08735477054957277,0.0909061313887419,0.8046687948922586,1.0,0.8524684853156967,1.0693990326412066
pr_auc,5,0.1,anomaly_detection,lstm_autoencoder,residual,0.13372087732343343,0.1295237684355879,0.010222880735229293,0.07644939922509632,0.1246009111119719,0.1507213085381134,0.1210274943565684,0.14641426029029847
precision,5,0.1,anomaly_detection,lstm_autoencoder,residual,0.0485483751004007,0.0464231354642313,0.0047521802949517,0.09788546547899762,0.0464231354642313,0.0570493336450783,0.04264776391518583,0.05444898628561557
recall,5,0.1,anomaly_detection,lstm_autoencoder,residual,1.0,1.0,0.0,0.0,1.0,1.0,1.0,1.0
roc_auc,5,0.1,anomaly_detection,lstm_autoencoder,residual,0.6957449661795299,0.6934308479321759,0.013445467715870973,0.019325282063774943,0.6781699331440608,0.7102748485601769,0.6790502129777218,0.7124397193813379
threshold,5,0.1,anomaly_detection,lstm_autoencoder,residual,0.0003816792741417,0.0003816792741417,0.0,0.0,0.0003816792741417,0.0003816792741417,0.0003816792741417,0.0003816792741417
mae,5,0.1,load_estimation,lstm,raw,0.5662490474683433,0.5676898708221404,0.02187937475768432,0.03863913741754685,0.5363646982596842,0.5957344773392957,0.5390822155285184,0.5934158794081681
mape,5,0.1,load_estimation,lstm,raw,15.923682608600695,15.824929166731552,0.4965077558621409,0.031180460454164498,15.34923777181389,16.62231677491922,15.30718680331773,16.54017841388366
r2,5,0.1,load_estimation,lstm,raw,0.8982926517185698,0.896958265549551,0.007210412471626841,0.008026796676820444,0.8887976756906879,0.9080334128720224,0.8893397421403513,0.9072455612967882
rmse,5,0.1,load_estimation,lstm,raw,0.7428118247317804,0.748046546042927,0.02640484851541822,0.03554715694644826,0.706703231051025,0.7771036954941578,0.7100258749521615,0.7755977745113993
mae,5,0.1,load_estimation,persistence,raw,0.8640163805658958,0.8592470648217964,0.012488054143252941,0.01445349234591336,0.853465763469265,0.8846708421610987,0.8485104133285992,0.8795223478031924
mape,5,0.1,load_estimation,persistence,raw,25.001059581363286,24.86846057410549,0.5337791298096193,0.02135026029886821,24.47001752322711,25.865999021124107,24.33828525288615,25.663833909840424
r2,5,0.1,load_estimation,persistence,raw,0.7570480930034862,0.7585372438604941,0.007078114031695219,0.00934962269518936,0.7456748112119702,0.7647564878151447,0.7482594536351493,0.765836732371823
rmse,5,0.1,load_estimation,persistence,raw,1.1469734207399747,1.1435490168388038,0.01662865687927747,0.014497857211503143,1.128726016718263,1.1736116065792987,1.1263262161544925,1.1676206253254569
mae,5,0.1,load_estimation,xgboost,raw,0.5267746231599485,0.5241741480665846,0.006674492783075665,0.01267049035702891,0.5207300281188986,0.5374560883010722,0.5184871457649326,0.5350621005549644
mape,5,0.1,load_estimation,xgboost,raw,15.5001380195868,15.40775711312773,0.3046043170121556,0.01965171643163702,15.23735335652665,16.01590534531115,15.12192180545536,15.87835423371824
r2,5,0.1,load_estimation,xgboost,raw,0.9017087701945069,0.902401815700562,0.0030855333032210716,0.00342187345317213,0.8976567756373924,0.9054440059276896,0.8978775745766385,0.9055399658123753
rmse,5,0.1,load_estimation,xgboost,raw,0.7295320549914471,0.7270270626084311,0.011439989387067246,0.01568127035514754,0.7156064402989154,0.7444906636659943,0.7153274320296926,0.7437366779532016
detection_latency,5,0.2,anomaly_detection,isolation_forest,raw,3.2459016393442623,3.2459016393442623,0.0,0.0,3.2459016393442623,3.2459016393442623,3.2459016393442623,3.2459016393442623
f1,5,0.2,anomaly_detection,isolation_forest,raw,0.1176470588235294,0.1176470588235294,0.0,0.0,0.1176470588235294,0.1176470588235294,0.1176470588235294,0.1176470588235294
false_positive_rate,5,0.2,anomaly_detection,isolation_forest,raw,0.0438946528332003,0.0438946528332003,0.0,0.0,0.0438946528332003,0.0438946528332003,0.0438946528332003,0.0438946528332003
pr_auc,5,0.2,anomaly_detection,isolation_forest,raw,0.09385708598261,0.09385708598261,0.0,0.0,0.09385708598261,0.09385708598261,0.09385708598261,0.09385708598261
precision,5,0.2,anomaly_detection,isolation_forest,raw,0.1164658634538152,0.1164658634538152,0.0,0.0,0.1164658634538152,0.1164658634538152,0.1164658634538152,0.1164658634538152
recall,5,0.2,anomaly_detection,isolation_forest,raw,0.11885245901639338,0.1188524590163934,1.5515838457795457e-17,1.30547054610417e-16,0.1188524590163934,0.1188524590163934,0.11885245901639338,0.11885245901639338
roc_auc,5,0.2,anomaly_detection,isolation_forest,raw,0.7138596875695052,0.7138596875695052,0.0,0.0,0.7138596875695052,0.7138596875695052,0.7138596875695052,0.7138596875695052
threshold,5,0.2,anomaly_detection,isolation_forest,raw,0.5031683371451802,0.5031683371451802,0.0,0.0,0.5031683371451802,0.5031683371451802,0.5031683371451802,0.5031683371451802
detection_latency,5,0.2,anomaly_detection,isolation_forest,residual,0.0,0.0,0.0,0.0,0.0,0.0,0.0,0.0
f1,5,0.2,anomaly_detection,isolation_forest,residual,0.0887272727272727,0.0887272727272727,0.0,0.0,0.0887272727272727,0.0887272727272727,0.0887272727272727,0.0887272727272727
false_positive_rate,5,0.2,anomaly_detection,isolation_forest,residual,1.0,1.0,0.0,0.0,1.0,1.0,1.0,1.0
pr_auc,5,0.2,anomaly_detection,isolation_forest,residual,0.060244548495010895,0.059351394880381,0.0033845131049969395,0.056179574576398814,0.0573378860976772,0.066100845539365,0.05604212042108736,0.06444697656893443
precision,5,0.2,anomaly_detection,isolation_forest,residual,0.0464231354642313,0.0464231354642313,0.0,0.0,0.0464231354642313,0.0464231354642313,0.0464231354642313,0.0464231354642313
recall,5,0.2,anomaly_detection,isolation_forest,residual,1.0,1.0,0.0,0.0,1.0,1.0,1.0,1.0
roc_auc,5,0.2,anomaly_detection,isolation_forest,residual,0.6159422304501982,0.6137990135151047,0.014545400369369476,0.023614877581519454,0.5940419223372104,0.6307047512200228,0.5978817304720925,0.634002730428304
threshold,5,0.2,anomaly_detection,isolation_forest,residual,0.2937656541960819,0.2937656541960819,0.0,0.0,0.2937656541960819,0.2937656541960819,0.2937656541960819,0.2937656541960819
detection_latency,5,0.2,anomaly_detection,lstm_autoencoder,raw,1.3442622950819672,1.3442622950819672,0.0,0.0,1.3442622950819672,1.3442622950819672,1.3442622950819672,1.3442622950819672
f1,5,0.2,anomaly_detection,lstm_autoencoder,raw,0.5386064030131827,0.5386064030131827,0.0,0.0,0.5386064030131827,0.5386064030131827,0.5386064030131827,0.5386064030131827
false_positive_rate,5,0.2,anomaly_detection,lstm_autoencoder,raw,0.028731045490821998,0.028731045490822,3.878959614448864e-18,1.3500934435845645e-16,0.028731045490822,0.028731045490822,0.028731045490821998,0.028731045490821998
pr_auc,5,0.2,anomaly_detection,lstm_autoencoder,raw,0.561001698584242,0.561001698584242,0.0,0.0,0.561001698584242,0.561001698584242,0.561001698584242,0.561001698584242
precision,5,0.2,anomaly_detection,lstm_autoencoder,raw,0.4982578397212543,0.4982578397212543,0.0,0.0,0.4982578397212543,0.4982578397212543,0.4982578397212543,0.4982578397212543
recall,5,0.2,anomaly_detection,lstm_autoencoder,raw,0.5860655737704918,0.5860655737704918,0.0,0.0,0.5860655737704918,0.5860655737704918,0.5860655737704918,0.5860655737704918
roc_auc,5,0.2,anomaly_detection,lstm_autoencoder,raw,0.9493396177043947,0.9493396177043946,1.2412670766236366e-16,1.307505821388929e-16,0.9493396177043946,0.9493396177043946,0.9493396177043947,0.9493396177043947
threshold,5,0.2,anomaly_detection,lstm_autoencoder,raw,0.0007370078528765,0.0007370078528765,0.0,0.0,0.0007370078528765,0.0007370078528765,0.0007370078528765,0.0007370078528765
detection_latency,5,0.2,anomaly_detection,lstm_autoencoder,residual,0.0,0.0,0.0,0.0,0.0,0.0,0.0,0.0
f1,5,0.2,anomaly_detection,lstm_autoencoder,residual,0.09246069142125478,0.0887272727272727,0.008348177988212415,0.09028894181828867,0.0887272727272727,0.1073943661971831,0.08209505936269429,0.10282632347981527
false_positive_rate,5,0.2,anomaly_detection,lstm_autoencoder,residual,0.9618515562649641,1.0,0.08530251342736629,0.08868573624667273,0.8092577813248204,1.0,0.8559344963859102,1.067768616144018
pr_auc,5,0.2,anomaly_detection,lstm_autoencoder,residual,0.12597465588704732,0.1272710671294635,0.008973548691830894,0.07123296847801552,0.1136238140325215,0.1355931142415363,0.11483252354027242,0.13711678823382223
precision,5,0.2,anomaly_detection,lstm_autoencoder,residual,0.04848734558068736,0.0464231354642313,0.00461571414023851,0.09519420139338296,0.0464231354642313,0.0567441860465116,0.042756179506753166,0.054218511654621555
recall,5,0.2,anomaly_detection,lstm_autoencoder,residual,1.0,1.0,0.0,0.0,1.0,1.0,1.0,1.0
roc_auc,5,0.2,anomaly_detection,lstm_autoencoder,residual,0.6964097641071264,0.701885147776484,0.0143095168845073,0.0205475534979807,0.6802027592793689,0.7126200397733963,0.6786421521599448,0.714177376054308
threshold,5,0.2,anomaly_detection,lstm_autoencoder,residual,0.0003816792741417,0.0003816792741417,0.0,0.0,0.0003816792741417,0.0003816792741417,0.0003816792741417,0.0003816792741417
mae,5,0.2,load_estimation,lstm,raw,0.5827561364583024,0.5767100687899919,0.026368557578040006,0.04524801358299681,0.559180446047412,0.6255684913787973,0.5500152478290871,0.6154970250875177
mape,5,0.2,load_estimation,lstm,raw,16.35717337331925,16.063561543394936,0.6281783000720915,0.038403841894635346,15.843942357613908,17.353704056801842,15.577186993666892,17.137159752971606
r2,5,0.2,load_estimation,lstm,raw,0.8927087397594328,0.8934992241832657,0.009843631180347952,0.011026699685947529,0.8761782840488042,0.9005366018747674,0.8804862573111987,0.9049312222076669
rmse,5,0.2,load_estimation,lstm,raw,0.7626981676390958,0.7604986151776895,0.0343223067806491,0.04500116590930399,0.7349430513780018,0.8200124590297674,0.7200813949742589,0.8053149403039327
mae,5,0.2,load_estimation,persistence,raw,0.8785400117731891,0.8777152728998134,0.01113147979703769,0.01267043008612735,0.867679111738909,0.8917527594794966,0.8647184540624748,0.8923615694839033
mape,5,0.2,load_estimation,persistence,raw,25.410410043135766,25.261364076779948,0.5439893672521052,0.021408130224134483,24.732537105853588,25.99490908180516,24.734958030413182,26.08586205585835
r2,5,0.2,load_estimation,persistence,raw,0.7502441815558006,0.7494553248225474,0.005171983737044177,0.00689373388583821,0.7436019488646854,0.756439508893764,0.7438223155502175,0.7566660475613838
rmse,5,0.2,load_estimation,persistence,raw,1.1629710188992206,1.164856149242704,0.012041533823878297,0.010354113411420942,1.1485056304565435,1.1783846266120914,1.148019479866958,1.1779225579314831
mae,5,0.2,load_estimation,xgboost,raw,0.5437744421320237,0.5441606854013475,0.005376433526143638,0.009887249398967313,0.5378995874338135,0.5501988045927959,0.5370987181838754,0.550450166080172
mape,5,0.2,load_estimation,xgboost,raw,15.879398282679563,15.89010122826152,0.17021055340456656,0.01071895486053924,15.682233433027706,16.105193365613207,15.668053966402773,16.090742598956354
r2,5,0.2,load_estimation,xgboost,raw,0.8956284743213425,0.8960910467001472,0.0016515590799849897,0.0018440225242240644,0.8937171166381865,0.8975912456985657,0.8935777928708186,0.8976791557718664
rmse,5,0.2,load_estimation,xgboost,raw,0.7518130442991685,0.7501639557789546,0.005946426629987199,0.007909448599060143,0.7447289726552488,0.7586847805225405,0.7444295804347533,0.7591965081635837
detection_latency,15,0.0,anomaly_detection,isolation_forest,raw,3.2459016393442623,3.2459016393442623,0.0,0.0,3.2459016393442623,3.2459016393442623,3.2459016393442623,3.2459016393442623
f1,15,0.0,anomaly_detection,isolation_forest,raw,0.1176470588235294,0.1176470588235294,0.0,0.0,0.1176470588235294,0.1176470588235294,0.1176470588235294,0.1176470588235294
false_positive_rate,15,0.0,anomaly_detection,isolation_forest,raw,0.0438946528332003,0.0438946528332003,0.0,0.0,0.0438946528332003,0.0438946528332003,0.0438946528332003,0.0438946528332003
pr_auc,15,0.0,anomaly_detection,isolation_forest,raw,0.09385708598261,0.09385708598261,0.0,0.0,0.09385708598261,0.09385708598261,0.09385708598261,0.09385708598261
precision,15,0.0,anomaly_detection,isolation_forest,raw,0.1164658634538152,0.1164658634538152,0.0,0.0,0.1164658634538152,0.1164658634538152,0.1164658634538152,0.1164658634538152
recall,15,0.0,anomaly_detection,isolation_forest,raw,0.11885245901639338,0.1188524590163934,1.5515838457795457e-17,1.30547054610417e-16,0.1188524590163934,0.1188524590163934,0.11885245901639338,0.11885245901639338
roc_auc,15,0.0,anomaly_detection,isolation_forest,raw,0.7138596875695052,0.7138596875695052,0.0,0.0,0.7138596875695052,0.7138596875695052,0.7138596875695052,0.7138596875695052
threshold,15,0.0,anomaly_detection,isolation_forest,raw,0.5031683371451802,0.5031683371451802,0.0,0.0,0.5031683371451802,0.5031683371451802,0.5031683371451802,0.5031683371451802
detection_latency,15,0.0,anomaly_detection,isolation_forest,residual,0.0,0.0,0.0,0.0,0.0,0.0,0.0,0.0
f1,15,0.0,anomaly_detection,isolation_forest,residual,0.0887272727272727,0.0887272727272727,0.0,0.0,0.0887272727272727,0.0887272727272727,0.0887272727272727,0.0887272727272727
false_positive_rate,15,0.0,anomaly_detection,isolation_forest,residual,1.0,1.0,0.0,0.0,1.0,1.0,1.0,1.0
pr_auc,15,0.0,anomaly_detection,isolation_forest,residual,0.047570576618940055,0.0475179366908087,0.0011216632684879718,0.02357892941834524,0.046212749981703,0.0493184429861723,0.04617784772035098,0.04896330551752913
precision,15,0.0,anomaly_detection,isolation_forest,residual,0.0464231354642313,0.0464231354642313,0.0,0.0,0.0464231354642313,0.0464231354642313,0.0464231354642313,0.0464231354642313
recall,15,0.0,anomaly_detection,isolation_forest,residual,1.0,1.0,0.0,0.0,1.0,1.0,1.0,1.0
roc_auc,15,0.0,anomaly_detection,isolation_forest,residual,0.5387969692410347,0.5401536312849162,0.005999957590527364,0.011135841389343896,0.5302438083026965,0.5464835215155757,0.5313470379101275,0.5462469005719419
threshold,15,0.0,anomaly_detection,isolation_forest,residual,0.2937656541960819,0.2937656541960819,0.0,0.0,0.2937656541960819,0.2937656541960819,0.2937656541960819,0.2937656541960819
detection_latency,15,0.0,anomaly_detection,lstm_autoencoder,raw,1.3442622950819672,1.3442622950819672,0.0,0.0,1.3442622950819672,1.3442622950819672,1.3442622950819672,1.3442622950819672
f1,15,0.0,anomaly_detection,lstm_autoencoder,raw,0.5386064030131827,0.5386064030131827,0.0,0.0,0.5386064030131827,0.5386064030131827,0.5386064030131827,0.5386064030131827
false_positive_rate,15,0.0,anomaly_detection,lstm_autoencoder,raw,0.028731045490821998,0.028731045490822,3.878959614448864e-18,1.3500934435845645e-16,0.028731045490822,0.028731045490822,0.028731045490821998,0.028731045490821998
pr_auc,15,0.0,anomaly_detection,lstm_autoencoder,raw,0.561001698584242,0.561001698584242,0.0,0.0,0.561001698584242,0.561001698584242,0.561001698584242,0.561001698584242
precision,15,0.0,anomaly_detection,lstm_autoencoder,raw,0.4982578397212543,0.4982578397212543,0.0,0.0,0.4982578397212543,0.4982578397212543,0.4982578397212543,0.4982578397212543
recall,15,0.0,anomaly_detection,lstm_autoencoder,raw,0.5860655737704918,0.5860655737704918,0.0,0.0,0.5860655737704918,0.5860655737704918,0.5860655737704918,0.5860655737704918
roc_auc,15,0.0,anomaly_detection,lstm_autoencoder,raw,0.9493396177043947,0.9493396177043946,1.2412670766236366e-16,1.307505821388929e-16,0.9493396177043946,0.9493396177043946,0.9493396177043947,0.9493396177043947
threshold,15,0.0,anomaly_detection,lstm_autoencoder,raw,0.0007370078528765,0.0007370078528765,0.0,0.0,0.0007370078528765,0.0007370078528765,0.0007370078528765,0.0007370078528765
detection_latency,15,0.0,anomaly_detection,lstm_autoencoder,residual,0.0,0.0,0.0,0.0,0.0,0.0,0.0,0.0
f1,15,0.0,anomaly_detection,lstm_autoencoder,residual,0.08985996131528044,0.0887272727272727,0.002532768680123562,0.028185730808820985,0.0887272727272727,0.0943907156673114,0.08671511362939295,0.09300480900116793
false_positive_rate,15,0.0,anomaly_detection,lstm_autoencoder,residual,0.98683160415004,1.0,0.029445428275136857,0.02983835149918842,0.9341580207501996,1.0,0.9502702759491114,1.0233929323509685
pr_auc,15,0.0,anomaly_detection,lstm_autoencoder,residual,0.10409494033560449,0.1040191790343437,0.005203217697848081,0.049985308422030764,0.0970942320906269,0.109684227824831,0.09763429224536985,0.11055558842583912
precision,15,0.0,anomaly_detection,lstm_autoencoder,residual,0.04704512631697984,0.0464231354642313,0.0013908138281288002,0.029563398740983262,0.0464231354642313,0.049533089727974,0.04531820285838835,0.04877204977557133
recall,15,0.0,anomaly_detection,lstm_autoencoder,residual,1.0,1.0,0.0,0.0,1.0,1.0,1.0,1.0
roc_auc,15,0.0,anomaly_detection,lstm_autoencoder,residual,0.6175452684050085,0.619798549056036,0.013482029513471721,0.021831645716099503,0.5949099211073751,0.6298899035756806,0.60080511773541,0.6342854190746069
threshold,15,0.0,anomaly_detection,lstm_autoencoder,residual,0.0003816792741417,0.0003816792741417,0.0,0.0,0.0003816792741417,0.0003816792741417,0.0003816792741417,0.0003816792741417
mae,15,0.0,load_estimation,lstm,raw,1.5042315028808597,1.5212401025682067,0.033367283138633866,0.022182279173604484,1.45685557995156,1.5322381364167044,1.4628005486897466,1.5456624570719728
mape,15,0.0,load_estimation,lstm,raw,44.155544369727686,44.29265147842308,1.4121931001940835,0.03198223734644431,41.78158731932534,45.34391205222991,42.40207503870493,45.90901370075044
r2,15,0.0,load_estimation,lstm,raw,0.30624562705141833,0.2885793496150421,0.03092707723058072,0.10098781663709469,0.2762904597842973,0.343448876876833,0.26784458868453886,0.3446466654182978
rmse,15,0.0,load_estimation,lstm,raw,1.9406084685833018,1.9655553383657305,0.0434295107909724,0.022379326635978844,1.8882361858922336,1.9824588923550115,1.8866836085745495,1.9945333285920541
mae,15,0.0,load_estimation,persistence,raw,1.822190732661992,1.823007697724316,0.008287699897114033,0.0045482065892228215,1.808912428138463,1.8306658775340117,1.8119001940718285,1.8324812712521554
mape,15,0.0,load_estimation,persistence,raw,56.76803842147044,56.71104331359656,0.30663325768573735,0.00540151229833167,56.34353474468816,57.15761775452841,56.387302944750125,57.14877389819076
r2,15,0.0,load_estimation,persistence,raw,-0.08316892694885089,-0.0874123489865088,0.009138829889002324,0.10988274376345782,-0.0902180909046843,-0.067988622295791,-0.09451628300773358,-0.0718215708899682
rmse,15,0.0,load_estimation,persistence,raw,2.4220031323721782,2.426760058794681,0.01023804756733908,0.004227099226462043,2.404988594457981,2.4298888056900623,2.4092909172959156,2.434715347448441
mae,15,0.0,load_estimation,xgboost,raw,1.4034924888402176,1.410859447794781,0.02247487423227382,0.016013533674730268,1.3660655081997906,1.4225422836602006,1.3755862466418458,1.4313987310385894
mape,15,0.0,load_estimation,xgboost,raw,43.46207854138778,43.73870542108743,0.5427262250047389,0.012487350886541588,42.583459239015305,43.91173625111328,42.788194926918365,44.1359621558572
r2,15,0.0,load_estimation,xgboost,raw,0.3525196371215527,0.3467759204402787,0.01952634645174775,0.05539080492419447,0.3376890147694366,0.3854249729447908,0.3282744757159637,0.37676479852714173
rmse,15,0.0,load_estimation,xgboost,raw,1.8724183639272511,1.8808787544819987,0.028455404020983597,0.015197140003103052,1.8243878133864937,1.8939158877797704,1.8370863132000532,1.907750414654449
detection_latency,15,0.05,anomaly_detection,isolation_forest,raw,3.2459016393442623,3.2459016393442623,0.0,0.0,3.2459016393442623,3.2459016393442623,3.2459016393442623,3.2459016393442623
f1,15,0.05,anomaly_detection,isolation_forest,raw,0.1176470588235294,0.1176470588235294,0.0,0.0,0.1176470588235294,0.1176470588235294,0.1176470588235294,0.1176470588235294
false_positive_rate,15,0.05,anomaly_detection,isolation_forest,raw,0.0438946528332003,0.0438946528332003,0.0,0.0,0.0438946528332003,0.0438946528332003,0.0438946528332003,0.0438946528332003
pr_auc,15,0.05,anomaly_detection,isolation_forest,raw,0.09385708598261,0.09385708598261,0.0,0.0,0.09385708598261,0.09385708598261,0.09385708598261,0.09385708598261
precision,15,0.05,anomaly_detection,isolation_forest,raw,0.1164658634538152,0.1164658634538152,0.0,0.0,0.1164658634538152,0.1164658634538152,0.1164658634538152,0.1164658634538152
recall,15,0.05,anomaly_detection,isolation_forest,raw,0.11885245901639338,0.1188524590163934,1.5515838457795457e-17,1.30547054610417e-16,0.1188524590163934,0.1188524590163934,0.11885245901639338,0.11885245901639338
roc_auc,15,0.05,anomaly_detection,isolation_forest,raw,0.7138596875695052,0.7138596875695052,0.0,0.0,0.7138596875695052,0.7138596875695052,0.7138596875695052,0.7138596875695052
threshold,15,0.05,anomaly_detection,isolation_forest,raw,0.5031683371451802,0.5031683371451802,0.0,0.0,0.5031683371451802,0.5031683371451802,0.5031683371451802,0.5031683371451802
detection_latency,15,0.05,anomaly_detection,isolation_forest,residual,0.0,0.0,0.0,0.0,0.0,0.0,0.0,0.0
f1,15,0.05,anomaly_detection,isolation_forest,residual,0.0887272727272727,0.0887272727272727,0.0,0.0,0.0887272727272727,0.0887272727272727,0.0887272727272727,0.0887272727272727
false_positive_rate,15,0.05,anomaly_detection,isolation_forest,residual,1.0,1.0,0.0,0.0,1.0,1.0,1.0,1.0
pr_auc,15,0.05,anomaly_detection,isolation_forest,residual,0.0516199894855073,0.0536658064807327,0.004938843843734578,0.09567696338104051,0.043213258253825,0.0555873968046363,0.04548760489199178,0.05775237407902282
precision,15,0.05,anomaly_detection,isolation_forest,residual,0.0464231354642313,0.0464231354642313,0.0,0.0,0.0464231354642313,0.0464231354642313,0.0464231354642313,0.0464231354642313
recall,15,0.05,anomaly_detection,isolation_forest,residual,1.0,1.0,0.0,0.0,1.0,1.0,1.0,1.0
roc_auc,15,0.05,anomaly_detection,isolation_forest,residual,0.5619470647495193,0.5763180661494381,0.03722224317352446,0.06623798843066438,0.5031792550338204,0.5940169821935551,0.5157295454685681,0.6081645840304705
threshold,15,0.05,anomaly_detection,isolation_forest,residual,0.2937656541960819,0.2937656541960819,0.0,0.0,0.2937656541960819,0.2937656541960819,0.2937656541960819,0.2937656541960819
detection_latency,15,0.05,anomaly_detection,lstm_autoencoder,raw,1.3442622950819672,1.3442622950819672,0.0,0.0,1.3442622950819672,1.3442622950819672,1.3442622950819672,1.3442622950819672
f1,15,0.05,anomaly_detection,lstm_autoencoder,raw,0.5386064030131827,0.5386064030131827,0.0,0.0,0.5386064030131827,0.5386064030131827,0.5386064030131827,0.5386064030131827
false_positive_rate,15,0.05,anomaly_detection,lstm_autoencoder,raw,0.028731045490821998,0.028731045490822,3.878959614448864e-18,1.3500934435845645e-16,0.028731045490822,0.028731045490822,0.028731045490821998,0.028731045490821998
pr_auc,15,0.05,anomaly_detection,lstm_autoencoder,raw,0.561001698584242,0.561001698584242,0.0,0.0,0.561001698584242,0.561001698584242,0.561001698584242,0.561001698584242
precision,15,0.05,anomaly_detection,lstm_autoencoder,raw,0.4982578397212543,0.4982578397212543,0.0,0.0,0.4982578397212543,0.4982578397212543,0.4982578397212543,0.4982578397212543
recall,15,0.05,anomaly_detection,lstm_autoencoder,raw,0.5860655737704918,0.5860655737704918,0.0,0.0,0.5860655737704918,0.5860655737704918,0.5860655737704918,0.5860655737704918
roc_auc,15,0.05,anomaly_detection,lstm_autoencoder,raw,0.9493396177043947,0.9493396177043946,1.2412670766236366e-16,1.307505821388929e-16,0.9493396177043946,0.9493396177043946,0.9493396177043947,0.9493396177043947
threshold,15,0.05,anomaly_detection,lstm_autoencoder,raw,0.0007370078528765,0.0007370078528765,0.0,0.0,0.0007370078528765,0.0007370078528765,0.0007370078528765,0.0007370078528765
detection_latency,15,0.05,anomaly_detection,lstm_autoencoder,residual,0.0,0.0,0.0,0.0,0.0,0.0,0.0,0.0
f1,15,0.05,anomaly_detection,lstm_autoencoder,residual,0.08986726709822682,0.0887272727272727,0.002549104907420524,0.028365221172624498,0.0887272727272727,0.0944272445820433,0.08670213530703821,0.09303239888941542
false_positive_rate,15,0.05,anomaly_detection,lstm_autoencoder,residual,0.9867517956903431,1.0,0.029623885416198346,0.03002161794443265,0.9337589784517158,1.0,0.9499688836821361,1.0235347076985502
pr_auc,15,0.05,anomaly_detection,lstm_autoencoder,residual,0.11355274482442212,0.1135811015230124,0.016310001588805342,0.14363370620432156,0.0891926562839235,0.1324868775500216,0.09330120304095633,0.1338042866078879
precision,15,0.05,anomaly_detection,lstm_autoencoder,residual,0.04704915012605602,0.0464231354642313,0.0013998113387516191,0.02975210678622647,0.0464231354642313,0.0495532087733549,0.04531105478245072,0.04878724546966132
recall,15,0.05,anomaly_detection,lstm_autoencoder,residual,1.0,1.0,0.0,0.0,1.0,1.0,1.0,1.0
roc_auc,15,0.05,anomaly_detection,lstm_autoencoder,residual,0.6392145735480749,0.6510031661716797,0.033282879158067345,0.05206839852434022,0.5825265265003337,0.6643702654612538,0.5978884207409363,0.6805407263552135
threshold,15,0.05,anomaly_detection,lstm_autoencoder,residual,0.0003816792741417,0.0003816792741417,0.0,0.0,0.0003816792741417,0.0003816792741417,0.0003816792741417,0.0003816792741417
mae,15,0.05,load_estimation,lstm,raw,1.5207642708001483,1.5250313654470782,0.022351815754666125,0.014697751771157633,1.4887331197030818,1.5441230989518504,1.4930108258830956,1.548517715717201
mape,15,0.05,load_estimation,lstm,raw,44.578093570774556,44.64584293095203,0.7820215447507923,0.017542731914033365,43.29800891131623,45.33246134582328,43.6070855728378,45.54910156871131
r2,15,0.05,load_estimation,lstm,raw,0.29275807111894975,0.2948743903583448,0.02406668543180926,0.08220673588886569,0.2631107182682037,0.3272806536454189,0.2628753342621772,0.3226408079757223
rmse,15,0.05,load_estimation,lstm,raw,1.9595462706967552,1.9568398589695932,0.03341839242577384,0.01705414815945697,1.911344629407077,2.0004290912629386,1.9180518559438264,2.001040685449684
mae,15,0.05,load_estimation,persistence,raw,1.833377162384116,1.8243915184856003,0.02551570275604968,0.013917323330715633,1.8156787291101124,1.8785337879233164,1.8016952328830604,1.8650590918851715
mape,15,0.05,load_estimation,persistence,raw,57.05623830941467,56.63573018062418,1.062044690979068,0.018613997740608557,56.150269485255066,58.87377257436558,55.73753565214252,58.374940966686815
r2,15,0.05,load_estimation,persistence,raw,-0.09127427945809542,-0.0820101208522208,0.025136633515724403,0.27539667982002297,-0.1350907331039434,-0.0721221185560201,-0.12248553233061252,-0.06006302658557832
rmse,15,0.05,load_estimation,persistence,raw,2.4309382493465512,2.420724522023127,0.02781410791630813,0.011441717173928506,2.409638181031058,2.4793908671342044,2.3964024729047173,2.465474025788385
mae,15,0.05,load_estimation,xgboost,raw,1.407147216869453,1.4102524927898086,0.009578106189729828,0.006806754883144846,1.3957525183484978,1.4179654411483935,1.3952544272426928,1.4190400064962132
mape,15,0.05,load_estimation,xgboost,raw,43.37932928943843,42.93697179012182,0.6825680688741981,0.015734869119804096,42.83408208204542,44.24652148868349,42.53180909199387,44.22684948688299
r2,15,0.05,load_estimation,xgboost,raw,0.35276987348930733,0.3525870733893816,0.008805027055302459,0.02495969105357673,0.3430579465112234,0.3629203367291738,0.34183698839152815,0.3637027585870865
rmse,15,0.05,load_estimation,xgboost,raw,1.87219478077857,1.8724938127907371,0.01273677169092066,0.006803123169494123,1.857490404797839,1.8862238848611443,1.856379989916613,1.888009571640527
detection_latency,15,0.1,anomaly_detection,isolation_forest,raw,3.2459016393442623,3.2459016393442623,0.0,0.0,3.2459016393442623,3.2459016393442623,3.2459016393442623,3.2459016393442623
f1,15,0.1,anomaly_detection,isolation_forest,raw,0.1176470588235294,0.1176470588235294,0.0,0.0,0.1176470588235294,0.1176470588235294,0.1176470588235294,0.1176470588235294
false_positive_rate,15,0.1,anomaly_detection,isolation_forest,raw,0.0438946528332003,0.0438946528332003,0.0,0.0,0.0438946528332003,0.0438946528332003,0.0438946528332003,0.0438946528332003
pr_auc,15,0.1,anomaly_detection,isolation_forest,raw,0.09385708598261,0.09385708598261,0.0,0.0,0.09385708598261,0.09385708598261,0.09385708598261,0.09385708598261
precision,15,0.1,anomaly_detection,isolation_forest,raw,0.1164658634538152,0.1164658634538152,0.0,0.0,0.1164658634538152,0.1164658634538152,0.1164658634538152,0.1164658634538152
recall,15,0.1,anomaly_detection,isolation_forest,raw,0.11885245901639338,0.1188524590163934,1.5515838457795457e-17,1.30547054610417e-16,0.1188524590163934,0.1188524590163934,0.11885245901639338,0.11885245901639338
roc_auc,15,0.1,anomaly_detection,isolation_forest,raw,0.7138596875695052,0.7138596875695052,0.0,0.0,0.7138596875695052,0.7138596875695052,0.7138596875695052,0.7138596875695052
threshold,15,0.1,anomaly_detection,isolation_forest,raw,0.5031683371451802,0.5031683371451802,0.0,0.0,0.5031683371451802,0.5031683371451802,0.5031683371451802,0.5031683371451802
detection_latency,15,0.1,anomaly_detection,isolation_forest,residual,0.0,0.0,0.0,0.0,0.0,0.0,0.0,0.0
f1,15,0.1,anomaly_detection,isolation_forest,residual,0.0887272727272727,0.0887272727272727,0.0,0.0,0.0887272727272727,0.0887272727272727,0.0887272727272727,0.0887272727272727
false_positive_rate,15,0.1,anomaly_detection,isolation_forest,residual,1.0,1.0,0.0,0.0,1.0,1.0,1.0,1.0
pr_auc,15,0.1,anomaly_detection,isolation_forest,residual,0.05105953071569673,0.0508062053671246,0.0034411999946388455,0.0673958406276725,0.0467240718465274,0.055536366984845,0.046786716571734686,0.05533234485965877
precision,15,0.1,anomaly_detection,isolation_forest,residual,0.0464231354642313,0.0464231354642313,0.0,0.0,0.0464231354642313,0.0464231354642313,0.0464231354642313,0.0464231354642313
recall,15,0.1,anomaly_detection,isolation_forest,residual,1.0,1.0,0.0,0.0,1.0,1.0,1.0,1.0
roc_auc,15,0.1,anomaly_detection,isolation_forest,residual,0.5672309408239897,0.566501870919629,0.027446959366637436,0.04838762731589805,0.5363741773841142,0.6076408423063338,0.5331510395182745,0.601310842129705
threshold,15,0.1,anomaly_detection,isolation_forest,residual,0.2937656541960819,0.2937656541960819,0.0,0.0,0.2937656541960819,0.2937656541960819,0.2937656541960819,0.2937656541960819
detection_latency,15,0.1,anomaly_detection,lstm_autoencoder,raw,1.3442622950819672,1.3442622950819672,0.0,0.0,1.3442622950819672,1.3442622950819672,1.3442622950819672,1.3442622950819672
f1,15,0.1,anomaly_detection,lstm_autoencoder,raw,0.5386064030131827,0.5386064030131827,0.0,0.0,0.5386064030131827,0.5386064030131827,0.5386064030131827,0.5386064030131827
false_positive_rate,15,0.1,anomaly_detection,lstm_autoencoder,raw,0.028731045490821998,0.028731045490822,3.878959614448864e-18,1.3500934435845645e-16,0.028731045490822,0.028731045490822,0.028731045490821998,0.028731045490821998
pr_auc,15,0.1,anomaly_detection,lstm_autoencoder,raw,0.561001698584242,0.561001698584242,0.0,0.0,0.561001698584242,0.561001698584242,0.561001698584242,0.561001698584242
precision,15,0.1,anomaly_detection,lstm_autoencoder,raw,0.4982578397212543,0.4982578397212543,0.0,0.0,0.4982578397212543,0.4982578397212543,0.4982578397212543,0.4982578397212543
recall,15,0.1,anomaly_detection,lstm_autoencoder,raw,0.5860655737704918,0.5860655737704918,0.0,0.0,0.5860655737704918,0.5860655737704918,0.5860655737704918,0.5860655737704918
roc_auc,15,0.1,anomaly_detection,lstm_autoencoder,raw,0.9493396177043947,0.9493396177043946,1.2412670766236366e-16,1.307505821388929e-16,0.9493396177043946,0.9493396177043946,0.9493396177043947,0.9493396177043947
threshold,15,0.1,anomaly_detection,lstm_autoencoder,raw,0.0007370078528765,0.0007370078528765,0.0,0.0,0.0007370078528765,0.0007370078528765,0.0007370078528765,0.0007370078528765
detection_latency,15,0.1,anomaly_detection,lstm_autoencoder,residual,0.0,0.0,0.0,0.0,0.0,0.0,0.0,0.0
f1,15,0.1,anomaly_detection,lstm_autoencoder,residual,0.08985631054306356,0.0887272727272727,0.002524605305276253,0.028096026756699945,0.0887272727272727,0.094372461806227,0.08672159902582781,0.09299102206029931
false_positive_rate,15,0.1,anomaly_detection,lstm_autoencoder,residual,0.9868715083798882,1.0,0.02935619970460624,0.029746729392156904,0.9343575418994412,1.0,0.9504209720825987,1.0233220446771778
pr_auc,15,0.1,anomaly_detection,lstm_autoencoder,residual,0.10974657540169505,0.1030473311930599,0.014447893102019655,0.1316477807998782,0.0976640144814501,0.1301552294242325,0.09180714668702075,0.12768600411636935
precision,15,0.1,anomaly_detection,lstm_autoencoder,residual,0.04704311563746986,0.0464231354642313,0.0013863178120635164,0.0294690900736029,0.0464231354642313,0.0495230363304241,0.04532177472016198,0.048764456554777735
recall,15,0.1,anomaly_detection,lstm_autoencoder,residual,1.0,1.0,0.0,0.0,1.0,1.0,1.0,1.0
roc_auc,15,0.1,anomaly_detection,lstm_autoencoder,residual,0.6373580456085722,0.6361936270982429,0.008604201958245511,0.013499793432480972,0.6280950309421323,0.6508821451467297,0.6266745178037445,0.6480415734134
threshold,15,0.1,anomaly_detection,lstm_autoencoder,residual,0.0003816792741417,0.0003816792741417,0.0,0.0,0.0003816792741417,0.0003816792741417,0.0003816792741417,0.0003816792741417
mae,15,0.1,load_estimation,lstm,raw,1.5240747544179107,1.5256171976656616,0.02978950716963402,0.019545961957103286,1.481651876457057,1.5576997126080487,1.4870861958411432,1.5610633129946783
mape,15,0.1,load_estimation,lstm,raw,44.937903125058625,45.268710849279245,1.3248509653608862,0.029481815421470176,42.66467023259599,46.14472270642403,43.29288337838451,46.58292287173274
r2,15,0.1,load_estimation,lstm,raw,0.2912132386090503,0.3017998355163079,0.02916239379117148,0.10014103043688061,0.2594443784545912,0.3234013725977451,0.2550033441371117,0.3274231330809889
rmse,15,0.1,load_estimation,lstm,raw,1.9615823277761262,1.947206520718201,0.040297097665378374,0.020543159007281517,1.916847655659816,2.0053994123582317,1.911546872372925,2.0116177831793274
mae,15,0.1,load_estimation,persistence,raw,1.8362148404665732,1.837170937085805,0.00673018053046293,0.0036652467794851414,1.825567348680177,1.84326289911702,1.8278582176004856,1.8445714633326609
mape,15,0.1,load_estimation,persistence,raw,56.7981722793946,56.70756809738299,0.410110259308017,0.0072204833861669515,56.351620285961005,57.2949807164655,56.28895313511782,57.307391423671376
r2,15,0.1,load_estimation,persistence,raw,-0.10375421873219,-0.1030557621687999,0.012303563617307448,0.11858374307714041,-0.118698031751093,-0.091075189166589,-0.11903111072541034,-0.08847732673896966
rmse,15,0.1,load_estimation,persistence,raw,2.4448966354372255,2.44415330032416,0.013623081618539196,0.005572048086238604,2.430843772553818,2.4614223803619315,2.4279813454468937,2.4618119254275572
mae,15,0.1,load_estimation,xgboost,raw,1.417183468711975,1.4204962215693937,0.018202007064672846,0.012843790141876244,1.3864868881359491,1.4349861437372602,1.3945826918447202,1.43978424557923
mape,15,0.1,load_estimation,xgboost,raw,43.67523368830712,43.876863998357926,0.4691438724613116,0.010741645386706022,42.93870910831868,44.12923198992794,43.092714631894005,44.25775274472023
r2,15,0.1,load_estimation,xgboost,raw,0.3419213600475682,0.3428624468077603,0.014887666066728117,0.043541199253117564,0.3276369256294186,0.363123070559618,0.323435881075232,0.36040683901990433
rmse,15,0.1,load_estimation,xgboost,raw,1.8877578897420524,1.8865045251228645,0.021394307862414304,0.011333184185678425,1.8571948325718528,1.908234024694923,1.8611933479028049,1.9143224315812999
detection_latency,15,0.2,anomaly_detection,isolation_forest,raw,3.2459016393442623,3.2459016393442623,0.0,0.0,3.2459016393442623,3.2459016393442623,3.2459016393442623,3.2459016393442623
f1,15,0.2,anomaly_detection,isolation_forest,raw,0.1176470588235294,0.1176470588235294,0.0,0.0,0.1176470588235294,0.1176470588235294,0.1176470588235294,0.1176470588235294
false_positive_rate,15,0.2,anomaly_detection,isolation_forest,raw,0.0438946528332003,0.0438946528332003,0.0,0.0,0.0438946528332003,0.0438946528332003,0.0438946528332003,0.0438946528332003
pr_auc,15,0.2,anomaly_detection,isolation_forest,raw,0.09385708598261,0.09385708598261,0.0,0.0,0.09385708598261,0.09385708598261,0.09385708598261,0.09385708598261
precision,15,0.2,anomaly_detection,isolation_forest,raw,0.1164658634538152,0.1164658634538152,0.0,0.0,0.1164658634538152,0.1164658634538152,0.1164658634538152,0.1164658634538152
recall,15,0.2,anomaly_detection,isolation_forest,raw,0.11885245901639338,0.1188524590163934,1.5515838457795457e-17,1.30547054610417e-16,0.1188524590163934,0.1188524590163934,0.11885245901639338,0.11885245901639338
roc_auc,15,0.2,anomaly_detection,isolation_forest,raw,0.7138596875695052,0.7138596875695052,0.0,0.0,0.7138596875695052,0.7138596875695052,0.7138596875695052,0.7138596875695052
threshold,15,0.2,anomaly_detection,isolation_forest,raw,0.5031683371451802,0.5031683371451802,0.0,0.0,0.5031683371451802,0.5031683371451802,0.5031683371451802,0.5031683371451802
detection_latency,15,0.2,anomaly_detection,isolation_forest,residual,0.0,0.0,0.0,0.0,0.0,0.0,0.0,0.0
f1,15,0.2,anomaly_detection,isolation_forest,residual,0.0887272727272727,0.0887272727272727,0.0,0.0,0.0887272727272727,0.0887272727272727,0.0887272727272727,0.0887272727272727
false_positive_rate,15,0.2,anomaly_detection,isolation_forest,residual,1.0,1.0,0.0,0.0,1.0,1.0,1.0,1.0
pr_auc,15,0.2,anomaly_detection,isolation_forest,residual,0.05078920882835654,0.0518892167762387,0.003922272653814287,0.07722649642111398,0.0443108300612916,0.0540294684205144,0.045919064082976205,0.05565935357373687
precision,15,0.2,anomaly_detection,isolation_forest,residual,0.0464231354642313,0.0464231354642313,0.0,0.0,0.0464231354642313,0.0464231354642313,0.0464231354642313,0.0464231354642313
recall,15,0.2,anomaly_detection,isolation_forest,residual,1.0,1.0,0.0,0.0,1.0,1.0,1.0,1.0
roc_auc,15,0.2,anomaly_detection,isolation_forest,residual,0.5647307936362566,0.569165151178156,0.03171367589381011,0.05615715709357424,0.5117275914853533,0.5936297966846781,0.5253530640282099,0.6041085232443032
threshold,15,0.2,anomaly_detection,isolation_forest,residual,0.2937656541960819,0.2937656541960819,0.0,0.0,0.2937656541960819,0.2937656541960819,0.2937656541960819,0.2937656541960819
detection_latency,15,0.2,anomaly_detection,lstm_autoencoder,raw,1.3442622950819672,1.3442622950819672,0.0,0.0,1.3442622950819672,1.3442622950819672,1.3442622950819672,1.3442622950819672
f1,15,0.2,anomaly_detection,lstm_autoencoder,raw,0.5386064030131827,0.5386064030131827,0.0,0.0,0.5386064030131827,0.5386064030131827,0.5386064030131827,0.5386064030131827
false_positive_rate,15,0.2,anomaly_detection,lstm_autoencoder,raw,0.028731045490821998,0.028731045490822,3.878959614448864e-18,1.3500934435845645e-16,0.028731045490822,0.028731045490822,0.028731045490821998,0.028731045490821998
pr_auc,15,0.2,anomaly_detection,lstm_autoencoder,raw,0.561001698584242,0.561001698584242,0.0,0.0,0.561001698584242,0.561001698584242,0.561001698584242,0.561001698584242
precision,15,0.2,anomaly_detection,lstm_autoencoder,raw,0.4982578397212543,0.4982578397212543,0.0,0.0,0.4982578397212543,0.4982578397212543,0.4982578397212543,0.4982578397212543
recall,15,0.2,anomaly_detection,lstm_autoencoder,raw,0.5860655737704918,0.5860655737704918,0.0,0.0,0.5860655737704918,0.5860655737704918,0.5860655737704918,0.5860655737704918
roc_auc,15,0.2,anomaly_detection,lstm_autoencoder,raw,0.9493396177043947,0.9493396177043946,1.2412670766236366e-16,1.307505821388929e-16,0.9493396177043946,0.9493396177043946,0.9493396177043947,0.9493396177043947
threshold,15,0.2,anomaly_detection,lstm_autoencoder,raw,0.0007370078528765,0.0007370078528765,0.0,0.0,0.0007370078528765,0.0007370078528765,0.0007370078528765,0.0007370078528765
detection_latency,15,0.2,anomaly_detection,lstm_autoencoder,residual,0.0,0.0,0.0,0.0,0.0,0.0,0.0,0.0
f1,15,0.2,anomaly_detection,lstm_autoencoder,residual,0.08983807784178724,0.0887272727272727,0.0024838357458089504,0.027647917291632216,0.0887272727272727,0.0942812982998454,0.08675398841876467,0.09292216726480981
false_positive_rate,15,0.2,anomaly_detection,lstm_autoencoder,residual,0.98707102952913,1.0,0.0289100568519526,0.029288729976953923,0.9353551476456504,1.0,0.9511744527500363,1.0229676063082236
pr_auc,15,0.2,anomaly_detection,lstm_autoencoder,residual,0.11352651052815199,0.1123321833861554,0.006930295146982588,0.06104561053397332,0.1042913795674832,0.1215206623476556,0.10492141254721744,0.12213160850908654
precision,15,0.2,anomaly_detection,lstm_autoencoder,residual,0.0470330744703307,0.0464231354642313,0.0013638650797669198,0.028997999708211084,0.0464231354642313,0.0494728304947283,0.04533961230237681,0.048726536638284586
recall,15,0.2,anomaly_detection,lstm_autoencoder,residual,1.0,1.0,0.0,0.0,1.0,1.0,1.0,1.0
roc_auc,15,0.2,anomaly_detection,lstm_autoencoder,residual,0.6443667983724307,0.6437926026716208,0.013200686388168622,0.020486292002492187,0.6301761019454948,0.6633464930069473,0.6279759813326633,0.6607576154121981
threshold,15,0.2,anomaly_detection,lstm_autoencoder,residual,0.0003816792741417,0.0003816792741417,0.0,0.0,0.0003816792741417,0.0003816792741417,0.0003816792741417,0.0003816792741417
mae,15,0.2,load_estimation,lstm,raw,1.5426379096000027,1.5386112167984218,0.04648842683514704,0.030135669910511424,1.4778978874276525,1.593928386644312,1.4849149036656708,1.6003609155343346
mape,15,0.2,load_estimation,lstm,raw,45.60599186858131,44.983662235463065,1.483513604705359,0.03252891876532949,44.2613627090222,47.21704087816145,43.76396643477318,47.448017302389445
r2,15,0.2,load_estimation,lstm,raw,0.2748628963542684,0.261204837511125,0.0406199986843883,0.14778276450974137,0.229674561073661,0.3329382410443686,0.2244265063807792,0.3252992863277576
rmse,15,0.2,load_estimation,lstm,raw,1.9837829240127771,2.0030143624746204,0.05591320979812871,0.028185145219935658,1.903290430340269,2.0453100948896847,1.9143575043824268,2.0532083436431274
mae,15,0.2,load_estimation,persistence,raw,1.8536021250341217,1.8568141718750857,0.021474068715491058,0.011585047527443763,1.819929579417455,1.8763758682134128,1.8269385470151427,1.8802657030531007
mape,15,0.2,load_estimation,persistence,raw,58.331029851037044,58.68267790596002,1.1432579993451082,0.019599482509818616,56.663804449183694,59.54367761466221,56.91148755259176,59.75057214948233
r2,15,0.2,load_estimation,persistence,raw,-0.10596795949397364,-0.1047384268883329,0.016937954635320707,0.1598403396291118,-0.1225600925775325,-0.0800481454933028,-0.12699920796785993,-0.08493671102008735
rmse,15,0.2,load_estimation,persistence,raw,2.447319956787665,2.446016815945967,0.018779862680584018,0.0076736442362176195,2.418528813909456,2.465667481509107,2.424001677405973,2.4706382361693566
mae,15,0.2,load_estimation,xgboost,raw,1.4316684132478732,1.4437455910752717,0.022939063772647796,0.01602260939780629,1.4065848712552809,1.452096836457151,1.4031858036088762,1.4601510228868702
mape,15,0.2,load_estimation,xgboost,raw,44.68226549120115,44.6506245254572,0.8555191570983319,0.019146727402772384,43.40254332977434,45.49999159116828,43.61999815405852,45.74453282834378
r2,15,0.2,load_estimation,xgboost,raw,0.33848797580250845,0.3306690654672365,0.019352080787866346,0.05717213659358275,0.3204118094241119,0.3669017341403195,0.31445919379788406,0.36251675780713283
rmse,15,0.2,load_estimation,xgboost,raw,1.8926098952828423,1.9039264038120725,0.027798223841495117,0.014687772641778772,1.851677161597136,1.9184594311253356,1.8580938415248482,1.9271259490408363
detection_latency,60,0.0,anomaly_detection,isolation_forest,raw,3.2459016393442623,3.2459016393442623,0.0,0.0,3.2459016393442623,3.2459016393442623,3.2459016393442623,3.2459016393442623
f1,60,0.0,anomaly_detection,isolation_forest,raw,0.1176470588235294,0.1176470588235294,0.0,0.0,0.1176470588235294,0.1176470588235294,0.1176470588235294,0.1176470588235294
false_positive_rate,60,0.0,anomaly_detection,isolation_forest,raw,0.0438946528332003,0.0438946528332003,0.0,0.0,0.0438946528332003,0.0438946528332003,0.0438946528332003,0.0438946528332003
pr_auc,60,0.0,anomaly_detection,isolation_forest,raw,0.09385708598261,0.09385708598261,0.0,0.0,0.09385708598261,0.09385708598261,0.09385708598261,0.09385708598261
precision,60,0.0,anomaly_detection,isolation_forest,raw,0.1164658634538152,0.1164658634538152,0.0,0.0,0.1164658634538152,0.1164658634538152,0.1164658634538152,0.1164658634538152
recall,60,0.0,anomaly_detection,isolation_forest,raw,0.11885245901639338,0.1188524590163934,1.5515838457795457e-17,1.30547054610417e-16,0.1188524590163934,0.1188524590163934,0.11885245901639338,0.11885245901639338
roc_auc,60,0.0,anomaly_detection,isolation_forest,raw,0.7138596875695052,0.7138596875695052,0.0,0.0,0.7138596875695052,0.7138596875695052,0.7138596875695052,0.7138596875695052
threshold,60,0.0,anomaly_detection,isolation_forest,raw,0.5031683371451802,0.5031683371451802,0.0,0.0,0.5031683371451802,0.5031683371451802,0.5031683371451802,0.5031683371451802
detection_latency,60,0.0,anomaly_detection,isolation_forest,residual,0.0,0.0,0.0,0.0,0.0,0.0,0.0,0.0
f1,60,0.0,anomaly_detection,isolation_forest,residual,0.0887272727272727,0.0887272727272727,0.0,0.0,0.0887272727272727,0.0887272727272727,0.0887272727272727,0.0887272727272727
false_positive_rate,60,0.0,anomaly_detection,isolation_forest,residual,1.0,1.0,0.0,0.0,1.0,1.0,1.0,1.0
pr_auc,60,0.0,anomaly_detection,isolation_forest,residual,0.046457706582803085,0.046556338284325,0.000339042958497541,0.007297884106552993,0.0460211600205415,0.046852790017781,0.046036729147392194,0.046878684018213976
precision,60,0.0,anomaly_detection,isolation_forest,residual,0.0464231354642313,0.0464231354642313,0.0,0.0,0.0464231354642313,0.0464231354642313,0.0464231354642313,0.0464231354642313
recall,60,0.0,anomaly_detection,isolation_forest,residual,1.0,1.0,0.0,0.0,1.0,1.0,1.0,1.0
roc_auc,60,0.0,anomaly_detection,isolation_forest,residual,0.5106132168042599,0.5111727755027279,0.003994819539011046,0.007823572535025925,0.5057718034095221,0.5157862932241309,0.5056529932033489,0.5155734404051708
threshold,60,0.0,anomaly_detection,isolation_forest,residual,0.2937656541960819,0.2937656541960819,0.0,0.0,0.2937656541960819,0.2937656541960819,0.2937656541960819,0.2937656541960819
detection_latency,60,0.0,anomaly_detection,lstm_autoencoder,raw,1.3442622950819672,1.3442622950819672,0.0,0.0,1.3442622950819672,1.3442622950819672,1.3442622950819672,1.3442622950819672
f1,60,0.0,anomaly_detection,lstm_autoencoder,raw,0.5386064030131827,0.5386064030131827,0.0,0.0,0.5386064030131827,0.5386064030131827,0.5386064030131827,0.5386064030131827
false_positive_rate,60,0.0,anomaly_detection,lstm_autoencoder,raw,0.028731045490821998,0.028731045490822,3.878959614448864e-18,1.3500934435845645e-16,0.028731045490822,0.028731045490822,0.028731045490821998,0.028731045490821998
pr_auc,60,0.0,anomaly_detection,lstm_autoencoder,raw,0.561001698584242,0.561001698584242,0.0,0.0,0.561001698584242,0.561001698584242,0.561001698584242,0.561001698584242
precision,60,0.0,anomaly_detection,lstm_autoencoder,raw,0.4982578397212543,0.4982578397212543,0.0,0.0,0.4982578397212543,0.4982578397212543,0.4982578397212543,0.4982578397212543
recall,60,0.0,anomaly_detection,lstm_autoencoder,raw,0.5860655737704918,0.5860655737704918,0.0,0.0,0.5860655737704918,0.5860655737704918,0.5860655737704918,0.5860655737704918
roc_auc,60,0.0,anomaly_detection,lstm_autoencoder,raw,0.9493396177043947,0.9493396177043946,1.2412670766236366e-16,1.307505821388929e-16,0.9493396177043946,0.9493396177043946,0.9493396177043947,0.9493396177043947
threshold,60,0.0,anomaly_detection,lstm_autoencoder,raw,0.0007370078528765,0.0007370078528765,0.0,0.0,0.0007370078528765,0.0007370078528765,0.0007370078528765,0.0007370078528765
detection_latency,60,0.0,anomaly_detection,lstm_autoencoder,residual,0.0,0.0,0.0,0.0,0.0,0.0,0.0,0.0
f1,60,0.0,anomaly_detection,lstm_autoencoder,residual,0.08899917096010872,0.0887272727272727,0.000607982931583408,0.006831332528433536,0.0887272727272727,0.0900867638914528,0.08824426044243922,0.08975408147777822
false_positive_rate,60,0.0,anomaly_detection,lstm_autoencoder,residual,0.9966879489225857,1.0,0.007405971354049649,0.007430581820574297,0.9834397446129288,1.0,0.9874922209205339,1.0058836769246375
pr_auc,60,0.0,anomaly_detection,lstm_autoencoder,residual,0.11235695338195932,0.1127784791221577,0.0036336746715688473,0.032340452123297704,0.107517641349339,0.1174121041096797,0.1078451503610874,0.11686875640283124
precision,60,0.0,anomaly_detection,lstm_autoencoder,residual,0.0465721058969988,0.0464231354642313,0.0003331080143056936,0.007152522049194253,0.0464231354642313,0.0471679876280688,0.04615849766812227,0.04698571412587532
recall,60,0.0,anomaly_detection,lstm_autoencoder,residual,1.0,1.0,0.0,0.0,1.0,1.0,1.0,1.0
roc_auc,60,0.0,anomaly_detection,lstm_autoencoder,residual,0.5888040833147986,0.5907510499391624,0.005574719991493873,0.009467869108702157,0.5821446561040389,0.5960113759763452,0.5818821542012939,0.5957260124283034
threshold,60,0.0,anomaly_detection,lstm_autoencoder,residual,0.0003816792741417,0.0003816792741417,0.0,0.0,0.0003816792741417,0.0003816792741417,0.0003816792741417,0.0003816792741417
mae,60,0.0,load_estimation,lstm,raw,1.8357491133797583,1.8448200221729625,0.06710391264511635,0.03655396707318724,1.7449289876508502,1.908529576826068,1.752428600909707,1.9190696258498097
mape,60,0.0,load_estimation,lstm,raw,62.05121577348183,61.327191212551945,5.047690347619814,0.08134716273805859,56.348013770897545,68.28548131871182,55.78368039476166,68.318751152202
r2,60,0.0,load_estimation,lstm,raw,0.025720580953178158,-0.0050147355361485,0.06950890602012587,2.7024625200597194,-0.0367470143129631,0.1373336289556989,-0.060586125206541025,0.11202728711289733
rmse,60,0.0,load_estimation,lstm,raw,2.298982881824179,2.3361905161014715,0.08332212359506008,0.036243037846783045,2.164429657316403,2.3727852747307097,2.1955248007023087,2.4024409629460495
mae,60,0.0,load_estimation,persistence,raw,2.5157691672739193,2.5189492211675715,0.011183016451391302,0.004445167941822416,2.49722502805871,2.524485909775512,2.5018836183549062,2.5296547161929324
mape,60,0.0,load_estimation,persistence,raw,83.05643306466713,83.30379011834549,0.5274708495924323,0.006350752495977613,82.2635610789638,83.5484386233321,82.40149150062625,83.71137462870801
r2,60,0.0,load_estimation,persistence,raw,-0.8930274824005501,-0.8965795459499477,0.014585519446106063,0.016332665828938078,-0.9048996265177228,-0.8690322654540237,-0.9111377967918809,-0.8749171680092193
rmse,60,0.0,load_estimation,persistence,raw,3.2018839015319402,3.2049055806652404,0.01235607850425594,0.0038590026635082486,3.1815452722126523,3.211927667480327,3.1865418036942263,3.217225999369654
mae,60,0.0,load_estimation,xgboost,raw,1.8685579971272837,1.863472614454352,0.02164346817584896,0.01158297907216344,1.84425920708448,1.9017035978388388,1.841684081897063,1.8954319123575043
mape,60,0.0,load_estimation,xgboost,raw,62.12731746006657,62.15516740545242,0.7724347774478838,0.012433093991936477,61.35763348665816,63.3176337747662,61.168213005949,63.08642191418414
r2,60,0.0,load_estimation,xgboost,raw,-0.1183045060909604,-0.1166876503888161,0.030309978520537312,0.2562030773133272,-0.163993683169531,-0.0799197441552674,-0.15593931520624096,-0.08066969697567983
rmse,60,0.0,load_estimation,xgboost,raw,2.4608093846637202,2.459209708713853,0.03328036845416336,0.013524155370006953,2.4183850464453287,2.510758951989842,2.4194863493072294,2.502132420020211
detection_latency,60,0.05,anomaly_detection,isolation_forest,raw,3.2459016393442623,3.2459016393442623,0.0,0.0,3.2459016393442623,3.2459016393442623,3.2459016393442623,3.2459016393442623
f1,60,0.05,anomaly_detection,isolation_forest,raw,0.1176470588235294,0.1176470588235294,0.0,0.0,0.1176470588235294,0.1176470588235294,0.1176470588235294,0.1176470588235294
false_positive_rate,60,0.05,anomaly_detection,isolation_forest,raw,0.0438946528332003,0.0438946528332003,0.0,0.0,0.0438946528332003,0.0438946528332003,0.0438946528332003,0.0438946528332003
pr_auc,60,0.05,anomaly_detection,isolation_forest,raw,0.09385708598261,0.09385708598261,0.0,0.0,0.09385708598261,0.09385708598261,0.09385708598261,0.09385708598261
precision,60,0.05,anomaly_detection,isolation_forest,raw,0.1164658634538152,0.1164658634538152,0.0,0.0,0.1164658634538152,0.1164658634538152,0.1164658634538152,0.1164658634538152
recall,60,0.05,anomaly_detection,isolation_forest,raw,0.11885245901639338,0.1188524590163934,1.5515838457795457e-17,1.30547054610417e-16,0.1188524590163934,0.1188524590163934,0.11885245901639338,0.11885245901639338
roc_auc,60,0.05,anomaly_detection,isolation_forest,raw,0.7138596875695052,0.7138596875695052,0.0,0.0,0.7138596875695052,0.7138596875695052,0.7138596875695052,0.7138596875695052
threshold,60,0.05,anomaly_detection,isolation_forest,raw,0.5031683371451802,0.5031683371451802,0.0,0.0,0.5031683371451802,0.5031683371451802,0.5031683371451802,0.5031683371451802
detection_latency,60,0.05,anomaly_detection,isolation_forest,residual,0.0,0.0,0.0,0.0,0.0,0.0,0.0,0.0
f1,60,0.05,anomaly_detection,isolation_forest,residual,0.0887272727272727,0.0887272727272727,0.0,0.0,0.0887272727272727,0.0887272727272727,0.0887272727272727,0.0887272727272727
false_positive_rate,60,0.05,anomaly_detection,isolation_forest,residual,1.0,1.0,0.0,0.0,1.0,1.0,1.0,1.0
pr_auc,60,0.05,anomaly_detection,isolation_forest,residual,0.044806939692444425,0.0434818655744806,0.002363927569285262,0.05275806795802838,0.042834722234047,0.0480503000762108,0.04187173593530158,0.04774214344958727
precision,60,0.05,anomaly_detection,isolation_forest,residual,0.0464231354642313,0.0464231354642313,0.0,0.0,0.0464231354642313,0.0464231354642313,0.0464231354642313,0.0464231354642313
recall,60,0.05,anomaly_detection,isolation_forest,residual,1.0,1.0,0.0,0.0,1.0,1.0,1.0,1.0
roc_auc,60,0.05,anomaly_detection,isolation_forest,residual,0.5106756080488793,0.5074943087409889,0.015306883768938186,0.029973790656304632,0.4966036430599349,0.5329124036738058,0.49166960154829925,0.5296816145494594
threshold,60,0.05,anomaly_detection,isolation_forest,residual,0.2937656541960819,0.2937656541960819,0.0,0.0,0.2937656541960819,0.2937656541960819,0.2937656541960819,0.2937656541960819
detection_latency,60,0.05,anomaly_detection,lstm_autoencoder,raw,1.3442622950819672,1.3442622950819672,0.0,0.0,1.3442622950819672,1.3442622950819672,1.3442622950819672,1.3442622950819672
f1,60,0.05,anomaly_detection,lstm_autoencoder,raw,0.5386064030131827,0.5386064030131827,0.0,0.0,0.5386064030131827,0.5386064030131827,0.5386064030131827,0.5386064030131827
false_positive_rate,60,0.05,anomaly_detection,lstm_autoencoder,raw,0.028731045490821998,0.028731045490822,3.878959614448864e-18,1.3500934435845645e-16,0.028731045490822,0.028731045490822,0.028731045490821998,0.028731045490821998
pr_auc,60,0.05,anomaly_detection,lstm_autoencoder,raw,0.561001698584242,0.561001698584242,0.0,0.0,0.561001698584242,0.561001698584242,0.561001698584242,0.561001698584242
precision,60,0.05,anomaly_detection,lstm_autoencoder,raw,0.4982578397212543,0.4982578397212543,0.0,0.0,0.4982578397212543,0.4982578397212543,0.4982578397212543,0.4982578397212543
recall,60,0.05,anomaly_detection,lstm_autoencoder,raw,0.5860655737704918,0.5860655737704918,0.0,0.0,0.5860655737704918,0.5860655737704918,0.5860655737704918,0.5860655737704918
roc_auc,60,0.05,anomaly_detection,lstm_autoencoder,raw,0.9493396177043947,0.9493396177043946,1.2412670766236366e-16,1.307505821388929e-16,0.9493396177043946,0.9493396177043946,0.9493396177043947,0.9493396177043947
threshold,60,0.05,anomaly_detection,lstm_autoencoder,raw,0.0007370078528765,0.0007370078528765,0.0,0.0,0.0007370078528765,0.0007370078528765,0.0007370078528765,0.0007370078528765
detection_latency,60,0.05,anomaly_detection,lstm_autoencoder,residual,0.0,0.0,0.0,0.0,0.0,0.0,0.0,0.0
f1,60,0.05,anomaly_detection,lstm_autoencoder,residual,0.08899252126356756,0.0887272727272727,0.0005931137580876267,0.006664759573796232,0.0887272727272727,0.090053515408747,0.08825607326331082,0.0897289692638243
false_positive_rate,60,0.05,anomaly_detection,lstm_autoencoder,residual,0.9967677573822826,1.0,0.007227514212988162,0.007250951045977954,0.9838387869114126,1.0,0.9877936131875092,1.0057419015770561
pr_auc,60,0.05,anomaly_detection,lstm_autoencoder,residual,0.09822780875227406,0.0986833180929291,0.013174168806365308,0.13411852482213,0.0808946117641248,0.1172144161858648,0.0818699176391512,0.11458569986539692
precision,60,0.05,anomaly_detection,lstm_autoencoder,residual,0.046568460062206274,0.0464231354642313,0.00032495567987488375,0.0069780207342224135,0.0464231354642313,0.0471497584541062,0.0461649742934938,0.046971945830918745
recall,60,0.05,anomaly_detection,lstm_autoencoder,residual,1.0,1.0,0.0,0.0,1.0,1.0,1.0,1.0
roc_auc,60,0.05,anomaly_detection,lstm_autoencoder,residual,0.565307687778839,0.563777262438999,0.020690359859355353,0.03660017421777905,0.5398690683343581,0.5926661258880327,0.5396172128315971,0.5909981627260809
threshold,60,0.05,anomaly_detection,lstm_autoencoder,residual,0.0003816792741417,0.0003816792741417,0.0,0.0,0.0003816792741417,0.0003816792741417,0.0003816792741417,0.0003816792741417
mae,60,0.05,load_estimation,lstm,raw,1.8283020232663698,1.8279185642732296,0.07397483406489858,0.04046094853230986,1.746102231286485,1.9092180487669017,1.7364501350348878,1.9201539114978519
mape,60,0.05,load_estimation,lstm,raw,60.67131779242241,60.113276753312896,5.74495057754002,0.09468972797319955,55.06806319709264,66.75026830646034,53.53801948883104,67.80461609601377
r2,60,0.05,load_estimation,lstm,raw,0.028818518291734718,0.0144746468066764,0.05760352218393495,1.9988370533420485,-0.0473767741234565,0.1084226327605328,-0.042705701373789165,0.10034273795725861
rmse,60,0.05,load_estimation,lstm,raw,2.295718863878202,2.313427759228968,0.06826177573936684,0.02973437941963456,2.200399611067045,2.38491832933698,2.2109606744891708,2.380477053267233
mae,60,0.05,load_estimation,persistence,raw,2.500153210278334,2.5001537309480404,0.01822742161682156,0.00729052185357567,2.474331637336965,2.519273409016056,2.4775208770766457,2.522785543480022
mape,60,0.05,load_estimation,persistence,raw,83.20851877753215,83.36288336429833,0.5073505435888258,0.006097338962916618,82.67780169954644,83.81263323821354,82.57855987308879,83.8384776819755
r2,60,0.05,load_estimation,persistence,raw,-0.9065049368687891,-0.922684996238016,0.05029437278287489,0.055481631414606054,-0.962279270986884,-0.8433320155574979,-0.968953648865524,-0.8440562248720541
rmse,60,0.05,load_estimation,persistence,raw,3.2130564548149794,3.226887143416609,0.042449013565255884,0.013211412299227798,3.1595955329555583,3.2599438229312288,3.160349042911738,3.265763866718221
mae,60,0.05,load_estimation,xgboost,raw,1.8846303493374195,1.8916988506391528,0.022521796050083767,0.011950245870762809,1.8464313214772368,1.9057763346344727,1.8566658460071428,1.9125948526676961
mape,60,0.05,load_estimation,xgboost,raw,63.054192351995724,62.86106728245419,0.41526389204537695,0.006585825248973052,62.66376415832136,63.555568493154624,62.53857412748901,63.56981057650244
r2,60,0.05,load_estimation,xgboost,raw,-0.13722250725652294,-0.1422504778425581,0.03260756029595957,0.23762545188744577,-0.1622646797811389,-0.0817800965357304,-0.1777101409452744,-0.09673487356777147
rmse,60,0.05,load_estimation,xgboost,raw,2.4815108405620645,2.4871981287624867,0.03585034069749367,0.014446981295223168,2.4204671976738164,2.508893510589779,2.436996763194647,2.526024917929482
detection_latency,60,0.1,anomaly_detection,isolation_forest,raw,3.2459016393442623,3.2459016393442623,0.0,0.0,3.2459016393442623,3.2459016393442623,3.2459016393442623,3.2459016393442623
f1,60,0.1,anomaly_detection,isolation_forest,raw,0.1176470588235294,0.1176470588235294,0.0,0.0,0.1176470588235294,0.1176470588235294,0.1176470588235294,0.1176470588235294
false_positive_rate,60,0.1,anomaly_detection,isolation_forest,raw,0.0438946528332003,0.0438946528332003,0.0,0.0,0.0438946528332003,0.0438946528332003,0.0438946528332003,0.0438946528332003
pr_auc,60,0.1,anomaly_detection,isolation_forest,raw,0.09385708598261,0.09385708598261,0.0,0.0,0.09385708598261,0.09385708598261,0.09385708598261,0.09385708598261
precision,60,0.1,anomaly_detection,isolation_forest,raw,0.1164658634538152,0.1164658634538152,0.0,0.0,0.1164658634538152,0.1164658634538152,0.1164658634538152,0.1164658634538152
recall,60,0.1,anomaly_detection,isolation_forest,raw,0.11885245901639338,0.1188524590163934,1.5515838457795457e-17,1.30547054610417e-16,0.1188524590163934,0.1188524590163934,0.11885245901639338,0.11885245901639338
roc_auc,60,0.1,anomaly_detection,isolation_forest,raw,0.7138596875695052,0.7138596875695052,0.0,0.0,0.7138596875695052,0.7138596875695052,0.7138596875695052,0.7138596875695052
threshold,60,0.1,anomaly_detection,isolation_forest,raw,0.5031683371451802,0.5031683371451802,0.0,0.0,0.5031683371451802,0.5031683371451802,0.5031683371451802,0.5031683371451802
detection_latency,60,0.1,anomaly_detection,isolation_forest,residual,0.0,0.0,0.0,0.0,0.0,0.0,0.0,0.0
f1,60,0.1,anomaly_detection,isolation_forest,residual,0.0887272727272727,0.0887272727272727,0.0,0.0,0.0887272727272727,0.0887272727272727,0.0887272727272727,0.0887272727272727
false_positive_rate,60,0.1,anomaly_detection,isolation_forest,residual,1.0,1.0,0.0,0.0,1.0,1.0,1.0,1.0
pr_auc,60,0.1,anomaly_detection,isolation_forest,residual,0.04866985314879088,0.0491569909571857,0.005570599090087703,0.1144568707256536,0.042524767498928,0.0572011258956027,0.041753040810202334,0.05558666548737943
precision,60,0.1,anomaly_detection,isolation_forest,residual,0.0464231354642313,0.0464231354642313,0.0,0.0,0.0464231354642313,0.0464231354642313,0.0464231354642313,0.0464231354642313
recall,60,0.1,anomaly_detection,isolation_forest,residual,1.0,1.0,0.0,0.0,1.0,1.0,1.0,1.0
roc_auc,60,0.1,anomaly_detection,isolation_forest,residual,0.5041108716130467,0.5042300119058521,0.01851287736956143,0.03672382091329273,0.4845367020789449,0.5279489062316015,0.48112409828010105,0.5270976449459923
threshold,60,0.1,anomaly_detection,isolation_forest,residual,0.2937656541960819,0.2937656541960819,0.0,0.0,0.2937656541960819,0.2937656541960819,0.2937656541960819,0.2937656541960819
detection_latency,60,0.1,anomaly_detection,lstm_autoencoder,raw,1.3442622950819672,1.3442622950819672,0.0,0.0,1.3442622950819672,1.3442622950819672,1.3442622950819672,1.3442622950819672
f1,60,0.1,anomaly_detection,lstm_autoencoder,raw,0.5386064030131827,0.5386064030131827,0.0,0.0,0.5386064030131827,0.5386064030131827,0.5386064030131827,0.5386064030131827
false_positive_rate,60,0.1,anomaly_detection,lstm_autoencoder,raw,0.028731045490821998,0.028731045490822,3.878959614448864e-18,1.3500934435845645e-16,0.028731045490822,0.028731045490822,0.028731045490821998,0.028731045490821998
pr_auc,60,0.1,anomaly_detection,lstm_autoencoder,raw,0.561001698584242,0.561001698584242,0.0,0.0,0.561001698584242,0.561001698584242,0.561001698584242,0.561001698584242
precision,60,0.1,anomaly_detection,lstm_autoencoder,raw,0.4982578397212543,0.4982578397212543,0.0,0.0,0.4982578397212543,0.4982578397212543,0.4982578397212543,0.4982578397212543
recall,60,0.1,anomaly_detection,lstm_autoencoder,raw,0.5860655737704918,0.5860655737704918,0.0,0.0,0.5860655737704918,0.5860655737704918,0.5860655737704918,0.5860655737704918
roc_auc,60,0.1,anomaly_detection,lstm_autoencoder,raw,0.9493396177043947,0.9493396177043946,1.2412670766236366e-16,1.307505821388929e-16,0.9493396177043946,0.9493396177043946,0.9493396177043947,0.9493396177043947
threshold,60,0.1,anomaly_detection,lstm_autoencoder,raw,0.0007370078528765,0.0007370078528765,0.0,0.0,0.0007370078528765,0.0007370078528765,0.0007370078528765,0.0007370078528765
detection_latency,60,0.1,anomaly_detection,lstm_autoencoder,residual,0.0,0.0,0.0,0.0,0.0,0.0,0.0,0.0
f1,60,0.1,anomaly_detection,lstm_autoencoder,residual,0.08899584549817105,0.0887272727272727,0.0006005469726341652,0.006748033790481906,0.0887272727272727,0.0900701365817644,0.08825016794302094,0.08974152305332116
false_positive_rate,60,0.1,anomaly_detection,lstm_autoencoder,residual,0.9967278531524342,1.0,0.00731674278351888,0.007340762837496322,0.9836392657621708,1.0,0.9876429170540216,1.0058127892508468
pr_auc,60,0.1,anomaly_detection,lstm_autoencoder,residual,0.10234090615357783,0.0986399129615889,0.011500995017391758,0.11237925722616522,0.0888622774114278,0.1193119828831704,0.08806053469696161,0.11662127761019404
precision,60,0.1,anomaly_detection,lstm_autoencoder,residual,0.04657028262727988,0.0464231354642313,0.00032903105927287104,0.007065257943702744,0.0464231354642313,0.0471588712794742,0.04616173660668991,0.04697882864786985
recall,60,0.1,anomaly_detection,lstm_autoencoder,residual,1.0,1.0,0.0,0.0,1.0,1.0,1.0,1.0
roc_auc,60,0.1,anomaly_detection,lstm_autoencoder,residual,0.5850522679994243,0.5836794970758703,0.010891028005088585,0.018615478651728433,0.5708439090445226,0.5998971321287925,0.5715292706220769,0.5985752653767717
threshold,60,0.1,anomaly_detection,lstm_autoencoder,residual,0.0003816792741417,0.0003816792741417,0.0,0.0,0.0003816792741417,0.0003816792741417,0.0003816792741417,0.0003816792741417
mae,60,0.1,load_estimation,lstm,raw,1.810539694746343,1.8208706416296452,0.08329580287501555,0.04600606278708808,1.703895255869168,1.900438600189709,1.7071142951149587,1.9139650943777273
mape,60,0.1,load_estimation,lstm,raw,59.54622304676451,58.62408928672285,5.39447377632342,0.09059304688538987,54.04612892460412,65.2218403003744,52.84809916944941,66.24434692407961
r2,60,0.1,load_estimation,lstm,raw,0.044582667698419995,0.0210526086184624,0.08034197317705949,1.802089855199643,-0.0419697514285277,0.1674118210031954,-0.055175067940187256,0.14434040333702725
rmse,60,0.1,load_estimation,lstm,raw,2.276161256094922,2.3056942608880813,0.09704844182047542,0.042636892074586936,2.126361802522043,2.3787543615218123,2.155659699804665,2.3966628123851788
mae,60,0.1,load_estimation,persistence,raw,2.5047108875924957,2.5017248652932125,0.0333361383810823,0.013309375763174279,2.46139727956991,2.5548572575664954,2.463318604725567,2.5461031704594244
mape,60,0.1,load_estimation,persistence,raw,83.10544326885383,83.00596214860437,1.0290627674313,0.012382615710287306,81.8915704846388,84.68264192504104,81.82769307864245,84.38319345906521
r2,60,0.1,load_estimation,persistence,raw,-0.9188886479626357,-0.9142092699909984,0.057779675954234555,0.06287995404268398,-0.9973792442985588,-0.8363380051867095,-0.9906315914228885,-0.8471457045023829
rmse,60,0.1,load_estimation,persistence,raw,3.2234069511998116,3.219766782943409,0.048581785290586474,0.01507156434979562,3.153595733405547,3.2889704715467087,3.163084697436025,3.283729204963598
mae,60,0.1,load_estimation,xgboost,raw,1.8897792795432031,1.887252081474757,0.016382770804782124,0.008669145112408135,1.870147572804804,1.9074991632088496,1.8694373828440816,1.9101211762423247
mape,60,0.1,load_estimation,xgboost,raw,62.86922604495012,62.7149608749476,0.46623026282567226,0.007415874063605107,62.427520779455584,63.481580967601815,62.2903247127264,63.44812737717383
r2,60,0.1,load_estimation,xgboost,raw,-0.13187560408463553,-0.1287318911929851,0.01615349320745093,0.12249038265700676,-0.1510287969606789,-0.1097814819541542,-0.1519328150455564,-0.11181839312371467
rmse,60,0.1,load_estimation,xgboost,raw,2.47582647639627,2.472436270138036,0.017676376542646144,0.007139586199261947,2.45159340841092,2.4967370309888626,2.453878356024573,2.497774596767967
detection_latency,60,0.2,anomaly_detection,isolation_forest,raw,3.2459016393442623,3.2459016393442623,0.0,0.0,3.2459016393442623,3.2459016393442623,3.2459016393442623,3.2459016393442623
f1,60,0.2,anomaly_detection,isolation_forest,raw,0.1176470588235294,0.1176470588235294,0.0,0.0,0.1176470588235294,0.1176470588235294,0.1176470588235294,0.1176470588235294
false_positive_rate,60,0.2,anomaly_detection,isolation_forest,raw,0.0438946528332003,0.0438946528332003,0.0,0.0,0.0438946528332003,0.0438946528332003,0.0438946528332003,0.0438946528332003
pr_auc,60,0.2,anomaly_detection,isolation_forest,raw,0.09385708598261,0.09385708598261,0.0,0.0,0.09385708598261,0.09385708598261,0.09385708598261,0.09385708598261
precision,60,0.2,anomaly_detection,isolation_forest,raw,0.1164658634538152,0.1164658634538152,0.0,0.0,0.1164658634538152,0.1164658634538152,0.1164658634538152,0.1164658634538152
recall,60,0.2,anomaly_detection,isolation_forest,raw,0.11885245901639338,0.1188524590163934,1.5515838457795457e-17,1.30547054610417e-16,0.1188524590163934,0.1188524590163934,0.11885245901639338,0.11885245901639338
roc_auc,60,0.2,anomaly_detection,isolation_forest,raw,0.7138596875695052,0.7138596875695052,0.0,0.0,0.7138596875695052,0.7138596875695052,0.7138596875695052,0.7138596875695052
threshold,60,0.2,anomaly_detection,isolation_forest,raw,0.5031683371451802,0.5031683371451802,0.0,0.0,0.5031683371451802,0.5031683371451802,0.5031683371451802,0.5031683371451802
detection_latency,60,0.2,anomaly_detection,isolation_forest,residual,0.0,0.0,0.0,0.0,0.0,0.0,0.0,0.0
f1,60,0.2,anomaly_detection,isolation_forest,residual,0.0887272727272727,0.0887272727272727,0.0,0.0,0.0887272727272727,0.0887272727272727,0.0887272727272727,0.0887272727272727
false_positive_rate,60,0.2,anomaly_detection,isolation_forest,residual,1.0,1.0,0.0,0.0,1.0,1.0,1.0,1.0
pr_auc,60,0.2,anomaly_detection,isolation_forest,residual,0.048401429177895465,0.0506253745595223,0.007665473313645256,0.158372871294181,0.0389709732101137,0.0578057721243654,0.03888348693515044,0.05791937142064049
precision,60,0.2,anomaly_detection,isolation_forest,residual,0.0464231354642313,0.0464231354642313,0.0,0.0,0.0464231354642313,0.0464231354642313,0.0464231354642313,0.0464231354642313
recall,60,0.2,anomaly_detection,isolation_forest,residual,1.0,1.0,0.0,0.0,1.0,1.0,1.0,1.0
roc_auc,60,0.2,anomaly_detection,isolation_forest,residual,0.5264593663731635,0.558619558960135,0.05658699120468701,0.1074859615368248,0.4482160846754673,0.5744675892611829,0.45619733662763057,0.5967213961186963
threshold,60,0.2,anomaly_detection,isolation_forest,residual,0.2937656541960819,0.2937656541960819,0.0,0.0,0.2937656541960819,0.2937656541960819,0.2937656541960819,0.2937656541960819
detection_latency,60,0.2,anomaly_detection,lstm_autoencoder,raw,1.3442622950819672,1.3442622950819672,0.0,0.0,1.3442622950819672,1.3442622950819672,1.3442622950819672,1.3442622950819672
f1,60,0.2,anomaly_detection,lstm_autoencoder,raw,0.5386064030131827,0.5386064030131827,0.0,0.0,0.5386064030131827,0.5386064030131827,0.5386064030131827,0.5386064030131827
false_positive_rate,60,0.2,anomaly_detection,lstm_autoencoder,raw,0.028731045490821998,0.028731045490822,3.878959614448864e-18,1.3500934435845645e-16,0.028731045490822,0.028731045490822,0.028731045490821998,0.028731045490821998
pr_auc,60,0.2,anomaly_detection,lstm_autoencoder,raw,0.561001698584242,0.561001698584242,0.0,0.0,0.561001698584242,0.561001698584242,0.561001698584242,0.561001698584242
precision,60,0.2,anomaly_detection,lstm_autoencoder,raw,0.4982578397212543,0.4982578397212543,0.0,0.0,0.4982578397212543,0.4982578397212543,0.4982578397212543,0.4982578397212543
recall,60,0.2,anomaly_detection,lstm_autoencoder,raw,0.5860655737704918,0.5860655737704918,0.0,0.0,0.5860655737704918,0.5860655737704918,0.5860655737704918,0.5860655737704918
roc_auc,60,0.2,anomaly_detection,lstm_autoencoder,raw,0.9493396177043947,0.9493396177043946,1.2412670766236366e-16,1.307505821388929e-16,0.9493396177043946,0.9493396177043946,0.9493396177043947,0.9493396177043947
threshold,60,0.2,anomaly_detection,lstm_autoencoder,raw,0.0007370078528765,0.0007370078528765,0.0,0.0,0.0007370078528765,0.0007370078528765,0.0007370078528765,0.0007370078528765
detection_latency,60,0.2,anomaly_detection,lstm_autoencoder,residual,0.0,0.0,0.0,0.0,0.0,0.0,0.0,0.0
f1,60,0.2,anomaly_detection,lstm_autoencoder,residual,0.08897923658491606,0.0887272727272727,0.0005634083135636359,0.0063319077032758676,0.0887272727272727,0.0899870920154895,0.0882796727656754,0.08967880040415672
false_positive_rate,60,0.2,anomaly_detection,lstm_autoencoder,residual,0.996927374301676,1.0,0.006870599930865238,0.00689177577822851,0.98463687150838,1.0,0.9883963977214594,1.0054583508818926
pr_auc,60,0.2,anomaly_detection,lstm_autoencoder,residual,0.10620199678616152,0.1096656626657644,0.014091074166702145,0.13268181948663946,0.0821625914775419,0.1182311211297405,0.08870561729734835,0.12369837627497468
precision,60,0.2,anomaly_detection,lstm_autoencoder,residual,0.0465611768402014,0.0464231354642313,0.00030866990037675126,0.006629340607865446,0.0464231354642313,0.0471133423440818,0.046177912537574445,0.04694444114282835
recall,60,0.2,anomaly_detection,lstm_autoencoder,residual,1.0,1.0,0.0,0.0,1.0,1.0,1.0,1.0
roc_auc,60,0.2,anomaly_detection,lstm_autoencoder,residual,0.5794085179176534,0.5771222835686157,0.03212777350693228,0.055449259914916095,0.5312667630473747,0.6090587508013554,0.5395166182116509,0.6193004176236558
threshold,60,0.2,anomaly_detection,lstm_autoencoder,residual,0.0003816792741417,0.0003816792741417,0.0,0.0,0.0003816792741417,0.0003816792741417,0.0003816792741417,0.0003816792741417
mae,60,0.2,load_estimation,lstm,raw,1.8168740446472313,1.8381977164219103,0.07841371067783645,0.04315858378232347,1.708486762416766,1.8901008650697533,1.7195105631329957,1.914237526161467
mape,60,0.2,load_estimation,lstm,raw,60.472708409477924,60.10556436273332,5.346255930695119,0.088407747417134,54.16944821884439,66.8291240539794,53.83445489515044,67.1109619238054
r2,60,0.2,load_estimation,lstm,raw,0.0435836504742804,0.0036068609047072,0.0755743630357625,1.7340071841930833,-0.0264560796888031,0.1602735598801387,-0.05025431529440722,0.13742161624296803
rmse,60,0.2,load_estimation,lstm,raw,2.277540852930587,2.3261483375282683,0.09136235103719514,0.04011447299381532,2.13545761442348,2.360979561664432,2.1640995108564476,2.3909821950047268
mae,60,0.2,load_estimation,persistence,raw,2.4905091656533553,2.4918872464782758,0.01045824511135818,0.0041992397601213335,2.476475099858628,2.504717097162656,2.477523539214191,2.5034947920925195
mape,60,0.2,load_estimation,persistence,raw,81.70338183924076,81.85081927978743,0.4112848388551164,0.005033877785675491,81.14678411510316,82.19297796681218,81.19270426182733,82.2140594166542
r2,60,0.2,load_estimation,persistence,raw,-0.8984955162200998,-0.8921033582634921,0.015706245485539814,0.01748060530297887,-0.9190448719759184,-0.8848776977505435,-0.917997395786445,-0.8789936366537546
rmse,60,0.2,load_estimation,persistence,raw,3.2065020945163054,3.2011213382853607,0.013253967927246875,0.004133466168605828,3.195003189155827,3.223831043449164,3.1900451197076958,3.222959069324915
mae,60,0.2,load_estimation,xgboost,raw,1.8783581823791,1.877615566100341,0.027092552196160163,0.01442352819090401,1.845787044075889,1.9123392170422695,1.8447183356976715,1.9119980290605285
mape,60,0.2,load_estimation,xgboost,raw,61.885827084038965,61.62978628738309,0.8254969772902965,0.013339031183493728,61.18178671173943,63.30784495284944,60.86083720671157,62.91081696136636
r2,60,0.2,load_estimation,xgboost,raw,-0.12813604661112205,-0.1222886885156566,0.03489800963095218,0.27235122788565164,-0.1651571264514741,-0.0806600803559045,-0.1714676487788436,-0.08480444444340049
rmse,60,0.2,load_estimation,xgboost,raw,2.471546347328379,2.465369398303101,0.03828856887877096,0.015491746258434132,2.4192138632429083,2.512013424460773,2.424004809808864,2.519087884847894
detection_latency,300,0.0,anomaly_detection,isolation_forest,raw,3.2459016393442623,3.2459016393442623,0.0,0.0,3.2459016393442623,3.2459016393442623,3.2459016393442623,3.2459016393442623
f1,300,0.0,anomaly_detection,isolation_forest,raw,0.1176470588235294,0.1176470588235294,0.0,0.0,0.1176470588235294,0.1176470588235294,0.1176470588235294,0.1176470588235294
false_positive_rate,300,0.0,anomaly_detection,isolation_forest,raw,0.0438946528332003,0.0438946528332003,0.0,0.0,0.0438946528332003,0.0438946528332003,0.0438946528332003,0.0438946528332003
pr_auc,300,0.0,anomaly_detection,isolation_forest,raw,0.09385708598261,0.09385708598261,0.0,0.0,0.09385708598261,0.09385708598261,0.09385708598261,0.09385708598261
precision,300,0.0,anomaly_detection,isolation_forest,raw,0.1164658634538152,0.1164658634538152,0.0,0.0,0.1164658634538152,0.1164658634538152,0.1164658634538152,0.1164658634538152
recall,300,0.0,anomaly_detection,isolation_forest,raw,0.11885245901639338,0.1188524590163934,1.5515838457795457e-17,1.30547054610417e-16,0.1188524590163934,0.1188524590163934,0.11885245901639338,0.11885245901639338
roc_auc,300,0.0,anomaly_detection,isolation_forest,raw,0.7138596875695052,0.7138596875695052,0.0,0.0,0.7138596875695052,0.7138596875695052,0.7138596875695052,0.7138596875695052
threshold,300,0.0,anomaly_detection,isolation_forest,raw,0.5031683371451802,0.5031683371451802,0.0,0.0,0.5031683371451802,0.5031683371451802,0.5031683371451802,0.5031683371451802
detection_latency,300,0.0,anomaly_detection,isolation_forest,residual,0.0,0.0,0.0,0.0,0.0,0.0,0.0,0.0
f1,300,0.0,anomaly_detection,isolation_forest,residual,0.0887272727272727,0.0887272727272727,0.0,0.0,0.0887272727272727,0.0887272727272727,0.0887272727272727,0.0887272727272727
false_positive_rate,300,0.0,anomaly_detection,isolation_forest,residual,1.0,1.0,0.0,0.0,1.0,1.0,1.0,1.0
pr_auc,300,0.0,anomaly_detection,isolation_forest,residual,0.05114130068365397,0.0511658406769615,0.0016132676252769566,0.0315452990774753,0.0486452865463928,0.0529608269122771,0.04913816435387989,0.053144437013428046
precision,300,0.0,anomaly_detection,isolation_forest,residual,0.0464231354642313,0.0464231354642313,0.0,0.0,0.0464231354642313,0.0464231354642313,0.0464231354642313,0.0464231354642313
recall,300,0.0,anomaly_detection,isolation_forest,residual,1.0,1.0,0.0,0.0,1.0,1.0,1.0,1.0
roc_auc,300,0.0,anomaly_detection,isolation_forest,residual,0.5536840271872097,0.5534487721272224,0.009090474016286168,0.016418161929768887,0.5400048081326129,0.5650725144898145,0.5423967128745804,0.564971341499839
threshold,300,0.0,anomaly_detection,isolation_forest,residual,0.2937656541960819,0.2937656541960819,0.0,0.0,0.2937656541960819,0.2937656541960819,0.2937656541960819,0.2937656541960819
detection_latency,300,0.0,anomaly_detection,lstm_autoencoder,raw,1.3442622950819672,1.3442622950819672,0.0,0.0,1.3442622950819672,1.3442622950819672,1.3442622950819672,1.3442622950819672
f1,300,0.0,anomaly_detection,lstm_autoencoder,raw,0.5386064030131827,0.5386064030131827,0.0,0.0,0.5386064030131827,0.5386064030131827,0.5386064030131827,0.5386064030131827
false_positive_rate,300,0.0,anomaly_detection,lstm_autoencoder,raw,0.028731045490821998,0.028731045490822,3.878959614448864e-18,1.3500934435845645e-16,0.028731045490822,0.028731045490822,0.028731045490821998,0.028731045490821998
pr_auc,300,0.0,anomaly_detection,lstm_autoencoder,raw,0.561001698584242,0.561001698584242,0.0,0.0,0.561001698584242,0.561001698584242,0.561001698584242,0.561001698584242
precision,300,0.0,anomaly_detection,lstm_autoencoder,raw,0.4982578397212543,0.4982578397212543,0.0,0.0,0.4982578397212543,0.4982578397212543,0.4982578397212543,0.4982578397212543
recall,300,0.0,anomaly_detection,lstm_autoencoder,raw,0.5860655737704918,0.5860655737704918,0.0,0.0,0.5860655737704918,0.5860655737704918,0.5860655737704918,0.5860655737704918
roc_auc,300,0.0,anomaly_detection,lstm_autoencoder,raw,0.9493396177043947,0.9493396177043946,1.2412670766236366e-16,1.307505821388929e-16,0.9493396177043946,0.9493396177043946,0.9493396177043947,0.9493396177043947
threshold,300,0.0,anomaly_detection,lstm_autoencoder,raw,0.0007370078528765,0.0007370078528765,0.0,0.0,0.0007370078528765,0.0007370078528765,0.0007370078528765,0.0007370078528765
detection_latency,300,0.0,anomaly_detection,lstm_autoencoder,residual,0.0,0.0,0.0,0.0,0.0,0.0,0.0,0.0
f1,300,0.0,anomaly_detection,lstm_autoencoder,residual,0.08878229237477821,0.0887272727272727,0.00012302767192037432,0.0013857230831688318,0.0887272727272727,0.0890023709648002,0.08862953334377185,0.08893505140578456
false_positive_rate,300,0.0,anomaly_detection,lstm_autoencoder,residual,0.9993216280925779,1.0,0.0015168856990222172,0.0015179154101943363,0.996608140462889,1.0,0.9974381657307119,1.0012050904544438
pr_auc,300,0.0,anomaly_detection,lstm_autoencoder,residual,0.10053000549162476,0.1035199282258363,0.009063941139565448,0.09016155022811148,0.0871631935815198,0.108812822435722,0.08927563609678835,0.11178437488646117
precision,300,0.0,anomaly_detection,lstm_autoencoder,residual,0.04645326309556903,0.0464231354642313,6.736743167224192e-05,0.0014502195794867162,0.0464231354642313,0.04657377362092,0.04636961538101016,0.04653691081012791
recall,300,0.0,anomaly_detection,lstm_autoencoder,residual,1.0,1.0,0.0,0.0,1.0,1.0,1.0,1.0
roc_auc,300,0.0,anomaly_detection,lstm_autoencoder,residual,0.6172773867308624,0.6196063872934466,0.02406280422877492,0.03898215736722992,0.5768581633587586,0.6371192743971845,0.5873994690241673,0.6471553044375575
threshold,300,0.0,anomaly_detection,lstm_autoencoder,residual,0.0003816792741417,0.0003816792741417,0.0,0.0,0.0003816792741417,0.0003816792741417,0.0003816792741417,0.0003816792741417
mae,300,0.0,load_estimation,lstm,raw,1.8696192980222666,1.8779743341239623,0.07754077200367447,0.04147409693818371,1.7647604796300078,1.9482749505774728,1.7733397130323776,1.9658988830121555
mape,300,0.0,load_estimation,lstm,raw,62.163281833742644,62.29242940740781,6.111722287495503,0.09831723981113911,55.15705794786649,69.31933029826706,54.57457630233992,69.75198736514537
r2,300,0.0,load_estimation,lstm,raw,0.005551563024684081,-0.0066250197447652,0.07243095040209552,13.0469473335786,-0.0827230561974703,0.1170796141807318,-0.08438334044528038,0.09548646649464855
rmse,300,0.0,load_estimation,lstm,raw,2.3226198837163907,2.338061346887169,0.08545580261414695,0.036792848977685644,2.18969090262287,2.4248268613935404,2.2165124901727973,2.428727277259984
mae,300,0.0,load_estimation,persistence,raw,2.549298992068074,2.533120592480562,0.044599259127989496,0.01749471492624297,2.509638156339277,2.6202302605957017,2.493921697662289,2.6046762864738593
mape,300,0.0,load_estimation,persistence,raw,83.96439947854093,83.82206402080521,2.0755596064038953,0.024719519454603534,81.12563902637784,86.64435962708488,81.38725183914323,86.54154711793862
r2,300,0.0,load_estimation,persistence,raw,-0.9333310395111092,-0.9165309957644714,0.05684227345009393,0.06090258551764082,-1.0302953978078304,-0.8835776510456419,-1.0039100440301445,-0.8627520349920739
rmse,300,0.0,load_estimation,persistence,raw,3.235532952438093,3.2217188031066746,0.047217133181824196,0.014593309317478702,3.193901162791038,3.315960306253912,3.1769051380678293,3.2941607668083566
mae,300,0.0,load_estimation,xgboost,raw,1.9228961829453297,1.925706461775067,0.02833548974356658,0.014735839612601796,1.875236407874926,1.9456896335340164,1.887713025459271,1.9580793404313883
mape,300,0.0,load_estimation,xgboost,raw,63.90009287275586,64.22249589006346,1.308712087333476,0.020480597578152383,61.69410288075269,65.12087781030785,62.27511218989979,65.52507355561194
r2,300,0.0,load_estimation,xgboost,raw,-0.14182893840866537,-0.155753515568189,0.03577075350500738,0.25221054254765457,-0.1798546640780187,-0.0868762982237416,-0.18624419522445412,-0.0974136815928766
rmse,300,0.0,load_estimation,xgboost,raw,2.4864927413071856,2.501856059869087,0.039137940525365525,0.01574021909462327,2.4261618372736087,2.527807307158963,2.4378965695929993,2.535088913021372
detection_latency,300,0.05,anomaly_detection,isolation_forest,raw,3.2459016393442623,3.2459016393442623,0.0,0.0,3.2459016393442623,3.2459016393442623,3.2459016393442623,3.2459016393442623
f1,300,0.05,anomaly_detection,isolation_forest,raw,0.1176470588235294,0.1176470588235294,0.0,0.0,0.1176470588235294,0.1176470588235294,0.1176470588235294,0.1176470588235294
false_positive_rate,300,0.05,anomaly_detection,isolation_forest,raw,0.0438946528332003,0.0438946528332003,0.0,0.0,0.0438946528332003,0.0438946528332003,0.0438946528332003,0.0438946528332003
pr_auc,300,0.05,anomaly_detection,isolation_forest,raw,0.09385708598261,0.09385708598261,0.0,0.0,0.09385708598261,0.09385708598261,0.09385708598261,0.09385708598261
precision,300,0.05,anomaly_detection,isolation_forest,raw,0.1164658634538152,0.1164658634538152,0.0,0.0,0.1164658634538152,0.1164658634538152,0.1164658634538152,0.1164658634538152
recall,300,0.05,anomaly_detection,isolation_forest,raw,0.11885245901639338,0.1188524590163934,1.5515838457795457e-17,1.30547054610417e-16,0.1188524590163934,0.1188524590163934,0.11885245901639338,0.11885245901639338
roc_auc,300,0.05,anomaly_detection,isolation_forest,raw,0.7138596875695052,0.7138596875695052,0.0,0.0,0.7138596875695052,0.7138596875695052,0.7138596875695052,0.7138596875695052
threshold,300,0.05,anomaly_detection,isolation_forest,raw,0.5031683371451802,0.5031683371451802,0.0,0.0,0.5031683371451802,0.5031683371451802,0.5031683371451802,0.5031683371451802
detection_latency,300,0.05,anomaly_detection,isolation_forest,residual,0.0,0.0,0.0,0.0,0.0,0.0,0.0,0.0
f1,300,0.05,anomaly_detection,isolation_forest,residual,0.0887272727272727,0.0887272727272727,0.0,0.0,0.0887272727272727,0.0887272727272727,0.0887272727272727,0.0887272727272727
false_positive_rate,300,0.05,anomaly_detection,isolation_forest,residual,1.0,1.0,0.0,0.0,1.0,1.0,1.0,1.0
pr_auc,300,0.05,anomaly_detection,isolation_forest,residual,0.04661059476088473,0.0461082167032119,0.0022349257300527943,0.047948878179265964,0.0447602693171583,0.0501740200434616,0.04383556794321891,0.049385621578550545
precision,300,0.05,anomaly_detection,isolation_forest,residual,0.0464231354642313,0.0464231354642313,0.0,0.0,0.0464231354642313,0.0464231354642313,0.0464231354642313,0.0464231354642313
recall,300,0.05,anomaly_detection,isolation_forest,residual,1.0,1.0,0.0,0.0,1.0,1.0,1.0,1.0
roc_auc,300,0.05,anomaly_detection,isolation_forest,residual,0.5186019945573247,0.5173894129499038,0.013058253075268993,0.025179720117381024,0.5056475115460599,0.5355536057723758,0.5023880318343296,0.5348159572803198
threshold,300,0.05,anomaly_detection,isolation_forest,residual,0.2937656541960819,0.2937656541960819,0.0,0.0,0.2937656541960819,0.2937656541960819,0.2937656541960819,0.2937656541960819
detection_latency,300,0.05,anomaly_detection,lstm_autoencoder,raw,1.3442622950819672,1.3442622950819672,0.0,0.0,1.3442622950819672,1.3442622950819672,1.3442622950819672,1.3442622950819672
f1,300,0.05,anomaly_detection,lstm_autoencoder,raw,0.5386064030131827,0.5386064030131827,0.0,0.0,0.5386064030131827,0.5386064030131827,0.5386064030131827,0.5386064030131827
false_positive_rate,300,0.05,anomaly_detection,lstm_autoencoder,raw,0.028731045490821998,0.028731045490822,3.878959614448864e-18,1.3500934435845645e-16,0.028731045490822,0.028731045490822,0.028731045490821998,0.028731045490821998
pr_auc,300,0.05,anomaly_detection,lstm_autoencoder,raw,0.561001698584242,0.561001698584242,0.0,0.0,0.561001698584242,0.561001698584242,0.561001698584242,0.561001698584242
precision,300,0.05,anomaly_detection,lstm_autoencoder,raw,0.4982578397212543,0.4982578397212543,0.0,0.0,0.4982578397212543,0.4982578397212543,0.4982578397212543,0.4982578397212543
recall,300,0.05,anomaly_detection,lstm_autoencoder,raw,0.5860655737704918,0.5860655737704918,0.0,0.0,0.5860655737704918,0.5860655737704918,0.5860655737704918,0.5860655737704918
roc_auc,300,0.05,anomaly_detection,lstm_autoencoder,raw,0.9493396177043947,0.9493396177043946,1.2412670766236366e-16,1.307505821388929e-16,0.9493396177043946,0.9493396177043946,0.9493396177043947,0.9493396177043947
threshold,300,0.05,anomaly_detection,lstm_autoencoder,raw,0.0007370078528765,0.0007370078528765,0.0,0.0,0.0007370078528765,0.0007370078528765,0.0007370078528765,0.0007370078528765
detection_latency,300,0.05,anomaly_detection,lstm_autoencoder,residual,0.0,0.0,0.0,0.0,0.0,0.0,0.0,0.0
f1,300,0.05,anomaly_detection,lstm_autoencoder,residual,0.08877580177343164,0.0887272727272727,0.00010851424609461601,0.0012223403667089333,0.0887272727272727,0.0889699179580674,0.08864106354076373,0.08891054000609955
false_positive_rate,300,0.05,anomaly_detection,lstm_autoencoder,residual,0.9994014365522744,1.0,0.0013384285579607301,0.0013392301721898944,0.9970071827613728,1.0,0.9977395579976868,1.001063315106862
pr_auc,300,0.05,anomaly_detection,lstm_autoencoder,residual,0.09356170539379291,0.0923353951965931,0.004517756583172329,0.04828638559074456,0.0901468421323213,0.1012254524393146,0.08795216969181978,0.09917124109576604
precision,300,0.05,anomaly_detection,lstm_autoencoder,residual,0.046449708524027654,0.0464231354642313,5.941916807482791e-05,0.0012792150901031246,0.0464231354642313,0.0465560007632131,0.04637592988222592,0.04652348716582939
recall,300,0.05,anomaly_detection,lstm_autoencoder,residual,1.0,1.0,0.0,0.0,1.0,1.0,1.0,1.0
roc_auc,300,0.05,anomaly_detection,lstm_autoencoder,residual,0.580408004396007,0.5830392304371149,0.00800181730855172,0.013786538517639316,0.5683842384833775,0.5889283751782608,0.5704724359237746,0.5903435728682395
threshold,300,0.05,anomaly_detection,lstm_autoencoder,residual,0.0003816792741417,0.0003816792741417,0.0,0.0,0.0003816792741417,0.0003816792741417,0.0003816792741417,0.0003816792741417
mae,300,0.05,load_estimation,lstm,raw,1.8446224717184485,1.8241038770309352,0.0885253415857045,0.04799103499115154,1.7564635338984642,1.9436221960145383,1.7347037421427887,1.9545412012941084
mape,300,0.05,load_estimation,lstm,raw,62.317606046587386,60.02009311561609,6.7894120602985035,0.10894853783733086,56.08515100795698,69.88478626984804,53.88743752234429,70.74777457083049
r2,300,0.05,load_estimation,lstm,raw,0.04631200509220473,0.0431066134006444,0.07187180264525242,1.5519043604818987,-0.0474265758009144,0.1281724249377034,-0.04292862473841125,0.13555263492282071
rmse,300,0.05,load_estimation,lstm,raw,2.2744632482388036,2.279574647909198,0.08566254468003225,0.037662751748731814,2.175892035128895,2.384975028857385,2.1680991505150864,2.380827345962521
mae,300,0.05,load_estimation,persistence,raw,2.482093616512631,2.4797595431815544,0.023639570755351714,0.009524044781423503,2.44760069790859,2.5081746723372462,2.4527412125727204,2.5114460204525417
mape,300,0.05,load_estimation,persistence,raw,80.43744207300828,80.55792196500187,1.3822223338892603,0.017183817613626987,78.87693007771576,82.08466523087782,78.72118636350481,82.15369778251176
r2,300,0.05,load_estimation,persistence,raw,-0.899193872821525,-0.9114365221511208,0.028317773451583945,0.031492400368262466,-0.9231027212467704,-0.8536361880950674,-0.9343550326256471,-0.8640327130174028
rmse,300,0.05,load_estimation,persistence,raw,3.2070419686529874,3.217434008569708,0.023983311058754633,0.007478327784038334,3.1684142497614,3.2272376631992064,3.1772627547536096,3.236821182552365
mae,300,0.05,load_estimation,xgboost,raw,1.9436095647978817,1.9472564160823824,0.03664589524689755,0.0188545559306858,1.8834739923930783,1.9826743705495853,1.8981076759878626,1.9891114536079009
mape,300,0.05,load_estimation,xgboost,raw,63.71686308261418,64.41586440642114,1.895588542561866,0.029750186227844873,61.05538802353855,65.76100436403108,61.36317903390757,66.0705471313208
r2,300,0.05,load_estimation,xgboost,raw,-0.16388957424921108,-0.1679307033666577,0.04255067900852828,0.25963017601001004,-0.2106407482772536,-0.1012365209619887,-0.2167232204732253,-0.11105592802519687
rmse,300,0.05,load_estimation,xgboost,raw,2.510308392284405,2.5150014854446687,0.046076860918251764,0.01835505990414244,2.4421369293292616,2.560574120729321,2.45309641293197,2.5675203716368404
detection_latency,300,0.1,anomaly_detection,isolation_forest,raw,3.2459016393442623,3.2459016393442623,0.0,0.0,3.2459016393442623,3.2459016393442623,3.2459016393442623,3.2459016393442623
f1,300,0.1,anomaly_detection,isolation_forest,raw,0.1176470588235294,0.1176470588235294,0.0,0.0,0.1176470588235294,0.1176470588235294,0.1176470588235294,0.1176470588235294
false_positive_rate,300,0.1,anomaly_detection,isolation_forest,raw,0.0438946528332003,0.0438946528332003,0.0,0.0,0.0438946528332003,0.0438946528332003,0.0438946528332003,0.0438946528332003
pr_auc,300,0.1,anomaly_detection,isolation_forest,raw,0.09385708598261,0.09385708598261,0.0,0.0,0.09385708598261,0.09385708598261,0.09385708598261,0.09385708598261
precision,300,0.1,anomaly_detection,isolation_forest,raw,0.1164658634538152,0.1164658634538152,0.0,0.0,0.1164658634538152,0.1164658634538152,0.1164658634538152,0.1164658634538152
recall,300,0.1,anomaly_detection,isolation_forest,raw,0.11885245901639338,0.1188524590163934,1.5515838457795457e-17,1.30547054610417e-16,0.1188524590163934,0.1188524590163934,0.11885245901639338,0.11885245901639338
roc_auc,300,0.1,anomaly_detection,isolation_forest,raw,0.7138596875695052,0.7138596875695052,0.0,0.0,0.7138596875695052,0.7138596875695052,0.7138596875695052,0.7138596875695052
threshold,300,0.1,anomaly_detection,isolation_forest,raw,0.5031683371451802,0.5031683371451802,0.0,0.0,0.5031683371451802,0.5031683371451802,0.5031683371451802,0.5031683371451802
detection_latency,300,0.1,anomaly_detection,isolation_forest,residual,0.0,0.0,0.0,0.0,0.0,0.0,0.0,0.0
f1,300,0.1,anomaly_detection,isolation_forest,residual,0.0887272727272727,0.0887272727272727,0.0,0.0,0.0887272727272727,0.0887272727272727,0.0887272727272727,0.0887272727272727
false_positive_rate,300,0.1,anomaly_detection,isolation_forest,residual,1.0,1.0,0.0,0.0,1.0,1.0,1.0,1.0
pr_auc,300,0.1,anomaly_detection,isolation_forest,residual,0.0445776697048149,0.044534768855006,0.000675454878914891,0.015152314676555067,0.0435623313741222,0.0453623796916556,0.0437389816992552,0.045416357710374604
precision,300,0.1,anomaly_detection,isolation_forest,residual,0.0464231354642313,0.0464231354642313,0.0,0.0,0.0464231354642313,0.0464231354642313,0.0464231354642313,0.0464231354642313
recall,300,0.1,anomaly_detection,isolation_forest,residual,1.0,1.0,0.0,0.0,1.0,1.0,1.0,1.0
roc_auc,300,0.1,anomaly_detection,isolation_forest,residual,0.49845657307707397,0.4982811743618594,0.007494761802221057,0.015035937345462947,0.488804737482501,0.5071181623120904,0.4891505971721433,0.5077625489820046
threshold,300,0.1,anomaly_detection,isolation_forest,residual,0.2937656541960819,0.2937656541960819,0.0,0.0,0.2937656541960819,0.2937656541960819,0.2937656541960819,0.2937656541960819
detection_latency,300,0.1,anomaly_detection,lstm_autoencoder,raw,1.3442622950819672,1.3442622950819672,0.0,0.0,1.3442622950819672,1.3442622950819672,1.3442622950819672,1.3442622950819672
f1,300,0.1,anomaly_detection,lstm_autoencoder,raw,0.5386064030131827,0.5386064030131827,0.0,0.0,0.5386064030131827,0.5386064030131827,0.5386064030131827,0.5386064030131827
false_positive_rate,300,0.1,anomaly_detection,lstm_autoencoder,raw,0.028731045490821998,0.028731045490822,3.878959614448864e-18,1.3500934435845645e-16,0.028731045490822,0.028731045490822,0.028731045490821998,0.028731045490821998
pr_auc,300,0.1,anomaly_detection,lstm_autoencoder,raw,0.561001698584242,0.561001698584242,0.0,0.0,0.561001698584242,0.561001698584242,0.561001698584242,0.561001698584242
precision,300,0.1,anomaly_detection,lstm_autoencoder,raw,0.4982578397212543,0.4982578397212543,0.0,0.0,0.4982578397212543,0.4982578397212543,0.4982578397212543,0.4982578397212543
recall,300,0.1,anomaly_detection,lstm_autoencoder,raw,0.5860655737704918,0.5860655737704918,0.0,0.0,0.5860655737704918,0.5860655737704918,0.5860655737704918,0.5860655737704918
roc_auc,300,0.1,anomaly_detection,lstm_autoencoder,raw,0.9493396177043947,0.9493396177043946,1.2412670766236366e-16,1.307505821388929e-16,0.9493396177043946,0.9493396177043946,0.9493396177043947,0.9493396177043947
threshold,300,0.1,anomaly_detection,lstm_autoencoder,raw,0.0007370078528765,0.0007370078528765,0.0,0.0,0.0007370078528765,0.0007370078528765,0.0007370078528765,0.0007370078528765
detection_latency,300,0.1,anomaly_detection,lstm_autoencoder,residual,0.0,0.0,0.0,0.0,0.0,0.0,0.0,0.0
f1,300,0.1,anomaly_detection,lstm_autoencoder,residual,0.08878229237477821,0.0887272727272727,0.00012302767192037432,0.0013857230831688318,0.0887272727272727,0.0890023709648002,0.08862953334377185,0.08893505140578456
false_positive_rate,300,0.1,anomaly_detection,lstm_autoencoder,residual,0.9993216280925779,1.0,0.0015168856990222172,0.0015179154101943363,0.996608140462889,1.0,0.9974381657307119,1.0012050904544438
pr_auc,300,0.1,anomaly_detection,lstm_autoencoder,residual,0.10804314527787877,0.1135439853222245,0.012273170558555618,0.11359508765678707,0.0882504683841669,0.1189640610848693,0.09280399125150587,0.12328229930425166
precision,300,0.1,anomaly_detection,lstm_autoencoder,residual,0.04645326309556903,0.0464231354642313,6.736743167224192e-05,0.0014502195794867162,0.0464231354642313,0.04657377362092,0.04636961538101016,0.04653691081012791
recall,300,0.1,anomaly_detection,lstm_autoencoder,residual,1.0,1.0,0.0,0.0,1.0,1.0,1.0,1.0
roc_auc,300,0.1,anomaly_detection,lstm_autoencoder,residual,0.5769566155979747,0.5752889785825495,0.01625225854861429,0.028168943919240748,0.5578644041186398,0.6025358810984783,0.556776771268661,0.5971364599272885
threshold,300,0.1,anomaly_detection,lstm_autoencoder,residual,0.0003816792741417,0.0003816792741417,0.0,0.0,0.0003816792741417,0.0003816792741417,0.0003816792741417,0.0003816792741417
mae,300,0.1,load_estimation,lstm,raw,1.8614892001774397,1.840607381564081,0.09074825685046911,0.04875035366405503,1.7628799996958302,1.9803491871602537,1.7488103567464641,1.9741680436084152
mape,300,0.1,load_estimation,lstm,raw,63.12836272700455,59.83106743972931,6.860262184034209,0.10867163169906797,56.48685344047493,70.86666398174741,54.61022215485055,71.64650329915855
r2,300,0.1,load_estimation,lstm,raw,0.028064233021292163,0.0163951840845354,0.08777156414301247,3.12752406511237,-0.0953654679788569,0.1437379255916981,-0.08091855824111885,0.13704702428370316
rmse,300,0.1,load_estimation,lstm,raw,2.295549081614216,2.311172519965734,0.10370293077927538,0.04517565388162039,2.1563805014403328,2.438942516592889,2.166784885957373,2.424313277271059
mae,300,0.1,load_estimation,persistence,raw,2.472682529719634,2.4748482302035373,0.02226128892862209,0.009002890043933861,2.441895165218429,2.493742996563106,2.4450414887033523,2.500323570735916
mape,300,0.1,load_estimation,persistence,raw,80.14639082302386,79.56149897513497,1.3040723367491895,0.016271129908130125,79.2796573569684,82.38192373039603,78.52717115142894,81.76561049461878
r2,300,0.1,load_estimation,persistence,raw,-0.8771193963245125,-0.8896045707176083,0.04791049393228873,0.054622545269268026,-0.9237030622550396,-0.818463850267787,-0.9366081317763953,-0.8176306608726297
rmse,300,0.1,load_estimation,persistence,raw,3.1882126084327282,3.199006875360376,0.040752960720546336,0.012782384905183537,3.138210304488537,3.227741352344465,3.137611124285814,3.2388140925796427
mae,300,0.1,load_estimation,xgboost,raw,1.949686421161373,1.950032852964314,0.024236111876703523,0.01243077430998712,1.9256244552416708,1.9848076657617475,1.9195933135876315,1.9797795287351143
mape,300,0.1,load_estimation,xgboost,raw,64.05148378689442,63.8345524992225,1.7763153414823512,0.02773261814499609,61.66942273405292,66.03494759625904,61.84589697791876,66.25707059587009
r2,300,0.1,load_estimation,xgboost,raw,-0.1866447358353006,-0.1986632368838985,0.024430374695266415,0.13089238539695172,-0.2055516882820822,-0.1456861914111686,-0.21697905255704117,-0.15631041911356006
rmse,300,0.1,load_estimation,xgboost,raw,2.5349620727853046,2.547876076218373,0.026231450228541883,0.010347866940557388,2.490935874744295,2.555186627198835,2.5023914254158504,2.567532720154759
detection_latency,300,0.2,anomaly_detection,isolation_forest,raw,3.2459016393442623,3.2459016393442623,0.0,0.0,3.2459016393442623,3.2459016393442623,3.2459016393442623,3.2459016393442623
f1,300,0.2,anomaly_detection,isolation_forest,raw,0.1176470588235294,0.1176470588235294,0.0,0.0,0.1176470588235294,0.1176470588235294,0.1176470588235294,0.1176470588235294
false_positive_rate,300,0.2,anomaly_detection,isolation_forest,raw,0.0438946528332003,0.0438946528332003,0.0,0.0,0.0438946528332003,0.0438946528332003,0.0438946528332003,0.0438946528332003
pr_auc,300,0.2,anomaly_detection,isolation_forest,raw,0.09385708598261,0.09385708598261,0.0,0.0,0.09385708598261,0.09385708598261,0.09385708598261,0.09385708598261
precision,300,0.2,anomaly_detection,isolation_forest,raw,0.1164658634538152,0.1164658634538152,0.0,0.0,0.1164658634538152,0.1164658634538152,0.1164658634538152,0.1164658634538152
recall,300,0.2,anomaly_detection,isolation_forest,raw,0.11885245901639338,0.1188524590163934,1.5515838457795457e-17,1.30547054610417e-16,0.1188524590163934,0.1188524590163934,0.11885245901639338,0.11885245901639338
roc_auc,300,0.2,anomaly_detection,isolation_forest,raw,0.7138596875695052,0.7138596875695052,0.0,0.0,0.7138596875695052,0.7138596875695052,0.7138596875695052,0.7138596875695052
threshold,300,0.2,anomaly_detection,isolation_forest,raw,0.5031683371451802,0.5031683371451802,0.0,0.0,0.5031683371451802,0.5031683371451802,0.5031683371451802,0.5031683371451802
detection_latency,300,0.2,anomaly_detection,isolation_forest,residual,0.0,0.0,0.0,0.0,0.0,0.0,0.0,0.0
f1,300,0.2,anomaly_detection,isolation_forest,residual,0.0887272727272727,0.0887272727272727,0.0,0.0,0.0887272727272727,0.0887272727272727,0.0887272727272727,0.0887272727272727
false_positive_rate,300,0.2,anomaly_detection,isolation_forest,residual,1.0,1.0,0.0,0.0,1.0,1.0,1.0,1.0
pr_auc,300,0.2,anomaly_detection,isolation_forest,residual,0.04201909613551344,0.0410728851387074,0.0029041020662472585,0.0691138632987583,0.0383115608936619,0.0458480734448947,0.03841317715274506,0.04562501511828182
precision,300,0.2,anomaly_detection,isolation_forest,residual,0.0464231354642313,0.0464231354642313,0.0,0.0,0.0464231354642313,0.0464231354642313,0.0464231354642313,0.0464231354642313
recall,300,0.2,anomaly_detection,isolation_forest,residual,1.0,1.0,0.0,0.0,1.0,1.0,1.0,1.0
roc_auc,300,0.2,anomaly_detection,isolation_forest,residual,0.4768782790156084,0.4748145434563605,0.02374491968787386,0.04979241188524898,0.4414503552130624,0.5061495852576766,0.4473950670989357,0.5063614909322811
threshold,300,0.2,anomaly_detection,isolation_forest,residual,0.2937656541960819,0.2937656541960819,0.0,0.0,0.2937656541960819,0.2937656541960819,0.2937656541960819,0.2937656541960819
detection_latency,300,0.2,anomaly_detection,lstm_autoencoder,raw,1.3442622950819672,1.3442622950819672,0.0,0.0,1.3442622950819672,1.3442622950819672,1.3442622950819672,1.3442622950819672
f1,300,0.2,anomaly_detection,lstm_autoencoder,raw,0.5386064030131827,0.5386064030131827,0.0,0.0,0.5386064030131827,0.5386064030131827,0.5386064030131827,0.5386064030131827
false_positive_rate,300,0.2,anomaly_detection,lstm_autoencoder,raw,0.028731045490821998,0.028731045490822,3.878959614448864e-18,1.3500934435845645e-16,0.028731045490822,0.028731045490822,0.028731045490821998,0.028731045490821998
pr_auc,300,0.2,anomaly_detection,lstm_autoencoder,raw,0.561001698584242,0.561001698584242,0.0,0.0,0.561001698584242,0.561001698584242,0.561001698584242,0.561001698584242
precision,300,0.2,anomaly_detection,lstm_autoencoder,raw,0.4982578397212543,0.4982578397212543,0.0,0.0,0.4982578397212543,0.4982578397212543,0.4982578397212543,0.4982578397212543
recall,300,0.2,anomaly_detection,lstm_autoencoder,raw,0.5860655737704918,0.5860655737704918,0.0,0.0,0.5860655737704918,0.5860655737704918,0.5860655737704918,0.5860655737704918
roc_auc,300,0.2,anomaly_detection,lstm_autoencoder,raw,0.9493396177043947,0.9493396177043946,1.2412670766236366e-16,1.307505821388929e-16,0.9493396177043946,0.9493396177043946,0.9493396177043947,0.9493396177043947
threshold,300,0.2,anomaly_detection,lstm_autoencoder,raw,0.0007370078528765,0.0007370078528765,0.0,0.0,0.0007370078528765,0.0007370078528765,0.0007370078528765,0.0007370078528765
detection_latency,300,0.2,anomaly_detection,lstm_autoencoder,residual,0.0,0.0,0.0,0.0,0.0,0.0,0.0,0.0
f1,300,0.2,anomaly_detection,lstm_autoencoder,residual,0.08877904648232873,0.0887272727272727,0.0001157696357556839,0.0013040198148414174,0.0887272727272727,0.0889861415025528,0.08863529949352573,0.08892279347113173
false_positive_rate,300,0.2,anomaly_detection,lstm_autoencoder,residual,0.9993615323224262,1.0,0.0014276571284915483,0.0014285692237660996,0.9968076616121307,1.0,0.9975888618641993,1.0011342027806531
pr_auc,300,0.2,anomaly_detection,lstm_autoencoder,residual,0.10108497066350139,0.0958734209414939,0.015500431933816753,0.15334061861100656,0.0853489913588011,0.1249586025592158,0.08183864237467317,0.12033129895232961
precision,300,0.2,anomaly_detection,lstm_autoencoder,residual,0.04645148547062168,0.0464231354642313,6.339254145144422e-05,0.0013647042889841905,0.0464231354642313,0.0465648854961832,0.046372773234146784,0.04653019770709658
recall,300,0.2,anomaly_detection,lstm_autoencoder,residual,1.0,1.0,0.0,0.0,1.0,1.0,1.0,1.0
roc_auc,300,0.2,anomaly_detection,lstm_autoencoder,residual,0.5714069838943912,0.5602774652309866,0.026373820660088844,0.046155929842403395,0.5492432915102116,0.6095093088064056,0.5386595602856762,0.6041544075031061
threshold,300,0.2,anomaly_detection,lstm_autoencoder,residual,0.0003816792741417,0.0003816792741417,0.0,0.0,0.0003816792741417,0.0003816792741417,0.0003816792741417,0.0003816792741417
mae,300,0.2,load_estimation,lstm,raw,1.8437607485729082,1.851627462183156,0.06409137064412787,0.03476121871763206,1.765491304424008,1.9094287946168171,1.764180801048561,1.9233406960972554
mape,300,0.2,load_estimation,lstm,raw,60.720066551314666,59.52588344855144,5.808496012898151,0.09566023792133656,54.18067425088218,67.99871003851854,53.50786616838892,67.9322669342404
r2,300,0.2,load_estimation,lstm,raw,0.029524972409722683,0.0154706867515027,0.052953088524378016,1.793501710671891,-0.0342125686903913,0.1037410956456624,-0.03622497120469438,0.09527491602413975
rmse,300,0.2,load_estimation,lstm,raw,2.295005854959289,2.312258408812322,0.06289402715473699,0.027404734946025952,2.206169029198233,2.369883228735425,2.216912605739202,2.3730991041793756
mae,300,0.2,load_estimation,persistence,raw,2.536640155265502,2.5345082718487744,0.032440852156762325,0.012788905864090464,2.4976056293446907,2.5817983932509634,2.4963595170713995,2.5769207934596046
mape,300,0.2,load_estimation,persistence,raw,85.93965050507535,85.44861354939036,1.5487724508522607,0.018021628453804273,84.01151853076175,87.99880922945914,84.01659551144229,87.86270549870841
r2,300,0.2,load_estimation,persistence,raw,-0.9386365090145177,-0.9454411077649636,0.030022979099257642,0.031985735490705575,-0.9631054501659746,-0.8870211063603233,-0.97591496128089,-0.9013580567481454
rmse,300,0.2,load_estimation,persistence,raw,3.240167011366432,3.245927028844123,0.025197738127678202,0.007776678806766785,3.196819288837848,3.2606300183981416,3.2088798870971273,3.2714541356357363
mae,300,0.2,load_estimation,xgboost,raw,1.9484156186631458,1.9562272906666296,0.02094663144727092,0.010750597175792966,1.9217800605514823,1.971622311361304,1.9224069405114268,1.9744242968148649
mape,300,0.2,load_estimation,xgboost,raw,66.49035452871237,67.36893603944762,1.5811013281272468,0.023779408898240775,64.7615410319976,67.81269740158562,64.52715793206461,68.45355112536014
r2,300,0.2,load_estimation,xgboost,raw,-0.16333737045641894,-0.1634056248039959,0.022469019445698582,0.13756202504615245,-0.1975567057275173,-0.1349347502417028,-0.19123634297708317,-0.1354383979357547
rmse,300,0.2,load_estimation,xgboost,raw,2.5099576918384088,2.510124644709947,0.024198863377262358,0.009641143934795966,2.479220503761423,2.546699784526875,2.4799108343854104,2.540004549291407
