condition_id,staleness_seconds,packet_drop_rate,realized_mean_aoi,realized_p95_aoi,task,model,detector,representation,metric,value,baseline_value,absolute_delta,relative_degradation,status,seed
E5_DT0_PD00_SEED42,0,0.0,0.0,0.0,load_estimation,persistence,,raw,mae,0.4591450760399007,0.4591450760399007,0.0,0.0,SUCCESS,42
E5_DT0_PD00_SEED42,0,0.0,0.0,0.0,load_estimation,persistence,,raw,rmse,0.630307824152761,0.630307824152761,0.0,0.0,SUCCESS,42
E5_DT0_PD00_SEED42,0,0.0,0.0,0.0,load_estimation,persistence,,raw,mape,14.73210135971861,14.73210135971861,0.0,0.0,SUCCESS,42
E5_DT0_PD00_SEED42,0,0.0,0.0,0.0,load_estimation,persistence,,raw,r2,0.9266422537549912,0.9266422537549912,0.0,0.0,SUCCESS,42
E5_DT0_PD00_SEED42,0,0.0,0.0,0.0,load_estimation,xgboost,,raw,mae,0.2734339335193372,0.2734339335193372,0.0,0.0,SUCCESS,42
E5_DT0_PD00_SEED42,0,0.0,0.0,0.0,load_estimation,xgboost,,raw,rmse,0.4129930382953352,0.4129930382953352,0.0,0.0,SUCCESS,42
E5_DT0_PD00_SEED42,0,0.0,0.0,0.0,load_estimation,xgboost,,raw,mape,9.063484965162122,9.063484965162122,0.0,0.0,SUCCESS,42
E5_DT0_PD00_SEED42,0,0.0,0.0,0.0,load_estimation,xgboost,,raw,r2,0.9685061288962542,0.9685061288962542,0.0,0.0,SUCCESS,42
E5_DT0_PD00_SEED42,0,0.0,0.0,0.0,load_estimation,lstm,,raw,mae,0.2759301433503092,0.2759301433503092,0.0,0.0,SUCCESS,42
E5_DT0_PD00_SEED42,0,0.0,0.0,0.0,load_estimation,lstm,,raw,rmse,0.4230368621902369,0.4230368621902369,0.0,0.0,SUCCESS,42
E5_DT0_PD00_SEED42,0,0.0,0.0,0.0,load_estimation,lstm,,raw,mape,8.95040488214452,8.95040488214452,0.0,0.0,SUCCESS,42
E5_DT0_PD00_SEED42,0,0.0,0.0,0.0,load_estimation,lstm,,raw,r2,0.9670456810550092,0.9670456810550092,0.0,0.0,SUCCESS,42
E5_DT0_PD00_SEED42,0,0.0,0.0,0.0,anomaly_detection,isolation_forest,isolation_forest,raw,precision,0.1164658634538152,0.1164658634538152,0.0,0.0,SUCCESS,42
E5_DT0_PD00_SEED42,0,0.0,0.0,0.0,anomaly_detection,isolation_forest,isolation_forest,raw,recall,0.1188524590163934,0.1188524590163934,0.0,0.0,SUCCESS,42
E5_DT0_PD00_SEED42,0,0.0,0.0,0.0,anomaly_detection,isolation_forest,isolation_forest,raw,f1,0.1176470588235294,0.1176470588235294,0.0,0.0,SUCCESS,42
E5_DT0_PD00_SEED42,0,0.0,0.0,0.0,anomaly_detection,isolation_forest,isolation_forest,raw,false_positive_rate,0.0438946528332003,0.0438946528332003,0.0,0.0,SUCCESS,42
E5_DT0_PD00_SEED42,0,0.0,0.0,0.0,anomaly_detection,isolation_forest,isolation_forest,raw,pr_auc,0.09385708598261,0.09385708598261,0.0,0.0,SUCCESS,42
E5_DT0_PD00_SEED42,0,0.0,0.0,0.0,anomaly_detection,isolation_forest,isolation_forest,raw,roc_auc,0.7138596875695052,0.7138596875695052,0.0,0.0,SUCCESS,42
E5_DT0_PD00_SEED42,0,0.0,0.0,0.0,anomaly_detection,isolation_forest,isolation_forest,raw,detection_latency,3.2459016393442623,3.2459016393442623,0.0,0.0,SUCCESS,42
E5_DT0_PD00_SEED42,0,0.0,0.0,0.0,anomaly_detection,isolation_forest,isolation_forest,raw,threshold,0.5031683371451802,0.5031683371451802,0.0,0.0,SUCCESS,42
E5_DT0_PD00_SEED42,0,0.0,0.0,0.0,anomaly_detection,isolation_forest,isolation_forest,residual,precision,0.0464231354642313,0.0464231354642313,0.0,0.0,SUCCESS,42
E5_DT0_PD00_SEED42,0,0.0,0.0,0.0,anomaly_detection,isolation_forest,isolation_forest,residual,recall,1.0,1.0,0.0,0.0,SUCCESS,42
E5_DT0_PD00_SEED42,0,0.0,0.0,0.0,anomaly_detection,isolation_forest,isolation_forest,residual,f1,0.0887272727272727,0.0887272727272727,0.0,0.0,SUCCESS,42
E5_DT0_PD00_SEED42,0,0.0,0.0,0.0,anomaly_detection,isolation_forest,isolation_forest,residual,false_positive_rate,1.0,1.0,0.0,0.0,SUCCESS,42
E5_DT0_PD00_SEED42,0,0.0,0.0,0.0,anomaly_detection,isolation_forest,isolation_forest,residual,pr_auc,1.0,1.0,0.0,0.0,SUCCESS,42
E5_DT0_PD00_SEED42,0,0.0,0.0,0.0,anomaly_detection,isolation_forest,isolation_forest,residual,roc_auc,1.0,1.0,0.0,0.0,SUCCESS,42
E5_DT0_PD00_SEED42,0,0.0,0.0,0.0,anomaly_detection,isolation_forest,isolation_forest,residual,detection_latency,0.0,0.0,0.0,0.0,SUCCESS,42
E5_DT0_PD00_SEED42,0,0.0,0.0,0.0,anomaly_detection,isolation_forest,isolation_forest,residual,threshold,0.2937656541960819,0.2937656541960819,0.0,0.0,SUCCESS,42
E5_DT0_PD00_SEED42,0,0.0,0.0,0.0,anomaly_detection,lstm_autoencoder,lstm_autoencoder,raw,precision,0.4982578397212543,0.4982578397212543,0.0,0.0,SUCCESS,42
E5_DT0_PD00_SEED42,0,0.0,0.0,0.0,anomaly_detection,lstm_autoencoder,lstm_autoencoder,raw,recall,0.5860655737704918,0.5860655737704918,0.0,0.0,SUCCESS,42
E5_DT0_PD00_SEED42,0,0.0,0.0,0.0,anomaly_detection,lstm_autoencoder,lstm_autoencoder,raw,f1,0.5386064030131827,0.5386064030131827,0.0,0.0,SUCCESS,42
E5_DT0_PD00_SEED42,0,0.0,0.0,0.0,anomaly_detection,lstm_autoencoder,lstm_autoencoder,raw,false_positive_rate,0.028731045490822,0.028731045490822,0.0,0.0,SUCCESS,42
E5_DT0_PD00_SEED42,0,0.0,0.0,0.0,anomaly_detection,lstm_autoencoder,lstm_autoencoder,raw,pr_auc,0.561001698584242,0.561001698584242,0.0,0.0,SUCCESS,42
E5_DT0_PD00_SEED42,0,0.0,0.0,0.0,anomaly_detection,lstm_autoencoder,lstm_autoencoder,raw,roc_auc,0.9493396177043946,0.9493396177043946,0.0,0.0,SUCCESS,42
E5_DT0_PD00_SEED42,0,0.0,0.0,0.0,anomaly_detection,lstm_autoencoder,lstm_autoencoder,raw,detection_latency,1.3442622950819672,1.3442622950819672,0.0,0.0,SUCCESS,42
E5_DT0_PD00_SEED42,0,0.0,0.0,0.0,anomaly_detection,lstm_autoencoder,lstm_autoencoder,raw,threshold,0.0007370078528765,0.0007370078528765,0.0,0.0,SUCCESS,42
E5_DT0_PD00_SEED42,0,0.0,0.0,0.0,anomaly_detection,lstm_autoencoder,lstm_autoencoder,residual,precision,0.9568627450980391,0.9568627450980391,0.0,0.0,SUCCESS,42
E5_DT0_PD00_SEED42,0,0.0,0.0,0.0,anomaly_detection,lstm_autoencoder,lstm_autoencoder,residual,recall,1.0,1.0,0.0,0.0,SUCCESS,42
E5_DT0_PD00_SEED42,0,0.0,0.0,0.0,anomaly_detection,lstm_autoencoder,lstm_autoencoder,residual,f1,0.9779559118236472,0.9779559118236472,0.0,0.0,SUCCESS,42
E5_DT0_PD00_SEED42,0,0.0,0.0,0.0,anomaly_detection,lstm_autoencoder,lstm_autoencoder,residual,false_positive_rate,0.00219473264166,0.00219473264166,0.0,0.0,SUCCESS,42
E5_DT0_PD00_SEED42,0,0.0,0.0,0.0,anomaly_detection,lstm_autoencoder,lstm_autoencoder,residual,pr_auc,1.0,1.0,0.0,0.0,SUCCESS,42
E5_DT0_PD00_SEED42,0,0.0,0.0,0.0,anomaly_detection,lstm_autoencoder,lstm_autoencoder,residual,roc_auc,1.0,1.0,0.0,0.0,SUCCESS,42
E5_DT0_PD00_SEED42,0,0.0,0.0,0.0,anomaly_detection,lstm_autoencoder,lstm_autoencoder,residual,detection_latency,0.0,0.0,0.0,0.0,SUCCESS,42
E5_DT0_PD00_SEED42,0,0.0,0.0,0.0,anomaly_detection,lstm_autoencoder,lstm_autoencoder,residual,threshold,0.0003816792741417,0.0003816792741417,0.0,0.0,SUCCESS,42
E5_DT0_PD05_SEED42,0,0.05,0.0534531963470319,1.0,load_estimation,persistence,,raw,mae,0.4680887091468277,0.4591450760399007,0.008943633106927,0.0194788827619917,SUCCESS,42
E5_DT0_PD05_SEED42,0,0.05,0.0534531963470319,1.0,load_estimation,persistence,,raw,rmse,0.6394461138391615,0.630307824152761,0.0091382896864005,0.0144981377927267,SUCCESS,42
E5_DT0_PD05_SEED42,0,0.05,0.0534531963470319,1.0,load_estimation,persistence,,raw,mape,14.953406180024844,14.73210135971861,0.2213048203062335,0.0150219452678582,SUCCESS,42
E5_DT0_PD05_SEED42,0,0.05,0.0534531963470319,1.0,load_estimation,persistence,,raw,r2,0.9244997328237532,0.9266422537549912,-0.0021425209312379,-0.002312133860242,SUCCESS,42
E5_DT0_PD05_SEED42,0,0.05,0.0534531963470319,1.0,load_estimation,xgboost,,raw,mae,0.2751175934275898,0.2734339335193372,0.0016836599082525,0.0061574651199373,SUCCESS,42
E5_DT0_PD05_SEED42,0,0.05,0.0534531963470319,1.0,load_estimation,xgboost,,raw,rmse,0.4145709092350699,0.4129930382953352,0.0015778709397347,0.003820575151212,SUCCESS,42
E5_DT0_PD05_SEED42,0,0.05,0.0534531963470319,1.0,load_estimation,xgboost,,raw,mape,9.125493651918465,9.063484965162122,0.0620086867563429,0.0068415942647546,SUCCESS,42
E5_DT0_PD05_SEED42,0,0.05,0.0534531963470319,1.0,load_estimation,xgboost,,raw,r2,0.9682650197839812,0.9685061288962542,-0.0002411091122729,-0.0002489494955986,SUCCESS,42
E5_DT0_PD05_SEED42,0,0.05,0.0534531963470319,1.0,load_estimation,lstm,,raw,mae,0.2761001738403031,0.2759301433503092,0.0001700304899939,0.0006162084646839,SUCCESS,42
E5_DT0_PD05_SEED42,0,0.05,0.0534531963470319,1.0,load_estimation,lstm,,raw,rmse,0.4230792251779763,0.4230368621902369,4.2362987739463787e-05,0.0001001401805037,SUCCESS,42
E5_DT0_PD05_SEED42,0,0.05,0.0534531963470319,1.0,load_estimation,lstm,,raw,mape,8.959365985897191,8.95040488214452,0.0089611037526715,0.0010011953504526,SUCCESS,42
E5_DT0_PD05_SEED42,0,0.05,0.0534531963470319,1.0,load_estimation,lstm,,raw,r2,0.9670390806216465,0.9670456810550092,-6.600433362868863e-06,-6.825358400513248e-06,SUCCESS,42
E5_DT0_PD05_SEED42,0,0.05,0.0534531963470319,1.0,anomaly_detection,isolation_forest,isolation_forest,raw,precision,0.1164658634538152,0.1164658634538152,0.0,0.0,SUCCESS,42
E5_DT0_PD05_SEED42,0,0.05,0.0534531963470319,1.0,anomaly_detection,isolation_forest,isolation_forest,raw,recall,0.1188524590163934,0.1188524590163934,0.0,0.0,SUCCESS,42
E5_DT0_PD05_SEED42,0,0.05,0.0534531963470319,1.0,anomaly_detection,isolation_forest,isolation_forest,raw,f1,0.1176470588235294,0.1176470588235294,0.0,0.0,SUCCESS,42
E5_DT0_PD05_SEED42,0,0.05,0.0534531963470319,1.0,anomaly_detection,isolation_forest,isolation_forest,raw,false_positive_rate,0.0438946528332003,0.0438946528332003,0.0,0.0,SUCCESS,42
E5_DT0_PD05_SEED42,0,0.05,0.0534531963470319,1.0,anomaly_detection,isolation_forest,isolation_forest,raw,pr_auc,0.09385708598261,0.09385708598261,0.0,0.0,SUCCESS,42
E5_DT0_PD05_SEED42,0,0.05,0.0534531963470319,1.0,anomaly_detection,isolation_forest,isolation_forest,raw,roc_auc,0.7138596875695052,0.7138596875695052,0.0,0.0,SUCCESS,42
E5_DT0_PD05_SEED42,0,0.05,0.0534531963470319,1.0,anomaly_detection,isolation_forest,isolation_forest,raw,detection_latency,3.2459016393442623,3.2459016393442623,0.0,0.0,SUCCESS,42
E5_DT0_PD05_SEED42,0,0.05,0.0534531963470319,1.0,anomaly_detection,isolation_forest,isolation_forest,raw,threshold,0.5031683371451802,0.5031683371451802,0.0,0.0,SUCCESS,42
E5_DT0_PD05_SEED42,0,0.05,0.0534531963470319,1.0,anomaly_detection,isolation_forest,isolation_forest,residual,precision,0.0464231354642313,0.0464231354642313,0.0,0.0,SUCCESS,42
E5_DT0_PD05_SEED42,0,0.05,0.0534531963470319,1.0,anomaly_detection,isolation_forest,isolation_forest,residual,recall,1.0,1.0,0.0,0.0,SUCCESS,42
E5_DT0_PD05_SEED42,0,0.05,0.0534531963470319,1.0,anomaly_detection,isolation_forest,isolation_forest,residual,f1,0.0887272727272727,0.0887272727272727,0.0,0.0,SUCCESS,42
E5_DT0_PD05_SEED42,0,0.05,0.0534531963470319,1.0,anomaly_detection,isolation_forest,isolation_forest,residual,false_positive_rate,1.0,1.0,0.0,0.0,SUCCESS,42
E5_DT0_PD05_SEED42,0,0.05,0.0534531963470319,1.0,anomaly_detection,isolation_forest,isolation_forest,residual,pr_auc,0.3046980188968922,1.0,-0.6953019811031078,0.6953019811031078,SUCCESS,42
E5_DT0_PD05_SEED42,0,0.05,0.0534531963470319,1.0,anomaly_detection,isolation_forest,isolation_forest,residual,roc_auc,0.9515973139874138,1.0,-0.0484026860125862,0.0484026860125862,SUCCESS,42
E5_DT0_PD05_SEED42,0,0.05,0.0534531963470319,1.0,anomaly_detection,isolation_forest,isolation_forest,residual,detection_latency,0.0,0.0,0.0,0.0,SUCCESS,42
E5_DT0_PD05_SEED42,0,0.05,0.0534531963470319,1.0,anomaly_detection,isolation_forest,isolation_forest,residual,threshold,0.2937656541960819,0.2937656541960819,0.0,0.0,SUCCESS,42
E5_DT0_PD05_SEED42,0,0.05,0.0534531963470319,1.0,anomaly_detection,lstm_autoencoder,lstm_autoencoder,raw,precision,0.4982578397212543,0.4982578397212543,0.0,0.0,SUCCESS,42
E5_DT0_PD05_SEED42,0,0.05,0.0534531963470319,1.0,anomaly_detection,lstm_autoencoder,lstm_autoencoder,raw,recall,0.5860655737704918,0.5860655737704918,0.0,0.0,SUCCESS,42
E5_DT0_PD05_SEED42,0,0.05,0.0534531963470319,1.0,anomaly_detection,lstm_autoencoder,lstm_autoencoder,raw,f1,0.5386064030131827,0.5386064030131827,0.0,0.0,SUCCESS,42
E5_DT0_PD05_SEED42,0,0.05,0.0534531963470319,1.0,anomaly_detection,lstm_autoencoder,lstm_autoencoder,raw,false_positive_rate,0.028731045490822,0.028731045490822,0.0,0.0,SUCCESS,42
E5_DT0_PD05_SEED42,0,0.05,0.0534531963470319,1.0,anomaly_detection,lstm_autoencoder,lstm_autoencoder,raw,pr_auc,0.561001698584242,0.561001698584242,0.0,0.0,SUCCESS,42
E5_DT0_PD05_SEED42,0,0.05,0.0534531963470319,1.0,anomaly_detection,lstm_autoencoder,lstm_autoencoder,raw,roc_auc,0.9493396177043946,0.9493396177043946,0.0,0.0,SUCCESS,42
E5_DT0_PD05_SEED42,0,0.05,0.0534531963470319,1.0,anomaly_detection,lstm_autoencoder,lstm_autoencoder,raw,detection_latency,1.3442622950819672,1.3442622950819672,0.0,0.0,SUCCESS,42
E5_DT0_PD05_SEED42,0,0.05,0.0534531963470319,1.0,anomaly_detection,lstm_autoencoder,lstm_autoencoder,raw,threshold,0.0007370078528765,0.0007370078528765,0.0,0.0,SUCCESS,42
E5_DT0_PD05_SEED42,0,0.05,0.0534531963470319,1.0,anomaly_detection,lstm_autoencoder,lstm_autoencoder,residual,precision,0.4728682170542636,0.9568627450980391,-0.4839945280437757,0.5058139534883721,SUCCESS,42
E5_DT0_PD05_SEED42,0,0.05,0.0534531963470319,1.0,anomaly_detection,lstm_autoencoder,lstm_autoencoder,residual,recall,1.0,1.0,0.0,0.0,SUCCESS,42
E5_DT0_PD05_SEED42,0,0.05,0.0534531963470319,1.0,anomaly_detection,lstm_autoencoder,lstm_autoencoder,residual,f1,0.6421052631578947,0.9779559118236472,-0.3358506486657525,0.3434210526315789,SUCCESS,42
E5_DT0_PD05_SEED42,0,0.05,0.0534531963470319,1.0,anomaly_detection,lstm_autoencoder,lstm_autoencoder,residual,false_positive_rate,0.0542697525937749,0.00219473264166,0.0520750199521149,23.72727272727273,SUCCESS,42
E5_DT0_PD05_SEED42,0,0.05,0.0534531963470319,1.0,anomaly_detection,lstm_autoencoder,lstm_autoencoder,residual,pr_auc,0.5390090549140275,1.0,-0.4609909450859725,0.4609909450859725,SUCCESS,42
E5_DT0_PD05_SEED42,0,0.05,0.0534531963470319,1.0,anomaly_detection,lstm_autoencoder,lstm_autoencoder,residual,roc_auc,0.9736051509164888,1.0,-0.026394849083511,0.026394849083511,SUCCESS,42
E5_DT0_PD05_SEED42,0,0.05,0.0534531963470319,1.0,anomaly_detection,lstm_autoencoder,lstm_autoencoder,residual,detection_latency,0.0,0.0,0.0,0.0,SUCCESS,42
E5_DT0_PD05_SEED42,0,0.05,0.0534531963470319,1.0,anomaly_detection,lstm_autoencoder,lstm_autoencoder,residual,threshold,0.0003816792741417,0.0003816792741417,0.0,0.0,SUCCESS,42
E5_DT0_PD10_SEED42,0,0.1,0.1089326484018264,1.0,load_estimation,persistence,,raw,mae,0.4804504230232906,0.4591450760399007,0.0213053469833899,0.0464022116215366,SUCCESS,42
E5_DT0_PD10_SEED42,0,0.1,0.1089326484018264,1.0,load_estimation,persistence,,raw,rmse,0.6562717822003715,0.630307824152761,0.0259639580476105,0.0411925047614797,SUCCESS,42
E5_DT0_PD10_SEED42,0,0.1,0.1089326484018264,1.0,load_estimation,persistence,,raw,mape,15.22745767394809,14.73210135971861,0.495356314229479,0.0336242808907025,SUCCESS,42
E5_DT0_PD10_SEED42,0,0.1,0.1089326484018264,1.0,load_estimation,persistence,,raw,r2,0.9204742000614116,0.9266422537549912,-0.0061680536935796,-0.0066563484112505,SUCCESS,42
E5_DT0_PD10_SEED42,0,0.1,0.1089326484018264,1.0,load_estimation,xgboost,,raw,mae,0.2790433718869675,0.2734339335193372,0.0056094383676302,0.0205147850357555,SUCCESS,42
E5_DT0_PD10_SEED42,0,0.1,0.1089326484018264,1.0,load_estimation,xgboost,,raw,rmse,0.4192529274039325,0.4129930382953352,0.0062598891085973,0.0151573719848536,SUCCESS,42
E5_DT0_PD10_SEED42,0,0.1,0.1089326484018264,1.0,load_estimation,xgboost,,raw,mape,9.223874567994905,9.063484965162122,0.1603896028327831,0.0176962397410358,SUCCESS,42
E5_DT0_PD10_SEED42,0,0.1,0.1089326484018264,1.0,load_estimation,xgboost,,raw,r2,0.9675441646685652,0.9685061288962542,-0.0009619642276889,-0.0009932453693248,SUCCESS,42
E5_DT0_PD10_SEED42,0,0.1,0.1089326484018264,1.0,load_estimation,lstm,,raw,mae,0.2783379099370416,0.2759301433503092,0.0024077665867323,0.0087260005648442,SUCCESS,42
E5_DT0_PD10_SEED42,0,0.1,0.1089326484018264,1.0,load_estimation,lstm,,raw,rmse,0.4251710449631362,0.4230368621902369,0.0021341827728992,0.0050449097079855,SUCCESS,42
E5_DT0_PD10_SEED42,0,0.1,0.1089326484018264,1.0,load_estimation,lstm,,raw,mape,9.013588747109727,8.95040488214452,0.0631838649652074,0.0070593303651832,SUCCESS,42
E5_DT0_PD10_SEED42,0,0.1,0.1089326484018264,1.0,load_estimation,lstm,,raw,r2,0.9667123392037508,0.9670456810550092,-0.0003333418512583,-0.0003447012460617,SUCCESS,42
E5_DT0_PD10_SEED42,0,0.1,0.1089326484018264,1.0,anomaly_detection,isolation_forest,isolation_forest,raw,precision,0.1164658634538152,0.1164658634538152,0.0,0.0,SUCCESS,42
E5_DT0_PD10_SEED42,0,0.1,0.1089326484018264,1.0,anomaly_detection,isolation_forest,isolation_forest,raw,recall,0.1188524590163934,0.1188524590163934,0.0,0.0,SUCCESS,42
E5_DT0_PD10_SEED42,0,0.1,0.1089326484018264,1.0,anomaly_detection,isolation_forest,isolation_forest,raw,f1,0.1176470588235294,0.1176470588235294,0.0,0.0,SUCCESS,42
E5_DT0_PD10_SEED42,0,0.1,0.1089326484018264,1.0,anomaly_detection,isolation_forest,isolation_forest,raw,false_positive_rate,0.0438946528332003,0.0438946528332003,0.0,0.0,SUCCESS,42
E5_DT0_PD10_SEED42,0,0.1,0.1089326484018264,1.0,anomaly_detection,isolation_forest,isolation_forest,raw,pr_auc,0.09385708598261,0.09385708598261,0.0,0.0,SUCCESS,42
E5_DT0_PD10_SEED42,0,0.1,0.1089326484018264,1.0,anomaly_detection,isolation_forest,isolation_forest,raw,roc_auc,0.7138596875695052,0.7138596875695052,0.0,0.0,SUCCESS,42
E5_DT0_PD10_SEED42,0,0.1,0.1089326484018264,1.0,anomaly_detection,isolation_forest,isolation_forest,raw,detection_latency,3.2459016393442623,3.2459016393442623,0.0,0.0,SUCCESS,42
E5_DT0_PD10_SEED42,0,0.1,0.1089326484018264,1.0,anomaly_detection,isolation_forest,isolation_forest,raw,threshold,0.5031683371451802,0.5031683371451802,0.0,0.0,SUCCESS,42
E5_DT0_PD10_SEED42,0,0.1,0.1089326484018264,1.0,anomaly_detection,isolation_forest,isolation_forest,residual,precision,0.0464231354642313,0.0464231354642313,0.0,0.0,SUCCESS,42
E5_DT0_PD10_SEED42,0,0.1,0.1089326484018264,1.0,anomaly_detection,isolation_forest,isolation_forest,residual,recall,1.0,1.0,0.0,0.0,SUCCESS,42
E5_DT0_PD10_SEED42,0,0.1,0.1089326484018264,1.0,anomaly_detection,isolation_forest,isolation_forest,residual,f1,0.0887272727272727,0.0887272727272727,0.0,0.0,SUCCESS,42
E5_DT0_PD10_SEED42,0,0.1,0.1089326484018264,1.0,anomaly_detection,isolation_forest,isolation_forest,residual,false_positive_rate,1.0,1.0,0.0,0.0,SUCCESS,42
E5_DT0_PD10_SEED42,0,0.1,0.1089326484018264,1.0,anomaly_detection,isolation_forest,isolation_forest,residual,pr_auc,0.1955281123000514,1.0,-0.8044718876999486,0.8044718876999486,SUCCESS,42
E5_DT0_PD10_SEED42,0,0.1,0.1089326484018264,1.0,anomaly_detection,isolation_forest,isolation_forest,residual,roc_auc,0.909603018329779,1.0,-0.090396981670221,0.090396981670221,SUCCESS,42
E5_DT0_PD10_SEED42,0,0.1,0.1089326484018264,1.0,anomaly_detection,isolation_forest,isolation_forest,residual,detection_latency,0.0,0.0,0.0,0.0,SUCCESS,42
E5_DT0_PD10_SEED42,0,0.1,0.1089326484018264,1.0,anomaly_detection,isolation_forest,isolation_forest,residual,threshold,0.2937656541960819,0.2937656541960819,0.0,0.0,SUCCESS,42
E5_DT0_PD10_SEED42,0,0.1,0.1089326484018264,1.0,anomaly_detection,lstm_autoencoder,lstm_autoencoder,raw,precision,0.4982578397212543,0.4982578397212543,0.0,0.0,SUCCESS,42
E5_DT0_PD10_SEED42,0,0.1,0.1089326484018264,1.0,anomaly_detection,lstm_autoencoder,lstm_autoencoder,raw,recall,0.5860655737704918,0.5860655737704918,0.0,0.0,SUCCESS,42
E5_DT0_PD10_SEED42,0,0.1,0.1089326484018264,1.0,anomaly_detection,lstm_autoencoder,lstm_autoencoder,raw,f1,0.5386064030131827,0.5386064030131827,0.0,0.0,SUCCESS,42
E5_DT0_PD10_SEED42,0,0.1,0.1089326484018264,1.0,anomaly_detection,lstm_autoencoder,lstm_autoencoder,raw,false_positive_rate,0.028731045490822,0.028731045490822,0.0,0.0,SUCCESS,42
E5_DT0_PD10_SEED42,0,0.1,0.1089326484018264,1.0,anomaly_detection,lstm_autoencoder,lstm_autoencoder,raw,pr_auc,0.561001698584242,0.561001698584242,0.0,0.0,SUCCESS,42
E5_DT0_PD10_SEED42,0,0.1,0.1089326484018264,1.0,anomaly_detection,lstm_autoencoder,lstm_autoencoder,raw,roc_auc,0.9493396177043946,0.9493396177043946,0.0,0.0,SUCCESS,42
E5_DT0_PD10_SEED42,0,0.1,0.1089326484018264,1.0,anomaly_detection,lstm_autoencoder,lstm_autoencoder,raw,detection_latency,1.3442622950819672,1.3442622950819672,0.0,0.0,SUCCESS,42
E5_DT0_PD10_SEED42,0,0.1,0.1089326484018264,1.0,anomaly_detection,lstm_autoencoder,lstm_autoencoder,raw,threshold,0.0007370078528765,0.0007370078528765,0.0,0.0,SUCCESS,42
E5_DT0_PD10_SEED42,0,0.1,0.1089326484018264,1.0,anomaly_detection,lstm_autoencoder,lstm_autoencoder,residual,precision,0.3202099737532808,0.9568627450980391,-0.6366527713447584,0.6653543307086615,SUCCESS,42
E5_DT0_PD10_SEED42,0,0.1,0.1089326484018264,1.0,anomaly_detection,lstm_autoencoder,lstm_autoencoder,residual,recall,1.0,1.0,0.0,0.0,SUCCESS,42
E5_DT0_PD10_SEED42,0,0.1,0.1089326484018264,1.0,anomaly_detection,lstm_autoencoder,lstm_autoencoder,residual,f1,0.485089463220676,0.9779559118236472,-0.4928664486029713,0.503976143141153,SUCCESS,42
E5_DT0_PD10_SEED42,0,0.1,0.1089326484018264,1.0,anomaly_detection,lstm_autoencoder,lstm_autoencoder,residual,false_positive_rate,0.1033519553072625,0.00219473264166,0.1011572226656025,46.090909090909086,SUCCESS,42
E5_DT0_PD10_SEED42,0,0.1,0.1089326484018264,1.0,anomaly_detection,lstm_autoencoder,lstm_autoencoder,residual,pr_auc,0.4014183782332302,1.0,-0.5985816217667699,0.5985816217667699,SUCCESS,42
E5_DT0_PD10_SEED42,0,0.1,0.1089326484018264,1.0,anomaly_detection,lstm_autoencoder,lstm_autoencoder,residual,roc_auc,0.9503086036136223,1.0,-0.0496913963863776,0.0496913963863776,SUCCESS,42
E5_DT0_PD10_SEED42,0,0.1,0.1089326484018264,1.0,anomaly_detection,lstm_autoencoder,lstm_autoencoder,residual,detection_latency,0.0,0.0,0.0,0.0,SUCCESS,42
E5_DT0_PD10_SEED42,0,0.1,0.1089326484018264,1.0,anomaly_detection,lstm_autoencoder,lstm_autoencoder,residual,threshold,0.0003816792741417,0.0003816792741417,0.0,0.0,SUCCESS,42
E5_DT0_PD20_SEED42,0,0.2,0.2509132420091324,1.0,load_estimation,persistence,,raw,mae,0.5044602527420633,0.4591450760399007,0.0453151767021626,0.0986946807597358,SUCCESS,42
E5_DT0_PD20_SEED42,0,0.2,0.2509132420091324,1.0,load_estimation,persistence,,raw,rmse,0.6858819355980028,0.630307824152761,0.0555741114452418,0.0881697946871319,SUCCESS,42
E5_DT0_PD20_SEED42,0,0.2,0.2509132420091324,1.0,load_estimation,persistence,,raw,mape,15.806540790489112,14.73210135971861,1.074439430770502,0.0729318516439411,SUCCESS,42
E5_DT0_PD20_SEED42,0,0.2,0.2509132420091324,1.0,load_estimation,persistence,,raw,r2,0.9131361021899016,0.9266422537549912,-0.0135061515650896,-0.0145753676894823,SUCCESS,42
E5_DT0_PD20_SEED42,0,0.2,0.2509132420091324,1.0,load_estimation,xgboost,,raw,mae,0.2895491203488824,0.2734339335193372,0.0161151868295452,0.0589363091190931,SUCCESS,42
E5_DT0_PD20_SEED42,0,0.2,0.2509132420091324,1.0,load_estimation,xgboost,,raw,rmse,0.4338800542102681,0.4129930382953352,0.0208870159149329,0.0505747409233481,SUCCESS,42
E5_DT0_PD20_SEED42,0,0.2,0.2509132420091324,1.0,load_estimation,xgboost,,raw,mape,9.474150554656106,9.063484965162122,0.4106655894939841,0.0453098991251692,SUCCESS,42
E5_DT0_PD20_SEED42,0,0.2,0.2509132420091324,1.0,load_estimation,xgboost,,raw,r2,0.9652399849900684,0.9685061288962542,-0.0032661439061857,-0.0033723523359712,SUCCESS,42
E5_DT0_PD20_SEED42,0,0.2,0.2509132420091324,1.0,load_estimation,lstm,,raw,mae,0.2858751653007538,0.2759301433503092,0.0099450219504445,0.0360418105455726,SUCCESS,42
E5_DT0_PD20_SEED42,0,0.2,0.2509132420091324,1.0,load_estimation,lstm,,raw,rmse,0.4319914299841561,0.4230368621902369,0.0089545677939192,0.0211673463810168,SUCCESS,42
E5_DT0_PD20_SEED42,0,0.2,0.2509132420091324,1.0,load_estimation,lstm,,raw,mape,9.171423424412827,8.95040488214452,0.2210185422683075,0.0246936920931057,SUCCESS,42
E5_DT0_PD20_SEED42,0,0.2,0.2509132420091324,1.0,load_estimation,lstm,,raw,r2,0.965635804688744,0.9670456810550092,-0.0014098763662651,-0.0014579211653445,SUCCESS,42
E5_DT0_PD20_SEED42,0,0.2,0.2509132420091324,1.0,anomaly_detection,isolation_forest,isolation_forest,raw,precision,0.1164658634538152,0.1164658634538152,0.0,0.0,SUCCESS,42
E5_DT0_PD20_SEED42,0,0.2,0.2509132420091324,1.0,anomaly_detection,isolation_forest,isolation_forest,raw,recall,0.1188524590163934,0.1188524590163934,0.0,0.0,SUCCESS,42
E5_DT0_PD20_SEED42,0,0.2,0.2509132420091324,1.0,anomaly_detection,isolation_forest,isolation_forest,raw,f1,0.1176470588235294,0.1176470588235294,0.0,0.0,SUCCESS,42
E5_DT0_PD20_SEED42,0,0.2,0.2509132420091324,1.0,anomaly_detection,isolation_forest,isolation_forest,raw,false_positive_rate,0.0438946528332003,0.0438946528332003,0.0,0.0,SUCCESS,42
E5_DT0_PD20_SEED42,0,0.2,0.2509132420091324,1.0,anomaly_detection,isolation_forest,isolation_forest,raw,pr_auc,0.09385708598261,0.09385708598261,0.0,0.0,SUCCESS,42
E5_DT0_PD20_SEED42,0,0.2,0.2509132420091324,1.0,anomaly_detection,isolation_forest,isolation_forest,raw,roc_auc,0.7138596875695052,0.7138596875695052,0.0,0.0,SUCCESS,42
E5_DT0_PD20_SEED42,0,0.2,0.2509132420091324,1.0,anomaly_detection,isolation_forest,isolation_forest,raw,detection_latency,3.2459016393442623,3.2459016393442623,0.0,0.0,SUCCESS,42
E5_DT0_PD20_SEED42,0,0.2,0.2509132420091324,1.0,anomaly_detection,isolation_forest,isolation_forest,raw,threshold,0.5031683371451802,0.5031683371451802,0.0,0.0,SUCCESS,42
E5_DT0_PD20_SEED42,0,0.2,0.2509132420091324,1.0,anomaly_detection,isolation_forest,isolation_forest,residual,precision,0.0464231354642313,0.0464231354642313,0.0,0.0,SUCCESS,42
E5_DT0_PD20_SEED42,0,0.2,0.2509132420091324,1.0,anomaly_detection,isolation_forest,isolation_forest,residual,recall,1.0,1.0,0.0,0.0,SUCCESS,42
E5_DT0_PD20_SEED42,0,0.2,0.2509132420091324,1.0,anomaly_detection,isolation_forest,isolation_forest,residual,f1,0.0887272727272727,0.0887272727272727,0.0,0.0,SUCCESS,42
E5_DT0_PD20_SEED42,0,0.2,0.2509132420091324,1.0,anomaly_detection,isolation_forest,isolation_forest,residual,false_positive_rate,1.0,1.0,0.0,0.0,SUCCESS,42
E5_DT0_PD20_SEED42,0,0.2,0.2509132420091324,1.0,anomaly_detection,isolation_forest,isolation_forest,residual,pr_auc,0.1147960603087708,1.0,-0.8852039396912292,0.8852039396912292,SUCCESS,42
E5_DT0_PD20_SEED42,0,0.2,0.2509132420091324,1.0,anomaly_detection,isolation_forest,isolation_forest,residual,roc_auc,0.8293080214043672,1.0,-0.1706919785956328,0.1706919785956328,SUCCESS,42
E5_DT0_PD20_SEED42,0,0.2,0.2509132420091324,1.0,anomaly_detection,isolation_forest,isolation_forest,residual,detection_latency,0.0,0.0,0.0,0.0,SUCCESS,42
E5_DT0_PD20_SEED42,0,0.2,0.2509132420091324,1.0,anomaly_detection,isolation_forest,isolation_forest,residual,threshold,0.2937656541960819,0.2937656541960819,0.0,0.0,SUCCESS,42
E5_DT0_PD20_SEED42,0,0.2,0.2509132420091324,1.0,anomaly_detection,lstm_autoencoder,lstm_autoencoder,raw,precision,0.4982578397212543,0.4982578397212543,0.0,0.0,SUCCESS,42
E5_DT0_PD20_SEED42,0,0.2,0.2509132420091324,1.0,anomaly_detection,lstm_autoencoder,lstm_autoencoder,raw,recall,0.5860655737704918,0.5860655737704918,0.0,0.0,SUCCESS,42
E5_DT0_PD20_SEED42,0,0.2,0.2509132420091324,1.0,anomaly_detection,lstm_autoencoder,lstm_autoencoder,raw,f1,0.5386064030131827,0.5386064030131827,0.0,0.0,SUCCESS,42
E5_DT0_PD20_SEED42,0,0.2,0.2509132420091324,1.0,anomaly_detection,lstm_autoencoder,lstm_autoencoder,raw,false_positive_rate,0.028731045490822,0.028731045490822,0.0,0.0,SUCCESS,42
E5_DT0_PD20_SEED42,0,0.2,0.2509132420091324,1.0,anomaly_detection,lstm_autoencoder,lstm_autoencoder,raw,pr_auc,0.561001698584242,0.561001698584242,0.0,0.0,SUCCESS,42
E5_DT0_PD20_SEED42,0,0.2,0.2509132420091324,1.0,anomaly_detection,lstm_autoencoder,lstm_autoencoder,raw,roc_auc,0.9493396177043946,0.9493396177043946,0.0,0.0,SUCCESS,42
E5_DT0_PD20_SEED42,0,0.2,0.2509132420091324,1.0,anomaly_detection,lstm_autoencoder,lstm_autoencoder,raw,detection_latency,1.3442622950819672,1.3442622950819672,0.0,0.0,SUCCESS,42
E5_DT0_PD20_SEED42,0,0.2,0.2509132420091324,1.0,anomaly_detection,lstm_autoencoder,lstm_autoencoder,raw,threshold,0.0007370078528765,0.0007370078528765,0.0,0.0,SUCCESS,42
E5_DT0_PD20_SEED42,0,0.2,0.2509132420091324,1.0,anomaly_detection,lstm_autoencoder,lstm_autoencoder,residual,precision,0.1928853754940711,0.9568627450980391,-0.7639773696039681,0.7984189723320159,SUCCESS,42
E5_DT0_PD20_SEED42,0,0.2,0.2509132420091324,1.0,anomaly_detection,lstm_autoencoder,lstm_autoencoder,residual,recall,1.0,1.0,0.0,0.0,SUCCESS,42
E5_DT0_PD20_SEED42,0,0.2,0.2509132420091324,1.0,anomaly_detection,lstm_autoencoder,lstm_autoencoder,residual,f1,0.3233929754804506,0.9779559118236472,-0.6545629363431966,0.6693174287607687,SUCCESS,42
E5_DT0_PD20_SEED42,0,0.2,0.2509132420091324,1.0,anomaly_detection,lstm_autoencoder,lstm_autoencoder,residual,false_positive_rate,0.2037110933758978,0.00219473264166,0.2015163607342378,91.81818181818184,SUCCESS,42
E5_DT0_PD20_SEED42,0,0.2,0.2509132420091324,1.0,anomaly_detection,lstm_autoencoder,lstm_autoencoder,residual,pr_auc,0.2837795341596269,1.0,-0.716220465840373,0.716220465840373,SUCCESS,42
E5_DT0_PD20_SEED42,0,0.2,0.2509132420091324,1.0,anomaly_detection,lstm_autoencoder,lstm_autoencoder,residual,roc_auc,0.9034571127654284,1.0,-0.0965428872345716,0.0965428872345716,SUCCESS,42
E5_DT0_PD20_SEED42,0,0.2,0.2509132420091324,1.0,anomaly_detection,lstm_autoencoder,lstm_autoencoder,residual,detection_latency,0.0,0.0,0.0,0.0,SUCCESS,42
E5_DT0_PD20_SEED42,0,0.2,0.2509132420091324,1.0,anomaly_detection,lstm_autoencoder,lstm_autoencoder,residual,threshold,0.0003816792741417,0.0003816792741417,0.0,0.0,SUCCESS,42
E5_DT1_PD00_SEED42,1,0.0,0.0,0.0,load_estimation,persistence,,raw,mae,0.4591450760399007,0.4591450760399007,0.0,0.0,SUCCESS,42
E5_DT1_PD00_SEED42,1,0.0,0.0,0.0,load_estimation,persistence,,raw,rmse,0.630307824152761,0.630307824152761,0.0,0.0,SUCCESS,42
E5_DT1_PD00_SEED42,1,0.0,0.0,0.0,load_estimation,persistence,,raw,mape,14.73210135971861,14.73210135971861,0.0,0.0,SUCCESS,42
E5_DT1_PD00_SEED42,1,0.0,0.0,0.0,load_estimation,persistence,,raw,r2,0.9266422537549912,0.9266422537549912,0.0,0.0,SUCCESS,42
E5_DT1_PD00_SEED42,1,0.0,0.0,0.0,load_estimation,xgboost,,raw,mae,0.2734339335193372,0.2734339335193372,0.0,0.0,SUCCESS,42
E5_DT1_PD00_SEED42,1,0.0,0.0,0.0,load_estimation,xgboost,,raw,rmse,0.4129930382953352,0.4129930382953352,0.0,0.0,SUCCESS,42
E5_DT1_PD00_SEED42,1,0.0,0.0,0.0,load_estimation,xgboost,,raw,mape,9.063484965162122,9.063484965162122,0.0,0.0,SUCCESS,42
E5_DT1_PD00_SEED42,1,0.0,0.0,0.0,load_estimation,xgboost,,raw,r2,0.9685061288962542,0.9685061288962542,0.0,0.0,SUCCESS,42
E5_DT1_PD00_SEED42,1,0.0,0.0,0.0,load_estimation,lstm,,raw,mae,0.2759301433503092,0.2759301433503092,0.0,0.0,SUCCESS,42
E5_DT1_PD00_SEED42,1,0.0,0.0,0.0,load_estimation,lstm,,raw,rmse,0.4230368621902369,0.4230368621902369,0.0,0.0,SUCCESS,42
E5_DT1_PD00_SEED42,1,0.0,0.0,0.0,load_estimation,lstm,,raw,mape,8.95040488214452,8.95040488214452,0.0,0.0,SUCCESS,42
E5_DT1_PD00_SEED42,1,0.0,0.0,0.0,load_estimation,lstm,,raw,r2,0.9670456810550092,0.9670456810550092,0.0,0.0,SUCCESS,42
E5_DT1_PD00_SEED42,1,0.0,0.0,0.0,anomaly_detection,isolation_forest,isolation_forest,raw,precision,0.1164658634538152,0.1164658634538152,0.0,0.0,SUCCESS,42
E5_DT1_PD00_SEED42,1,0.0,0.0,0.0,anomaly_detection,isolation_forest,isolation_forest,raw,recall,0.1188524590163934,0.1188524590163934,0.0,0.0,SUCCESS,42
E5_DT1_PD00_SEED42,1,0.0,0.0,0.0,anomaly_detection,isolation_forest,isolation_forest,raw,f1,0.1176470588235294,0.1176470588235294,0.0,0.0,SUCCESS,42
E5_DT1_PD00_SEED42,1,0.0,0.0,0.0,anomaly_detection,isolation_forest,isolation_forest,raw,false_positive_rate,0.0438946528332003,0.0438946528332003,0.0,0.0,SUCCESS,42
E5_DT1_PD00_SEED42,1,0.0,0.0,0.0,anomaly_detection,isolation_forest,isolation_forest,raw,pr_auc,0.09385708598261,0.09385708598261,0.0,0.0,SUCCESS,42
E5_DT1_PD00_SEED42,1,0.0,0.0,0.0,anomaly_detection,isolation_forest,isolation_forest,raw,roc_auc,0.7138596875695052,0.7138596875695052,0.0,0.0,SUCCESS,42
E5_DT1_PD00_SEED42,1,0.0,0.0,0.0,anomaly_detection,isolation_forest,isolation_forest,raw,detection_latency,3.2459016393442623,3.2459016393442623,0.0,0.0,SUCCESS,42
E5_DT1_PD00_SEED42,1,0.0,0.0,0.0,anomaly_detection,isolation_forest,isolation_forest,raw,threshold,0.5031683371451802,0.5031683371451802,0.0,0.0,SUCCESS,42
E5_DT1_PD00_SEED42,1,0.0,0.0,0.0,anomaly_detection,isolation_forest,isolation_forest,residual,precision,0.0464231354642313,0.0464231354642313,0.0,0.0,SUCCESS,42
E5_DT1_PD00_SEED42,1,0.0,0.0,0.0,anomaly_detection,isolation_forest,isolation_forest,residual,recall,1.0,1.0,0.0,0.0,SUCCESS,42
E5_DT1_PD00_SEED42,1,0.0,0.0,0.0,anomaly_detection,isolation_forest,isolation_forest,residual,f1,0.0887272727272727,0.0887272727272727,0.0,0.0,SUCCESS,42
E5_DT1_PD00_SEED42,1,0.0,0.0,0.0,anomaly_detection,isolation_forest,isolation_forest,residual,false_positive_rate,1.0,1.0,0.0,0.0,SUCCESS,42
E5_DT1_PD00_SEED42,1,0.0,0.0,0.0,anomaly_detection,isolation_forest,isolation_forest,residual,pr_auc,1.0,1.0,0.0,0.0,SUCCESS,42
E5_DT1_PD00_SEED42,1,0.0,0.0,0.0,anomaly_detection,isolation_forest,isolation_forest,residual,roc_auc,1.0,1.0,0.0,0.0,SUCCESS,42
E5_DT1_PD00_SEED42,1,0.0,0.0,0.0,anomaly_detection,isolation_forest,isolation_forest,residual,detection_latency,0.0,0.0,0.0,0.0,SUCCESS,42
E5_DT1_PD00_SEED42,1,0.0,0.0,0.0,anomaly_detection,isolation_forest,isolation_forest,residual,threshold,0.2937656541960819,0.2937656541960819,0.0,0.0,SUCCESS,42
E5_DT1_PD00_SEED42,1,0.0,0.0,0.0,anomaly_detection,lstm_autoencoder,lstm_autoencoder,raw,precision,0.4982578397212543,0.4982578397212543,0.0,0.0,SUCCESS,42
E5_DT1_PD00_SEED42,1,0.0,0.0,0.0,anomaly_detection,lstm_autoencoder,lstm_autoencoder,raw,recall,0.5860655737704918,0.5860655737704918,0.0,0.0,SUCCESS,42
E5_DT1_PD00_SEED42,1,0.0,0.0,0.0,anomaly_detection,lstm_autoencoder,lstm_autoencoder,raw,f1,0.5386064030131827,0.5386064030131827,0.0,0.0,SUCCESS,42
E5_DT1_PD00_SEED42,1,0.0,0.0,0.0,anomaly_detection,lstm_autoencoder,lstm_autoencoder,raw,false_positive_rate,0.028731045490822,0.028731045490822,0.0,0.0,SUCCESS,42
E5_DT1_PD00_SEED42,1,0.0,0.0,0.0,anomaly_detection,lstm_autoencoder,lstm_autoencoder,raw,pr_auc,0.561001698584242,0.561001698584242,0.0,0.0,SUCCESS,42
E5_DT1_PD00_SEED42,1,0.0,0.0,0.0,anomaly_detection,lstm_autoencoder,lstm_autoencoder,raw,roc_auc,0.9493396177043946,0.9493396177043946,0.0,0.0,SUCCESS,42
E5_DT1_PD00_SEED42,1,0.0,0.0,0.0,anomaly_detection,lstm_autoencoder,lstm_autoencoder,raw,detection_latency,1.3442622950819672,1.3442622950819672,0.0,0.0,SUCCESS,42
E5_DT1_PD00_SEED42,1,0.0,0.0,0.0,anomaly_detection,lstm_autoencoder,lstm_autoencoder,raw,threshold,0.0007370078528765,0.0007370078528765,0.0,0.0,SUCCESS,42
E5_DT1_PD00_SEED42,1,0.0,0.0,0.0,anomaly_detection,lstm_autoencoder,lstm_autoencoder,residual,precision,0.9568627450980391,0.9568627450980391,0.0,0.0,SUCCESS,42
E5_DT1_PD00_SEED42,1,0.0,0.0,0.0,anomaly_detection,lstm_autoencoder,lstm_autoencoder,residual,recall,1.0,1.0,0.0,0.0,SUCCESS,42
E5_DT1_PD00_SEED42,1,0.0,0.0,0.0,anomaly_detection,lstm_autoencoder,lstm_autoencoder,residual,f1,0.9779559118236472,0.9779559118236472,0.0,0.0,SUCCESS,42
E5_DT1_PD00_SEED42,1,0.0,0.0,0.0,anomaly_detection,lstm_autoencoder,lstm_autoencoder,residual,false_positive_rate,0.00219473264166,0.00219473264166,0.0,0.0,SUCCESS,42
E5_DT1_PD00_SEED42,1,0.0,0.0,0.0,anomaly_detection,lstm_autoencoder,lstm_autoencoder,residual,pr_auc,1.0,1.0,0.0,0.0,SUCCESS,42
E5_DT1_PD00_SEED42,1,0.0,0.0,0.0,anomaly_detection,lstm_autoencoder,lstm_autoencoder,residual,roc_auc,1.0,1.0,0.0,0.0,SUCCESS,42
E5_DT1_PD00_SEED42,1,0.0,0.0,0.0,anomaly_detection,lstm_autoencoder,lstm_autoencoder,residual,detection_latency,0.0,0.0,0.0,0.0,SUCCESS,42
E5_DT1_PD00_SEED42,1,0.0,0.0,0.0,anomaly_detection,lstm_autoencoder,lstm_autoencoder,residual,threshold,0.0003816792741417,0.0003816792741417,0.0,0.0,SUCCESS,42
E5_DT1_PD05_SEED42,1,0.05,0.0534531963470319,1.0,load_estimation,persistence,,raw,mae,0.4680887091468277,0.4591450760399007,0.008943633106927,0.0194788827619917,SUCCESS,42
E5_DT1_PD05_SEED42,1,0.05,0.0534531963470319,1.0,load_estimation,persistence,,raw,rmse,0.6394461138391615,0.630307824152761,0.0091382896864005,0.0144981377927267,SUCCESS,42
E5_DT1_PD05_SEED42,1,0.05,0.0534531963470319,1.0,load_estimation,persistence,,raw,mape,14.953406180024844,14.73210135971861,0.2213048203062335,0.0150219452678582,SUCCESS,42
E5_DT1_PD05_SEED42,1,0.05,0.0534531963470319,1.0,load_estimation,persistence,,raw,r2,0.9244997328237532,0.9266422537549912,-0.0021425209312379,-0.002312133860242,SUCCESS,42
E5_DT1_PD05_SEED42,1,0.05,0.0534531963470319,1.0,load_estimation,xgboost,,raw,mae,0.2751175934275898,0.2734339335193372,0.0016836599082525,0.0061574651199373,SUCCESS,42
E5_DT1_PD05_SEED42,1,0.05,0.0534531963470319,1.0,load_estimation,xgboost,,raw,rmse,0.4145709092350699,0.4129930382953352,0.0015778709397347,0.003820575151212,SUCCESS,42
E5_DT1_PD05_SEED42,1,0.05,0.0534531963470319,1.0,load_estimation,xgboost,,raw,mape,9.125493651918465,9.063484965162122,0.0620086867563429,0.0068415942647546,SUCCESS,42
E5_DT1_PD05_SEED42,1,0.05,0.0534531963470319,1.0,load_estimation,xgboost,,raw,r2,0.9682650197839812,0.9685061288962542,-0.0002411091122729,-0.0002489494955986,SUCCESS,42
E5_DT1_PD05_SEED42,1,0.05,0.0534531963470319,1.0,load_estimation,lstm,,raw,mae,0.2761001738403031,0.2759301433503092,0.0001700304899939,0.0006162084646839,SUCCESS,42
E5_DT1_PD05_SEED42,1,0.05,0.0534531963470319,1.0,load_estimation,lstm,,raw,rmse,0.4230792251779763,0.4230368621902369,4.2362987739463787e-05,0.0001001401805037,SUCCESS,42
E5_DT1_PD05_SEED42,1,0.05,0.0534531963470319,1.0,load_estimation,lstm,,raw,mape,8.959365985897191,8.95040488214452,0.0089611037526715,0.0010011953504526,SUCCESS,42
E5_DT1_PD05_SEED42,1,0.05,0.0534531963470319,1.0,load_estimation,lstm,,raw,r2,0.9670390806216465,0.9670456810550092,-6.600433362868863e-06,-6.825358400513248e-06,SUCCESS,42
E5_DT1_PD05_SEED42,1,0.05,0.0534531963470319,1.0,anomaly_detection,isolation_forest,isolation_forest,raw,precision,0.1164658634538152,0.1164658634538152,0.0,0.0,SUCCESS,42
E5_DT1_PD05_SEED42,1,0.05,0.0534531963470319,1.0,anomaly_detection,isolation_forest,isolation_forest,raw,recall,0.1188524590163934,0.1188524590163934,0.0,0.0,SUCCESS,42
E5_DT1_PD05_SEED42,1,0.05,0.0534531963470319,1.0,anomaly_detection,isolation_forest,isolation_forest,raw,f1,0.1176470588235294,0.1176470588235294,0.0,0.0,SUCCESS,42
E5_DT1_PD05_SEED42,1,0.05,0.0534531963470319,1.0,anomaly_detection,isolation_forest,isolation_forest,raw,false_positive_rate,0.0438946528332003,0.0438946528332003,0.0,0.0,SUCCESS,42
E5_DT1_PD05_SEED42,1,0.05,0.0534531963470319,1.0,anomaly_detection,isolation_forest,isolation_forest,raw,pr_auc,0.09385708598261,0.09385708598261,0.0,0.0,SUCCESS,42
E5_DT1_PD05_SEED42,1,0.05,0.0534531963470319,1.0,anomaly_detection,isolation_forest,isolation_forest,raw,roc_auc,0.7138596875695052,0.7138596875695052,0.0,0.0,SUCCESS,42
E5_DT1_PD05_SEED42,1,0.05,0.0534531963470319,1.0,anomaly_detection,isolation_forest,isolation_forest,raw,detection_latency,3.2459016393442623,3.2459016393442623,0.0,0.0,SUCCESS,42
E5_DT1_PD05_SEED42,1,0.05,0.0534531963470319,1.0,anomaly_detection,isolation_forest,isolation_forest,raw,threshold,0.5031683371451802,0.5031683371451802,0.0,0.0,SUCCESS,42
E5_DT1_PD05_SEED42,1,0.05,0.0534531963470319,1.0,anomaly_detection,isolation_forest,isolation_forest,residual,precision,0.0464231354642313,0.0464231354642313,0.0,0.0,SUCCESS,42
E5_DT1_PD05_SEED42,1,0.05,0.0534531963470319,1.0,anomaly_detection,isolation_forest,isolation_forest,residual,recall,1.0,1.0,0.0,0.0,SUCCESS,42
E5_DT1_PD05_SEED42,1,0.05,0.0534531963470319,1.0,anomaly_detection,isolation_forest,isolation_forest,residual,f1,0.0887272727272727,0.0887272727272727,0.0,0.0,SUCCESS,42
E5_DT1_PD05_SEED42,1,0.05,0.0534531963470319,1.0,anomaly_detection,isolation_forest,isolation_forest,residual,false_positive_rate,1.0,1.0,0.0,0.0,SUCCESS,42
E5_DT1_PD05_SEED42,1,0.05,0.0534531963470319,1.0,anomaly_detection,isolation_forest,isolation_forest,residual,pr_auc,0.3046980188968922,1.0,-0.6953019811031078,0.6953019811031078,SUCCESS,42
E5_DT1_PD05_SEED42,1,0.05,0.0534531963470319,1.0,anomaly_detection,isolation_forest,isolation_forest,residual,roc_auc,0.9515973139874138,1.0,-0.0484026860125862,0.0484026860125862,SUCCESS,42
E5_DT1_PD05_SEED42,1,0.05,0.0534531963470319,1.0,anomaly_detection,isolation_forest,isolation_forest,residual,detection_latency,0.0,0.0,0.0,0.0,SUCCESS,42
E5_DT1_PD05_SEED42,1,0.05,0.0534531963470319,1.0,anomaly_detection,isolation_forest,isolation_forest,residual,threshold,0.2937656541960819,0.2937656541960819,0.0,0.0,SUCCESS,42
E5_DT1_PD05_SEED42,1,0.05,0.0534531963470319,1.0,anomaly_detection,lstm_autoencoder,lstm_autoencoder,raw,precision,0.4982578397212543,0.4982578397212543,0.0,0.0,SUCCESS,42
E5_DT1_PD05_SEED42,1,0.05,0.0534531963470319,1.0,anomaly_detection,lstm_autoencoder,lstm_autoencoder,raw,recall,0.5860655737704918,0.5860655737704918,0.0,0.0,SUCCESS,42
E5_DT1_PD05_SEED42,1,0.05,0.0534531963470319,1.0,anomaly_detection,lstm_autoencoder,lstm_autoencoder,raw,f1,0.5386064030131827,0.5386064030131827,0.0,0.0,SUCCESS,42
E5_DT1_PD05_SEED42,1,0.05,0.0534531963470319,1.0,anomaly_detection,lstm_autoencoder,lstm_autoencoder,raw,false_positive_rate,0.028731045490822,0.028731045490822,0.0,0.0,SUCCESS,42
E5_DT1_PD05_SEED42,1,0.05,0.0534531963470319,1.0,anomaly_detection,lstm_autoencoder,lstm_autoencoder,raw,pr_auc,0.561001698584242,0.561001698584242,0.0,0.0,SUCCESS,42
E5_DT1_PD05_SEED42,1,0.05,0.0534531963470319,1.0,anomaly_detection,lstm_autoencoder,lstm_autoencoder,raw,roc_auc,0.9493396177043946,0.9493396177043946,0.0,0.0,SUCCESS,42
E5_DT1_PD05_SEED42,1,0.05,0.0534531963470319,1.0,anomaly_detection,lstm_autoencoder,lstm_autoencoder,raw,detection_latency,1.3442622950819672,1.3442622950819672,0.0,0.0,SUCCESS,42
E5_DT1_PD05_SEED42,1,0.05,0.0534531963470319,1.0,anomaly_detection,lstm_autoencoder,lstm_autoencoder,raw,threshold,0.0007370078528765,0.0007370078528765,0.0,0.0,SUCCESS,42
E5_DT1_PD05_SEED42,1,0.05,0.0534531963470319,1.0,anomaly_detection,lstm_autoencoder,lstm_autoencoder,residual,precision,0.4728682170542636,0.9568627450980391,-0.4839945280437757,0.5058139534883721,SUCCESS,42
E5_DT1_PD05_SEED42,1,0.05,0.0534531963470319,1.0,anomaly_detection,lstm_autoencoder,lstm_autoencoder,residual,recall,1.0,1.0,0.0,0.0,SUCCESS,42
E5_DT1_PD05_SEED42,1,0.05,0.0534531963470319,1.0,anomaly_detection,lstm_autoencoder,lstm_autoencoder,residual,f1,0.6421052631578947,0.9779559118236472,-0.3358506486657525,0.3434210526315789,SUCCESS,42
E5_DT1_PD05_SEED42,1,0.05,0.0534531963470319,1.0,anomaly_detection,lstm_autoencoder,lstm_autoencoder,residual,false_positive_rate,0.0542697525937749,0.00219473264166,0.0520750199521149,23.72727272727273,SUCCESS,42
E5_DT1_PD05_SEED42,1,0.05,0.0534531963470319,1.0,anomaly_detection,lstm_autoencoder,lstm_autoencoder,residual,pr_auc,0.5390090549140275,1.0,-0.4609909450859725,0.4609909450859725,SUCCESS,42
E5_DT1_PD05_SEED42,1,0.05,0.0534531963470319,1.0,anomaly_detection,lstm_autoencoder,lstm_autoencoder,residual,roc_auc,0.9736051509164888,1.0,-0.026394849083511,0.026394849083511,SUCCESS,42
E5_DT1_PD05_SEED42,1,0.05,0.0534531963470319,1.0,anomaly_detection,lstm_autoencoder,lstm_autoencoder,residual,detection_latency,0.0,0.0,0.0,0.0,SUCCESS,42
E5_DT1_PD05_SEED42,1,0.05,0.0534531963470319,1.0,anomaly_detection,lstm_autoencoder,lstm_autoencoder,residual,threshold,0.0003816792741417,0.0003816792741417,0.0,0.0,SUCCESS,42
E5_DT1_PD10_SEED42,1,0.1,0.1089326484018264,1.0,load_estimation,persistence,,raw,mae,0.4804504230232906,0.4591450760399007,0.0213053469833899,0.0464022116215366,SUCCESS,42
E5_DT1_PD10_SEED42,1,0.1,0.1089326484018264,1.0,load_estimation,persistence,,raw,rmse,0.6562717822003715,0.630307824152761,0.0259639580476105,0.0411925047614797,SUCCESS,42
E5_DT1_PD10_SEED42,1,0.1,0.1089326484018264,1.0,load_estimation,persistence,,raw,mape,15.22745767394809,14.73210135971861,0.495356314229479,0.0336242808907025,SUCCESS,42
E5_DT1_PD10_SEED42,1,0.1,0.1089326484018264,1.0,load_estimation,persistence,,raw,r2,0.9204742000614116,0.9266422537549912,-0.0061680536935796,-0.0066563484112505,SUCCESS,42
E5_DT1_PD10_SEED42,1,0.1,0.1089326484018264,1.0,load_estimation,xgboost,,raw,mae,0.2790433718869675,0.2734339335193372,0.0056094383676302,0.0205147850357555,SUCCESS,42
E5_DT1_PD10_SEED42,1,0.1,0.1089326484018264,1.0,load_estimation,xgboost,,raw,rmse,0.4192529274039325,0.4129930382953352,0.0062598891085973,0.0151573719848536,SUCCESS,42
E5_DT1_PD10_SEED42,1,0.1,0.1089326484018264,1.0,load_estimation,xgboost,,raw,mape,9.223874567994905,9.063484965162122,0.1603896028327831,0.0176962397410358,SUCCESS,42
E5_DT1_PD10_SEED42,1,0.1,0.1089326484018264,1.0,load_estimation,xgboost,,raw,r2,0.9675441646685652,0.9685061288962542,-0.0009619642276889,-0.0009932453693248,SUCCESS,42
E5_DT1_PD10_SEED42,1,0.1,0.1089326484018264,1.0,load_estimation,lstm,,raw,mae,0.2783379099370416,0.2759301433503092,0.0024077665867323,0.0087260005648442,SUCCESS,42
E5_DT1_PD10_SEED42,1,0.1,0.1089326484018264,1.0,load_estimation,lstm,,raw,rmse,0.4251710449631362,0.4230368621902369,0.0021341827728992,0.0050449097079855,SUCCESS,42
E5_DT1_PD10_SEED42,1,0.1,0.1089326484018264,1.0,load_estimation,lstm,,raw,mape,9.013588747109727,8.95040488214452,0.0631838649652074,0.0070593303651832,SUCCESS,42
E5_DT1_PD10_SEED42,1,0.1,0.1089326484018264,1.0,load_estimation,lstm,,raw,r2,0.9667123392037508,0.9670456810550092,-0.0003333418512583,-0.0003447012460617,SUCCESS,42
E5_DT1_PD10_SEED42,1,0.1,0.1089326484018264,1.0,anomaly_detection,isolation_forest,isolation_forest,raw,precision,0.1164658634538152,0.1164658634538152,0.0,0.0,SUCCESS,42
E5_DT1_PD10_SEED42,1,0.1,0.1089326484018264,1.0,anomaly_detection,isolation_forest,isolation_forest,raw,recall,0.1188524590163934,0.1188524590163934,0.0,0.0,SUCCESS,42
E5_DT1_PD10_SEED42,1,0.1,0.1089326484018264,1.0,anomaly_detection,isolation_forest,isolation_forest,raw,f1,0.1176470588235294,0.1176470588235294,0.0,0.0,SUCCESS,42
E5_DT1_PD10_SEED42,1,0.1,0.1089326484018264,1.0,anomaly_detection,isolation_forest,isolation_forest,raw,false_positive_rate,0.0438946528332003,0.0438946528332003,0.0,0.0,SUCCESS,42
E5_DT1_PD10_SEED42,1,0.1,0.1089326484018264,1.0,anomaly_detection,isolation_forest,isolation_forest,raw,pr_auc,0.09385708598261,0.09385708598261,0.0,0.0,SUCCESS,42
E5_DT1_PD10_SEED42,1,0.1,0.1089326484018264,1.0,anomaly_detection,isolation_forest,isolation_forest,raw,roc_auc,0.7138596875695052,0.7138596875695052,0.0,0.0,SUCCESS,42
E5_DT1_PD10_SEED42,1,0.1,0.1089326484018264,1.0,anomaly_detection,isolation_forest,isolation_forest,raw,detection_latency,3.2459016393442623,3.2459016393442623,0.0,0.0,SUCCESS,42
E5_DT1_PD10_SEED42,1,0.1,0.1089326484018264,1.0,anomaly_detection,isolation_forest,isolation_forest,raw,threshold,0.5031683371451802,0.5031683371451802,0.0,0.0,SUCCESS,42
E5_DT1_PD10_SEED42,1,0.1,0.1089326484018264,1.0,anomaly_detection,isolation_forest,isolation_forest,residual,precision,0.0464231354642313,0.0464231354642313,0.0,0.0,SUCCESS,42
E5_DT1_PD10_SEED42,1,0.1,0.1089326484018264,1.0,anomaly_detection,isolation_forest,isolation_forest,residual,recall,1.0,1.0,0.0,0.0,SUCCESS,42
E5_DT1_PD10_SEED42,1,0.1,0.1089326484018264,1.0,anomaly_detection,isolation_forest,isolation_forest,residual,f1,0.0887272727272727,0.0887272727272727,0.0,0.0,SUCCESS,42
E5_DT1_PD10_SEED42,1,0.1,0.1089326484018264,1.0,anomaly_detection,isolation_forest,isolation_forest,residual,false_positive_rate,1.0,1.0,0.0,0.0,SUCCESS,42
E5_DT1_PD10_SEED42,1,0.1,0.1089326484018264,1.0,anomaly_detection,isolation_forest,isolation_forest,residual,pr_auc,0.1955281123000514,1.0,-0.8044718876999486,0.8044718876999486,SUCCESS,42
E5_DT1_PD10_SEED42,1,0.1,0.1089326484018264,1.0,anomaly_detection,isolation_forest,isolation_forest,residual,roc_auc,0.909603018329779,1.0,-0.090396981670221,0.090396981670221,SUCCESS,42
E5_DT1_PD10_SEED42,1,0.1,0.1089326484018264,1.0,anomaly_detection,isolation_forest,isolation_forest,residual,detection_latency,0.0,0.0,0.0,0.0,SUCCESS,42
E5_DT1_PD10_SEED42,1,0.1,0.1089326484018264,1.0,anomaly_detection,isolation_forest,isolation_forest,residual,threshold,0.2937656541960819,0.2937656541960819,0.0,0.0,SUCCESS,42
E5_DT1_PD10_SEED42,1,0.1,0.1089326484018264,1.0,anomaly_detection,lstm_autoencoder,lstm_autoencoder,raw,precision,0.4982578397212543,0.4982578397212543,0.0,0.0,SUCCESS,42
E5_DT1_PD10_SEED42,1,0.1,0.1089326484018264,1.0,anomaly_detection,lstm_autoencoder,lstm_autoencoder,raw,recall,0.5860655737704918,0.5860655737704918,0.0,0.0,SUCCESS,42
E5_DT1_PD10_SEED42,1,0.1,0.1089326484018264,1.0,anomaly_detection,lstm_autoencoder,lstm_autoencoder,raw,f1,0.5386064030131827,0.5386064030131827,0.0,0.0,SUCCESS,42
E5_DT1_PD10_SEED42,1,0.1,0.1089326484018264,1.0,anomaly_detection,lstm_autoencoder,lstm_autoencoder,raw,false_positive_rate,0.028731045490822,0.028731045490822,0.0,0.0,SUCCESS,42
E5_DT1_PD10_SEED42,1,0.1,0.1089326484018264,1.0,anomaly_detection,lstm_autoencoder,lstm_autoencoder,raw,pr_auc,0.561001698584242,0.561001698584242,0.0,0.0,SUCCESS,42
E5_DT1_PD10_SEED42,1,0.1,0.1089326484018264,1.0,anomaly_detection,lstm_autoencoder,lstm_autoencoder,raw,roc_auc,0.9493396177043946,0.9493396177043946,0.0,0.0,SUCCESS,42
E5_DT1_PD10_SEED42,1,0.1,0.1089326484018264,1.0,anomaly_detection,lstm_autoencoder,lstm_autoencoder,raw,detection_latency,1.3442622950819672,1.3442622950819672,0.0,0.0,SUCCESS,42
E5_DT1_PD10_SEED42,1,0.1,0.1089326484018264,1.0,anomaly_detection,lstm_autoencoder,lstm_autoencoder,raw,threshold,0.0007370078528765,0.0007370078528765,0.0,0.0,SUCCESS,42
E5_DT1_PD10_SEED42,1,0.1,0.1089326484018264,1.0,anomaly_detection,lstm_autoencoder,lstm_autoencoder,residual,precision,0.3202099737532808,0.9568627450980391,-0.6366527713447584,0.6653543307086615,SUCCESS,42
E5_DT1_PD10_SEED42,1,0.1,0.1089326484018264,1.0,anomaly_detection,lstm_autoencoder,lstm_autoencoder,residual,recall,1.0,1.0,0.0,0.0,SUCCESS,42
E5_DT1_PD10_SEED42,1,0.1,0.1089326484018264,1.0,anomaly_detection,lstm_autoencoder,lstm_autoencoder,residual,f1,0.485089463220676,0.9779559118236472,-0.4928664486029713,0.503976143141153,SUCCESS,42
E5_DT1_PD10_SEED42,1,0.1,0.1089326484018264,1.0,anomaly_detection,lstm_autoencoder,lstm_autoencoder,residual,false_positive_rate,0.1033519553072625,0.00219473264166,0.1011572226656025,46.090909090909086,SUCCESS,42
E5_DT1_PD10_SEED42,1,0.1,0.1089326484018264,1.0,anomaly_detection,lstm_autoencoder,lstm_autoencoder,residual,pr_auc,0.4014183782332302,1.0,-0.5985816217667699,0.5985816217667699,SUCCESS,42
E5_DT1_PD10_SEED42,1,0.1,0.1089326484018264,1.0,anomaly_detection,lstm_autoencoder,lstm_autoencoder,residual,roc_auc,0.9503086036136223,1.0,-0.0496913963863776,0.0496913963863776,SUCCESS,42
E5_DT1_PD10_SEED42,1,0.1,0.1089326484018264,1.0,anomaly_detection,lstm_autoencoder,lstm_autoencoder,residual,detection_latency,0.0,0.0,0.0,0.0,SUCCESS,42
E5_DT1_PD10_SEED42,1,0.1,0.1089326484018264,1.0,anomaly_detection,lstm_autoencoder,lstm_autoencoder,residual,threshold,0.0003816792741417,0.0003816792741417,0.0,0.0,SUCCESS,42
E5_DT1_PD20_SEED42,1,0.2,0.2509132420091324,1.0,load_estimation,persistence,,raw,mae,0.5044602527420633,0.4591450760399007,0.0453151767021626,0.0986946807597358,SUCCESS,42
E5_DT1_PD20_SEED42,1,0.2,0.2509132420091324,1.0,load_estimation,persistence,,raw,rmse,0.6858819355980028,0.630307824152761,0.0555741114452418,0.0881697946871319,SUCCESS,42
E5_DT1_PD20_SEED42,1,0.2,0.2509132420091324,1.0,load_estimation,persistence,,raw,mape,15.806540790489112,14.73210135971861,1.074439430770502,0.0729318516439411,SUCCESS,42
E5_DT1_PD20_SEED42,1,0.2,0.2509132420091324,1.0,load_estimation,persistence,,raw,r2,0.9131361021899016,0.9266422537549912,-0.0135061515650896,-0.0145753676894823,SUCCESS,42
E5_DT1_PD20_SEED42,1,0.2,0.2509132420091324,1.0,load_estimation,xgboost,,raw,mae,0.2895491203488824,0.2734339335193372,0.0161151868295452,0.0589363091190931,SUCCESS,42
E5_DT1_PD20_SEED42,1,0.2,0.2509132420091324,1.0,load_estimation,xgboost,,raw,rmse,0.4338800542102681,0.4129930382953352,0.0208870159149329,0.0505747409233481,SUCCESS,42
E5_DT1_PD20_SEED42,1,0.2,0.2509132420091324,1.0,load_estimation,xgboost,,raw,mape,9.474150554656106,9.063484965162122,0.4106655894939841,0.0453098991251692,SUCCESS,42
E5_DT1_PD20_SEED42,1,0.2,0.2509132420091324,1.0,load_estimation,xgboost,,raw,r2,0.9652399849900684,0.9685061288962542,-0.0032661439061857,-0.0033723523359712,SUCCESS,42
E5_DT1_PD20_SEED42,1,0.2,0.2509132420091324,1.0,load_estimation,lstm,,raw,mae,0.2858751653007538,0.2759301433503092,0.0099450219504445,0.0360418105455726,SUCCESS,42
E5_DT1_PD20_SEED42,1,0.2,0.2509132420091324,1.0,load_estimation,lstm,,raw,rmse,0.4319914299841561,0.4230368621902369,0.0089545677939192,0.0211673463810168,SUCCESS,42
E5_DT1_PD20_SEED42,1,0.2,0.2509132420091324,1.0,load_estimation,lstm,,raw,mape,9.171423424412827,8.95040488214452,0.2210185422683075,0.0246936920931057,SUCCESS,42
E5_DT1_PD20_SEED42,1,0.2,0.2509132420091324,1.0,load_estimation,lstm,,raw,r2,0.965635804688744,0.9670456810550092,-0.0014098763662651,-0.0014579211653445,SUCCESS,42
E5_DT1_PD20_SEED42,1,0.2,0.2509132420091324,1.0,anomaly_detection,isolation_forest,isolation_forest,raw,precision,0.1164658634538152,0.1164658634538152,0.0,0.0,SUCCESS,42
E5_DT1_PD20_SEED42,1,0.2,0.2509132420091324,1.0,anomaly_detection,isolation_forest,isolation_forest,raw,recall,0.1188524590163934,0.1188524590163934,0.0,0.0,SUCCESS,42
E5_DT1_PD20_SEED42,1,0.2,0.2509132420091324,1.0,anomaly_detection,isolation_forest,isolation_forest,raw,f1,0.1176470588235294,0.1176470588235294,0.0,0.0,SUCCESS,42
E5_DT1_PD20_SEED42,1,0.2,0.2509132420091324,1.0,anomaly_detection,isolation_forest,isolation_forest,raw,false_positive_rate,0.0438946528332003,0.0438946528332003,0.0,0.0,SUCCESS,42
E5_DT1_PD20_SEED42,1,0.2,0.2509132420091324,1.0,anomaly_detection,isolation_forest,isolation_forest,raw,pr_auc,0.09385708598261,0.09385708598261,0.0,0.0,SUCCESS,42
E5_DT1_PD20_SEED42,1,0.2,0.2509132420091324,1.0,anomaly_detection,isolation_forest,isolation_forest,raw,roc_auc,0.7138596875695052,0.7138596875695052,0.0,0.0,SUCCESS,42
E5_DT1_PD20_SEED42,1,0.2,0.2509132420091324,1.0,anomaly_detection,isolation_forest,isolation_forest,raw,detection_latency,3.2459016393442623,3.2459016393442623,0.0,0.0,SUCCESS,42
E5_DT1_PD20_SEED42,1,0.2,0.2509132420091324,1.0,anomaly_detection,isolation_forest,isolation_forest,raw,threshold,0.5031683371451802,0.5031683371451802,0.0,0.0,SUCCESS,42
E5_DT1_PD20_SEED42,1,0.2,0.2509132420091324,1.0,anomaly_detection,isolation_forest,isolation_forest,residual,precision,0.0464231354642313,0.0464231354642313,0.0,0.0,SUCCESS,42
E5_DT1_PD20_SEED42,1,0.2,0.2509132420091324,1.0,anomaly_detection,isolation_forest,isolation_forest,residual,recall,1.0,1.0,0.0,0.0,SUCCESS,42
E5_DT1_PD20_SEED42,1,0.2,0.2509132420091324,1.0,anomaly_detection,isolation_forest,isolation_forest,residual,f1,0.0887272727272727,0.0887272727272727,0.0,0.0,SUCCESS,42
E5_DT1_PD20_SEED42,1,0.2,0.2509132420091324,1.0,anomaly_detection,isolation_forest,isolation_forest,residual,false_positive_rate,1.0,1.0,0.0,0.0,SUCCESS,42
E5_DT1_PD20_SEED42,1,0.2,0.2509132420091324,1.0,anomaly_detection,isolation_forest,isolation_forest,residual,pr_auc,0.1147960603087708,1.0,-0.8852039396912292,0.8852039396912292,SUCCESS,42
E5_DT1_PD20_SEED42,1,0.2,0.2509132420091324,1.0,anomaly_detection,isolation_forest,isolation_forest,residual,roc_auc,0.8293080214043672,1.0,-0.1706919785956328,0.1706919785956328,SUCCESS,42
E5_DT1_PD20_SEED42,1,0.2,0.2509132420091324,1.0,anomaly_detection,isolation_forest,isolation_forest,residual,detection_latency,0.0,0.0,0.0,0.0,SUCCESS,42
E5_DT1_PD20_SEED42,1,0.2,0.2509132420091324,1.0,anomaly_detection,isolation_forest,isolation_forest,residual,threshold,0.2937656541960819,0.2937656541960819,0.0,0.0,SUCCESS,42
E5_DT1_PD20_SEED42,1,0.2,0.2509132420091324,1.0,anomaly_detection,lstm_autoencoder,lstm_autoencoder,raw,precision,0.4982578397212543,0.4982578397212543,0.0,0.0,SUCCESS,42
E5_DT1_PD20_SEED42,1,0.2,0.2509132420091324,1.0,anomaly_detection,lstm_autoencoder,lstm_autoencoder,raw,recall,0.5860655737704918,0.5860655737704918,0.0,0.0,SUCCESS,42
E5_DT1_PD20_SEED42,1,0.2,0.2509132420091324,1.0,anomaly_detection,lstm_autoencoder,lstm_autoencoder,raw,f1,0.5386064030131827,0.5386064030131827,0.0,0.0,SUCCESS,42
E5_DT1_PD20_SEED42,1,0.2,0.2509132420091324,1.0,anomaly_detection,lstm_autoencoder,lstm_autoencoder,raw,false_positive_rate,0.028731045490822,0.028731045490822,0.0,0.0,SUCCESS,42
E5_DT1_PD20_SEED42,1,0.2,0.2509132420091324,1.0,anomaly_detection,lstm_autoencoder,lstm_autoencoder,raw,pr_auc,0.561001698584242,0.561001698584242,0.0,0.0,SUCCESS,42
E5_DT1_PD20_SEED42,1,0.2,0.2509132420091324,1.0,anomaly_detection,lstm_autoencoder,lstm_autoencoder,raw,roc_auc,0.9493396177043946,0.9493396177043946,0.0,0.0,SUCCESS,42
E5_DT1_PD20_SEED42,1,0.2,0.2509132420091324,1.0,anomaly_detection,lstm_autoencoder,lstm_autoencoder,raw,detection_latency,1.3442622950819672,1.3442622950819672,0.0,0.0,SUCCESS,42
E5_DT1_PD20_SEED42,1,0.2,0.2509132420091324,1.0,anomaly_detection,lstm_autoencoder,lstm_autoencoder,raw,threshold,0.0007370078528765,0.0007370078528765,0.0,0.0,SUCCESS,42
E5_DT1_PD20_SEED42,1,0.2,0.2509132420091324,1.0,anomaly_detection,lstm_autoencoder,lstm_autoencoder,residual,precision,0.1928853754940711,0.9568627450980391,-0.7639773696039681,0.7984189723320159,SUCCESS,42
E5_DT1_PD20_SEED42,1,0.2,0.2509132420091324,1.0,anomaly_detection,lstm_autoencoder,lstm_autoencoder,residual,recall,1.0,1.0,0.0,0.0,SUCCESS,42
E5_DT1_PD20_SEED42,1,0.2,0.2509132420091324,1.0,anomaly_detection,lstm_autoencoder,lstm_autoencoder,residual,f1,0.3233929754804506,0.9779559118236472,-0.6545629363431966,0.6693174287607687,SUCCESS,42
E5_DT1_PD20_SEED42,1,0.2,0.2509132420091324,1.0,anomaly_detection,lstm_autoencoder,lstm_autoencoder,residual,false_positive_rate,0.2037110933758978,0.00219473264166,0.2015163607342378,91.81818181818184,SUCCESS,42
E5_DT1_PD20_SEED42,1,0.2,0.2509132420091324,1.0,anomaly_detection,lstm_autoencoder,lstm_autoencoder,residual,pr_auc,0.2837795341596269,1.0,-0.716220465840373,0.716220465840373,SUCCESS,42
E5_DT1_PD20_SEED42,1,0.2,0.2509132420091324,1.0,anomaly_detection,lstm_autoencoder,lstm_autoencoder,residual,roc_auc,0.9034571127654284,1.0,-0.0965428872345716,0.0965428872345716,SUCCESS,42
E5_DT1_PD20_SEED42,1,0.2,0.2509132420091324,1.0,anomaly_detection,lstm_autoencoder,lstm_autoencoder,residual,detection_latency,0.0,0.0,0.0,0.0,SUCCESS,42
E5_DT1_PD20_SEED42,1,0.2,0.2509132420091324,1.0,anomaly_detection,lstm_autoencoder,lstm_autoencoder,residual,threshold,0.0003816792741417,0.0003816792741417,0.0,0.0,SUCCESS,42
E5_DT5_PD00_SEED42,5,0.0,2.0,4.0,load_estimation,persistence,,raw,mae,0.85874230340917,0.4591450760399007,0.3995972273692693,0.8703071169046872,SUCCESS,42
E5_DT5_PD00_SEED42,5,0.0,2.0,4.0,load_estimation,persistence,,raw,rmse,1.1350633242297103,0.630307824152761,0.5047555000769494,0.800807923898811,SUCCESS,42
E5_DT5_PD00_SEED42,5,0.0,2.0,4.0,load_estimation,persistence,,raw,mape,25.12380949883275,14.73210135971861,10.391708139114138,0.7053785393798447,SUCCESS,42
E5_DT5_PD00_SEED42,5,0.0,2.0,4.0,load_estimation,persistence,,raw,r2,0.7621074913676852,0.9266422537549912,-0.1645347623873059,-0.1775601767786532,SUCCESS,42
E5_DT5_PD00_SEED42,5,0.0,2.0,4.0,load_estimation,xgboost,,raw,mae,0.5164365891815139,0.2734339335193372,0.2430026556621766,0.8887070179422025,SUCCESS,42
E5_DT5_PD00_SEED42,5,0.0,2.0,4.0,load_estimation,xgboost,,raw,rmse,0.7125354972737628,0.4129930382953352,0.2995424589784276,0.7252966302163717,SUCCESS,42
E5_DT5_PD00_SEED42,5,0.0,2.0,4.0,load_estimation,xgboost,,raw,mape,15.351534295499333,9.063484965162122,6.288049330337211,0.6937783153507702,SUCCESS,42
E5_DT5_PD00_SEED42,5,0.0,2.0,4.0,load_estimation,xgboost,,raw,r2,0.9062538170091772,0.9685061288962542,-0.0622523118870769,-0.0642766318453988,SUCCESS,42
E5_DT5_PD00_SEED42,5,0.0,2.0,4.0,load_estimation,lstm,,raw,mae,0.545224902394304,0.2759301433503092,0.2692947590439947,0.975952666041671,SUCCESS,42
E5_DT5_PD00_SEED42,5,0.0,2.0,4.0,load_estimation,lstm,,raw,rmse,0.7209294764617779,0.4230368621902369,0.2978926142715409,0.7041764935784263,SUCCESS,42
E5_DT5_PD00_SEED42,5,0.0,2.0,4.0,load_estimation,lstm,,raw,mape,15.260972937471529,8.95040488214452,6.310568055327009,0.7050595071867849,SUCCESS,42
E5_DT5_PD00_SEED42,5,0.0,2.0,4.0,load_estimation,lstm,,raw,r2,0.904293489518594,0.9670456810550092,-0.0627521915364153,-0.0648906176468883,SUCCESS,42
E5_DT5_PD00_SEED42,5,0.0,2.0,4.0,anomaly_detection,isolation_forest,isolation_forest,raw,precision,0.1164658634538152,0.1164658634538152,0.0,0.0,SUCCESS,42
E5_DT5_PD00_SEED42,5,0.0,2.0,4.0,anomaly_detection,isolation_forest,isolation_forest,raw,recall,0.1188524590163934,0.1188524590163934,0.0,0.0,SUCCESS,42
E5_DT5_PD00_SEED42,5,0.0,2.0,4.0,anomaly_detection,isolation_forest,isolation_forest,raw,f1,0.1176470588235294,0.1176470588235294,0.0,0.0,SUCCESS,42
E5_DT5_PD00_SEED42,5,0.0,2.0,4.0,anomaly_detection,isolation_forest,isolation_forest,raw,false_positive_rate,0.0438946528332003,0.0438946528332003,0.0,0.0,SUCCESS,42
E5_DT5_PD00_SEED42,5,0.0,2.0,4.0,anomaly_detection,isolation_forest,isolation_forest,raw,pr_auc,0.09385708598261,0.09385708598261,0.0,0.0,SUCCESS,42
E5_DT5_PD00_SEED42,5,0.0,2.0,4.0,anomaly_detection,isolation_forest,isolation_forest,raw,roc_auc,0.7138596875695052,0.7138596875695052,0.0,0.0,SUCCESS,42
E5_DT5_PD00_SEED42,5,0.0,2.0,4.0,anomaly_detection,isolation_forest,isolation_forest,raw,detection_latency,3.2459016393442623,3.2459016393442623,0.0,0.0,SUCCESS,42
E5_DT5_PD00_SEED42,5,0.0,2.0,4.0,anomaly_detection,isolation_forest,isolation_forest,raw,threshold,0.5031683371451802,0.5031683371451802,0.0,0.0,SUCCESS,42
E5_DT5_PD00_SEED42,5,0.0,2.0,4.0,anomaly_detection,isolation_forest,isolation_forest,residual,precision,0.0464231354642313,0.0464231354642313,0.0,0.0,SUCCESS,42
E5_DT5_PD00_SEED42,5,0.0,2.0,4.0,anomaly_detection,isolation_forest,isolation_forest,residual,recall,1.0,1.0,0.0,0.0,SUCCESS,42
E5_DT5_PD00_SEED42,5,0.0,2.0,4.0,anomaly_detection,isolation_forest,isolation_forest,residual,f1,0.0887272727272727,0.0887272727272727,0.0,0.0,SUCCESS,42
E5_DT5_PD00_SEED42,5,0.0,2.0,4.0,anomaly_detection,isolation_forest,isolation_forest,residual,false_positive_rate,1.0,1.0,0.0,0.0,SUCCESS,42
E5_DT5_PD00_SEED42,5,0.0,2.0,4.0,anomaly_detection,isolation_forest,isolation_forest,residual,pr_auc,0.0542510477863179,1.0,-0.945748952213682,0.945748952213682,SUCCESS,42
E5_DT5_PD00_SEED42,5,0.0,2.0,4.0,anomaly_detection,isolation_forest,isolation_forest,residual,roc_auc,0.5802054577211414,1.0,-0.4197945422788586,0.4197945422788586,SUCCESS,42
E5_DT5_PD00_SEED42,5,0.0,2.0,4.0,anomaly_detection,isolation_forest,isolation_forest,residual,detection_latency,0.0,0.0,0.0,0.0,SUCCESS,42
E5_DT5_PD00_SEED42,5,0.0,2.0,4.0,anomaly_detection,isolation_forest,isolation_forest,residual,threshold,0.2937656541960819,0.2937656541960819,0.0,0.0,SUCCESS,42
E5_DT5_PD00_SEED42,5,0.0,2.0,4.0,anomaly_detection,lstm_autoencoder,lstm_autoencoder,raw,precision,0.4982578397212543,0.4982578397212543,0.0,0.0,SUCCESS,42
E5_DT5_PD00_SEED42,5,0.0,2.0,4.0,anomaly_detection,lstm_autoencoder,lstm_autoencoder,raw,recall,0.5860655737704918,0.5860655737704918,0.0,0.0,SUCCESS,42
E5_DT5_PD00_SEED42,5,0.0,2.0,4.0,anomaly_detection,lstm_autoencoder,lstm_autoencoder,raw,f1,0.5386064030131827,0.5386064030131827,0.0,0.0,SUCCESS,42
E5_DT5_PD00_SEED42,5,0.0,2.0,4.0,anomaly_detection,lstm_autoencoder,lstm_autoencoder,raw,false_positive_rate,0.028731045490822,0.028731045490822,0.0,0.0,SUCCESS,42
E5_DT5_PD00_SEED42,5,0.0,2.0,4.0,anomaly_detection,lstm_autoencoder,lstm_autoencoder,raw,pr_auc,0.561001698584242,0.561001698584242,0.0,0.0,SUCCESS,42
E5_DT5_PD00_SEED42,5,0.0,2.0,4.0,anomaly_detection,lstm_autoencoder,lstm_autoencoder,raw,roc_auc,0.9493396177043946,0.9493396177043946,0.0,0.0,SUCCESS,42
E5_DT5_PD00_SEED42,5,0.0,2.0,4.0,anomaly_detection,lstm_autoencoder,lstm_autoencoder,raw,detection_latency,1.3442622950819672,1.3442622950819672,0.0,0.0,SUCCESS,42
E5_DT5_PD00_SEED42,5,0.0,2.0,4.0,anomaly_detection,lstm_autoencoder,lstm_autoencoder,raw,threshold,0.0007370078528765,0.0007370078528765,0.0,0.0,SUCCESS,42
E5_DT5_PD00_SEED42,5,0.0,2.0,4.0,anomaly_detection,lstm_autoencoder,lstm_autoencoder,residual,precision,0.0573712673407006,0.9568627450980391,-0.8994914777573386,0.940042323066071,SUCCESS,42
E5_DT5_PD00_SEED42,5,0.0,2.0,4.0,anomaly_detection,lstm_autoencoder,lstm_autoencoder,residual,recall,1.0,1.0,0.0,0.0,SUCCESS,42
E5_DT5_PD00_SEED42,5,0.0,2.0,4.0,anomaly_detection,lstm_autoencoder,lstm_autoencoder,residual,f1,0.1085167889704247,0.9779559118236472,-0.8694391228532226,0.8890371358683566,SUCCESS,42
E5_DT5_PD00_SEED42,5,0.0,2.0,4.0,anomaly_detection,lstm_autoencoder,lstm_autoencoder,residual,false_positive_rate,0.7998802873104549,0.00219473264166,0.7976855546687949,363.45454545454544,SUCCESS,42
E5_DT5_PD00_SEED42,5,0.0,2.0,4.0,anomaly_detection,lstm_autoencoder,lstm_autoencoder,residual,pr_auc,0.1241712541751157,1.0,-0.8758287458248842,0.8758287458248842,SUCCESS,42
E5_DT5_PD00_SEED42,5,0.0,2.0,4.0,anomaly_detection,lstm_autoencoder,lstm_autoencoder,residual,roc_auc,0.7027044928237803,1.0,-0.2972955071762196,0.2972955071762196,SUCCESS,42
E5_DT5_PD00_SEED42,5,0.0,2.0,4.0,anomaly_detection,lstm_autoencoder,lstm_autoencoder,residual,detection_latency,0.0,0.0,0.0,0.0,SUCCESS,42
E5_DT5_PD00_SEED42,5,0.0,2.0,4.0,anomaly_detection,lstm_autoencoder,lstm_autoencoder,residual,threshold,0.0003816792741417,0.0003816792741417,0.0,0.0,SUCCESS,42
E5_DT5_PD05_SEED42,5,0.05,2.031563926940639,4.0,load_estimation,persistence,,raw,mae,0.8579735411175128,0.4591450760399007,0.3988284650776121,0.868632782730644,SUCCESS,42
E5_DT5_PD05_SEED42,5,0.05,2.031563926940639,4.0,load_estimation,persistence,,raw,rmse,1.1312581772515542,0.630307824152761,0.5009503530987932,0.7947709577810718,SUCCESS,42
E5_DT5_PD05_SEED42,5,0.05,2.031563926940639,4.0,load_estimation,persistence,,raw,mape,25.004624510816114,14.73210135971861,10.272523151097504,0.6972883840716199,SUCCESS,42
E5_DT5_PD05_SEED42,5,0.05,2.031563926940639,4.0,load_estimation,persistence,,raw,r2,0.7636998230618551,0.9266422537549912,-0.1629424306931359,-0.1758417879530656,SUCCESS,42
E5_DT5_PD05_SEED42,5,0.05,2.031563926940639,4.0,load_estimation,xgboost,,raw,mae,0.5032898727209056,0.2734339335193372,0.2298559392015683,0.8406269706291336,SUCCESS,42
E5_DT5_PD05_SEED42,5,0.05,2.031563926940639,4.0,load_estimation,xgboost,,raw,rmse,0.6944161086905591,0.4129930382953352,0.2814230703952239,0.681423279086791,SUCCESS,42
E5_DT5_PD05_SEED42,5,0.05,2.031563926940639,4.0,load_estimation,xgboost,,raw,mape,14.83697982436679,9.063484965162122,5.773494859204668,0.6370060612884125,SUCCESS,42
E5_DT5_PD05_SEED42,5,0.05,2.031563926940639,4.0,load_estimation,xgboost,,raw,r2,0.910961023850088,0.9685061288962542,-0.0575451050461662,-0.0594163561068496,SUCCESS,42
E5_DT5_PD05_SEED42,5,0.05,2.031563926940639,4.0,load_estimation,lstm,,raw,mae,0.54083574989114,0.2759301433503092,0.2649056065408308,0.960045913521372,SUCCESS,42
E5_DT5_PD05_SEED42,5,0.05,2.031563926940639,4.0,load_estimation,lstm,,raw,rmse,0.7148724894240147,0.4230368621902369,0.2918356272337778,0.6898586230117726,SUCCESS,42
E5_DT5_PD05_SEED42,5,0.05,2.031563926940639,4.0,load_estimation,lstm,,raw,mape,15.180048337165452,8.95040488214452,6.229643455020932,0.696018061422972,SUCCESS,42
E5_DT5_PD05_SEED42,5,0.05,2.031563926940639,4.0,load_estimation,lstm,,raw,r2,0.9058949163629209,0.9670456810550092,-0.0611507646920884,-0.0632346184777696,SUCCESS,42
E5_DT5_PD05_SEED42,5,0.05,2.031563926940639,4.0,anomaly_detection,isolation_forest,isolation_forest,raw,precision,0.1164658634538152,0.1164658634538152,0.0,0.0,SUCCESS,42
E5_DT5_PD05_SEED42,5,0.05,2.031563926940639,4.0,anomaly_detection,isolation_forest,isolation_forest,raw,recall,0.1188524590163934,0.1188524590163934,0.0,0.0,SUCCESS,42
E5_DT5_PD05_SEED42,5,0.05,2.031563926940639,4.0,anomaly_detection,isolation_forest,isolation_forest,raw,f1,0.1176470588235294,0.1176470588235294,0.0,0.0,SUCCESS,42
E5_DT5_PD05_SEED42,5,0.05,2.031563926940639,4.0,anomaly_detection,isolation_forest,isolation_forest,raw,false_positive_rate,0.0438946528332003,0.0438946528332003,0.0,0.0,SUCCESS,42
E5_DT5_PD05_SEED42,5,0.05,2.031563926940639,4.0,anomaly_detection,isolation_forest,isolation_forest,raw,pr_auc,0.09385708598261,0.09385708598261,0.0,0.0,SUCCESS,42
E5_DT5_PD05_SEED42,5,0.05,2.031563926940639,4.0,anomaly_detection,isolation_forest,isolation_forest,raw,roc_auc,0.7138596875695052,0.7138596875695052,0.0,0.0,SUCCESS,42
E5_DT5_PD05_SEED42,5,0.05,2.031563926940639,4.0,anomaly_detection,isolation_forest,isolation_forest,raw,detection_latency,3.2459016393442623,3.2459016393442623,0.0,0.0,SUCCESS,42
E5_DT5_PD05_SEED42,5,0.05,2.031563926940639,4.0,anomaly_detection,isolation_forest,isolation_forest,raw,threshold,0.5031683371451802,0.5031683371451802,0.0,0.0,SUCCESS,42
E5_DT5_PD05_SEED42,5,0.05,2.031563926940639,4.0,anomaly_detection,isolation_forest,isolation_forest,residual,precision,0.0464231354642313,0.0464231354642313,0.0,0.0,SUCCESS,42
E5_DT5_PD05_SEED42,5,0.05,2.031563926940639,4.0,anomaly_detection,isolation_forest,isolation_forest,residual,recall,1.0,1.0,0.0,0.0,SUCCESS,42
E5_DT5_PD05_SEED42,5,0.05,2.031563926940639,4.0,anomaly_detection,isolation_forest,isolation_forest,residual,f1,0.0887272727272727,0.0887272727272727,0.0,0.0,SUCCESS,42
E5_DT5_PD05_SEED42,5,0.05,2.031563926940639,4.0,anomaly_detection,isolation_forest,isolation_forest,residual,false_positive_rate,1.0,1.0,0.0,0.0,SUCCESS,42
E5_DT5_PD05_SEED42,5,0.05,2.031563926940639,4.0,anomaly_detection,isolation_forest,isolation_forest,residual,pr_auc,0.0527716611565756,1.0,-0.9472283388434244,0.9472283388434244,SUCCESS,42
E5_DT5_PD05_SEED42,5,0.05,2.031563926940639,4.0,anomaly_detection,isolation_forest,isolation_forest,residual,roc_auc,0.5579621204191907,1.0,-0.4420378795808093,0.4420378795808093,SUCCESS,42
E5_DT5_PD05_SEED42,5,0.05,2.031563926940639,4.0,anomaly_detection,isolation_forest,isolation_forest,residual,detection_latency,0.0,0.0,0.0,0.0,SUCCESS,42
E5_DT5_PD05_SEED42,5,0.05,2.031563926940639,4.0,anomaly_detection,isolation_forest,isolation_forest,residual,threshold,0.2937656541960819,0.2937656541960819,0.0,0.0,SUCCESS,42
E5_DT5_PD05_SEED42,5,0.05,2.031563926940639,4.0,anomaly_detection,lstm_autoencoder,lstm_autoencoder,raw,precision,0.4982578397212543,0.4982578397212543,0.0,0.0,SUCCESS,42
E5_DT5_PD05_SEED42,5,0.05,2.031563926940639,4.0,anomaly_detection,lstm_autoencoder,lstm_autoencoder,raw,recall,0.5860655737704918,0.5860655737704918,0.0,0.0,SUCCESS,42
E5_DT5_PD05_SEED42,5,0.05,2.031563926940639,4.0,anomaly_detection,lstm_autoencoder,lstm_autoencoder,raw,f1,0.5386064030131827,0.5386064030131827,0.0,0.0,SUCCESS,42
E5_DT5_PD05_SEED42,5,0.05,2.031563926940639,4.0,anomaly_detection,lstm_autoencoder,lstm_autoencoder,raw,false_positive_rate,0.028731045490822,0.028731045490822,0.0,0.0,SUCCESS,42
E5_DT5_PD05_SEED42,5,0.05,2.031563926940639,4.0,anomaly_detection,lstm_autoencoder,lstm_autoencoder,raw,pr_auc,0.561001698584242,0.561001698584242,0.0,0.0,SUCCESS,42
E5_DT5_PD05_SEED42,5,0.05,2.031563926940639,4.0,anomaly_detection,lstm_autoencoder,lstm_autoencoder,raw,roc_auc,0.9493396177043946,0.9493396177043946,0.0,0.0,SUCCESS,42
E5_DT5_PD05_SEED42,5,0.05,2.031563926940639,4.0,anomaly_detection,lstm_autoencoder,lstm_autoencoder,raw,detection_latency,1.3442622950819672,1.3442622950819672,0.0,0.0,SUCCESS,42
E5_DT5_PD05_SEED42,5,0.05,2.031563926940639,4.0,anomaly_detection,lstm_autoencoder,lstm_autoencoder,raw,threshold,0.0007370078528765,0.0007370078528765,0.0,0.0,SUCCESS,42
E5_DT5_PD05_SEED42,5,0.05,2.031563926940639,4.0,anomaly_detection,lstm_autoencoder,lstm_autoencoder,residual,precision,0.0571027381230985,0.9568627450980391,-0.8997600069749407,0.9403229581090568,SUCCESS,42
E5_DT5_PD05_SEED42,5,0.05,2.031563926940639,4.0,anomaly_detection,lstm_autoencoder,lstm_autoencoder,residual,recall,1.0,1.0,0.0,0.0,SUCCESS,42
E5_DT5_PD05_SEED42,5,0.05,2.031563926940639,4.0,anomaly_detection,lstm_autoencoder,lstm_autoencoder,residual,f1,0.1080363072835953,0.9779559118236472,-0.869919604540052,0.8895284480850122,SUCCESS,42
E5_DT5_PD05_SEED42,5,0.05,2.031563926940639,4.0,anomaly_detection,lstm_autoencoder,lstm_autoencoder,residual,false_positive_rate,0.8038707102952913,0.00219473264166,0.8016759776536313,365.2727272727273,SUCCESS,42
E5_DT5_PD05_SEED42,5,0.05,2.031563926940639,4.0,anomaly_detection,lstm_autoencoder,lstm_autoencoder,residual,pr_auc,0.121493597935917,1.0,-0.8785064020640829,0.8785064020640829,SUCCESS,42
E5_DT5_PD05_SEED42,5,0.05,2.031563926940639,4.0,anomaly_detection,lstm_autoencoder,lstm_autoencoder,residual,roc_auc,0.6862946960082686,1.0,-0.3137053039917313,0.3137053039917313,SUCCESS,42
E5_DT5_PD05_SEED42,5,0.05,2.031563926940639,4.0,anomaly_detection,lstm_autoencoder,lstm_autoencoder,residual,detection_latency,0.0,0.0,0.0,0.0,SUCCESS,42
E5_DT5_PD05_SEED42,5,0.05,2.031563926940639,4.0,anomaly_detection,lstm_autoencoder,lstm_autoencoder,residual,threshold,0.0003816792741417,0.0003816792741417,0.0,0.0,SUCCESS,42
E5_DT5_PD10_SEED42,5,0.1,2.066923515981735,4.0,load_estimation,persistence,,raw,mae,0.8846708421610987,0.4591450760399007,0.425525766121198,0.9267784591992856,SUCCESS,42
E5_DT5_PD10_SEED42,5,0.1,2.066923515981735,4.0,load_estimation,persistence,,raw,rmse,1.1736116065792987,0.630307824152761,0.5433037824265378,0.8619657913287508,SUCCESS,42
E5_DT5_PD10_SEED42,5,0.1,2.066923515981735,4.0,load_estimation,persistence,,raw,mape,25.865999021124107,14.73210135971861,11.133897661405497,0.7557576064368158,SUCCESS,42
E5_DT5_PD10_SEED42,5,0.1,2.066923515981735,4.0,load_estimation,persistence,,raw,r2,0.7456748112119702,0.9266422537549912,-0.1809674425430208,-0.1952937520490724,SUCCESS,42
E5_DT5_PD10_SEED42,5,0.1,2.066923515981735,4.0,load_estimation,xgboost,,raw,mae,0.5374560883010722,0.2734339335193372,0.2640221547817349,0.9655793316635416,SUCCESS,42
E5_DT5_PD10_SEED42,5,0.1,2.066923515981735,4.0,load_estimation,xgboost,,raw,rmse,0.7444906636659943,0.4129930382953352,0.3314976253706591,0.8026712187182246,SUCCESS,42
E5_DT5_PD10_SEED42,5,0.1,2.066923515981735,4.0,load_estimation,xgboost,,raw,mape,16.01590534531115,9.063484965162122,6.952420380149029,0.7670802574145019,SUCCESS,42
E5_DT5_PD10_SEED42,5,0.1,2.066923515981735,4.0,load_estimation,xgboost,,raw,r2,0.8976567756373924,0.9685061288962542,-0.0708493532588617,-0.0731532317091316,SUCCESS,42
E5_DT5_PD10_SEED42,5,0.1,2.066923515981735,4.0,load_estimation,lstm,,raw,mae,0.5676898708221404,0.2759301433503092,0.2917597274718311,1.0573680857383725,SUCCESS,42
E5_DT5_PD10_SEED42,5,0.1,2.066923515981735,4.0,load_estimation,lstm,,raw,rmse,0.7528471326412112,0.4230368621902369,0.3298102704509743,0.7796253705726968,SUCCESS,42
E5_DT5_PD10_SEED42,5,0.1,2.066923515981735,4.0,load_estimation,lstm,,raw,mape,15.824929166731552,8.95040488214452,6.874524284587032,0.768068525961464,SUCCESS,42
E5_DT5_PD10_SEED42,5,0.1,2.066923515981735,4.0,load_estimation,lstm,,raw,r2,0.8956314817708197,0.9670456810550092,-0.0714141992841894,-0.0738478033491441,SUCCESS,42
E5_DT5_PD10_SEED42,5,0.1,2.066923515981735,4.0,anomaly_detection,isolation_forest,isolation_forest,raw,precision,0.1164658634538152,0.1164658634538152,0.0,0.0,SUCCESS,42
E5_DT5_PD10_SEED42,5,0.1,2.066923515981735,4.0,anomaly_detection,isolation_forest,isolation_forest,raw,recall,0.1188524590163934,0.1188524590163934,0.0,0.0,SUCCESS,42
E5_DT5_PD10_SEED42,5,0.1,2.066923515981735,4.0,anomaly_detection,isolation_forest,isolation_forest,raw,f1,0.1176470588235294,0.1176470588235294,0.0,0.0,SUCCESS,42
E5_DT5_PD10_SEED42,5,0.1,2.066923515981735,4.0,anomaly_detection,isolation_forest,isolation_forest,raw,false_positive_rate,0.0438946528332003,0.0438946528332003,0.0,0.0,SUCCESS,42
E5_DT5_PD10_SEED42,5,0.1,2.066923515981735,4.0,anomaly_detection,isolation_forest,isolation_forest,raw,pr_auc,0.09385708598261,0.09385708598261,0.0,0.0,SUCCESS,42
E5_DT5_PD10_SEED42,5,0.1,2.066923515981735,4.0,anomaly_detection,isolation_forest,isolation_forest,raw,roc_auc,0.7138596875695052,0.7138596875695052,0.0,0.0,SUCCESS,42
E5_DT5_PD10_SEED42,5,0.1,2.066923515981735,4.0,anomaly_detection,isolation_forest,isolation_forest,raw,detection_latency,3.2459016393442623,3.2459016393442623,0.0,0.0,SUCCESS,42
E5_DT5_PD10_SEED42,5,0.1,2.066923515981735,4.0,anomaly_detection,isolation_forest,isolation_forest,raw,threshold,0.5031683371451802,0.5031683371451802,0.0,0.0,SUCCESS,42
E5_DT5_PD10_SEED42,5,0.1,2.066923515981735,4.0,anomaly_detection,isolation_forest,isolation_forest,residual,precision,0.0464231354642313,0.0464231354642313,0.0,0.0,SUCCESS,42
E5_DT5_PD10_SEED42,5,0.1,2.066923515981735,4.0,anomaly_detection,isolation_forest,isolation_forest,residual,recall,1.0,1.0,0.0,0.0,SUCCESS,42
E5_DT5_PD10_SEED42,5,0.1,2.066923515981735,4.0,anomaly_detection,isolation_forest,isolation_forest,residual,f1,0.0887272727272727,0.0887272727272727,0.0,0.0,SUCCESS,42
E5_DT5_PD10_SEED42,5,0.1,2.066923515981735,4.0,anomaly_detection,isolation_forest,isolation_forest,residual,false_positive_rate,1.0,1.0,0.0,0.0,SUCCESS,42
E5_DT5_PD10_SEED42,5,0.1,2.066923515981735,4.0,anomaly_detection,isolation_forest,isolation_forest,residual,pr_auc,0.0530421141507895,1.0,-0.9469578858492104,0.9469578858492104,SUCCESS,42
E5_DT5_PD10_SEED42,5,0.1,2.066923515981735,4.0,anomaly_detection,isolation_forest,isolation_forest,residual,roc_auc,0.5716738843169835,1.0,-0.4283261156830165,0.4283261156830165,SUCCESS,42
E5_DT5_PD10_SEED42,5,0.1,2.066923515981735,4.0,anomaly_detection,isolation_forest,isolation_forest,residual,detection_latency,0.0,0.0,0.0,0.0,SUCCESS,42
E5_DT5_PD10_SEED42,5,0.1,2.066923515981735,4.0,anomaly_detection,isolation_forest,isolation_forest,residual,threshold,0.2937656541960819,0.2937656541960819,0.0,0.0,SUCCESS,42
E5_DT5_PD10_SEED42,5,0.1,2.066923515981735,4.0,anomaly_detection,lstm_autoencoder,lstm_autoencoder,raw,precision,0.4982578397212543,0.4982578397212543,0.0,0.0,SUCCESS,42
E5_DT5_PD10_SEED42,5,0.1,2.066923515981735,4.0,anomaly_detection,lstm_autoencoder,lstm_autoencoder,raw,recall,0.5860655737704918,0.5860655737704918,0.0,0.0,SUCCESS,42
E5_DT5_PD10_SEED42,5,0.1,2.066923515981735,4.0,anomaly_detection,lstm_autoencoder,lstm_autoencoder,raw,f1,0.5386064030131827,0.5386064030131827,0.0,0.0,SUCCESS,42
E5_DT5_PD10_SEED42,5,0.1,2.066923515981735,4.0,anomaly_detection,lstm_autoencoder,lstm_autoencoder,raw,false_positive_rate,0.028731045490822,0.028731045490822,0.0,0.0,SUCCESS,42
E5_DT5_PD10_SEED42,5,0.1,2.066923515981735,4.0,anomaly_detection,lstm_autoencoder,lstm_autoencoder,raw,pr_auc,0.561001698584242,0.561001698584242,0.0,0.0,SUCCESS,42
E5_DT5_PD10_SEED42,5,0.1,2.066923515981735,4.0,anomaly_detection,lstm_autoencoder,lstm_autoencoder,raw,roc_auc,0.9493396177043946,0.9493396177043946,0.0,0.0,SUCCESS,42
E5_DT5_PD10_SEED42,5,0.1,2.066923515981735,4.0,anomaly_detection,lstm_autoencoder,lstm_autoencoder,raw,detection_latency,1.3442622950819672,1.3442622950819672,0.0,0.0,SUCCESS,42
E5_DT5_PD10_SEED42,5,0.1,2.066923515981735,4.0,anomaly_detection,lstm_autoencoder,lstm_autoencoder,raw,threshold,0.0007370078528765,0.0007370078528765,0.0,0.0,SUCCESS,42
E5_DT5_PD10_SEED42,5,0.1,2.066923515981735,4.0,anomaly_detection,lstm_autoencoder,lstm_autoencoder,residual,precision,0.0570493336450783,0.9568627450980391,-0.8998134114529609,0.940378770166004,SUCCESS,42
E5_DT5_PD10_SEED42,5,0.1,2.066923515981735,4.0,anomaly_detection,lstm_autoencoder,lstm_autoencoder,residual,recall,1.0,1.0,0.0,0.0,SUCCESS,42
E5_DT5_PD10_SEED42,5,0.1,2.066923515981735,4.0,anomaly_detection,lstm_autoencoder,lstm_autoencoder,residual,f1,0.1079407210794072,0.9779559118236472,-0.87001519074424,0.8896261888962619,SUCCESS,42
E5_DT5_PD10_SEED42,5,0.1,2.066923515981735,4.0,anomaly_detection,lstm_autoencoder,lstm_autoencoder,residual,false_positive_rate,0.8046687948922586,0.00219473264166,0.8024740622505986,365.6363636363636,SUCCESS,42
E5_DT5_PD10_SEED42,5,0.1,2.066923515981735,4.0,anomaly_detection,lstm_autoencoder,lstm_autoencoder,residual,pr_auc,0.1246009111119719,1.0,-0.875399088888028,0.875399088888028,SUCCESS,42
E5_DT5_PD10_SEED42,5,0.1,2.066923515981735,4.0,anomaly_detection,lstm_autoencoder,lstm_autoencoder,residual,roc_auc,0.708000798084597,1.0,-0.2919992019154029,0.2919992019154029,SUCCESS,42
E5_DT5_PD10_SEED42,5,0.1,2.066923515981735,4.0,anomaly_detection,lstm_autoencoder,lstm_autoencoder,residual,detection_latency,0.0,0.0,0.0,0.0,SUCCESS,42
E5_DT5_PD10_SEED42,5,0.1,2.066923515981735,4.0,anomaly_detection,lstm_autoencoder,lstm_autoencoder,residual,threshold,0.0003816792741417,0.0003816792741417,0.0,0.0,SUCCESS,42
E5_DT5_PD20_SEED42,5,0.2,2.1592465753424657,4.0,load_estimation,persistence,,raw,mae,0.8878078404672252,0.4591450760399007,0.4286627644273245,0.9336107186959636,SUCCESS,42
E5_DT5_PD20_SEED42,5,0.2,2.1592465753424657,4.0,load_estimation,persistence,,raw,rmse,1.169478980688909,0.630307824152761,0.539171156536148,0.8554092712729436,SUCCESS,42
E5_DT5_PD20_SEED42,5,0.2,2.1592465753424657,4.0,load_estimation,persistence,,raw,mape,25.93840522970121,14.73210135971861,11.2063038699826,0.7606724659540793,SUCCESS,42
E5_DT5_PD20_SEED42,5,0.2,2.1592465753424657,4.0,load_estimation,persistence,,raw,r2,0.7474627628001574,0.9266422537549912,-0.1791794909548336,-0.1933642570568658,SUCCESS,42
E5_DT5_PD20_SEED42,5,0.2,2.1592465753424657,4.0,load_estimation,xgboost,,raw,mae,0.5441606854013475,0.2734339335193372,0.2707267518820103,0.9900993208762237,SUCCESS,42
E5_DT5_PD20_SEED42,5,0.2,2.1592465753424657,4.0,load_estimation,xgboost,,raw,rmse,0.7482949819219133,0.4129930382953352,0.3353019436265781,0.8118827983410234,SUCCESS,42
E5_DT5_PD20_SEED42,5,0.2,2.1592465753424657,4.0,load_estimation,xgboost,,raw,mape,15.89010122826152,9.063484965162122,6.826616263099398,0.7531999324034061,SUCCESS,42
E5_DT5_PD20_SEED42,5,0.2,2.1592465753424657,4.0,load_estimation,xgboost,,raw,r2,0.8966081635115379,0.9685061288962542,-0.0718979653847162,-0.0742359425919729,SUCCESS,42
E5_DT5_PD20_SEED42,5,0.2,2.1592465753424657,4.0,load_estimation,lstm,,raw,mae,0.5767100687899919,0.2759301433503092,0.3007799254396826,1.0900582364349558,SUCCESS,42
E5_DT5_PD20_SEED42,5,0.2,2.1592465753424657,4.0,load_estimation,lstm,,raw,rmse,0.7604986151776895,0.4230368621902369,0.3374617529874525,0.797712405581569,SUCCESS,42
E5_DT5_PD20_SEED42,5,0.2,2.1592465753424657,4.0,load_estimation,lstm,,raw,mape,16.063561543394936,8.95040488214452,7.113156661250416,0.7947301552179729,SUCCESS,42
E5_DT5_PD20_SEED42,5,0.2,2.1592465753424657,4.0,load_estimation,lstm,,raw,r2,0.8934992241832657,0.9670456810550092,-0.0735464568717435,-0.0760527225471988,SUCCESS,42
E5_DT5_PD20_SEED42,5,0.2,2.1592465753424657,4.0,anomaly_detection,isolation_forest,isolation_forest,raw,precision,0.1164658634538152,0.1164658634538152,0.0,0.0,SUCCESS,42
E5_DT5_PD20_SEED42,5,0.2,2.1592465753424657,4.0,anomaly_detection,isolation_forest,isolation_forest,raw,recall,0.1188524590163934,0.1188524590163934,0.0,0.0,SUCCESS,42
E5_DT5_PD20_SEED42,5,0.2,2.1592465753424657,4.0,anomaly_detection,isolation_forest,isolation_forest,raw,f1,0.1176470588235294,0.1176470588235294,0.0,0.0,SUCCESS,42
E5_DT5_PD20_SEED42,5,0.2,2.1592465753424657,4.0,anomaly_detection,isolation_forest,isolation_forest,raw,false_positive_rate,0.0438946528332003,0.0438946528332003,0.0,0.0,SUCCESS,42
E5_DT5_PD20_SEED42,5,0.2,2.1592465753424657,4.0,anomaly_detection,isolation_forest,isolation_forest,raw,pr_auc,0.09385708598261,0.09385708598261,0.0,0.0,SUCCESS,42
E5_DT5_PD20_SEED42,5,0.2,2.1592465753424657,4.0,anomaly_detection,isolation_forest,isolation_forest,raw,roc_auc,0.7138596875695052,0.7138596875695052,0.0,0.0,SUCCESS,42
E5_DT5_PD20_SEED42,5,0.2,2.1592465753424657,4.0,anomaly_detection,isolation_forest,isolation_forest,raw,detection_latency,3.2459016393442623,3.2459016393442623,0.0,0.0,SUCCESS,42
E5_DT5_PD20_SEED42,5,0.2,2.1592465753424657,4.0,anomaly_detection,isolation_forest,isolation_forest,raw,threshold,0.5031683371451802,0.5031683371451802,0.0,0.0,SUCCESS,42
E5_DT5_PD20_SEED42,5,0.2,2.1592465753424657,4.0,anomaly_detection,isolation_forest,isolation_forest,residual,precision,0.0464231354642313,0.0464231354642313,0.0,0.0,SUCCESS,42
E5_DT5_PD20_SEED42,5,0.2,2.1592465753424657,4.0,anomaly_detection,isolation_forest,isolation_forest,residual,recall,1.0,1.0,0.0,0.0,SUCCESS,42
E5_DT5_PD20_SEED42,5,0.2,2.1592465753424657,4.0,anomaly_detection,isolation_forest,isolation_forest,residual,f1,0.0887272727272727,0.0887272727272727,0.0,0.0,SUCCESS,42
E5_DT5_PD20_SEED42,5,0.2,2.1592465753424657,4.0,anomaly_detection,isolation_forest,isolation_forest,residual,false_positive_rate,1.0,1.0,0.0,0.0,SUCCESS,42
E5_DT5_PD20_SEED42,5,0.2,2.1592465753424657,4.0,anomaly_detection,isolation_forest,isolation_forest,residual,pr_auc,0.0595013816273544,1.0,-0.9404986183726456,0.9404986183726456,SUCCESS,42
E5_DT5_PD20_SEED42,5,0.2,2.1592465753424657,4.0,anomaly_detection,isolation_forest,isolation_forest,residual,roc_auc,0.5940419223372104,1.0,-0.4059580776627896,0.4059580776627896,SUCCESS,42
E5_DT5_PD20_SEED42,5,0.2,2.1592465753424657,4.0,anomaly_detection,isolation_forest,isolation_forest,residual,detection_latency,0.0,0.0,0.0,0.0,SUCCESS,42
E5_DT5_PD20_SEED42,5,0.2,2.1592465753424657,4.0,anomaly_detection,isolation_forest,isolation_forest,residual,threshold,0.2937656541960819,0.2937656541960819,0.0,0.0,SUCCESS,42
E5_DT5_PD20_SEED42,5,0.2,2.1592465753424657,4.0,anomaly_detection,lstm_autoencoder,lstm_autoencoder,raw,precision,0.4982578397212543,0.4982578397212543,0.0,0.0,SUCCESS,42
E5_DT5_PD20_SEED42,5,0.2,2.1592465753424657,4.0,anomaly_detection,lstm_autoencoder,lstm_autoencoder,raw,recall,0.5860655737704918,0.5860655737704918,0.0,0.0,SUCCESS,42
E5_DT5_PD20_SEED42,5,0.2,2.1592465753424657,4.0,anomaly_detection,lstm_autoencoder,lstm_autoencoder,raw,f1,0.5386064030131827,0.5386064030131827,0.0,0.0,SUCCESS,42
E5_DT5_PD20_SEED42,5,0.2,2.1592465753424657,4.0,anomaly_detection,lstm_autoencoder,lstm_autoencoder,raw,false_positive_rate,0.028731045490822,0.028731045490822,0.0,0.0,SUCCESS,42
E5_DT5_PD20_SEED42,5,0.2,2.1592465753424657,4.0,anomaly_detection,lstm_autoencoder,lstm_autoencoder,raw,pr_auc,0.561001698584242,0.561001698584242,0.0,0.0,SUCCESS,42
E5_DT5_PD20_SEED42,5,0.2,2.1592465753424657,4.0,anomaly_detection,lstm_autoencoder,lstm_autoencoder,raw,roc_auc,0.9493396177043946,0.9493396177043946,0.0,0.0,SUCCESS,42
E5_DT5_PD20_SEED42,5,0.2,2.1592465753424657,4.0,anomaly_detection,lstm_autoencoder,lstm_autoencoder,raw,detection_latency,1.3442622950819672,1.3442622950819672,0.0,0.0,SUCCESS,42
E5_DT5_PD20_SEED42,5,0.2,2.1592465753424657,4.0,anomaly_detection,lstm_autoencoder,lstm_autoencoder,raw,threshold,0.0007370078528765,0.0007370078528765,0.0,0.0,SUCCESS,42
E5_DT5_PD20_SEED42,5,0.2,2.1592465753424657,4.0,anomaly_detection,lstm_autoencoder,lstm_autoencoder,residual,precision,0.0567441860465116,0.9568627450980391,-0.9001185590515276,0.9406976744186046,SUCCESS,42
E5_DT5_PD20_SEED42,5,0.2,2.1592465753424657,4.0,anomaly_detection,lstm_autoencoder,lstm_autoencoder,residual,recall,1.0,1.0,0.0,0.0,SUCCESS,42
E5_DT5_PD20_SEED42,5,0.2,2.1592465753424657,4.0,anomaly_detection,lstm_autoencoder,lstm_autoencoder,residual,f1,0.1073943661971831,0.9779559118236472,-0.8705615456264642,0.8901848591549295,SUCCESS,42
E5_DT5_PD20_SEED42,5,0.2,2.1592465753424657,4.0,anomaly_detection,lstm_autoencoder,lstm_autoencoder,residual,false_positive_rate,0.8092577813248204,0.00219473264166,0.8070630486831604,367.7272727272727,SUCCESS,42
E5_DT5_PD20_SEED42,5,0.2,2.1592465753424657,4.0,anomaly_detection,lstm_autoencoder,lstm_autoencoder,residual,pr_auc,0.1355931142415363,1.0,-0.8644068857584637,0.8644068857584637,SUCCESS,42
E5_DT5_PD20_SEED42,5,0.2,2.1592465753424657,4.0,anomaly_detection,lstm_autoencoder,lstm_autoencoder,residual,roc_auc,0.7048199076315205,1.0,-0.2951800923684795,0.2951800923684795,SUCCESS,42
E5_DT5_PD20_SEED42,5,0.2,2.1592465753424657,4.0,anomaly_detection,lstm_autoencoder,lstm_autoencoder,residual,detection_latency,0.0,0.0,0.0,0.0,SUCCESS,42
E5_DT5_PD20_SEED42,5,0.2,2.1592465753424657,4.0,anomaly_detection,lstm_autoencoder,lstm_autoencoder,residual,threshold,0.0003816792741417,0.0003816792741417,0.0,0.0,SUCCESS,42
E5_DT15_PD00_SEED42,15,0.0,7.0,14.0,load_estimation,persistence,,raw,mae,1.808912428138463,0.4591450760399007,1.3497673520985622,2.9397404492284367,SUCCESS,42
E5_DT15_PD00_SEED42,15,0.0,7.0,14.0,load_estimation,persistence,,raw,rmse,2.404988594457981,0.630307824152761,1.77468077030522,2.8155778848068205,SUCCESS,42
E5_DT15_PD00_SEED42,15,0.0,7.0,14.0,load_estimation,persistence,,raw,mape,56.34353474468816,14.73210135971861,41.61143338496955,2.824541616224961,SUCCESS,42
E5_DT15_PD00_SEED42,15,0.0,7.0,14.0,load_estimation,persistence,,raw,r2,-0.067988622295791,0.9266422537549912,-0.9946308760507822,-1.0733709498140018,SUCCESS,42
E5_DT15_PD00_SEED42,15,0.0,7.0,14.0,load_estimation,xgboost,,raw,mae,1.3660655081997906,0.2734339335193372,1.0926315746804534,3.995961878678757,SUCCESS,42
E5_DT15_PD00_SEED42,15,0.0,7.0,14.0,load_estimation,xgboost,,raw,rmse,1.8243878133864937,0.4129930382953352,1.4113947750911584,3.417478369409842,SUCCESS,42
E5_DT15_PD00_SEED42,15,0.0,7.0,14.0,load_estimation,xgboost,,raw,mape,42.583459239015305,9.063484965162122,33.51997427385318,3.69835382335779,SUCCESS,42
E5_DT15_PD00_SEED42,15,0.0,7.0,14.0,load_estimation,xgboost,,raw,r2,0.3854249729447908,0.9685061288962542,-0.5830811559514634,-0.6020417822404123,SUCCESS,42
E5_DT15_PD00_SEED42,15,0.0,7.0,14.0,load_estimation,lstm,,raw,mae,1.45685557995156,0.2759301433503092,1.1809254366012507,4.2797985833030125,SUCCESS,42
E5_DT15_PD00_SEED42,15,0.0,7.0,14.0,load_estimation,lstm,,raw,rmse,1.8882361858922336,0.4230368621902369,1.465199323701997,3.4635263606014224,SUCCESS,42
E5_DT15_PD00_SEED42,15,0.0,7.0,14.0,load_estimation,lstm,,raw,mape,41.78158731932534,8.95040488214452,32.83118243718082,3.668122601098964,SUCCESS,42
E5_DT15_PD00_SEED42,15,0.0,7.0,14.0,load_estimation,lstm,,raw,r2,0.343448876876833,0.9670456810550092,-0.6235968041781762,-0.6448473080380819,SUCCESS,42
E5_DT15_PD00_SEED42,15,0.0,7.0,14.0,anomaly_detection,isolation_forest,isolation_forest,raw,precision,0.1164658634538152,0.1164658634538152,0.0,0.0,SUCCESS,42
E5_DT15_PD00_SEED42,15,0.0,7.0,14.0,anomaly_detection,isolation_forest,isolation_forest,raw,recall,0.1188524590163934,0.1188524590163934,0.0,0.0,SUCCESS,42
E5_DT15_PD00_SEED42,15,0.0,7.0,14.0,anomaly_detection,isolation_forest,isolation_forest,raw,f1,0.1176470588235294,0.1176470588235294,0.0,0.0,SUCCESS,42
E5_DT15_PD00_SEED42,15,0.0,7.0,14.0,anomaly_detection,isolation_forest,isolation_forest,raw,false_positive_rate,0.0438946528332003,0.0438946528332003,0.0,0.0,SUCCESS,42
E5_DT15_PD00_SEED42,15,0.0,7.0,14.0,anomaly_detection,isolation_forest,isolation_forest,raw,pr_auc,0.09385708598261,0.09385708598261,0.0,0.0,SUCCESS,42
E5_DT15_PD00_SEED42,15,0.0,7.0,14.0,anomaly_detection,isolation_forest,isolation_forest,raw,roc_auc,0.7138596875695052,0.7138596875695052,0.0,0.0,SUCCESS,42
E5_DT15_PD00_SEED42,15,0.0,7.0,14.0,anomaly_detection,isolation_forest,isolation_forest,raw,detection_latency,3.2459016393442623,3.2459016393442623,0.0,0.0,SUCCESS,42
E5_DT15_PD00_SEED42,15,0.0,7.0,14.0,anomaly_detection,isolation_forest,isolation_forest,raw,threshold,0.5031683371451802,0.5031683371451802,0.0,0.0,SUCCESS,42
E5_DT15_PD00_SEED42,15,0.0,7.0,14.0,anomaly_detection,isolation_forest,isolation_forest,residual,precision,0.0464231354642313,0.0464231354642313,0.0,0.0,SUCCESS,42
E5_DT15_PD00_SEED42,15,0.0,7.0,14.0,anomaly_detection,isolation_forest,isolation_forest,residual,recall,1.0,1.0,0.0,0.0,SUCCESS,42
E5_DT15_PD00_SEED42,15,0.0,7.0,14.0,anomaly_detection,isolation_forest,isolation_forest,residual,f1,0.0887272727272727,0.0887272727272727,0.0,0.0,SUCCESS,42
E5_DT15_PD00_SEED42,15,0.0,7.0,14.0,anomaly_detection,isolation_forest,isolation_forest,residual,false_positive_rate,1.0,1.0,0.0,0.0,SUCCESS,42
E5_DT15_PD00_SEED42,15,0.0,7.0,14.0,anomaly_detection,isolation_forest,isolation_forest,residual,pr_auc,0.047594352251292,1.0,-0.952405647748708,0.952405647748708,SUCCESS,42
E5_DT15_PD00_SEED42,15,0.0,7.0,14.0,anomaly_detection,isolation_forest,isolation_forest,residual,roc_auc,0.5363386070152945,1.0,-0.4636613929847055,0.4636613929847055,SUCCESS,42
E5_DT15_PD00_SEED42,15,0.0,7.0,14.0,anomaly_detection,isolation_forest,isolation_forest,residual,detection_latency,0.0,0.0,0.0,0.0,SUCCESS,42
E5_DT15_PD00_SEED42,15,0.0,7.0,14.0,anomaly_detection,isolation_forest,isolation_forest,residual,threshold,0.2937656541960819,0.2937656541960819,0.0,0.0,SUCCESS,42
E5_DT15_PD00_SEED42,15,0.0,7.0,14.0,anomaly_detection,lstm_autoencoder,lstm_autoencoder,raw,precision,0.4982578397212543,0.4982578397212543,0.0,0.0,SUCCESS,42
E5_DT15_PD00_SEED42,15,0.0,7.0,14.0,anomaly_detection,lstm_autoencoder,lstm_autoencoder,raw,recall,0.5860655737704918,0.5860655737704918,0.0,0.0,SUCCESS,42
E5_DT15_PD00_SEED42,15,0.0,7.0,14.0,anomaly_detection,lstm_autoencoder,lstm_autoencoder,raw,f1,0.5386064030131827,0.5386064030131827,0.0,0.0,SUCCESS,42
E5_DT15_PD00_SEED42,15,0.0,7.0,14.0,anomaly_detection,lstm_autoencoder,lstm_autoencoder,raw,false_positive_rate,0.028731045490822,0.028731045490822,0.0,0.0,SUCCESS,42
E5_DT15_PD00_SEED42,15,0.0,7.0,14.0,anomaly_detection,lstm_autoencoder,lstm_autoencoder,raw,pr_auc,0.561001698584242,0.561001698584242,0.0,0.0,SUCCESS,42
E5_DT15_PD00_SEED42,15,0.0,7.0,14.0,anomaly_detection,lstm_autoencoder,lstm_autoencoder,raw,roc_auc,0.9493396177043946,0.9493396177043946,0.0,0.0,SUCCESS,42
E5_DT15_PD00_SEED42,15,0.0,7.0,14.0,anomaly_detection,lstm_autoencoder,lstm_autoencoder,raw,detection_latency,1.3442622950819672,1.3442622950819672,0.0,0.0,SUCCESS,42
E5_DT15_PD00_SEED42,15,0.0,7.0,14.0,anomaly_detection,lstm_autoencoder,lstm_autoencoder,raw,threshold,0.0007370078528765,0.0007370078528765,0.0,0.0,SUCCESS,42
E5_DT15_PD00_SEED42,15,0.0,7.0,14.0,anomaly_detection,lstm_autoencoder,lstm_autoencoder,residual,precision,0.049533089727974,0.9568627450980391,-0.9073296553700652,0.9482338611449452,SUCCESS,42
E5_DT15_PD00_SEED42,15,0.0,7.0,14.0,anomaly_detection,lstm_autoencoder,lstm_autoencoder,residual,recall,1.0,1.0,0.0,0.0,SUCCESS,42
E5_DT15_PD00_SEED42,15,0.0,7.0,14.0,anomaly_detection,lstm_autoencoder,lstm_autoencoder,residual,f1,0.0943907156673114,0.9779559118236472,-0.8835651961563359,0.9034816247582206,SUCCESS,42
E5_DT15_PD00_SEED42,15,0.0,7.0,14.0,anomaly_detection,lstm_autoencoder,lstm_autoencoder,residual,false_positive_rate,0.9341580207501996,0.00219473264166,0.9319632881085396,424.6363636363636,SUCCESS,42
E5_DT15_PD00_SEED42,15,0.0,7.0,14.0,anomaly_detection,lstm_autoencoder,lstm_autoencoder,residual,pr_auc,0.109684227824831,1.0,-0.890315772175169,0.890315772175169,SUCCESS,42
E5_DT15_PD00_SEED42,15,0.0,7.0,14.0,anomaly_detection,lstm_autoencoder,lstm_autoencoder,residual,roc_auc,0.6298899035756806,1.0,-0.3701100964243193,0.3701100964243193,SUCCESS,42
E5_DT15_PD00_SEED42,15,0.0,7.0,14.0,anomaly_detection,lstm_autoencoder,lstm_autoencoder,residual,detection_latency,0.0,0.0,0.0,0.0,SUCCESS,42
E5_DT15_PD00_SEED42,15,0.0,7.0,14.0,anomaly_detection,lstm_autoencoder,lstm_autoencoder,residual,threshold,0.0003816792741417,0.0003816792741417,0.0,0.0,SUCCESS,42
E5_DT15_PD05_SEED42,15,0.05,7.026369863013699,14.0,load_estimation,persistence,,raw,mae,1.8785337879233164,0.4591450760399007,1.4193887118834156,3.091373045150696,SUCCESS,42
E5_DT15_PD05_SEED42,15,0.05,7.026369863013699,14.0,load_estimation,persistence,,raw,rmse,2.4793908671342044,0.630307824152761,1.8490830429814435,2.9336190542564182,SUCCESS,42
E5_DT15_PD05_SEED42,15,0.05,7.026369863013699,14.0,load_estimation,persistence,,raw,mape,58.87377257436558,14.73210135971861,44.14167121464697,2.996291576932925,SUCCESS,42
E5_DT15_PD05_SEED42,15,0.05,7.026369863013699,14.0,load_estimation,persistence,,raw,r2,-0.1350907331039434,0.9266422537549912,-1.0617329868589347,-1.14578520735108,SUCCESS,42
E5_DT15_PD05_SEED42,15,0.05,7.026369863013699,14.0,load_estimation,xgboost,,raw,mae,1.413205629160778,0.2734339335193372,1.1397716956414408,4.168362283976857,SUCCESS,42
E5_DT15_PD05_SEED42,15,0.05,7.026369863013699,14.0,load_estimation,xgboost,,raw,rmse,1.8724938127907371,0.4129930382953352,1.4595007744954025,3.5339597503135143,SUCCESS,42
E5_DT15_PD05_SEED42,15,0.05,7.026369863013699,14.0,load_estimation,xgboost,,raw,mape,44.24652148868349,9.063484965162122,35.183036523521366,3.881844197762404,SUCCESS,42
E5_DT15_PD05_SEED42,15,0.05,7.026369863013699,14.0,load_estimation,xgboost,,raw,r2,0.3525870733893816,0.9685061288962542,-0.6159190555068725,-0.6359475042339658,SUCCESS,42
E5_DT15_PD05_SEED42,15,0.05,7.026369863013699,14.0,load_estimation,lstm,,raw,mae,1.5088446673120433,0.2759301433503092,1.232914523961734,4.468212530142015,SUCCESS,42
E5_DT15_PD05_SEED42,15,0.05,7.026369863013699,14.0,load_estimation,lstm,,raw,rmse,1.9501579275522225,0.4230368621902369,1.5271210653619856,3.609900700982529,SUCCESS,42
E5_DT15_PD05_SEED42,15,0.05,7.026369863013699,14.0,load_estimation,lstm,,raw,mape,43.29800891131623,8.95040488214452,34.34760402917171,3.8375475167266417,SUCCESS,42
E5_DT15_PD05_SEED42,15,0.05,7.026369863013699,14.0,load_estimation,lstm,,raw,r2,0.2996816889205833,0.9670456810550092,-0.6673639921344259,-0.6901059641839853,SUCCESS,42
E5_DT15_PD05_SEED42,15,0.05,7.026369863013699,14.0,anomaly_detection,isolation_forest,isolation_forest,raw,precision,0.1164658634538152,0.1164658634538152,0.0,0.0,SUCCESS,42
E5_DT15_PD05_SEED42,15,0.05,7.026369863013699,14.0,anomaly_detection,isolation_forest,isolation_forest,raw,recall,0.1188524590163934,0.1188524590163934,0.0,0.0,SUCCESS,42
E5_DT15_PD05_SEED42,15,0.05,7.026369863013699,14.0,anomaly_detection,isolation_forest,isolation_forest,raw,f1,0.1176470588235294,0.1176470588235294,0.0,0.0,SUCCESS,42
E5_DT15_PD05_SEED42,15,0.05,7.026369863013699,14.0,anomaly_detection,isolation_forest,isolation_forest,raw,false_positive_rate,0.0438946528332003,0.0438946528332003,0.0,0.0,SUCCESS,42
E5_DT15_PD05_SEED42,15,0.05,7.026369863013699,14.0,anomaly_detection,isolation_forest,isolation_forest,raw,pr_auc,0.09385708598261,0.09385708598261,0.0,0.0,SUCCESS,42
E5_DT15_PD05_SEED42,15,0.05,7.026369863013699,14.0,anomaly_detection,isolation_forest,isolation_forest,raw,roc_auc,0.7138596875695052,0.7138596875695052,0.0,0.0,SUCCESS,42
E5_DT15_PD05_SEED42,15,0.05,7.026369863013699,14.0,anomaly_detection,isolation_forest,isolation_forest,raw,detection_latency,3.2459016393442623,3.2459016393442623,0.0,0.0,SUCCESS,42
E5_DT15_PD05_SEED42,15,0.05,7.026369863013699,14.0,anomaly_detection,isolation_forest,isolation_forest,raw,threshold,0.5031683371451802,0.5031683371451802,0.0,0.0,SUCCESS,42
E5_DT15_PD05_SEED42,15,0.05,7.026369863013699,14.0,anomaly_detection,isolation_forest,isolation_forest,residual,precision,0.0464231354642313,0.0464231354642313,0.0,0.0,SUCCESS,42
E5_DT15_PD05_SEED42,15,0.05,7.026369863013699,14.0,anomaly_detection,isolation_forest,isolation_forest,residual,recall,1.0,1.0,0.0,0.0,SUCCESS,42
E5_DT15_PD05_SEED42,15,0.05,7.026369863013699,14.0,anomaly_detection,isolation_forest,isolation_forest,residual,f1,0.0887272727272727,0.0887272727272727,0.0,0.0,SUCCESS,42
E5_DT15_PD05_SEED42,15,0.05,7.026369863013699,14.0,anomaly_detection,isolation_forest,isolation_forest,residual,false_positive_rate,1.0,1.0,0.0,0.0,SUCCESS,42
E5_DT15_PD05_SEED42,15,0.05,7.026369863013699,14.0,anomaly_detection,isolation_forest,isolation_forest,residual,pr_auc,0.0555873968046363,1.0,-0.9444126031953636,0.9444126031953636,SUCCESS,42
E5_DT15_PD05_SEED42,15,0.05,7.026369863013699,14.0,anomaly_detection,isolation_forest,isolation_forest,residual,roc_auc,0.5763180661494381,1.0,-0.4236819338505618,0.4236819338505618,SUCCESS,42
E5_DT15_PD05_SEED42,15,0.05,7.026369863013699,14.0,anomaly_detection,isolation_forest,isolation_forest,residual,detection_latency,0.0,0.0,0.0,0.0,SUCCESS,42
E5_DT15_PD05_SEED42,15,0.05,7.026369863013699,14.0,anomaly_detection,isolation_forest,isolation_forest,residual,threshold,0.2937656541960819,0.2937656541960819,0.0,0.0,SUCCESS,42
E5_DT15_PD05_SEED42,15,0.05,7.026369863013699,14.0,anomaly_detection,lstm_autoencoder,lstm_autoencoder,raw,precision,0.4982578397212543,0.4982578397212543,0.0,0.0,SUCCESS,42
E5_DT15_PD05_SEED42,15,0.05,7.026369863013699,14.0,anomaly_detection,lstm_autoencoder,lstm_autoencoder,raw,recall,0.5860655737704918,0.5860655737704918,0.0,0.0,SUCCESS,42
E5_DT15_PD05_SEED42,15,0.05,7.026369863013699,14.0,anomaly_detection,lstm_autoencoder,lstm_autoencoder,raw,f1,0.5386064030131827,0.5386064030131827,0.0,0.0,SUCCESS,42
E5_DT15_PD05_SEED42,15,0.05,7.026369863013699,14.0,anomaly_detection,lstm_autoencoder,lstm_autoencoder,raw,false_positive_rate,0.028731045490822,0.028731045490822,0.0,0.0,SUCCESS,42
E5_DT15_PD05_SEED42,15,0.05,7.026369863013699,14.0,anomaly_detection,lstm_autoencoder,lstm_autoencoder,raw,pr_auc,0.561001698584242,0.561001698584242,0.0,0.0,SUCCESS,42
E5_DT15_PD05_SEED42,15,0.05,7.026369863013699,14.0,anomaly_detection,lstm_autoencoder,lstm_autoencoder,raw,roc_auc,0.9493396177043946,0.9493396177043946,0.0,0.0,SUCCESS,42
E5_DT15_PD05_SEED42,15,0.05,7.026369863013699,14.0,anomaly_detection,lstm_autoencoder,lstm_autoencoder,raw,detection_latency,1.3442622950819672,1.3442622950819672,0.0,0.0,SUCCESS,42
E5_DT15_PD05_SEED42,15,0.05,7.026369863013699,14.0,anomaly_detection,lstm_autoencoder,lstm_autoencoder,raw,threshold,0.0007370078528765,0.0007370078528765,0.0,0.0,SUCCESS,42
E5_DT15_PD05_SEED42,15,0.05,7.026369863013699,14.0,anomaly_detection,lstm_autoencoder,lstm_autoencoder,residual,precision,0.0495532087733549,0.9568627450980391,-0.9073095363246844,0.94821283509342,SUCCESS,42
E5_DT15_PD05_SEED42,15,0.05,7.026369863013699,14.0,anomaly_detection,lstm_autoencoder,lstm_autoencoder,residual,recall,1.0,1.0,0.0,0.0,SUCCESS,42
E5_DT15_PD05_SEED42,15,0.05,7.026369863013699,14.0,anomaly_detection,lstm_autoencoder,lstm_autoencoder,residual,f1,0.0944272445820433,0.9779559118236472,-0.883528667241604,0.9034442724458204,SUCCESS,42
E5_DT15_PD05_SEED42,15,0.05,7.026369863013699,14.0,anomaly_detection,lstm_autoencoder,lstm_autoencoder,residual,false_positive_rate,0.9337589784517158,0.00219473264166,0.9315642458100558,424.45454545454544,SUCCESS,42
E5_DT15_PD05_SEED42,15,0.05,7.026369863013699,14.0,anomaly_detection,lstm_autoencoder,lstm_autoencoder,residual,pr_auc,0.1324868775500216,1.0,-0.8675131224499784,0.8675131224499784,SUCCESS,42
E5_DT15_PD05_SEED42,15,0.05,7.026369863013699,14.0,anomaly_detection,lstm_autoencoder,lstm_autoencoder,residual,roc_auc,0.6602841704499366,1.0,-0.3397158295500634,0.3397158295500634,SUCCESS,42
E5_DT15_PD05_SEED42,15,0.05,7.026369863013699,14.0,anomaly_detection,lstm_autoencoder,lstm_autoencoder,residual,detection_latency,0.0,0.0,0.0,0.0,SUCCESS,42
E5_DT15_PD05_SEED42,15,0.05,7.026369863013699,14.0,anomaly_detection,lstm_autoencoder,lstm_autoencoder,residual,threshold,0.0003816792741417,0.0003816792741417,0.0,0.0,SUCCESS,42
E5_DT15_PD10_SEED42,15,0.1,7.058533105022831,14.0,load_estimation,persistence,,raw,mae,1.8349164540410223,0.4591450760399007,1.3757713780011216,2.9963761995817726,SUCCESS,42
E5_DT15_PD10_SEED42,15,0.1,7.058533105022831,14.0,load_estimation,persistence,,raw,rmse,2.455644828803907,0.630307824152761,1.8253370046511463,2.8959453376684703,SUCCESS,42
E5_DT15_PD10_SEED42,15,0.1,7.058533105022831,14.0,load_estimation,persistence,,raw,mape,56.48856492914949,14.73210135971861,41.75646356943088,2.8343861170819724,SUCCESS,42
E5_DT15_PD10_SEED42,15,0.1,7.058533105022831,14.0,load_estimation,persistence,,raw,r2,-0.1134524874636409,0.9266422537549912,-1.040094741218632,-1.1224339673740351,SUCCESS,42
E5_DT15_PD10_SEED42,15,0.1,7.058533105022831,14.0,load_estimation,xgboost,,raw,mae,1.3864868881359491,0.2734339335193372,1.113052954616612,4.070646756569799,SUCCESS,42
E5_DT15_PD10_SEED42,15,0.1,7.058533105022831,14.0,load_estimation,xgboost,,raw,rmse,1.8571948325718528,0.4129930382953352,1.4442017942765175,3.49691559024236,SUCCESS,42
E5_DT15_PD10_SEED42,15,0.1,7.058533105022831,14.0,load_estimation,xgboost,,raw,mape,42.93870910831868,9.063484965162122,33.87522414315656,3.737549548916874,SUCCESS,42
E5_DT15_PD10_SEED42,15,0.1,7.058533105022831,14.0,load_estimation,xgboost,,raw,r2,0.363123070559618,0.9685061288962542,-0.6053830583366362,-0.6250688976295414,SUCCESS,42
E5_DT15_PD10_SEED42,15,0.1,7.058533105022831,14.0,load_estimation,lstm,,raw,mae,1.481651876457057,0.2759301433503092,1.2057217331067478,4.369662982329605,SUCCESS,42
E5_DT15_PD10_SEED42,15,0.1,7.058533105022831,14.0,load_estimation,lstm,,raw,rmse,1.916847655659816,0.4230368621902369,1.4938107934695788,3.5311598751359448,SUCCESS,42
E5_DT15_PD10_SEED42,15,0.1,7.058533105022831,14.0,load_estimation,lstm,,raw,mape,42.66467023259599,8.95040488214452,33.71426535045147,3.766786619643236,SUCCESS,42
E5_DT15_PD10_SEED42,15,0.1,7.058533105022831,14.0,load_estimation,lstm,,raw,r2,0.3234013725977451,0.9670456810550092,-0.6436443084572641,-0.6655779774075131,SUCCESS,42
E5_DT15_PD10_SEED42,15,0.1,7.058533105022831,14.0,anomaly_detection,isolation_forest,isolation_forest,raw,precision,0.1164658634538152,0.1164658634538152,0.0,0.0,SUCCESS,42
E5_DT15_PD10_SEED42,15,0.1,7.058533105022831,14.0,anomaly_detection,isolation_forest,isolation_forest,raw,recall,0.1188524590163934,0.1188524590163934,0.0,0.0,SUCCESS,42
E5_DT15_PD10_SEED42,15,0.1,7.058533105022831,14.0,anomaly_detection,isolation_forest,isolation_forest,raw,f1,0.1176470588235294,0.1176470588235294,0.0,0.0,SUCCESS,42
E5_DT15_PD10_SEED42,15,0.1,7.058533105022831,14.0,anomaly_detection,isolation_forest,isolation_forest,raw,false_positive_rate,0.0438946528332003,0.0438946528332003,0.0,0.0,SUCCESS,42
E5_DT15_PD10_SEED42,15,0.1,7.058533105022831,14.0,anomaly_detection,isolation_forest,isolation_forest,raw,pr_auc,0.09385708598261,0.09385708598261,0.0,0.0,SUCCESS,42
E5_DT15_PD10_SEED42,15,0.1,7.058533105022831,14.0,anomaly_detection,isolation_forest,isolation_forest,raw,roc_auc,0.7138596875695052,0.7138596875695052,0.0,0.0,SUCCESS,42
E5_DT15_PD10_SEED42,15,0.1,7.058533105022831,14.0,anomaly_detection,isolation_forest,isolation_forest,raw,detection_latency,3.2459016393442623,3.2459016393442623,0.0,0.0,SUCCESS,42
E5_DT15_PD10_SEED42,15,0.1,7.058533105022831,14.0,anomaly_detection,isolation_forest,isolation_forest,raw,threshold,0.5031683371451802,0.5031683371451802,0.0,0.0,SUCCESS,42
E5_DT15_PD10_SEED42,15,0.1,7.058533105022831,14.0,anomaly_detection,isolation_forest,isolation_forest,residual,precision,0.0464231354642313,0.0464231354642313,0.0,0.0,SUCCESS,42
E5_DT15_PD10_SEED42,15,0.1,7.058533105022831,14.0,anomaly_detection,isolation_forest,isolation_forest,residual,recall,1.0,1.0,0.0,0.0,SUCCESS,42
E5_DT15_PD10_SEED42,15,0.1,7.058533105022831,14.0,anomaly_detection,isolation_forest,isolation_forest,residual,f1,0.0887272727272727,0.0887272727272727,0.0,0.0,SUCCESS,42
E5_DT15_PD10_SEED42,15,0.1,7.058533105022831,14.0,anomaly_detection,isolation_forest,isolation_forest,residual,false_positive_rate,1.0,1.0,0.0,0.0,SUCCESS,42
E5_DT15_PD10_SEED42,15,0.1,7.058533105022831,14.0,anomaly_detection,isolation_forest,isolation_forest,residual,pr_auc,0.0531720458543714,1.0,-0.9468279541456284,0.9468279541456284,SUCCESS,42
E5_DT15_PD10_SEED42,15,0.1,7.058533105022831,14.0,anomaly_detection,isolation_forest,isolation_forest,residual,roc_auc,0.576761264767836,1.0,-0.423238735232164,0.423238735232164,SUCCESS,42
E5_DT15_PD10_SEED42,15,0.1,7.058533105022831,14.0,anomaly_detection,isolation_forest,isolation_forest,residual,detection_latency,0.0,0.0,0.0,0.0,SUCCESS,42
E5_DT15_PD10_SEED42,15,0.1,7.058533105022831,14.0,anomaly_detection,isolation_forest,isolation_forest,residual,threshold,0.2937656541960819,0.2937656541960819,0.0,0.0,SUCCESS,42
E5_DT15_PD10_SEED42,15,0.1,7.058533105022831,14.0,anomaly_detection,lstm_autoencoder,lstm_autoencoder,raw,precision,0.4982578397212543,0.4982578397212543,0.0,0.0,SUCCESS,42
E5_DT15_PD10_SEED42,15,0.1,7.058533105022831,14.0,anomaly_detection,lstm_autoencoder,lstm_autoencoder,raw,recall,0.5860655737704918,0.5860655737704918,0.0,0.0,SUCCESS,42
E5_DT15_PD10_SEED42,15,0.1,7.058533105022831,14.0,anomaly_detection,lstm_autoencoder,lstm_autoencoder,raw,f1,0.5386064030131827,0.5386064030131827,0.0,0.0,SUCCESS,42
E5_DT15_PD10_SEED42,15,0.1,7.058533105022831,14.0,anomaly_detection,lstm_autoencoder,lstm_autoencoder,raw,false_positive_rate,0.028731045490822,0.028731045490822,0.0,0.0,SUCCESS,42
E5_DT15_PD10_SEED42,15,0.1,7.058533105022831,14.0,anomaly_detection,lstm_autoencoder,lstm_autoencoder,raw,pr_auc,0.561001698584242,0.561001698584242,0.0,0.0,SUCCESS,42
E5_DT15_PD10_SEED42,15,0.1,7.058533105022831,14.0,anomaly_detection,lstm_autoencoder,lstm_autoencoder,raw,roc_auc,0.9493396177043946,0.9493396177043946,0.0,0.0,SUCCESS,42
E5_DT15_PD10_SEED42,15,0.1,7.058533105022831,14.0,anomaly_detection,lstm_autoencoder,lstm_autoencoder,raw,detection_latency,1.3442622950819672,1.3442622950819672,0.0,0.0,SUCCESS,42
E5_DT15_PD10_SEED42,15,0.1,7.058533105022831,14.0,anomaly_detection,lstm_autoencoder,lstm_autoencoder,raw,threshold,0.0007370078528765,0.0007370078528765,0.0,0.0,SUCCESS,42
E5_DT15_PD10_SEED42,15,0.1,7.058533105022831,14.0,anomaly_detection,lstm_autoencoder,lstm_autoencoder,residual,precision,0.0495230363304241,0.9568627450980391,-0.907339708767615,0.9482443677694338,SUCCESS,42
E5_DT15_PD10_SEED42,15,0.1,7.058533105022831,14.0,anomaly_detection,lstm_autoencoder,lstm_autoencoder,residual,recall,1.0,1.0,0.0,0.0,SUCCESS,42
E5_DT15_PD10_SEED42,15,0.1,7.058533105022831,14.0,anomaly_detection,lstm_autoencoder,lstm_autoencoder,residual,f1,0.094372461806227,0.9779559118236472,-0.8835834500174202,0.9035002900792884,SUCCESS,42
E5_DT15_PD10_SEED42,15,0.1,7.058533105022831,14.0,anomaly_detection,lstm_autoencoder,lstm_autoencoder,residual,false_positive_rate,0.9343575418994412,0.00219473264166,0.9321628092577812,424.7272727272727,SUCCESS,42
E5_DT15_PD10_SEED42,15,0.1,7.058533105022831,14.0,anomaly_detection,lstm_autoencoder,lstm_autoencoder,residual,pr_auc,0.1195694527397481,1.0,-0.8804305472602518,0.8804305472602518,SUCCESS,42
E5_DT15_PD10_SEED42,15,0.1,7.058533105022831,14.0,anomaly_detection,lstm_autoencoder,lstm_autoencoder,residual,roc_auc,0.6508821451467297,1.0,-0.3491178548532703,0.3491178548532703,SUCCESS,42
E5_DT15_PD10_SEED42,15,0.1,7.058533105022831,14.0,anomaly_detection,lstm_autoencoder,lstm_autoencoder,residual,detection_latency,0.0,0.0,0.0,0.0,SUCCESS,42
E5_DT15_PD10_SEED42,15,0.1,7.058533105022831,14.0,anomaly_detection,lstm_autoencoder,lstm_autoencoder,residual,threshold,0.0003816792741417,0.0003816792741417,0.0,0.0,SUCCESS,42
E5_DT15_PD20_SEED42,15,0.2,7.138498858447488,14.0,load_estimation,persistence,,raw,mae,1.8661689898466955,0.4591450760399007,1.4070239138067948,3.0644429990239543,SUCCESS,42
E5_DT15_PD20_SEED42,15,0.2,7.138498858447488,14.0,load_estimation,persistence,,raw,rmse,2.4438530994582144,0.630307824152761,1.8135452753054533,2.877237447818709,SUCCESS,42
E5_DT15_PD20_SEED42,15,0.2,7.138498858447488,14.0,load_estimation,persistence,,raw,mape,59.03404919488207,14.73210135971861,44.30194783516345,3.0071709903039685,SUCCESS,42
E5_DT15_PD20_SEED42,15,0.2,7.138498858447488,14.0,load_estimation,persistence,,raw,r2,-0.1027848152040014,0.9266422537549912,-1.0294270689589924,-1.1109217875479895,SUCCESS,42
E5_DT15_PD20_SEED42,15,0.2,7.138498858447488,14.0,load_estimation,xgboost,,raw,mae,1.4065848712552809,0.2734339335193372,1.1331509377359437,4.144148910675738,SUCCESS,42
E5_DT15_PD20_SEED42,15,0.2,7.138498858447488,14.0,load_estimation,xgboost,,raw,rmse,1.851677161597136,0.4129930382953352,1.4386841233018006,3.483555386890042,SUCCESS,42
E5_DT15_PD20_SEED42,15,0.2,7.138498858447488,14.0,load_estimation,xgboost,,raw,mape,44.42986089856279,9.063484965162122,35.36637593340066,3.902072554799902,SUCCESS,42
E5_DT15_PD20_SEED42,15,0.2,7.138498858447488,14.0,load_estimation,xgboost,,raw,r2,0.3669017341403195,0.9685061288962542,-0.6016043947559346,-0.6211673595102031,SUCCESS,42
E5_DT15_PD20_SEED42,15,0.2,7.138498858447488,14.0,load_estimation,lstm,,raw,mae,1.5226202629593435,0.2759301433503092,1.2466901196090343,4.518136744582811,SUCCESS,42
E5_DT15_PD20_SEED42,15,0.2,7.138498858447488,14.0,load_estimation,lstm,,raw,rmse,1.9530669445411195,0.4230368621902369,1.5300300823508823,3.616777210452261,SUCCESS,42
E5_DT15_PD20_SEED42,15,0.2,7.138498858447488,14.0,load_estimation,lstm,,raw,mape,44.2613627090222,8.95040488214452,35.31095782687768,3.945179943459403,SUCCESS,42
E5_DT15_PD20_SEED42,15,0.2,7.138498858447488,14.0,load_estimation,lstm,,raw,r2,0.2975908251068613,0.9670456810550092,-0.6694548559481479,-0.6922680790195958,SUCCESS,42
E5_DT15_PD20_SEED42,15,0.2,7.138498858447488,14.0,anomaly_detection,isolation_forest,isolation_forest,raw,precision,0.1164658634538152,0.1164658634538152,0.0,0.0,SUCCESS,42
E5_DT15_PD20_SEED42,15,0.2,7.138498858447488,14.0,anomaly_detection,isolation_forest,isolation_forest,raw,recall,0.1188524590163934,0.1188524590163934,0.0,0.0,SUCCESS,42
E5_DT15_PD20_SEED42,15,0.2,7.138498858447488,14.0,anomaly_detection,isolation_forest,isolation_forest,raw,f1,0.1176470588235294,0.1176470588235294,0.0,0.0,SUCCESS,42
E5_DT15_PD20_SEED42,15,0.2,7.138498858447488,14.0,anomaly_detection,isolation_forest,isolation_forest,raw,false_positive_rate,0.0438946528332003,0.0438946528332003,0.0,0.0,SUCCESS,42
E5_DT15_PD20_SEED42,15,0.2,7.138498858447488,14.0,anomaly_detection,isolation_forest,isolation_forest,raw,pr_auc,0.09385708598261,0.09385708598261,0.0,0.0,SUCCESS,42
E5_DT15_PD20_SEED42,15,0.2,7.138498858447488,14.0,anomaly_detection,isolation_forest,isolation_forest,raw,roc_auc,0.7138596875695052,0.7138596875695052,0.0,0.0,SUCCESS,42
E5_DT15_PD20_SEED42,15,0.2,7.138498858447488,14.0,anomaly_detection,isolation_forest,isolation_forest,raw,detection_latency,3.2459016393442623,3.2459016393442623,0.0,0.0,SUCCESS,42
E5_DT15_PD20_SEED42,15,0.2,7.138498858447488,14.0,anomaly_detection,isolation_forest,isolation_forest,raw,threshold,0.5031683371451802,0.5031683371451802,0.0,0.0,SUCCESS,42
E5_DT15_PD20_SEED42,15,0.2,7.138498858447488,14.0,anomaly_detection,isolation_forest,isolation_forest,residual,precision,0.0464231354642313,0.0464231354642313,0.0,0.0,SUCCESS,42
E5_DT15_PD20_SEED42,15,0.2,7.138498858447488,14.0,anomaly_detection,isolation_forest,isolation_forest,residual,recall,1.0,1.0,0.0,0.0,SUCCESS,42
E5_DT15_PD20_SEED42,15,0.2,7.138498858447488,14.0,anomaly_detection,isolation_forest,isolation_forest,residual,f1,0.0887272727272727,0.0887272727272727,0.0,0.0,SUCCESS,42
E5_DT15_PD20_SEED42,15,0.2,7.138498858447488,14.0,anomaly_detection,isolation_forest,isolation_forest,residual,false_positive_rate,1.0,1.0,0.0,0.0,SUCCESS,42
E5_DT15_PD20_SEED42,15,0.2,7.138498858447488,14.0,anomaly_detection,isolation_forest,isolation_forest,residual,pr_auc,0.0443108300612916,1.0,-0.9556891699387084,0.9556891699387084,SUCCESS,42
E5_DT15_PD20_SEED42,15,0.2,7.138498858447488,14.0,anomaly_detection,isolation_forest,isolation_forest,residual,roc_auc,0.5117275914853533,1.0,-0.4882724085146467,0.4882724085146467,SUCCESS,42
E5_DT15_PD20_SEED42,15,0.2,7.138498858447488,14.0,anomaly_detection,isolation_forest,isolation_forest,residual,detection_latency,0.0,0.0,0.0,0.0,SUCCESS,42
E5_DT15_PD20_SEED42,15,0.2,7.138498858447488,14.0,anomaly_detection,isolation_forest,isolation_forest,residual,threshold,0.2937656541960819,0.2937656541960819,0.0,0.0,SUCCESS,42
E5_DT15_PD20_SEED42,15,0.2,7.138498858447488,14.0,anomaly_detection,lstm_autoencoder,lstm_autoencoder,raw,precision,0.4982578397212543,0.4982578397212543,0.0,0.0,SUCCESS,42
E5_DT15_PD20_SEED42,15,0.2,7.138498858447488,14.0,anomaly_detection,lstm_autoencoder,lstm_autoencoder,raw,recall,0.5860655737704918,0.5860655737704918,0.0,0.0,SUCCESS,42
E5_DT15_PD20_SEED42,15,0.2,7.138498858447488,14.0,anomaly_detection,lstm_autoencoder,lstm_autoencoder,raw,f1,0.5386064030131827,0.5386064030131827,0.0,0.0,SUCCESS,42
E5_DT15_PD20_SEED42,15,0.2,7.138498858447488,14.0,anomaly_detection,lstm_autoencoder,lstm_autoencoder,raw,false_positive_rate,0.028731045490822,0.028731045490822,0.0,0.0,SUCCESS,42
E5_DT15_PD20_SEED42,15,0.2,7.138498858447488,14.0,anomaly_detection,lstm_autoencoder,lstm_autoencoder,raw,pr_auc,0.561001698584242,0.561001698584242,0.0,0.0,SUCCESS,42
E5_DT15_PD20_SEED42,15,0.2,7.138498858447488,14.0,anomaly_detection,lstm_autoencoder,lstm_autoencoder,raw,roc_auc,0.9493396177043946,0.9493396177043946,0.0,0.0,SUCCESS,42
E5_DT15_PD20_SEED42,15,0.2,7.138498858447488,14.0,anomaly_detection,lstm_autoencoder,lstm_autoencoder,raw,detection_latency,1.3442622950819672,1.3442622950819672,0.0,0.0,SUCCESS,42
E5_DT15_PD20_SEED42,15,0.2,7.138498858447488,14.0,anomaly_detection,lstm_autoencoder,lstm_autoencoder,raw,threshold,0.0007370078528765,0.0007370078528765,0.0,0.0,SUCCESS,42
E5_DT15_PD20_SEED42,15,0.2,7.138498858447488,14.0,anomaly_detection,lstm_autoencoder,lstm_autoencoder,residual,precision,0.0494728304947283,0.9568627450980391,-0.907389914603311,0.9482968369829684,SUCCESS,42
E5_DT15_PD20_SEED42,15,0.2,7.138498858447488,14.0,anomaly_detection,lstm_autoencoder,lstm_autoencoder,residual,recall,1.0,1.0,0.0,0.0,SUCCESS,42
E5_DT15_PD20_SEED42,15,0.2,7.138498858447488,14.0,anomaly_detection,lstm_autoencoder,lstm_autoencoder,residual,f1,0.0942812982998454,0.9779559118236472,-0.8836746135238018,0.9035935085007728,SUCCESS,42
E5_DT15_PD20_SEED42,15,0.2,7.138498858447488,14.0,anomaly_detection,lstm_autoencoder,lstm_autoencoder,residual,false_positive_rate,0.9353551476456504,0.00219473264166,0.9331604150039904,425.1818181818182,SUCCESS,42
E5_DT15_PD20_SEED42,15,0.2,7.138498858447488,14.0,anomaly_detection,lstm_autoencoder,lstm_autoencoder,residual,pr_auc,0.110354967817719,1.0,-0.889645032182281,0.889645032182281,SUCCESS,42
E5_DT15_PD20_SEED42,15,0.2,7.138498858447488,14.0,anomaly_detection,lstm_autoencoder,lstm_autoencoder,residual,roc_auc,0.6301761019454948,1.0,-0.3698238980545052,0.3698238980545052,SUCCESS,42
E5_DT15_PD20_SEED42,15,0.2,7.138498858447488,14.0,anomaly_detection,lstm_autoencoder,lstm_autoencoder,residual,detection_latency,0.0,0.0,0.0,0.0,SUCCESS,42
E5_DT15_PD20_SEED42,15,0.2,7.138498858447488,14.0,anomaly_detection,lstm_autoencoder,lstm_autoencoder,residual,threshold,0.0003816792741417,0.0003816792741417,0.0,0.0,SUCCESS,42
E5_DT60_PD00_SEED42,60,0.0,29.5,56.049999999995634,load_estimation,persistence,,raw,mae,2.5240003025241458,0.4591450760399007,2.064855226484245,4.497173843817515,SUCCESS,42
E5_DT60_PD00_SEED42,60,0.0,29.5,56.049999999995634,load_estimation,persistence,,raw,rmse,3.2049055806652404,0.630307824152761,2.57459775651248,4.084667297241897,SUCCESS,42
E5_DT60_PD00_SEED42,60,0.0,29.5,56.049999999995634,load_estimation,persistence,,raw,mape,83.5484386233321,14.73210135971861,68.81633726361349,4.671182717475405,SUCCESS,42
E5_DT60_PD00_SEED42,60,0.0,29.5,56.049999999995634,load_estimation,persistence,,raw,r2,-0.8965795459499477,0.9266422537549912,-1.823221799704939,-1.9675573742906485,SUCCESS,42
E5_DT60_PD00_SEED42,60,0.0,29.5,56.049999999995634,load_estimation,xgboost,,raw,mae,1.84425920708448,0.2734339335193372,1.570825273565143,5.744807359303318,SUCCESS,42
E5_DT60_PD00_SEED42,60,0.0,29.5,56.049999999995634,load_estimation,xgboost,,raw,rmse,2.4183850464453287,0.4129930382953352,2.0053920081499936,4.855752572555277,SUCCESS,42
E5_DT60_PD00_SEED42,60,0.0,29.5,56.049999999995634,load_estimation,xgboost,,raw,mape,62.15516740545242,9.063484965162122,53.0916824402903,5.857755890185959,SUCCESS,42
E5_DT60_PD00_SEED42,60,0.0,29.5,56.049999999995634,load_estimation,xgboost,,raw,r2,-0.0799197441552674,0.9685061288962542,-1.0484258730515217,-1.082518573471855,SUCCESS,42
E5_DT60_PD00_SEED42,60,0.0,29.5,56.049999999995634,load_estimation,lstm,,raw,mae,1.8448200221729625,0.2759301433503092,1.5688898788226533,5.685822722278142,SUCCESS,42
E5_DT60_PD00_SEED42,60,0.0,29.5,56.049999999995634,load_estimation,lstm,,raw,rmse,2.3361905161014715,0.4230368621902369,1.9131536539112344,4.522427771438277,SUCCESS,42
E5_DT60_PD00_SEED42,60,0.0,29.5,56.049999999995634,load_estimation,lstm,,raw,mape,61.327191212551945,8.95040488214452,52.37678633040743,5.851890168108008,SUCCESS,42
E5_DT60_PD00_SEED42,60,0.0,29.5,56.049999999995634,load_estimation,lstm,,raw,r2,-0.0050147355361485,0.9670456810550092,-0.9720604165911576,-1.0051856242516668,SUCCESS,42
E5_DT60_PD00_SEED42,60,0.0,29.5,56.049999999995634,anomaly_detection,isolation_forest,isolation_forest,raw,precision,0.1164658634538152,0.1164658634538152,0.0,0.0,SUCCESS,42
E5_DT60_PD00_SEED42,60,0.0,29.5,56.049999999995634,anomaly_detection,isolation_forest,isolation_forest,raw,recall,0.1188524590163934,0.1188524590163934,0.0,0.0,SUCCESS,42
E5_DT60_PD00_SEED42,60,0.0,29.5,56.049999999995634,anomaly_detection,isolation_forest,isolation_forest,raw,f1,0.1176470588235294,0.1176470588235294,0.0,0.0,SUCCESS,42
E5_DT60_PD00_SEED42,60,0.0,29.5,56.049999999995634,anomaly_detection,isolation_forest,isolation_forest,raw,false_positive_rate,0.0438946528332003,0.0438946528332003,0.0,0.0,SUCCESS,42
E5_DT60_PD00_SEED42,60,0.0,29.5,56.049999999995634,anomaly_detection,isolation_forest,isolation_forest,raw,pr_auc,0.09385708598261,0.09385708598261,0.0,0.0,SUCCESS,42
E5_DT60_PD00_SEED42,60,0.0,29.5,56.049999999995634,anomaly_detection,isolation_forest,isolation_forest,raw,roc_auc,0.7138596875695052,0.7138596875695052,0.0,0.0,SUCCESS,42
E5_DT60_PD00_SEED42,60,0.0,29.5,56.049999999995634,anomaly_detection,isolation_forest,isolation_forest,raw,detection_latency,3.2459016393442623,3.2459016393442623,0.0,0.0,SUCCESS,42
E5_DT60_PD00_SEED42,60,0.0,29.5,56.049999999995634,anomaly_detection,isolation_forest,isolation_forest,raw,threshold,0.5031683371451802,0.5031683371451802,0.0,0.0,SUCCESS,42
E5_DT60_PD00_SEED42,60,0.0,29.5,56.049999999995634,anomaly_detection,isolation_forest,isolation_forest,residual,precision,0.0464231354642313,0.0464231354642313,0.0,0.0,SUCCESS,42
E5_DT60_PD00_SEED42,60,0.0,29.5,56.049999999995634,anomaly_detection,isolation_forest,isolation_forest,residual,recall,1.0,1.0,0.0,0.0,SUCCESS,42
E5_DT60_PD00_SEED42,60,0.0,29.5,56.049999999995634,anomaly_detection,isolation_forest,isolation_forest,residual,f1,0.0887272727272727,0.0887272727272727,0.0,0.0,SUCCESS,42
E5_DT60_PD00_SEED42,60,0.0,29.5,56.049999999995634,anomaly_detection,isolation_forest,isolation_forest,residual,false_positive_rate,1.0,1.0,0.0,0.0,SUCCESS,42
E5_DT60_PD00_SEED42,60,0.0,29.5,56.049999999995634,anomaly_detection,isolation_forest,isolation_forest,residual,pr_auc,0.0460211600205415,1.0,-0.9539788399794584,0.9539788399794584,SUCCESS,42
E5_DT60_PD00_SEED42,60,0.0,29.5,56.049999999995634,anomaly_detection,isolation_forest,isolation_forest,residual,roc_auc,0.5057718034095221,1.0,-0.4942281965904779,0.4942281965904779,SUCCESS,42
E5_DT60_PD00_SEED42,60,0.0,29.5,56.049999999995634,anomaly_detection,isolation_forest,isolation_forest,residual,detection_latency,0.0,0.0,0.0,0.0,SUCCESS,42
E5_DT60_PD00_SEED42,60,0.0,29.5,56.049999999995634,anomaly_detection,isolation_forest,isolation_forest,residual,threshold,0.2937656541960819,0.2937656541960819,0.0,0.0,SUCCESS,42
E5_DT60_PD00_SEED42,60,0.0,29.5,56.049999999995634,anomaly_detection,lstm_autoencoder,lstm_autoencoder,raw,precision,0.4982578397212543,0.4982578397212543,0.0,0.0,SUCCESS,42
E5_DT60_PD00_SEED42,60,0.0,29.5,56.049999999995634,anomaly_detection,lstm_autoencoder,lstm_autoencoder,raw,recall,0.5860655737704918,0.5860655737704918,0.0,0.0,SUCCESS,42
E5_DT60_PD00_SEED42,60,0.0,29.5,56.049999999995634,anomaly_detection,lstm_autoencoder,lstm_autoencoder,raw,f1,0.5386064030131827,0.5386064030131827,0.0,0.0,SUCCESS,42
E5_DT60_PD00_SEED42,60,0.0,29.5,56.049999999995634,anomaly_detection,lstm_autoencoder,lstm_autoencoder,raw,false_positive_rate,0.028731045490822,0.028731045490822,0.0,0.0,SUCCESS,42
E5_DT60_PD00_SEED42,60,0.0,29.5,56.049999999995634,anomaly_detection,lstm_autoencoder,lstm_autoencoder,raw,pr_auc,0.561001698584242,0.561001698584242,0.0,0.0,SUCCESS,42
E5_DT60_PD00_SEED42,60,0.0,29.5,56.049999999995634,anomaly_detection,lstm_autoencoder,lstm_autoencoder,raw,roc_auc,0.9493396177043946,0.9493396177043946,0.0,0.0,SUCCESS,42
E5_DT60_PD00_SEED42,60,0.0,29.5,56.049999999995634,anomaly_detection,lstm_autoencoder,lstm_autoencoder,raw,detection_latency,1.3442622950819672,1.3442622950819672,0.0,0.0,SUCCESS,42
E5_DT60_PD00_SEED42,60,0.0,29.5,56.049999999995634,anomaly_detection,lstm_autoencoder,lstm_autoencoder,raw,threshold,0.0007370078528765,0.0007370078528765,0.0,0.0,SUCCESS,42
E5_DT60_PD00_SEED42,60,0.0,29.5,56.049999999995634,anomaly_detection,lstm_autoencoder,lstm_autoencoder,residual,precision,0.0471679876280688,0.9568627450980391,-0.9096947574699704,0.950705586700174,SUCCESS,42
E5_DT60_PD00_SEED42,60,0.0,29.5,56.049999999995634,anomaly_detection,lstm_autoencoder,lstm_autoencoder,residual,recall,1.0,1.0,0.0,0.0,SUCCESS,42
E5_DT60_PD00_SEED42,60,0.0,29.5,56.049999999995634,anomaly_detection,lstm_autoencoder,lstm_autoencoder,residual,f1,0.0900867638914528,0.9779559118236472,-0.8878691479321944,0.907882591840502,SUCCESS,42
E5_DT60_PD00_SEED42,60,0.0,29.5,56.049999999995634,anomaly_detection,lstm_autoencoder,lstm_autoencoder,residual,false_positive_rate,0.9834397446129288,0.00219473264166,0.9812450119712688,447.09090909090907,SUCCESS,42
E5_DT60_PD00_SEED42,60,0.0,29.5,56.049999999995634,anomaly_detection,lstm_autoencoder,lstm_autoencoder,residual,pr_auc,0.1133535802505759,1.0,-0.886646419749424,0.886646419749424,SUCCESS,42
E5_DT60_PD00_SEED42,60,0.0,29.5,56.049999999995634,anomaly_detection,lstm_autoencoder,lstm_autoencoder,residual,roc_auc,0.5907510499391624,1.0,-0.4092489500608376,0.4092489500608376,SUCCESS,42
E5_DT60_PD00_SEED42,60,0.0,29.5,56.049999999995634,anomaly_detection,lstm_autoencoder,lstm_autoencoder,residual,detection_latency,0.0,0.0,0.0,0.0,SUCCESS,42
E5_DT60_PD00_SEED42,60,0.0,29.5,56.049999999995634,anomaly_detection,lstm_autoencoder,lstm_autoencoder,residual,threshold,0.0003816792741417,0.0003816792741417,0.0,0.0,SUCCESS,42
E5_DT60_PD05_SEED42,60,0.05,29.51081621004566,57.0,load_estimation,persistence,,raw,mae,2.491795322757152,0.4591450760399007,2.032650246717252,4.427032658715935,SUCCESS,42
E5_DT60_PD05_SEED42,60,0.05,29.51081621004566,57.0,load_estimation,persistence,,raw,rmse,3.178334812551044,0.630307824152761,2.548026988398284,4.042512072293022,SUCCESS,42
E5_DT60_PD05_SEED42,60,0.05,29.51081621004566,57.0,load_estimation,persistence,,raw,mape,83.36288336429833,14.73210135971861,68.63078200457971,4.6585874159292775,SUCCESS,42
E5_DT60_PD05_SEED42,60,0.05,29.51081621004566,57.0,load_estimation,persistence,,raw,r2,-0.8652621319569562,0.9266422537549912,-1.7919043857119474,-1.9337607134260208,SUCCESS,42
E5_DT60_PD05_SEED42,60,0.05,29.51081621004566,57.0,load_estimation,xgboost,,raw,mae,1.8464313214772368,0.2734339335193372,1.5729973879578996,5.752751195552168,SUCCESS,42
E5_DT60_PD05_SEED42,60,0.05,29.51081621004566,57.0,load_estimation,xgboost,,raw,rmse,2.4204671976738164,0.4129930382953352,2.0074741593784813,4.860794185937143,SUCCESS,42
E5_DT60_PD05_SEED42,60,0.05,29.51081621004566,57.0,load_estimation,xgboost,,raw,mape,62.74507357541742,9.063484965162122,53.6815886102553,5.922841910875844,SUCCESS,42
E5_DT60_PD05_SEED42,60,0.05,29.51081621004566,57.0,load_estimation,xgboost,,raw,r2,-0.0817800965357304,0.9685061288962542,-1.050286225431985,-1.0844394207695207,SUCCESS,42
E5_DT60_PD05_SEED42,60,0.05,29.51081621004566,57.0,load_estimation,lstm,,raw,mae,1.8279185642732296,0.2759301433503092,1.5519884209229209,5.624570052691133,SUCCESS,42
E5_DT60_PD05_SEED42,60,0.05,29.51081621004566,57.0,load_estimation,lstm,,raw,rmse,2.31457808065666,0.4230368621902369,1.8915412184664224,4.471338995550249,SUCCESS,42
E5_DT60_PD05_SEED42,60,0.05,29.51081621004566,57.0,load_estimation,lstm,,raw,mape,60.113276753312896,8.95040488214452,51.16287187116838,5.716263403148947,SUCCESS,42
E5_DT60_PD05_SEED42,60,0.05,29.51081621004566,57.0,load_estimation,lstm,,raw,r2,0.0134943241851946,0.9670456810550092,-0.9535513568698144,-0.9860458254976404,SUCCESS,42
E5_DT60_PD05_SEED42,60,0.05,29.51081621004566,57.0,anomaly_detection,isolation_forest,isolation_forest,raw,precision,0.1164658634538152,0.1164658634538152,0.0,0.0,SUCCESS,42
E5_DT60_PD05_SEED42,60,0.05,29.51081621004566,57.0,anomaly_detection,isolation_forest,isolation_forest,raw,recall,0.1188524590163934,0.1188524590163934,0.0,0.0,SUCCESS,42
E5_DT60_PD05_SEED42,60,0.05,29.51081621004566,57.0,anomaly_detection,isolation_forest,isolation_forest,raw,f1,0.1176470588235294,0.1176470588235294,0.0,0.0,SUCCESS,42
E5_DT60_PD05_SEED42,60,0.05,29.51081621004566,57.0,anomaly_detection,isolation_forest,isolation_forest,raw,false_positive_rate,0.0438946528332003,0.0438946528332003,0.0,0.0,SUCCESS,42
E5_DT60_PD05_SEED42,60,0.05,29.51081621004566,57.0,anomaly_detection,isolation_forest,isolation_forest,raw,pr_auc,0.09385708598261,0.09385708598261,0.0,0.0,SUCCESS,42
E5_DT60_PD05_SEED42,60,0.05,29.51081621004566,57.0,anomaly_detection,isolation_forest,isolation_forest,raw,roc_auc,0.7138596875695052,0.7138596875695052,0.0,0.0,SUCCESS,42
E5_DT60_PD05_SEED42,60,0.05,29.51081621004566,57.0,anomaly_detection,isolation_forest,isolation_forest,raw,detection_latency,3.2459016393442623,3.2459016393442623,0.0,0.0,SUCCESS,42
E5_DT60_PD05_SEED42,60,0.05,29.51081621004566,57.0,anomaly_detection,isolation_forest,isolation_forest,raw,threshold,0.5031683371451802,0.5031683371451802,0.0,0.0,SUCCESS,42
E5_DT60_PD05_SEED42,60,0.05,29.51081621004566,57.0,anomaly_detection,isolation_forest,isolation_forest,residual,precision,0.0464231354642313,0.0464231354642313,0.0,0.0,SUCCESS,42
E5_DT60_PD05_SEED42,60,0.05,29.51081621004566,57.0,anomaly_detection,isolation_forest,isolation_forest,residual,recall,1.0,1.0,0.0,0.0,SUCCESS,42
E5_DT60_PD05_SEED42,60,0.05,29.51081621004566,57.0,anomaly_detection,isolation_forest,isolation_forest,residual,f1,0.0887272727272727,0.0887272727272727,0.0,0.0,SUCCESS,42
E5_DT60_PD05_SEED42,60,0.05,29.51081621004566,57.0,anomaly_detection,isolation_forest,isolation_forest,residual,false_positive_rate,1.0,1.0,0.0,0.0,SUCCESS,42
E5_DT60_PD05_SEED42,60,0.05,29.51081621004566,57.0,anomaly_detection,isolation_forest,isolation_forest,residual,pr_auc,0.0430751684942996,1.0,-0.9569248315057004,0.9569248315057004,SUCCESS,42
E5_DT60_PD05_SEED42,60,0.05,29.51081621004566,57.0,anomaly_detection,isolation_forest,isolation_forest,residual,roc_auc,0.4966036430599349,1.0,-0.503396356940065,0.503396356940065,SUCCESS,42
E5_DT60_PD05_SEED42,60,0.05,29.51081621004566,57.0,anomaly_detection,isolation_forest,isolation_forest,residual,detection_latency,0.0,0.0,0.0,0.0,SUCCESS,42
E5_DT60_PD05_SEED42,60,0.05,29.51081621004566,57.0,anomaly_detection,isolation_forest,isolation_forest,residual,threshold,0.2937656541960819,0.2937656541960819,0.0,0.0,SUCCESS,42
E5_DT60_PD05_SEED42,60,0.05,29.51081621004566,57.0,anomaly_detection,lstm_autoencoder,lstm_autoencoder,raw,precision,0.4982578397212543,0.4982578397212543,0.0,0.0,SUCCESS,42
E5_DT60_PD05_SEED42,60,0.05,29.51081621004566,57.0,anomaly_detection,lstm_autoencoder,lstm_autoencoder,raw,recall,0.5860655737704918,0.5860655737704918,0.0,0.0,SUCCESS,42
E5_DT60_PD05_SEED42,60,0.05,29.51081621004566,57.0,anomaly_detection,lstm_autoencoder,lstm_autoencoder,raw,f1,0.5386064030131827,0.5386064030131827,0.0,0.0,SUCCESS,42
E5_DT60_PD05_SEED42,60,0.05,29.51081621004566,57.0,anomaly_detection,lstm_autoencoder,lstm_autoencoder,raw,false_positive_rate,0.028731045490822,0.028731045490822,0.0,0.0,SUCCESS,42
E5_DT60_PD05_SEED42,60,0.05,29.51081621004566,57.0,anomaly_detection,lstm_autoencoder,lstm_autoencoder,raw,pr_auc,0.561001698584242,0.561001698584242,0.0,0.0,SUCCESS,42
E5_DT60_PD05_SEED42,60,0.05,29.51081621004566,57.0,anomaly_detection,lstm_autoencoder,lstm_autoencoder,raw,roc_auc,0.9493396177043946,0.9493396177043946,0.0,0.0,SUCCESS,42
E5_DT60_PD05_SEED42,60,0.05,29.51081621004566,57.0,anomaly_detection,lstm_autoencoder,lstm_autoencoder,raw,detection_latency,1.3442622950819672,1.3442622950819672,0.0,0.0,SUCCESS,42
E5_DT60_PD05_SEED42,60,0.05,29.51081621004566,57.0,anomaly_detection,lstm_autoencoder,lstm_autoencoder,raw,threshold,0.0007370078528765,0.0007370078528765,0.0,0.0,SUCCESS,42
E5_DT60_PD05_SEED42,60,0.05,29.51081621004566,57.0,anomaly_detection,lstm_autoencoder,lstm_autoencoder,residual,precision,0.0471497584541062,0.9568627450980391,-0.909712986643933,0.9507246376811594,SUCCESS,42
E5_DT60_PD05_SEED42,60,0.05,29.51081621004566,57.0,anomaly_detection,lstm_autoencoder,lstm_autoencoder,residual,recall,1.0,1.0,0.0,0.0,SUCCESS,42
E5_DT60_PD05_SEED42,60,0.05,29.51081621004566,57.0,anomaly_detection,lstm_autoencoder,lstm_autoencoder,residual,f1,0.090053515408747,0.9779559118236472,-0.8879023964149003,0.9079165897767116,SUCCESS,42
E5_DT60_PD05_SEED42,60,0.05,29.51081621004566,57.0,anomaly_detection,lstm_autoencoder,lstm_autoencoder,residual,false_positive_rate,0.9838387869114126,0.00219473264166,0.9816440542697524,447.27272727272725,SUCCESS,42
E5_DT60_PD05_SEED42,60,0.05,29.51081621004566,57.0,anomaly_detection,lstm_autoencoder,lstm_autoencoder,residual,pr_auc,0.0932444396470114,1.0,-0.9067555603529888,0.9067555603529888,SUCCESS,42
E5_DT60_PD05_SEED42,60,0.05,29.51081621004566,57.0,anomaly_detection,lstm_autoencoder,lstm_autoencoder,residual,roc_auc,0.5525762759541035,1.0,-0.4474237240458965,0.4474237240458965,SUCCESS,42
E5_DT60_PD05_SEED42,60,0.05,29.51081621004566,57.0,anomaly_detection,lstm_autoencoder,lstm_autoencoder,residual,detection_latency,0.0,0.0,0.0,0.0,SUCCESS,42
E5_DT60_PD05_SEED42,60,0.05,29.51081621004566,57.0,anomaly_detection,lstm_autoencoder,lstm_autoencoder,residual,threshold,0.0003816792741417,0.0003816792741417,0.0,0.0,SUCCESS,42
E5_DT60_PD10_SEED42,60,0.1,29.55236872146119,57.0,load_estimation,persistence,,raw,mae,2.5017248652932125,0.4591450760399007,2.042579789253312,4.448658813616042,SUCCESS,42
E5_DT60_PD10_SEED42,60,0.1,29.55236872146119,57.0,load_estimation,persistence,,raw,rmse,3.219766782943409,0.630307824152761,2.589458958790648,4.108244986917803,SUCCESS,42
E5_DT60_PD10_SEED42,60,0.1,29.55236872146119,57.0,load_estimation,persistence,,raw,mape,83.31273650298479,14.73210135971861,68.58063514326618,4.655183498179251,SUCCESS,42
E5_DT60_PD10_SEED42,60,0.1,29.55236872146119,57.0,load_estimation,persistence,,raw,r2,-0.9142092699909984,0.9266422537549912,-1.8408515237459893,-1.9865827575705608,SUCCESS,42
E5_DT60_PD10_SEED42,60,0.1,29.55236872146119,57.0,load_estimation,xgboost,,raw,mae,1.870147572804804,0.2734339335193372,1.5967136392854666,5.8394860459868525,SUCCESS,42
E5_DT60_PD10_SEED42,60,0.1,29.55236872146119,57.0,load_estimation,xgboost,,raw,rmse,2.45159340841092,0.4129930382953352,2.0386003701155846,4.9361615840549895,SUCCESS,42
E5_DT60_PD10_SEED42,60,0.1,29.55236872146119,57.0,load_estimation,xgboost,,raw,mape,62.489908101204335,9.063484965162122,53.42642313604222,5.894688780463659,SUCCESS,42
E5_DT60_PD10_SEED42,60,0.1,29.55236872146119,57.0,load_estimation,xgboost,,raw,r2,-0.1097814819541542,0.9685061288962542,-1.0782876108504085,-1.1133513549152914,SUCCESS,42
E5_DT60_PD10_SEED42,60,0.1,29.55236872146119,57.0,load_estimation,lstm,,raw,mae,1.8208706416296452,0.2759301433503092,1.5449404982793362,5.5990276362011855,SUCCESS,42
E5_DT60_PD10_SEED42,60,0.1,29.55236872146119,57.0,load_estimation,lstm,,raw,rmse,2.3056942608880813,0.4230368621902369,1.8826573986978443,4.450338887610285,SUCCESS,42
E5_DT60_PD10_SEED42,60,0.1,29.55236872146119,57.0,load_estimation,lstm,,raw,mape,58.62408928672285,8.95040488214452,49.67368440457833,5.549881268910429,SUCCESS,42
E5_DT60_PD10_SEED42,60,0.1,29.55236872146119,57.0,load_estimation,lstm,,raw,r2,0.0210526086184624,0.9670456810550092,-0.9459930724365468,-0.9782299750354142,SUCCESS,42
E5_DT60_PD10_SEED42,60,0.1,29.55236872146119,57.0,anomaly_detection,isolation_forest,isolation_forest,raw,precision,0.1164658634538152,0.1164658634538152,0.0,0.0,SUCCESS,42
E5_DT60_PD10_SEED42,60,0.1,29.55236872146119,57.0,anomaly_detection,isolation_forest,isolation_forest,raw,recall,0.1188524590163934,0.1188524590163934,0.0,0.0,SUCCESS,42
E5_DT60_PD10_SEED42,60,0.1,29.55236872146119,57.0,anomaly_detection,isolation_forest,isolation_forest,raw,f1,0.1176470588235294,0.1176470588235294,0.0,0.0,SUCCESS,42
E5_DT60_PD10_SEED42,60,0.1,29.55236872146119,57.0,anomaly_detection,isolation_forest,isolation_forest,raw,false_positive_rate,0.0438946528332003,0.0438946528332003,0.0,0.0,SUCCESS,42
E5_DT60_PD10_SEED42,60,0.1,29.55236872146119,57.0,anomaly_detection,isolation_forest,isolation_forest,raw,pr_auc,0.09385708598261,0.09385708598261,0.0,0.0,SUCCESS,42
E5_DT60_PD10_SEED42,60,0.1,29.55236872146119,57.0,anomaly_detection,isolation_forest,isolation_forest,raw,roc_auc,0.7138596875695052,0.7138596875695052,0.0,0.0,SUCCESS,42
E5_DT60_PD10_SEED42,60,0.1,29.55236872146119,57.0,anomaly_detection,isolation_forest,isolation_forest,raw,detection_latency,3.2459016393442623,3.2459016393442623,0.0,0.0,SUCCESS,42
E5_DT60_PD10_SEED42,60,0.1,29.55236872146119,57.0,anomaly_detection,isolation_forest,isolation_forest,raw,threshold,0.5031683371451802,0.5031683371451802,0.0,0.0,SUCCESS,42
E5_DT60_PD10_SEED42,60,0.1,29.55236872146119,57.0,anomaly_detection,isolation_forest,isolation_forest,residual,precision,0.0464231354642313,0.0464231354642313,0.0,0.0,SUCCESS,42
E5_DT60_PD10_SEED42,60,0.1,29.55236872146119,57.0,anomaly_detection,isolation_forest,isolation_forest,residual,recall,1.0,1.0,0.0,0.0,SUCCESS,42
E5_DT60_PD10_SEED42,60,0.1,29.55236872146119,57.0,anomaly_detection,isolation_forest,isolation_forest,residual,f1,0.0887272727272727,0.0887272727272727,0.0,0.0,SUCCESS,42
E5_DT60_PD10_SEED42,60,0.1,29.55236872146119,57.0,anomaly_detection,isolation_forest,isolation_forest,residual,false_positive_rate,1.0,1.0,0.0,0.0,SUCCESS,42
E5_DT60_PD10_SEED42,60,0.1,29.55236872146119,57.0,anomaly_detection,isolation_forest,isolation_forest,residual,pr_auc,0.0450865301133653,1.0,-0.9549134698866346,0.9549134698866346,SUCCESS,42
E5_DT60_PD10_SEED42,60,0.1,29.55236872146119,57.0,anomaly_detection,isolation_forest,isolation_forest,residual,roc_auc,0.4876035220389099,1.0,-0.5123964779610901,0.5123964779610901,SUCCESS,42
E5_DT60_PD10_SEED42,60,0.1,29.55236872146119,57.0,anomaly_detection,isolation_forest,isolation_forest,residual,detection_latency,0.0,0.0,0.0,0.0,SUCCESS,42
E5_DT60_PD10_SEED42,60,0.1,29.55236872146119,57.0,anomaly_detection,isolation_forest,isolation_forest,residual,threshold,0.2937656541960819,0.2937656541960819,0.0,0.0,SUCCESS,42
E5_DT60_PD10_SEED42,60,0.1,29.55236872146119,57.0,anomaly_detection,lstm_autoencoder,lstm_autoencoder,raw,precision,0.4982578397212543,0.4982578397212543,0.0,0.0,SUCCESS,42
E5_DT60_PD10_SEED42,60,0.1,29.55236872146119,57.0,anomaly_detection,lstm_autoencoder,lstm_autoencoder,raw,recall,0.5860655737704918,0.5860655737704918,0.0,0.0,SUCCESS,42
E5_DT60_PD10_SEED42,60,0.1,29.55236872146119,57.0,anomaly_detection,lstm_autoencoder,lstm_autoencoder,raw,f1,0.5386064030131827,0.5386064030131827,0.0,0.0,SUCCESS,42
E5_DT60_PD10_SEED42,60,0.1,29.55236872146119,57.0,anomaly_detection,lstm_autoencoder,lstm_autoencoder,raw,false_positive_rate,0.028731045490822,0.028731045490822,0.0,0.0,SUCCESS,42
E5_DT60_PD10_SEED42,60,0.1,29.55236872146119,57.0,anomaly_detection,lstm_autoencoder,lstm_autoencoder,raw,pr_auc,0.561001698584242,0.561001698584242,0.0,0.0,SUCCESS,42
E5_DT60_PD10_SEED42,60,0.1,29.55236872146119,57.0,anomaly_detection,lstm_autoencoder,lstm_autoencoder,raw,roc_auc,0.9493396177043946,0.9493396177043946,0.0,0.0,SUCCESS,42
E5_DT60_PD10_SEED42,60,0.1,29.55236872146119,57.0,anomaly_detection,lstm_autoencoder,lstm_autoencoder,raw,detection_latency,1.3442622950819672,1.3442622950819672,0.0,0.0,SUCCESS,42
E5_DT60_PD10_SEED42,60,0.1,29.55236872146119,57.0,anomaly_detection,lstm_autoencoder,lstm_autoencoder,raw,threshold,0.0007370078528765,0.0007370078528765,0.0,0.0,SUCCESS,42
E5_DT60_PD10_SEED42,60,0.1,29.55236872146119,57.0,anomaly_detection,lstm_autoencoder,lstm_autoencoder,residual,precision,0.0471588712794742,0.9568627450980391,-0.909703873818565,0.950715114031697,SUCCESS,42
E5_DT60_PD10_SEED42,60,0.1,29.55236872146119,57.0,anomaly_detection,lstm_autoencoder,lstm_autoencoder,residual,recall,1.0,1.0,0.0,0.0,SUCCESS,42
E5_DT60_PD10_SEED42,60,0.1,29.55236872146119,57.0,anomaly_detection,lstm_autoencoder,lstm_autoencoder,residual,f1,0.0900701365817644,0.9779559118236472,-0.8878857752418828,0.9078995939461056,SUCCESS,42
E5_DT60_PD10_SEED42,60,0.1,29.55236872146119,57.0,anomaly_detection,lstm_autoencoder,lstm_autoencoder,residual,false_positive_rate,0.9836392657621708,0.00219473264166,0.9814445331205108,447.1818181818182,SUCCESS,42
E5_DT60_PD10_SEED42,60,0.1,29.55236872146119,57.0,anomaly_detection,lstm_autoencoder,lstm_autoencoder,residual,pr_auc,0.1072243822078674,1.0,-0.8927756177921325,0.8927756177921325,SUCCESS,42
E5_DT60_PD10_SEED42,60,0.1,29.55236872146119,57.0,anomaly_detection,lstm_autoencoder,lstm_autoencoder,residual,roc_auc,0.5708439090445226,1.0,-0.4291560909554773,0.4291560909554773,SUCCESS,42
E5_DT60_PD10_SEED42,60,0.1,29.55236872146119,57.0,anomaly_detection,lstm_autoencoder,lstm_autoencoder,residual,detection_latency,0.0,0.0,0.0,0.0,SUCCESS,42
E5_DT60_PD10_SEED42,60,0.1,29.55236872146119,57.0,anomaly_detection,lstm_autoencoder,lstm_autoencoder,residual,threshold,0.0003816792741417,0.0003816792741417,0.0,0.0,SUCCESS,42
E5_DT60_PD20_SEED42,60,0.2,29.63301940639269,57.0,load_estimation,persistence,,raw,mae,2.485515618024896,0.4591450760399007,2.026370541984995,4.413355707660686,SUCCESS,42
E5_DT60_PD20_SEED42,60,0.2,29.63301940639269,57.0,load_estimation,persistence,,raw,rmse,3.195297926710075,0.630307824152761,2.564990102557314,4.069424500647901,SUCCESS,42
E5_DT60_PD20_SEED42,60,0.2,29.63301940639269,57.0,load_estimation,persistence,,raw,mape,81.88915365005585,14.73210135971861,67.15705229033723,4.558552147486716,SUCCESS,42
E5_DT60_PD20_SEED42,60,0.2,29.63301940639269,57.0,load_estimation,persistence,,raw,r2,-0.8852254719680637,0.9266422537549912,-1.8118677257230549,-1.955304453666886,SUCCESS,42
E5_DT60_PD20_SEED42,60,0.2,29.63301940639269,57.0,load_estimation,xgboost,,raw,mae,1.845787044075889,0.2734339335193372,1.5723531105565518,5.750394950323,SUCCESS,42
E5_DT60_PD20_SEED42,60,0.2,29.63301940639269,57.0,load_estimation,xgboost,,raw,rmse,2.4192138632429083,0.4129930382953352,2.0062208249475733,4.857759426716791,SUCCESS,42
E5_DT60_PD20_SEED42,60,0.2,29.63301940639269,57.0,load_estimation,xgboost,,raw,mape,61.62978628738309,9.063484965162122,52.566301322220966,5.799789101462992,SUCCESS,42
E5_DT60_PD20_SEED42,60,0.2,29.63301940639269,57.0,load_estimation,xgboost,,raw,r2,-0.0806600803559045,0.9685061288962542,-1.0491662092521588,-1.0832829839165063,SUCCESS,42
E5_DT60_PD20_SEED42,60,0.2,29.63301940639269,57.0,load_estimation,lstm,,raw,mae,1.8381977164219103,0.2759301433503092,1.5622675730716014,5.661822786386236,SUCCESS,42
E5_DT60_PD20_SEED42,60,0.2,29.63301940639269,57.0,load_estimation,lstm,,raw,rmse,2.326294906105611,0.4230368621902369,1.903258043915374,4.499035932853273,SUCCESS,42
E5_DT60_PD20_SEED42,60,0.2,29.63301940639269,57.0,load_estimation,lstm,,raw,mape,60.10556436273332,8.95040488214452,51.1551594805888,5.715401722512022,SUCCESS,42
E5_DT60_PD20_SEED42,60,0.2,29.63301940639269,57.0,load_estimation,lstm,,raw,r2,0.0034812932240578,0.9670456810550092,-0.9635643878309512,-0.9964000736549902,SUCCESS,42
E5_DT60_PD20_SEED42,60,0.2,29.63301940639269,57.0,anomaly_detection,isolation_forest,isolation_forest,raw,precision,0.1164658634538152,0.1164658634538152,0.0,0.0,SUCCESS,42
E5_DT60_PD20_SEED42,60,0.2,29.63301940639269,57.0,anomaly_detection,isolation_forest,isolation_forest,raw,recall,0.1188524590163934,0.1188524590163934,0.0,0.0,SUCCESS,42
E5_DT60_PD20_SEED42,60,0.2,29.63301940639269,57.0,anomaly_detection,isolation_forest,isolation_forest,raw,f1,0.1176470588235294,0.1176470588235294,0.0,0.0,SUCCESS,42
E5_DT60_PD20_SEED42,60,0.2,29.63301940639269,57.0,anomaly_detection,isolation_forest,isolation_forest,raw,false_positive_rate,0.0438946528332003,0.0438946528332003,0.0,0.0,SUCCESS,42
E5_DT60_PD20_SEED42,60,0.2,29.63301940639269,57.0,anomaly_detection,isolation_forest,isolation_forest,raw,pr_auc,0.09385708598261,0.09385708598261,0.0,0.0,SUCCESS,42
E5_DT60_PD20_SEED42,60,0.2,29.63301940639269,57.0,anomaly_detection,isolation_forest,isolation_forest,raw,roc_auc,0.7138596875695052,0.7138596875695052,0.0,0.0,SUCCESS,42
E5_DT60_PD20_SEED42,60,0.2,29.63301940639269,57.0,anomaly_detection,isolation_forest,isolation_forest,raw,detection_latency,3.2459016393442623,3.2459016393442623,0.0,0.0,SUCCESS,42
E5_DT60_PD20_SEED42,60,0.2,29.63301940639269,57.0,anomaly_detection,isolation_forest,isolation_forest,raw,threshold,0.5031683371451802,0.5031683371451802,0.0,0.0,SUCCESS,42
E5_DT60_PD20_SEED42,60,0.2,29.63301940639269,57.0,anomaly_detection,isolation_forest,isolation_forest,residual,precision,0.0464231354642313,0.0464231354642313,0.0,0.0,SUCCESS,42
E5_DT60_PD20_SEED42,60,0.2,29.63301940639269,57.0,anomaly_detection,isolation_forest,isolation_forest,residual,recall,1.0,1.0,0.0,0.0,SUCCESS,42
E5_DT60_PD20_SEED42,60,0.2,29.63301940639269,57.0,anomaly_detection,isolation_forest,isolation_forest,residual,f1,0.0887272727272727,0.0887272727272727,0.0,0.0,SUCCESS,42
E5_DT60_PD20_SEED42,60,0.2,29.63301940639269,57.0,anomaly_detection,isolation_forest,isolation_forest,residual,false_positive_rate,1.0,1.0,0.0,0.0,SUCCESS,42
E5_DT60_PD20_SEED42,60,0.2,29.63301940639269,57.0,anomaly_detection,isolation_forest,isolation_forest,residual,pr_auc,0.0389709732101137,1.0,-0.9610290267898862,0.9610290267898862,SUCCESS,42
E5_DT60_PD20_SEED42,60,0.2,29.63301940639269,57.0,anomaly_detection,isolation_forest,isolation_forest,residual,roc_auc,0.4482160846754673,1.0,-0.5517839153245326,0.5517839153245326,SUCCESS,42
E5_DT60_PD20_SEED42,60,0.2,29.63301940639269,57.0,anomaly_detection,isolation_forest,isolation_forest,residual,detection_latency,0.0,0.0,0.0,0.0,SUCCESS,42
E5_DT60_PD20_SEED42,60,0.2,29.63301940639269,57.0,anomaly_detection,isolation_forest,isolation_forest,residual,threshold,0.2937656541960819,0.2937656541960819,0.0,0.0,SUCCESS,42
E5_DT60_PD20_SEED42,60,0.2,29.63301940639269,57.0,anomaly_detection,lstm_autoencoder,lstm_autoencoder,raw,precision,0.4982578397212543,0.4982578397212543,0.0,0.0,SUCCESS,42
E5_DT60_PD20_SEED42,60,0.2,29.63301940639269,57.0,anomaly_detection,lstm_autoencoder,lstm_autoencoder,raw,recall,0.5860655737704918,0.5860655737704918,0.0,0.0,SUCCESS,42
E5_DT60_PD20_SEED42,60,0.2,29.63301940639269,57.0,anomaly_detection,lstm_autoencoder,lstm_autoencoder,raw,f1,0.5386064030131827,0.5386064030131827,0.0,0.0,SUCCESS,42
E5_DT60_PD20_SEED42,60,0.2,29.63301940639269,57.0,anomaly_detection,lstm_autoencoder,lstm_autoencoder,raw,false_positive_rate,0.028731045490822,0.028731045490822,0.0,0.0,SUCCESS,42
E5_DT60_PD20_SEED42,60,0.2,29.63301940639269,57.0,anomaly_detection,lstm_autoencoder,lstm_autoencoder,raw,pr_auc,0.561001698584242,0.561001698584242,0.0,0.0,SUCCESS,42
E5_DT60_PD20_SEED42,60,0.2,29.63301940639269,57.0,anomaly_detection,lstm_autoencoder,lstm_autoencoder,raw,roc_auc,0.9493396177043946,0.9493396177043946,0.0,0.0,SUCCESS,42
E5_DT60_PD20_SEED42,60,0.2,29.63301940639269,57.0,anomaly_detection,lstm_autoencoder,lstm_autoencoder,raw,detection_latency,1.3442622950819672,1.3442622950819672,0.0,0.0,SUCCESS,42
E5_DT60_PD20_SEED42,60,0.2,29.63301940639269,57.0,anomaly_detection,lstm_autoencoder,lstm_autoencoder,raw,threshold,0.0007370078528765,0.0007370078528765,0.0,0.0,SUCCESS,42
E5_DT60_PD20_SEED42,60,0.2,29.63301940639269,57.0,anomaly_detection,lstm_autoencoder,lstm_autoencoder,residual,precision,0.0471133423440818,0.9568627450980391,-0.9097494027539574,0.950762695501062,SUCCESS,42
E5_DT60_PD20_SEED42,60,0.2,29.63301940639269,57.0,anomaly_detection,lstm_autoencoder,lstm_autoencoder,residual,recall,1.0,1.0,0.0,0.0,SUCCESS,42
E5_DT60_PD20_SEED42,60,0.2,29.63301940639269,57.0,anomaly_detection,lstm_autoencoder,lstm_autoencoder,residual,f1,0.0899870920154895,0.9779559118236472,-0.8879688198081577,0.9079845104185876,SUCCESS,42
E5_DT60_PD20_SEED42,60,0.2,29.63301940639269,57.0,anomaly_detection,lstm_autoencoder,lstm_autoencoder,residual,false_positive_rate,0.98463687150838,0.00219473264166,0.9824421388667198,447.6363636363636,SUCCESS,42
E5_DT60_PD20_SEED42,60,0.2,29.63301940639269,57.0,anomaly_detection,lstm_autoencoder,lstm_autoencoder,residual,pr_auc,0.0821625914775419,1.0,-0.917837408522458,0.917837408522458,SUCCESS,42
E5_DT60_PD20_SEED42,60,0.2,29.63301940639269,57.0,anomaly_detection,lstm_autoencoder,lstm_autoencoder,residual,roc_auc,0.5312667630473747,1.0,-0.4687332369526252,0.4687332369526252,SUCCESS,42
E5_DT60_PD20_SEED42,60,0.2,29.63301940639269,57.0,anomaly_detection,lstm_autoencoder,lstm_autoencoder,residual,detection_latency,0.0,0.0,0.0,0.0,SUCCESS,42
E5_DT60_PD20_SEED42,60,0.2,29.63301940639269,57.0,anomaly_detection,lstm_autoencoder,lstm_autoencoder,residual,threshold,0.0003816792741417,0.0003816792741417,0.0,0.0,SUCCESS,42
E5_DT300_PD00_SEED42,300,0.0,149.2945205479452,284.0,load_estimation,persistence,,raw,mae,2.509638156339277,0.4591450760399007,2.0504930802993764,4.465893651707558,SUCCESS,42
E5_DT300_PD00_SEED42,300,0.0,149.2945205479452,284.0,load_estimation,persistence,,raw,rmse,3.193901162791038,0.630307824152761,2.563593338638277,4.06720849782275,SUCCESS,42
E5_DT300_PD00_SEED42,300,0.0,149.2945205479452,284.0,load_estimation,persistence,,raw,mape,81.12563902637784,14.73210135971861,66.39353766665923,4.506725554318843,SUCCESS,42
E5_DT300_PD00_SEED42,300,0.0,149.2945205479452,284.0,load_estimation,persistence,,raw,r2,-0.8835776510456419,0.9266422537549912,-1.810219904800633,-1.953526182801572,SUCCESS,42
E5_DT300_PD00_SEED42,300,0.0,149.2945205479452,284.0,load_estimation,xgboost,,raw,mae,1.875236407874926,0.2734339335193372,1.6018024743555888,5.858096885558314,SUCCESS,42
E5_DT300_PD00_SEED42,300,0.0,149.2945205479452,284.0,load_estimation,xgboost,,raw,rmse,2.4261618372736087,0.4129930382953352,2.0131687989782736,4.874582891972716,SUCCESS,42
E5_DT300_PD00_SEED42,300,0.0,149.2945205479452,284.0,load_estimation,xgboost,,raw,mape,61.69410288075269,9.063484965162122,52.63061791559056,5.806885333609547,SUCCESS,42
E5_DT300_PD00_SEED42,300,0.0,149.2945205479452,284.0,load_estimation,xgboost,,raw,r2,-0.0868762982237416,0.9685061288962542,-1.055382427119996,-1.0897013406851117,SUCCESS,42
E5_DT300_PD00_SEED42,300,0.0,149.2945205479452,284.0,load_estimation,lstm,,raw,mae,1.8779743341239623,0.2759301433503092,1.6020441907736531,5.805977452560396,SUCCESS,42
E5_DT300_PD00_SEED42,300,0.0,149.2945205479452,284.0,load_estimation,lstm,,raw,rmse,2.3494852710208862,0.4230368621902369,1.9264484088306493,4.553854713408729,SUCCESS,42
E5_DT300_PD00_SEED42,300,0.0,149.2945205479452,284.0,load_estimation,lstm,,raw,mape,62.29242940740781,8.95040488214452,53.34202452526329,5.959733132484005,SUCCESS,42
E5_DT300_PD00_SEED42,300,0.0,149.2945205479452,284.0,load_estimation,lstm,,raw,r2,-0.0164859259169762,0.9670456810550092,-0.9835316069719856,-1.0170477219845404,SUCCESS,42
E5_DT300_PD00_SEED42,300,0.0,149.2945205479452,284.0,anomaly_detection,isolation_forest,isolation_forest,raw,precision,0.1164658634538152,0.1164658634538152,0.0,0.0,SUCCESS,42
E5_DT300_PD00_SEED42,300,0.0,149.2945205479452,284.0,anomaly_detection,isolation_forest,isolation_forest,raw,recall,0.1188524590163934,0.1188524590163934,0.0,0.0,SUCCESS,42
E5_DT300_PD00_SEED42,300,0.0,149.2945205479452,284.0,anomaly_detection,isolation_forest,isolation_forest,raw,f1,0.1176470588235294,0.1176470588235294,0.0,0.0,SUCCESS,42
E5_DT300_PD00_SEED42,300,0.0,149.2945205479452,284.0,anomaly_detection,isolation_forest,isolation_forest,raw,false_positive_rate,0.0438946528332003,0.0438946528332003,0.0,0.0,SUCCESS,42
E5_DT300_PD00_SEED42,300,0.0,149.2945205479452,284.0,anomaly_detection,isolation_forest,isolation_forest,raw,pr_auc,0.09385708598261,0.09385708598261,0.0,0.0,SUCCESS,42
E5_DT300_PD00_SEED42,300,0.0,149.2945205479452,284.0,anomaly_detection,isolation_forest,isolation_forest,raw,roc_auc,0.7138596875695052,0.7138596875695052,0.0,0.0,SUCCESS,42
E5_DT300_PD00_SEED42,300,0.0,149.2945205479452,284.0,anomaly_detection,isolation_forest,isolation_forest,raw,detection_latency,3.2459016393442623,3.2459016393442623,0.0,0.0,SUCCESS,42
E5_DT300_PD00_SEED42,300,0.0,149.2945205479452,284.0,anomaly_detection,isolation_forest,isolation_forest,raw,threshold,0.5031683371451802,0.5031683371451802,0.0,0.0,SUCCESS,42
E5_DT300_PD00_SEED42,300,0.0,149.2945205479452,284.0,anomaly_detection,isolation_forest,isolation_forest,residual,precision,0.0464231354642313,0.0464231354642313,0.0,0.0,SUCCESS,42
E5_DT300_PD00_SEED42,300,0.0,149.2945205479452,284.0,anomaly_detection,isolation_forest,isolation_forest,residual,recall,1.0,1.0,0.0,0.0,SUCCESS,42
E5_DT300_PD00_SEED42,300,0.0,149.2945205479452,284.0,anomaly_detection,isolation_forest,isolation_forest,residual,f1,0.0887272727272727,0.0887272727272727,0.0,0.0,SUCCESS,42
E5_DT300_PD00_SEED42,300,0.0,149.2945205479452,284.0,anomaly_detection,isolation_forest,isolation_forest,residual,false_positive_rate,1.0,1.0,0.0,0.0,SUCCESS,42
E5_DT300_PD00_SEED42,300,0.0,149.2945205479452,284.0,anomaly_detection,isolation_forest,isolation_forest,residual,pr_auc,0.0511658406769615,1.0,-0.9488341593230384,0.9488341593230384,SUCCESS,42
E5_DT300_PD00_SEED42,300,0.0,149.2945205479452,284.0,anomaly_detection,isolation_forest,isolation_forest,residual,roc_auc,0.5534487721272224,1.0,-0.4465512278727775,0.4465512278727775,SUCCESS,42
E5_DT300_PD00_SEED42,300,0.0,149.2945205479452,284.0,anomaly_detection,isolation_forest,isolation_forest,residual,detection_latency,0.0,0.0,0.0,0.0,SUCCESS,42
E5_DT300_PD00_SEED42,300,0.0,149.2945205479452,284.0,anomaly_detection,isolation_forest,isolation_forest,residual,threshold,0.2937656541960819,0.2937656541960819,0.0,0.0,SUCCESS,42
E5_DT300_PD00_SEED42,300,0.0,149.2945205479452,284.0,anomaly_detection,lstm_autoencoder,lstm_autoencoder,raw,precision,0.4982578397212543,0.4982578397212543,0.0,0.0,SUCCESS,42
E5_DT300_PD00_SEED42,300,0.0,149.2945205479452,284.0,anomaly_detection,lstm_autoencoder,lstm_autoencoder,raw,recall,0.5860655737704918,0.5860655737704918,0.0,0.0,SUCCESS,42
E5_DT300_PD00_SEED42,300,0.0,149.2945205479452,284.0,anomaly_detection,lstm_autoencoder,lstm_autoencoder,raw,f1,0.5386064030131827,0.5386064030131827,0.0,0.0,SUCCESS,42
E5_DT300_PD00_SEED42,300,0.0,149.2945205479452,284.0,anomaly_detection,lstm_autoencoder,lstm_autoencoder,raw,false_positive_rate,0.028731045490822,0.028731045490822,0.0,0.0,SUCCESS,42
E5_DT300_PD00_SEED42,300,0.0,149.2945205479452,284.0,anomaly_detection,lstm_autoencoder,lstm_autoencoder,raw,pr_auc,0.561001698584242,0.561001698584242,0.0,0.0,SUCCESS,42
E5_DT300_PD00_SEED42,300,0.0,149.2945205479452,284.0,anomaly_detection,lstm_autoencoder,lstm_autoencoder,raw,roc_auc,0.9493396177043946,0.9493396177043946,0.0,0.0,SUCCESS,42
E5_DT300_PD00_SEED42,300,0.0,149.2945205479452,284.0,anomaly_detection,lstm_autoencoder,lstm_autoencoder,raw,detection_latency,1.3442622950819672,1.3442622950819672,0.0,0.0,SUCCESS,42
E5_DT300_PD00_SEED42,300,0.0,149.2945205479452,284.0,anomaly_detection,lstm_autoencoder,lstm_autoencoder,raw,threshold,0.0007370078528765,0.0007370078528765,0.0,0.0,SUCCESS,42
E5_DT300_PD00_SEED42,300,0.0,149.2945205479452,284.0,anomaly_detection,lstm_autoencoder,lstm_autoencoder,residual,precision,0.04657377362092,0.9568627450980391,-0.9102889714771192,0.9513265890437106,SUCCESS,42
E5_DT300_PD00_SEED42,300,0.0,149.2945205479452,284.0,anomaly_detection,lstm_autoencoder,lstm_autoencoder,residual,recall,1.0,1.0,0.0,0.0,SUCCESS,42
E5_DT300_PD00_SEED42,300,0.0,149.2945205479452,284.0,anomaly_detection,lstm_autoencoder,lstm_autoencoder,residual,f1,0.0890023709648002,0.9779559118236472,-0.8889535408588469,0.9089914280503374,SUCCESS,42
E5_DT300_PD00_SEED42,300,0.0,149.2945205479452,284.0,anomaly_detection,lstm_autoencoder,lstm_autoencoder,residual,false_positive_rate,0.996608140462889,0.00219473264166,0.994413407821229,453.09090909090907,SUCCESS,42
E5_DT300_PD00_SEED42,300,0.0,149.2945205479452,284.0,anomaly_detection,lstm_autoencoder,lstm_autoencoder,residual,pr_auc,0.095652044074024,1.0,-0.904347955925976,0.904347955925976,SUCCESS,42
E5_DT300_PD00_SEED42,300,0.0,149.2945205479452,284.0,anomaly_detection,lstm_autoencoder,lstm_autoencoder,residual,roc_auc,0.6196063872934466,1.0,-0.3803936127065533,0.3803936127065533,SUCCESS,42
E5_DT300_PD00_SEED42,300,0.0,149.2945205479452,284.0,anomaly_detection,lstm_autoencoder,lstm_autoencoder,residual,detection_latency,0.0,0.0,0.0,0.0,SUCCESS,42
E5_DT300_PD00_SEED42,300,0.0,149.2945205479452,284.0,anomaly_detection,lstm_autoencoder,lstm_autoencoder,residual,threshold,0.0003816792741417,0.0003816792741417,0.0,0.0,SUCCESS,42
E5_DT300_PD05_SEED42,300,0.05,149.30165525114154,284.0,load_estimation,persistence,,raw,mae,2.44760069790859,0.4591450760399007,1.9884556218686893,4.330778496023528,SUCCESS,42
E5_DT300_PD05_SEED42,300,0.05,149.30165525114154,284.0,load_estimation,persistence,,raw,rmse,3.1684142497614,0.630307824152761,2.538106425608639,4.026772837573891,SUCCESS,42
E5_DT300_PD05_SEED42,300,0.05,149.30165525114154,284.0,load_estimation,persistence,,raw,mape,79.22532657950369,14.73210135971861,64.49322521978507,4.377734285492108,SUCCESS,42
E5_DT300_PD05_SEED42,300,0.05,149.30165525114154,284.0,load_estimation,persistence,,raw,r2,-0.8536361880950674,0.9266422537549912,-1.7802784418500583,-1.9212144003102765,SUCCESS,42
E5_DT300_PD05_SEED42,300,0.05,149.30165525114154,284.0,load_estimation,xgboost,,raw,mae,1.8834739923930783,0.2734339335193372,1.6100400588737414,5.888223301881729,SUCCESS,42
E5_DT300_PD05_SEED42,300,0.05,149.30165525114154,284.0,load_estimation,xgboost,,raw,rmse,2.4421369293292616,0.4129930382953352,2.0291438910339266,4.913264154304865,SUCCESS,42
E5_DT300_PD05_SEED42,300,0.05,149.30165525114154,284.0,load_estimation,xgboost,,raw,mape,61.05538802353855,9.063484965162122,51.99190305837642,5.736414112035373,SUCCESS,42
E5_DT300_PD05_SEED42,300,0.05,149.30165525114154,284.0,load_estimation,xgboost,,raw,r2,-0.1012365209619887,0.9685061288962542,-1.069742649858243,-1.1045285289803604,SUCCESS,42
E5_DT300_PD05_SEED42,300,0.05,149.30165525114154,284.0,load_estimation,lstm,,raw,mae,1.8241038770309352,0.2759301433503092,1.548173733680626,5.610745222986131,SUCCESS,42
E5_DT300_PD05_SEED42,300,0.05,149.30165525114154,284.0,load_estimation,lstm,,raw,rmse,2.279574647909198,0.4230368621902369,1.856537785718961,4.388595774152864,SUCCESS,42
E5_DT300_PD05_SEED42,300,0.05,149.30165525114154,284.0,load_estimation,lstm,,raw,mape,60.02009311561609,8.95040488214452,51.06968823347157,5.70585229449813,SUCCESS,42
E5_DT300_PD05_SEED42,300,0.05,149.30165525114154,284.0,load_estimation,lstm,,raw,r2,0.0431066134006444,0.9670456810550092,-0.9239390676543648,-0.9554244290159934,SUCCESS,42
E5_DT300_PD05_SEED42,300,0.05,149.30165525114154,284.0,anomaly_detection,isolation_forest,isolation_forest,raw,precision,0.1164658634538152,0.1164658634538152,0.0,0.0,SUCCESS,42
E5_DT300_PD05_SEED42,300,0.05,149.30165525114154,284.0,anomaly_detection,isolation_forest,isolation_forest,raw,recall,0.1188524590163934,0.1188524590163934,0.0,0.0,SUCCESS,42
E5_DT300_PD05_SEED42,300,0.05,149.30165525114154,284.0,anomaly_detection,isolation_forest,isolation_forest,raw,f1,0.1176470588235294,0.1176470588235294,0.0,0.0,SUCCESS,42
E5_DT300_PD05_SEED42,300,0.05,149.30165525114154,284.0,anomaly_detection,isolation_forest,isolation_forest,raw,false_positive_rate,0.0438946528332003,0.0438946528332003,0.0,0.0,SUCCESS,42
E5_DT300_PD05_SEED42,300,0.05,149.30165525114154,284.0,anomaly_detection,isolation_forest,isolation_forest,raw,pr_auc,0.09385708598261,0.09385708598261,0.0,0.0,SUCCESS,42
E5_DT300_PD05_SEED42,300,0.05,149.30165525114154,284.0,anomaly_detection,isolation_forest,isolation_forest,raw,roc_auc,0.7138596875695052,0.7138596875695052,0.0,0.0,SUCCESS,42
E5_DT300_PD05_SEED42,300,0.05,149.30165525114154,284.0,anomaly_detection,isolation_forest,isolation_forest,raw,detection_latency,3.2459016393442623,3.2459016393442623,0.0,0.0,SUCCESS,42
E5_DT300_PD05_SEED42,300,0.05,149.30165525114154,284.0,anomaly_detection,isolation_forest,isolation_forest,raw,threshold,0.5031683371451802,0.5031683371451802,0.0,0.0,SUCCESS,42
E5_DT300_PD05_SEED42,300,0.05,149.30165525114154,284.0,anomaly_detection,isolation_forest,isolation_forest,residual,precision,0.0464231354642313,0.0464231354642313,0.0,0.0,SUCCESS,42
E5_DT300_PD05_SEED42,300,0.05,149.30165525114154,284.0,anomaly_detection,isolation_forest,isolation_forest,residual,recall,1.0,1.0,0.0,0.0,SUCCESS,42
E5_DT300_PD05_SEED42,300,0.05,149.30165525114154,284.0,anomaly_detection,isolation_forest,isolation_forest,residual,f1,0.0887272727272727,0.0887272727272727,0.0,0.0,SUCCESS,42
E5_DT300_PD05_SEED42,300,0.05,149.30165525114154,284.0,anomaly_detection,isolation_forest,isolation_forest,residual,false_positive_rate,1.0,1.0,0.0,0.0,SUCCESS,42
E5_DT300_PD05_SEED42,300,0.05,149.30165525114154,284.0,anomaly_detection,isolation_forest,isolation_forest,residual,pr_auc,0.0461082167032119,1.0,-0.953891783296788,0.953891783296788,SUCCESS,42
E5_DT300_PD05_SEED42,300,0.05,149.30165525114154,284.0,anomaly_detection,isolation_forest,isolation_forest,residual,roc_auc,0.5173894129499038,1.0,-0.4826105870500962,0.4826105870500962,SUCCESS,42
E5_DT300_PD05_SEED42,300,0.05,149.30165525114154,284.0,anomaly_detection,isolation_forest,isolation_forest,residual,detection_latency,0.0,0.0,0.0,0.0,SUCCESS,42
E5_DT300_PD05_SEED42,300,0.05,149.30165525114154,284.0,anomaly_detection,isolation_forest,isolation_forest,residual,threshold,0.2937656541960819,0.2937656541960819,0.0,0.0,SUCCESS,42
E5_DT300_PD05_SEED42,300,0.05,149.30165525114154,284.0,anomaly_detection,lstm_autoencoder,lstm_autoencoder,raw,precision,0.4982578397212543,0.4982578397212543,0.0,0.0,SUCCESS,42
E5_DT300_PD05_SEED42,300,0.05,149.30165525114154,284.0,anomaly_detection,lstm_autoencoder,lstm_autoencoder,raw,recall,0.5860655737704918,0.5860655737704918,0.0,0.0,SUCCESS,42
E5_DT300_PD05_SEED42,300,0.05,149.30165525114154,284.0,anomaly_detection,lstm_autoencoder,lstm_autoencoder,raw,f1,0.5386064030131827,0.5386064030131827,0.0,0.0,SUCCESS,42
E5_DT300_PD05_SEED42,300,0.05,149.30165525114154,284.0,anomaly_detection,lstm_autoencoder,lstm_autoencoder,raw,false_positive_rate,0.028731045490822,0.028731045490822,0.0,0.0,SUCCESS,42
E5_DT300_PD05_SEED42,300,0.05,149.30165525114154,284.0,anomaly_detection,lstm_autoencoder,lstm_autoencoder,raw,pr_auc,0.561001698584242,0.561001698584242,0.0,0.0,SUCCESS,42
E5_DT300_PD05_SEED42,300,0.05,149.30165525114154,284.0,anomaly_detection,lstm_autoencoder,lstm_autoencoder,raw,roc_auc,0.9493396177043946,0.9493396177043946,0.0,0.0,SUCCESS,42
E5_DT300_PD05_SEED42,300,0.05,149.30165525114154,284.0,anomaly_detection,lstm_autoencoder,lstm_autoencoder,raw,detection_latency,1.3442622950819672,1.3442622950819672,0.0,0.0,SUCCESS,42
E5_DT300_PD05_SEED42,300,0.05,149.30165525114154,284.0,anomaly_detection,lstm_autoencoder,lstm_autoencoder,raw,threshold,0.0007370078528765,0.0007370078528765,0.0,0.0,SUCCESS,42
E5_DT300_PD05_SEED42,300,0.05,149.30165525114154,284.0,anomaly_detection,lstm_autoencoder,lstm_autoencoder,residual,precision,0.0465560007632131,0.9568627450980391,-0.9103067443348262,0.951345163136806,SUCCESS,42
E5_DT300_PD05_SEED42,300,0.05,149.30165525114154,284.0,anomaly_detection,lstm_autoencoder,lstm_autoencoder,residual,recall,1.0,1.0,0.0,0.0,SUCCESS,42
E5_DT300_PD05_SEED42,300,0.05,149.30165525114154,284.0,anomaly_detection,lstm_autoencoder,lstm_autoencoder,residual,f1,0.0889699179580674,0.9779559118236472,-0.8889859938655799,0.9090246125797632,SUCCESS,42
E5_DT300_PD05_SEED42,300,0.05,149.30165525114154,284.0,anomaly_detection,lstm_autoencoder,lstm_autoencoder,residual,false_positive_rate,0.9970071827613728,0.00219473264166,0.9948124501197126,453.27272727272725,SUCCESS,42
E5_DT300_PD05_SEED42,300,0.05,149.30165525114154,284.0,anomaly_detection,lstm_autoencoder,lstm_autoencoder,residual,pr_auc,0.0923353951965931,1.0,-0.9076646048034068,0.9076646048034068,SUCCESS,42
E5_DT300_PD05_SEED42,300,0.05,149.30165525114154,284.0,anomaly_detection,lstm_autoencoder,lstm_autoencoder,residual,roc_auc,0.5848218374262426,1.0,-0.4151781625737574,0.4151781625737574,SUCCESS,42
E5_DT300_PD05_SEED42,300,0.05,149.30165525114154,284.0,anomaly_detection,lstm_autoencoder,lstm_autoencoder,residual,detection_latency,0.0,0.0,0.0,0.0,SUCCESS,42
E5_DT300_PD05_SEED42,300,0.05,149.30165525114154,284.0,anomaly_detection,lstm_autoencoder,lstm_autoencoder,residual,threshold,0.0003816792741417,0.0003816792741417,0.0,0.0,SUCCESS,42
E5_DT300_PD10_SEED42,300,0.1,149.31732305936072,284.04999999999563,load_estimation,persistence,,raw,mae,2.4748482302035373,0.4591450760399007,2.0157031541636368,4.390122554615979,SUCCESS,42
E5_DT300_PD10_SEED42,300,0.1,149.31732305936072,284.04999999999563,load_estimation,persistence,,raw,rmse,3.15295314096474,0.630307824152761,2.5226453168119787,4.002243380371861,SUCCESS,42
E5_DT300_PD10_SEED42,300,0.1,149.31732305936072,284.04999999999563,load_estimation,persistence,,raw,mape,82.38192373039603,14.73210135971861,67.64982237067741,4.59200087746135,SUCCESS,42
E5_DT300_PD10_SEED42,300,0.1,149.31732305936072,284.04999999999563,load_estimation,persistence,,raw,r2,-0.8355897185973236,0.9266422537549912,-1.7622319723523143,-1.9017392798691195,SUCCESS,42
E5_DT300_PD10_SEED42,300,0.1,149.31732305936072,284.04999999999563,load_estimation,xgboost,,raw,mae,1.9286227176586788,0.2734339335193372,1.6551887841393416,6.0533407936447166,SUCCESS,42
E5_DT300_PD10_SEED42,300,0.1,149.31732305936072,284.04999999999563,load_estimation,xgboost,,raw,rmse,2.490935874744295,0.4129930382953352,2.07794283644896,5.031423398868539,SUCCESS,42
E5_DT300_PD10_SEED42,300,0.1,149.31732305936072,284.04999999999563,load_estimation,xgboost,,raw,mape,65.53745524076776,9.063484965162122,56.47397027560564,6.23093329913142,SUCCESS,42
E5_DT300_PD10_SEED42,300,0.1,149.31732305936072,284.04999999999563,load_estimation,xgboost,,raw,r2,-0.1456861914111686,0.9685061288962542,-1.1141923203074229,-1.150423613299379,SUCCESS,42
E5_DT300_PD10_SEED42,300,0.1,149.31732305936072,284.04999999999563,load_estimation,lstm,,raw,mae,1.840607381564081,0.2759301433503092,1.5646772382137724,5.670555667516631,SUCCESS,42
E5_DT300_PD10_SEED42,300,0.1,149.31732305936072,284.04999999999563,load_estimation,lstm,,raw,rmse,2.322001791069221,0.4230368621902369,1.898964928878984,4.48888760910162,SUCCESS,42
E5_DT300_PD10_SEED42,300,0.1,149.31732305936072,284.04999999999563,load_estimation,lstm,,raw,mape,59.83106743972931,8.95040488214452,50.88066255758479,5.684733062644845,SUCCESS,42
E5_DT300_PD10_SEED42,300,0.1,149.31732305936072,284.04999999999563,load_estimation,lstm,,raw,r2,0.0071559965552966,0.9670456810550092,-0.9598896844997126,-0.9926001463059224,SUCCESS,42
E5_DT300_PD10_SEED42,300,0.1,149.31732305936072,284.04999999999563,anomaly_detection,isolation_forest,isolation_forest,raw,precision,0.1164658634538152,0.1164658634538152,0.0,0.0,SUCCESS,42
E5_DT300_PD10_SEED42,300,0.1,149.31732305936072,284.04999999999563,anomaly_detection,isolation_forest,isolation_forest,raw,recall,0.1188524590163934,0.1188524590163934,0.0,0.0,SUCCESS,42
E5_DT300_PD10_SEED42,300,0.1,149.31732305936072,284.04999999999563,anomaly_detection,isolation_forest,isolation_forest,raw,f1,0.1176470588235294,0.1176470588235294,0.0,0.0,SUCCESS,42
E5_DT300_PD10_SEED42,300,0.1,149.31732305936072,284.04999999999563,anomaly_detection,isolation_forest,isolation_forest,raw,false_positive_rate,0.0438946528332003,0.0438946528332003,0.0,0.0,SUCCESS,42
E5_DT300_PD10_SEED42,300,0.1,149.31732305936072,284.04999999999563,anomaly_detection,isolation_forest,isolation_forest,raw,pr_auc,0.09385708598261,0.09385708598261,0.0,0.0,SUCCESS,42
E5_DT300_PD10_SEED42,300,0.1,149.31732305936072,284.04999999999563,anomaly_detection,isolation_forest,isolation_forest,raw,roc_auc,0.7138596875695052,0.7138596875695052,0.0,0.0,SUCCESS,42
E5_DT300_PD10_SEED42,300,0.1,149.31732305936072,284.04999999999563,anomaly_detection,isolation_forest,isolation_forest,raw,detection_latency,3.2459016393442623,3.2459016393442623,0.0,0.0,SUCCESS,42
E5_DT300_PD10_SEED42,300,0.1,149.31732305936072,284.04999999999563,anomaly_detection,isolation_forest,isolation_forest,raw,threshold,0.5031683371451802,0.5031683371451802,0.0,0.0,SUCCESS,42
E5_DT300_PD10_SEED42,300,0.1,149.31732305936072,284.04999999999563,anomaly_detection,isolation_forest,isolation_forest,residual,precision,0.0464231354642313,0.0464231354642313,0.0,0.0,SUCCESS,42
E5_DT300_PD10_SEED42,300,0.1,149.31732305936072,284.04999999999563,anomaly_detection,isolation_forest,isolation_forest,residual,recall,1.0,1.0,0.0,0.0,SUCCESS,42
E5_DT300_PD10_SEED42,300,0.1,149.31732305936072,284.04999999999563,anomaly_detection,isolation_forest,isolation_forest,residual,f1,0.0887272727272727,0.0887272727272727,0.0,0.0,SUCCESS,42
E5_DT300_PD10_SEED42,300,0.1,149.31732305936072,284.04999999999563,anomaly_detection,isolation_forest,isolation_forest,residual,false_positive_rate,1.0,1.0,0.0,0.0,SUCCESS,42
E5_DT300_PD10_SEED42,300,0.1,149.31732305936072,284.04999999999563,anomaly_detection,isolation_forest,isolation_forest,residual,pr_auc,0.0449780873803033,1.0,-0.9550219126196968,0.9550219126196968,SUCCESS,42
E5_DT300_PD10_SEED42,300,0.1,149.31732305936072,284.04999999999563,anomaly_detection,isolation_forest,isolation_forest,residual,roc_auc,0.5071181623120904,1.0,-0.4928818376879096,0.4928818376879096,SUCCESS,42
E5_DT300_PD10_SEED42,300,0.1,149.31732305936072,284.04999999999563,anomaly_detection,isolation_forest,isolation_forest,residual,detection_latency,0.0,0.0,0.0,0.0,SUCCESS,42
E5_DT300_PD10_SEED42,300,0.1,149.31732305936072,284.04999999999563,anomaly_detection,isolation_forest,isolation_forest,residual,threshold,0.2937656541960819,0.2937656541960819,0.0,0.0,SUCCESS,42
E5_DT300_PD10_SEED42,300,0.1,149.31732305936072,284.04999999999563,anomaly_detection,lstm_autoencoder,lstm_autoencoder,raw,precision,0.4982578397212543,0.4982578397212543,0.0,0.0,SUCCESS,42
E5_DT300_PD10_SEED42,300,0.1,149.31732305936072,284.04999999999563,anomaly_detection,lstm_autoencoder,lstm_autoencoder,raw,recall,0.5860655737704918,0.5860655737704918,0.0,0.0,SUCCESS,42
E5_DT300_PD10_SEED42,300,0.1,149.31732305936072,284.04999999999563,anomaly_detection,lstm_autoencoder,lstm_autoencoder,raw,f1,0.5386064030131827,0.5386064030131827,0.0,0.0,SUCCESS,42
E5_DT300_PD10_SEED42,300,0.1,149.31732305936072,284.04999999999563,anomaly_detection,lstm_autoencoder,lstm_autoencoder,raw,false_positive_rate,0.028731045490822,0.028731045490822,0.0,0.0,SUCCESS,42
E5_DT300_PD10_SEED42,300,0.1,149.31732305936072,284.04999999999563,anomaly_detection,lstm_autoencoder,lstm_autoencoder,raw,pr_auc,0.561001698584242,0.561001698584242,0.0,0.0,SUCCESS,42
E5_DT300_PD10_SEED42,300,0.1,149.31732305936072,284.04999999999563,anomaly_detection,lstm_autoencoder,lstm_autoencoder,raw,roc_auc,0.9493396177043946,0.9493396177043946,0.0,0.0,SUCCESS,42
E5_DT300_PD10_SEED42,300,0.1,149.31732305936072,284.04999999999563,anomaly_detection,lstm_autoencoder,lstm_autoencoder,raw,detection_latency,1.3442622950819672,1.3442622950819672,0.0,0.0,SUCCESS,42
E5_DT300_PD10_SEED42,300,0.1,149.31732305936072,284.04999999999563,anomaly_detection,lstm_autoencoder,lstm_autoencoder,raw,threshold,0.0007370078528765,0.0007370078528765,0.0,0.0,SUCCESS,42
E5_DT300_PD10_SEED42,300,0.1,149.31732305936072,284.04999999999563,anomaly_detection,lstm_autoencoder,lstm_autoencoder,residual,precision,0.04657377362092,0.9568627450980391,-0.9102889714771192,0.9513265890437106,SUCCESS,42
E5_DT300_PD10_SEED42,300,0.1,149.31732305936072,284.04999999999563,anomaly_detection,lstm_autoencoder,lstm_autoencoder,residual,recall,1.0,1.0,0.0,0.0,SUCCESS,42
E5_DT300_PD10_SEED42,300,0.1,149.31732305936072,284.04999999999563,anomaly_detection,lstm_autoencoder,lstm_autoencoder,residual,f1,0.0890023709648002,0.9779559118236472,-0.8889535408588469,0.9089914280503374,SUCCESS,42
E5_DT300_PD10_SEED42,300,0.1,149.31732305936072,284.04999999999563,anomaly_detection,lstm_autoencoder,lstm_autoencoder,residual,false_positive_rate,0.996608140462889,0.00219473264166,0.994413407821229,453.09090909090907,SUCCESS,42
E5_DT300_PD10_SEED42,300,0.1,149.31732305936072,284.04999999999563,anomaly_detection,lstm_autoencoder,lstm_autoencoder,residual,pr_auc,0.1149995452800743,1.0,-0.8850004547199257,0.8850004547199257,SUCCESS,42
E5_DT300_PD10_SEED42,300,0.1,149.31732305936072,284.04999999999563,anomaly_detection,lstm_autoencoder,lstm_autoencoder,residual,roc_auc,0.6025358810984783,1.0,-0.3974641189015216,0.3974641189015216,SUCCESS,42
E5_DT300_PD10_SEED42,300,0.1,149.31732305936072,284.04999999999563,anomaly_detection,lstm_autoencoder,lstm_autoencoder,residual,detection_latency,0.0,0.0,0.0,0.0,SUCCESS,42
E5_DT300_PD10_SEED42,300,0.1,149.31732305936072,284.04999999999563,anomaly_detection,lstm_autoencoder,lstm_autoencoder,residual,threshold,0.0003816792741417,0.0003816792741417,0.0,0.0,SUCCESS,42
E5_DT300_PD20_SEED42,300,0.2,149.3620719178082,285.0,load_estimation,persistence,,raw,mae,2.5345082718487744,0.4591450760399007,2.075363195808874,4.520059789617608,SUCCESS,42
E5_DT300_PD20_SEED42,300,0.2,149.3620719178082,285.0,load_estimation,persistence,,raw,rmse,3.2543033571172257,0.630307824152761,2.623995532964465,4.163038173437801,SUCCESS,42
E5_DT300_PD20_SEED42,300,0.2,149.3620719178082,285.0,load_estimation,persistence,,raw,mape,85.44861354939036,14.73210135971861,70.71651218967175,4.8001646515295535,SUCCESS,42
E5_DT300_PD20_SEED42,300,0.2,149.3620719178082,285.0,load_estimation,persistence,,raw,r2,-0.955494740648565,0.9266422537549912,-1.882136994403556,-2.031136597512855,SUCCESS,42
E5_DT300_PD20_SEED42,300,0.2,149.3620719178082,285.0,load_estimation,xgboost,,raw,mae,1.9217800605514823,0.2734339335193372,1.6483461270321451,6.028315892678236,SUCCESS,42
E5_DT300_PD20_SEED42,300,0.2,149.3620719178082,285.0,load_estimation,xgboost,,raw,rmse,2.479220503761423,0.4129930382953352,2.066227465466088,5.00305640500533,SUCCESS,42
E5_DT300_PD20_SEED42,300,0.2,149.3620719178082,285.0,load_estimation,xgboost,,raw,mape,64.7746388128392,9.063484965162122,55.71115384767708,6.146769599311688,SUCCESS,42
E5_DT300_PD20_SEED42,300,0.2,149.3620719178082,285.0,load_estimation,xgboost,,raw,r2,-0.1349347502417028,0.9685061288962542,-1.103440879137957,-1.1393225568902487,SUCCESS,42
E5_DT300_PD20_SEED42,300,0.2,149.3620719178082,285.0,load_estimation,lstm,,raw,mae,1.851627462183156,0.2759301433503092,1.5756973188328465,5.710493604290299,SUCCESS,42
E5_DT300_PD20_SEED42,300,0.2,149.3620719178082,285.0,load_estimation,lstm,,raw,rmse,2.325147344367812,0.4230368621902369,1.902110482177575,4.496323257338762,SUCCESS,42
E5_DT300_PD20_SEED42,300,0.2,149.3620719178082,285.0,load_estimation,lstm,,raw,mape,59.52588344855144,8.95040488214452,50.57547856640692,5.650635835179003,SUCCESS,42
E5_DT300_PD20_SEED42,300,0.2,149.3620719178082,285.0,load_estimation,lstm,,raw,r2,0.0044642164768636,0.9670456810550092,-0.9625814645781456,-0.9953836550182475,SUCCESS,42
E5_DT300_PD20_SEED42,300,0.2,149.3620719178082,285.0,anomaly_detection,isolation_forest,isolation_forest,raw,precision,0.1164658634538152,0.1164658634538152,0.0,0.0,SUCCESS,42
E5_DT300_PD20_SEED42,300,0.2,149.3620719178082,285.0,anomaly_detection,isolation_forest,isolation_forest,raw,recall,0.1188524590163934,0.1188524590163934,0.0,0.0,SUCCESS,42
E5_DT300_PD20_SEED42,300,0.2,149.3620719178082,285.0,anomaly_detection,isolation_forest,isolation_forest,raw,f1,0.1176470588235294,0.1176470588235294,0.0,0.0,SUCCESS,42
E5_DT300_PD20_SEED42,300,0.2,149.3620719178082,285.0,anomaly_detection,isolation_forest,isolation_forest,raw,false_positive_rate,0.0438946528332003,0.0438946528332003,0.0,0.0,SUCCESS,42
E5_DT300_PD20_SEED42,300,0.2,149.3620719178082,285.0,anomaly_detection,isolation_forest,isolation_forest,raw,pr_auc,0.09385708598261,0.09385708598261,0.0,0.0,SUCCESS,42
E5_DT300_PD20_SEED42,300,0.2,149.3620719178082,285.0,anomaly_detection,isolation_forest,isolation_forest,raw,roc_auc,0.7138596875695052,0.7138596875695052,0.0,0.0,SUCCESS,42
E5_DT300_PD20_SEED42,300,0.2,149.3620719178082,285.0,anomaly_detection,isolation_forest,isolation_forest,raw,detection_latency,3.2459016393442623,3.2459016393442623,0.0,0.0,SUCCESS,42
E5_DT300_PD20_SEED42,300,0.2,149.3620719178082,285.0,anomaly_detection,isolation_forest,isolation_forest,raw,threshold,0.5031683371451802,0.5031683371451802,0.0,0.0,SUCCESS,42
E5_DT300_PD20_SEED42,300,0.2,149.3620719178082,285.0,anomaly_detection,isolation_forest,isolation_forest,residual,precision,0.0464231354642313,0.0464231354642313,0.0,0.0,SUCCESS,42
E5_DT300_PD20_SEED42,300,0.2,149.3620719178082,285.0,anomaly_detection,isolation_forest,isolation_forest,residual,recall,1.0,1.0,0.0,0.0,SUCCESS,42
E5_DT300_PD20_SEED42,300,0.2,149.3620719178082,285.0,anomaly_detection,isolation_forest,isolation_forest,residual,f1,0.0887272727272727,0.0887272727272727,0.0,0.0,SUCCESS,42
E5_DT300_PD20_SEED42,300,0.2,149.3620719178082,285.0,anomaly_detection,isolation_forest,isolation_forest,residual,false_positive_rate,1.0,1.0,0.0,0.0,SUCCESS,42
E5_DT300_PD20_SEED42,300,0.2,149.3620719178082,285.0,anomaly_detection,isolation_forest,isolation_forest,residual,pr_auc,0.0383115608936619,1.0,-0.961688439106338,0.961688439106338,SUCCESS,42
E5_DT300_PD20_SEED42,300,0.2,149.3620719178082,285.0,anomaly_detection,isolation_forest,isolation_forest,residual,roc_auc,0.4414503552130624,1.0,-0.5585496447869376,0.5585496447869376,SUCCESS,42
E5_DT300_PD20_SEED42,300,0.2,149.3620719178082,285.0,anomaly_detection,isolation_forest,isolation_forest,residual,detection_latency,0.0,0.0,0.0,0.0,SUCCESS,42
E5_DT300_PD20_SEED42,300,0.2,149.3620719178082,285.0,anomaly_detection,isolation_forest,isolation_forest,residual,threshold,0.2937656541960819,0.2937656541960819,0.0,0.0,SUCCESS,42
E5_DT300_PD20_SEED42,300,0.2,149.3620719178082,285.0,anomaly_detection,lstm_autoencoder,lstm_autoencoder,raw,precision,0.4982578397212543,0.4982578397212543,0.0,0.0,SUCCESS,42
E5_DT300_PD20_SEED42,300,0.2,149.3620719178082,285.0,anomaly_detection,lstm_autoencoder,lstm_autoencoder,raw,recall,0.5860655737704918,0.5860655737704918,0.0,0.0,SUCCESS,42
E5_DT300_PD20_SEED42,300,0.2,149.3620719178082,285.0,anomaly_detection,lstm_autoencoder,lstm_autoencoder,raw,f1,0.5386064030131827,0.5386064030131827,0.0,0.0,SUCCESS,42
E5_DT300_PD20_SEED42,300,0.2,149.3620719178082,285.0,anomaly_detection,lstm_autoencoder,lstm_autoencoder,raw,false_positive_rate,0.028731045490822,0.028731045490822,0.0,0.0,SUCCESS,42
E5_DT300_PD20_SEED42,300,0.2,149.3620719178082,285.0,anomaly_detection,lstm_autoencoder,lstm_autoencoder,raw,pr_auc,0.561001698584242,0.561001698584242,0.0,0.0,SUCCESS,42
E5_DT300_PD20_SEED42,300,0.2,149.3620719178082,285.0,anomaly_detection,lstm_autoencoder,lstm_autoencoder,raw,roc_auc,0.9493396177043946,0.9493396177043946,0.0,0.0,SUCCESS,42
E5_DT300_PD20_SEED42,300,0.2,149.3620719178082,285.0,anomaly_detection,lstm_autoencoder,lstm_autoencoder,raw,detection_latency,1.3442622950819672,1.3442622950819672,0.0,0.0,SUCCESS,42
E5_DT300_PD20_SEED42,300,0.2,149.3620719178082,285.0,anomaly_detection,lstm_autoencoder,lstm_autoencoder,raw,threshold,0.0007370078528765,0.0007370078528765,0.0,0.0,SUCCESS,42
E5_DT300_PD20_SEED42,300,0.2,149.3620719178082,285.0,anomaly_detection,lstm_autoencoder,lstm_autoencoder,residual,precision,0.0465648854961832,0.9568627450980391,-0.910297859601856,0.9513358778625954,SUCCESS,42
E5_DT300_PD20_SEED42,300,0.2,149.3620719178082,285.0,anomaly_detection,lstm_autoencoder,lstm_autoencoder,residual,recall,1.0,1.0,0.0,0.0,SUCCESS,42
E5_DT300_PD20_SEED42,300,0.2,149.3620719178082,285.0,anomaly_detection,lstm_autoencoder,lstm_autoencoder,residual,f1,0.0889861415025528,0.9779559118236472,-0.8889697703210944,0.9090080233406272,SUCCESS,42
E5_DT300_PD20_SEED42,300,0.2,149.3620719178082,285.0,anomaly_detection,lstm_autoencoder,lstm_autoencoder,residual,false_positive_rate,0.9968076616121307,0.00219473264166,0.9946129289704708,453.1818181818182,SUCCESS,42
E5_DT300_PD20_SEED42,300,0.2,149.3620719178082,285.0,anomaly_detection,lstm_autoencoder,lstm_autoencoder,residual,pr_auc,0.0853489913588011,1.0,-0.9146510086411987,0.9146510086411987,SUCCESS,42
E5_DT300_PD20_SEED42,300,0.2,149.3620719178082,285.0,anomaly_detection,lstm_autoencoder,lstm_autoencoder,residual,roc_auc,0.5492432915102116,1.0,-0.4507567084897884,0.4507567084897884,SUCCESS,42
E5_DT300_PD20_SEED42,300,0.2,149.3620719178082,285.0,anomaly_detection,lstm_autoencoder,lstm_autoencoder,residual,detection_latency,0.0,0.0,0.0,0.0,SUCCESS,42
E5_DT300_PD20_SEED42,300,0.2,149.3620719178082,285.0,anomaly_detection,lstm_autoencoder,lstm_autoencoder,residual,threshold,0.0003816792741417,0.0003816792741417,0.0,0.0,SUCCESS,42
E5_DT0_PD00_SEED123,0,0.0,0.0,0.0,load_estimation,persistence,,raw,mae,0.4383777854014386,0.4383777854014386,0.0,0.0,SUCCESS,123
E5_DT0_PD00_SEED123,0,0.0,0.0,0.0,load_estimation,persistence,,raw,rmse,0.5934701818230634,0.5934701818230634,0.0,0.0,SUCCESS,123
E5_DT0_PD00_SEED123,0,0.0,0.0,0.0,load_estimation,persistence,,raw,mape,13.879795520238472,13.879795520238472,0.0,0.0,SUCCESS,123
E5_DT0_PD00_SEED123,0,0.0,0.0,0.0,load_estimation,persistence,,raw,r2,0.9349663109259364,0.9349663109259364,0.0,0.0,SUCCESS,123
E5_DT0_PD00_SEED123,0,0.0,0.0,0.0,load_estimation,xgboost,,raw,mae,0.2727781880981483,0.2727781880981483,0.0,0.0,SUCCESS,123
E5_DT0_PD00_SEED123,0,0.0,0.0,0.0,load_estimation,xgboost,,raw,rmse,0.408562516532333,0.408562516532333,0.0,0.0,SUCCESS,123
E5_DT0_PD00_SEED123,0,0.0,0.0,0.0,load_estimation,xgboost,,raw,mape,9.007307051437577,9.007307051437577,0.0,0.0,SUCCESS,123
E5_DT0_PD00_SEED123,0,0.0,0.0,0.0,load_estimation,xgboost,,raw,r2,0.969178226573376,0.969178226573376,0.0,0.0,SUCCESS,123
E5_DT0_PD00_SEED123,0,0.0,0.0,0.0,load_estimation,lstm,,raw,mae,0.2788739965268628,0.2788739965268628,0.0,0.0,SUCCESS,123
E5_DT0_PD00_SEED123,0,0.0,0.0,0.0,load_estimation,lstm,,raw,rmse,0.4151803619579586,0.4151803619579586,0.0,0.0,SUCCESS,123
E5_DT0_PD00_SEED123,0,0.0,0.0,0.0,load_estimation,lstm,,raw,mape,9.118982639637077,9.118982639637077,0.0,0.0,SUCCESS,123
E5_DT0_PD00_SEED123,0,0.0,0.0,0.0,load_estimation,lstm,,raw,r2,0.9682583482374256,0.9682583482374256,0.0,0.0,SUCCESS,123
E5_DT0_PD00_SEED123,0,0.0,0.0,0.0,anomaly_detection,isolation_forest,isolation_forest,raw,precision,0.1164658634538152,0.1164658634538152,0.0,0.0,SUCCESS,123
E5_DT0_PD00_SEED123,0,0.0,0.0,0.0,anomaly_detection,isolation_forest,isolation_forest,raw,recall,0.1188524590163934,0.1188524590163934,0.0,0.0,SUCCESS,123
E5_DT0_PD00_SEED123,0,0.0,0.0,0.0,anomaly_detection,isolation_forest,isolation_forest,raw,f1,0.1176470588235294,0.1176470588235294,0.0,0.0,SUCCESS,123
E5_DT0_PD00_SEED123,0,0.0,0.0,0.0,anomaly_detection,isolation_forest,isolation_forest,raw,false_positive_rate,0.0438946528332003,0.0438946528332003,0.0,0.0,SUCCESS,123
E5_DT0_PD00_SEED123,0,0.0,0.0,0.0,anomaly_detection,isolation_forest,isolation_forest,raw,pr_auc,0.09385708598261,0.09385708598261,0.0,0.0,SUCCESS,123
E5_DT0_PD00_SEED123,0,0.0,0.0,0.0,anomaly_detection,isolation_forest,isolation_forest,raw,roc_auc,0.7138596875695052,0.7138596875695052,0.0,0.0,SUCCESS,123
E5_DT0_PD00_SEED123,0,0.0,0.0,0.0,anomaly_detection,isolation_forest,isolation_forest,raw,detection_latency,3.2459016393442623,3.2459016393442623,0.0,0.0,SUCCESS,123
E5_DT0_PD00_SEED123,0,0.0,0.0,0.0,anomaly_detection,isolation_forest,isolation_forest,raw,threshold,0.5031683371451802,0.5031683371451802,0.0,0.0,SUCCESS,123
E5_DT0_PD00_SEED123,0,0.0,0.0,0.0,anomaly_detection,isolation_forest,isolation_forest,residual,precision,0.0464231354642313,0.0464231354642313,0.0,0.0,SUCCESS,123
E5_DT0_PD00_SEED123,0,0.0,0.0,0.0,anomaly_detection,isolation_forest,isolation_forest,residual,recall,1.0,1.0,0.0,0.0,SUCCESS,123
E5_DT0_PD00_SEED123,0,0.0,0.0,0.0,anomaly_detection,isolation_forest,isolation_forest,residual,f1,0.0887272727272727,0.0887272727272727,0.0,0.0,SUCCESS,123
E5_DT0_PD00_SEED123,0,0.0,0.0,0.0,anomaly_detection,isolation_forest,isolation_forest,residual,false_positive_rate,1.0,1.0,0.0,0.0,SUCCESS,123
E5_DT0_PD00_SEED123,0,0.0,0.0,0.0,anomaly_detection,isolation_forest,isolation_forest,residual,pr_auc,0.0918851506221842,0.0918851506221842,0.0,0.0,SUCCESS,123
E5_DT0_PD00_SEED123,0,0.0,0.0,0.0,anomaly_detection,isolation_forest,isolation_forest,residual,roc_auc,0.6877706618868814,0.6877706618868814,0.0,0.0,SUCCESS,123
E5_DT0_PD00_SEED123,0,0.0,0.0,0.0,anomaly_detection,isolation_forest,isolation_forest,residual,detection_latency,0.0,0.0,0.0,0.0,SUCCESS,123
E5_DT0_PD00_SEED123,0,0.0,0.0,0.0,anomaly_detection,isolation_forest,isolation_forest,residual,threshold,0.2937656541960819,0.2937656541960819,0.0,0.0,SUCCESS,123
E5_DT0_PD00_SEED123,0,0.0,0.0,0.0,anomaly_detection,lstm_autoencoder,lstm_autoencoder,raw,precision,0.4982578397212543,0.4982578397212543,0.0,0.0,SUCCESS,123
E5_DT0_PD00_SEED123,0,0.0,0.0,0.0,anomaly_detection,lstm_autoencoder,lstm_autoencoder,raw,recall,0.5860655737704918,0.5860655737704918,0.0,0.0,SUCCESS,123
E5_DT0_PD00_SEED123,0,0.0,0.0,0.0,anomaly_detection,lstm_autoencoder,lstm_autoencoder,raw,f1,0.5386064030131827,0.5386064030131827,0.0,0.0,SUCCESS,123
E5_DT0_PD00_SEED123,0,0.0,0.0,0.0,anomaly_detection,lstm_autoencoder,lstm_autoencoder,raw,false_positive_rate,0.028731045490822,0.028731045490822,0.0,0.0,SUCCESS,123
E5_DT0_PD00_SEED123,0,0.0,0.0,0.0,anomaly_detection,lstm_autoencoder,lstm_autoencoder,raw,pr_auc,0.561001698584242,0.561001698584242,0.0,0.0,SUCCESS,123
E5_DT0_PD00_SEED123,0,0.0,0.0,0.0,anomaly_detection,lstm_autoencoder,lstm_autoencoder,raw,roc_auc,0.9493396177043946,0.9493396177043946,0.0,0.0,SUCCESS,123
E5_DT0_PD00_SEED123,0,0.0,0.0,0.0,anomaly_detection,lstm_autoencoder,lstm_autoencoder,raw,detection_latency,1.3442622950819672,1.3442622950819672,0.0,0.0,SUCCESS,123
E5_DT0_PD00_SEED123,0,0.0,0.0,0.0,anomaly_detection,lstm_autoencoder,lstm_autoencoder,raw,threshold,0.0007370078528765,0.0007370078528765,0.0,0.0,SUCCESS,123
E5_DT0_PD00_SEED123,0,0.0,0.0,0.0,anomaly_detection,lstm_autoencoder,lstm_autoencoder,residual,precision,0.0464231354642313,0.0464231354642313,0.0,0.0,SUCCESS,123
E5_DT0_PD00_SEED123,0,0.0,0.0,0.0,anomaly_detection,lstm_autoencoder,lstm_autoencoder,residual,recall,1.0,1.0,0.0,0.0,SUCCESS,123
E5_DT0_PD00_SEED123,0,0.0,0.0,0.0,anomaly_detection,lstm_autoencoder,lstm_autoencoder,residual,f1,0.0887272727272727,0.0887272727272727,0.0,0.0,SUCCESS,123
E5_DT0_PD00_SEED123,0,0.0,0.0,0.0,anomaly_detection,lstm_autoencoder,lstm_autoencoder,residual,false_positive_rate,1.0,1.0,0.0,0.0,SUCCESS,123
E5_DT0_PD00_SEED123,0,0.0,0.0,0.0,anomaly_detection,lstm_autoencoder,lstm_autoencoder,residual,pr_auc,0.138022346640306,0.138022346640306,0.0,0.0,SUCCESS,123
E5_DT0_PD00_SEED123,0,0.0,0.0,0.0,anomaly_detection,lstm_autoencoder,lstm_autoencoder,residual,roc_auc,0.7479148404484972,0.7479148404484972,0.0,0.0,SUCCESS,123
E5_DT0_PD00_SEED123,0,0.0,0.0,0.0,anomaly_detection,lstm_autoencoder,lstm_autoencoder,residual,detection_latency,0.0,0.0,0.0,0.0,SUCCESS,123
E5_DT0_PD00_SEED123,0,0.0,0.0,0.0,anomaly_detection,lstm_autoencoder,lstm_autoencoder,residual,threshold,0.0003816792741417,0.0003816792741417,0.0,0.0,SUCCESS,123
E5_DT0_PD05_SEED123,0,0.05,0.0513413242009132,0.0,load_estimation,persistence,,raw,mae,0.4497905890918032,0.4383777854014386,0.0114128036903645,0.0260341743364423,SUCCESS,123
E5_DT0_PD05_SEED123,0,0.05,0.0513413242009132,0.0,load_estimation,persistence,,raw,rmse,0.6086361202658392,0.5934701818230634,0.0151659384427758,0.0255546763886064,SUCCESS,123
E5_DT0_PD05_SEED123,0,0.05,0.0513413242009132,0.0,load_estimation,persistence,,raw,mape,14.161339743362776,13.879795520238472,0.281544223124305,0.0202844647612984,SUCCESS,123
E5_DT0_PD05_SEED123,0,0.05,0.0513413242009132,0.0,load_estimation,persistence,,raw,r2,0.9316000114717372,0.9349663109259364,-0.0033662994541991,-0.0036004500000277,SUCCESS,123
E5_DT0_PD05_SEED123,0,0.05,0.0513413242009132,0.0,load_estimation,xgboost,,raw,mae,0.2741973286259301,0.2727781880981483,0.0014191405277818,0.0052025440071888,SUCCESS,123
E5_DT0_PD05_SEED123,0,0.05,0.0513413242009132,0.0,load_estimation,xgboost,,raw,rmse,0.4115813176006305,0.408562516532333,0.0030188010682974,0.0073888351137041,SUCCESS,123
E5_DT0_PD05_SEED123,0,0.05,0.0513413242009132,0.0,load_estimation,xgboost,,raw,mape,9.035813246854516,9.007307051437577,0.0285061954169396,0.0031647855739957,SUCCESS,123
E5_DT0_PD05_SEED123,0,0.05,0.0513413242009132,0.0,load_estimation,xgboost,,raw,r2,0.968721069858698,0.969178226573376,-0.0004571567146778,-0.0004716951971714,SUCCESS,123
E5_DT0_PD05_SEED123,0,0.05,0.0513413242009132,0.0,load_estimation,lstm,,raw,mae,0.2828327607133524,0.2788739965268628,0.0039587641864895,0.0141955300092248,SUCCESS,123
E5_DT0_PD05_SEED123,0,0.05,0.0513413242009132,0.0,load_estimation,lstm,,raw,rmse,0.4191594256792073,0.4151803619579586,0.0039790637212486,0.0095839401037266,SUCCESS,123
E5_DT0_PD05_SEED123,0,0.05,0.0513413242009132,0.0,load_estimation,lstm,,raw,mape,9.206101408408946,9.118982639637077,0.0871187687718713,0.0095535623012589,SUCCESS,123
E5_DT0_PD05_SEED123,0,0.05,0.0513413242009132,0.0,load_estimation,lstm,,raw,r2,0.9676470125275792,0.9682583482374256,-0.0006113357098463,-0.000631376647523,SUCCESS,123
E5_DT0_PD05_SEED123,0,0.05,0.0513413242009132,0.0,anomaly_detection,isolation_forest,isolation_forest,raw,precision,0.1164658634538152,0.1164658634538152,0.0,0.0,SUCCESS,123
E5_DT0_PD05_SEED123,0,0.05,0.0513413242009132,0.0,anomaly_detection,isolation_forest,isolation_forest,raw,recall,0.1188524590163934,0.1188524590163934,0.0,0.0,SUCCESS,123
E5_DT0_PD05_SEED123,0,0.05,0.0513413242009132,0.0,anomaly_detection,isolation_forest,isolation_forest,raw,f1,0.1176470588235294,0.1176470588235294,0.0,0.0,SUCCESS,123
E5_DT0_PD05_SEED123,0,0.05,0.0513413242009132,0.0,anomaly_detection,isolation_forest,isolation_forest,raw,false_positive_rate,0.0438946528332003,0.0438946528332003,0.0,0.0,SUCCESS,123
E5_DT0_PD05_SEED123,0,0.05,0.0513413242009132,0.0,anomaly_detection,isolation_forest,isolation_forest,raw,pr_auc,0.09385708598261,0.09385708598261,0.0,0.0,SUCCESS,123
E5_DT0_PD05_SEED123,0,0.05,0.0513413242009132,0.0,anomaly_detection,isolation_forest,isolation_forest,raw,roc_auc,0.7138596875695052,0.7138596875695052,0.0,0.0,SUCCESS,123
E5_DT0_PD05_SEED123,0,0.05,0.0513413242009132,0.0,anomaly_detection,isolation_forest,isolation_forest,raw,detection_latency,3.2459016393442623,3.2459016393442623,0.0,0.0,SUCCESS,123
E5_DT0_PD05_SEED123,0,0.05,0.0513413242009132,0.0,anomaly_detection,isolation_forest,isolation_forest,raw,threshold,0.5031683371451802,0.5031683371451802,0.0,0.0,SUCCESS,123
E5_DT0_PD05_SEED123,0,0.05,0.0513413242009132,0.0,anomaly_detection,isolation_forest,isolation_forest,residual,precision,0.0464231354642313,0.0464231354642313,0.0,0.0,SUCCESS,123
E5_DT0_PD05_SEED123,0,0.05,0.0513413242009132,0.0,anomaly_detection,isolation_forest,isolation_forest,residual,recall,1.0,1.0,0.0,0.0,SUCCESS,123
E5_DT0_PD05_SEED123,0,0.05,0.0513413242009132,0.0,anomaly_detection,isolation_forest,isolation_forest,residual,f1,0.0887272727272727,0.0887272727272727,0.0,0.0,SUCCESS,123
E5_DT0_PD05_SEED123,0,0.05,0.0513413242009132,0.0,anomaly_detection,isolation_forest,isolation_forest,residual,false_positive_rate,1.0,1.0,0.0,0.0,SUCCESS,123
E5_DT0_PD05_SEED123,0,0.05,0.0513413242009132,0.0,anomaly_detection,isolation_forest,isolation_forest,residual,pr_auc,0.0913217195038201,0.0918851506221842,-0.000563431118364,0.0061319061300859,SUCCESS,123
E5_DT0_PD05_SEED123,0,0.05,0.0513413242009132,0.0,anomaly_detection,isolation_forest,isolation_forest,residual,roc_auc,0.687461158792668,0.6877706618868814,-0.0003095030942134,0.0004500091547439,SUCCESS,123
E5_DT0_PD05_SEED123,0,0.05,0.0513413242009132,0.0,anomaly_detection,isolation_forest,isolation_forest,residual,detection_latency,0.0,0.0,0.0,0.0,SUCCESS,123
E5_DT0_PD05_SEED123,0,0.05,0.0513413242009132,0.0,anomaly_detection,isolation_forest,isolation_forest,residual,threshold,0.2937656541960819,0.2937656541960819,0.0,0.0,SUCCESS,123
E5_DT0_PD05_SEED123,0,0.05,0.0513413242009132,0.0,anomaly_detection,lstm_autoencoder,lstm_autoencoder,raw,precision,0.4982578397212543,0.4982578397212543,0.0,0.0,SUCCESS,123
E5_DT0_PD05_SEED123,0,0.05,0.0513413242009132,0.0,anomaly_detection,lstm_autoencoder,lstm_autoencoder,raw,recall,0.5860655737704918,0.5860655737704918,0.0,0.0,SUCCESS,123
E5_DT0_PD05_SEED123,0,0.05,0.0513413242009132,0.0,anomaly_detection,lstm_autoencoder,lstm_autoencoder,raw,f1,0.5386064030131827,0.5386064030131827,0.0,0.0,SUCCESS,123
E5_DT0_PD05_SEED123,0,0.05,0.0513413242009132,0.0,anomaly_detection,lstm_autoencoder,lstm_autoencoder,raw,false_positive_rate,0.028731045490822,0.028731045490822,0.0,0.0,SUCCESS,123
E5_DT0_PD05_SEED123,0,0.05,0.0513413242009132,0.0,anomaly_detection,lstm_autoencoder,lstm_autoencoder,raw,pr_auc,0.561001698584242,0.561001698584242,0.0,0.0,SUCCESS,123
E5_DT0_PD05_SEED123,0,0.05,0.0513413242009132,0.0,anomaly_detection,lstm_autoencoder,lstm_autoencoder,raw,roc_auc,0.9493396177043946,0.9493396177043946,0.0,0.0,SUCCESS,123
E5_DT0_PD05_SEED123,0,0.05,0.0513413242009132,0.0,anomaly_detection,lstm_autoencoder,lstm_autoencoder,raw,detection_latency,1.3442622950819672,1.3442622950819672,0.0,0.0,SUCCESS,123
E5_DT0_PD05_SEED123,0,0.05,0.0513413242009132,0.0,anomaly_detection,lstm_autoencoder,lstm_autoencoder,raw,threshold,0.0007370078528765,0.0007370078528765,0.0,0.0,SUCCESS,123
E5_DT0_PD05_SEED123,0,0.05,0.0513413242009132,0.0,anomaly_detection,lstm_autoencoder,lstm_autoencoder,residual,precision,0.0464231354642313,0.0464231354642313,0.0,0.0,SUCCESS,123
E5_DT0_PD05_SEED123,0,0.05,0.0513413242009132,0.0,anomaly_detection,lstm_autoencoder,lstm_autoencoder,residual,recall,1.0,1.0,0.0,0.0,SUCCESS,123
E5_DT0_PD05_SEED123,0,0.05,0.0513413242009132,0.0,anomaly_detection,lstm_autoencoder,lstm_autoencoder,residual,f1,0.0887272727272727,0.0887272727272727,0.0,0.0,SUCCESS,123
E5_DT0_PD05_SEED123,0,0.05,0.0513413242009132,0.0,anomaly_detection,lstm_autoencoder,lstm_autoencoder,residual,false_positive_rate,1.0,1.0,0.0,0.0,SUCCESS,123
E5_DT0_PD05_SEED123,0,0.05,0.0513413242009132,0.0,anomaly_detection,lstm_autoencoder,lstm_autoencoder,residual,pr_auc,0.1370889795707287,0.138022346640306,-0.0009333670695772,0.0067624344339661,SUCCESS,123
E5_DT0_PD05_SEED123,0,0.05,0.0513413242009132,0.0,anomaly_detection,lstm_autoencoder,lstm_autoencoder,residual,roc_auc,0.7473448968377534,0.7479148404484972,-0.0005699436107438,0.0007620434572498,SUCCESS,123
E5_DT0_PD05_SEED123,0,0.05,0.0513413242009132,0.0,anomaly_detection,lstm_autoencoder,lstm_autoencoder,residual,detection_latency,0.0,0.0,0.0,0.0,SUCCESS,123
E5_DT0_PD05_SEED123,0,0.05,0.0513413242009132,0.0,anomaly_detection,lstm_autoencoder,lstm_autoencoder,residual,threshold,0.0003816792741417,0.0003816792741417,0.0,0.0,SUCCESS,123
E5_DT0_PD10_SEED123,0,0.1,0.1100171232876712,1.0,load_estimation,persistence,,raw,mae,0.4597793968573008,0.4383777854014386,0.0214016114558622,0.0488200181865145,SUCCESS,123
E5_DT0_PD10_SEED123,0,0.1,0.1100171232876712,1.0,load_estimation,persistence,,raw,rmse,0.6207617965191485,0.5934701818230634,0.027291614696085,0.0459864969327503,SUCCESS,123
E5_DT0_PD10_SEED123,0,0.1,0.1100171232876712,1.0,load_estimation,persistence,,raw,mape,14.358109226060051,13.879795520238472,0.4783137058215789,0.034461149310459,SUCCESS,123
E5_DT0_PD10_SEED123,0,0.1,0.1100171232876712,1.0,load_estimation,persistence,,raw,r2,0.9288474373319316,0.9349663109259364,-0.0061188735940047,-0.0065444856381455,SUCCESS,123
E5_DT0_PD10_SEED123,0,0.1,0.1100171232876712,1.0,load_estimation,xgboost,,raw,mae,0.276428066477565,0.2727781880981483,0.0036498783794167,0.0133803894104007,SUCCESS,123
E5_DT0_PD10_SEED123,0,0.1,0.1100171232876712,1.0,load_estimation,xgboost,,raw,rmse,0.414262644955824,0.408562516532333,0.0057001284234909,0.0139516675975825,SUCCESS,123
E5_DT0_PD10_SEED123,0,0.1,0.1100171232876712,1.0,load_estimation,xgboost,,raw,mape,9.102831471917636,9.007307051437577,0.0955244204800607,0.0106052141816143,SUCCESS,123
E5_DT0_PD10_SEED123,0,0.1,0.1100171232876712,1.0,load_estimation,xgboost,,raw,r2,0.9683121968698816,0.969178226573376,-0.0008660297034944,-0.0008935711510527,SUCCESS,123
E5_DT0_PD10_SEED123,0,0.1,0.1100171232876712,1.0,load_estimation,lstm,,raw,mae,0.2865765784316643,0.2788739965268628,0.0077025819048014,0.0276202944725236,SUCCESS,123
E5_DT0_PD10_SEED123,0,0.1,0.1100171232876712,1.0,load_estimation,lstm,,raw,rmse,0.4232674496528388,0.4151803619579586,0.0080870876948801,0.019478492809106,SUCCESS,123
E5_DT0_PD10_SEED123,0,0.1,0.1100171232876712,1.0,load_estimation,lstm,,raw,mape,9.292334234355447,9.118982639637077,0.1733515947183725,0.019009970911105,SUCCESS,123
E5_DT0_PD10_SEED123,0,0.1,0.1100171232876712,1.0,load_estimation,lstm,,raw,r2,0.9670097460127244,0.9682583482374256,-0.0012486022247012,-0.0012895341692371,SUCCESS,123
E5_DT0_PD10_SEED123,0,0.1,0.1100171232876712,1.0,anomaly_detection,isolation_forest,isolation_forest,raw,precision,0.1164658634538152,0.1164658634538152,0.0,0.0,SUCCESS,123
E5_DT0_PD10_SEED123,0,0.1,0.1100171232876712,1.0,anomaly_detection,isolation_forest,isolation_forest,raw,recall,0.1188524590163934,0.1188524590163934,0.0,0.0,SUCCESS,123
E5_DT0_PD10_SEED123,0,0.1,0.1100171232876712,1.0,anomaly_detection,isolation_forest,isolation_forest,raw,f1,0.1176470588235294,0.1176470588235294,0.0,0.0,SUCCESS,123
E5_DT0_PD10_SEED123,0,0.1,0.1100171232876712,1.0,anomaly_detection,isolation_forest,isolation_forest,raw,false_positive_rate,0.0438946528332003,0.0438946528332003,0.0,0.0,SUCCESS,123
E5_DT0_PD10_SEED123,0,0.1,0.1100171232876712,1.0,anomaly_detection,isolation_forest,isolation_forest,raw,pr_auc,0.09385708598261,0.09385708598261,0.0,0.0,SUCCESS,123
E5_DT0_PD10_SEED123,0,0.1,0.1100171232876712,1.0,anomaly_detection,isolation_forest,isolation_forest,raw,roc_auc,0.7138596875695052,0.7138596875695052,0.0,0.0,SUCCESS,123
E5_DT0_PD10_SEED123,0,0.1,0.1100171232876712,1.0,anomaly_detection,isolation_forest,isolation_forest,raw,detection_latency,3.2459016393442623,3.2459016393442623,0.0,0.0,SUCCESS,123
E5_DT0_PD10_SEED123,0,0.1,0.1100171232876712,1.0,anomaly_detection,isolation_forest,isolation_forest,raw,threshold,0.5031683371451802,0.5031683371451802,0.0,0.0,SUCCESS,123
E5_DT0_PD10_SEED123,0,0.1,0.1100171232876712,1.0,anomaly_detection,isolation_forest,isolation_forest,residual,precision,0.0464231354642313,0.0464231354642313,0.0,0.0,SUCCESS,123
E5_DT0_PD10_SEED123,0,0.1,0.1100171232876712,1.0,anomaly_detection,isolation_forest,isolation_forest,residual,recall,1.0,1.0,0.0,0.0,SUCCESS,123
E5_DT0_PD10_SEED123,0,0.1,0.1100171232876712,1.0,anomaly_detection,isolation_forest,isolation_forest,residual,f1,0.0887272727272727,0.0887272727272727,0.0,0.0,SUCCESS,123
E5_DT0_PD10_SEED123,0,0.1,0.1100171232876712,1.0,anomaly_detection,isolation_forest,isolation_forest,residual,false_positive_rate,1.0,1.0,0.0,0.0,SUCCESS,123
E5_DT0_PD10_SEED123,0,0.1,0.1100171232876712,1.0,anomaly_detection,isolation_forest,isolation_forest,residual,pr_auc,0.0872381342631969,0.0918851506221842,-0.0046470163589873,0.0505741823082494,SUCCESS,123
E5_DT0_PD10_SEED123,0,0.1,0.1100171232876712,1.0,anomaly_detection,isolation_forest,isolation_forest,residual,roc_auc,0.6837029653421951,0.6877706618868814,-0.0040676965446863,0.0059143211103635,SUCCESS,123
E5_DT0_PD10_SEED123,0,0.1,0.1100171232876712,1.0,anomaly_detection,isolation_forest,isolation_forest,residual,detection_latency,0.0,0.0,0.0,0.0,SUCCESS,123
E5_DT0_PD10_SEED123,0,0.1,0.1100171232876712,1.0,anomaly_detection,isolation_forest,isolation_forest,residual,threshold,0.2937656541960819,0.2937656541960819,0.0,0.0,SUCCESS,123
E5_DT0_PD10_SEED123,0,0.1,0.1100171232876712,1.0,anomaly_detection,lstm_autoencoder,lstm_autoencoder,raw,precision,0.4982578397212543,0.4982578397212543,0.0,0.0,SUCCESS,123
E5_DT0_PD10_SEED123,0,0.1,0.1100171232876712,1.0,anomaly_detection,lstm_autoencoder,lstm_autoencoder,raw,recall,0.5860655737704918,0.5860655737704918,0.0,0.0,SUCCESS,123
E5_DT0_PD10_SEED123,0,0.1,0.1100171232876712,1.0,anomaly_detection,lstm_autoencoder,lstm_autoencoder,raw,f1,0.5386064030131827,0.5386064030131827,0.0,0.0,SUCCESS,123
E5_DT0_PD10_SEED123,0,0.1,0.1100171232876712,1.0,anomaly_detection,lstm_autoencoder,lstm_autoencoder,raw,false_positive_rate,0.028731045490822,0.028731045490822,0.0,0.0,SUCCESS,123
E5_DT0_PD10_SEED123,0,0.1,0.1100171232876712,1.0,anomaly_detection,lstm_autoencoder,lstm_autoencoder,raw,pr_auc,0.561001698584242,0.561001698584242,0.0,0.0,SUCCESS,123
E5_DT0_PD10_SEED123,0,0.1,0.1100171232876712,1.0,anomaly_detection,lstm_autoencoder,lstm_autoencoder,raw,roc_auc,0.9493396177043946,0.9493396177043946,0.0,0.0,SUCCESS,123
E5_DT0_PD10_SEED123,0,0.1,0.1100171232876712,1.0,anomaly_detection,lstm_autoencoder,lstm_autoencoder,raw,detection_latency,1.3442622950819672,1.3442622950819672,0.0,0.0,SUCCESS,123
E5_DT0_PD10_SEED123,0,0.1,0.1100171232876712,1.0,anomaly_detection,lstm_autoencoder,lstm_autoencoder,raw,threshold,0.0007370078528765,0.0007370078528765,0.0,0.0,SUCCESS,123
E5_DT0_PD10_SEED123,0,0.1,0.1100171232876712,1.0,anomaly_detection,lstm_autoencoder,lstm_autoencoder,residual,precision,0.0464231354642313,0.0464231354642313,0.0,0.0,SUCCESS,123
E5_DT0_PD10_SEED123,0,0.1,0.1100171232876712,1.0,anomaly_detection,lstm_autoencoder,lstm_autoencoder,residual,recall,1.0,1.0,0.0,0.0,SUCCESS,123
E5_DT0_PD10_SEED123,0,0.1,0.1100171232876712,1.0,anomaly_detection,lstm_autoencoder,lstm_autoencoder,residual,f1,0.0887272727272727,0.0887272727272727,0.0,0.0,SUCCESS,123
E5_DT0_PD10_SEED123,0,0.1,0.1100171232876712,1.0,anomaly_detection,lstm_autoencoder,lstm_autoencoder,residual,false_positive_rate,1.0,1.0,0.0,0.0,SUCCESS,123
E5_DT0_PD10_SEED123,0,0.1,0.1100171232876712,1.0,anomaly_detection,lstm_autoencoder,lstm_autoencoder,residual,pr_auc,0.1368172998646095,0.138022346640306,-0.0012050467756964,0.0087308092133575,SUCCESS,123
E5_DT0_PD10_SEED123,0,0.1,0.1100171232876712,1.0,anomaly_detection,lstm_autoencoder,lstm_autoencoder,residual,roc_auc,0.7471756309447489,0.7479148404484972,-0.0007392095037482,0.0009883605241808,SUCCESS,123
E5_DT0_PD10_SEED123,0,0.1,0.1100171232876712,1.0,anomaly_detection,lstm_autoencoder,lstm_autoencoder,residual,detection_latency,0.0,0.0,0.0,0.0,SUCCESS,123
E5_DT0_PD10_SEED123,0,0.1,0.1100171232876712,1.0,anomaly_detection,lstm_autoencoder,lstm_autoencoder,residual,threshold,0.0003816792741417,0.0003816792741417,0.0,0.0,SUCCESS,123
E5_DT0_PD20_SEED123,0,0.2,0.2484874429223744,1.0,load_estimation,persistence,,raw,mae,0.4859828768210142,0.4383777854014386,0.0476050914195756,0.1085937586367017,SUCCESS,123
E5_DT0_PD20_SEED123,0,0.2,0.2484874429223744,1.0,load_estimation,persistence,,raw,rmse,0.6574935229378739,0.5934701818230634,0.0640233411148104,0.1078796257600323,SUCCESS,123
E5_DT0_PD20_SEED123,0,0.2,0.2484874429223744,1.0,load_estimation,persistence,,raw,mape,15.072650929158934,13.879795520238472,1.1928554089204615,0.0859418575137601,SUCCESS,123
E5_DT0_PD20_SEED123,0,0.2,0.2484874429223744,1.0,load_estimation,persistence,,raw,r2,0.9201778278863056,0.9349663109259364,-0.0147884830396307,-0.0158171293091674,SUCCESS,123
E5_DT0_PD20_SEED123,0,0.2,0.2484874429223744,1.0,load_estimation,xgboost,,raw,mae,0.2861227719977929,0.2727781880981483,0.0133445838996446,0.0489210079174039,SUCCESS,123
E5_DT0_PD20_SEED123,0,0.2,0.2484874429223744,1.0,load_estimation,xgboost,,raw,rmse,0.4270177378635825,0.408562516532333,0.0184552213312494,0.0451711074424737,SUCCESS,123
E5_DT0_PD20_SEED123,0,0.2,0.2484874429223744,1.0,load_estimation,xgboost,,raw,mape,9.382379965050111,9.007307051437577,0.3750729136125379,0.0416409601083462,SUCCESS,123
E5_DT0_PD20_SEED123,0,0.2,0.2484874429223744,1.0,load_estimation,xgboost,,raw,r2,0.9663308296566172,0.969178226573376,-0.0028473969167587,-0.0029379497379196,SUCCESS,123
E5_DT0_PD20_SEED123,0,0.2,0.2484874429223744,1.0,load_estimation,lstm,,raw,mae,0.3004847857684677,0.2788739965268628,0.0216107892416048,0.0774930237696908,SUCCESS,123
E5_DT0_PD20_SEED123,0,0.2,0.2484874429223744,1.0,load_estimation,lstm,,raw,rmse,0.4370276294053901,0.4151803619579586,0.0218472674474314,0.0526211484194518,SUCCESS,123
E5_DT0_PD20_SEED123,0,0.2,0.2484874429223744,1.0,load_estimation,lstm,,raw,mape,9.608616446476796,9.118982639637077,0.4896338068397217,0.0536939071154113,SUCCESS,123
E5_DT0_PD20_SEED123,0,0.2,0.2484874429223744,1.0,load_estimation,lstm,,raw,r2,0.9648298917345818,0.9682583482374256,-0.0034284565028437,-0.0035408488954262,SUCCESS,123
E5_DT0_PD20_SEED123,0,0.2,0.2484874429223744,1.0,anomaly_detection,isolation_forest,isolation_forest,raw,precision,0.1164658634538152,0.1164658634538152,0.0,0.0,SUCCESS,123
E5_DT0_PD20_SEED123,0,0.2,0.2484874429223744,1.0,anomaly_detection,isolation_forest,isolation_forest,raw,recall,0.1188524590163934,0.1188524590163934,0.0,0.0,SUCCESS,123
E5_DT0_PD20_SEED123,0,0.2,0.2484874429223744,1.0,anomaly_detection,isolation_forest,isolation_forest,raw,f1,0.1176470588235294,0.1176470588235294,0.0,0.0,SUCCESS,123
E5_DT0_PD20_SEED123,0,0.2,0.2484874429223744,1.0,anomaly_detection,isolation_forest,isolation_forest,raw,false_positive_rate,0.0438946528332003,0.0438946528332003,0.0,0.0,SUCCESS,123
E5_DT0_PD20_SEED123,0,0.2,0.2484874429223744,1.0,anomaly_detection,isolation_forest,isolation_forest,raw,pr_auc,0.09385708598261,0.09385708598261,0.0,0.0,SUCCESS,123
E5_DT0_PD20_SEED123,0,0.2,0.2484874429223744,1.0,anomaly_detection,isolation_forest,isolation_forest,raw,roc_auc,0.7138596875695052,0.7138596875695052,0.0,0.0,SUCCESS,123
E5_DT0_PD20_SEED123,0,0.2,0.2484874429223744,1.0,anomaly_detection,isolation_forest,isolation_forest,raw,detection_latency,3.2459016393442623,3.2459016393442623,0.0,0.0,SUCCESS,123
E5_DT0_PD20_SEED123,0,0.2,0.2484874429223744,1.0,anomaly_detection,isolation_forest,isolation_forest,raw,threshold,0.5031683371451802,0.5031683371451802,0.0,0.0,SUCCESS,123
E5_DT0_PD20_SEED123,0,0.2,0.2484874429223744,1.0,anomaly_detection,isolation_forest,isolation_forest,residual,precision,0.0464231354642313,0.0464231354642313,0.0,0.0,SUCCESS,123
E5_DT0_PD20_SEED123,0,0.2,0.2484874429223744,1.0,anomaly_detection,isolation_forest,isolation_forest,residual,recall,1.0,1.0,0.0,0.0,SUCCESS,123
E5_DT0_PD20_SEED123,0,0.2,0.2484874429223744,1.0,anomaly_detection,isolation_forest,isolation_forest,residual,f1,0.0887272727272727,0.0887272727272727,0.0,0.0,SUCCESS,123
E5_DT0_PD20_SEED123,0,0.2,0.2484874429223744,1.0,anomaly_detection,isolation_forest,isolation_forest,residual,false_positive_rate,1.0,1.0,0.0,0.0,SUCCESS,123
E5_DT0_PD20_SEED123,0,0.2,0.2484874429223744,1.0,anomaly_detection,isolation_forest,isolation_forest,residual,pr_auc,0.0822097265752292,0.0918851506221842,-0.0096754240469549,0.1052991041690579,SUCCESS,123
E5_DT0_PD20_SEED123,0,0.2,0.2484874429223744,1.0,anomaly_detection,isolation_forest,isolation_forest,residual,roc_auc,0.6744043803069355,0.6877706618868814,-0.0133662815799459,0.0194342130606092,SUCCESS,123
E5_DT0_PD20_SEED123,0,0.2,0.2484874429223744,1.0,anomaly_detection,isolation_forest,isolation_forest,residual,detection_latency,0.0,0.0,0.0,0.0,SUCCESS,123
E5_DT0_PD20_SEED123,0,0.2,0.2484874429223744,1.0,anomaly_detection,isolation_forest,isolation_forest,residual,threshold,0.2937656541960819,0.2937656541960819,0.0,0.0,SUCCESS,123
E5_DT0_PD20_SEED123,0,0.2,0.2484874429223744,1.0,anomaly_detection,lstm_autoencoder,lstm_autoencoder,raw,precision,0.4982578397212543,0.4982578397212543,0.0,0.0,SUCCESS,123
E5_DT0_PD20_SEED123,0,0.2,0.2484874429223744,1.0,anomaly_detection,lstm_autoencoder,lstm_autoencoder,raw,recall,0.5860655737704918,0.5860655737704918,0.0,0.0,SUCCESS,123
E5_DT0_PD20_SEED123,0,0.2,0.2484874429223744,1.0,anomaly_detection,lstm_autoencoder,lstm_autoencoder,raw,f1,0.5386064030131827,0.5386064030131827,0.0,0.0,SUCCESS,123
E5_DT0_PD20_SEED123,0,0.2,0.2484874429223744,1.0,anomaly_detection,lstm_autoencoder,lstm_autoencoder,raw,false_positive_rate,0.028731045490822,0.028731045490822,0.0,0.0,SUCCESS,123
E5_DT0_PD20_SEED123,0,0.2,0.2484874429223744,1.0,anomaly_detection,lstm_autoencoder,lstm_autoencoder,raw,pr_auc,0.561001698584242,0.561001698584242,0.0,0.0,SUCCESS,123
E5_DT0_PD20_SEED123,0,0.2,0.2484874429223744,1.0,anomaly_detection,lstm_autoencoder,lstm_autoencoder,raw,roc_auc,0.9493396177043946,0.9493396177043946,0.0,0.0,SUCCESS,123
E5_DT0_PD20_SEED123,0,0.2,0.2484874429223744,1.0,anomaly_detection,lstm_autoencoder,lstm_autoencoder,raw,detection_latency,1.3442622950819672,1.3442622950819672,0.0,0.0,SUCCESS,123
E5_DT0_PD20_SEED123,0,0.2,0.2484874429223744,1.0,anomaly_detection,lstm_autoencoder,lstm_autoencoder,raw,threshold,0.0007370078528765,0.0007370078528765,0.0,0.0,SUCCESS,123
E5_DT0_PD20_SEED123,0,0.2,0.2484874429223744,1.0,anomaly_detection,lstm_autoencoder,lstm_autoencoder,residual,precision,0.0464231354642313,0.0464231354642313,0.0,0.0,SUCCESS,123
E5_DT0_PD20_SEED123,0,0.2,0.2484874429223744,1.0,anomaly_detection,lstm_autoencoder,lstm_autoencoder,residual,recall,1.0,1.0,0.0,0.0,SUCCESS,123
E5_DT0_PD20_SEED123,0,0.2,0.2484874429223744,1.0,anomaly_detection,lstm_autoencoder,lstm_autoencoder,residual,f1,0.0887272727272727,0.0887272727272727,0.0,0.0,SUCCESS,123
E5_DT0_PD20_SEED123,0,0.2,0.2484874429223744,1.0,anomaly_detection,lstm_autoencoder,lstm_autoencoder,residual,false_positive_rate,1.0,1.0,0.0,0.0,SUCCESS,123
E5_DT0_PD20_SEED123,0,0.2,0.2484874429223744,1.0,anomaly_detection,lstm_autoencoder,lstm_autoencoder,residual,pr_auc,0.1339307033653,0.138022346640306,-0.0040916432750059,0.029644788504205,SUCCESS,123
E5_DT0_PD20_SEED123,0,0.2,0.2484874429223744,1.0,anomaly_detection,lstm_autoencoder,lstm_autoencoder,residual,roc_auc,0.7393558737718001,0.7479148404484972,-0.008558966676697,0.0114437716887187,SUCCESS,123
E5_DT0_PD20_SEED123,0,0.2,0.2484874429223744,1.0,anomaly_detection,lstm_autoencoder,lstm_autoencoder,residual,detection_latency,0.0,0.0,0.0,0.0,SUCCESS,123
E5_DT0_PD20_SEED123,0,0.2,0.2484874429223744,1.0,anomaly_detection,lstm_autoencoder,lstm_autoencoder,residual,threshold,0.0003816792741417,0.0003816792741417,0.0,0.0,SUCCESS,123
E5_DT1_PD00_SEED123,1,0.0,0.0,0.0,load_estimation,persistence,,raw,mae,0.4383777854014386,0.4383777854014386,0.0,0.0,SUCCESS,123
E5_DT1_PD00_SEED123,1,0.0,0.0,0.0,load_estimation,persistence,,raw,rmse,0.5934701818230634,0.5934701818230634,0.0,0.0,SUCCESS,123
E5_DT1_PD00_SEED123,1,0.0,0.0,0.0,load_estimation,persistence,,raw,mape,13.879795520238472,13.879795520238472,0.0,0.0,SUCCESS,123
E5_DT1_PD00_SEED123,1,0.0,0.0,0.0,load_estimation,persistence,,raw,r2,0.9349663109259364,0.9349663109259364,0.0,0.0,SUCCESS,123
E5_DT1_PD00_SEED123,1,0.0,0.0,0.0,load_estimation,xgboost,,raw,mae,0.2727781880981483,0.2727781880981483,0.0,0.0,SUCCESS,123
E5_DT1_PD00_SEED123,1,0.0,0.0,0.0,load_estimation,xgboost,,raw,rmse,0.408562516532333,0.408562516532333,0.0,0.0,SUCCESS,123
E5_DT1_PD00_SEED123,1,0.0,0.0,0.0,load_estimation,xgboost,,raw,mape,9.007307051437577,9.007307051437577,0.0,0.0,SUCCESS,123
E5_DT1_PD00_SEED123,1,0.0,0.0,0.0,load_estimation,xgboost,,raw,r2,0.969178226573376,0.969178226573376,0.0,0.0,SUCCESS,123
E5_DT1_PD00_SEED123,1,0.0,0.0,0.0,load_estimation,lstm,,raw,mae,0.2788739965268628,0.2788739965268628,0.0,0.0,SUCCESS,123
E5_DT1_PD00_SEED123,1,0.0,0.0,0.0,load_estimation,lstm,,raw,rmse,0.4151803619579586,0.4151803619579586,0.0,0.0,SUCCESS,123
E5_DT1_PD00_SEED123,1,0.0,0.0,0.0,load_estimation,lstm,,raw,mape,9.118982639637077,9.118982639637077,0.0,0.0,SUCCESS,123
E5_DT1_PD00_SEED123,1,0.0,0.0,0.0,load_estimation,lstm,,raw,r2,0.9682583482374256,0.9682583482374256,0.0,0.0,SUCCESS,123
E5_DT1_PD00_SEED123,1,0.0,0.0,0.0,anomaly_detection,isolation_forest,isolation_forest,raw,precision,0.1164658634538152,0.1164658634538152,0.0,0.0,SUCCESS,123
E5_DT1_PD00_SEED123,1,0.0,0.0,0.0,anomaly_detection,isolation_forest,isolation_forest,raw,recall,0.1188524590163934,0.1188524590163934,0.0,0.0,SUCCESS,123
E5_DT1_PD00_SEED123,1,0.0,0.0,0.0,anomaly_detection,isolation_forest,isolation_forest,raw,f1,0.1176470588235294,0.1176470588235294,0.0,0.0,SUCCESS,123
E5_DT1_PD00_SEED123,1,0.0,0.0,0.0,anomaly_detection,isolation_forest,isolation_forest,raw,false_positive_rate,0.0438946528332003,0.0438946528332003,0.0,0.0,SUCCESS,123
E5_DT1_PD00_SEED123,1,0.0,0.0,0.0,anomaly_detection,isolation_forest,isolation_forest,raw,pr_auc,0.09385708598261,0.09385708598261,0.0,0.0,SUCCESS,123
E5_DT1_PD00_SEED123,1,0.0,0.0,0.0,anomaly_detection,isolation_forest,isolation_forest,raw,roc_auc,0.7138596875695052,0.7138596875695052,0.0,0.0,SUCCESS,123
E5_DT1_PD00_SEED123,1,0.0,0.0,0.0,anomaly_detection,isolation_forest,isolation_forest,raw,detection_latency,3.2459016393442623,3.2459016393442623,0.0,0.0,SUCCESS,123
E5_DT1_PD00_SEED123,1,0.0,0.0,0.0,anomaly_detection,isolation_forest,isolation_forest,raw,threshold,0.5031683371451802,0.5031683371451802,0.0,0.0,SUCCESS,123
E5_DT1_PD00_SEED123,1,0.0,0.0,0.0,anomaly_detection,isolation_forest,isolation_forest,residual,precision,0.0464231354642313,0.0464231354642313,0.0,0.0,SUCCESS,123
E5_DT1_PD00_SEED123,1,0.0,0.0,0.0,anomaly_detection,isolation_forest,isolation_forest,residual,recall,1.0,1.0,0.0,0.0,SUCCESS,123
E5_DT1_PD00_SEED123,1,0.0,0.0,0.0,anomaly_detection,isolation_forest,isolation_forest,residual,f1,0.0887272727272727,0.0887272727272727,0.0,0.0,SUCCESS,123
E5_DT1_PD00_SEED123,1,0.0,0.0,0.0,anomaly_detection,isolation_forest,isolation_forest,residual,false_positive_rate,1.0,1.0,0.0,0.0,SUCCESS,123
E5_DT1_PD00_SEED123,1,0.0,0.0,0.0,anomaly_detection,isolation_forest,isolation_forest,residual,pr_auc,0.0918851506221842,0.0918851506221842,0.0,0.0,SUCCESS,123
E5_DT1_PD00_SEED123,1,0.0,0.0,0.0,anomaly_detection,isolation_forest,isolation_forest,residual,roc_auc,0.6877706618868814,0.6877706618868814,0.0,0.0,SUCCESS,123
E5_DT1_PD00_SEED123,1,0.0,0.0,0.0,anomaly_detection,isolation_forest,isolation_forest,residual,detection_latency,0.0,0.0,0.0,0.0,SUCCESS,123
E5_DT1_PD00_SEED123,1,0.0,0.0,0.0,anomaly_detection,isolation_forest,isolation_forest,residual,threshold,0.2937656541960819,0.2937656541960819,0.0,0.0,SUCCESS,123
E5_DT1_PD00_SEED123,1,0.0,0.0,0.0,anomaly_detection,lstm_autoencoder,lstm_autoencoder,raw,precision,0.4982578397212543,0.4982578397212543,0.0,0.0,SUCCESS,123
E5_DT1_PD00_SEED123,1,0.0,0.0,0.0,anomaly_detection,lstm_autoencoder,lstm_autoencoder,raw,recall,0.5860655737704918,0.5860655737704918,0.0,0.0,SUCCESS,123
E5_DT1_PD00_SEED123,1,0.0,0.0,0.0,anomaly_detection,lstm_autoencoder,lstm_autoencoder,raw,f1,0.5386064030131827,0.5386064030131827,0.0,0.0,SUCCESS,123
E5_DT1_PD00_SEED123,1,0.0,0.0,0.0,anomaly_detection,lstm_autoencoder,lstm_autoencoder,raw,false_positive_rate,0.028731045490822,0.028731045490822,0.0,0.0,SUCCESS,123
E5_DT1_PD00_SEED123,1,0.0,0.0,0.0,anomaly_detection,lstm_autoencoder,lstm_autoencoder,raw,pr_auc,0.561001698584242,0.561001698584242,0.0,0.0,SUCCESS,123
E5_DT1_PD00_SEED123,1,0.0,0.0,0.0,anomaly_detection,lstm_autoencoder,lstm_autoencoder,raw,roc_auc,0.9493396177043946,0.9493396177043946,0.0,0.0,SUCCESS,123
E5_DT1_PD00_SEED123,1,0.0,0.0,0.0,anomaly_detection,lstm_autoencoder,lstm_autoencoder,raw,detection_latency,1.3442622950819672,1.3442622950819672,0.0,0.0,SUCCESS,123
E5_DT1_PD00_SEED123,1,0.0,0.0,0.0,anomaly_detection,lstm_autoencoder,lstm_autoencoder,raw,threshold,0.0007370078528765,0.0007370078528765,0.0,0.0,SUCCESS,123
E5_DT1_PD00_SEED123,1,0.0,0.0,0.0,anomaly_detection,lstm_autoencoder,lstm_autoencoder,residual,precision,0.0464231354642313,0.0464231354642313,0.0,0.0,SUCCESS,123
E5_DT1_PD00_SEED123,1,0.0,0.0,0.0,anomaly_detection,lstm_autoencoder,lstm_autoencoder,residual,recall,1.0,1.0,0.0,0.0,SUCCESS,123
E5_DT1_PD00_SEED123,1,0.0,0.0,0.0,anomaly_detection,lstm_autoencoder,lstm_autoencoder,residual,f1,0.0887272727272727,0.0887272727272727,0.0,0.0,SUCCESS,123
E5_DT1_PD00_SEED123,1,0.0,0.0,0.0,anomaly_detection,lstm_autoencoder,lstm_autoencoder,residual,false_positive_rate,1.0,1.0,0.0,0.0,SUCCESS,123
E5_DT1_PD00_SEED123,1,0.0,0.0,0.0,anomaly_detection,lstm_autoencoder,lstm_autoencoder,residual,pr_auc,0.138022346640306,0.138022346640306,0.0,0.0,SUCCESS,123
E5_DT1_PD00_SEED123,1,0.0,0.0,0.0,anomaly_detection,lstm_autoencoder,lstm_autoencoder,residual,roc_auc,0.7479148404484972,0.7479148404484972,0.0,0.0,SUCCESS,123
E5_DT1_PD00_SEED123,1,0.0,0.0,0.0,anomaly_detection,lstm_autoencoder,lstm_autoencoder,residual,detection_latency,0.0,0.0,0.0,0.0,SUCCESS,123
E5_DT1_PD00_SEED123,1,0.0,0.0,0.0,anomaly_detection,lstm_autoencoder,lstm_autoencoder,residual,threshold,0.0003816792741417,0.0003816792741417,0.0,0.0,SUCCESS,123
E5_DT1_PD05_SEED123,1,0.05,0.0513413242009132,0.0,load_estimation,persistence,,raw,mae,0.4497905890918032,0.4383777854014386,0.0114128036903645,0.0260341743364423,SUCCESS,123
E5_DT1_PD05_SEED123,1,0.05,0.0513413242009132,0.0,load_estimation,persistence,,raw,rmse,0.6086361202658392,0.5934701818230634,0.0151659384427758,0.0255546763886064,SUCCESS,123
E5_DT1_PD05_SEED123,1,0.05,0.0513413242009132,0.0,load_estimation,persistence,,raw,mape,14.161339743362776,13.879795520238472,0.281544223124305,0.0202844647612984,SUCCESS,123
E5_DT1_PD05_SEED123,1,0.05,0.0513413242009132,0.0,load_estimation,persistence,,raw,r2,0.9316000114717372,0.9349663109259364,-0.0033662994541991,-0.0036004500000277,SUCCESS,123
E5_DT1_PD05_SEED123,1,0.05,0.0513413242009132,0.0,load_estimation,xgboost,,raw,mae,0.2741973286259301,0.2727781880981483,0.0014191405277818,0.0052025440071888,SUCCESS,123
E5_DT1_PD05_SEED123,1,0.05,0.0513413242009132,0.0,load_estimation,xgboost,,raw,rmse,0.4115813176006305,0.408562516532333,0.0030188010682974,0.0073888351137041,SUCCESS,123
E5_DT1_PD05_SEED123,1,0.05,0.0513413242009132,0.0,load_estimation,xgboost,,raw,mape,9.035813246854516,9.007307051437577,0.0285061954169396,0.0031647855739957,SUCCESS,123
E5_DT1_PD05_SEED123,1,0.05,0.0513413242009132,0.0,load_estimation,xgboost,,raw,r2,0.968721069858698,0.969178226573376,-0.0004571567146778,-0.0004716951971714,SUCCESS,123
E5_DT1_PD05_SEED123,1,0.05,0.0513413242009132,0.0,load_estimation,lstm,,raw,mae,0.2828327607133524,0.2788739965268628,0.0039587641864895,0.0141955300092248,SUCCESS,123
E5_DT1_PD05_SEED123,1,0.05,0.0513413242009132,0.0,load_estimation,lstm,,raw,rmse,0.4191594256792073,0.4151803619579586,0.0039790637212486,0.0095839401037266,SUCCESS,123
E5_DT1_PD05_SEED123,1,0.05,0.0513413242009132,0.0,load_estimation,lstm,,raw,mape,9.206101408408946,9.118982639637077,0.0871187687718713,0.0095535623012589,SUCCESS,123
E5_DT1_PD05_SEED123,1,0.05,0.0513413242009132,0.0,load_estimation,lstm,,raw,r2,0.9676470125275792,0.9682583482374256,-0.0006113357098463,-0.000631376647523,SUCCESS,123
E5_DT1_PD05_SEED123,1,0.05,0.0513413242009132,0.0,anomaly_detection,isolation_forest,isolation_forest,raw,precision,0.1164658634538152,0.1164658634538152,0.0,0.0,SUCCESS,123
E5_DT1_PD05_SEED123,1,0.05,0.0513413242009132,0.0,anomaly_detection,isolation_forest,isolation_forest,raw,recall,0.1188524590163934,0.1188524590163934,0.0,0.0,SUCCESS,123
E5_DT1_PD05_SEED123,1,0.05,0.0513413242009132,0.0,anomaly_detection,isolation_forest,isolation_forest,raw,f1,0.1176470588235294,0.1176470588235294,0.0,0.0,SUCCESS,123
E5_DT1_PD05_SEED123,1,0.05,0.0513413242009132,0.0,anomaly_detection,isolation_forest,isolation_forest,raw,false_positive_rate,0.0438946528332003,0.0438946528332003,0.0,0.0,SUCCESS,123
E5_DT1_PD05_SEED123,1,0.05,0.0513413242009132,0.0,anomaly_detection,isolation_forest,isolation_forest,raw,pr_auc,0.09385708598261,0.09385708598261,0.0,0.0,SUCCESS,123
E5_DT1_PD05_SEED123,1,0.05,0.0513413242009132,0.0,anomaly_detection,isolation_forest,isolation_forest,raw,roc_auc,0.7138596875695052,0.7138596875695052,0.0,0.0,SUCCESS,123
E5_DT1_PD05_SEED123,1,0.05,0.0513413242009132,0.0,anomaly_detection,isolation_forest,isolation_forest,raw,detection_latency,3.2459016393442623,3.2459016393442623,0.0,0.0,SUCCESS,123
E5_DT1_PD05_SEED123,1,0.05,0.0513413242009132,0.0,anomaly_detection,isolation_forest,isolation_forest,raw,threshold,0.5031683371451802,0.5031683371451802,0.0,0.0,SUCCESS,123
E5_DT1_PD05_SEED123,1,0.05,0.0513413242009132,0.0,anomaly_detection,isolation_forest,isolation_forest,residual,precision,0.0464231354642313,0.0464231354642313,0.0,0.0,SUCCESS,123
E5_DT1_PD05_SEED123,1,0.05,0.0513413242009132,0.0,anomaly_detection,isolation_forest,isolation_forest,residual,recall,1.0,1.0,0.0,0.0,SUCCESS,123
E5_DT1_PD05_SEED123,1,0.05,0.0513413242009132,0.0,anomaly_detection,isolation_forest,isolation_forest,residual,f1,0.0887272727272727,0.0887272727272727,0.0,0.0,SUCCESS,123
E5_DT1_PD05_SEED123,1,0.05,0.0513413242009132,0.0,anomaly_detection,isolation_forest,isolation_forest,residual,false_positive_rate,1.0,1.0,0.0,0.0,SUCCESS,123
E5_DT1_PD05_SEED123,1,0.05,0.0513413242009132,0.0,anomaly_detection,isolation_forest,isolation_forest,residual,pr_auc,0.0913217195038201,0.0918851506221842,-0.000563431118364,0.0061319061300859,SUCCESS,123
E5_DT1_PD05_SEED123,1,0.05,0.0513413242009132,0.0,anomaly_detection,isolation_forest,isolation_forest,residual,roc_auc,0.687461158792668,0.6877706618868814,-0.0003095030942134,0.0004500091547439,SUCCESS,123
E5_DT1_PD05_SEED123,1,0.05,0.0513413242009132,0.0,anomaly_detection,isolation_forest,isolation_forest,residual,detection_latency,0.0,0.0,0.0,0.0,SUCCESS,123
E5_DT1_PD05_SEED123,1,0.05,0.0513413242009132,0.0,anomaly_detection,isolation_forest,isolation_forest,residual,threshold,0.2937656541960819,0.2937656541960819,0.0,0.0,SUCCESS,123
E5_DT1_PD05_SEED123,1,0.05,0.0513413242009132,0.0,anomaly_detection,lstm_autoencoder,lstm_autoencoder,raw,precision,0.4982578397212543,0.4982578397212543,0.0,0.0,SUCCESS,123
E5_DT1_PD05_SEED123,1,0.05,0.0513413242009132,0.0,anomaly_detection,lstm_autoencoder,lstm_autoencoder,raw,recall,0.5860655737704918,0.5860655737704918,0.0,0.0,SUCCESS,123
E5_DT1_PD05_SEED123,1,0.05,0.0513413242009132,0.0,anomaly_detection,lstm_autoencoder,lstm_autoencoder,raw,f1,0.5386064030131827,0.5386064030131827,0.0,0.0,SUCCESS,123
E5_DT1_PD05_SEED123,1,0.05,0.0513413242009132,0.0,anomaly_detection,lstm_autoencoder,lstm_autoencoder,raw,false_positive_rate,0.028731045490822,0.028731045490822,0.0,0.0,SUCCESS,123
E5_DT1_PD05_SEED123,1,0.05,0.0513413242009132,0.0,anomaly_detection,lstm_autoencoder,lstm_autoencoder,raw,pr_auc,0.561001698584242,0.561001698584242,0.0,0.0,SUCCESS,123
E5_DT1_PD05_SEED123,1,0.05,0.0513413242009132,0.0,anomaly_detection,lstm_autoencoder,lstm_autoencoder,raw,roc_auc,0.9493396177043946,0.9493396177043946,0.0,0.0,SUCCESS,123
E5_DT1_PD05_SEED123,1,0.05,0.0513413242009132,0.0,anomaly_detection,lstm_autoencoder,lstm_autoencoder,raw,detection_latency,1.3442622950819672,1.3442622950819672,0.0,0.0,SUCCESS,123
E5_DT1_PD05_SEED123,1,0.05,0.0513413242009132,0.0,anomaly_detection,lstm_autoencoder,lstm_autoencoder,raw,threshold,0.0007370078528765,0.0007370078528765,0.0,0.0,SUCCESS,123
E5_DT1_PD05_SEED123,1,0.05,0.0513413242009132,0.0,anomaly_detection,lstm_autoencoder,lstm_autoencoder,residual,precision,0.0464231354642313,0.0464231354642313,0.0,0.0,SUCCESS,123
E5_DT1_PD05_SEED123,1,0.05,0.0513413242009132,0.0,anomaly_detection,lstm_autoencoder,lstm_autoencoder,residual,recall,1.0,1.0,0.0,0.0,SUCCESS,123
E5_DT1_PD05_SEED123,1,0.05,0.0513413242009132,0.0,anomaly_detection,lstm_autoencoder,lstm_autoencoder,residual,f1,0.0887272727272727,0.0887272727272727,0.0,0.0,SUCCESS,123
E5_DT1_PD05_SEED123,1,0.05,0.0513413242009132,0.0,anomaly_detection,lstm_autoencoder,lstm_autoencoder,residual,false_positive_rate,1.0,1.0,0.0,0.0,SUCCESS,123
E5_DT1_PD05_SEED123,1,0.05,0.0513413242009132,0.0,anomaly_detection,lstm_autoencoder,lstm_autoencoder,residual,pr_auc,0.1370889795707287,0.138022346640306,-0.0009333670695772,0.0067624344339661,SUCCESS,123
E5_DT1_PD05_SEED123,1,0.05,0.0513413242009132,0.0,anomaly_detection,lstm_autoencoder,lstm_autoencoder,residual,roc_auc,0.7473448968377534,0.7479148404484972,-0.0005699436107438,0.0007620434572498,SUCCESS,123
E5_DT1_PD05_SEED123,1,0.05,0.0513413242009132,0.0,anomaly_detection,lstm_autoencoder,lstm_autoencoder,residual,detection_latency,0.0,0.0,0.0,0.0,SUCCESS,123
E5_DT1_PD05_SEED123,1,0.05,0.0513413242009132,0.0,anomaly_detection,lstm_autoencoder,lstm_autoencoder,residual,threshold,0.0003816792741417,0.0003816792741417,0.0,0.0,SUCCESS,123
E5_DT1_PD10_SEED123,1,0.1,0.1100171232876712,1.0,load_estimation,persistence,,raw,mae,0.4597793968573008,0.4383777854014386,0.0214016114558622,0.0488200181865145,SUCCESS,123
E5_DT1_PD10_SEED123,1,0.1,0.1100171232876712,1.0,load_estimation,persistence,,raw,rmse,0.6207617965191485,0.5934701818230634,0.027291614696085,0.0459864969327503,SUCCESS,123
E5_DT1_PD10_SEED123,1,0.1,0.1100171232876712,1.0,load_estimation,persistence,,raw,mape,14.358109226060051,13.879795520238472,0.4783137058215789,0.034461149310459,SUCCESS,123
E5_DT1_PD10_SEED123,1,0.1,0.1100171232876712,1.0,load_estimation,persistence,,raw,r2,0.9288474373319316,0.9349663109259364,-0.0061188735940047,-0.0065444856381455,SUCCESS,123
E5_DT1_PD10_SEED123,1,0.1,0.1100171232876712,1.0,load_estimation,xgboost,,raw,mae,0.276428066477565,0.2727781880981483,0.0036498783794167,0.0133803894104007,SUCCESS,123
E5_DT1_PD10_SEED123,1,0.1,0.1100171232876712,1.0,load_estimation,xgboost,,raw,rmse,0.414262644955824,0.408562516532333,0.0057001284234909,0.0139516675975825,SUCCESS,123
E5_DT1_PD10_SEED123,1,0.1,0.1100171232876712,1.0,load_estimation,xgboost,,raw,mape,9.102831471917636,9.007307051437577,0.0955244204800607,0.0106052141816143,SUCCESS,123
E5_DT1_PD10_SEED123,1,0.1,0.1100171232876712,1.0,load_estimation,xgboost,,raw,r2,0.9683121968698816,0.969178226573376,-0.0008660297034944,-0.0008935711510527,SUCCESS,123
E5_DT1_PD10_SEED123,1,0.1,0.1100171232876712,1.0,load_estimation,lstm,,raw,mae,0.2865765784316643,0.2788739965268628,0.0077025819048014,0.0276202944725236,SUCCESS,123
E5_DT1_PD10_SEED123,1,0.1,0.1100171232876712,1.0,load_estimation,lstm,,raw,rmse,0.4232674496528388,0.4151803619579586,0.0080870876948801,0.019478492809106,SUCCESS,123
E5_DT1_PD10_SEED123,1,0.1,0.1100171232876712,1.0,load_estimation,lstm,,raw,mape,9.292334234355447,9.118982639637077,0.1733515947183725,0.019009970911105,SUCCESS,123
E5_DT1_PD10_SEED123,1,0.1,0.1100171232876712,1.0,load_estimation,lstm,,raw,r2,0.9670097460127244,0.9682583482374256,-0.0012486022247012,-0.0012895341692371,SUCCESS,123
E5_DT1_PD10_SEED123,1,0.1,0.1100171232876712,1.0,anomaly_detection,isolation_forest,isolation_forest,raw,precision,0.1164658634538152,0.1164658634538152,0.0,0.0,SUCCESS,123
E5_DT1_PD10_SEED123,1,0.1,0.1100171232876712,1.0,anomaly_detection,isolation_forest,isolation_forest,raw,recall,0.1188524590163934,0.1188524590163934,0.0,0.0,SUCCESS,123
E5_DT1_PD10_SEED123,1,0.1,0.1100171232876712,1.0,anomaly_detection,isolation_forest,isolation_forest,raw,f1,0.1176470588235294,0.1176470588235294,0.0,0.0,SUCCESS,123
E5_DT1_PD10_SEED123,1,0.1,0.1100171232876712,1.0,anomaly_detection,isolation_forest,isolation_forest,raw,false_positive_rate,0.0438946528332003,0.0438946528332003,0.0,0.0,SUCCESS,123
E5_DT1_PD10_SEED123,1,0.1,0.1100171232876712,1.0,anomaly_detection,isolation_forest,isolation_forest,raw,pr_auc,0.09385708598261,0.09385708598261,0.0,0.0,SUCCESS,123
E5_DT1_PD10_SEED123,1,0.1,0.1100171232876712,1.0,anomaly_detection,isolation_forest,isolation_forest,raw,roc_auc,0.7138596875695052,0.7138596875695052,0.0,0.0,SUCCESS,123
E5_DT1_PD10_SEED123,1,0.1,0.1100171232876712,1.0,anomaly_detection,isolation_forest,isolation_forest,raw,detection_latency,3.2459016393442623,3.2459016393442623,0.0,0.0,SUCCESS,123
E5_DT1_PD10_SEED123,1,0.1,0.1100171232876712,1.0,anomaly_detection,isolation_forest,isolation_forest,raw,threshold,0.5031683371451802,0.5031683371451802,0.0,0.0,SUCCESS,123
E5_DT1_PD10_SEED123,1,0.1,0.1100171232876712,1.0,anomaly_detection,isolation_forest,isolation_forest,residual,precision,0.0464231354642313,0.0464231354642313,0.0,0.0,SUCCESS,123
E5_DT1_PD10_SEED123,1,0.1,0.1100171232876712,1.0,anomaly_detection,isolation_forest,isolation_forest,residual,recall,1.0,1.0,0.0,0.0,SUCCESS,123
E5_DT1_PD10_SEED123,1,0.1,0.1100171232876712,1.0,anomaly_detection,isolation_forest,isolation_forest,residual,f1,0.0887272727272727,0.0887272727272727,0.0,0.0,SUCCESS,123
E5_DT1_PD10_SEED123,1,0.1,0.1100171232876712,1.0,anomaly_detection,isolation_forest,isolation_forest,residual,false_positive_rate,1.0,1.0,0.0,0.0,SUCCESS,123
E5_DT1_PD10_SEED123,1,0.1,0.1100171232876712,1.0,anomaly_detection,isolation_forest,isolation_forest,residual,pr_auc,0.0872381342631969,0.0918851506221842,-0.0046470163589873,0.0505741823082494,SUCCESS,123
E5_DT1_PD10_SEED123,1,0.1,0.1100171232876712,1.0,anomaly_detection,isolation_forest,isolation_forest,residual,roc_auc,0.6837029653421951,0.6877706618868814,-0.0040676965446863,0.0059143211103635,SUCCESS,123
E5_DT1_PD10_SEED123,1,0.1,0.1100171232876712,1.0,anomaly_detection,isolation_forest,isolation_forest,residual,detection_latency,0.0,0.0,0.0,0.0,SUCCESS,123
E5_DT1_PD10_SEED123,1,0.1,0.1100171232876712,1.0,anomaly_detection,isolation_forest,isolation_forest,residual,threshold,0.2937656541960819,0.2937656541960819,0.0,0.0,SUCCESS,123
E5_DT1_PD10_SEED123,1,0.1,0.1100171232876712,1.0,anomaly_detection,lstm_autoencoder,lstm_autoencoder,raw,precision,0.4982578397212543,0.4982578397212543,0.0,0.0,SUCCESS,123
E5_DT1_PD10_SEED123,1,0.1,0.1100171232876712,1.0,anomaly_detection,lstm_autoencoder,lstm_autoencoder,raw,recall,0.5860655737704918,0.5860655737704918,0.0,0.0,SUCCESS,123
E5_DT1_PD10_SEED123,1,0.1,0.1100171232876712,1.0,anomaly_detection,lstm_autoencoder,lstm_autoencoder,raw,f1,0.5386064030131827,0.5386064030131827,0.0,0.0,SUCCESS,123
E5_DT1_PD10_SEED123,1,0.1,0.1100171232876712,1.0,anomaly_detection,lstm_autoencoder,lstm_autoencoder,raw,false_positive_rate,0.028731045490822,0.028731045490822,0.0,0.0,SUCCESS,123
E5_DT1_PD10_SEED123,1,0.1,0.1100171232876712,1.0,anomaly_detection,lstm_autoencoder,lstm_autoencoder,raw,pr_auc,0.561001698584242,0.561001698584242,0.0,0.0,SUCCESS,123
E5_DT1_PD10_SEED123,1,0.1,0.1100171232876712,1.0,anomaly_detection,lstm_autoencoder,lstm_autoencoder,raw,roc_auc,0.9493396177043946,0.9493396177043946,0.0,0.0,SUCCESS,123
E5_DT1_PD10_SEED123,1,0.1,0.1100171232876712,1.0,anomaly_detection,lstm_autoencoder,lstm_autoencoder,raw,detection_latency,1.3442622950819672,1.3442622950819672,0.0,0.0,SUCCESS,123
E5_DT1_PD10_SEED123,1,0.1,0.1100171232876712,1.0,anomaly_detection,lstm_autoencoder,lstm_autoencoder,raw,threshold,0.0007370078528765,0.0007370078528765,0.0,0.0,SUCCESS,123
E5_DT1_PD10_SEED123,1,0.1,0.1100171232876712,1.0,anomaly_detection,lstm_autoencoder,lstm_autoencoder,residual,precision,0.0464231354642313,0.0464231354642313,0.0,0.0,SUCCESS,123
E5_DT1_PD10_SEED123,1,0.1,0.1100171232876712,1.0,anomaly_detection,lstm_autoencoder,lstm_autoencoder,residual,recall,1.0,1.0,0.0,0.0,SUCCESS,123
E5_DT1_PD10_SEED123,1,0.1,0.1100171232876712,1.0,anomaly_detection,lstm_autoencoder,lstm_autoencoder,residual,f1,0.0887272727272727,0.0887272727272727,0.0,0.0,SUCCESS,123
E5_DT1_PD10_SEED123,1,0.1,0.1100171232876712,1.0,anomaly_detection,lstm_autoencoder,lstm_autoencoder,residual,false_positive_rate,1.0,1.0,0.0,0.0,SUCCESS,123
E5_DT1_PD10_SEED123,1,0.1,0.1100171232876712,1.0,anomaly_detection,lstm_autoencoder,lstm_autoencoder,residual,pr_auc,0.1368172998646095,0.138022346640306,-0.0012050467756964,0.0087308092133575,SUCCESS,123
E5_DT1_PD10_SEED123,1,0.1,0.1100171232876712,1.0,anomaly_detection,lstm_autoencoder,lstm_autoencoder,residual,roc_auc,0.7471756309447489,0.7479148404484972,-0.0007392095037482,0.0009883605241808,SUCCESS,123
E5_DT1_PD10_SEED123,1,0.1,0.1100171232876712,1.0,anomaly_detection,lstm_autoencoder,lstm_autoencoder,residual,detection_latency,0.0,0.0,0.0,0.0,SUCCESS,123
E5_DT1_PD10_SEED123,1,0.1,0.1100171232876712,1.0,anomaly_detection,lstm_autoencoder,lstm_autoencoder,residual,threshold,0.0003816792741417,0.0003816792741417,0.0,0.0,SUCCESS,123
E5_DT1_PD20_SEED123,1,0.2,0.2484874429223744,1.0,load_estimation,persistence,,raw,mae,0.4859828768210142,0.4383777854014386,0.0476050914195756,0.1085937586367017,SUCCESS,123
E5_DT1_PD20_SEED123,1,0.2,0.2484874429223744,1.0,load_estimation,persistence,,raw,rmse,0.6574935229378739,0.5934701818230634,0.0640233411148104,0.1078796257600323,SUCCESS,123
E5_DT1_PD20_SEED123,1,0.2,0.2484874429223744,1.0,load_estimation,persistence,,raw,mape,15.072650929158934,13.879795520238472,1.1928554089204615,0.0859418575137601,SUCCESS,123
E5_DT1_PD20_SEED123,1,0.2,0.2484874429223744,1.0,load_estimation,persistence,,raw,r2,0.9201778278863056,0.9349663109259364,-0.0147884830396307,-0.0158171293091674,SUCCESS,123
E5_DT1_PD20_SEED123,1,0.2,0.2484874429223744,1.0,load_estimation,xgboost,,raw,mae,0.2861227719977929,0.2727781880981483,0.0133445838996446,0.0489210079174039,SUCCESS,123
E5_DT1_PD20_SEED123,1,0.2,0.2484874429223744,1.0,load_estimation,xgboost,,raw,rmse,0.4270177378635825,0.408562516532333,0.0184552213312494,0.0451711074424737,SUCCESS,123
E5_DT1_PD20_SEED123,1,0.2,0.2484874429223744,1.0,load_estimation,xgboost,,raw,mape,9.382379965050111,9.007307051437577,0.3750729136125379,0.0416409601083462,SUCCESS,123
E5_DT1_PD20_SEED123,1,0.2,0.2484874429223744,1.0,load_estimation,xgboost,,raw,r2,0.9663308296566172,0.969178226573376,-0.0028473969167587,-0.0029379497379196,SUCCESS,123
E5_DT1_PD20_SEED123,1,0.2,0.2484874429223744,1.0,load_estimation,lstm,,raw,mae,0.3004847857684677,0.2788739965268628,0.0216107892416048,0.0774930237696908,SUCCESS,123
E5_DT1_PD20_SEED123,1,0.2,0.2484874429223744,1.0,load_estimation,lstm,,raw,rmse,0.4370276294053901,0.4151803619579586,0.0218472674474314,0.0526211484194518,SUCCESS,123
E5_DT1_PD20_SEED123,1,0.2,0.2484874429223744,1.0,load_estimation,lstm,,raw,mape,9.608616446476796,9.118982639637077,0.4896338068397217,0.0536939071154113,SUCCESS,123
E5_DT1_PD20_SEED123,1,0.2,0.2484874429223744,1.0,load_estimation,lstm,,raw,r2,0.9648298917345818,0.9682583482374256,-0.0034284565028437,-0.0035408488954262,SUCCESS,123
E5_DT1_PD20_SEED123,1,0.2,0.2484874429223744,1.0,anomaly_detection,isolation_forest,isolation_forest,raw,precision,0.1164658634538152,0.1164658634538152,0.0,0.0,SUCCESS,123
E5_DT1_PD20_SEED123,1,0.2,0.2484874429223744,1.0,anomaly_detection,isolation_forest,isolation_forest,raw,recall,0.1188524590163934,0.1188524590163934,0.0,0.0,SUCCESS,123
E5_DT1_PD20_SEED123,1,0.2,0.2484874429223744,1.0,anomaly_detection,isolation_forest,isolation_forest,raw,f1,0.1176470588235294,0.1176470588235294,0.0,0.0,SUCCESS,123
E5_DT1_PD20_SEED123,1,0.2,0.2484874429223744,1.0,anomaly_detection,isolation_forest,isolation_forest,raw,false_positive_rate,0.0438946528332003,0.0438946528332003,0.0,0.0,SUCCESS,123
E5_DT1_PD20_SEED123,1,0.2,0.2484874429223744,1.0,anomaly_detection,isolation_forest,isolation_forest,raw,pr_auc,0.09385708598261,0.09385708598261,0.0,0.0,SUCCESS,123
E5_DT1_PD20_SEED123,1,0.2,0.2484874429223744,1.0,anomaly_detection,isolation_forest,isolation_forest,raw,roc_auc,0.7138596875695052,0.7138596875695052,0.0,0.0,SUCCESS,123
E5_DT1_PD20_SEED123,1,0.2,0.2484874429223744,1.0,anomaly_detection,isolation_forest,isolation_forest,raw,detection_latency,3.2459016393442623,3.2459016393442623,0.0,0.0,SUCCESS,123
E5_DT1_PD20_SEED123,1,0.2,0.2484874429223744,1.0,anomaly_detection,isolation_forest,isolation_forest,raw,threshold,0.5031683371451802,0.5031683371451802,0.0,0.0,SUCCESS,123
E5_DT1_PD20_SEED123,1,0.2,0.2484874429223744,1.0,anomaly_detection,isolation_forest,isolation_forest,residual,precision,0.0464231354642313,0.0464231354642313,0.0,0.0,SUCCESS,123
E5_DT1_PD20_SEED123,1,0.2,0.2484874429223744,1.0,anomaly_detection,isolation_forest,isolation_forest,residual,recall,1.0,1.0,0.0,0.0,SUCCESS,123
E5_DT1_PD20_SEED123,1,0.2,0.2484874429223744,1.0,anomaly_detection,isolation_forest,isolation_forest,residual,f1,0.0887272727272727,0.0887272727272727,0.0,0.0,SUCCESS,123
E5_DT1_PD20_SEED123,1,0.2,0.2484874429223744,1.0,anomaly_detection,isolation_forest,isolation_forest,residual,false_positive_rate,1.0,1.0,0.0,0.0,SUCCESS,123
E5_DT1_PD20_SEED123,1,0.2,0.2484874429223744,1.0,anomaly_detection,isolation_forest,isolation_forest,residual,pr_auc,0.0822097265752292,0.0918851506221842,-0.0096754240469549,0.1052991041690579,SUCCESS,123
E5_DT1_PD20_SEED123,1,0.2,0.2484874429223744,1.0,anomaly_detection,isolation_forest,isolation_forest,residual,roc_auc,0.6744043803069355,0.6877706618868814,-0.0133662815799459,0.0194342130606092,SUCCESS,123
E5_DT1_PD20_SEED123,1,0.2,0.2484874429223744,1.0,anomaly_detection,isolation_forest,isolation_forest,residual,detection_latency,0.0,0.0,0.0,0.0,SUCCESS,123
E5_DT1_PD20_SEED123,1,0.2,0.2484874429223744,1.0,anomaly_detection,isolation_forest,isolation_forest,residual,threshold,0.2937656541960819,0.2937656541960819,0.0,0.0,SUCCESS,123
E5_DT1_PD20_SEED123,1,0.2,0.2484874429223744,1.0,anomaly_detection,lstm_autoencoder,lstm_autoencoder,raw,precision,0.4982578397212543,0.4982578397212543,0.0,0.0,SUCCESS,123
E5_DT1_PD20_SEED123,1,0.2,0.2484874429223744,1.0,anomaly_detection,lstm_autoencoder,lstm_autoencoder,raw,recall,0.5860655737704918,0.5860655737704918,0.0,0.0,SUCCESS,123
E5_DT1_PD20_SEED123,1,0.2,0.2484874429223744,1.0,anomaly_detection,lstm_autoencoder,lstm_autoencoder,raw,f1,0.5386064030131827,0.5386064030131827,0.0,0.0,SUCCESS,123
E5_DT1_PD20_SEED123,1,0.2,0.2484874429223744,1.0,anomaly_detection,lstm_autoencoder,lstm_autoencoder,raw,false_positive_rate,0.028731045490822,0.028731045490822,0.0,0.0,SUCCESS,123
E5_DT1_PD20_SEED123,1,0.2,0.2484874429223744,1.0,anomaly_detection,lstm_autoencoder,lstm_autoencoder,raw,pr_auc,0.561001698584242,0.561001698584242,0.0,0.0,SUCCESS,123
E5_DT1_PD20_SEED123,1,0.2,0.2484874429223744,1.0,anomaly_detection,lstm_autoencoder,lstm_autoencoder,raw,roc_auc,0.9493396177043946,0.9493396177043946,0.0,0.0,SUCCESS,123
E5_DT1_PD20_SEED123,1,0.2,0.2484874429223744,1.0,anomaly_detection,lstm_autoencoder,lstm_autoencoder,raw,detection_latency,1.3442622950819672,1.3442622950819672,0.0,0.0,SUCCESS,123
E5_DT1_PD20_SEED123,1,0.2,0.2484874429223744,1.0,anomaly_detection,lstm_autoencoder,lstm_autoencoder,raw,threshold,0.0007370078528765,0.0007370078528765,0.0,0.0,SUCCESS,123
E5_DT1_PD20_SEED123,1,0.2,0.2484874429223744,1.0,anomaly_detection,lstm_autoencoder,lstm_autoencoder,residual,precision,0.0464231354642313,0.0464231354642313,0.0,0.0,SUCCESS,123
E5_DT1_PD20_SEED123,1,0.2,0.2484874429223744,1.0,anomaly_detection,lstm_autoencoder,lstm_autoencoder,residual,recall,1.0,1.0,0.0,0.0,SUCCESS,123
E5_DT1_PD20_SEED123,1,0.2,0.2484874429223744,1.0,anomaly_detection,lstm_autoencoder,lstm_autoencoder,residual,f1,0.0887272727272727,0.0887272727272727,0.0,0.0,SUCCESS,123
E5_DT1_PD20_SEED123,1,0.2,0.2484874429223744,1.0,anomaly_detection,lstm_autoencoder,lstm_autoencoder,residual,false_positive_rate,1.0,1.0,0.0,0.0,SUCCESS,123
E5_DT1_PD20_SEED123,1,0.2,0.2484874429223744,1.0,anomaly_detection,lstm_autoencoder,lstm_autoencoder,residual,pr_auc,0.1339307033653,0.138022346640306,-0.0040916432750059,0.029644788504205,SUCCESS,123
E5_DT1_PD20_SEED123,1,0.2,0.2484874429223744,1.0,anomaly_detection,lstm_autoencoder,lstm_autoencoder,residual,roc_auc,0.7393558737718001,0.7479148404484972,-0.008558966676697,0.0114437716887187,SUCCESS,123
E5_DT1_PD20_SEED123,1,0.2,0.2484874429223744,1.0,anomaly_detection,lstm_autoencoder,lstm_autoencoder,residual,detection_latency,0.0,0.0,0.0,0.0,SUCCESS,123
E5_DT1_PD20_SEED123,1,0.2,0.2484874429223744,1.0,anomaly_detection,lstm_autoencoder,lstm_autoencoder,residual,threshold,0.0003816792741417,0.0003816792741417,0.0,0.0,SUCCESS,123
E5_DT5_PD00_SEED123,5,0.0,2.0,4.0,load_estimation,persistence,,raw,mae,0.8607347878645907,0.4383777854014386,0.422357002463152,0.963454391459148,SUCCESS,123
E5_DT5_PD00_SEED123,5,0.0,2.0,4.0,load_estimation,persistence,,raw,rmse,1.130667675400816,0.5934701818230634,0.5371974935777526,0.905180260156545,SUCCESS,123
E5_DT5_PD00_SEED123,5,0.0,2.0,4.0,load_estimation,persistence,,raw,mape,25.013536511064466,13.879795520238472,11.133740990825991,0.8021545399996427,SUCCESS,123
E5_DT5_PD00_SEED123,5,0.0,2.0,4.0,load_estimation,persistence,,raw,r2,0.7639464498296812,0.9349663109259364,-0.1710198610962551,-0.182915532995929,SUCCESS,123
E5_DT5_PD00_SEED123,5,0.0,2.0,4.0,load_estimation,xgboost,,raw,mae,0.5226819838653779,0.2727781880981483,0.2499037957672296,0.91614288337934,SUCCESS,123
E5_DT5_PD00_SEED123,5,0.0,2.0,4.0,load_estimation,xgboost,,raw,rmse,0.7146570755432405,0.408562516532333,0.3060945590109075,0.749198829126273,SUCCESS,123
E5_DT5_PD00_SEED123,5,0.0,2.0,4.0,load_estimation,xgboost,,raw,mape,15.231311001971504,9.007307051437577,6.224003950533929,0.6909949794084761,SUCCESS,123
E5_DT5_PD00_SEED123,5,0.0,2.0,4.0,load_estimation,xgboost,,raw,r2,0.905694726372256,0.969178226573376,-0.0634835002011198,-0.0655024003434042,SUCCESS,123
E5_DT5_PD00_SEED123,5,0.0,2.0,4.0,load_estimation,lstm,,raw,mae,0.5946790087002084,0.2788739965268628,0.3158050121733455,1.1324290400196035,SUCCESS,123
E5_DT5_PD00_SEED123,5,0.0,2.0,4.0,load_estimation,lstm,,raw,rmse,0.777885839324871,0.4151803619579586,0.3627054773669123,0.8736094252060025,SUCCESS,123
E5_DT5_PD00_SEED123,5,0.0,2.0,4.0,load_estimation,lstm,,raw,mape,16.546755775297946,9.118982639637077,7.427773135660871,0.8145396728111863,SUCCESS,123
E5_DT5_PD00_SEED123,5,0.0,2.0,4.0,load_estimation,lstm,,raw,r2,0.8885737159216507,0.9682583482374256,-0.0796846323157748,-0.082296870934115,SUCCESS,123
E5_DT5_PD00_SEED123,5,0.0,2.0,4.0,anomaly_detection,isolation_forest,isolation_forest,raw,precision,0.1164658634538152,0.1164658634538152,0.0,0.0,SUCCESS,123
E5_DT5_PD00_SEED123,5,0.0,2.0,4.0,anomaly_detection,isolation_forest,isolation_forest,raw,recall,0.1188524590163934,0.1188524590163934,0.0,0.0,SUCCESS,123
E5_DT5_PD00_SEED123,5,0.0,2.0,4.0,anomaly_detection,isolation_forest,isolation_forest,raw,f1,0.1176470588235294,0.1176470588235294,0.0,0.0,SUCCESS,123
E5_DT5_PD00_SEED123,5,0.0,2.0,4.0,anomaly_detection,isolation_forest,isolation_forest,raw,false_positive_rate,0.0438946528332003,0.0438946528332003,0.0,0.0,SUCCESS,123
E5_DT5_PD00_SEED123,5,0.0,2.0,4.0,anomaly_detection,isolation_forest,isolation_forest,raw,pr_auc,0.09385708598261,0.09385708598261,0.0,0.0,SUCCESS,123
E5_DT5_PD00_SEED123,5,0.0,2.0,4.0,anomaly_detection,isolation_forest,isolation_forest,raw,roc_auc,0.7138596875695052,0.7138596875695052,0.0,0.0,SUCCESS,123
E5_DT5_PD00_SEED123,5,0.0,2.0,4.0,anomaly_detection,isolation_forest,isolation_forest,raw,detection_latency,3.2459016393442623,3.2459016393442623,0.0,0.0,SUCCESS,123
E5_DT5_PD00_SEED123,5,0.0,2.0,4.0,anomaly_detection,isolation_forest,isolation_forest,raw,threshold,0.5031683371451802,0.5031683371451802,0.0,0.0,SUCCESS,123
E5_DT5_PD00_SEED123,5,0.0,2.0,4.0,anomaly_detection,isolation_forest,isolation_forest,residual,precision,0.0464231354642313,0.0464231354642313,0.0,0.0,SUCCESS,123
E5_DT5_PD00_SEED123,5,0.0,2.0,4.0,anomaly_detection,isolation_forest,isolation_forest,residual,recall,1.0,1.0,0.0,0.0,SUCCESS,123
E5_DT5_PD00_SEED123,5,0.0,2.0,4.0,anomaly_detection,isolation_forest,isolation_forest,residual,f1,0.0887272727272727,0.0887272727272727,0.0,0.0,SUCCESS,123
E5_DT5_PD00_SEED123,5,0.0,2.0,4.0,anomaly_detection,isolation_forest,isolation_forest,residual,false_positive_rate,1.0,1.0,0.0,0.0,SUCCESS,123
E5_DT5_PD00_SEED123,5,0.0,2.0,4.0,anomaly_detection,isolation_forest,isolation_forest,residual,pr_auc,0.0573902729008182,0.0918851506221842,-0.0344948777213659,0.3754129746513986,SUCCESS,123
E5_DT5_PD00_SEED123,5,0.0,2.0,4.0,anomaly_detection,isolation_forest,isolation_forest,residual,roc_auc,0.604823014928107,0.6877706618868814,-0.0829476469587744,0.120603642399066,SUCCESS,123
E5_DT5_PD00_SEED123,5,0.0,2.0,4.0,anomaly_detection,isolation_forest,isolation_forest,residual,detection_latency,0.0,0.0,0.0,0.0,SUCCESS,123
E5_DT5_PD00_SEED123,5,0.0,2.0,4.0,anomaly_detection,isolation_forest,isolation_forest,residual,threshold,0.2937656541960819,0.2937656541960819,0.0,0.0,SUCCESS,123
E5_DT5_PD00_SEED123,5,0.0,2.0,4.0,anomaly_detection,lstm_autoencoder,lstm_autoencoder,raw,precision,0.4982578397212543,0.4982578397212543,0.0,0.0,SUCCESS,123
E5_DT5_PD00_SEED123,5,0.0,2.0,4.0,anomaly_detection,lstm_autoencoder,lstm_autoencoder,raw,recall,0.5860655737704918,0.5860655737704918,0.0,0.0,SUCCESS,123
E5_DT5_PD00_SEED123,5,0.0,2.0,4.0,anomaly_detection,lstm_autoencoder,lstm_autoencoder,raw,f1,0.5386064030131827,0.5386064030131827,0.0,0.0,SUCCESS,123
E5_DT5_PD00_SEED123,5,0.0,2.0,4.0,anomaly_detection,lstm_autoencoder,lstm_autoencoder,raw,false_positive_rate,0.028731045490822,0.028731045490822,0.0,0.0,SUCCESS,123
E5_DT5_PD00_SEED123,5,0.0,2.0,4.0,anomaly_detection,lstm_autoencoder,lstm_autoencoder,raw,pr_auc,0.561001698584242,0.561001698584242,0.0,0.0,SUCCESS,123
E5_DT5_PD00_SEED123,5,0.0,2.0,4.0,anomaly_detection,lstm_autoencoder,lstm_autoencoder,raw,roc_auc,0.9493396177043946,0.9493396177043946,0.0,0.0,SUCCESS,123
E5_DT5_PD00_SEED123,5,0.0,2.0,4.0,anomaly_detection,lstm_autoencoder,lstm_autoencoder,raw,detection_latency,1.3442622950819672,1.3442622950819672,0.0,0.0,SUCCESS,123
E5_DT5_PD00_SEED123,5,0.0,2.0,4.0,anomaly_detection,lstm_autoencoder,lstm_autoencoder,raw,threshold,0.0007370078528765,0.0007370078528765,0.0,0.0,SUCCESS,123
E5_DT5_PD00_SEED123,5,0.0,2.0,4.0,anomaly_detection,lstm_autoencoder,lstm_autoencoder,residual,precision,0.0464231354642313,0.0464231354642313,0.0,0.0,SUCCESS,123
E5_DT5_PD00_SEED123,5,0.0,2.0,4.0,anomaly_detection,lstm_autoencoder,lstm_autoencoder,residual,recall,1.0,1.0,0.0,0.0,SUCCESS,123
E5_DT5_PD00_SEED123,5,0.0,2.0,4.0,anomaly_detection,lstm_autoencoder,lstm_autoencoder,residual,f1,0.0887272727272727,0.0887272727272727,0.0,0.0,SUCCESS,123
E5_DT5_PD00_SEED123,5,0.0,2.0,4.0,anomaly_detection,lstm_autoencoder,lstm_autoencoder,residual,false_positive_rate,1.0,1.0,0.0,0.0,SUCCESS,123
E5_DT5_PD00_SEED123,5,0.0,2.0,4.0,anomaly_detection,lstm_autoencoder,lstm_autoencoder,residual,pr_auc,0.128019774630988,0.138022346640306,-0.0100025720093179,0.0724706705312382,SUCCESS,123
E5_DT5_PD00_SEED123,5,0.0,2.0,4.0,anomaly_detection,lstm_autoencoder,lstm_autoencoder,residual,roc_auc,0.6992562113223347,0.7479148404484972,-0.0486586291261624,0.0650590501680427,SUCCESS,123
E5_DT5_PD00_SEED123,5,0.0,2.0,4.0,anomaly_detection,lstm_autoencoder,lstm_autoencoder,residual,detection_latency,0.0,0.0,0.0,0.0,SUCCESS,123
E5_DT5_PD00_SEED123,5,0.0,2.0,4.0,anomaly_detection,lstm_autoencoder,lstm_autoencoder,residual,threshold,0.0003816792741417,0.0003816792741417,0.0,0.0,SUCCESS,123
E5_DT5_PD05_SEED123,5,0.05,2.033076484018265,4.0,load_estimation,persistence,,raw,mae,0.8636784940459049,0.4383777854014386,0.4253007086444663,0.9701693899817548,SUCCESS,123
E5_DT5_PD05_SEED123,5,0.05,2.033076484018265,4.0,load_estimation,persistence,,raw,rmse,1.140635023053319,0.5934701818230634,0.5471648412302557,0.921975287030321,SUCCESS,123
E5_DT5_PD05_SEED123,5,0.05,2.033076484018265,4.0,load_estimation,persistence,,raw,mape,25.090597079614408,13.879795520238472,11.210801559375936,0.8077065359521464,SUCCESS,123
E5_DT5_PD05_SEED123,5,0.05,2.033076484018265,4.0,load_estimation,persistence,,raw,r2,0.7597662676737615,0.9349663109259364,-0.1752000432521747,-0.1873864771434029,SUCCESS,123
E5_DT5_PD05_SEED123,5,0.05,2.033076484018265,4.0,load_estimation,xgboost,,raw,mae,0.5271801408295218,0.2727781880981483,0.2544019527313735,0.9326330470376069,SUCCESS,123
E5_DT5_PD05_SEED123,5,0.05,2.033076484018265,4.0,load_estimation,xgboost,,raw,rmse,0.7228160216734454,0.408562516532333,0.3142535051411123,0.7691687132934594,SUCCESS,123
E5_DT5_PD05_SEED123,5,0.05,2.033076484018265,4.0,load_estimation,xgboost,,raw,mape,15.387694966372914,9.007307051437577,6.380387914935339,0.7083568794201395,SUCCESS,123
E5_DT5_PD05_SEED123,5,0.05,2.033076484018265,4.0,load_estimation,xgboost,,raw,r2,0.9035291456587716,0.969178226573376,-0.0656490809146042,-0.0677368507820413,SUCCESS,123
E5_DT5_PD05_SEED123,5,0.05,2.033076484018265,4.0,load_estimation,lstm,,raw,mae,0.6064283768077802,0.2788739965268628,0.3275543802809173,1.1745604981472888,SUCCESS,123
E5_DT5_PD05_SEED123,5,0.05,2.033076484018265,4.0,load_estimation,lstm,,raw,rmse,0.7907342841605756,0.4151803619579586,0.3755539222026169,0.9045560836055286,SUCCESS,123
E5_DT5_PD05_SEED123,5,0.05,2.033076484018265,4.0,load_estimation,lstm,,raw,mape,16.839732302463556,9.118982639637077,7.720749662826481,0.8466678760048345,SUCCESS,123
E5_DT5_PD05_SEED123,5,0.05,2.033076484018265,4.0,load_estimation,lstm,,raw,r2,0.8848624312941523,0.9682583482374256,-0.0833959169432732,-0.0861298196861234,SUCCESS,123
E5_DT5_PD05_SEED123,5,0.05,2.033076484018265,4.0,anomaly_detection,isolation_forest,isolation_forest,raw,precision,0.1164658634538152,0.1164658634538152,0.0,0.0,SUCCESS,123
E5_DT5_PD05_SEED123,5,0.05,2.033076484018265,4.0,anomaly_detection,isolation_forest,isolation_forest,raw,recall,0.1188524590163934,0.1188524590163934,0.0,0.0,SUCCESS,123
E5_DT5_PD05_SEED123,5,0.05,2.033076484018265,4.0,anomaly_detection,isolation_forest,isolation_forest,raw,f1,0.1176470588235294,0.1176470588235294,0.0,0.0,SUCCESS,123
E5_DT5_PD05_SEED123,5,0.05,2.033076484018265,4.0,anomaly_detection,isolation_forest,isolation_forest,raw,false_positive_rate,0.0438946528332003,0.0438946528332003,0.0,0.0,SUCCESS,123
E5_DT5_PD05_SEED123,5,0.05,2.033076484018265,4.0,anomaly_detection,isolation_forest,isolation_forest,raw,pr_auc,0.09385708598261,0.09385708598261,0.0,0.0,SUCCESS,123
E5_DT5_PD05_SEED123,5,0.05,2.033076484018265,4.0,anomaly_detection,isolation_forest,isolation_forest,raw,roc_auc,0.7138596875695052,0.7138596875695052,0.0,0.0,SUCCESS,123
E5_DT5_PD05_SEED123,5,0.05,2.033076484018265,4.0,anomaly_detection,isolation_forest,isolation_forest,raw,detection_latency,3.2459016393442623,3.2459016393442623,0.0,0.0,SUCCESS,123
E5_DT5_PD05_SEED123,5,0.05,2.033076484018265,4.0,anomaly_detection,isolation_forest,isolation_forest,raw,threshold,0.5031683371451802,0.5031683371451802,0.0,0.0,SUCCESS,123
E5_DT5_PD05_SEED123,5,0.05,2.033076484018265,4.0,anomaly_detection,isolation_forest,isolation_forest,residual,precision,0.0464231354642313,0.0464231354642313,0.0,0.0,SUCCESS,123
E5_DT5_PD05_SEED123,5,0.05,2.033076484018265,4.0,anomaly_detection,isolation_forest,isolation_forest,residual,recall,1.0,1.0,0.0,0.0,SUCCESS,123
E5_DT5_PD05_SEED123,5,0.05,2.033076484018265,4.0,anomaly_detection,isolation_forest,isolation_forest,residual,f1,0.0887272727272727,0.0887272727272727,0.0,0.0,SUCCESS,123
E5_DT5_PD05_SEED123,5,0.05,2.033076484018265,4.0,anomaly_detection,isolation_forest,isolation_forest,residual,false_positive_rate,1.0,1.0,0.0,0.0,SUCCESS,123
E5_DT5_PD05_SEED123,5,0.05,2.033076484018265,4.0,anomaly_detection,isolation_forest,isolation_forest,residual,pr_auc,0.0653421925885572,0.0918851506221842,-0.026542958033627,0.2888710292565885,SUCCESS,123
E5_DT5_PD05_SEED123,5,0.05,2.033076484018265,4.0,anomaly_detection,isolation_forest,isolation_forest,residual,roc_auc,0.6325891630578415,0.6877706618868814,-0.0551814988290398,0.0802324115972769,SUCCESS,123
E5_DT5_PD05_SEED123,5,0.05,2.033076484018265,4.0,anomaly_detection,isolation_forest,isolation_forest,residual,detection_latency,0.0,0.0,0.0,0.0,SUCCESS,123
E5_DT5_PD05_SEED123,5,0.05,2.033076484018265,4.0,anomaly_detection,isolation_forest,isolation_forest,residual,threshold,0.2937656541960819,0.2937656541960819,0.0,0.0,SUCCESS,123
E5_DT5_PD05_SEED123,5,0.05,2.033076484018265,4.0,anomaly_detection,lstm_autoencoder,lstm_autoencoder,raw,precision,0.4982578397212543,0.4982578397212543,0.0,0.0,SUCCESS,123
E5_DT5_PD05_SEED123,5,0.05,2.033076484018265,4.0,anomaly_detection,lstm_autoencoder,lstm_autoencoder,raw,recall,0.5860655737704918,0.5860655737704918,0.0,0.0,SUCCESS,123
E5_DT5_PD05_SEED123,5,0.05,2.033076484018265,4.0,anomaly_detection,lstm_autoencoder,lstm_autoencoder,raw,f1,0.5386064030131827,0.5386064030131827,0.0,0.0,SUCCESS,123
E5_DT5_PD05_SEED123,5,0.05,2.033076484018265,4.0,anomaly_detection,lstm_autoencoder,lstm_autoencoder,raw,false_positive_rate,0.028731045490822,0.028731045490822,0.0,0.0,SUCCESS,123
E5_DT5_PD05_SEED123,5,0.05,2.033076484018265,4.0,anomaly_detection,lstm_autoencoder,lstm_autoencoder,raw,pr_auc,0.561001698584242,0.561001698584242,0.0,0.0,SUCCESS,123
E5_DT5_PD05_SEED123,5,0.05,2.033076484018265,4.0,anomaly_detection,lstm_autoencoder,lstm_autoencoder,raw,roc_auc,0.9493396177043946,0.9493396177043946,0.0,0.0,SUCCESS,123
E5_DT5_PD05_SEED123,5,0.05,2.033076484018265,4.0,anomaly_detection,lstm_autoencoder,lstm_autoencoder,raw,detection_latency,1.3442622950819672,1.3442622950819672,0.0,0.0,SUCCESS,123
E5_DT5_PD05_SEED123,5,0.05,2.033076484018265,4.0,anomaly_detection,lstm_autoencoder,lstm_autoencoder,raw,threshold,0.0007370078528765,0.0007370078528765,0.0,0.0,SUCCESS,123
E5_DT5_PD05_SEED123,5,0.05,2.033076484018265,4.0,anomaly_detection,lstm_autoencoder,lstm_autoencoder,residual,precision,0.0464231354642313,0.0464231354642313,0.0,0.0,SUCCESS,123
E5_DT5_PD05_SEED123,5,0.05,2.033076484018265,4.0,anomaly_detection,lstm_autoencoder,lstm_autoencoder,residual,recall,1.0,1.0,0.0,0.0,SUCCESS,123
E5_DT5_PD05_SEED123,5,0.05,2.033076484018265,4.0,anomaly_detection,lstm_autoencoder,lstm_autoencoder,residual,f1,0.0887272727272727,0.0887272727272727,0.0,0.0,SUCCESS,123
E5_DT5_PD05_SEED123,5,0.05,2.033076484018265,4.0,anomaly_detection,lstm_autoencoder,lstm_autoencoder,residual,false_positive_rate,1.0,1.0,0.0,0.0,SUCCESS,123
E5_DT5_PD05_SEED123,5,0.05,2.033076484018265,4.0,anomaly_detection,lstm_autoencoder,lstm_autoencoder,residual,pr_auc,0.1385664983177301,0.138022346640306,0.0005441516774241,-0.0039424896813432,SUCCESS,123
E5_DT5_PD05_SEED123,5,0.05,2.033076484018265,4.0,anomaly_detection,lstm_autoencoder,lstm_autoencoder,residual,roc_auc,0.7109568183899624,0.7479148404484972,-0.0369580220585348,0.0494147462515551,SUCCESS,123
E5_DT5_PD05_SEED123,5,0.05,2.033076484018265,4.0,anomaly_detection,lstm_autoencoder,lstm_autoencoder,residual,detection_latency,0.0,0.0,0.0,0.0,SUCCESS,123
E5_DT5_PD05_SEED123,5,0.05,2.033076484018265,4.0,anomaly_detection,lstm_autoencoder,lstm_autoencoder,residual,threshold,0.0003816792741417,0.0003816792741417,0.0,0.0,SUCCESS,123
E5_DT5_PD10_SEED123,5,0.1,2.0680650684931505,4.0,load_estimation,persistence,,raw,mae,0.853465763469265,0.4383777854014386,0.4150879780678263,0.9468727474128622,SUCCESS,123
E5_DT5_PD10_SEED123,5,0.1,2.0680650684931505,4.0,load_estimation,persistence,,raw,rmse,1.128726016718263,0.5934701818230634,0.5352558348951992,0.9019085563001038,SUCCESS,123
E5_DT5_PD10_SEED123,5,0.1,2.0680650684931505,4.0,load_estimation,persistence,,raw,mape,24.86846057410549,13.879795520238472,10.98866505386702,0.791702229175075,SUCCESS,123
E5_DT5_PD10_SEED123,5,0.1,2.0680650684931505,4.0,load_estimation,persistence,,raw,r2,0.7647564878151447,0.9349663109259364,-0.1702098231107915,-0.1820491509926445,SUCCESS,123
E5_DT5_PD10_SEED123,5,0.1,2.0680650684931505,4.0,load_estimation,xgboost,,raw,mae,0.5241741480665846,0.2727781880981483,0.2513959599684363,0.9216131308782708,SUCCESS,123
E5_DT5_PD10_SEED123,5,0.1,2.0680650684931505,4.0,load_estimation,xgboost,,raw,rmse,0.7156064402989154,0.408562516532333,0.3070439237665823,0.751522499843138,SUCCESS,123
E5_DT5_PD10_SEED123,5,0.1,2.0680650684931505,4.0,load_estimation,xgboost,,raw,mape,15.40775711312773,9.007307051437577,6.4004500616901545,0.7105841984890074,SUCCESS,123
E5_DT5_PD10_SEED123,5,0.1,2.0680650684931505,4.0,load_estimation,xgboost,,raw,r2,0.9054440059276896,0.969178226573376,-0.0637342206456863,-0.0657610941911323,SUCCESS,123
E5_DT5_PD10_SEED123,5,0.1,2.0680650684931505,4.0,load_estimation,lstm,,raw,mae,0.5957344773392957,0.2788739965268628,0.3168604808124329,1.136213791026267,SUCCESS,123
E5_DT5_PD10_SEED123,5,0.1,2.0680650684931505,4.0,load_estimation,lstm,,raw,rmse,0.7771036954941578,0.4151803619579586,0.3619233335361991,0.8717255600178114,SUCCESS,123
E5_DT5_PD10_SEED123,5,0.1,2.0680650684931505,4.0,load_estimation,lstm,,raw,mape,16.62231677491922,9.118982639637077,7.503334135282145,0.8228257944770876,SUCCESS,123
E5_DT5_PD10_SEED123,5,0.1,2.0680650684931505,4.0,load_estimation,lstm,,raw,r2,0.8887976756906879,0.9682583482374256,-0.0794606725467376,-0.0820655692681444,SUCCESS,123
E5_DT5_PD10_SEED123,5,0.1,2.0680650684931505,4.0,anomaly_detection,isolation_forest,isolation_forest,raw,precision,0.1164658634538152,0.1164658634538152,0.0,0.0,SUCCESS,123
E5_DT5_PD10_SEED123,5,0.1,2.0680650684931505,4.0,anomaly_detection,isolation_forest,isolation_forest,raw,recall,0.1188524590163934,0.1188524590163934,0.0,0.0,SUCCESS,123
E5_DT5_PD10_SEED123,5,0.1,2.0680650684931505,4.0,anomaly_detection,isolation_forest,isolation_forest,raw,f1,0.1176470588235294,0.1176470588235294,0.0,0.0,SUCCESS,123
E5_DT5_PD10_SEED123,5,0.1,2.0680650684931505,4.0,anomaly_detection,isolation_forest,isolation_forest,raw,false_positive_rate,0.0438946528332003,0.0438946528332003,0.0,0.0,SUCCESS,123
E5_DT5_PD10_SEED123,5,0.1,2.0680650684931505,4.0,anomaly_detection,isolation_forest,isolation_forest,raw,pr_auc,0.09385708598261,0.09385708598261,0.0,0.0,SUCCESS,123
E5_DT5_PD10_SEED123,5,0.1,2.0680650684931505,4.0,anomaly_detection,isolation_forest,isolation_forest,raw,roc_auc,0.7138596875695052,0.7138596875695052,0.0,0.0,SUCCESS,123
E5_DT5_PD10_SEED123,5,0.1,2.0680650684931505,4.0,anomaly_detection,isolation_forest,isolation_forest,raw,detection_latency,3.2459016393442623,3.2459016393442623,0.0,0.0,SUCCESS,123
E5_DT5_PD10_SEED123,5,0.1,2.0680650684931505,4.0,anomaly_detection,isolation_forest,isolation_forest,raw,threshold,0.5031683371451802,0.5031683371451802,0.0,0.0,SUCCESS,123
E5_DT5_PD10_SEED123,5,0.1,2.0680650684931505,4.0,anomaly_detection,isolation_forest,isolation_forest,residual,precision,0.0464231354642313,0.0464231354642313,0.0,0.0,SUCCESS,123
E5_DT5_PD10_SEED123,5,0.1,2.0680650684931505,4.0,anomaly_detection,isolation_forest,isolation_forest,residual,recall,1.0,1.0,0.0,0.0,SUCCESS,123
E5_DT5_PD10_SEED123,5,0.1,2.0680650684931505,4.0,anomaly_detection,isolation_forest,isolation_forest,residual,f1,0.0887272727272727,0.0887272727272727,0.0,0.0,SUCCESS,123
E5_DT5_PD10_SEED123,5,0.1,2.0680650684931505,4.0,anomaly_detection,isolation_forest,isolation_forest,residual,false_positive_rate,1.0,1.0,0.0,0.0,SUCCESS,123
E5_DT5_PD10_SEED123,5,0.1,2.0680650684931505,4.0,anomaly_detection,isolation_forest,isolation_forest,residual,pr_auc,0.0585094037974314,0.0918851506221842,-0.0333757468247528,0.3632333037357481,SUCCESS,123
E5_DT5_PD10_SEED123,5,0.1,2.0680650684931505,4.0,anomaly_detection,isolation_forest,isolation_forest,residual,roc_auc,0.6210058973218374,0.6877706618868814,-0.0667647645650439,0.0970741676911262,SUCCESS,123
E5_DT5_PD10_SEED123,5,0.1,2.0680650684931505,4.0,anomaly_detection,isolation_forest,isolation_forest,residual,detection_latency,0.0,0.0,0.0,0.0,SUCCESS,123
E5_DT5_PD10_SEED123,5,0.1,2.0680650684931505,4.0,anomaly_detection,isolation_forest,isolation_forest,residual,threshold,0.2937656541960819,0.2937656541960819,0.0,0.0,SUCCESS,123
E5_DT5_PD10_SEED123,5,0.1,2.0680650684931505,4.0,anomaly_detection,lstm_autoencoder,lstm_autoencoder,raw,precision,0.4982578397212543,0.4982578397212543,0.0,0.0,SUCCESS,123
E5_DT5_PD10_SEED123,5,0.1,2.0680650684931505,4.0,anomaly_detection,lstm_autoencoder,lstm_autoencoder,raw,recall,0.5860655737704918,0.5860655737704918,0.0,0.0,SUCCESS,123
E5_DT5_PD10_SEED123,5,0.1,2.0680650684931505,4.0,anomaly_detection,lstm_autoencoder,lstm_autoencoder,raw,f1,0.5386064030131827,0.5386064030131827,0.0,0.0,SUCCESS,123
E5_DT5_PD10_SEED123,5,0.1,2.0680650684931505,4.0,anomaly_detection,lstm_autoencoder,lstm_autoencoder,raw,false_positive_rate,0.028731045490822,0.028731045490822,0.0,0.0,SUCCESS,123
E5_DT5_PD10_SEED123,5,0.1,2.0680650684931505,4.0,anomaly_detection,lstm_autoencoder,lstm_autoencoder,raw,pr_auc,0.561001698584242,0.561001698584242,0.0,0.0,SUCCESS,123
E5_DT5_PD10_SEED123,5,0.1,2.0680650684931505,4.0,anomaly_detection,lstm_autoencoder,lstm_autoencoder,raw,roc_auc,0.9493396177043946,0.9493396177043946,0.0,0.0,SUCCESS,123
E5_DT5_PD10_SEED123,5,0.1,2.0680650684931505,4.0,anomaly_detection,lstm_autoencoder,lstm_autoencoder,raw,detection_latency,1.3442622950819672,1.3442622950819672,0.0,0.0,SUCCESS,123
E5_DT5_PD10_SEED123,5,0.1,2.0680650684931505,4.0,anomaly_detection,lstm_autoencoder,lstm_autoencoder,raw,threshold,0.0007370078528765,0.0007370078528765,0.0,0.0,SUCCESS,123
E5_DT5_PD10_SEED123,5,0.1,2.0680650684931505,4.0,anomaly_detection,lstm_autoencoder,lstm_autoencoder,residual,precision,0.0464231354642313,0.0464231354642313,0.0,0.0,SUCCESS,123
E5_DT5_PD10_SEED123,5,0.1,2.0680650684931505,4.0,anomaly_detection,lstm_autoencoder,lstm_autoencoder,residual,recall,1.0,1.0,0.0,0.0,SUCCESS,123
E5_DT5_PD10_SEED123,5,0.1,2.0680650684931505,4.0,anomaly_detection,lstm_autoencoder,lstm_autoencoder,residual,f1,0.0887272727272727,0.0887272727272727,0.0,0.0,SUCCESS,123
E5_DT5_PD10_SEED123,5,0.1,2.0680650684931505,4.0,anomaly_detection,lstm_autoencoder,lstm_autoencoder,residual,false_positive_rate,1.0,1.0,0.0,0.0,SUCCESS,123
E5_DT5_PD10_SEED123,5,0.1,2.0680650684931505,4.0,anomaly_detection,lstm_autoencoder,lstm_autoencoder,residual,pr_auc,0.1351534501549477,0.138022346640306,-0.0028688964853582,0.020785739086401,SUCCESS,123
E5_DT5_PD10_SEED123,5,0.1,2.0680650684931505,4.0,anomaly_detection,lstm_autoencoder,lstm_autoencoder,residual,roc_auc,0.6781699331440608,0.7479148404484972,-0.0697449073044363,0.0932524714479698,SUCCESS,123
E5_DT5_PD10_SEED123,5,0.1,2.0680650684931505,4.0,anomaly_detection,lstm_autoencoder,lstm_autoencoder,residual,detection_latency,0.0,0.0,0.0,0.0,SUCCESS,123
E5_DT5_PD10_SEED123,5,0.1,2.0680650684931505,4.0,anomaly_detection,lstm_autoencoder,lstm_autoencoder,residual,threshold,0.0003816792741417,0.0003816792741417,0.0,0.0,SUCCESS,123
E5_DT5_PD20_SEED123,5,0.2,2.156050228310502,4.0,load_estimation,persistence,,raw,mae,0.8917527594794966,0.4383777854014386,0.453374974078058,1.0342106492984946,SUCCESS,123
E5_DT5_PD20_SEED123,5,0.2,2.156050228310502,4.0,load_estimation,persistence,,raw,rmse,1.1783846266120914,0.5934701818230634,0.584914444789028,0.9855835435442548,SUCCESS,123
E5_DT5_PD20_SEED123,5,0.2,2.156050228310502,4.0,load_estimation,persistence,,raw,mape,25.99490908180516,13.879795520238472,12.11511356156669,0.8728596573271806,SUCCESS,123
E5_DT5_PD20_SEED123,5,0.2,2.156050228310502,4.0,load_estimation,persistence,,raw,r2,0.7436019488646854,0.9349663109259364,-0.1913643620612508,-0.2046751415799513,SUCCESS,123
E5_DT5_PD20_SEED123,5,0.2,2.156050228310502,4.0,load_estimation,xgboost,,raw,mae,0.5501988045927959,0.2727781880981483,0.2774206164946476,1.0170190601707088,SUCCESS,123
E5_DT5_PD20_SEED123,5,0.2,2.156050228310502,4.0,load_estimation,xgboost,,raw,rmse,0.7586847805225405,0.408562516532333,0.3501222639902074,0.8569612967970333,SUCCESS,123
E5_DT5_PD20_SEED123,5,0.2,2.156050228310502,4.0,load_estimation,xgboost,,raw,mape,16.105193365613207,9.007307051437577,7.097886314175632,0.7880142503904985,SUCCESS,123
E5_DT5_PD20_SEED123,5,0.2,2.156050228310502,4.0,load_estimation,xgboost,,raw,r2,0.8937171166381865,0.969178226573376,-0.0754611099351894,-0.0778609216201539,SUCCESS,123
E5_DT5_PD20_SEED123,5,0.2,2.156050228310502,4.0,load_estimation,lstm,,raw,mae,0.6255684913787973,0.2788739965268628,0.3466944948519345,1.2431940559884318,SUCCESS,123
E5_DT5_PD20_SEED123,5,0.2,2.156050228310502,4.0,load_estimation,lstm,,raw,rmse,0.8200124590297674,0.4151803619579586,0.4048320970718087,0.9750752544331618,SUCCESS,123
E5_DT5_PD20_SEED123,5,0.2,2.156050228310502,4.0,load_estimation,lstm,,raw,mape,17.353704056801842,9.118982639637077,8.234721417164767,0.9030307154409168,SUCCESS,123
E5_DT5_PD20_SEED123,5,0.2,2.156050228310502,4.0,load_estimation,lstm,,raw,r2,0.8761782840488042,0.9682583482374256,-0.0920800641886213,-0.0950986524993456,SUCCESS,123
E5_DT5_PD20_SEED123,5,0.2,2.156050228310502,4.0,anomaly_detection,isolation_forest,isolation_forest,raw,precision,0.1164658634538152,0.1164658634538152,0.0,0.0,SUCCESS,123
E5_DT5_PD20_SEED123,5,0.2,2.156050228310502,4.0,anomaly_detection,isolation_forest,isolation_forest,raw,recall,0.1188524590163934,0.1188524590163934,0.0,0.0,SUCCESS,123
E5_DT5_PD20_SEED123,5,0.2,2.156050228310502,4.0,anomaly_detection,isolation_forest,isolation_forest,raw,f1,0.1176470588235294,0.1176470588235294,0.0,0.0,SUCCESS,123
E5_DT5_PD20_SEED123,5,0.2,2.156050228310502,4.0,anomaly_detection,isolation_forest,isolation_forest,raw,false_positive_rate,0.0438946528332003,0.0438946528332003,0.0,0.0,SUCCESS,123
E5_DT5_PD20_SEED123,5,0.2,2.156050228310502,4.0,anomaly_detection,isolation_forest,isolation_forest,raw,pr_auc,0.09385708598261,0.09385708598261,0.0,0.0,SUCCESS,123
E5_DT5_PD20_SEED123,5,0.2,2.156050228310502,4.0,anomaly_detection,isolation_forest,isolation_forest,raw,roc_auc,0.7138596875695052,0.7138596875695052,0.0,0.0,SUCCESS,123
E5_DT5_PD20_SEED123,5,0.2,2.156050228310502,4.0,anomaly_detection,isolation_forest,isolation_forest,raw,detection_latency,3.2459016393442623,3.2459016393442623,0.0,0.0,SUCCESS,123
E5_DT5_PD20_SEED123,5,0.2,2.156050228310502,4.0,anomaly_detection,isolation_forest,isolation_forest,raw,threshold,0.5031683371451802,0.5031683371451802,0.0,0.0,SUCCESS,123
E5_DT5_PD20_SEED123,5,0.2,2.156050228310502,4.0,anomaly_detection,isolation_forest,isolation_forest,residual,precision,0.0464231354642313,0.0464231354642313,0.0,0.0,SUCCESS,123
E5_DT5_PD20_SEED123,5,0.2,2.156050228310502,4.0,anomaly_detection,isolation_forest,isolation_forest,residual,recall,1.0,1.0,0.0,0.0,SUCCESS,123
E5_DT5_PD20_SEED123,5,0.2,2.156050228310502,4.0,anomaly_detection,isolation_forest,isolation_forest,residual,f1,0.0887272727272727,0.0887272727272727,0.0,0.0,SUCCESS,123
E5_DT5_PD20_SEED123,5,0.2,2.156050228310502,4.0,anomaly_detection,isolation_forest,isolation_forest,residual,false_positive_rate,1.0,1.0,0.0,0.0,SUCCESS,123
E5_DT5_PD20_SEED123,5,0.2,2.156050228310502,4.0,anomaly_detection,isolation_forest,isolation_forest,residual,pr_auc,0.0589312343302769,0.0918851506221842,-0.0329539162919072,0.3586424582075077,SUCCESS,123
E5_DT5_PD20_SEED123,5,0.2,2.156050228310502,4.0,anomaly_detection,isolation_forest,isolation_forest,residual,roc_auc,0.6276910823858803,0.6877706618868814,-0.060079579501001,0.0873540888414377,SUCCESS,123
E5_DT5_PD20_SEED123,5,0.2,2.156050228310502,4.0,anomaly_detection,isolation_forest,isolation_forest,residual,detection_latency,0.0,0.0,0.0,0.0,SUCCESS,123
E5_DT5_PD20_SEED123,5,0.2,2.156050228310502,4.0,anomaly_detection,isolation_forest,isolation_forest,residual,threshold,0.2937656541960819,0.2937656541960819,0.0,0.0,SUCCESS,123
E5_DT5_PD20_SEED123,5,0.2,2.156050228310502,4.0,anomaly_detection,lstm_autoencoder,lstm_autoencoder,raw,precision,0.4982578397212543,0.4982578397212543,0.0,0.0,SUCCESS,123
E5_DT5_PD20_SEED123,5,0.2,2.156050228310502,4.0,anomaly_detection,lstm_autoencoder,lstm_autoencoder,raw,recall,0.5860655737704918,0.5860655737704918,0.0,0.0,SUCCESS,123
E5_DT5_PD20_SEED123,5,0.2,2.156050228310502,4.0,anomaly_detection,lstm_autoencoder,lstm_autoencoder,raw,f1,0.5386064030131827,0.5386064030131827,0.0,0.0,SUCCESS,123
E5_DT5_PD20_SEED123,5,0.2,2.156050228310502,4.0,anomaly_detection,lstm_autoencoder,lstm_autoencoder,raw,false_positive_rate,0.028731045490822,0.028731045490822,0.0,0.0,SUCCESS,123
E5_DT5_PD20_SEED123,5,0.2,2.156050228310502,4.0,anomaly_detection,lstm_autoencoder,lstm_autoencoder,raw,pr_auc,0.561001698584242,0.561001698584242,0.0,0.0,SUCCESS,123
E5_DT5_PD20_SEED123,5,0.2,2.156050228310502,4.0,anomaly_detection,lstm_autoencoder,lstm_autoencoder,raw,roc_auc,0.9493396177043946,0.9493396177043946,0.0,0.0,SUCCESS,123
E5_DT5_PD20_SEED123,5,0.2,2.156050228310502,4.0,anomaly_detection,lstm_autoencoder,lstm_autoencoder,raw,detection_latency,1.3442622950819672,1.3442622950819672,0.0,0.0,SUCCESS,123
E5_DT5_PD20_SEED123,5,0.2,2.156050228310502,4.0,anomaly_detection,lstm_autoencoder,lstm_autoencoder,raw,threshold,0.0007370078528765,0.0007370078528765,0.0,0.0,SUCCESS,123
E5_DT5_PD20_SEED123,5,0.2,2.156050228310502,4.0,anomaly_detection,lstm_autoencoder,lstm_autoencoder,residual,precision,0.0464231354642313,0.0464231354642313,0.0,0.0,SUCCESS,123
E5_DT5_PD20_SEED123,5,0.2,2.156050228310502,4.0,anomaly_detection,lstm_autoencoder,lstm_autoencoder,residual,recall,1.0,1.0,0.0,0.0,SUCCESS,123
E5_DT5_PD20_SEED123,5,0.2,2.156050228310502,4.0,anomaly_detection,lstm_autoencoder,lstm_autoencoder,residual,f1,0.0887272727272727,0.0887272727272727,0.0,0.0,SUCCESS,123
E5_DT5_PD20_SEED123,5,0.2,2.156050228310502,4.0,anomaly_detection,lstm_autoencoder,lstm_autoencoder,residual,false_positive_rate,1.0,1.0,0.0,0.0,SUCCESS,123
E5_DT5_PD20_SEED123,5,0.2,2.156050228310502,4.0,anomaly_detection,lstm_autoencoder,lstm_autoencoder,residual,pr_auc,0.1327888940855437,0.138022346640306,-0.0052334525547622,0.0379174291855864,SUCCESS,123
E5_DT5_PD20_SEED123,5,0.2,2.156050228310502,4.0,anomaly_detection,lstm_autoencoder,lstm_autoencoder,residual,roc_auc,0.7126200397733963,0.7479148404484972,-0.0352948006751009,0.0471909350721479,SUCCESS,123
E5_DT5_PD20_SEED123,5,0.2,2.156050228310502,4.0,anomaly_detection,lstm_autoencoder,lstm_autoencoder,residual,detection_latency,0.0,0.0,0.0,0.0,SUCCESS,123
E5_DT5_PD20_SEED123,5,0.2,2.156050228310502,4.0,anomaly_detection,lstm_autoencoder,lstm_autoencoder,residual,threshold,0.0003816792741417,0.0003816792741417,0.0,0.0,SUCCESS,123
E5_DT15_PD00_SEED123,15,0.0,7.0,14.0,load_estimation,persistence,,raw,mae,1.827183006606327,0.4383777854014386,1.3888052212048885,3.1680556530324835,SUCCESS,123
E5_DT15_PD00_SEED123,15,0.0,7.0,14.0,load_estimation,persistence,,raw,rmse,2.4298888056900623,0.5934701818230634,1.8364186238669988,3.094373871027116,SUCCESS,123
E5_DT15_PD00_SEED123,15,0.0,7.0,14.0,load_estimation,persistence,,raw,mape,56.94936312689074,13.879795520238472,43.06956760665226,3.103040498244478,SUCCESS,123
E5_DT15_PD00_SEED123,15,0.0,7.0,14.0,load_estimation,persistence,,raw,r2,-0.0902180909046843,0.9349663109259364,-1.0251844018306209,-1.0964934135598294,SUCCESS,123
E5_DT15_PD00_SEED123,15,0.0,7.0,14.0,load_estimation,xgboost,,raw,mae,1.4174214283761368,0.2727781880981483,1.1446432402779885,4.196241819254751,SUCCESS,123
E5_DT15_PD00_SEED123,15,0.0,7.0,14.0,load_estimation,xgboost,,raw,rmse,1.8939158877797704,0.408562516532333,1.4853533712474376,3.635559580585971,SUCCESS,123
E5_DT15_PD00_SEED123,15,0.0,7.0,14.0,load_estimation,xgboost,,raw,mape,43.77899236601598,9.007307051437577,34.771685314578406,3.8603863636500337,SUCCESS,123
E5_DT15_PD00_SEED123,15,0.0,7.0,14.0,load_estimation,xgboost,,raw,r2,0.3376890147694366,0.969178226573376,-0.6314892118039394,-0.651571810518929,SUCCESS,123
E5_DT15_PD00_SEED123,15,0.0,7.0,14.0,load_estimation,lstm,,raw,mae,1.5212401025682067,0.2788739965268628,1.2423661060413438,4.454937073782251,SUCCESS,123
E5_DT15_PD00_SEED123,15,0.0,7.0,14.0,load_estimation,lstm,,raw,rmse,1.9824588923550115,0.4151803619579586,1.567278530397053,3.7749341587494354,SUCCESS,123
E5_DT15_PD00_SEED123,15,0.0,7.0,14.0,load_estimation,lstm,,raw,mape,44.255043401237536,9.118982639637077,35.13606076160046,3.853068061438796,SUCCESS,123
E5_DT15_PD00_SEED123,15,0.0,7.0,14.0,load_estimation,lstm,,raw,r2,0.2762904597842973,0.9682583482374256,-0.6919678884531282,-0.7146521274128499,SUCCESS,123
E5_DT15_PD00_SEED123,15,0.0,7.0,14.0,anomaly_detection,isolation_forest,isolation_forest,raw,precision,0.1164658634538152,0.1164658634538152,0.0,0.0,SUCCESS,123
E5_DT15_PD00_SEED123,15,0.0,7.0,14.0,anomaly_detection,isolation_forest,isolation_forest,raw,recall,0.1188524590163934,0.1188524590163934,0.0,0.0,SUCCESS,123
E5_DT15_PD00_SEED123,15,0.0,7.0,14.0,anomaly_detection,isolation_forest,isolation_forest,raw,f1,0.1176470588235294,0.1176470588235294,0.0,0.0,SUCCESS,123
E5_DT15_PD00_SEED123,15,0.0,7.0,14.0,anomaly_detection,isolation_forest,isolation_forest,raw,false_positive_rate,0.0438946528332003,0.0438946528332003,0.0,0.0,SUCCESS,123
E5_DT15_PD00_SEED123,15,0.0,7.0,14.0,anomaly_detection,isolation_forest,isolation_forest,raw,pr_auc,0.09385708598261,0.09385708598261,0.0,0.0,SUCCESS,123
E5_DT15_PD00_SEED123,15,0.0,7.0,14.0,anomaly_detection,isolation_forest,isolation_forest,raw,roc_auc,0.7138596875695052,0.7138596875695052,0.0,0.0,SUCCESS,123
E5_DT15_PD00_SEED123,15,0.0,7.0,14.0,anomaly_detection,isolation_forest,isolation_forest,raw,detection_latency,3.2459016393442623,3.2459016393442623,0.0,0.0,SUCCESS,123
E5_DT15_PD00_SEED123,15,0.0,7.0,14.0,anomaly_detection,isolation_forest,isolation_forest,raw,threshold,0.5031683371451802,0.5031683371451802,0.0,0.0,SUCCESS,123
E5_DT15_PD00_SEED123,15,0.0,7.0,14.0,anomaly_detection,isolation_forest,isolation_forest,residual,precision,0.0464231354642313,0.0464231354642313,0.0,0.0,SUCCESS,123
E5_DT15_PD00_SEED123,15,0.0,7.0,14.0,anomaly_detection,isolation_forest,isolation_forest,residual,recall,1.0,1.0,0.0,0.0,SUCCESS,123
E5_DT15_PD00_SEED123,15,0.0,7.0,14.0,anomaly_detection,isolation_forest,isolation_forest,residual,f1,0.0887272727272727,0.0887272727272727,0.0,0.0,SUCCESS,123
E5_DT15_PD00_SEED123,15,0.0,7.0,14.0,anomaly_detection,isolation_forest,isolation_forest,residual,false_positive_rate,1.0,1.0,0.0,0.0,SUCCESS,123
E5_DT15_PD00_SEED123,15,0.0,7.0,14.0,anomaly_detection,isolation_forest,isolation_forest,residual,pr_auc,0.0475179366908087,0.0918851506221842,-0.0443672139313754,0.4828551036914086,SUCCESS,123
E5_DT15_PD00_SEED123,15,0.0,7.0,14.0,anomaly_detection,isolation_forest,isolation_forest,residual,roc_auc,0.5464835215155757,0.6877706618868814,-0.1412871403713057,0.2054276929808085,SUCCESS,123
E5_DT15_PD00_SEED123,15,0.0,7.0,14.0,anomaly_detection,isolation_forest,isolation_forest,residual,detection_latency,0.0,0.0,0.0,0.0,SUCCESS,123
E5_DT15_PD00_SEED123,15,0.0,7.0,14.0,anomaly_detection,isolation_forest,isolation_forest,residual,threshold,0.2937656541960819,0.2937656541960819,0.0,0.0,SUCCESS,123
E5_DT15_PD00_SEED123,15,0.0,7.0,14.0,anomaly_detection,lstm_autoencoder,lstm_autoencoder,raw,precision,0.4982578397212543,0.4982578397212543,0.0,0.0,SUCCESS,123
E5_DT15_PD00_SEED123,15,0.0,7.0,14.0,anomaly_detection,lstm_autoencoder,lstm_autoencoder,raw,recall,0.5860655737704918,0.5860655737704918,0.0,0.0,SUCCESS,123
E5_DT15_PD00_SEED123,15,0.0,7.0,14.0,anomaly_detection,lstm_autoencoder,lstm_autoencoder,raw,f1,0.5386064030131827,0.5386064030131827,0.0,0.0,SUCCESS,123
E5_DT15_PD00_SEED123,15,0.0,7.0,14.0,anomaly_detection,lstm_autoencoder,lstm_autoencoder,raw,false_positive_rate,0.028731045490822,0.028731045490822,0.0,0.0,SUCCESS,123
E5_DT15_PD00_SEED123,15,0.0,7.0,14.0,anomaly_detection,lstm_autoencoder,lstm_autoencoder,raw,pr_auc,0.561001698584242,0.561001698584242,0.0,0.0,SUCCESS,123
E5_DT15_PD00_SEED123,15,0.0,7.0,14.0,anomaly_detection,lstm_autoencoder,lstm_autoencoder,raw,roc_auc,0.9493396177043946,0.9493396177043946,0.0,0.0,SUCCESS,123
E5_DT15_PD00_SEED123,15,0.0,7.0,14.0,anomaly_detection,lstm_autoencoder,lstm_autoencoder,raw,detection_latency,1.3442622950819672,1.3442622950819672,0.0,0.0,SUCCESS,123
E5_DT15_PD00_SEED123,15,0.0,7.0,14.0,anomaly_detection,lstm_autoencoder,lstm_autoencoder,raw,threshold,0.0007370078528765,0.0007370078528765,0.0,0.0,SUCCESS,123
E5_DT15_PD00_SEED123,15,0.0,7.0,14.0,anomaly_detection,lstm_autoencoder,lstm_autoencoder,residual,precision,0.0464231354642313,0.0464231354642313,0.0,0.0,SUCCESS,123
E5_DT15_PD00_SEED123,15,0.0,7.0,14.0,anomaly_detection,lstm_autoencoder,lstm_autoencoder,residual,recall,1.0,1.0,0.0,0.0,SUCCESS,123
E5_DT15_PD00_SEED123,15,0.0,7.0,14.0,anomaly_detection,lstm_autoencoder,lstm_autoencoder,residual,f1,0.0887272727272727,0.0887272727272727,0.0,0.0,SUCCESS,123
E5_DT15_PD00_SEED123,15,0.0,7.0,14.0,anomaly_detection,lstm_autoencoder,lstm_autoencoder,residual,false_positive_rate,1.0,1.0,0.0,0.0,SUCCESS,123
E5_DT15_PD00_SEED123,15,0.0,7.0,14.0,anomaly_detection,lstm_autoencoder,lstm_autoencoder,residual,pr_auc,0.1040191790343437,0.138022346640306,-0.0340031676059622,0.2463598716704654,SUCCESS,123
E5_DT15_PD00_SEED123,15,0.0,7.0,14.0,anomaly_detection,lstm_autoencoder,lstm_autoencoder,residual,roc_auc,0.6250948543168527,0.7479148404484972,-0.1228199861316444,0.1642165384203284,SUCCESS,123
E5_DT15_PD00_SEED123,15,0.0,7.0,14.0,anomaly_detection,lstm_autoencoder,lstm_autoencoder,residual,detection_latency,0.0,0.0,0.0,0.0,SUCCESS,123
E5_DT15_PD00_SEED123,15,0.0,7.0,14.0,anomaly_detection,lstm_autoencoder,lstm_autoencoder,residual,threshold,0.0003816792741417,0.0003816792741417,0.0,0.0,SUCCESS,123
E5_DT15_PD05_SEED123,15,0.05,7.027654109589041,14.0,load_estimation,persistence,,raw,mae,1.823646085084483,0.4383777854014386,1.385268299683044,3.159987448758388,SUCCESS,123
E5_DT15_PD05_SEED123,15,0.05,7.027654109589041,14.0,load_estimation,persistence,,raw,rmse,2.4177061057440783,0.5934701818230634,1.8242359239210149,3.073845965297193,SUCCESS,123
E5_DT15_PD05_SEED123,15,0.05,7.027654109589041,14.0,load_estimation,persistence,,raw,mape,56.598401316656265,13.879795520238472,42.71860579641779,3.077754692720706,SUCCESS,123
E5_DT15_PD05_SEED123,15,0.05,7.027654109589041,14.0,load_estimation,persistence,,raw,r2,-0.0793134729996623,0.9349663109259364,-1.0142797839255986,-1.0848303003785398,SUCCESS,123
E5_DT15_PD05_SEED123,15,0.05,7.027654109589041,14.0,load_estimation,xgboost,,raw,mae,1.3957525183484978,0.2727781880981483,1.1229743302503494,4.116803979379363,SUCCESS,123
E5_DT15_PD05_SEED123,15,0.05,7.027654109589041,14.0,load_estimation,xgboost,,raw,rmse,1.861526870606602,0.408562516532333,1.452964354074269,3.5562840331175694,SUCCESS,123
E5_DT15_PD05_SEED123,15,0.05,7.027654109589041,14.0,load_estimation,xgboost,,raw,mape,42.88665666683041,9.007307051437577,33.87934961539284,3.761318385386414,SUCCESS,123
E5_DT15_PD05_SEED123,15,0.05,7.027654109589041,14.0,load_estimation,xgboost,,raw,r2,0.3601484846029862,0.969178226573376,-0.6090297419703897,-0.6283980853796868,SUCCESS,123
E5_DT15_PD05_SEED123,15,0.05,7.027654109589041,14.0,load_estimation,lstm,,raw,mae,1.5441230989518504,0.2788739965268628,1.2652491024249874,4.536992040070365,SUCCESS,123
E5_DT15_PD05_SEED123,15,0.05,7.027654109589041,14.0,load_estimation,lstm,,raw,rmse,2.0004290912629386,0.4151803619579586,1.58524872930498,3.818217031819783,SUCCESS,123
E5_DT15_PD05_SEED123,15,0.05,7.027654109589041,14.0,load_estimation,lstm,,raw,mape,44.64584293095203,9.118982639637077,35.526860291314954,3.89592366772275,SUCCESS,123
E5_DT15_PD05_SEED123,15,0.05,7.027654109589041,14.0,load_estimation,lstm,,raw,r2,0.2631107182682037,0.9682583482374256,-0.7051476299692218,-0.7282639300273952,SUCCESS,123
E5_DT15_PD05_SEED123,15,0.05,7.027654109589041,14.0,anomaly_detection,isolation_forest,isolation_forest,raw,precision,0.1164658634538152,0.1164658634538152,0.0,0.0,SUCCESS,123
E5_DT15_PD05_SEED123,15,0.05,7.027654109589041,14.0,anomaly_detection,isolation_forest,isolation_forest,raw,recall,0.1188524590163934,0.1188524590163934,0.0,0.0,SUCCESS,123
E5_DT15_PD05_SEED123,15,0.05,7.027654109589041,14.0,anomaly_detection,isolation_forest,isolation_forest,raw,f1,0.1176470588235294,0.1176470588235294,0.0,0.0,SUCCESS,123
E5_DT15_PD05_SEED123,15,0.05,7.027654109589041,14.0,anomaly_detection,isolation_forest,isolation_forest,raw,false_positive_rate,0.0438946528332003,0.0438946528332003,0.0,0.0,SUCCESS,123
E5_DT15_PD05_SEED123,15,0.05,7.027654109589041,14.0,anomaly_detection,isolation_forest,isolation_forest,raw,pr_auc,0.09385708598261,0.09385708598261,0.0,0.0,SUCCESS,123
E5_DT15_PD05_SEED123,15,0.05,7.027654109589041,14.0,anomaly_detection,isolation_forest,isolation_forest,raw,roc_auc,0.7138596875695052,0.7138596875695052,0.0,0.0,SUCCESS,123
E5_DT15_PD05_SEED123,15,0.05,7.027654109589041,14.0,anomaly_detection,isolation_forest,isolation_forest,raw,detection_latency,3.2459016393442623,3.2459016393442623,0.0,0.0,SUCCESS,123
E5_DT15_PD05_SEED123,15,0.05,7.027654109589041,14.0,anomaly_detection,isolation_forest,isolation_forest,raw,threshold,0.5031683371451802,0.5031683371451802,0.0,0.0,SUCCESS,123
E5_DT15_PD05_SEED123,15,0.05,7.027654109589041,14.0,anomaly_detection,isolation_forest,isolation_forest,residual,precision,0.0464231354642313,0.0464231354642313,0.0,0.0,SUCCESS,123
E5_DT15_PD05_SEED123,15,0.05,7.027654109589041,14.0,anomaly_detection,isolation_forest,isolation_forest,residual,recall,1.0,1.0,0.0,0.0,SUCCESS,123
E5_DT15_PD05_SEED123,15,0.05,7.027654109589041,14.0,anomaly_detection,isolation_forest,isolation_forest,residual,f1,0.0887272727272727,0.0887272727272727,0.0,0.0,SUCCESS,123
E5_DT15_PD05_SEED123,15,0.05,7.027654109589041,14.0,anomaly_detection,isolation_forest,isolation_forest,residual,false_positive_rate,1.0,1.0,0.0,0.0,SUCCESS,123
E5_DT15_PD05_SEED123,15,0.05,7.027654109589041,14.0,anomaly_detection,isolation_forest,isolation_forest,residual,pr_auc,0.0542494778034452,0.0918851506221842,-0.0376356728187389,0.4095947230199394,SUCCESS,123
E5_DT15_PD05_SEED123,15,0.05,7.027654109589041,14.0,anomaly_detection,isolation_forest,isolation_forest,residual,roc_auc,0.5940169821935551,0.6877706618868814,-0.0937536796933262,0.1363153226631031,SUCCESS,123
E5_DT15_PD05_SEED123,15,0.05,7.027654109589041,14.0,anomaly_detection,isolation_forest,isolation_forest,residual,detection_latency,0.0,0.0,0.0,0.0,SUCCESS,123
E5_DT15_PD05_SEED123,15,0.05,7.027654109589041,14.0,anomaly_detection,isolation_forest,isolation_forest,residual,threshold,0.2937656541960819,0.2937656541960819,0.0,0.0,SUCCESS,123
E5_DT15_PD05_SEED123,15,0.05,7.027654109589041,14.0,anomaly_detection,lstm_autoencoder,lstm_autoencoder,raw,precision,0.4982578397212543,0.4982578397212543,0.0,0.0,SUCCESS,123
E5_DT15_PD05_SEED123,15,0.05,7.027654109589041,14.0,anomaly_detection,lstm_autoencoder,lstm_autoencoder,raw,recall,0.5860655737704918,0.5860655737704918,0.0,0.0,SUCCESS,123
E5_DT15_PD05_SEED123,15,0.05,7.027654109589041,14.0,anomaly_detection,lstm_autoencoder,lstm_autoencoder,raw,f1,0.5386064030131827,0.5386064030131827,0.0,0.0,SUCCESS,123
E5_DT15_PD05_SEED123,15,0.05,7.027654109589041,14.0,anomaly_detection,lstm_autoencoder,lstm_autoencoder,raw,false_positive_rate,0.028731045490822,0.028731045490822,0.0,0.0,SUCCESS,123
E5_DT15_PD05_SEED123,15,0.05,7.027654109589041,14.0,anomaly_detection,lstm_autoencoder,lstm_autoencoder,raw,pr_auc,0.561001698584242,0.561001698584242,0.0,0.0,SUCCESS,123
E5_DT15_PD05_SEED123,15,0.05,7.027654109589041,14.0,anomaly_detection,lstm_autoencoder,lstm_autoencoder,raw,roc_auc,0.9493396177043946,0.9493396177043946,0.0,0.0,SUCCESS,123
E5_DT15_PD05_SEED123,15,0.05,7.027654109589041,14.0,anomaly_detection,lstm_autoencoder,lstm_autoencoder,raw,detection_latency,1.3442622950819672,1.3442622950819672,0.0,0.0,SUCCESS,123
E5_DT15_PD05_SEED123,15,0.05,7.027654109589041,14.0,anomaly_detection,lstm_autoencoder,lstm_autoencoder,raw,threshold,0.0007370078528765,0.0007370078528765,0.0,0.0,SUCCESS,123
E5_DT15_PD05_SEED123,15,0.05,7.027654109589041,14.0,anomaly_detection,lstm_autoencoder,lstm_autoencoder,residual,precision,0.0464231354642313,0.0464231354642313,0.0,0.0,SUCCESS,123
E5_DT15_PD05_SEED123,15,0.05,7.027654109589041,14.0,anomaly_detection,lstm_autoencoder,lstm_autoencoder,residual,recall,1.0,1.0,0.0,0.0,SUCCESS,123
E5_DT15_PD05_SEED123,15,0.05,7.027654109589041,14.0,anomaly_detection,lstm_autoencoder,lstm_autoencoder,residual,f1,0.0887272727272727,0.0887272727272727,0.0,0.0,SUCCESS,123
E5_DT15_PD05_SEED123,15,0.05,7.027654109589041,14.0,anomaly_detection,lstm_autoencoder,lstm_autoencoder,residual,false_positive_rate,1.0,1.0,0.0,0.0,SUCCESS,123
E5_DT15_PD05_SEED123,15,0.05,7.027654109589041,14.0,anomaly_detection,lstm_autoencoder,lstm_autoencoder,residual,pr_auc,0.1135811015230124,0.138022346640306,-0.0244412451172935,0.1770817966237659,SUCCESS,123
E5_DT15_PD05_SEED123,15,0.05,7.027654109589041,14.0,anomaly_detection,lstm_autoencoder,lstm_autoencoder,residual,roc_auc,0.6643702654612538,0.7479148404484972,-0.0835445749872434,0.1117033256582324,SUCCESS,123
E5_DT15_PD05_SEED123,15,0.05,7.027654109589041,14.0,anomaly_detection,lstm_autoencoder,lstm_autoencoder,residual,detection_latency,0.0,0.0,0.0,0.0,SUCCESS,123
E5_DT15_PD05_SEED123,15,0.05,7.027654109589041,14.0,anomaly_detection,lstm_autoencoder,lstm_autoencoder,residual,threshold,0.0003816792741417,0.0003816792741417,0.0,0.0,SUCCESS,123
E5_DT15_PD10_SEED123,15,0.1,7.055764840182649,14.0,load_estimation,persistence,,raw,mae,1.8401565634088428,0.4383777854014386,1.4017787780074042,3.1976501198019056,SUCCESS,123
E5_DT15_PD10_SEED123,15,0.1,7.055764840182649,14.0,load_estimation,persistence,,raw,rmse,2.430843772553818,0.5934701818230634,1.837373590730755,3.0959829946073807,SUCCESS,123
E5_DT15_PD10_SEED123,15,0.1,7.055764840182649,14.0,load_estimation,persistence,,raw,mape,57.148127368014,13.879795520238472,43.26833184777553,3.1173608994948743,SUCCESS,123
E5_DT15_PD10_SEED123,15,0.1,7.055764840182649,14.0,load_estimation,persistence,,raw,r2,-0.091075189166589,0.9349663109259364,-1.0260415000925254,-1.097410129223152,SUCCESS,123
E5_DT15_PD10_SEED123,15,0.1,7.055764840182649,14.0,load_estimation,xgboost,,raw,mae,1.4204962215693937,0.2727781880981483,1.1477180334712451,4.207513956571502,SUCCESS,123
E5_DT15_PD10_SEED123,15,0.1,7.055764840182649,14.0,load_estimation,xgboost,,raw,rmse,1.8790819344952707,0.408562516532333,1.4705194179629375,3.599251909949901,SUCCESS,123
E5_DT15_PD10_SEED123,15,0.1,7.055764840182649,14.0,load_estimation,xgboost,,raw,mape,44.12923198992794,9.007307051437577,35.121924938490366,3.899270307753623,SUCCESS,123
E5_DT15_PD10_SEED123,15,0.1,7.055764840182649,14.0,load_estimation,xgboost,,raw,r2,0.3480233856942235,0.969178226573376,-0.6211548408791524,-0.6409087862769121,SUCCESS,123
E5_DT15_PD10_SEED123,15,0.1,7.055764840182649,14.0,load_estimation,lstm,,raw,mae,1.5448870855012862,0.2788739965268628,1.2660130889744234,4.539731580360786,SUCCESS,123
E5_DT15_PD10_SEED123,15,0.1,7.055764840182649,14.0,load_estimation,lstm,,raw,rmse,2.0027751779271834,0.4151803619579586,1.5875948159692248,3.823867796834729,SUCCESS,123
E5_DT15_PD10_SEED123,15,0.1,7.055764840182649,14.0,load_estimation,lstm,,raw,mape,45.21370728751906,9.118982639637077,36.09472464788199,3.958196442988131,SUCCESS,123
E5_DT15_PD10_SEED123,15,0.1,7.055764840182649,14.0,load_estimation,lstm,,raw,r2,0.2613812694322552,0.9682583482374256,-0.7068770788051703,-0.7300500740240845,SUCCESS,123
E5_DT15_PD10_SEED123,15,0.1,7.055764840182649,14.0,anomaly_detection,isolation_forest,isolation_forest,raw,precision,0.1164658634538152,0.1164658634538152,0.0,0.0,SUCCESS,123
E5_DT15_PD10_SEED123,15,0.1,7.055764840182649,14.0,anomaly_detection,isolation_forest,isolation_forest,raw,recall,0.1188524590163934,0.1188524590163934,0.0,0.0,SUCCESS,123
E5_DT15_PD10_SEED123,15,0.1,7.055764840182649,14.0,anomaly_detection,isolation_forest,isolation_forest,raw,f1,0.1176470588235294,0.1176470588235294,0.0,0.0,SUCCESS,123
E5_DT15_PD10_SEED123,15,0.1,7.055764840182649,14.0,anomaly_detection,isolation_forest,isolation_forest,raw,false_positive_rate,0.0438946528332003,0.0438946528332003,0.0,0.0,SUCCESS,123
E5_DT15_PD10_SEED123,15,0.1,7.055764840182649,14.0,anomaly_detection,isolation_forest,isolation_forest,raw,pr_auc,0.09385708598261,0.09385708598261,0.0,0.0,SUCCESS,123
E5_DT15_PD10_SEED123,15,0.1,7.055764840182649,14.0,anomaly_detection,isolation_forest,isolation_forest,raw,roc_auc,0.7138596875695052,0.7138596875695052,0.0,0.0,SUCCESS,123
E5_DT15_PD10_SEED123,15,0.1,7.055764840182649,14.0,anomaly_detection,isolation_forest,isolation_forest,raw,detection_latency,3.2459016393442623,3.2459016393442623,0.0,0.0,SUCCESS,123
E5_DT15_PD10_SEED123,15,0.1,7.055764840182649,14.0,anomaly_detection,isolation_forest,isolation_forest,raw,threshold,0.5031683371451802,0.5031683371451802,0.0,0.0,SUCCESS,123
E5_DT15_PD10_SEED123,15,0.1,7.055764840182649,14.0,anomaly_detection,isolation_forest,isolation_forest,residual,precision,0.0464231354642313,0.0464231354642313,0.0,0.0,SUCCESS,123
E5_DT15_PD10_SEED123,15,0.1,7.055764840182649,14.0,anomaly_detection,isolation_forest,isolation_forest,residual,recall,1.0,1.0,0.0,0.0,SUCCESS,123
E5_DT15_PD10_SEED123,15,0.1,7.055764840182649,14.0,anomaly_detection,isolation_forest,isolation_forest,residual,f1,0.0887272727272727,0.0887272727272727,0.0,0.0,SUCCESS,123
E5_DT15_PD10_SEED123,15,0.1,7.055764840182649,14.0,anomaly_detection,isolation_forest,isolation_forest,residual,false_positive_rate,1.0,1.0,0.0,0.0,SUCCESS,123
E5_DT15_PD10_SEED123,15,0.1,7.055764840182649,14.0,anomaly_detection,isolation_forest,isolation_forest,residual,pr_auc,0.0508062053671246,0.0918851506221842,-0.0410789452550596,0.4470683780447734,SUCCESS,123
E5_DT15_PD10_SEED123,15,0.1,7.055764840182649,14.0,anomaly_detection,isolation_forest,isolation_forest,residual,roc_auc,0.566501870919629,0.6877706618868814,-0.1212687909672524,0.176321552644532,SUCCESS,123
E5_DT15_PD10_SEED123,15,0.1,7.055764840182649,14.0,anomaly_detection,isolation_forest,isolation_forest,residual,detection_latency,0.0,0.0,0.0,0.0,SUCCESS,123
E5_DT15_PD10_SEED123,15,0.1,7.055764840182649,14.0,anomaly_detection,isolation_forest,isolation_forest,residual,threshold,0.2937656541960819,0.2937656541960819,0.0,0.0,SUCCESS,123
E5_DT15_PD10_SEED123,15,0.1,7.055764840182649,14.0,anomaly_detection,lstm_autoencoder,lstm_autoencoder,raw,precision,0.4982578397212543,0.4982578397212543,0.0,0.0,SUCCESS,123
E5_DT15_PD10_SEED123,15,0.1,7.055764840182649,14.0,anomaly_detection,lstm_autoencoder,lstm_autoencoder,raw,recall,0.5860655737704918,0.5860655737704918,0.0,0.0,SUCCESS,123
E5_DT15_PD10_SEED123,15,0.1,7.055764840182649,14.0,anomaly_detection,lstm_autoencoder,lstm_autoencoder,raw,f1,0.5386064030131827,0.5386064030131827,0.0,0.0,SUCCESS,123
E5_DT15_PD10_SEED123,15,0.1,7.055764840182649,14.0,anomaly_detection,lstm_autoencoder,lstm_autoencoder,raw,false_positive_rate,0.028731045490822,0.028731045490822,0.0,0.0,SUCCESS,123
E5_DT15_PD10_SEED123,15,0.1,7.055764840182649,14.0,anomaly_detection,lstm_autoencoder,lstm_autoencoder,raw,pr_auc,0.561001698584242,0.561001698584242,0.0,0.0,SUCCESS,123
E5_DT15_PD10_SEED123,15,0.1,7.055764840182649,14.0,anomaly_detection,lstm_autoencoder,lstm_autoencoder,raw,roc_auc,0.9493396177043946,0.9493396177043946,0.0,0.0,SUCCESS,123
E5_DT15_PD10_SEED123,15,0.1,7.055764840182649,14.0,anomaly_detection,lstm_autoencoder,lstm_autoencoder,raw,detection_latency,1.3442622950819672,1.3442622950819672,0.0,0.0,SUCCESS,123
E5_DT15_PD10_SEED123,15,0.1,7.055764840182649,14.0,anomaly_detection,lstm_autoencoder,lstm_autoencoder,raw,threshold,0.0007370078528765,0.0007370078528765,0.0,0.0,SUCCESS,123
E5_DT15_PD10_SEED123,15,0.1,7.055764840182649,14.0,anomaly_detection,lstm_autoencoder,lstm_autoencoder,residual,precision,0.0464231354642313,0.0464231354642313,0.0,0.0,SUCCESS,123
E5_DT15_PD10_SEED123,15,0.1,7.055764840182649,14.0,anomaly_detection,lstm_autoencoder,lstm_autoencoder,residual,recall,1.0,1.0,0.0,0.0,SUCCESS,123
E5_DT15_PD10_SEED123,15,0.1,7.055764840182649,14.0,anomaly_detection,lstm_autoencoder,lstm_autoencoder,residual,f1,0.0887272727272727,0.0887272727272727,0.0,0.0,SUCCESS,123
E5_DT15_PD10_SEED123,15,0.1,7.055764840182649,14.0,anomaly_detection,lstm_autoencoder,lstm_autoencoder,residual,false_positive_rate,1.0,1.0,0.0,0.0,SUCCESS,123
E5_DT15_PD10_SEED123,15,0.1,7.055764840182649,14.0,anomaly_detection,lstm_autoencoder,lstm_autoencoder,residual,pr_auc,0.1030473311930599,0.138022346640306,-0.034975015447246,0.2534011071293613,SUCCESS,123
E5_DT15_PD10_SEED123,15,0.1,7.055764840182649,14.0,anomaly_detection,lstm_autoencoder,lstm_autoencoder,residual,roc_auc,0.6325482775764395,0.7479148404484972,-0.1153665628720577,0.1542509342412253,SUCCESS,123
E5_DT15_PD10_SEED123,15,0.1,7.055764840182649,14.0,anomaly_detection,lstm_autoencoder,lstm_autoencoder,residual,detection_latency,0.0,0.0,0.0,0.0,SUCCESS,123
E5_DT15_PD10_SEED123,15,0.1,7.055764840182649,14.0,anomaly_detection,lstm_autoencoder,lstm_autoencoder,residual,threshold,0.0003816792741417,0.0003816792741417,0.0,0.0,SUCCESS,123
E5_DT15_PD20_SEED123,15,0.2,7.13310502283105,14.0,load_estimation,persistence,,raw,mae,1.84872201581796,0.4383777854014386,1.4103442304165217,3.217189094390396,SUCCESS,123
E5_DT15_PD20_SEED123,15,0.2,7.13310502283105,14.0,load_estimation,persistence,,raw,rmse,2.446016815945967,0.5934701818230634,1.8525466341229035,3.121549642868527,SUCCESS,123
E5_DT15_PD20_SEED123,15,0.2,7.13310502283105,14.0,load_estimation,persistence,,raw,mape,58.68267790596002,13.879795520238472,44.802882385721546,3.2279209243676075,SUCCESS,123
E5_DT15_PD20_SEED123,15,0.2,7.13310502283105,14.0,load_estimation,persistence,,raw,r2,-0.1047384268883329,0.9349663109259364,-1.0397047378142692,-1.11202374424016,SUCCESS,123
E5_DT15_PD20_SEED123,15,0.2,7.13310502283105,14.0,load_estimation,xgboost,,raw,mae,1.4437455910752717,0.2727781880981483,1.170967402977123,4.292745732865553,SUCCESS,123
E5_DT15_PD20_SEED123,15,0.2,7.13310502283105,14.0,load_estimation,xgboost,,raw,rmse,1.9039264038120725,0.408562516532333,1.4953638872797397,3.660061378052038,SUCCESS,123
E5_DT15_PD20_SEED123,15,0.2,7.13310502283105,14.0,load_estimation,xgboost,,raw,mape,45.49999159116828,9.007307051437577,36.4926845397307,4.051453373503731,SUCCESS,123
E5_DT15_PD20_SEED123,15,0.2,7.13310502283105,14.0,load_estimation,xgboost,,raw,r2,0.3306690654672365,0.969178226573376,-0.6385091611061394,-0.6588150080131812,SUCCESS,123
E5_DT15_PD20_SEED123,15,0.2,7.13310502283105,14.0,load_estimation,lstm,,raw,mae,1.5386112167984218,0.2788739965268628,1.259737220271559,4.517227263784035,SUCCESS,123
E5_DT15_PD20_SEED123,15,0.2,7.13310502283105,14.0,load_estimation,lstm,,raw,rmse,2.0030143624746204,0.4151803619579586,1.5878340005166618,3.82444389476554,SUCCESS,123
E5_DT15_PD20_SEED123,15,0.2,7.13310502283105,14.0,load_estimation,lstm,,raw,mape,44.983662235463065,9.118982639637077,35.86467959582599,3.93296939067902,SUCCESS,123
E5_DT15_PD20_SEED123,15,0.2,7.13310502283105,14.0,load_estimation,lstm,,raw,r2,0.261204837511125,0.9682583482374256,-0.7070535107263005,-0.7302322897740973,SUCCESS,123
E5_DT15_PD20_SEED123,15,0.2,7.13310502283105,14.0,anomaly_detection,isolation_forest,isolation_forest,raw,precision,0.1164658634538152,0.1164658634538152,0.0,0.0,SUCCESS,123
E5_DT15_PD20_SEED123,15,0.2,7.13310502283105,14.0,anomaly_detection,isolation_forest,isolation_forest,raw,recall,0.1188524590163934,0.1188524590163934,0.0,0.0,SUCCESS,123
E5_DT15_PD20_SEED123,15,0.2,7.13310502283105,14.0,anomaly_detection,isolation_forest,isolation_forest,raw,f1,0.1176470588235294,0.1176470588235294,0.0,0.0,SUCCESS,123
E5_DT15_PD20_SEED123,15,0.2,7.13310502283105,14.0,anomaly_detection,isolation_forest,isolation_forest,raw,false_positive_rate,0.0438946528332003,0.0438946528332003,0.0,0.0,SUCCESS,123
E5_DT15_PD20_SEED123,15,0.2,7.13310502283105,14.0,anomaly_detection,isolation_forest,isolation_forest,raw,pr_auc,0.09385708598261,0.09385708598261,0.0,0.0,SUCCESS,123
E5_DT15_PD20_SEED123,15,0.2,7.13310502283105,14.0,anomaly_detection,isolation_forest,isolation_forest,raw,roc_auc,0.7138596875695052,0.7138596875695052,0.0,0.0,SUCCESS,123
E5_DT15_PD20_SEED123,15,0.2,7.13310502283105,14.0,anomaly_detection,isolation_forest,isolation_forest,raw,detection_latency,3.2459016393442623,3.2459016393442623,0.0,0.0,SUCCESS,123
E5_DT15_PD20_SEED123,15,0.2,7.13310502283105,14.0,anomaly_detection,isolation_forest,isolation_forest,raw,threshold,0.5031683371451802,0.5031683371451802,0.0,0.0,SUCCESS,123
E5_DT15_PD20_SEED123,15,0.2,7.13310502283105,14.0,anomaly_detection,isolation_forest,isolation_forest,residual,precision,0.0464231354642313,0.0464231354642313,0.0,0.0,SUCCESS,123
E5_DT15_PD20_SEED123,15,0.2,7.13310502283105,14.0,anomaly_detection,isolation_forest,isolation_forest,residual,recall,1.0,1.0,0.0,0.0,SUCCESS,123
E5_DT15_PD20_SEED123,15,0.2,7.13310502283105,14.0,anomaly_detection,isolation_forest,isolation_forest,residual,f1,0.0887272727272727,0.0887272727272727,0.0,0.0,SUCCESS,123
E5_DT15_PD20_SEED123,15,0.2,7.13310502283105,14.0,anomaly_detection,isolation_forest,isolation_forest,residual,false_positive_rate,1.0,1.0,0.0,0.0,SUCCESS,123
E5_DT15_PD20_SEED123,15,0.2,7.13310502283105,14.0,anomaly_detection,isolation_forest,isolation_forest,residual,pr_auc,0.0540294684205144,0.0918851506221842,-0.0378556822016697,0.411989118430308,SUCCESS,123
E5_DT15_PD20_SEED123,15,0.2,7.13310502283105,14.0,anomaly_detection,isolation_forest,isolation_forest,residual,roc_auc,0.5936297966846781,0.6877706618868814,-0.0941408652022033,0.1368782799544404,SUCCESS,123
E5_DT15_PD20_SEED123,15,0.2,7.13310502283105,14.0,anomaly_detection,isolation_forest,isolation_forest,residual,detection_latency,0.0,0.0,0.0,0.0,SUCCESS,123
E5_DT15_PD20_SEED123,15,0.2,7.13310502283105,14.0,anomaly_detection,isolation_forest,isolation_forest,residual,threshold,0.2937656541960819,0.2937656541960819,0.0,0.0,SUCCESS,123
E5_DT15_PD20_SEED123,15,0.2,7.13310502283105,14.0,anomaly_detection,lstm_autoencoder,lstm_autoencoder,raw,precision,0.4982578397212543,0.4982578397212543,0.0,0.0,SUCCESS,123
E5_DT15_PD20_SEED123,15,0.2,7.13310502283105,14.0,anomaly_detection,lstm_autoencoder,lstm_autoencoder,raw,recall,0.5860655737704918,0.5860655737704918,0.0,0.0,SUCCESS,123
E5_DT15_PD20_SEED123,15,0.2,7.13310502283105,14.0,anomaly_detection,lstm_autoencoder,lstm_autoencoder,raw,f1,0.5386064030131827,0.5386064030131827,0.0,0.0,SUCCESS,123
E5_DT15_PD20_SEED123,15,0.2,7.13310502283105,14.0,anomaly_detection,lstm_autoencoder,lstm_autoencoder,raw,false_positive_rate,0.028731045490822,0.028731045490822,0.0,0.0,SUCCESS,123
E5_DT15_PD20_SEED123,15,0.2,7.13310502283105,14.0,anomaly_detection,lstm_autoencoder,lstm_autoencoder,raw,pr_auc,0.561001698584242,0.561001698584242,0.0,0.0,SUCCESS,123
E5_DT15_PD20_SEED123,15,0.2,7.13310502283105,14.0,anomaly_detection,lstm_autoencoder,lstm_autoencoder,raw,roc_auc,0.9493396177043946,0.9493396177043946,0.0,0.0,SUCCESS,123
E5_DT15_PD20_SEED123,15,0.2,7.13310502283105,14.0,anomaly_detection,lstm_autoencoder,lstm_autoencoder,raw,detection_latency,1.3442622950819672,1.3442622950819672,0.0,0.0,SUCCESS,123
E5_DT15_PD20_SEED123,15,0.2,7.13310502283105,14.0,anomaly_detection,lstm_autoencoder,lstm_autoencoder,raw,threshold,0.0007370078528765,0.0007370078528765,0.0,0.0,SUCCESS,123
E5_DT15_PD20_SEED123,15,0.2,7.13310502283105,14.0,anomaly_detection,lstm_autoencoder,lstm_autoencoder,residual,precision,0.0464231354642313,0.0464231354642313,0.0,0.0,SUCCESS,123
E5_DT15_PD20_SEED123,15,0.2,7.13310502283105,14.0,anomaly_detection,lstm_autoencoder,lstm_autoencoder,residual,recall,1.0,1.0,0.0,0.0,SUCCESS,123
E5_DT15_PD20_SEED123,15,0.2,7.13310502283105,14.0,anomaly_detection,lstm_autoencoder,lstm_autoencoder,residual,f1,0.0887272727272727,0.0887272727272727,0.0,0.0,SUCCESS,123
E5_DT15_PD20_SEED123,15,0.2,7.13310502283105,14.0,anomaly_detection,lstm_autoencoder,lstm_autoencoder,residual,false_positive_rate,1.0,1.0,0.0,0.0,SUCCESS,123
E5_DT15_PD20_SEED123,15,0.2,7.13310502283105,14.0,anomaly_detection,lstm_autoencoder,lstm_autoencoder,residual,pr_auc,0.1191333595217468,0.138022346640306,-0.0188889871185591,0.1368545570941846,SUCCESS,123
E5_DT15_PD20_SEED123,15,0.2,7.13310502283105,14.0,anomaly_detection,lstm_autoencoder,lstm_autoencoder,residual,roc_auc,0.6502034461554564,0.7479148404484972,-0.0977113942930407,0.130645080173094,SUCCESS,123
E5_DT15_PD20_SEED123,15,0.2,7.13310502283105,14.0,anomaly_detection,lstm_autoencoder,lstm_autoencoder,residual,detection_latency,0.0,0.0,0.0,0.0,SUCCESS,123
E5_DT15_PD20_SEED123,15,0.2,7.13310502283105,14.0,anomaly_detection,lstm_autoencoder,lstm_autoencoder,residual,threshold,0.0003816792741417,0.0003816792741417,0.0,0.0,SUCCESS,123
E5_DT60_PD00_SEED123,60,0.0,29.5,56.049999999995634,load_estimation,persistence,,raw,mae,2.49722502805871,0.4383777854014386,2.0588472426572717,4.69651362641907,SUCCESS,123
E5_DT60_PD00_SEED123,60,0.0,29.5,56.049999999995634,load_estimation,persistence,,raw,rmse,3.1815452722126523,0.5934701818230634,2.588075090389589,4.3609184920451405,SUCCESS,123
E5_DT60_PD00_SEED123,60,0.0,29.5,56.049999999995634,load_estimation,persistence,,raw,mape,82.2635610789638,13.879795520238472,68.38376555872533,4.926856844469595,SUCCESS,123
E5_DT60_PD00_SEED123,60,0.0,29.5,56.049999999995634,load_estimation,persistence,,raw,r2,-0.8690322654540237,0.9349663109259364,-1.80399857637996,-1.929479763386752,SUCCESS,123
E5_DT60_PD00_SEED123,60,0.0,29.5,56.049999999995634,load_estimation,xgboost,,raw,mae,1.863472614454352,0.2727781880981483,1.5906944263562035,5.83145755695047,SUCCESS,123
E5_DT60_PD00_SEED123,60,0.0,29.5,56.049999999995634,load_estimation,xgboost,,raw,rmse,2.459209708713853,0.408562516532333,2.05064719218152,5.0191760359867335,SUCCESS,123
E5_DT60_PD00_SEED123,60,0.0,29.5,56.049999999995634,load_estimation,xgboost,,raw,mape,61.35763348665816,9.007307051437577,52.35032643522058,5.811984218620084,SUCCESS,123
E5_DT60_PD00_SEED123,60,0.0,29.5,56.049999999995634,load_estimation,xgboost,,raw,r2,-0.1166876503888161,0.969178226573376,-1.085865876962192,-1.1203985471293312,SUCCESS,123
E5_DT60_PD00_SEED123,60,0.0,29.5,56.049999999995634,load_estimation,lstm,,raw,mae,1.8868379352791187,0.2788739965268628,1.6079639387522555,5.765915642111031,SUCCESS,123
E5_DT60_PD00_SEED123,60,0.0,29.5,56.049999999995634,load_estimation,lstm,,raw,rmse,2.3727852747307097,0.4151803619579586,1.957604912772751,4.715071068248115,SUCCESS,123
E5_DT60_PD00_SEED123,60,0.0,29.5,56.049999999995634,load_estimation,lstm,,raw,mape,66.01947254610914,9.118982639637077,56.90048990647207,6.239784870205285,SUCCESS,123
E5_DT60_PD00_SEED123,60,0.0,29.5,56.049999999995634,load_estimation,lstm,,raw,r2,-0.0367470143129631,0.9682583482374256,-1.0050053625503883,-1.0379516627766294,SUCCESS,123
E5_DT60_PD00_SEED123,60,0.0,29.5,56.049999999995634,anomaly_detection,isolation_forest,isolation_forest,raw,precision,0.1164658634538152,0.1164658634538152,0.0,0.0,SUCCESS,123
E5_DT60_PD00_SEED123,60,0.0,29.5,56.049999999995634,anomaly_detection,isolation_forest,isolation_forest,raw,recall,0.1188524590163934,0.1188524590163934,0.0,0.0,SUCCESS,123
E5_DT60_PD00_SEED123,60,0.0,29.5,56.049999999995634,anomaly_detection,isolation_forest,isolation_forest,raw,f1,0.1176470588235294,0.1176470588235294,0.0,0.0,SUCCESS,123
E5_DT60_PD00_SEED123,60,0.0,29.5,56.049999999995634,anomaly_detection,isolation_forest,isolation_forest,raw,false_positive_rate,0.0438946528332003,0.0438946528332003,0.0,0.0,SUCCESS,123
E5_DT60_PD00_SEED123,60,0.0,29.5,56.049999999995634,anomaly_detection,isolation_forest,isolation_forest,raw,pr_auc,0.09385708598261,0.09385708598261,0.0,0.0,SUCCESS,123
E5_DT60_PD00_SEED123,60,0.0,29.5,56.049999999995634,anomaly_detection,isolation_forest,isolation_forest,raw,roc_auc,0.7138596875695052,0.7138596875695052,0.0,0.0,SUCCESS,123
E5_DT60_PD00_SEED123,60,0.0,29.5,56.049999999995634,anomaly_detection,isolation_forest,isolation_forest,raw,detection_latency,3.2459016393442623,3.2459016393442623,0.0,0.0,SUCCESS,123
E5_DT60_PD00_SEED123,60,0.0,29.5,56.049999999995634,anomaly_detection,isolation_forest,isolation_forest,raw,threshold,0.5031683371451802,0.5031683371451802,0.0,0.0,SUCCESS,123
E5_DT60_PD00_SEED123,60,0.0,29.5,56.049999999995634,anomaly_detection,isolation_forest,isolation_forest,residual,precision,0.0464231354642313,0.0464231354642313,0.0,0.0,SUCCESS,123
E5_DT60_PD00_SEED123,60,0.0,29.5,56.049999999995634,anomaly_detection,isolation_forest,isolation_forest,residual,recall,1.0,1.0,0.0,0.0,SUCCESS,123
E5_DT60_PD00_SEED123,60,0.0,29.5,56.049999999995634,anomaly_detection,isolation_forest,isolation_forest,residual,f1,0.0887272727272727,0.0887272727272727,0.0,0.0,SUCCESS,123
E5_DT60_PD00_SEED123,60,0.0,29.5,56.049999999995634,anomaly_detection,isolation_forest,isolation_forest,residual,false_positive_rate,1.0,1.0,0.0,0.0,SUCCESS,123
E5_DT60_PD00_SEED123,60,0.0,29.5,56.049999999995634,anomaly_detection,isolation_forest,isolation_forest,residual,pr_auc,0.0462035404327989,0.0918851506221842,-0.0456816101893852,0.4971598770863433,SUCCESS,123
E5_DT60_PD00_SEED123,60,0.0,29.5,56.049999999995634,anomaly_detection,isolation_forest,isolation_forest,residual,roc_auc,0.5127096607486294,0.6877706618868814,-0.1750610011382519,0.2545339759884152,SUCCESS,123
E5_DT60_PD00_SEED123,60,0.0,29.5,56.049999999995634,anomaly_detection,isolation_forest,isolation_forest,residual,detection_latency,0.0,0.0,0.0,0.0,SUCCESS,123
E5_DT60_PD00_SEED123,60,0.0,29.5,56.049999999995634,anomaly_detection,isolation_forest,isolation_forest,residual,threshold,0.2937656541960819,0.2937656541960819,0.0,0.0,SUCCESS,123
E5_DT60_PD00_SEED123,60,0.0,29.5,56.049999999995634,anomaly_detection,lstm_autoencoder,lstm_autoencoder,raw,precision,0.4982578397212543,0.4982578397212543,0.0,0.0,SUCCESS,123
E5_DT60_PD00_SEED123,60,0.0,29.5,56.049999999995634,anomaly_detection,lstm_autoencoder,lstm_autoencoder,raw,recall,0.5860655737704918,0.5860655737704918,0.0,0.0,SUCCESS,123
E5_DT60_PD00_SEED123,60,0.0,29.5,56.049999999995634,anomaly_detection,lstm_autoencoder,lstm_autoencoder,raw,f1,0.5386064030131827,0.5386064030131827,0.0,0.0,SUCCESS,123
E5_DT60_PD00_SEED123,60,0.0,29.5,56.049999999995634,anomaly_detection,lstm_autoencoder,lstm_autoencoder,raw,false_positive_rate,0.028731045490822,0.028731045490822,0.0,0.0,SUCCESS,123
E5_DT60_PD00_SEED123,60,0.0,29.5,56.049999999995634,anomaly_detection,lstm_autoencoder,lstm_autoencoder,raw,pr_auc,0.561001698584242,0.561001698584242,0.0,0.0,SUCCESS,123
E5_DT60_PD00_SEED123,60,0.0,29.5,56.049999999995634,anomaly_detection,lstm_autoencoder,lstm_autoencoder,raw,roc_auc,0.9493396177043946,0.9493396177043946,0.0,0.0,SUCCESS,123
E5_DT60_PD00_SEED123,60,0.0,29.5,56.049999999995634,anomaly_detection,lstm_autoencoder,lstm_autoencoder,raw,detection_latency,1.3442622950819672,1.3442622950819672,0.0,0.0,SUCCESS,123
E5_DT60_PD00_SEED123,60,0.0,29.5,56.049999999995634,anomaly_detection,lstm_autoencoder,lstm_autoencoder,raw,threshold,0.0007370078528765,0.0007370078528765,0.0,0.0,SUCCESS,123
E5_DT60_PD00_SEED123,60,0.0,29.5,56.049999999995634,anomaly_detection,lstm_autoencoder,lstm_autoencoder,residual,precision,0.0464231354642313,0.0464231354642313,0.0,0.0,SUCCESS,123
E5_DT60_PD00_SEED123,60,0.0,29.5,56.049999999995634,anomaly_detection,lstm_autoencoder,lstm_autoencoder,residual,recall,1.0,1.0,0.0,0.0,SUCCESS,123
E5_DT60_PD00_SEED123,60,0.0,29.5,56.049999999995634,anomaly_detection,lstm_autoencoder,lstm_autoencoder,residual,f1,0.0887272727272727,0.0887272727272727,0.0,0.0,SUCCESS,123
E5_DT60_PD00_SEED123,60,0.0,29.5,56.049999999995634,anomaly_detection,lstm_autoencoder,lstm_autoencoder,residual,false_positive_rate,1.0,1.0,0.0,0.0,SUCCESS,123
E5_DT60_PD00_SEED123,60,0.0,29.5,56.049999999995634,anomaly_detection,lstm_autoencoder,lstm_autoencoder,residual,pr_auc,0.1107229620780443,0.138022346640306,-0.0272993845622616,0.1977895987626222,SUCCESS,123
E5_DT60_PD00_SEED123,60,0.0,29.5,56.049999999995634,anomaly_detection,lstm_autoencoder,lstm_autoencoder,residual,roc_auc,0.5908058364842411,0.7479148404484972,-0.1571090039642561,0.2100626909208588,SUCCESS,123
E5_DT60_PD00_SEED123,60,0.0,29.5,56.049999999995634,anomaly_detection,lstm_autoencoder,lstm_autoencoder,residual,detection_latency,0.0,0.0,0.0,0.0,SUCCESS,123
E5_DT60_PD00_SEED123,60,0.0,29.5,56.049999999995634,anomaly_detection,lstm_autoencoder,lstm_autoencoder,residual,threshold,0.0003816792741417,0.0003816792741417,0.0,0.0,SUCCESS,123
E5_DT60_PD05_SEED123,60,0.05,29.51007420091324,57.0,load_estimation,persistence,,raw,mae,2.519273409016056,0.4383777854014386,2.0808956236146177,4.746809014761241,SUCCESS,123
E5_DT60_PD05_SEED123,60,0.05,29.51007420091324,57.0,load_estimation,persistence,,raw,rmse,3.226887143416609,0.5934701818230634,2.6334169615935457,4.437319754640461,SUCCESS,123
E5_DT60_PD05_SEED123,60,0.05,29.51007420091324,57.0,load_estimation,persistence,,raw,mape,83.5028272187026,13.879795520238472,69.62303169846413,5.01614246383854,SUCCESS,123
E5_DT60_PD05_SEED123,60,0.05,29.51007420091324,57.0,load_estimation,persistence,,raw,r2,-0.922684996238016,0.9349663109259364,-1.8576513071639524,-1.9868644307881451,SUCCESS,123
E5_DT60_PD05_SEED123,60,0.05,29.51007420091324,57.0,load_estimation,xgboost,,raw,mae,1.8929988251519891,0.2727781880981483,1.620220637053841,5.939700121737261,SUCCESS,123
E5_DT60_PD05_SEED123,60,0.05,29.51007420091324,57.0,load_estimation,xgboost,,raw,rmse,2.508893510589779,0.408562516532333,2.1003309940574457,5.140782399432936,SUCCESS,123
E5_DT60_PD05_SEED123,60,0.05,29.51007420091324,57.0,load_estimation,xgboost,,raw,mape,62.86106728245419,9.007307051437577,53.85376023101661,5.978896902645447,SUCCESS,123
E5_DT60_PD05_SEED123,60,0.05,29.51007420091324,57.0,load_estimation,xgboost,,raw,r2,-0.1622646797811389,0.969178226573376,-1.1314429063545148,-1.167425015680389,SUCCESS,123
E5_DT60_PD05_SEED123,60,0.05,29.51007420091324,57.0,load_estimation,lstm,,raw,mae,1.9092180487669017,0.2788739965268628,1.630344052240039,5.846167346344872,SUCCESS,123
E5_DT60_PD05_SEED123,60,0.05,29.51007420091324,57.0,load_estimation,lstm,,raw,rmse,2.38491832933698,0.4151803619579586,1.9697379673790216,4.744294643633646,SUCCESS,123
E5_DT60_PD05_SEED123,60,0.05,29.51007420091324,57.0,load_estimation,lstm,,raw,mape,66.34067509464006,9.118982639637077,57.22169245500299,6.275008377171376,SUCCESS,123
E5_DT60_PD05_SEED123,60,0.05,29.51007420091324,57.0,load_estimation,lstm,,raw,r2,-0.0473767741234565,0.9682583482374256,-1.015635122360882,-1.0489298896412296,SUCCESS,123
E5_DT60_PD05_SEED123,60,0.05,29.51007420091324,57.0,anomaly_detection,isolation_forest,isolation_forest,raw,precision,0.1164658634538152,0.1164658634538152,0.0,0.0,SUCCESS,123
E5_DT60_PD05_SEED123,60,0.05,29.51007420091324,57.0,anomaly_detection,isolation_forest,isolation_forest,raw,recall,0.1188524590163934,0.1188524590163934,0.0,0.0,SUCCESS,123
E5_DT60_PD05_SEED123,60,0.05,29.51007420091324,57.0,anomaly_detection,isolation_forest,isolation_forest,raw,f1,0.1176470588235294,0.1176470588235294,0.0,0.0,SUCCESS,123
E5_DT60_PD05_SEED123,60,0.05,29.51007420091324,57.0,anomaly_detection,isolation_forest,isolation_forest,raw,false_positive_rate,0.0438946528332003,0.0438946528332003,0.0,0.0,SUCCESS,123
E5_DT60_PD05_SEED123,60,0.05,29.51007420091324,57.0,anomaly_detection,isolation_forest,isolation_forest,raw,pr_auc,0.09385708598261,0.09385708598261,0.0,0.0,SUCCESS,123
E5_DT60_PD05_SEED123,60,0.05,29.51007420091324,57.0,anomaly_detection,isolation_forest,isolation_forest,raw,roc_auc,0.7138596875695052,0.7138596875695052,0.0,0.0,SUCCESS,123
E5_DT60_PD05_SEED123,60,0.05,29.51007420091324,57.0,anomaly_detection,isolation_forest,isolation_forest,raw,detection_latency,3.2459016393442623,3.2459016393442623,0.0,0.0,SUCCESS,123
E5_DT60_PD05_SEED123,60,0.05,29.51007420091324,57.0,anomaly_detection,isolation_forest,isolation_forest,raw,threshold,0.5031683371451802,0.5031683371451802,0.0,0.0,SUCCESS,123
E5_DT60_PD05_SEED123,60,0.05,29.51007420091324,57.0,anomaly_detection,isolation_forest,isolation_forest,residual,precision,0.0464231354642313,0.0464231354642313,0.0,0.0,SUCCESS,123
E5_DT60_PD05_SEED123,60,0.05,29.51007420091324,57.0,anomaly_detection,isolation_forest,isolation_forest,residual,recall,1.0,1.0,0.0,0.0,SUCCESS,123
E5_DT60_PD05_SEED123,60,0.05,29.51007420091324,57.0,anomaly_detection,isolation_forest,isolation_forest,residual,f1,0.0887272727272727,0.0887272727272727,0.0,0.0,SUCCESS,123
E5_DT60_PD05_SEED123,60,0.05,29.51007420091324,57.0,anomaly_detection,isolation_forest,isolation_forest,residual,false_positive_rate,1.0,1.0,0.0,0.0,SUCCESS,123
E5_DT60_PD05_SEED123,60,0.05,29.51007420091324,57.0,anomaly_detection,isolation_forest,isolation_forest,residual,pr_auc,0.0465926420831841,0.0918851506221842,-0.0452925085390001,0.4929252249390659,SUCCESS,123
E5_DT60_PD05_SEED123,60,0.05,29.51007420091324,57.0,anomaly_detection,isolation_forest,isolation_forest,residual,roc_auc,0.5329124036738058,0.6877706618868814,-0.1548582582130756,0.2251597324436985,SUCCESS,123
E5_DT60_PD05_SEED123,60,0.05,29.51007420091324,57.0,anomaly_detection,isolation_forest,isolation_forest,residual,detection_latency,0.0,0.0,0.0,0.0,SUCCESS,123
E5_DT60_PD05_SEED123,60,0.05,29.51007420091324,57.0,anomaly_detection,isolation_forest,isolation_forest,residual,threshold,0.2937656541960819,0.2937656541960819,0.0,0.0,SUCCESS,123
E5_DT60_PD05_SEED123,60,0.05,29.51007420091324,57.0,anomaly_detection,lstm_autoencoder,lstm_autoencoder,raw,precision,0.4982578397212543,0.4982578397212543,0.0,0.0,SUCCESS,123
E5_DT60_PD05_SEED123,60,0.05,29.51007420091324,57.0,anomaly_detection,lstm_autoencoder,lstm_autoencoder,raw,recall,0.5860655737704918,0.5860655737704918,0.0,0.0,SUCCESS,123
E5_DT60_PD05_SEED123,60,0.05,29.51007420091324,57.0,anomaly_detection,lstm_autoencoder,lstm_autoencoder,raw,f1,0.5386064030131827,0.5386064030131827,0.0,0.0,SUCCESS,123
E5_DT60_PD05_SEED123,60,0.05,29.51007420091324,57.0,anomaly_detection,lstm_autoencoder,lstm_autoencoder,raw,false_positive_rate,0.028731045490822,0.028731045490822,0.0,0.0,SUCCESS,123
E5_DT60_PD05_SEED123,60,0.05,29.51007420091324,57.0,anomaly_detection,lstm_autoencoder,lstm_autoencoder,raw,pr_auc,0.561001698584242,0.561001698584242,0.0,0.0,SUCCESS,123
E5_DT60_PD05_SEED123,60,0.05,29.51007420091324,57.0,anomaly_detection,lstm_autoencoder,lstm_autoencoder,raw,roc_auc,0.9493396177043946,0.9493396177043946,0.0,0.0,SUCCESS,123
E5_DT60_PD05_SEED123,60,0.05,29.51007420091324,57.0,anomaly_detection,lstm_autoencoder,lstm_autoencoder,raw,detection_latency,1.3442622950819672,1.3442622950819672,0.0,0.0,SUCCESS,123
E5_DT60_PD05_SEED123,60,0.05,29.51007420091324,57.0,anomaly_detection,lstm_autoencoder,lstm_autoencoder,raw,threshold,0.0007370078528765,0.0007370078528765,0.0,0.0,SUCCESS,123
E5_DT60_PD05_SEED123,60,0.05,29.51007420091324,57.0,anomaly_detection,lstm_autoencoder,lstm_autoencoder,residual,precision,0.0464231354642313,0.0464231354642313,0.0,0.0,SUCCESS,123
E5_DT60_PD05_SEED123,60,0.05,29.51007420091324,57.0,anomaly_detection,lstm_autoencoder,lstm_autoencoder,residual,recall,1.0,1.0,0.0,0.0,SUCCESS,123
E5_DT60_PD05_SEED123,60,0.05,29.51007420091324,57.0,anomaly_detection,lstm_autoencoder,lstm_autoencoder,residual,f1,0.0887272727272727,0.0887272727272727,0.0,0.0,SUCCESS,123
E5_DT60_PD05_SEED123,60,0.05,29.51007420091324,57.0,anomaly_detection,lstm_autoencoder,lstm_autoencoder,residual,false_positive_rate,1.0,1.0,0.0,0.0,SUCCESS,123
E5_DT60_PD05_SEED123,60,0.05,29.51007420091324,57.0,anomaly_detection,lstm_autoencoder,lstm_autoencoder,residual,pr_auc,0.1011022580714402,0.138022346640306,-0.0369200885688657,0.2674935578735056,SUCCESS,123
E5_DT60_PD05_SEED123,60,0.05,29.51007420091324,57.0,anomaly_detection,lstm_autoencoder,lstm_autoencoder,residual,roc_auc,0.5776497062787016,0.7479148404484972,-0.1702651341697956,0.2276531029491189,SUCCESS,123
E5_DT60_PD05_SEED123,60,0.05,29.51007420091324,57.0,anomaly_detection,lstm_autoencoder,lstm_autoencoder,residual,detection_latency,0.0,0.0,0.0,0.0,SUCCESS,123
E5_DT60_PD05_SEED123,60,0.05,29.51007420091324,57.0,anomaly_detection,lstm_autoencoder,lstm_autoencoder,residual,threshold,0.0003816792741417,0.0003816792741417,0.0,0.0,SUCCESS,123
E5_DT60_PD10_SEED123,60,0.1,29.552511415525117,57.0,load_estimation,persistence,,raw,mae,2.5548572575664954,0.4383777854014386,2.116479472165057,4.827980665641894,SUCCESS,123
E5_DT60_PD10_SEED123,60,0.1,29.552511415525117,57.0,load_estimation,persistence,,raw,rmse,3.2889704715467087,0.5934701818230634,2.695500289723645,4.541930449552525,SUCCESS,123
E5_DT60_PD10_SEED123,60,0.1,29.552511415525117,57.0,load_estimation,persistence,,raw,mape,84.68264192504104,13.879795520238472,70.80284640480257,5.1011447756246255,SUCCESS,123
E5_DT60_PD10_SEED123,60,0.1,29.552511415525117,57.0,load_estimation,persistence,,raw,r2,-0.9973792442985588,0.9349663109259364,-1.932345555224495,-2.0667542056256685,SUCCESS,123
E5_DT60_PD10_SEED123,60,0.1,29.552511415525117,57.0,load_estimation,xgboost,,raw,mae,1.9074991632088496,0.2727781880981483,1.6347209751107017,5.992858103898368,SUCCESS,123
E5_DT60_PD10_SEED123,60,0.1,29.552511415525117,57.0,load_estimation,xgboost,,raw,rmse,2.4967370309888626,0.408562516532333,2.0881745144565294,5.11102812901162,SUCCESS,123
E5_DT60_PD10_SEED123,60,0.1,29.552511415525117,57.0,load_estimation,xgboost,,raw,mape,63.23215950154125,9.007307051437577,54.22485245010368,6.020095922171249,SUCCESS,123
E5_DT60_PD10_SEED123,60,0.1,29.552511415525117,57.0,load_estimation,xgboost,,raw,r2,-0.1510287969606789,0.969178226573376,-1.1202070235340549,-1.155831809691656,SUCCESS,123
E5_DT60_PD10_SEED123,60,0.1,29.552511415525117,57.0,load_estimation,lstm,,raw,mae,1.900438600189709,0.2788739965268628,1.6215646036628462,5.81468557075255,SUCCESS,123
E5_DT60_PD10_SEED123,60,0.1,29.552511415525117,57.0,load_estimation,lstm,,raw,rmse,2.3787543615218123,0.4151803619579586,1.9635739995638537,4.729448161526209,SUCCESS,123
E5_DT60_PD10_SEED123,60,0.1,29.552511415525117,57.0,load_estimation,lstm,,raw,mape,65.2218403003744,9.118982639637077,56.10285766073732,6.152315436688906,SUCCESS,123
E5_DT60_PD10_SEED123,60,0.1,29.552511415525117,57.0,load_estimation,lstm,,raw,r2,-0.0419697514285277,0.9682583482374256,-1.0102280996659534,-1.0433456127746563,SUCCESS,123
E5_DT60_PD10_SEED123,60,0.1,29.552511415525117,57.0,anomaly_detection,isolation_forest,isolation_forest,raw,precision,0.1164658634538152,0.1164658634538152,0.0,0.0,SUCCESS,123
E5_DT60_PD10_SEED123,60,0.1,29.552511415525117,57.0,anomaly_detection,isolation_forest,isolation_forest,raw,recall,0.1188524590163934,0.1188524590163934,0.0,0.0,SUCCESS,123
E5_DT60_PD10_SEED123,60,0.1,29.552511415525117,57.0,anomaly_detection,isolation_forest,isolation_forest,raw,f1,0.1176470588235294,0.1176470588235294,0.0,0.0,SUCCESS,123
E5_DT60_PD10_SEED123,60,0.1,29.552511415525117,57.0,anomaly_detection,isolation_forest,isolation_forest,raw,false_positive_rate,0.0438946528332003,0.0438946528332003,0.0,0.0,SUCCESS,123
E5_DT60_PD10_SEED123,60,0.1,29.552511415525117,57.0,anomaly_detection,isolation_forest,isolation_forest,raw,pr_auc,0.09385708598261,0.09385708598261,0.0,0.0,SUCCESS,123
E5_DT60_PD10_SEED123,60,0.1,29.552511415525117,57.0,anomaly_detection,isolation_forest,isolation_forest,raw,roc_auc,0.7138596875695052,0.7138596875695052,0.0,0.0,SUCCESS,123
E5_DT60_PD10_SEED123,60,0.1,29.552511415525117,57.0,anomaly_detection,isolation_forest,isolation_forest,raw,detection_latency,3.2459016393442623,3.2459016393442623,0.0,0.0,SUCCESS,123
E5_DT60_PD10_SEED123,60,0.1,29.552511415525117,57.0,anomaly_detection,isolation_forest,isolation_forest,raw,threshold,0.5031683371451802,0.5031683371451802,0.0,0.0,SUCCESS,123
E5_DT60_PD10_SEED123,60,0.1,29.552511415525117,57.0,anomaly_detection,isolation_forest,isolation_forest,residual,precision,0.0464231354642313,0.0464231354642313,0.0,0.0,SUCCESS,123
E5_DT60_PD10_SEED123,60,0.1,29.552511415525117,57.0,anomaly_detection,isolation_forest,isolation_forest,residual,recall,1.0,1.0,0.0,0.0,SUCCESS,123
E5_DT60_PD10_SEED123,60,0.1,29.552511415525117,57.0,anomaly_detection,isolation_forest,isolation_forest,residual,f1,0.0887272727272727,0.0887272727272727,0.0,0.0,SUCCESS,123
E5_DT60_PD10_SEED123,60,0.1,29.552511415525117,57.0,anomaly_detection,isolation_forest,isolation_forest,residual,false_positive_rate,1.0,1.0,0.0,0.0,SUCCESS,123
E5_DT60_PD10_SEED123,60,0.1,29.552511415525117,57.0,anomaly_detection,isolation_forest,isolation_forest,residual,pr_auc,0.0572011258956027,0.0918851506221842,-0.0346840247265814,0.3774714901344198,SUCCESS,123
E5_DT60_PD10_SEED123,60,0.1,29.552511415525117,57.0,anomaly_detection,isolation_forest,isolation_forest,residual,roc_auc,0.516235215809925,0.6877706618868814,-0.1715354460769563,0.2494079139786992,SUCCESS,123
E5_DT60_PD10_SEED123,60,0.1,29.552511415525117,57.0,anomaly_detection,isolation_forest,isolation_forest,residual,detection_latency,0.0,0.0,0.0,0.0,SUCCESS,123
E5_DT60_PD10_SEED123,60,0.1,29.552511415525117,57.0,anomaly_detection,isolation_forest,isolation_forest,residual,threshold,0.2937656541960819,0.2937656541960819,0.0,0.0,SUCCESS,123
E5_DT60_PD10_SEED123,60,0.1,29.552511415525117,57.0,anomaly_detection,lstm_autoencoder,lstm_autoencoder,raw,precision,0.4982578397212543,0.4982578397212543,0.0,0.0,SUCCESS,123
E5_DT60_PD10_SEED123,60,0.1,29.552511415525117,57.0,anomaly_detection,lstm_autoencoder,lstm_autoencoder,raw,recall,0.5860655737704918,0.5860655737704918,0.0,0.0,SUCCESS,123
E5_DT60_PD10_SEED123,60,0.1,29.552511415525117,57.0,anomaly_detection,lstm_autoencoder,lstm_autoencoder,raw,f1,0.5386064030131827,0.5386064030131827,0.0,0.0,SUCCESS,123
E5_DT60_PD10_SEED123,60,0.1,29.552511415525117,57.0,anomaly_detection,lstm_autoencoder,lstm_autoencoder,raw,false_positive_rate,0.028731045490822,0.028731045490822,0.0,0.0,SUCCESS,123
E5_DT60_PD10_SEED123,60,0.1,29.552511415525117,57.0,anomaly_detection,lstm_autoencoder,lstm_autoencoder,raw,pr_auc,0.561001698584242,0.561001698584242,0.0,0.0,SUCCESS,123
E5_DT60_PD10_SEED123,60,0.1,29.552511415525117,57.0,anomaly_detection,lstm_autoencoder,lstm_autoencoder,raw,roc_auc,0.9493396177043946,0.9493396177043946,0.0,0.0,SUCCESS,123
E5_DT60_PD10_SEED123,60,0.1,29.552511415525117,57.0,anomaly_detection,lstm_autoencoder,lstm_autoencoder,raw,detection_latency,1.3442622950819672,1.3442622950819672,0.0,0.0,SUCCESS,123
E5_DT60_PD10_SEED123,60,0.1,29.552511415525117,57.0,anomaly_detection,lstm_autoencoder,lstm_autoencoder,raw,threshold,0.0007370078528765,0.0007370078528765,0.0,0.0,SUCCESS,123
E5_DT60_PD10_SEED123,60,0.1,29.552511415525117,57.0,anomaly_detection,lstm_autoencoder,lstm_autoencoder,residual,precision,0.0464231354642313,0.0464231354642313,0.0,0.0,SUCCESS,123
E5_DT60_PD10_SEED123,60,0.1,29.552511415525117,57.0,anomaly_detection,lstm_autoencoder,lstm_autoencoder,residual,recall,1.0,1.0,0.0,0.0,SUCCESS,123
E5_DT60_PD10_SEED123,60,0.1,29.552511415525117,57.0,anomaly_detection,lstm_autoencoder,lstm_autoencoder,residual,f1,0.0887272727272727,0.0887272727272727,0.0,0.0,SUCCESS,123
E5_DT60_PD10_SEED123,60,0.1,29.552511415525117,57.0,anomaly_detection,lstm_autoencoder,lstm_autoencoder,residual,false_positive_rate,1.0,1.0,0.0,0.0,SUCCESS,123
E5_DT60_PD10_SEED123,60,0.1,29.552511415525117,57.0,anomaly_detection,lstm_autoencoder,lstm_autoencoder,residual,pr_auc,0.1193119828831704,0.138022346640306,-0.0187103637571355,0.1355603944765252,SUCCESS,123
E5_DT60_PD10_SEED123,60,0.1,29.552511415525117,57.0,anomaly_detection,lstm_autoencoder,lstm_autoencoder,residual,roc_auc,0.5998971321287925,0.7479148404484972,-0.1480177083197047,0.19790716845643,SUCCESS,123
E5_DT60_PD10_SEED123,60,0.1,29.552511415525117,57.0,anomaly_detection,lstm_autoencoder,lstm_autoencoder,residual,detection_latency,0.0,0.0,0.0,0.0,SUCCESS,123
E5_DT60_PD10_SEED123,60,0.1,29.552511415525117,57.0,anomaly_detection,lstm_autoencoder,lstm_autoencoder,residual,threshold,0.0003816792741417,0.0003816792741417,0.0,0.0,SUCCESS,123
E5_DT60_PD20_SEED123,60,0.2,29.608561643835618,57.0,load_estimation,persistence,,raw,mae,2.49395076674232,0.4383777854014386,2.0555729813408816,4.689044586186132,SUCCESS,123
E5_DT60_PD20_SEED123,60,0.2,29.608561643835618,57.0,load_estimation,persistence,,raw,rmse,3.223831043449164,0.5934701818230634,2.6303608616261007,4.432170212066886,SUCCESS,123
E5_DT60_PD20_SEED123,60,0.2,29.608561643835618,57.0,load_estimation,persistence,,raw,mape,81.85081927978743,13.879795520238472,67.97102375954896,4.897119965523896,SUCCESS,123
E5_DT60_PD20_SEED123,60,0.2,29.608561643835618,57.0,load_estimation,persistence,,raw,r2,-0.9190448719759184,0.9349663109259364,-1.8540111829018544,-1.9829711094785327,SUCCESS,123
E5_DT60_PD20_SEED123,60,0.2,29.608561643835618,57.0,load_estimation,xgboost,,raw,mae,1.896993749762235,0.2727781880981483,1.6242155616640863,5.954345444510679,SUCCESS,123
E5_DT60_PD20_SEED123,60,0.2,29.608561643835618,57.0,load_estimation,xgboost,,raw,rmse,2.512013424460773,0.408562516532333,2.10345090792844,5.148418718832656,SUCCESS,123
E5_DT60_PD20_SEED123,60,0.2,29.608561643835618,57.0,load_estimation,xgboost,,raw,mape,61.52121045292341,9.007307051437577,52.51390340148584,5.830144692703083,SUCCESS,123
E5_DT60_PD20_SEED123,60,0.2,29.608561643835618,57.0,load_estimation,xgboost,,raw,r2,-0.1651571264514741,0.969178226573376,-1.13433535302485,-1.170409447842636,SUCCESS,123
E5_DT60_PD20_SEED123,60,0.2,29.608561643835618,57.0,load_estimation,lstm,,raw,mae,1.882675555042571,0.2788739965268628,1.6038015585157082,5.750989975722675,SUCCESS,123
E5_DT60_PD20_SEED123,60,0.2,29.608561643835618,57.0,load_estimation,lstm,,raw,rmse,2.360979561664432,0.4151803619579586,1.9457991997064727,4.68663592499952,SUCCESS,123
E5_DT60_PD20_SEED123,60,0.2,29.608561643835618,57.0,load_estimation,lstm,,raw,mape,64.7534517198715,9.118982639637077,55.63446908023443,6.100951309898384,SUCCESS,123
E5_DT60_PD20_SEED123,60,0.2,29.608561643835618,57.0,load_estimation,lstm,,raw,r2,-0.0264560796888031,0.9682583482374256,-0.9947144279262288,-1.0273233685379142,SUCCESS,123
E5_DT60_PD20_SEED123,60,0.2,29.608561643835618,57.0,anomaly_detection,isolation_forest,isolation_forest,raw,precision,0.1164658634538152,0.1164658634538152,0.0,0.0,SUCCESS,123
E5_DT60_PD20_SEED123,60,0.2,29.608561643835618,57.0,anomaly_detection,isolation_forest,isolation_forest,raw,recall,0.1188524590163934,0.1188524590163934,0.0,0.0,SUCCESS,123
E5_DT60_PD20_SEED123,60,0.2,29.608561643835618,57.0,anomaly_detection,isolation_forest,isolation_forest,raw,f1,0.1176470588235294,0.1176470588235294,0.0,0.0,SUCCESS,123
E5_DT60_PD20_SEED123,60,0.2,29.608561643835618,57.0,anomaly_detection,isolation_forest,isolation_forest,raw,false_positive_rate,0.0438946528332003,0.0438946528332003,0.0,0.0,SUCCESS,123
E5_DT60_PD20_SEED123,60,0.2,29.608561643835618,57.0,anomaly_detection,isolation_forest,isolation_forest,raw,pr_auc,0.09385708598261,0.09385708598261,0.0,0.0,SUCCESS,123
E5_DT60_PD20_SEED123,60,0.2,29.608561643835618,57.0,anomaly_detection,isolation_forest,isolation_forest,raw,roc_auc,0.7138596875695052,0.7138596875695052,0.0,0.0,SUCCESS,123
E5_DT60_PD20_SEED123,60,0.2,29.608561643835618,57.0,anomaly_detection,isolation_forest,isolation_forest,raw,detection_latency,3.2459016393442623,3.2459016393442623,0.0,0.0,SUCCESS,123
E5_DT60_PD20_SEED123,60,0.2,29.608561643835618,57.0,anomaly_detection,isolation_forest,isolation_forest,raw,threshold,0.5031683371451802,0.5031683371451802,0.0,0.0,SUCCESS,123
E5_DT60_PD20_SEED123,60,0.2,29.608561643835618,57.0,anomaly_detection,isolation_forest,isolation_forest,residual,precision,0.0464231354642313,0.0464231354642313,0.0,0.0,SUCCESS,123
E5_DT60_PD20_SEED123,60,0.2,29.608561643835618,57.0,anomaly_detection,isolation_forest,isolation_forest,residual,recall,1.0,1.0,0.0,0.0,SUCCESS,123
E5_DT60_PD20_SEED123,60,0.2,29.608561643835618,57.0,anomaly_detection,isolation_forest,isolation_forest,residual,f1,0.0887272727272727,0.0887272727272727,0.0,0.0,SUCCESS,123
E5_DT60_PD20_SEED123,60,0.2,29.608561643835618,57.0,anomaly_detection,isolation_forest,isolation_forest,residual,false_positive_rate,1.0,1.0,0.0,0.0,SUCCESS,123
E5_DT60_PD20_SEED123,60,0.2,29.608561643835618,57.0,anomaly_detection,isolation_forest,isolation_forest,residual,pr_auc,0.0578057721243654,0.0918851506221842,-0.0340793784978187,0.3708910337204237,SUCCESS,123
E5_DT60_PD20_SEED123,60,0.2,29.608561643835618,57.0,anomaly_detection,isolation_forest,isolation_forest,residual,roc_auc,0.5663955686679838,0.6877706618868814,-0.1213750932188976,0.1764761132525021,SUCCESS,123
E5_DT60_PD20_SEED123,60,0.2,29.608561643835618,57.0,anomaly_detection,isolation_forest,isolation_forest,residual,detection_latency,0.0,0.0,0.0,0.0,SUCCESS,123
E5_DT60_PD20_SEED123,60,0.2,29.608561643835618,57.0,anomaly_detection,isolation_forest,isolation_forest,residual,threshold,0.2937656541960819,0.2937656541960819,0.0,0.0,SUCCESS,123
E5_DT60_PD20_SEED123,60,0.2,29.608561643835618,57.0,anomaly_detection,lstm_autoencoder,lstm_autoencoder,raw,precision,0.4982578397212543,0.4982578397212543,0.0,0.0,SUCCESS,123
E5_DT60_PD20_SEED123,60,0.2,29.608561643835618,57.0,anomaly_detection,lstm_autoencoder,lstm_autoencoder,raw,recall,0.5860655737704918,0.5860655737704918,0.0,0.0,SUCCESS,123
E5_DT60_PD20_SEED123,60,0.2,29.608561643835618,57.0,anomaly_detection,lstm_autoencoder,lstm_autoencoder,raw,f1,0.5386064030131827,0.5386064030131827,0.0,0.0,SUCCESS,123
E5_DT60_PD20_SEED123,60,0.2,29.608561643835618,57.0,anomaly_detection,lstm_autoencoder,lstm_autoencoder,raw,false_positive_rate,0.028731045490822,0.028731045490822,0.0,0.0,SUCCESS,123
E5_DT60_PD20_SEED123,60,0.2,29.608561643835618,57.0,anomaly_detection,lstm_autoencoder,lstm_autoencoder,raw,pr_auc,0.561001698584242,0.561001698584242,0.0,0.0,SUCCESS,123
E5_DT60_PD20_SEED123,60,0.2,29.608561643835618,57.0,anomaly_detection,lstm_autoencoder,lstm_autoencoder,raw,roc_auc,0.9493396177043946,0.9493396177043946,0.0,0.0,SUCCESS,123
E5_DT60_PD20_SEED123,60,0.2,29.608561643835618,57.0,anomaly_detection,lstm_autoencoder,lstm_autoencoder,raw,detection_latency,1.3442622950819672,1.3442622950819672,0.0,0.0,SUCCESS,123
E5_DT60_PD20_SEED123,60,0.2,29.608561643835618,57.0,anomaly_detection,lstm_autoencoder,lstm_autoencoder,raw,threshold,0.0007370078528765,0.0007370078528765,0.0,0.0,SUCCESS,123
E5_DT60_PD20_SEED123,60,0.2,29.608561643835618,57.0,anomaly_detection,lstm_autoencoder,lstm_autoencoder,residual,precision,0.0464231354642313,0.0464231354642313,0.0,0.0,SUCCESS,123
E5_DT60_PD20_SEED123,60,0.2,29.608561643835618,57.0,anomaly_detection,lstm_autoencoder,lstm_autoencoder,residual,recall,1.0,1.0,0.0,0.0,SUCCESS,123
E5_DT60_PD20_SEED123,60,0.2,29.608561643835618,57.0,anomaly_detection,lstm_autoencoder,lstm_autoencoder,residual,f1,0.0887272727272727,0.0887272727272727,0.0,0.0,SUCCESS,123
E5_DT60_PD20_SEED123,60,0.2,29.608561643835618,57.0,anomaly_detection,lstm_autoencoder,lstm_autoencoder,residual,false_positive_rate,1.0,1.0,0.0,0.0,SUCCESS,123
E5_DT60_PD20_SEED123,60,0.2,29.608561643835618,57.0,anomaly_detection,lstm_autoencoder,lstm_autoencoder,residual,pr_auc,0.1096656626657644,0.138022346640306,-0.0283566839745415,0.2054499482496169,SUCCESS,123
E5_DT60_PD20_SEED123,60,0.2,29.608561643835618,57.0,anomaly_detection,lstm_autoencoder,lstm_autoencoder,residual,roc_auc,0.6086511225517774,0.7479148404484972,-0.1392637178967197,0.1862026401471167,SUCCESS,123
E5_DT60_PD20_SEED123,60,0.2,29.608561643835618,57.0,anomaly_detection,lstm_autoencoder,lstm_autoencoder,residual,detection_latency,0.0,0.0,0.0,0.0,SUCCESS,123
E5_DT60_PD20_SEED123,60,0.2,29.608561643835618,57.0,anomaly_detection,lstm_autoencoder,lstm_autoencoder,residual,threshold,0.0003816792741417,0.0003816792741417,0.0,0.0,SUCCESS,123
E5_DT300_PD00_SEED123,300,0.0,149.2945205479452,284.0,load_estimation,persistence,,raw,mae,2.5638496218932456,0.4383777854014386,2.125471836491807,4.848493485009589,SUCCESS,123
E5_DT300_PD00_SEED123,300,0.0,149.2945205479452,284.0,load_estimation,persistence,,raw,rmse,3.2333669543911223,0.5934701818230634,2.6398967725680587,4.44823826608885,SUCCESS,123
E5_DT300_PD00_SEED123,300,0.0,149.2945205479452,284.0,load_estimation,persistence,,raw,mape,85.09615099658723,13.879795520238472,71.21635547634875,5.130936934373883,SUCCESS,123
E5_DT300_PD00_SEED123,300,0.0,149.2945205479452,284.0,load_estimation,persistence,,raw,r2,-0.9304145161638973,0.9349663109259364,-1.865380827089833,-1.995131594894012,SUCCESS,123
E5_DT300_PD00_SEED123,300,0.0,149.2945205479452,284.0,load_estimation,xgboost,,raw,mae,1.9431294250660651,0.2727781880981483,1.670351236967917,6.123478011984258,SUCCESS,123
E5_DT300_PD00_SEED123,300,0.0,149.2945205479452,284.0,load_estimation,xgboost,,raw,rmse,2.504715872534861,0.408562516532333,2.096153356002528,5.13055718814734,SUCCESS,123
E5_DT300_PD00_SEED123,300,0.0,149.2945205479452,284.0,load_estimation,xgboost,,raw,mape,65.12087781030785,9.007307051437577,56.11357075887027,6.229783268009553,SUCCESS,123
E5_DT300_PD00_SEED123,300,0.0,149.2945205479452,284.0,load_estimation,xgboost,,raw,r2,-0.158397254882773,0.969178226573376,-1.127575481456149,-1.1634345990652328,SUCCESS,123
E5_DT300_PD00_SEED123,300,0.0,149.2945205479452,284.0,load_estimation,lstm,,raw,mae,1.9482749505774728,0.2788739965268628,1.6694009540506105,5.9862194928231816,SUCCESS,123
E5_DT300_PD00_SEED123,300,0.0,149.2945205479452,284.0,load_estimation,lstm,,raw,rmse,2.4248268613935404,0.4151803619579586,2.009646499435582,4.840418005221258,SUCCESS,123
E5_DT300_PD00_SEED123,300,0.0,149.2945205479452,284.0,load_estimation,lstm,,raw,mape,66.9766132731808,9.118982639637077,57.85763063354373,6.34474622005053,SUCCESS,123
E5_DT300_PD00_SEED123,300,0.0,149.2945205479452,284.0,load_estimation,lstm,,raw,r2,-0.0827230561974703,0.9682583482374256,-1.050981404434896,-1.0854349010757882,SUCCESS,123
E5_DT300_PD00_SEED123,300,0.0,149.2945205479452,284.0,anomaly_detection,isolation_forest,isolation_forest,raw,precision,0.1164658634538152,0.1164658634538152,0.0,0.0,SUCCESS,123
E5_DT300_PD00_SEED123,300,0.0,149.2945205479452,284.0,anomaly_detection,isolation_forest,isolation_forest,raw,recall,0.1188524590163934,0.1188524590163934,0.0,0.0,SUCCESS,123
E5_DT300_PD00_SEED123,300,0.0,149.2945205479452,284.0,anomaly_detection,isolation_forest,isolation_forest,raw,f1,0.1176470588235294,0.1176470588235294,0.0,0.0,SUCCESS,123
E5_DT300_PD00_SEED123,300,0.0,149.2945205479452,284.0,anomaly_detection,isolation_forest,isolation_forest,raw,false_positive_rate,0.0438946528332003,0.0438946528332003,0.0,0.0,SUCCESS,123
E5_DT300_PD00_SEED123,300,0.0,149.2945205479452,284.0,anomaly_detection,isolation_forest,isolation_forest,raw,pr_auc,0.09385708598261,0.09385708598261,0.0,0.0,SUCCESS,123
E5_DT300_PD00_SEED123,300,0.0,149.2945205479452,284.0,anomaly_detection,isolation_forest,isolation_forest,raw,roc_auc,0.7138596875695052,0.7138596875695052,0.0,0.0,SUCCESS,123
E5_DT300_PD00_SEED123,300,0.0,149.2945205479452,284.0,anomaly_detection,isolation_forest,isolation_forest,raw,detection_latency,3.2459016393442623,3.2459016393442623,0.0,0.0,SUCCESS,123
E5_DT300_PD00_SEED123,300,0.0,149.2945205479452,284.0,anomaly_detection,isolation_forest,isolation_forest,raw,threshold,0.5031683371451802,0.5031683371451802,0.0,0.0,SUCCESS,123
E5_DT300_PD00_SEED123,300,0.0,149.2945205479452,284.0,anomaly_detection,isolation_forest,isolation_forest,residual,precision,0.0464231354642313,0.0464231354642313,0.0,0.0,SUCCESS,123
E5_DT300_PD00_SEED123,300,0.0,149.2945205479452,284.0,anomaly_detection,isolation_forest,isolation_forest,residual,recall,1.0,1.0,0.0,0.0,SUCCESS,123
E5_DT300_PD00_SEED123,300,0.0,149.2945205479452,284.0,anomaly_detection,isolation_forest,isolation_forest,residual,f1,0.0887272727272727,0.0887272727272727,0.0,0.0,SUCCESS,123
E5_DT300_PD00_SEED123,300,0.0,149.2945205479452,284.0,anomaly_detection,isolation_forest,isolation_forest,residual,false_positive_rate,1.0,1.0,0.0,0.0,SUCCESS,123
E5_DT300_PD00_SEED123,300,0.0,149.2945205479452,284.0,anomaly_detection,isolation_forest,isolation_forest,residual,pr_auc,0.0486452865463928,0.0918851506221842,-0.0432398640757913,0.470585984601431,SUCCESS,123
E5_DT300_PD00_SEED123,300,0.0,149.2945205479452,284.0,anomaly_detection,isolation_forest,isolation_forest,residual,roc_auc,0.5400048081326129,0.6877706618868814,-0.1477658537542685,0.2148475675727089,SUCCESS,123
E5_DT300_PD00_SEED123,300,0.0,149.2945205479452,284.0,anomaly_detection,isolation_forest,isolation_forest,residual,detection_latency,0.0,0.0,0.0,0.0,SUCCESS,123
E5_DT300_PD00_SEED123,300,0.0,149.2945205479452,284.0,anomaly_detection,isolation_forest,isolation_forest,residual,threshold,0.2937656541960819,0.2937656541960819,0.0,0.0,SUCCESS,123
E5_DT300_PD00_SEED123,300,0.0,149.2945205479452,284.0,anomaly_detection,lstm_autoencoder,lstm_autoencoder,raw,precision,0.4982578397212543,0.4982578397212543,0.0,0.0,SUCCESS,123
E5_DT300_PD00_SEED123,300,0.0,149.2945205479452,284.0,anomaly_detection,lstm_autoencoder,lstm_autoencoder,raw,recall,0.5860655737704918,0.5860655737704918,0.0,0.0,SUCCESS,123
E5_DT300_PD00_SEED123,300,0.0,149.2945205479452,284.0,anomaly_detection,lstm_autoencoder,lstm_autoencoder,raw,f1,0.5386064030131827,0.5386064030131827,0.0,0.0,SUCCESS,123
E5_DT300_PD00_SEED123,300,0.0,149.2945205479452,284.0,anomaly_detection,lstm_autoencoder,lstm_autoencoder,raw,false_positive_rate,0.028731045490822,0.028731045490822,0.0,0.0,SUCCESS,123
E5_DT300_PD00_SEED123,300,0.0,149.2945205479452,284.0,anomaly_detection,lstm_autoencoder,lstm_autoencoder,raw,pr_auc,0.561001698584242,0.561001698584242,0.0,0.0,SUCCESS,123
E5_DT300_PD00_SEED123,300,0.0,149.2945205479452,284.0,anomaly_detection,lstm_autoencoder,lstm_autoencoder,raw,roc_auc,0.9493396177043946,0.9493396177043946,0.0,0.0,SUCCESS,123
E5_DT300_PD00_SEED123,300,0.0,149.2945205479452,284.0,anomaly_detection,lstm_autoencoder,lstm_autoencoder,raw,detection_latency,1.3442622950819672,1.3442622950819672,0.0,0.0,SUCCESS,123
E5_DT300_PD00_SEED123,300,0.0,149.2945205479452,284.0,anomaly_detection,lstm_autoencoder,lstm_autoencoder,raw,threshold,0.0007370078528765,0.0007370078528765,0.0,0.0,SUCCESS,123
E5_DT300_PD00_SEED123,300,0.0,149.2945205479452,284.0,anomaly_detection,lstm_autoencoder,lstm_autoencoder,residual,precision,0.0464231354642313,0.0464231354642313,0.0,0.0,SUCCESS,123
E5_DT300_PD00_SEED123,300,0.0,149.2945205479452,284.0,anomaly_detection,lstm_autoencoder,lstm_autoencoder,residual,recall,1.0,1.0,0.0,0.0,SUCCESS,123
E5_DT300_PD00_SEED123,300,0.0,149.2945205479452,284.0,anomaly_detection,lstm_autoencoder,lstm_autoencoder,residual,f1,0.0887272727272727,0.0887272727272727,0.0,0.0,SUCCESS,123
E5_DT300_PD00_SEED123,300,0.0,149.2945205479452,284.0,anomaly_detection,lstm_autoencoder,lstm_autoencoder,residual,false_positive_rate,1.0,1.0,0.0,0.0,SUCCESS,123
E5_DT300_PD00_SEED123,300,0.0,149.2945205479452,284.0,anomaly_detection,lstm_autoencoder,lstm_autoencoder,residual,pr_auc,0.0871631935815198,0.138022346640306,-0.0508591530587861,0.3684849178178949,SUCCESS,123
E5_DT300_PD00_SEED123,300,0.0,149.2945205479452,284.0,anomaly_detection,lstm_autoencoder,lstm_autoencoder,residual,roc_auc,0.5768581633587586,0.7479148404484972,-0.1710566770897386,0.2287114358997906,SUCCESS,123
E5_DT300_PD00_SEED123,300,0.0,149.2945205479452,284.0,anomaly_detection,lstm_autoencoder,lstm_autoencoder,residual,detection_latency,0.0,0.0,0.0,0.0,SUCCESS,123
E5_DT300_PD00_SEED123,300,0.0,149.2945205479452,284.0,anomaly_detection,lstm_autoencoder,lstm_autoencoder,residual,threshold,0.0003816792741417,0.0003816792741417,0.0,0.0,SUCCESS,123
E5_DT300_PD05_SEED123,300,0.05,149.30733447488583,284.0,load_estimation,persistence,,raw,mae,2.4797595431815544,0.4383777854014386,2.041381757780116,4.65667245412709,SUCCESS,123
E5_DT300_PD05_SEED123,300,0.05,149.30733447488583,284.0,load_estimation,persistence,,raw,rmse,3.222474999988314,0.5934701818230634,2.6290048181652503,4.429885272566329,SUCCESS,123
E5_DT300_PD05_SEED123,300,0.05,149.30733447488583,284.0,load_estimation,persistence,,raw,mape,78.87693007771576,13.879795520238472,64.99713455747728,4.682859661923935,SUCCESS,123
E5_DT300_PD05_SEED123,300,0.05,149.30733447488583,284.0,load_estimation,persistence,,raw,r2,-0.9174307917658704,0.9349663109259364,-1.852397102691807,-1.9812447582815045,SUCCESS,123
E5_DT300_PD05_SEED123,300,0.05,149.30733447488583,284.0,load_estimation,xgboost,,raw,mae,1.957989171873126,0.2727781880981483,1.6852109837749776,6.177953580249686,SUCCESS,123
E5_DT300_PD05_SEED123,300,0.05,149.30733447488583,284.0,load_estimation,xgboost,,raw,rmse,2.560574120729321,0.408562516532333,2.152011604196988,5.267276162439343,SUCCESS,123
E5_DT300_PD05_SEED123,300,0.05,149.30733447488583,284.0,load_estimation,xgboost,,raw,mape,62.531668575863385,9.007307051437577,53.52436152442581,5.942326737477354,SUCCESS,123
E5_DT300_PD05_SEED123,300,0.05,149.30733447488583,284.0,load_estimation,xgboost,,raw,r2,-0.2106407482772536,0.969178226573376,-1.1798189748506296,-1.217339538282855,SUCCESS,123
E5_DT300_PD05_SEED123,300,0.05,149.30733447488583,284.0,load_estimation,lstm,,raw,mae,1.9436221960145383,0.2788739965268628,1.6647481994876756,5.969535418220024,SUCCESS,123
E5_DT300_PD05_SEED123,300,0.05,149.30733447488583,284.0,load_estimation,lstm,,raw,rmse,2.384975028857385,0.4151803619579586,1.9697946668994264,4.744431209631464,SUCCESS,123
E5_DT300_PD05_SEED123,300,0.05,149.30733447488583,284.0,load_estimation,lstm,,raw,mape,69.88478626984804,9.118982639637077,60.76580363021096,6.663660413836403,SUCCESS,123
E5_DT300_PD05_SEED123,300,0.05,149.30733447488583,284.0,load_estimation,lstm,,raw,r2,-0.0474265758009144,0.9682583482374256,-1.01568492403834,-1.0489813239279038,SUCCESS,123
E5_DT300_PD05_SEED123,300,0.05,149.30733447488583,284.0,anomaly_detection,isolation_forest,isolation_forest,raw,precision,0.1164658634538152,0.1164658634538152,0.0,0.0,SUCCESS,123
E5_DT300_PD05_SEED123,300,0.05,149.30733447488583,284.0,anomaly_detection,isolation_forest,isolation_forest,raw,recall,0.1188524590163934,0.1188524590163934,0.0,0.0,SUCCESS,123
E5_DT300_PD05_SEED123,300,0.05,149.30733447488583,284.0,anomaly_detection,isolation_forest,isolation_forest,raw,f1,0.1176470588235294,0.1176470588235294,0.0,0.0,SUCCESS,123
E5_DT300_PD05_SEED123,300,0.05,149.30733447488583,284.0,anomaly_detection,isolation_forest,isolation_forest,raw,false_positive_rate,0.0438946528332003,0.0438946528332003,0.0,0.0,SUCCESS,123
E5_DT300_PD05_SEED123,300,0.05,149.30733447488583,284.0,anomaly_detection,isolation_forest,isolation_forest,raw,pr_auc,0.09385708598261,0.09385708598261,0.0,0.0,SUCCESS,123
E5_DT300_PD05_SEED123,300,0.05,149.30733447488583,284.0,anomaly_detection,isolation_forest,isolation_forest,raw,roc_auc,0.7138596875695052,0.7138596875695052,0.0,0.0,SUCCESS,123
E5_DT300_PD05_SEED123,300,0.05,149.30733447488583,284.0,anomaly_detection,isolation_forest,isolation_forest,raw,detection_latency,3.2459016393442623,3.2459016393442623,0.0,0.0,SUCCESS,123
E5_DT300_PD05_SEED123,300,0.05,149.30733447488583,284.0,anomaly_detection,isolation_forest,isolation_forest,raw,threshold,0.5031683371451802,0.5031683371451802,0.0,0.0,SUCCESS,123
E5_DT300_PD05_SEED123,300,0.05,149.30733447488583,284.0,anomaly_detection,isolation_forest,isolation_forest,residual,precision,0.0464231354642313,0.0464231354642313,0.0,0.0,SUCCESS,123
E5_DT300_PD05_SEED123,300,0.05,149.30733447488583,284.0,anomaly_detection,isolation_forest,isolation_forest,residual,recall,1.0,1.0,0.0,0.0,SUCCESS,123
E5_DT300_PD05_SEED123,300,0.05,149.30733447488583,284.0,anomaly_detection,isolation_forest,isolation_forest,residual,f1,0.0887272727272727,0.0887272727272727,0.0,0.0,SUCCESS,123
E5_DT300_PD05_SEED123,300,0.05,149.30733447488583,284.0,anomaly_detection,isolation_forest,isolation_forest,residual,false_positive_rate,1.0,1.0,0.0,0.0,SUCCESS,123
E5_DT300_PD05_SEED123,300,0.05,149.30733447488583,284.0,anomaly_detection,isolation_forest,isolation_forest,residual,pr_auc,0.0447602693171583,0.0918851506221842,-0.0471248813050258,0.5128672150606268,SUCCESS,123
E5_DT300_PD05_SEED123,300,0.05,149.30733447488583,284.0,anomaly_detection,isolation_forest,isolation_forest,residual,roc_auc,0.506684776209229,0.6877706618868814,-0.1810858856776523,0.2632939956770587,SUCCESS,123
E5_DT300_PD05_SEED123,300,0.05,149.30733447488583,284.0,anomaly_detection,isolation_forest,isolation_forest,residual,detection_latency,0.0,0.0,0.0,0.0,SUCCESS,123
E5_DT300_PD05_SEED123,300,0.05,149.30733447488583,284.0,anomaly_detection,isolation_forest,isolation_forest,residual,threshold,0.2937656541960819,0.2937656541960819,0.0,0.0,SUCCESS,123
E5_DT300_PD05_SEED123,300,0.05,149.30733447488583,284.0,anomaly_detection,lstm_autoencoder,lstm_autoencoder,raw,precision,0.4982578397212543,0.4982578397212543,0.0,0.0,SUCCESS,123
E5_DT300_PD05_SEED123,300,0.05,149.30733447488583,284.0,anomaly_detection,lstm_autoencoder,lstm_autoencoder,raw,recall,0.5860655737704918,0.5860655737704918,0.0,0.0,SUCCESS,123
E5_DT300_PD05_SEED123,300,0.05,149.30733447488583,284.0,anomaly_detection,lstm_autoencoder,lstm_autoencoder,raw,f1,0.5386064030131827,0.5386064030131827,0.0,0.0,SUCCESS,123
E5_DT300_PD05_SEED123,300,0.05,149.30733447488583,284.0,anomaly_detection,lstm_autoencoder,lstm_autoencoder,raw,false_positive_rate,0.028731045490822,0.028731045490822,0.0,0.0,SUCCESS,123
E5_DT300_PD05_SEED123,300,0.05,149.30733447488583,284.0,anomaly_detection,lstm_autoencoder,lstm_autoencoder,raw,pr_auc,0.561001698584242,0.561001698584242,0.0,0.0,SUCCESS,123
E5_DT300_PD05_SEED123,300,0.05,149.30733447488583,284.0,anomaly_detection,lstm_autoencoder,lstm_autoencoder,raw,roc_auc,0.9493396177043946,0.9493396177043946,0.0,0.0,SUCCESS,123
E5_DT300_PD05_SEED123,300,0.05,149.30733447488583,284.0,anomaly_detection,lstm_autoencoder,lstm_autoencoder,raw,detection_latency,1.3442622950819672,1.3442622950819672,0.0,0.0,SUCCESS,123
E5_DT300_PD05_SEED123,300,0.05,149.30733447488583,284.0,anomaly_detection,lstm_autoencoder,lstm_autoencoder,raw,threshold,0.0007370078528765,0.0007370078528765,0.0,0.0,SUCCESS,123
E5_DT300_PD05_SEED123,300,0.05,149.30733447488583,284.0,anomaly_detection,lstm_autoencoder,lstm_autoencoder,residual,precision,0.0464231354642313,0.0464231354642313,0.0,0.0,SUCCESS,123
E5_DT300_PD05_SEED123,300,0.05,149.30733447488583,284.0,anomaly_detection,lstm_autoencoder,lstm_autoencoder,residual,recall,1.0,1.0,0.0,0.0,SUCCESS,123
E5_DT300_PD05_SEED123,300,0.05,149.30733447488583,284.0,anomaly_detection,lstm_autoencoder,lstm_autoencoder,residual,f1,0.0887272727272727,0.0887272727272727,0.0,0.0,SUCCESS,123
E5_DT300_PD05_SEED123,300,0.05,149.30733447488583,284.0,anomaly_detection,lstm_autoencoder,lstm_autoencoder,residual,false_positive_rate,1.0,1.0,0.0,0.0,SUCCESS,123
E5_DT300_PD05_SEED123,300,0.05,149.30733447488583,284.0,anomaly_detection,lstm_autoencoder,lstm_autoencoder,residual,pr_auc,0.1012254524393146,0.138022346640306,-0.0367968942009913,0.2666009895983448,SUCCESS,123
E5_DT300_PD05_SEED123,300,0.05,149.30733447488583,284.0,anomaly_detection,lstm_autoencoder,lstm_autoencoder,residual,roc_auc,0.5889283751782608,0.7479148404484972,-0.1589864652702364,0.212572951721212,SUCCESS,123
E5_DT300_PD05_SEED123,300,0.05,149.30733447488583,284.0,anomaly_detection,lstm_autoencoder,lstm_autoencoder,residual,detection_latency,0.0,0.0,0.0,0.0,SUCCESS,123
E5_DT300_PD05_SEED123,300,0.05,149.30733447488583,284.0,anomaly_detection,lstm_autoencoder,lstm_autoencoder,residual,threshold,0.0003816792741417,0.0003816792741417,0.0,0.0,SUCCESS,123
E5_DT300_PD10_SEED123,300,0.1,149.31526826484017,284.0,load_estimation,persistence,,raw,mae,2.441895165218429,0.4383777854014386,2.0035173798169903,4.570298602111637,SUCCESS,123
E5_DT300_PD10_SEED123,300,0.1,149.31526826484017,284.0,load_estimation,persistence,,raw,rmse,3.138210304488537,0.5934701818230634,2.5447401226654742,4.28789887109132,SUCCESS,123
E5_DT300_PD10_SEED123,300,0.1,149.31526826484017,284.0,load_estimation,persistence,,raw,mape,79.56149897513497,13.879795520238472,65.68170345489649,4.732180914273872,SUCCESS,123
E5_DT300_PD10_SEED123,300,0.1,149.31526826484017,284.0,load_estimation,persistence,,raw,r2,-0.818463850267787,0.9349663109259364,-1.7534301611937233,-1.8753939481062456,SUCCESS,123
E5_DT300_PD10_SEED123,300,0.1,149.31526826484017,284.0,load_estimation,xgboost,,raw,mae,1.950032852964314,0.2727781880981483,1.6772546648661657,6.148785856230824,SUCCESS,123
E5_DT300_PD10_SEED123,300,0.1,149.31526826484017,284.0,load_estimation,xgboost,,raw,rmse,2.555186627198835,0.408562516532333,2.146624110666502,5.254089701830543,SUCCESS,123
E5_DT300_PD10_SEED123,300,0.1,149.31526826484017,284.0,load_estimation,xgboost,,raw,mape,63.18104086416988,9.007307051437577,54.17373381273231,6.014420681271893,SUCCESS,123
E5_DT300_PD10_SEED123,300,0.1,149.31526826484017,284.0,load_estimation,xgboost,,raw,r2,-0.2055516882820822,0.969178226573376,-1.1747299148554582,-1.2120886361725545,SUCCESS,123
E5_DT300_PD10_SEED123,300,0.1,149.31526826484017,284.0,load_estimation,lstm,,raw,mae,1.9803491871602537,0.2788739965268628,1.7014751906333907,6.101232857217989,SUCCESS,123
E5_DT300_PD10_SEED123,300,0.1,149.31526826484017,284.0,load_estimation,lstm,,raw,rmse,2.438942516592889,0.4151803619579586,2.0237621546349303,4.874416856064732,SUCCESS,123
E5_DT300_PD10_SEED123,300,0.1,149.31526826484017,284.0,load_estimation,lstm,,raw,mape,70.18548325291393,9.118982639637077,61.06650061327685,6.696635252691657,SUCCESS,123
E5_DT300_PD10_SEED123,300,0.1,149.31526826484017,284.0,load_estimation,lstm,,raw,r2,-0.0953654679788569,0.9682583482374256,-1.0636238162162823,-1.0984917590976166,SUCCESS,123
E5_DT300_PD10_SEED123,300,0.1,149.31526826484017,284.0,anomaly_detection,isolation_forest,isolation_forest,raw,precision,0.1164658634538152,0.1164658634538152,0.0,0.0,SUCCESS,123
E5_DT300_PD10_SEED123,300,0.1,149.31526826484017,284.0,anomaly_detection,isolation_forest,isolation_forest,raw,recall,0.1188524590163934,0.1188524590163934,0.0,0.0,SUCCESS,123
E5_DT300_PD10_SEED123,300,0.1,149.31526826484017,284.0,anomaly_detection,isolation_forest,isolation_forest,raw,f1,0.1176470588235294,0.1176470588235294,0.0,0.0,SUCCESS,123
E5_DT300_PD10_SEED123,300,0.1,149.31526826484017,284.0,anomaly_detection,isolation_forest,isolation_forest,raw,false_positive_rate,0.0438946528332003,0.0438946528332003,0.0,0.0,SUCCESS,123
E5_DT300_PD10_SEED123,300,0.1,149.31526826484017,284.0,anomaly_detection,isolation_forest,isolation_forest,raw,pr_auc,0.09385708598261,0.09385708598261,0.0,0.0,SUCCESS,123
E5_DT300_PD10_SEED123,300,0.1,149.31526826484017,284.0,anomaly_detection,isolation_forest,isolation_forest,raw,roc_auc,0.7138596875695052,0.7138596875695052,0.0,0.0,SUCCESS,123
E5_DT300_PD10_SEED123,300,0.1,149.31526826484017,284.0,anomaly_detection,isolation_forest,isolation_forest,raw,detection_latency,3.2459016393442623,3.2459016393442623,0.0,0.0,SUCCESS,123
E5_DT300_PD10_SEED123,300,0.1,149.31526826484017,284.0,anomaly_detection,isolation_forest,isolation_forest,raw,threshold,0.5031683371451802,0.5031683371451802,0.0,0.0,SUCCESS,123
E5_DT300_PD10_SEED123,300,0.1,149.31526826484017,284.0,anomaly_detection,isolation_forest,isolation_forest,residual,precision,0.0464231354642313,0.0464231354642313,0.0,0.0,SUCCESS,123
E5_DT300_PD10_SEED123,300,0.1,149.31526826484017,284.0,anomaly_detection,isolation_forest,isolation_forest,residual,recall,1.0,1.0,0.0,0.0,SUCCESS,123
E5_DT300_PD10_SEED123,300,0.1,149.31526826484017,284.0,anomaly_detection,isolation_forest,isolation_forest,residual,f1,0.0887272727272727,0.0887272727272727,0.0,0.0,SUCCESS,123
E5_DT300_PD10_SEED123,300,0.1,149.31526826484017,284.0,anomaly_detection,isolation_forest,isolation_forest,residual,false_positive_rate,1.0,1.0,0.0,0.0,SUCCESS,123
E5_DT300_PD10_SEED123,300,0.1,149.31526826484017,284.0,anomaly_detection,isolation_forest,isolation_forest,residual,pr_auc,0.0444507812229874,0.0918851506221842,-0.0474343693991968,0.5162354208270137,SUCCESS,123
E5_DT300_PD10_SEED123,300,0.1,149.31526826484017,284.0,anomaly_detection,isolation_forest,isolation_forest,residual,roc_auc,0.4982811743618594,0.6877706618868814,-0.1894894875250219,0.2755126062009717,SUCCESS,123
E5_DT300_PD10_SEED123,300,0.1,149.31526826484017,284.0,anomaly_detection,isolation_forest,isolation_forest,residual,detection_latency,0.0,0.0,0.0,0.0,SUCCESS,123
E5_DT300_PD10_SEED123,300,0.1,149.31526826484017,284.0,anomaly_detection,isolation_forest,isolation_forest,residual,threshold,0.2937656541960819,0.2937656541960819,0.0,0.0,SUCCESS,123
E5_DT300_PD10_SEED123,300,0.1,149.31526826484017,284.0,anomaly_detection,lstm_autoencoder,lstm_autoencoder,raw,precision,0.4982578397212543,0.4982578397212543,0.0,0.0,SUCCESS,123
E5_DT300_PD10_SEED123,300,0.1,149.31526826484017,284.0,anomaly_detection,lstm_autoencoder,lstm_autoencoder,raw,recall,0.5860655737704918,0.5860655737704918,0.0,0.0,SUCCESS,123
E5_DT300_PD10_SEED123,300,0.1,149.31526826484017,284.0,anomaly_detection,lstm_autoencoder,lstm_autoencoder,raw,f1,0.5386064030131827,0.5386064030131827,0.0,0.0,SUCCESS,123
E5_DT300_PD10_SEED123,300,0.1,149.31526826484017,284.0,anomaly_detection,lstm_autoencoder,lstm_autoencoder,raw,false_positive_rate,0.028731045490822,0.028731045490822,0.0,0.0,SUCCESS,123
E5_DT300_PD10_SEED123,300,0.1,149.31526826484017,284.0,anomaly_detection,lstm_autoencoder,lstm_autoencoder,raw,pr_auc,0.561001698584242,0.561001698584242,0.0,0.0,SUCCESS,123
E5_DT300_PD10_SEED123,300,0.1,149.31526826484017,284.0,anomaly_detection,lstm_autoencoder,lstm_autoencoder,raw,roc_auc,0.9493396177043946,0.9493396177043946,0.0,0.0,SUCCESS,123
E5_DT300_PD10_SEED123,300,0.1,149.31526826484017,284.0,anomaly_detection,lstm_autoencoder,lstm_autoencoder,raw,detection_latency,1.3442622950819672,1.3442622950819672,0.0,0.0,SUCCESS,123
E5_DT300_PD10_SEED123,300,0.1,149.31526826484017,284.0,anomaly_detection,lstm_autoencoder,lstm_autoencoder,raw,threshold,0.0007370078528765,0.0007370078528765,0.0,0.0,SUCCESS,123
E5_DT300_PD10_SEED123,300,0.1,149.31526826484017,284.0,anomaly_detection,lstm_autoencoder,lstm_autoencoder,residual,precision,0.0464231354642313,0.0464231354642313,0.0,0.0,SUCCESS,123
E5_DT300_PD10_SEED123,300,0.1,149.31526826484017,284.0,anomaly_detection,lstm_autoencoder,lstm_autoencoder,residual,recall,1.0,1.0,0.0,0.0,SUCCESS,123
E5_DT300_PD10_SEED123,300,0.1,149.31526826484017,284.0,anomaly_detection,lstm_autoencoder,lstm_autoencoder,residual,f1,0.0887272727272727,0.0887272727272727,0.0,0.0,SUCCESS,123
E5_DT300_PD10_SEED123,300,0.1,149.31526826484017,284.0,anomaly_detection,lstm_autoencoder,lstm_autoencoder,residual,false_positive_rate,1.0,1.0,0.0,0.0,SUCCESS,123
E5_DT300_PD10_SEED123,300,0.1,149.31526826484017,284.0,anomaly_detection,lstm_autoencoder,lstm_autoencoder,residual,pr_auc,0.1135439853222245,0.138022346640306,-0.0244783613180814,0.1773507110545905,SUCCESS,123
E5_DT300_PD10_SEED123,300,0.1,149.31526826484017,284.0,anomaly_detection,lstm_autoencoder,lstm_autoencoder,residual,roc_auc,0.5711309251239648,0.7479148404484972,-0.1767839153245324,0.236369043323865,SUCCESS,123
E5_DT300_PD10_SEED123,300,0.1,149.31526826484017,284.0,anomaly_detection,lstm_autoencoder,lstm_autoencoder,residual,detection_latency,0.0,0.0,0.0,0.0,SUCCESS,123
E5_DT300_PD10_SEED123,300,0.1,149.31526826484017,284.0,anomaly_detection,lstm_autoencoder,lstm_autoencoder,residual,threshold,0.0003816792741417,0.0003816792741417,0.0,0.0,SUCCESS,123
E5_DT300_PD20_SEED123,300,0.2,149.35933219178082,285.0,load_estimation,persistence,,raw,mae,2.552451017852788,0.4383777854014386,2.114073232451349,4.822491702026859,SUCCESS,123
E5_DT300_PD20_SEED123,300,0.2,149.35933219178082,285.0,load_estimation,persistence,,raw,rmse,3.2431553636348216,0.5934701818230634,2.6496851818117584,4.464731780916556,SUCCESS,123
E5_DT300_PD20_SEED123,300,0.2,149.35933219178082,285.0,load_estimation,persistence,,raw,mape,86.93544843991106,13.879795520238472,73.05565291967258,5.263453111621733,SUCCESS,123
E5_DT300_PD20_SEED123,300,0.2,149.35933219178082,285.0,load_estimation,persistence,,raw,r2,-0.942120140132762,0.9349663109259364,-1.8770864510586984,-2.0076514299212995,SUCCESS,123
E5_DT300_PD20_SEED123,300,0.2,149.35933219178082,285.0,load_estimation,xgboost,,raw,mae,1.9562272906666296,0.2727781880981483,1.6834491025684812,6.171494554992643,SUCCESS,123
E5_DT300_PD20_SEED123,300,0.2,149.35933219178082,285.0,load_estimation,xgboost,,raw,rmse,2.503096179477037,0.408562516532333,2.094533662944704,5.126592817965829,SUCCESS,123
E5_DT300_PD20_SEED123,300,0.2,149.35933219178082,285.0,load_estimation,xgboost,,raw,mape,67.36893603944762,9.007307051437577,58.36162898801004,6.479364881726272,SUCCESS,123
E5_DT300_PD20_SEED123,300,0.2,149.35933219178082,285.0,load_estimation,xgboost,,raw,r2,-0.1568995669672073,0.969178226573376,-1.1260777935405832,-1.1618892817288529,SUCCESS,123
E5_DT300_PD20_SEED123,300,0.2,149.35933219178082,285.0,load_estimation,lstm,,raw,mae,1.900530862826452,0.2788739965268628,1.6216568662995887,5.815016410622497,SUCCESS,123
E5_DT300_PD20_SEED123,300,0.2,149.35933219178082,285.0,load_estimation,lstm,,raw,rmse,2.369883228735425,0.4151803619579586,1.9547028667774669,4.708081224167826,SUCCESS,123
E5_DT300_PD20_SEED123,300,0.2,149.35933219178082,285.0,load_estimation,lstm,,raw,mape,65.28819180529457,9.118982639637077,56.1692091656575,6.159591632679429,SUCCESS,123
E5_DT300_PD20_SEED123,300,0.2,149.35933219178082,285.0,load_estimation,lstm,,raw,r2,-0.0342125686903913,0.9682583482374256,-1.002470916927817,-1.0353341324169014,SUCCESS,123
E5_DT300_PD20_SEED123,300,0.2,149.35933219178082,285.0,anomaly_detection,isolation_forest,isolation_forest,raw,precision,0.1164658634538152,0.1164658634538152,0.0,0.0,SUCCESS,123
E5_DT300_PD20_SEED123,300,0.2,149.35933219178082,285.0,anomaly_detection,isolation_forest,isolation_forest,raw,recall,0.1188524590163934,0.1188524590163934,0.0,0.0,SUCCESS,123
E5_DT300_PD20_SEED123,300,0.2,149.35933219178082,285.0,anomaly_detection,isolation_forest,isolation_forest,raw,f1,0.1176470588235294,0.1176470588235294,0.0,0.0,SUCCESS,123
E5_DT300_PD20_SEED123,300,0.2,149.35933219178082,285.0,anomaly_detection,isolation_forest,isolation_forest,raw,false_positive_rate,0.0438946528332003,0.0438946528332003,0.0,0.0,SUCCESS,123
E5_DT300_PD20_SEED123,300,0.2,149.35933219178082,285.0,anomaly_detection,isolation_forest,isolation_forest,raw,pr_auc,0.09385708598261,0.09385708598261,0.0,0.0,SUCCESS,123
E5_DT300_PD20_SEED123,300,0.2,149.35933219178082,285.0,anomaly_detection,isolation_forest,isolation_forest,raw,roc_auc,0.7138596875695052,0.7138596875695052,0.0,0.0,SUCCESS,123
E5_DT300_PD20_SEED123,300,0.2,149.35933219178082,285.0,anomaly_detection,isolation_forest,isolation_forest,raw,detection_latency,3.2459016393442623,3.2459016393442623,0.0,0.0,SUCCESS,123
E5_DT300_PD20_SEED123,300,0.2,149.35933219178082,285.0,anomaly_detection,isolation_forest,isolation_forest,raw,threshold,0.5031683371451802,0.5031683371451802,0.0,0.0,SUCCESS,123
E5_DT300_PD20_SEED123,300,0.2,149.35933219178082,285.0,anomaly_detection,isolation_forest,isolation_forest,residual,precision,0.0464231354642313,0.0464231354642313,0.0,0.0,SUCCESS,123
E5_DT300_PD20_SEED123,300,0.2,149.35933219178082,285.0,anomaly_detection,isolation_forest,isolation_forest,residual,recall,1.0,1.0,0.0,0.0,SUCCESS,123
E5_DT300_PD20_SEED123,300,0.2,149.35933219178082,285.0,anomaly_detection,isolation_forest,isolation_forest,residual,f1,0.0887272727272727,0.0887272727272727,0.0,0.0,SUCCESS,123
E5_DT300_PD20_SEED123,300,0.2,149.35933219178082,285.0,anomaly_detection,isolation_forest,isolation_forest,residual,false_positive_rate,1.0,1.0,0.0,0.0,SUCCESS,123
E5_DT300_PD20_SEED123,300,0.2,149.35933219178082,285.0,anomaly_detection,isolation_forest,isolation_forest,residual,pr_auc,0.0410009364212511,0.0918851506221842,-0.0508842142009331,0.5537806038993196,SUCCESS,123
E5_DT300_PD20_SEED123,300,0.2,149.35933219178082,285.0,anomaly_detection,isolation_forest,isolation_forest,residual,roc_auc,0.4737327136184632,0.6877706618868814,-0.2140379482684181,0.3112054062922813,SUCCESS,123
E5_DT300_PD20_SEED123,300,0.2,149.35933219178082,285.0,anomaly_detection,isolation_forest,isolation_forest,residual,detection_latency,0.0,0.0,0.0,0.0,SUCCESS,123
E5_DT300_PD20_SEED123,300,0.2,149.35933219178082,285.0,anomaly_detection,isolation_forest,isolation_forest,residual,threshold,0.2937656541960819,0.2937656541960819,0.0,0.0,SUCCESS,123
E5_DT300_PD20_SEED123,300,0.2,149.35933219178082,285.0,anomaly_detection,lstm_autoencoder,lstm_autoencoder,raw,precision,0.4982578397212543,0.4982578397212543,0.0,0.0,SUCCESS,123
E5_DT300_PD20_SEED123,300,0.2,149.35933219178082,285.0,anomaly_detection,lstm_autoencoder,lstm_autoencoder,raw,recall,0.5860655737704918,0.5860655737704918,0.0,0.0,SUCCESS,123
E5_DT300_PD20_SEED123,300,0.2,149.35933219178082,285.0,anomaly_detection,lstm_autoencoder,lstm_autoencoder,raw,f1,0.5386064030131827,0.5386064030131827,0.0,0.0,SUCCESS,123
E5_DT300_PD20_SEED123,300,0.2,149.35933219178082,285.0,anomaly_detection,lstm_autoencoder,lstm_autoencoder,raw,false_positive_rate,0.028731045490822,0.028731045490822,0.0,0.0,SUCCESS,123
E5_DT300_PD20_SEED123,300,0.2,149.35933219178082,285.0,anomaly_detection,lstm_autoencoder,lstm_autoencoder,raw,pr_auc,0.561001698584242,0.561001698584242,0.0,0.0,SUCCESS,123
E5_DT300_PD20_SEED123,300,0.2,149.35933219178082,285.0,anomaly_detection,lstm_autoencoder,lstm_autoencoder,raw,roc_auc,0.9493396177043946,0.9493396177043946,0.0,0.0,SUCCESS,123
E5_DT300_PD20_SEED123,300,0.2,149.35933219178082,285.0,anomaly_detection,lstm_autoencoder,lstm_autoencoder,raw,detection_latency,1.3442622950819672,1.3442622950819672,0.0,0.0,SUCCESS,123
E5_DT300_PD20_SEED123,300,0.2,149.35933219178082,285.0,anomaly_detection,lstm_autoencoder,lstm_autoencoder,raw,threshold,0.0007370078528765,0.0007370078528765,0.0,0.0,SUCCESS,123
E5_DT300_PD20_SEED123,300,0.2,149.35933219178082,285.0,anomaly_detection,lstm_autoencoder,lstm_autoencoder,residual,precision,0.0464231354642313,0.0464231354642313,0.0,0.0,SUCCESS,123
E5_DT300_PD20_SEED123,300,0.2,149.35933219178082,285.0,anomaly_detection,lstm_autoencoder,lstm_autoencoder,residual,recall,1.0,1.0,0.0,0.0,SUCCESS,123
E5_DT300_PD20_SEED123,300,0.2,149.35933219178082,285.0,anomaly_detection,lstm_autoencoder,lstm_autoencoder,residual,f1,0.0887272727272727,0.0887272727272727,0.0,0.0,SUCCESS,123
E5_DT300_PD20_SEED123,300,0.2,149.35933219178082,285.0,anomaly_detection,lstm_autoencoder,lstm_autoencoder,residual,false_positive_rate,1.0,1.0,0.0,0.0,SUCCESS,123
E5_DT300_PD20_SEED123,300,0.2,149.35933219178082,285.0,anomaly_detection,lstm_autoencoder,lstm_autoencoder,residual,pr_auc,0.0921372373231134,0.138022346640306,-0.0458851093171925,0.3324469582941645,SUCCESS,123
E5_DT300_PD20_SEED123,300,0.2,149.35933219178082,285.0,anomaly_detection,lstm_autoencoder,lstm_autoencoder,residual,roc_auc,0.5602774652309866,0.7479148404484972,-0.1876373752175105,0.2508806685865349,SUCCESS,123
E5_DT300_PD20_SEED123,300,0.2,149.35933219178082,285.0,anomaly_detection,lstm_autoencoder,lstm_autoencoder,residual,detection_latency,0.0,0.0,0.0,0.0,SUCCESS,123
E5_DT300_PD20_SEED123,300,0.2,149.35933219178082,285.0,anomaly_detection,lstm_autoencoder,lstm_autoencoder,residual,threshold,0.0003816792741417,0.0003816792741417,0.0,0.0,SUCCESS,123
E5_DT0_PD00_SEED456,0,0.0,0.0,0.0,load_estimation,persistence,,raw,mae,0.4492700455803849,0.4492700455803849,0.0,0.0,SUCCESS,456
E5_DT0_PD00_SEED456,0,0.0,0.0,0.0,load_estimation,persistence,,raw,rmse,0.6122637034975102,0.6122637034975102,0.0,0.0,SUCCESS,456
E5_DT0_PD00_SEED456,0,0.0,0.0,0.0,load_estimation,persistence,,raw,mape,14.318382192492017,14.318382192492017,0.0,0.0,SUCCESS,456
E5_DT0_PD00_SEED456,0,0.0,0.0,0.0,load_estimation,persistence,,raw,r2,0.930782228617953,0.930782228617953,0.0,0.0,SUCCESS,456
E5_DT0_PD00_SEED456,0,0.0,0.0,0.0,load_estimation,xgboost,,raw,mae,0.2750139962910154,0.2750139962910154,0.0,0.0,SUCCESS,456
E5_DT0_PD00_SEED456,0,0.0,0.0,0.0,load_estimation,xgboost,,raw,rmse,0.4118104239968307,0.4118104239968307,0.0,0.0,SUCCESS,456
E5_DT0_PD00_SEED456,0,0.0,0.0,0.0,load_estimation,xgboost,,raw,mape,9.136281172616451,9.136281172616451,0.0,0.0,SUCCESS,456
E5_DT0_PD00_SEED456,0,0.0,0.0,0.0,load_estimation,xgboost,,raw,r2,0.9686862373860586,0.9686862373860586,0.0,0.0,SUCCESS,456
E5_DT0_PD00_SEED456,0,0.0,0.0,0.0,load_estimation,lstm,,raw,mae,0.2758453186169287,0.2758453186169287,0.0,0.0,SUCCESS,456
E5_DT0_PD00_SEED456,0,0.0,0.0,0.0,load_estimation,lstm,,raw,rmse,0.4183041673895866,0.4183041673895866,0.0,0.0,SUCCESS,456
E5_DT0_PD00_SEED456,0,0.0,0.0,0.0,load_estimation,lstm,,raw,mape,8.868861318649634,8.868861318649634,0.0,0.0,SUCCESS,456
E5_DT0_PD00_SEED456,0,0.0,0.0,0.0,load_estimation,lstm,,raw,r2,0.9677789047373696,0.9677789047373696,0.0,0.0,SUCCESS,456
E5_DT0_PD00_SEED456,0,0.0,0.0,0.0,anomaly_detection,isolation_forest,isolation_forest,raw,precision,0.1164658634538152,0.1164658634538152,0.0,0.0,SUCCESS,456
E5_DT0_PD00_SEED456,0,0.0,0.0,0.0,anomaly_detection,isolation_forest,isolation_forest,raw,recall,0.1188524590163934,0.1188524590163934,0.0,0.0,SUCCESS,456
E5_DT0_PD00_SEED456,0,0.0,0.0,0.0,anomaly_detection,isolation_forest,isolation_forest,raw,f1,0.1176470588235294,0.1176470588235294,0.0,0.0,SUCCESS,456
E5_DT0_PD00_SEED456,0,0.0,0.0,0.0,anomaly_detection,isolation_forest,isolation_forest,raw,false_positive_rate,0.0438946528332003,0.0438946528332003,0.0,0.0,SUCCESS,456
E5_DT0_PD00_SEED456,0,0.0,0.0,0.0,anomaly_detection,isolation_forest,isolation_forest,raw,pr_auc,0.09385708598261,0.09385708598261,0.0,0.0,SUCCESS,456
E5_DT0_PD00_SEED456,0,0.0,0.0,0.0,anomaly_detection,isolation_forest,isolation_forest,raw,roc_auc,0.7138596875695052,0.7138596875695052,0.0,0.0,SUCCESS,456
E5_DT0_PD00_SEED456,0,0.0,0.0,0.0,anomaly_detection,isolation_forest,isolation_forest,raw,detection_latency,3.2459016393442623,3.2459016393442623,0.0,0.0,SUCCESS,456
E5_DT0_PD00_SEED456,0,0.0,0.0,0.0,anomaly_detection,isolation_forest,isolation_forest,raw,threshold,0.5031683371451802,0.5031683371451802,0.0,0.0,SUCCESS,456
E5_DT0_PD00_SEED456,0,0.0,0.0,0.0,anomaly_detection,isolation_forest,isolation_forest,residual,precision,0.0464231354642313,0.0464231354642313,0.0,0.0,SUCCESS,456
E5_DT0_PD00_SEED456,0,0.0,0.0,0.0,anomaly_detection,isolation_forest,isolation_forest,residual,recall,1.0,1.0,0.0,0.0,SUCCESS,456
E5_DT0_PD00_SEED456,0,0.0,0.0,0.0,anomaly_detection,isolation_forest,isolation_forest,residual,f1,0.0887272727272727,0.0887272727272727,0.0,0.0,SUCCESS,456
E5_DT0_PD00_SEED456,0,0.0,0.0,0.0,anomaly_detection,isolation_forest,isolation_forest,residual,false_positive_rate,1.0,1.0,0.0,0.0,SUCCESS,456
E5_DT0_PD00_SEED456,0,0.0,0.0,0.0,anomaly_detection,isolation_forest,isolation_forest,residual,pr_auc,0.0872394700315926,0.0872394700315926,0.0,0.0,SUCCESS,456
E5_DT0_PD00_SEED456,0,0.0,0.0,0.0,anomaly_detection,isolation_forest,isolation_forest,residual,roc_auc,0.6846846257506575,0.6846846257506575,0.0,0.0,SUCCESS,456
E5_DT0_PD00_SEED456,0,0.0,0.0,0.0,anomaly_detection,isolation_forest,isolation_forest,residual,detection_latency,0.0,0.0,0.0,0.0,SUCCESS,456
E5_DT0_PD00_SEED456,0,0.0,0.0,0.0,anomaly_detection,isolation_forest,isolation_forest,residual,threshold,0.2937656541960819,0.2937656541960819,0.0,0.0,SUCCESS,456
E5_DT0_PD00_SEED456,0,0.0,0.0,0.0,anomaly_detection,lstm_autoencoder,lstm_autoencoder,raw,precision,0.4982578397212543,0.4982578397212543,0.0,0.0,SUCCESS,456
E5_DT0_PD00_SEED456,0,0.0,0.0,0.0,anomaly_detection,lstm_autoencoder,lstm_autoencoder,raw,recall,0.5860655737704918,0.5860655737704918,0.0,0.0,SUCCESS,456
E5_DT0_PD00_SEED456,0,0.0,0.0,0.0,anomaly_detection,lstm_autoencoder,lstm_autoencoder,raw,f1,0.5386064030131827,0.5386064030131827,0.0,0.0,SUCCESS,456
E5_DT0_PD00_SEED456,0,0.0,0.0,0.0,anomaly_detection,lstm_autoencoder,lstm_autoencoder,raw,false_positive_rate,0.028731045490822,0.028731045490822,0.0,0.0,SUCCESS,456
E5_DT0_PD00_SEED456,0,0.0,0.0,0.0,anomaly_detection,lstm_autoencoder,lstm_autoencoder,raw,pr_auc,0.561001698584242,0.561001698584242,0.0,0.0,SUCCESS,456
E5_DT0_PD00_SEED456,0,0.0,0.0,0.0,anomaly_detection,lstm_autoencoder,lstm_autoencoder,raw,roc_auc,0.9493396177043946,0.9493396177043946,0.0,0.0,SUCCESS,456
E5_DT0_PD00_SEED456,0,0.0,0.0,0.0,anomaly_detection,lstm_autoencoder,lstm_autoencoder,raw,detection_latency,1.3442622950819672,1.3442622950819672,0.0,0.0,SUCCESS,456
E5_DT0_PD00_SEED456,0,0.0,0.0,0.0,anomaly_detection,lstm_autoencoder,lstm_autoencoder,raw,threshold,0.0007370078528765,0.0007370078528765,0.0,0.0,SUCCESS,456
E5_DT0_PD00_SEED456,0,0.0,0.0,0.0,anomaly_detection,lstm_autoencoder,lstm_autoencoder,residual,precision,0.0464231354642313,0.0464231354642313,0.0,0.0,SUCCESS,456
E5_DT0_PD00_SEED456,0,0.0,0.0,0.0,anomaly_detection,lstm_autoencoder,lstm_autoencoder,residual,recall,1.0,1.0,0.0,0.0,SUCCESS,456
E5_DT0_PD00_SEED456,0,0.0,0.0,0.0,anomaly_detection,lstm_autoencoder,lstm_autoencoder,residual,f1,0.0887272727272727,0.0887272727272727,0.0,0.0,SUCCESS,456
E5_DT0_PD00_SEED456,0,0.0,0.0,0.0,anomaly_detection,lstm_autoencoder,lstm_autoencoder,residual,false_positive_rate,1.0,1.0,0.0,0.0,SUCCESS,456
E5_DT0_PD00_SEED456,0,0.0,0.0,0.0,anomaly_detection,lstm_autoencoder,lstm_autoencoder,residual,pr_auc,0.1306032392197611,0.1306032392197611,0.0,0.0,SUCCESS,456
E5_DT0_PD00_SEED456,0,0.0,0.0,0.0,anomaly_detection,lstm_autoencoder,lstm_autoencoder,residual,roc_auc,0.7428769314301413,0.7428769314301413,0.0,0.0,SUCCESS,456
E5_DT0_PD00_SEED456,0,0.0,0.0,0.0,anomaly_detection,lstm_autoencoder,lstm_autoencoder,residual,detection_latency,0.0,0.0,0.0,0.0,SUCCESS,456
E5_DT0_PD00_SEED456,0,0.0,0.0,0.0,anomaly_detection,lstm_autoencoder,lstm_autoencoder,residual,threshold,0.0003816792741417,0.0003816792741417,0.0,0.0,SUCCESS,456
E5_DT0_PD05_SEED456,0,0.05,0.0512271689497716,0.0,load_estimation,persistence,,raw,mae,0.4585465946471491,0.4492700455803849,0.0092765490667642,0.020648047111132,SUCCESS,456
E5_DT0_PD05_SEED456,0,0.05,0.0512271689497716,0.0,load_estimation,persistence,,raw,rmse,0.6249482611837521,0.6122637034975102,0.0126845576862418,0.0207174745355347,SUCCESS,456
E5_DT0_PD05_SEED456,0,0.05,0.0512271689497716,0.0,load_estimation,persistence,,raw,mape,14.542801605734654,14.318382192492017,0.2244194132426393,0.0156735174564844,SUCCESS,456
E5_DT0_PD05_SEED456,0,0.05,0.0512271689497716,0.0,load_estimation,persistence,,raw,r2,0.9278844845666252,0.930782228617953,-0.0028977440513279,-0.0031132352576505,SUCCESS,456
E5_DT0_PD05_SEED456,0,0.05,0.0512271689497716,0.0,load_estimation,xgboost,,raw,mae,0.2788980480289169,0.2750139962910154,0.0038840517379014,0.0141231056974693,SUCCESS,456
E5_DT0_PD05_SEED456,0,0.05,0.0512271689497716,0.0,load_estimation,xgboost,,raw,rmse,0.4176488394898681,0.4118104239968307,0.0058384154930373,0.0141774349380778,SUCCESS,456
E5_DT0_PD05_SEED456,0,0.05,0.0512271689497716,0.0,load_estimation,xgboost,,raw,mape,9.23864215576086,9.136281172616451,0.1023609831444076,0.0112037908215004,SUCCESS,456
E5_DT0_PD05_SEED456,0,0.05,0.0512271689497716,0.0,load_estimation,xgboost,,raw,r2,0.9677920456661242,0.9686862373860586,-0.0008941917199344,-0.0009230973719079,SUCCESS,456
E5_DT0_PD05_SEED456,0,0.05,0.0512271689497716,0.0,load_estimation,lstm,,raw,mae,0.2763632542768537,0.2758453186169287,0.000517935659925,0.0018776307769946,SUCCESS,456
E5_DT0_PD05_SEED456,0,0.05,0.0512271689497716,0.0,load_estimation,lstm,,raw,rmse,0.4193990483729569,0.4183041673895866,0.0010948809833703,0.0026174278640418,SUCCESS,456
E5_DT0_PD05_SEED456,0,0.05,0.0512271689497716,0.0,load_estimation,lstm,,raw,mape,8.887366841945836,8.868861318649634,0.0185055232962021,0.0020865726310646,SUCCESS,456
E5_DT0_PD05_SEED456,0,0.05,0.0512271689497716,0.0,load_estimation,lstm,,raw,r2,0.967610011207845,0.9677789047373696,-0.0001688935295245,-0.0001745166470335,SUCCESS,456
E5_DT0_PD05_SEED456,0,0.05,0.0512271689497716,0.0,anomaly_detection,isolation_forest,isolation_forest,raw,precision,0.1164658634538152,0.1164658634538152,0.0,0.0,SUCCESS,456
E5_DT0_PD05_SEED456,0,0.05,0.0512271689497716,0.0,anomaly_detection,isolation_forest,isolation_forest,raw,recall,0.1188524590163934,0.1188524590163934,0.0,0.0,SUCCESS,456
E5_DT0_PD05_SEED456,0,0.05,0.0512271689497716,0.0,anomaly_detection,isolation_forest,isolation_forest,raw,f1,0.1176470588235294,0.1176470588235294,0.0,0.0,SUCCESS,456
E5_DT0_PD05_SEED456,0,0.05,0.0512271689497716,0.0,anomaly_detection,isolation_forest,isolation_forest,raw,false_positive_rate,0.0438946528332003,0.0438946528332003,0.0,0.0,SUCCESS,456
E5_DT0_PD05_SEED456,0,0.05,0.0512271689497716,0.0,anomaly_detection,isolation_forest,isolation_forest,raw,pr_auc,0.09385708598261,0.09385708598261,0.0,0.0,SUCCESS,456
E5_DT0_PD05_SEED456,0,0.05,0.0512271689497716,0.0,anomaly_detection,isolation_forest,isolation_forest,raw,roc_auc,0.7138596875695052,0.7138596875695052,0.0,0.0,SUCCESS,456
E5_DT0_PD05_SEED456,0,0.05,0.0512271689497716,0.0,anomaly_detection,isolation_forest,isolation_forest,raw,detection_latency,3.2459016393442623,3.2459016393442623,0.0,0.0,SUCCESS,456
E5_DT0_PD05_SEED456,0,0.05,0.0512271689497716,0.0,anomaly_detection,isolation_forest,isolation_forest,raw,threshold,0.5031683371451802,0.5031683371451802,0.0,0.0,SUCCESS,456
E5_DT0_PD05_SEED456,0,0.05,0.0512271689497716,0.0,anomaly_detection,isolation_forest,isolation_forest,residual,precision,0.0464231354642313,0.0464231354642313,0.0,0.0,SUCCESS,456
E5_DT0_PD05_SEED456,0,0.05,0.0512271689497716,0.0,anomaly_detection,isolation_forest,isolation_forest,residual,recall,1.0,1.0,0.0,0.0,SUCCESS,456
E5_DT0_PD05_SEED456,0,0.05,0.0512271689497716,0.0,anomaly_detection,isolation_forest,isolation_forest,residual,f1,0.0887272727272727,0.0887272727272727,0.0,0.0,SUCCESS,456
E5_DT0_PD05_SEED456,0,0.05,0.0512271689497716,0.0,anomaly_detection,isolation_forest,isolation_forest,residual,false_positive_rate,1.0,1.0,0.0,0.0,SUCCESS,456
E5_DT0_PD05_SEED456,0,0.05,0.0512271689497716,0.0,anomaly_detection,isolation_forest,isolation_forest,residual,pr_auc,0.0827787150114765,0.0872394700315926,-0.0044607550201161,0.0511323030561819,SUCCESS,456
E5_DT0_PD05_SEED456,0,0.05,0.0512271689497716,0.0,anomaly_detection,isolation_forest,isolation_forest,residual,roc_auc,0.6778134117462353,0.6846846257506575,-0.0068712140044221,0.01003558973869,SUCCESS,456
E5_DT0_PD05_SEED456,0,0.05,0.0512271689497716,0.0,anomaly_detection,isolation_forest,isolation_forest,residual,detection_latency,0.0,0.0,0.0,0.0,SUCCESS,456
E5_DT0_PD05_SEED456,0,0.05,0.0512271689497716,0.0,anomaly_detection,isolation_forest,isolation_forest,residual,threshold,0.2937656541960819,0.2937656541960819,0.0,0.0,SUCCESS,456
E5_DT0_PD05_SEED456,0,0.05,0.0512271689497716,0.0,anomaly_detection,lstm_autoencoder,lstm_autoencoder,raw,precision,0.4982578397212543,0.4982578397212543,0.0,0.0,SUCCESS,456
E5_DT0_PD05_SEED456,0,0.05,0.0512271689497716,0.0,anomaly_detection,lstm_autoencoder,lstm_autoencoder,raw,recall,0.5860655737704918,0.5860655737704918,0.0,0.0,SUCCESS,456
E5_DT0_PD05_SEED456,0,0.05,0.0512271689497716,0.0,anomaly_detection,lstm_autoencoder,lstm_autoencoder,raw,f1,0.5386064030131827,0.5386064030131827,0.0,0.0,SUCCESS,456
E5_DT0_PD05_SEED456,0,0.05,0.0512271689497716,0.0,anomaly_detection,lstm_autoencoder,lstm_autoencoder,raw,false_positive_rate,0.028731045490822,0.028731045490822,0.0,0.0,SUCCESS,456
E5_DT0_PD05_SEED456,0,0.05,0.0512271689497716,0.0,anomaly_detection,lstm_autoencoder,lstm_autoencoder,raw,pr_auc,0.561001698584242,0.561001698584242,0.0,0.0,SUCCESS,456
E5_DT0_PD05_SEED456,0,0.05,0.0512271689497716,0.0,anomaly_detection,lstm_autoencoder,lstm_autoencoder,raw,roc_auc,0.9493396177043946,0.9493396177043946,0.0,0.0,SUCCESS,456
E5_DT0_PD05_SEED456,0,0.05,0.0512271689497716,0.0,anomaly_detection,lstm_autoencoder,lstm_autoencoder,raw,detection_latency,1.3442622950819672,1.3442622950819672,0.0,0.0,SUCCESS,456
E5_DT0_PD05_SEED456,0,0.05,0.0512271689497716,0.0,anomaly_detection,lstm_autoencoder,lstm_autoencoder,raw,threshold,0.0007370078528765,0.0007370078528765,0.0,0.0,SUCCESS,456
E5_DT0_PD05_SEED456,0,0.05,0.0512271689497716,0.0,anomaly_detection,lstm_autoencoder,lstm_autoencoder,residual,precision,0.0464231354642313,0.0464231354642313,0.0,0.0,SUCCESS,456
E5_DT0_PD05_SEED456,0,0.05,0.0512271689497716,0.0,anomaly_detection,lstm_autoencoder,lstm_autoencoder,residual,recall,1.0,1.0,0.0,0.0,SUCCESS,456
E5_DT0_PD05_SEED456,0,0.05,0.0512271689497716,0.0,anomaly_detection,lstm_autoencoder,lstm_autoencoder,residual,f1,0.0887272727272727,0.0887272727272727,0.0,0.0,SUCCESS,456
E5_DT0_PD05_SEED456,0,0.05,0.0512271689497716,0.0,anomaly_detection,lstm_autoencoder,lstm_autoencoder,residual,false_positive_rate,1.0,1.0,0.0,0.0,SUCCESS,456
E5_DT0_PD05_SEED456,0,0.05,0.0512271689497716,0.0,anomaly_detection,lstm_autoencoder,lstm_autoencoder,residual,pr_auc,0.1287555377455791,0.1306032392197611,-0.001847701474182,0.0141474398737766,SUCCESS,456
E5_DT0_PD05_SEED456,0,0.05,0.0512271689497716,0.0,anomaly_detection,lstm_autoencoder,lstm_autoencoder,residual,roc_auc,0.7385070911778944,0.7428769314301413,-0.0043698402522469,0.0058823205666575,SUCCESS,456
E5_DT0_PD05_SEED456,0,0.05,0.0512271689497716,0.0,anomaly_detection,lstm_autoencoder,lstm_autoencoder,residual,detection_latency,0.0,0.0,0.0,0.0,SUCCESS,456
E5_DT0_PD05_SEED456,0,0.05,0.0512271689497716,0.0,anomaly_detection,lstm_autoencoder,lstm_autoencoder,residual,threshold,0.0003816792741417,0.0003816792741417,0.0,0.0,SUCCESS,456
E5_DT0_PD10_SEED456,0,0.1,0.1094748858447488,1.0,load_estimation,persistence,,raw,mae,0.4684797053875988,0.4492700455803849,0.0192096598072139,0.0427574907256462,SUCCESS,456
E5_DT0_PD10_SEED456,0,0.1,0.1094748858447488,1.0,load_estimation,persistence,,raw,rmse,0.6363338175136465,0.6122637034975102,0.0240701140161362,0.0393133120232957,SUCCESS,456
E5_DT0_PD10_SEED456,0,0.1,0.1094748858447488,1.0,load_estimation,persistence,,raw,mape,14.790147200793562,14.318382192492017,0.4717650083015474,0.032948206156204,SUCCESS,456
E5_DT0_PD10_SEED456,0,0.1,0.1094748858447488,1.0,load_estimation,persistence,,raw,r2,0.9252328903378793,0.930782228617953,-0.0055493382800738,-0.005962015721243,SUCCESS,456
E5_DT0_PD10_SEED456,0,0.1,0.1094748858447488,1.0,load_estimation,xgboost,,raw,mae,0.2804414209210891,0.2750139962910154,0.0054274246300736,0.0197350851348324,SUCCESS,456
E5_DT0_PD10_SEED456,0,0.1,0.1094748858447488,1.0,load_estimation,xgboost,,raw,rmse,0.4200238952517275,0.4118104239968307,0.0082134712548967,0.0199447871551692,SUCCESS,456
E5_DT0_PD10_SEED456,0,0.1,0.1094748858447488,1.0,load_estimation,xgboost,,raw,mape,9.272038610209748,9.136281172616451,0.1357574375932966,0.0148591571371722,SUCCESS,456
E5_DT0_PD10_SEED456,0,0.1,0.1094748858447488,1.0,load_estimation,xgboost,,raw,r2,0.967424688281706,0.9686862373860586,-0.0012615491043527,-0.0013023299554218,SUCCESS,456
E5_DT0_PD10_SEED456,0,0.1,0.1094748858447488,1.0,load_estimation,lstm,,raw,mae,0.2775761650598644,0.2758453186169287,0.0017308464429356,0.0062746993554723,SUCCESS,456
E5_DT0_PD10_SEED456,0,0.1,0.1094748858447488,1.0,load_estimation,lstm,,raw,rmse,0.420017659877456,0.4183041673895866,0.0017134924878693,0.0040962835693519,SUCCESS,456
E5_DT0_PD10_SEED456,0,0.1,0.1094748858447488,1.0,load_estimation,lstm,,raw,mape,8.915641155955338,8.868861318649634,0.0467798373057046,0.0052746159427856,SUCCESS,456
E5_DT0_PD10_SEED456,0,0.1,0.1094748858447488,1.0,load_estimation,lstm,,raw,r2,0.9675143905960208,0.9677789047373696,-0.0002645141413487,-0.0002733208381107,SUCCESS,456
E5_DT0_PD10_SEED456,0,0.1,0.1094748858447488,1.0,anomaly_detection,isolation_forest,isolation_forest,raw,precision,0.1164658634538152,0.1164658634538152,0.0,0.0,SUCCESS,456
E5_DT0_PD10_SEED456,0,0.1,0.1094748858447488,1.0,anomaly_detection,isolation_forest,isolation_forest,raw,recall,0.1188524590163934,0.1188524590163934,0.0,0.0,SUCCESS,456
E5_DT0_PD10_SEED456,0,0.1,0.1094748858447488,1.0,anomaly_detection,isolation_forest,isolation_forest,raw,f1,0.1176470588235294,0.1176470588235294,0.0,0.0,SUCCESS,456
E5_DT0_PD10_SEED456,0,0.1,0.1094748858447488,1.0,anomaly_detection,isolation_forest,isolation_forest,raw,false_positive_rate,0.0438946528332003,0.0438946528332003,0.0,0.0,SUCCESS,456
E5_DT0_PD10_SEED456,0,0.1,0.1094748858447488,1.0,anomaly_detection,isolation_forest,isolation_forest,raw,pr_auc,0.09385708598261,0.09385708598261,0.0,0.0,SUCCESS,456
E5_DT0_PD10_SEED456,0,0.1,0.1094748858447488,1.0,anomaly_detection,isolation_forest,isolation_forest,raw,roc_auc,0.7138596875695052,0.7138596875695052,0.0,0.0,SUCCESS,456
E5_DT0_PD10_SEED456,0,0.1,0.1094748858447488,1.0,anomaly_detection,isolation_forest,isolation_forest,raw,detection_latency,3.2459016393442623,3.2459016393442623,0.0,0.0,SUCCESS,456
E5_DT0_PD10_SEED456,0,0.1,0.1094748858447488,1.0,anomaly_detection,isolation_forest,isolation_forest,raw,threshold,0.5031683371451802,0.5031683371451802,0.0,0.0,SUCCESS,456
E5_DT0_PD10_SEED456,0,0.1,0.1094748858447488,1.0,anomaly_detection,isolation_forest,isolation_forest,residual,precision,0.0464231354642313,0.0464231354642313,0.0,0.0,SUCCESS,456
E5_DT0_PD10_SEED456,0,0.1,0.1094748858447488,1.0,anomaly_detection,isolation_forest,isolation_forest,residual,recall,1.0,1.0,0.0,0.0,SUCCESS,456
E5_DT0_PD10_SEED456,0,0.1,0.1094748858447488,1.0,anomaly_detection,isolation_forest,isolation_forest,residual,f1,0.0887272727272727,0.0887272727272727,0.0,0.0,SUCCESS,456
E5_DT0_PD10_SEED456,0,0.1,0.1094748858447488,1.0,anomaly_detection,isolation_forest,isolation_forest,residual,false_positive_rate,1.0,1.0,0.0,0.0,SUCCESS,456
E5_DT0_PD10_SEED456,0,0.1,0.1094748858447488,1.0,anomaly_detection,isolation_forest,isolation_forest,residual,pr_auc,0.0791403372506783,0.0872394700315926,-0.0080991327809142,0.0928379411060302,SUCCESS,456
E5_DT0_PD10_SEED456,0,0.1,0.1094748858447488,1.0,anomaly_detection,isolation_forest,isolation_forest,residual,roc_auc,0.6711474428584512,0.6846846257506575,-0.0135371828922062,0.0197714135575407,SUCCESS,456
E5_DT0_PD10_SEED456,0,0.1,0.1094748858447488,1.0,anomaly_detection,isolation_forest,isolation_forest,residual,detection_latency,0.0,0.0,0.0,0.0,SUCCESS,456
E5_DT0_PD10_SEED456,0,0.1,0.1094748858447488,1.0,anomaly_detection,isolation_forest,isolation_forest,residual,threshold,0.2937656541960819,0.2937656541960819,0.0,0.0,SUCCESS,456
E5_DT0_PD10_SEED456,0,0.1,0.1094748858447488,1.0,anomaly_detection,lstm_autoencoder,lstm_autoencoder,raw,precision,0.4982578397212543,0.4982578397212543,0.0,0.0,SUCCESS,456
E5_DT0_PD10_SEED456,0,0.1,0.1094748858447488,1.0,anomaly_detection,lstm_autoencoder,lstm_autoencoder,raw,recall,0.5860655737704918,0.5860655737704918,0.0,0.0,SUCCESS,456
E5_DT0_PD10_SEED456,0,0.1,0.1094748858447488,1.0,anomaly_detection,lstm_autoencoder,lstm_autoencoder,raw,f1,0.5386064030131827,0.5386064030131827,0.0,0.0,SUCCESS,456
E5_DT0_PD10_SEED456,0,0.1,0.1094748858447488,1.0,anomaly_detection,lstm_autoencoder,lstm_autoencoder,raw,false_positive_rate,0.028731045490822,0.028731045490822,0.0,0.0,SUCCESS,456
E5_DT0_PD10_SEED456,0,0.1,0.1094748858447488,1.0,anomaly_detection,lstm_autoencoder,lstm_autoencoder,raw,pr_auc,0.561001698584242,0.561001698584242,0.0,0.0,SUCCESS,456
E5_DT0_PD10_SEED456,0,0.1,0.1094748858447488,1.0,anomaly_detection,lstm_autoencoder,lstm_autoencoder,raw,roc_auc,0.9493396177043946,0.9493396177043946,0.0,0.0,SUCCESS,456
E5_DT0_PD10_SEED456,0,0.1,0.1094748858447488,1.0,anomaly_detection,lstm_autoencoder,lstm_autoencoder,raw,detection_latency,1.3442622950819672,1.3442622950819672,0.0,0.0,SUCCESS,456
E5_DT0_PD10_SEED456,0,0.1,0.1094748858447488,1.0,anomaly_detection,lstm_autoencoder,lstm_autoencoder,raw,threshold,0.0007370078528765,0.0007370078528765,0.0,0.0,SUCCESS,456
E5_DT0_PD10_SEED456,0,0.1,0.1094748858447488,1.0,anomaly_detection,lstm_autoencoder,lstm_autoencoder,residual,precision,0.0464231354642313,0.0464231354642313,0.0,0.0,SUCCESS,456
E5_DT0_PD10_SEED456,0,0.1,0.1094748858447488,1.0,anomaly_detection,lstm_autoencoder,lstm_autoencoder,residual,recall,1.0,1.0,0.0,0.0,SUCCESS,456
E5_DT0_PD10_SEED456,0,0.1,0.1094748858447488,1.0,anomaly_detection,lstm_autoencoder,lstm_autoencoder,residual,f1,0.0887272727272727,0.0887272727272727,0.0,0.0,SUCCESS,456
E5_DT0_PD10_SEED456,0,0.1,0.1094748858447488,1.0,anomaly_detection,lstm_autoencoder,lstm_autoencoder,residual,false_positive_rate,1.0,1.0,0.0,0.0,SUCCESS,456
E5_DT0_PD10_SEED456,0,0.1,0.1094748858447488,1.0,anomaly_detection,lstm_autoencoder,lstm_autoencoder,residual,pr_auc,0.1267716712697022,0.1306032392197611,-0.0038315679500589,0.0293374649277398,SUCCESS,456
E5_DT0_PD10_SEED456,0,0.1,0.1094748858447488,1.0,anomaly_detection,lstm_autoencoder,lstm_autoencoder,residual,roc_auc,0.7339867923540879,0.7428769314301413,-0.0088901390760534,0.0119671761228857,SUCCESS,456
E5_DT0_PD10_SEED456,0,0.1,0.1094748858447488,1.0,anomaly_detection,lstm_autoencoder,lstm_autoencoder,residual,detection_latency,0.0,0.0,0.0,0.0,SUCCESS,456
E5_DT0_PD10_SEED456,0,0.1,0.1094748858447488,1.0,anomaly_detection,lstm_autoencoder,lstm_autoencoder,residual,threshold,0.0003816792741417,0.0003816792741417,0.0,0.0,SUCCESS,456
E5_DT0_PD20_SEED456,0,0.2,0.2478881278538812,1.0,load_estimation,persistence,,raw,mae,0.4960864747178427,0.4492700455803849,0.0468164291374578,0.1042055431872349,SUCCESS,456
E5_DT0_PD20_SEED456,0,0.2,0.2478881278538812,1.0,load_estimation,persistence,,raw,rmse,0.671492975544939,0.6122637034975102,0.0592292720474287,0.0967381729622155,SUCCESS,456
E5_DT0_PD20_SEED456,0,0.2,0.2478881278538812,1.0,load_estimation,persistence,,raw,mape,15.55847908033301,14.318382192492017,1.2400968878409948,0.0866087293361432,SUCCESS,456
E5_DT0_PD20_SEED456,0,0.2,0.2478881278538812,1.0,load_estimation,persistence,,raw,r2,0.9167424682601792,0.930782228617953,-0.0140397603577738,-0.0150838294136969,SUCCESS,456
E5_DT0_PD20_SEED456,0,0.2,0.2478881278538812,1.0,load_estimation,xgboost,,raw,mae,0.2895103560780462,0.2750139962910154,0.0144963597870308,0.0527113528130802,SUCCESS,456
E5_DT0_PD20_SEED456,0,0.2,0.2478881278538812,1.0,load_estimation,xgboost,,raw,rmse,0.4305596137136838,0.4118104239968307,0.018749189716853,0.045528691417965,SUCCESS,456
E5_DT0_PD20_SEED456,0,0.2,0.2478881278538812,1.0,load_estimation,xgboost,,raw,mape,9.526777757360994,9.136281172616451,0.3904965847445432,0.0427413055012965,SUCCESS,456
E5_DT0_PD20_SEED456,0,0.2,0.2478881278538812,1.0,load_estimation,xgboost,,raw,r2,0.9657699790151596,0.9686862373860586,-0.0029162583708989,-0.0030105293730282,SUCCESS,456
E5_DT0_PD20_SEED456,0,0.2,0.2478881278538812,1.0,load_estimation,lstm,,raw,mae,0.2838839410983785,0.2758453186169287,0.0080386224814498,0.0291417759842906,SUCCESS,456
E5_DT0_PD20_SEED456,0,0.2,0.2478881278538812,1.0,load_estimation,lstm,,raw,rmse,0.4251460424393363,0.4183041673895866,0.0068418750497497,0.0163562201458479,SUCCESS,456
E5_DT0_PD20_SEED456,0,0.2,0.2478881278538812,1.0,load_estimation,lstm,,raw,mape,9.056727670897631,8.868861318649634,0.1878663522479993,0.0211826913848511,SUCCESS,456
E5_DT0_PD20_SEED456,0,0.2,0.2478881278538812,1.0,load_estimation,lstm,,raw,r2,0.9667162541037416,0.9677789047373696,-0.0010626506336278,-0.00109803037494,SUCCESS,456
E5_DT0_PD20_SEED456,0,0.2,0.2478881278538812,1.0,anomaly_detection,isolation_forest,isolation_forest,raw,precision,0.1164658634538152,0.1164658634538152,0.0,0.0,SUCCESS,456
E5_DT0_PD20_SEED456,0,0.2,0.2478881278538812,1.0,anomaly_detection,isolation_forest,isolation_forest,raw,recall,0.1188524590163934,0.1188524590163934,0.0,0.0,SUCCESS,456
E5_DT0_PD20_SEED456,0,0.2,0.2478881278538812,1.0,anomaly_detection,isolation_forest,isolation_forest,raw,f1,0.1176470588235294,0.1176470588235294,0.0,0.0,SUCCESS,456
E5_DT0_PD20_SEED456,0,0.2,0.2478881278538812,1.0,anomaly_detection,isolation_forest,isolation_forest,raw,false_positive_rate,0.0438946528332003,0.0438946528332003,0.0,0.0,SUCCESS,456
E5_DT0_PD20_SEED456,0,0.2,0.2478881278538812,1.0,anomaly_detection,isolation_forest,isolation_forest,raw,pr_auc,0.09385708598261,0.09385708598261,0.0,0.0,SUCCESS,456
E5_DT0_PD20_SEED456,0,0.2,0.2478881278538812,1.0,anomaly_detection,isolation_forest,isolation_forest,raw,roc_auc,0.7138596875695052,0.7138596875695052,0.0,0.0,SUCCESS,456
E5_DT0_PD20_SEED456,0,0.2,0.2478881278538812,1.0,anomaly_detection,isolation_forest,isolation_forest,raw,detection_latency,3.2459016393442623,3.2459016393442623,0.0,0.0,SUCCESS,456
E5_DT0_PD20_SEED456,0,0.2,0.2478881278538812,1.0,anomaly_detection,isolation_forest,isolation_forest,raw,threshold,0.5031683371451802,0.5031683371451802,0.0,0.0,SUCCESS,456
E5_DT0_PD20_SEED456,0,0.2,0.2478881278538812,1.0,anomaly_detection,isolation_forest,isolation_forest,residual,precision,0.0464231354642313,0.0464231354642313,0.0,0.0,SUCCESS,456
E5_DT0_PD20_SEED456,0,0.2,0.2478881278538812,1.0,anomaly_detection,isolation_forest,isolation_forest,residual,recall,1.0,1.0,0.0,0.0,SUCCESS,456
E5_DT0_PD20_SEED456,0,0.2,0.2478881278538812,1.0,anomaly_detection,isolation_forest,isolation_forest,residual,f1,0.0887272727272727,0.0887272727272727,0.0,0.0,SUCCESS,456
E5_DT0_PD20_SEED456,0,0.2,0.2478881278538812,1.0,anomaly_detection,isolation_forest,isolation_forest,residual,false_positive_rate,1.0,1.0,0.0,0.0,SUCCESS,456
E5_DT0_PD20_SEED456,0,0.2,0.2478881278538812,1.0,anomaly_detection,isolation_forest,isolation_forest,residual,pr_auc,0.0749619556261921,0.0872394700315926,-0.0122775144054004,0.1407334822294811,SUCCESS,456
E5_DT0_PD20_SEED456,0,0.2,0.2478881278538812,1.0,anomaly_detection,isolation_forest,isolation_forest,residual,roc_auc,0.664759495244201,0.6846846257506575,-0.0199251305064565,0.0291011799550946,SUCCESS,456
E5_DT0_PD20_SEED456,0,0.2,0.2478881278538812,1.0,anomaly_detection,isolation_forest,isolation_forest,residual,detection_latency,0.0,0.0,0.0,0.0,SUCCESS,456
E5_DT0_PD20_SEED456,0,0.2,0.2478881278538812,1.0,anomaly_detection,isolation_forest,isolation_forest,residual,threshold,0.2937656541960819,0.2937656541960819,0.0,0.0,SUCCESS,456
E5_DT0_PD20_SEED456,0,0.2,0.2478881278538812,1.0,anomaly_detection,lstm_autoencoder,lstm_autoencoder,raw,precision,0.4982578397212543,0.4982578397212543,0.0,0.0,SUCCESS,456
E5_DT0_PD20_SEED456,0,0.2,0.2478881278538812,1.0,anomaly_detection,lstm_autoencoder,lstm_autoencoder,raw,recall,0.5860655737704918,0.5860655737704918,0.0,0.0,SUCCESS,456
E5_DT0_PD20_SEED456,0,0.2,0.2478881278538812,1.0,anomaly_detection,lstm_autoencoder,lstm_autoencoder,raw,f1,0.5386064030131827,0.5386064030131827,0.0,0.0,SUCCESS,456
E5_DT0_PD20_SEED456,0,0.2,0.2478881278538812,1.0,anomaly_detection,lstm_autoencoder,lstm_autoencoder,raw,false_positive_rate,0.028731045490822,0.028731045490822,0.0,0.0,SUCCESS,456
E5_DT0_PD20_SEED456,0,0.2,0.2478881278538812,1.0,anomaly_detection,lstm_autoencoder,lstm_autoencoder,raw,pr_auc,0.561001698584242,0.561001698584242,0.0,0.0,SUCCESS,456
E5_DT0_PD20_SEED456,0,0.2,0.2478881278538812,1.0,anomaly_detection,lstm_autoencoder,lstm_autoencoder,raw,roc_auc,0.9493396177043946,0.9493396177043946,0.0,0.0,SUCCESS,456
E5_DT0_PD20_SEED456,0,0.2,0.2478881278538812,1.0,anomaly_detection,lstm_autoencoder,lstm_autoencoder,raw,detection_latency,1.3442622950819672,1.3442622950819672,0.0,0.0,SUCCESS,456
E5_DT0_PD20_SEED456,0,0.2,0.2478881278538812,1.0,anomaly_detection,lstm_autoencoder,lstm_autoencoder,raw,threshold,0.0007370078528765,0.0007370078528765,0.0,0.0,SUCCESS,456
E5_DT0_PD20_SEED456,0,0.2,0.2478881278538812,1.0,anomaly_detection,lstm_autoencoder,lstm_autoencoder,residual,precision,0.0464231354642313,0.0464231354642313,0.0,0.0,SUCCESS,456
E5_DT0_PD20_SEED456,0,0.2,0.2478881278538812,1.0,anomaly_detection,lstm_autoencoder,lstm_autoencoder,residual,recall,1.0,1.0,0.0,0.0,SUCCESS,456
E5_DT0_PD20_SEED456,0,0.2,0.2478881278538812,1.0,anomaly_detection,lstm_autoencoder,lstm_autoencoder,residual,f1,0.0887272727272727,0.0887272727272727,0.0,0.0,SUCCESS,456
E5_DT0_PD20_SEED456,0,0.2,0.2478881278538812,1.0,anomaly_detection,lstm_autoencoder,lstm_autoencoder,residual,false_positive_rate,1.0,1.0,0.0,0.0,SUCCESS,456
E5_DT0_PD20_SEED456,0,0.2,0.2478881278538812,1.0,anomaly_detection,lstm_autoencoder,lstm_autoencoder,residual,pr_auc,0.1257191634219748,0.1306032392197611,-0.0048840757977863,0.0373962837902366,SUCCESS,456
E5_DT0_PD20_SEED456,0,0.2,0.2478881278538812,1.0,anomaly_detection,lstm_autoencoder,lstm_autoencoder,residual,roc_auc,0.7291304148731569,0.7428769314301413,-0.0137465165569844,0.0185044332047308,SUCCESS,456
E5_DT0_PD20_SEED456,0,0.2,0.2478881278538812,1.0,anomaly_detection,lstm_autoencoder,lstm_autoencoder,residual,detection_latency,0.0,0.0,0.0,0.0,SUCCESS,456
E5_DT0_PD20_SEED456,0,0.2,0.2478881278538812,1.0,anomaly_detection,lstm_autoencoder,lstm_autoencoder,residual,threshold,0.0003816792741417,0.0003816792741417,0.0,0.0,SUCCESS,456
E5_DT1_PD00_SEED456,1,0.0,0.0,0.0,load_estimation,persistence,,raw,mae,0.4492700455803849,0.4492700455803849,0.0,0.0,SUCCESS,456
E5_DT1_PD00_SEED456,1,0.0,0.0,0.0,load_estimation,persistence,,raw,rmse,0.6122637034975102,0.6122637034975102,0.0,0.0,SUCCESS,456
E5_DT1_PD00_SEED456,1,0.0,0.0,0.0,load_estimation,persistence,,raw,mape,14.318382192492017,14.318382192492017,0.0,0.0,SUCCESS,456
E5_DT1_PD00_SEED456,1,0.0,0.0,0.0,load_estimation,persistence,,raw,r2,0.930782228617953,0.930782228617953,0.0,0.0,SUCCESS,456
E5_DT1_PD00_SEED456,1,0.0,0.0,0.0,load_estimation,xgboost,,raw,mae,0.2750139962910154,0.2750139962910154,0.0,0.0,SUCCESS,456
E5_DT1_PD00_SEED456,1,0.0,0.0,0.0,load_estimation,xgboost,,raw,rmse,0.4118104239968307,0.4118104239968307,0.0,0.0,SUCCESS,456
E5_DT1_PD00_SEED456,1,0.0,0.0,0.0,load_estimation,xgboost,,raw,mape,9.136281172616451,9.136281172616451,0.0,0.0,SUCCESS,456
E5_DT1_PD00_SEED456,1,0.0,0.0,0.0,load_estimation,xgboost,,raw,r2,0.9686862373860586,0.9686862373860586,0.0,0.0,SUCCESS,456
E5_DT1_PD00_SEED456,1,0.0,0.0,0.0,load_estimation,lstm,,raw,mae,0.2758453186169287,0.2758453186169287,0.0,0.0,SUCCESS,456
E5_DT1_PD00_SEED456,1,0.0,0.0,0.0,load_estimation,lstm,,raw,rmse,0.4183041673895866,0.4183041673895866,0.0,0.0,SUCCESS,456
E5_DT1_PD00_SEED456,1,0.0,0.0,0.0,load_estimation,lstm,,raw,mape,8.868861318649634,8.868861318649634,0.0,0.0,SUCCESS,456
E5_DT1_PD00_SEED456,1,0.0,0.0,0.0,load_estimation,lstm,,raw,r2,0.9677789047373696,0.9677789047373696,0.0,0.0,SUCCESS,456
E5_DT1_PD00_SEED456,1,0.0,0.0,0.0,anomaly_detection,isolation_forest,isolation_forest,raw,precision,0.1164658634538152,0.1164658634538152,0.0,0.0,SUCCESS,456
E5_DT1_PD00_SEED456,1,0.0,0.0,0.0,anomaly_detection,isolation_forest,isolation_forest,raw,recall,0.1188524590163934,0.1188524590163934,0.0,0.0,SUCCESS,456
E5_DT1_PD00_SEED456,1,0.0,0.0,0.0,anomaly_detection,isolation_forest,isolation_forest,raw,f1,0.1176470588235294,0.1176470588235294,0.0,0.0,SUCCESS,456
E5_DT1_PD00_SEED456,1,0.0,0.0,0.0,anomaly_detection,isolation_forest,isolation_forest,raw,false_positive_rate,0.0438946528332003,0.0438946528332003,0.0,0.0,SUCCESS,456
E5_DT1_PD00_SEED456,1,0.0,0.0,0.0,anomaly_detection,isolation_forest,isolation_forest,raw,pr_auc,0.09385708598261,0.09385708598261,0.0,0.0,SUCCESS,456
E5_DT1_PD00_SEED456,1,0.0,0.0,0.0,anomaly_detection,isolation_forest,isolation_forest,raw,roc_auc,0.7138596875695052,0.7138596875695052,0.0,0.0,SUCCESS,456
E5_DT1_PD00_SEED456,1,0.0,0.0,0.0,anomaly_detection,isolation_forest,isolation_forest,raw,detection_latency,3.2459016393442623,3.2459016393442623,0.0,0.0,SUCCESS,456
E5_DT1_PD00_SEED456,1,0.0,0.0,0.0,anomaly_detection,isolation_forest,isolation_forest,raw,threshold,0.5031683371451802,0.5031683371451802,0.0,0.0,SUCCESS,456
E5_DT1_PD00_SEED456,1,0.0,0.0,0.0,anomaly_detection,isolation_forest,isolation_forest,residual,precision,0.0464231354642313,0.0464231354642313,0.0,0.0,SUCCESS,456
E5_DT1_PD00_SEED456,1,0.0,0.0,0.0,anomaly_detection,isolation_forest,isolation_forest,residual,recall,1.0,1.0,0.0,0.0,SUCCESS,456
E5_DT1_PD00_SEED456,1,0.0,0.0,0.0,anomaly_detection,isolation_forest,isolation_forest,residual,f1,0.0887272727272727,0.0887272727272727,0.0,0.0,SUCCESS,456
E5_DT1_PD00_SEED456,1,0.0,0.0,0.0,anomaly_detection,isolation_forest,isolation_forest,residual,false_positive_rate,1.0,1.0,0.0,0.0,SUCCESS,456
E5_DT1_PD00_SEED456,1,0.0,0.0,0.0,anomaly_detection,isolation_forest,isolation_forest,residual,pr_auc,0.0872394700315926,0.0872394700315926,0.0,0.0,SUCCESS,456
E5_DT1_PD00_SEED456,1,0.0,0.0,0.0,anomaly_detection,isolation_forest,isolation_forest,residual,roc_auc,0.6846846257506575,0.6846846257506575,0.0,0.0,SUCCESS,456
E5_DT1_PD00_SEED456,1,0.0,0.0,0.0,anomaly_detection,isolation_forest,isolation_forest,residual,detection_latency,0.0,0.0,0.0,0.0,SUCCESS,456
E5_DT1_PD00_SEED456,1,0.0,0.0,0.0,anomaly_detection,isolation_forest,isolation_forest,residual,threshold,0.2937656541960819,0.2937656541960819,0.0,0.0,SUCCESS,456
E5_DT1_PD00_SEED456,1,0.0,0.0,0.0,anomaly_detection,lstm_autoencoder,lstm_autoencoder,raw,precision,0.4982578397212543,0.4982578397212543,0.0,0.0,SUCCESS,456
E5_DT1_PD00_SEED456,1,0.0,0.0,0.0,anomaly_detection,lstm_autoencoder,lstm_autoencoder,raw,recall,0.5860655737704918,0.5860655737704918,0.0,0.0,SUCCESS,456
E5_DT1_PD00_SEED456,1,0.0,0.0,0.0,anomaly_detection,lstm_autoencoder,lstm_autoencoder,raw,f1,0.5386064030131827,0.5386064030131827,0.0,0.0,SUCCESS,456
E5_DT1_PD00_SEED456,1,0.0,0.0,0.0,anomaly_detection,lstm_autoencoder,lstm_autoencoder,raw,false_positive_rate,0.028731045490822,0.028731045490822,0.0,0.0,SUCCESS,456
E5_DT1_PD00_SEED456,1,0.0,0.0,0.0,anomaly_detection,lstm_autoencoder,lstm_autoencoder,raw,pr_auc,0.561001698584242,0.561001698584242,0.0,0.0,SUCCESS,456
E5_DT1_PD00_SEED456,1,0.0,0.0,0.0,anomaly_detection,lstm_autoencoder,lstm_autoencoder,raw,roc_auc,0.9493396177043946,0.9493396177043946,0.0,0.0,SUCCESS,456
E5_DT1_PD00_SEED456,1,0.0,0.0,0.0,anomaly_detection,lstm_autoencoder,lstm_autoencoder,raw,detection_latency,1.3442622950819672,1.3442622950819672,0.0,0.0,SUCCESS,456
E5_DT1_PD00_SEED456,1,0.0,0.0,0.0,anomaly_detection,lstm_autoencoder,lstm_autoencoder,raw,threshold,0.0007370078528765,0.0007370078528765,0.0,0.0,SUCCESS,456
E5_DT1_PD00_SEED456,1,0.0,0.0,0.0,anomaly_detection,lstm_autoencoder,lstm_autoencoder,residual,precision,0.0464231354642313,0.0464231354642313,0.0,0.0,SUCCESS,456
E5_DT1_PD00_SEED456,1,0.0,0.0,0.0,anomaly_detection,lstm_autoencoder,lstm_autoencoder,residual,recall,1.0,1.0,0.0,0.0,SUCCESS,456
E5_DT1_PD00_SEED456,1,0.0,0.0,0.0,anomaly_detection,lstm_autoencoder,lstm_autoencoder,residual,f1,0.0887272727272727,0.0887272727272727,0.0,0.0,SUCCESS,456
E5_DT1_PD00_SEED456,1,0.0,0.0,0.0,anomaly_detection,lstm_autoencoder,lstm_autoencoder,residual,false_positive_rate,1.0,1.0,0.0,0.0,SUCCESS,456
E5_DT1_PD00_SEED456,1,0.0,0.0,0.0,anomaly_detection,lstm_autoencoder,lstm_autoencoder,residual,pr_auc,0.1306032392197611,0.1306032392197611,0.0,0.0,SUCCESS,456
E5_DT1_PD00_SEED456,1,0.0,0.0,0.0,anomaly_detection,lstm_autoencoder,lstm_autoencoder,residual,roc_auc,0.7428769314301413,0.7428769314301413,0.0,0.0,SUCCESS,456
E5_DT1_PD00_SEED456,1,0.0,0.0,0.0,anomaly_detection,lstm_autoencoder,lstm_autoencoder,residual,detection_latency,0.0,0.0,0.0,0.0,SUCCESS,456
E5_DT1_PD00_SEED456,1,0.0,0.0,0.0,anomaly_detection,lstm_autoencoder,lstm_autoencoder,residual,threshold,0.0003816792741417,0.0003816792741417,0.0,0.0,SUCCESS,456
E5_DT1_PD05_SEED456,1,0.05,0.0512271689497716,0.0,load_estimation,persistence,,raw,mae,0.4585465946471491,0.4492700455803849,0.0092765490667642,0.020648047111132,SUCCESS,456
E5_DT1_PD05_SEED456,1,0.05,0.0512271689497716,0.0,load_estimation,persistence,,raw,rmse,0.6249482611837521,0.6122637034975102,0.0126845576862418,0.0207174745355347,SUCCESS,456
E5_DT1_PD05_SEED456,1,0.05,0.0512271689497716,0.0,load_estimation,persistence,,raw,mape,14.542801605734654,14.318382192492017,0.2244194132426393,0.0156735174564844,SUCCESS,456
E5_DT1_PD05_SEED456,1,0.05,0.0512271689497716,0.0,load_estimation,persistence,,raw,r2,0.9278844845666252,0.930782228617953,-0.0028977440513279,-0.0031132352576505,SUCCESS,456
E5_DT1_PD05_SEED456,1,0.05,0.0512271689497716,0.0,load_estimation,xgboost,,raw,mae,0.2788980480289169,0.2750139962910154,0.0038840517379014,0.0141231056974693,SUCCESS,456
E5_DT1_PD05_SEED456,1,0.05,0.0512271689497716,0.0,load_estimation,xgboost,,raw,rmse,0.4176488394898681,0.4118104239968307,0.0058384154930373,0.0141774349380778,SUCCESS,456
E5_DT1_PD05_SEED456,1,0.05,0.0512271689497716,0.0,load_estimation,xgboost,,raw,mape,9.23864215576086,9.136281172616451,0.1023609831444076,0.0112037908215004,SUCCESS,456
E5_DT1_PD05_SEED456,1,0.05,0.0512271689497716,0.0,load_estimation,xgboost,,raw,r2,0.9677920456661242,0.9686862373860586,-0.0008941917199344,-0.0009230973719079,SUCCESS,456
E5_DT1_PD05_SEED456,1,0.05,0.0512271689497716,0.0,load_estimation,lstm,,raw,mae,0.2763632542768537,0.2758453186169287,0.000517935659925,0.0018776307769946,SUCCESS,456
E5_DT1_PD05_SEED456,1,0.05,0.0512271689497716,0.0,load_estimation,lstm,,raw,rmse,0.4193990483729569,0.4183041673895866,0.0010948809833703,0.0026174278640418,SUCCESS,456
E5_DT1_PD05_SEED456,1,0.05,0.0512271689497716,0.0,load_estimation,lstm,,raw,mape,8.887366841945836,8.868861318649634,0.0185055232962021,0.0020865726310646,SUCCESS,456
E5_DT1_PD05_SEED456,1,0.05,0.0512271689497716,0.0,load_estimation,lstm,,raw,r2,0.967610011207845,0.9677789047373696,-0.0001688935295245,-0.0001745166470335,SUCCESS,456
E5_DT1_PD05_SEED456,1,0.05,0.0512271689497716,0.0,anomaly_detection,isolation_forest,isolation_forest,raw,precision,0.1164658634538152,0.1164658634538152,0.0,0.0,SUCCESS,456
E5_DT1_PD05_SEED456,1,0.05,0.0512271689497716,0.0,anomaly_detection,isolation_forest,isolation_forest,raw,recall,0.1188524590163934,0.1188524590163934,0.0,0.0,SUCCESS,456
E5_DT1_PD05_SEED456,1,0.05,0.0512271689497716,0.0,anomaly_detection,isolation_forest,isolation_forest,raw,f1,0.1176470588235294,0.1176470588235294,0.0,0.0,SUCCESS,456
E5_DT1_PD05_SEED456,1,0.05,0.0512271689497716,0.0,anomaly_detection,isolation_forest,isolation_forest,raw,false_positive_rate,0.0438946528332003,0.0438946528332003,0.0,0.0,SUCCESS,456
E5_DT1_PD05_SEED456,1,0.05,0.0512271689497716,0.0,anomaly_detection,isolation_forest,isolation_forest,raw,pr_auc,0.09385708598261,0.09385708598261,0.0,0.0,SUCCESS,456
E5_DT1_PD05_SEED456,1,0.05,0.0512271689497716,0.0,anomaly_detection,isolation_forest,isolation_forest,raw,roc_auc,0.7138596875695052,0.7138596875695052,0.0,0.0,SUCCESS,456
E5_DT1_PD05_SEED456,1,0.05,0.0512271689497716,0.0,anomaly_detection,isolation_forest,isolation_forest,raw,detection_latency,3.2459016393442623,3.2459016393442623,0.0,0.0,SUCCESS,456
E5_DT1_PD05_SEED456,1,0.05,0.0512271689497716,0.0,anomaly_detection,isolation_forest,isolation_forest,raw,threshold,0.5031683371451802,0.5031683371451802,0.0,0.0,SUCCESS,456
E5_DT1_PD05_SEED456,1,0.05,0.0512271689497716,0.0,anomaly_detection,isolation_forest,isolation_forest,residual,precision,0.0464231354642313,0.0464231354642313,0.0,0.0,SUCCESS,456
E5_DT1_PD05_SEED456,1,0.05,0.0512271689497716,0.0,anomaly_detection,isolation_forest,isolation_forest,residual,recall,1.0,1.0,0.0,0.0,SUCCESS,456
E5_DT1_PD05_SEED456,1,0.05,0.0512271689497716,0.0,anomaly_detection,isolation_forest,isolation_forest,residual,f1,0.0887272727272727,0.0887272727272727,0.0,0.0,SUCCESS,456
E5_DT1_PD05_SEED456,1,0.05,0.0512271689497716,0.0,anomaly_detection,isolation_forest,isolation_forest,residual,false_positive_rate,1.0,1.0,0.0,0.0,SUCCESS,456
E5_DT1_PD05_SEED456,1,0.05,0.0512271689497716,0.0,anomaly_detection,isolation_forest,isolation_forest,residual,pr_auc,0.0827787150114765,0.0872394700315926,-0.0044607550201161,0.0511323030561819,SUCCESS,456
E5_DT1_PD05_SEED456,1,0.05,0.0512271689497716,0.0,anomaly_detection,isolation_forest,isolation_forest,residual,roc_auc,0.6778134117462353,0.6846846257506575,-0.0068712140044221,0.01003558973869,SUCCESS,456
E5_DT1_PD05_SEED456,1,0.05,0.0512271689497716,0.0,anomaly_detection,isolation_forest,isolation_forest,residual,detection_latency,0.0,0.0,0.0,0.0,SUCCESS,456
E5_DT1_PD05_SEED456,1,0.05,0.0512271689497716,0.0,anomaly_detection,isolation_forest,isolation_forest,residual,threshold,0.2937656541960819,0.2937656541960819,0.0,0.0,SUCCESS,456
E5_DT1_PD05_SEED456,1,0.05,0.0512271689497716,0.0,anomaly_detection,lstm_autoencoder,lstm_autoencoder,raw,precision,0.4982578397212543,0.4982578397212543,0.0,0.0,SUCCESS,456
E5_DT1_PD05_SEED456,1,0.05,0.0512271689497716,0.0,anomaly_detection,lstm_autoencoder,lstm_autoencoder,raw,recall,0.5860655737704918,0.5860655737704918,0.0,0.0,SUCCESS,456
E5_DT1_PD05_SEED456,1,0.05,0.0512271689497716,0.0,anomaly_detection,lstm_autoencoder,lstm_autoencoder,raw,f1,0.5386064030131827,0.5386064030131827,0.0,0.0,SUCCESS,456
E5_DT1_PD05_SEED456,1,0.05,0.0512271689497716,0.0,anomaly_detection,lstm_autoencoder,lstm_autoencoder,raw,false_positive_rate,0.028731045490822,0.028731045490822,0.0,0.0,SUCCESS,456
E5_DT1_PD05_SEED456,1,0.05,0.0512271689497716,0.0,anomaly_detection,lstm_autoencoder,lstm_autoencoder,raw,pr_auc,0.561001698584242,0.561001698584242,0.0,0.0,SUCCESS,456
E5_DT1_PD05_SEED456,1,0.05,0.0512271689497716,0.0,anomaly_detection,lstm_autoencoder,lstm_autoencoder,raw,roc_auc,0.9493396177043946,0.9493396177043946,0.0,0.0,SUCCESS,456
E5_DT1_PD05_SEED456,1,0.05,0.0512271689497716,0.0,anomaly_detection,lstm_autoencoder,lstm_autoencoder,raw,detection_latency,1.3442622950819672,1.3442622950819672,0.0,0.0,SUCCESS,456
E5_DT1_PD05_SEED456,1,0.05,0.0512271689497716,0.0,anomaly_detection,lstm_autoencoder,lstm_autoencoder,raw,threshold,0.0007370078528765,0.0007370078528765,0.0,0.0,SUCCESS,456
E5_DT1_PD05_SEED456,1,0.05,0.0512271689497716,0.0,anomaly_detection,lstm_autoencoder,lstm_autoencoder,residual,precision,0.0464231354642313,0.0464231354642313,0.0,0.0,SUCCESS,456
E5_DT1_PD05_SEED456,1,0.05,0.0512271689497716,0.0,anomaly_detection,lstm_autoencoder,lstm_autoencoder,residual,recall,1.0,1.0,0.0,0.0,SUCCESS,456
E5_DT1_PD05_SEED456,1,0.05,0.0512271689497716,0.0,anomaly_detection,lstm_autoencoder,lstm_autoencoder,residual,f1,0.0887272727272727,0.0887272727272727,0.0,0.0,SUCCESS,456
E5_DT1_PD05_SEED456,1,0.05,0.0512271689497716,0.0,anomaly_detection,lstm_autoencoder,lstm_autoencoder,residual,false_positive_rate,1.0,1.0,0.0,0.0,SUCCESS,456
E5_DT1_PD05_SEED456,1,0.05,0.0512271689497716,0.0,anomaly_detection,lstm_autoencoder,lstm_autoencoder,residual,pr_auc,0.1287555377455791,0.1306032392197611,-0.001847701474182,0.0141474398737766,SUCCESS,456
E5_DT1_PD05_SEED456,1,0.05,0.0512271689497716,0.0,anomaly_detection,lstm_autoencoder,lstm_autoencoder,residual,roc_auc,0.7385070911778944,0.7428769314301413,-0.0043698402522469,0.0058823205666575,SUCCESS,456
E5_DT1_PD05_SEED456,1,0.05,0.0512271689497716,0.0,anomaly_detection,lstm_autoencoder,lstm_autoencoder,residual,detection_latency,0.0,0.0,0.0,0.0,SUCCESS,456
E5_DT1_PD05_SEED456,1,0.05,0.0512271689497716,0.0,anomaly_detection,lstm_autoencoder,lstm_autoencoder,residual,threshold,0.0003816792741417,0.0003816792741417,0.0,0.0,SUCCESS,456
E5_DT1_PD10_SEED456,1,0.1,0.1094748858447488,1.0,load_estimation,persistence,,raw,mae,0.4684797053875988,0.4492700455803849,0.0192096598072139,0.0427574907256462,SUCCESS,456
E5_DT1_PD10_SEED456,1,0.1,0.1094748858447488,1.0,load_estimation,persistence,,raw,rmse,0.6363338175136465,0.6122637034975102,0.0240701140161362,0.0393133120232957,SUCCESS,456
E5_DT1_PD10_SEED456,1,0.1,0.1094748858447488,1.0,load_estimation,persistence,,raw,mape,14.790147200793562,14.318382192492017,0.4717650083015474,0.032948206156204,SUCCESS,456
E5_DT1_PD10_SEED456,1,0.1,0.1094748858447488,1.0,load_estimation,persistence,,raw,r2,0.9252328903378793,0.930782228617953,-0.0055493382800738,-0.005962015721243,SUCCESS,456
E5_DT1_PD10_SEED456,1,0.1,0.1094748858447488,1.0,load_estimation,xgboost,,raw,mae,0.2804414209210891,0.2750139962910154,0.0054274246300736,0.0197350851348324,SUCCESS,456
E5_DT1_PD10_SEED456,1,0.1,0.1094748858447488,1.0,load_estimation,xgboost,,raw,rmse,0.4200238952517275,0.4118104239968307,0.0082134712548967,0.0199447871551692,SUCCESS,456
E5_DT1_PD10_SEED456,1,0.1,0.1094748858447488,1.0,load_estimation,xgboost,,raw,mape,9.272038610209748,9.136281172616451,0.1357574375932966,0.0148591571371722,SUCCESS,456
E5_DT1_PD10_SEED456,1,0.1,0.1094748858447488,1.0,load_estimation,xgboost,,raw,r2,0.967424688281706,0.9686862373860586,-0.0012615491043527,-0.0013023299554218,SUCCESS,456
E5_DT1_PD10_SEED456,1,0.1,0.1094748858447488,1.0,load_estimation,lstm,,raw,mae,0.2775761650598644,0.2758453186169287,0.0017308464429356,0.0062746993554723,SUCCESS,456
E5_DT1_PD10_SEED456,1,0.1,0.1094748858447488,1.0,load_estimation,lstm,,raw,rmse,0.420017659877456,0.4183041673895866,0.0017134924878693,0.0040962835693519,SUCCESS,456
E5_DT1_PD10_SEED456,1,0.1,0.1094748858447488,1.0,load_estimation,lstm,,raw,mape,8.915641155955338,8.868861318649634,0.0467798373057046,0.0052746159427856,SUCCESS,456
E5_DT1_PD10_SEED456,1,0.1,0.1094748858447488,1.0,load_estimation,lstm,,raw,r2,0.9675143905960208,0.9677789047373696,-0.0002645141413487,-0.0002733208381107,SUCCESS,456
E5_DT1_PD10_SEED456,1,0.1,0.1094748858447488,1.0,anomaly_detection,isolation_forest,isolation_forest,raw,precision,0.1164658634538152,0.1164658634538152,0.0,0.0,SUCCESS,456
E5_DT1_PD10_SEED456,1,0.1,0.1094748858447488,1.0,anomaly_detection,isolation_forest,isolation_forest,raw,recall,0.1188524590163934,0.1188524590163934,0.0,0.0,SUCCESS,456
E5_DT1_PD10_SEED456,1,0.1,0.1094748858447488,1.0,anomaly_detection,isolation_forest,isolation_forest,raw,f1,0.1176470588235294,0.1176470588235294,0.0,0.0,SUCCESS,456
E5_DT1_PD10_SEED456,1,0.1,0.1094748858447488,1.0,anomaly_detection,isolation_forest,isolation_forest,raw,false_positive_rate,0.0438946528332003,0.0438946528332003,0.0,0.0,SUCCESS,456
E5_DT1_PD10_SEED456,1,0.1,0.1094748858447488,1.0,anomaly_detection,isolation_forest,isolation_forest,raw,pr_auc,0.09385708598261,0.09385708598261,0.0,0.0,SUCCESS,456
E5_DT1_PD10_SEED456,1,0.1,0.1094748858447488,1.0,anomaly_detection,isolation_forest,isolation_forest,raw,roc_auc,0.7138596875695052,0.7138596875695052,0.0,0.0,SUCCESS,456
E5_DT1_PD10_SEED456,1,0.1,0.1094748858447488,1.0,anomaly_detection,isolation_forest,isolation_forest,raw,detection_latency,3.2459016393442623,3.2459016393442623,0.0,0.0,SUCCESS,456
E5_DT1_PD10_SEED456,1,0.1,0.1094748858447488,1.0,anomaly_detection,isolation_forest,isolation_forest,raw,threshold,0.5031683371451802,0.5031683371451802,0.0,0.0,SUCCESS,456
E5_DT1_PD10_SEED456,1,0.1,0.1094748858447488,1.0,anomaly_detection,isolation_forest,isolation_forest,residual,precision,0.0464231354642313,0.0464231354642313,0.0,0.0,SUCCESS,456
E5_DT1_PD10_SEED456,1,0.1,0.1094748858447488,1.0,anomaly_detection,isolation_forest,isolation_forest,residual,recall,1.0,1.0,0.0,0.0,SUCCESS,456
E5_DT1_PD10_SEED456,1,0.1,0.1094748858447488,1.0,anomaly_detection,isolation_forest,isolation_forest,residual,f1,0.0887272727272727,0.0887272727272727,0.0,0.0,SUCCESS,456
E5_DT1_PD10_SEED456,1,0.1,0.1094748858447488,1.0,anomaly_detection,isolation_forest,isolation_forest,residual,false_positive_rate,1.0,1.0,0.0,0.0,SUCCESS,456
E5_DT1_PD10_SEED456,1,0.1,0.1094748858447488,1.0,anomaly_detection,isolation_forest,isolation_forest,residual,pr_auc,0.0791403372506783,0.0872394700315926,-0.0080991327809142,0.0928379411060302,SUCCESS,456
E5_DT1_PD10_SEED456,1,0.1,0.1094748858447488,1.0,anomaly_detection,isolation_forest,isolation_forest,residual,roc_auc,0.6711474428584512,0.6846846257506575,-0.0135371828922062,0.0197714135575407,SUCCESS,456
E5_DT1_PD10_SEED456,1,0.1,0.1094748858447488,1.0,anomaly_detection,isolation_forest,isolation_forest,residual,detection_latency,0.0,0.0,0.0,0.0,SUCCESS,456
E5_DT1_PD10_SEED456,1,0.1,0.1094748858447488,1.0,anomaly_detection,isolation_forest,isolation_forest,residual,threshold,0.2937656541960819,0.2937656541960819,0.0,0.0,SUCCESS,456
E5_DT1_PD10_SEED456,1,0.1,0.1094748858447488,1.0,anomaly_detection,lstm_autoencoder,lstm_autoencoder,raw,precision,0.4982578397212543,0.4982578397212543,0.0,0.0,SUCCESS,456
E5_DT1_PD10_SEED456,1,0.1,0.1094748858447488,1.0,anomaly_detection,lstm_autoencoder,lstm_autoencoder,raw,recall,0.5860655737704918,0.5860655737704918,0.0,0.0,SUCCESS,456
E5_DT1_PD10_SEED456,1,0.1,0.1094748858447488,1.0,anomaly_detection,lstm_autoencoder,lstm_autoencoder,raw,f1,0.5386064030131827,0.5386064030131827,0.0,0.0,SUCCESS,456
E5_DT1_PD10_SEED456,1,0.1,0.1094748858447488,1.0,anomaly_detection,lstm_autoencoder,lstm_autoencoder,raw,false_positive_rate,0.028731045490822,0.028731045490822,0.0,0.0,SUCCESS,456
E5_DT1_PD10_SEED456,1,0.1,0.1094748858447488,1.0,anomaly_detection,lstm_autoencoder,lstm_autoencoder,raw,pr_auc,0.561001698584242,0.561001698584242,0.0,0.0,SUCCESS,456
E5_DT1_PD10_SEED456,1,0.1,0.1094748858447488,1.0,anomaly_detection,lstm_autoencoder,lstm_autoencoder,raw,roc_auc,0.9493396177043946,0.9493396177043946,0.0,0.0,SUCCESS,456
E5_DT1_PD10_SEED456,1,0.1,0.1094748858447488,1.0,anomaly_detection,lstm_autoencoder,lstm_autoencoder,raw,detection_latency,1.3442622950819672,1.3442622950819672,0.0,0.0,SUCCESS,456
E5_DT1_PD10_SEED456,1,0.1,0.1094748858447488,1.0,anomaly_detection,lstm_autoencoder,lstm_autoencoder,raw,threshold,0.0007370078528765,0.0007370078528765,0.0,0.0,SUCCESS,456
E5_DT1_PD10_SEED456,1,0.1,0.1094748858447488,1.0,anomaly_detection,lstm_autoencoder,lstm_autoencoder,residual,precision,0.0464231354642313,0.0464231354642313,0.0,0.0,SUCCESS,456
E5_DT1_PD10_SEED456,1,0.1,0.1094748858447488,1.0,anomaly_detection,lstm_autoencoder,lstm_autoencoder,residual,recall,1.0,1.0,0.0,0.0,SUCCESS,456
E5_DT1_PD10_SEED456,1,0.1,0.1094748858447488,1.0,anomaly_detection,lstm_autoencoder,lstm_autoencoder,residual,f1,0.0887272727272727,0.0887272727272727,0.0,0.0,SUCCESS,456
E5_DT1_PD10_SEED456,1,0.1,0.1094748858447488,1.0,anomaly_detection,lstm_autoencoder,lstm_autoencoder,residual,false_positive_rate,1.0,1.0,0.0,0.0,SUCCESS,456
E5_DT1_PD10_SEED456,1,0.1,0.1094748858447488,1.0,anomaly_detection,lstm_autoencoder,lstm_autoencoder,residual,pr_auc,0.1267716712697022,0.1306032392197611,-0.0038315679500589,0.0293374649277398,SUCCESS,456
E5_DT1_PD10_SEED456,1,0.1,0.1094748858447488,1.0,anomaly_detection,lstm_autoencoder,lstm_autoencoder,residual,roc_auc,0.7339867923540879,0.7428769314301413,-0.0088901390760534,0.0119671761228857,SUCCESS,456
E5_DT1_PD10_SEED456,1,0.1,0.1094748858447488,1.0,anomaly_detection,lstm_autoencoder,lstm_autoencoder,residual,detection_latency,0.0,0.0,0.0,0.0,SUCCESS,456
E5_DT1_PD10_SEED456,1,0.1,0.1094748858447488,1.0,anomaly_detection,lstm_autoencoder,lstm_autoencoder,residual,threshold,0.0003816792741417,0.0003816792741417,0.0,0.0,SUCCESS,456
E5_DT1_PD20_SEED456,1,0.2,0.2478881278538812,1.0,load_estimation,persistence,,raw,mae,0.4960864747178427,0.4492700455803849,0.0468164291374578,0.1042055431872349,SUCCESS,456
E5_DT1_PD20_SEED456,1,0.2,0.2478881278538812,1.0,load_estimation,persistence,,raw,rmse,0.671492975544939,0.6122637034975102,0.0592292720474287,0.0967381729622155,SUCCESS,456
E5_DT1_PD20_SEED456,1,0.2,0.2478881278538812,1.0,load_estimation,persistence,,raw,mape,15.55847908033301,14.318382192492017,1.2400968878409948,0.0866087293361432,SUCCESS,456
E5_DT1_PD20_SEED456,1,0.2,0.2478881278538812,1.0,load_estimation,persistence,,raw,r2,0.9167424682601792,0.930782228617953,-0.0140397603577738,-0.0150838294136969,SUCCESS,456
E5_DT1_PD20_SEED456,1,0.2,0.2478881278538812,1.0,load_estimation,xgboost,,raw,mae,0.2895103560780462,0.2750139962910154,0.0144963597870308,0.0527113528130802,SUCCESS,456
E5_DT1_PD20_SEED456,1,0.2,0.2478881278538812,1.0,load_estimation,xgboost,,raw,rmse,0.4305596137136838,0.4118104239968307,0.018749189716853,0.045528691417965,SUCCESS,456
E5_DT1_PD20_SEED456,1,0.2,0.2478881278538812,1.0,load_estimation,xgboost,,raw,mape,9.526777757360994,9.136281172616451,0.3904965847445432,0.0427413055012965,SUCCESS,456
E5_DT1_PD20_SEED456,1,0.2,0.2478881278538812,1.0,load_estimation,xgboost,,raw,r2,0.9657699790151596,0.9686862373860586,-0.0029162583708989,-0.0030105293730282,SUCCESS,456
E5_DT1_PD20_SEED456,1,0.2,0.2478881278538812,1.0,load_estimation,lstm,,raw,mae,0.2838839410983785,0.2758453186169287,0.0080386224814498,0.0291417759842906,SUCCESS,456
E5_DT1_PD20_SEED456,1,0.2,0.2478881278538812,1.0,load_estimation,lstm,,raw,rmse,0.4251460424393363,0.4183041673895866,0.0068418750497497,0.0163562201458479,SUCCESS,456
E5_DT1_PD20_SEED456,1,0.2,0.2478881278538812,1.0,load_estimation,lstm,,raw,mape,9.056727670897631,8.868861318649634,0.1878663522479993,0.0211826913848511,SUCCESS,456
E5_DT1_PD20_SEED456,1,0.2,0.2478881278538812,1.0,load_estimation,lstm,,raw,r2,0.9667162541037416,0.9677789047373696,-0.0010626506336278,-0.00109803037494,SUCCESS,456
E5_DT1_PD20_SEED456,1,0.2,0.2478881278538812,1.0,anomaly_detection,isolation_forest,isolation_forest,raw,precision,0.1164658634538152,0.1164658634538152,0.0,0.0,SUCCESS,456
E5_DT1_PD20_SEED456,1,0.2,0.2478881278538812,1.0,anomaly_detection,isolation_forest,isolation_forest,raw,recall,0.1188524590163934,0.1188524590163934,0.0,0.0,SUCCESS,456
E5_DT1_PD20_SEED456,1,0.2,0.2478881278538812,1.0,anomaly_detection,isolation_forest,isolation_forest,raw,f1,0.1176470588235294,0.1176470588235294,0.0,0.0,SUCCESS,456
E5_DT1_PD20_SEED456,1,0.2,0.2478881278538812,1.0,anomaly_detection,isolation_forest,isolation_forest,raw,false_positive_rate,0.0438946528332003,0.0438946528332003,0.0,0.0,SUCCESS,456
E5_DT1_PD20_SEED456,1,0.2,0.2478881278538812,1.0,anomaly_detection,isolation_forest,isolation_forest,raw,pr_auc,0.09385708598261,0.09385708598261,0.0,0.0,SUCCESS,456
E5_DT1_PD20_SEED456,1,0.2,0.2478881278538812,1.0,anomaly_detection,isolation_forest,isolation_forest,raw,roc_auc,0.7138596875695052,0.7138596875695052,0.0,0.0,SUCCESS,456
E5_DT1_PD20_SEED456,1,0.2,0.2478881278538812,1.0,anomaly_detection,isolation_forest,isolation_forest,raw,detection_latency,3.2459016393442623,3.2459016393442623,0.0,0.0,SUCCESS,456
E5_DT1_PD20_SEED456,1,0.2,0.2478881278538812,1.0,anomaly_detection,isolation_forest,isolation_forest,raw,threshold,0.5031683371451802,0.5031683371451802,0.0,0.0,SUCCESS,456
E5_DT1_PD20_SEED456,1,0.2,0.2478881278538812,1.0,anomaly_detection,isolation_forest,isolation_forest,residual,precision,0.0464231354642313,0.0464231354642313,0.0,0.0,SUCCESS,456
E5_DT1_PD20_SEED456,1,0.2,0.2478881278538812,1.0,anomaly_detection,isolation_forest,isolation_forest,residual,recall,1.0,1.0,0.0,0.0,SUCCESS,456
E5_DT1_PD20_SEED456,1,0.2,0.2478881278538812,1.0,anomaly_detection,isolation_forest,isolation_forest,residual,f1,0.0887272727272727,0.0887272727272727,0.0,0.0,SUCCESS,456
E5_DT1_PD20_SEED456,1,0.2,0.2478881278538812,1.0,anomaly_detection,isolation_forest,isolation_forest,residual,false_positive_rate,1.0,1.0,0.0,0.0,SUCCESS,456
E5_DT1_PD20_SEED456,1,0.2,0.2478881278538812,1.0,anomaly_detection,isolation_forest,isolation_forest,residual,pr_auc,0.0749619556261921,0.0872394700315926,-0.0122775144054004,0.1407334822294811,SUCCESS,456
E5_DT1_PD20_SEED456,1,0.2,0.2478881278538812,1.0,anomaly_detection,isolation_forest,isolation_forest,residual,roc_auc,0.664759495244201,0.6846846257506575,-0.0199251305064565,0.0291011799550946,SUCCESS,456
E5_DT1_PD20_SEED456,1,0.2,0.2478881278538812,1.0,anomaly_detection,isolation_forest,isolation_forest,residual,detection_latency,0.0,0.0,0.0,0.0,SUCCESS,456
E5_DT1_PD20_SEED456,1,0.2,0.2478881278538812,1.0,anomaly_detection,isolation_forest,isolation_forest,residual,threshold,0.2937656541960819,0.2937656541960819,0.0,0.0,SUCCESS,456
E5_DT1_PD20_SEED456,1,0.2,0.2478881278538812,1.0,anomaly_detection,lstm_autoencoder,lstm_autoencoder,raw,precision,0.4982578397212543,0.4982578397212543,0.0,0.0,SUCCESS,456
E5_DT1_PD20_SEED456,1,0.2,0.2478881278538812,1.0,anomaly_detection,lstm_autoencoder,lstm_autoencoder,raw,recall,0.5860655737704918,0.5860655737704918,0.0,0.0,SUCCESS,456
E5_DT1_PD20_SEED456,1,0.2,0.2478881278538812,1.0,anomaly_detection,lstm_autoencoder,lstm_autoencoder,raw,f1,0.5386064030131827,0.5386064030131827,0.0,0.0,SUCCESS,456
E5_DT1_PD20_SEED456,1,0.2,0.2478881278538812,1.0,anomaly_detection,lstm_autoencoder,lstm_autoencoder,raw,false_positive_rate,0.028731045490822,0.028731045490822,0.0,0.0,SUCCESS,456
E5_DT1_PD20_SEED456,1,0.2,0.2478881278538812,1.0,anomaly_detection,lstm_autoencoder,lstm_autoencoder,raw,pr_auc,0.561001698584242,0.561001698584242,0.0,0.0,SUCCESS,456
E5_DT1_PD20_SEED456,1,0.2,0.2478881278538812,1.0,anomaly_detection,lstm_autoencoder,lstm_autoencoder,raw,roc_auc,0.9493396177043946,0.9493396177043946,0.0,0.0,SUCCESS,456
E5_DT1_PD20_SEED456,1,0.2,0.2478881278538812,1.0,anomaly_detection,lstm_autoencoder,lstm_autoencoder,raw,detection_latency,1.3442622950819672,1.3442622950819672,0.0,0.0,SUCCESS,456
E5_DT1_PD20_SEED456,1,0.2,0.2478881278538812,1.0,anomaly_detection,lstm_autoencoder,lstm_autoencoder,raw,threshold,0.0007370078528765,0.0007370078528765,0.0,0.0,SUCCESS,456
E5_DT1_PD20_SEED456,1,0.2,0.2478881278538812,1.0,anomaly_detection,lstm_autoencoder,lstm_autoencoder,residual,precision,0.0464231354642313,0.0464231354642313,0.0,0.0,SUCCESS,456
E5_DT1_PD20_SEED456,1,0.2,0.2478881278538812,1.0,anomaly_detection,lstm_autoencoder,lstm_autoencoder,residual,recall,1.0,1.0,0.0,0.0,SUCCESS,456
E5_DT1_PD20_SEED456,1,0.2,0.2478881278538812,1.0,anomaly_detection,lstm_autoencoder,lstm_autoencoder,residual,f1,0.0887272727272727,0.0887272727272727,0.0,0.0,SUCCESS,456
E5_DT1_PD20_SEED456,1,0.2,0.2478881278538812,1.0,anomaly_detection,lstm_autoencoder,lstm_autoencoder,residual,false_positive_rate,1.0,1.0,0.0,0.0,SUCCESS,456
E5_DT1_PD20_SEED456,1,0.2,0.2478881278538812,1.0,anomaly_detection,lstm_autoencoder,lstm_autoencoder,residual,pr_auc,0.1257191634219748,0.1306032392197611,-0.0048840757977863,0.0373962837902366,SUCCESS,456
E5_DT1_PD20_SEED456,1,0.2,0.2478881278538812,1.0,anomaly_detection,lstm_autoencoder,lstm_autoencoder,residual,roc_auc,0.7291304148731569,0.7428769314301413,-0.0137465165569844,0.0185044332047308,SUCCESS,456
E5_DT1_PD20_SEED456,1,0.2,0.2478881278538812,1.0,anomaly_detection,lstm_autoencoder,lstm_autoencoder,residual,detection_latency,0.0,0.0,0.0,0.0,SUCCESS,456
E5_DT1_PD20_SEED456,1,0.2,0.2478881278538812,1.0,anomaly_detection,lstm_autoencoder,lstm_autoencoder,residual,threshold,0.0003816792741417,0.0003816792741417,0.0,0.0,SUCCESS,456
E5_DT5_PD00_SEED456,5,0.0,2.0,4.0,load_estimation,persistence,,raw,mae,0.8492584834768347,0.4492700455803849,0.3999884378964498,0.890307381565421,SUCCESS,456
E5_DT5_PD00_SEED456,5,0.0,2.0,4.0,load_estimation,persistence,,raw,rmse,1.1169896745561578,0.6122637034975102,0.5047259710586476,0.8243604319110189,SUCCESS,456
E5_DT5_PD00_SEED456,5,0.0,2.0,4.0,load_estimation,persistence,,raw,mape,24.72205174049761,14.318382192492017,10.403669548005595,0.7265953239787707,SUCCESS,456
E5_DT5_PD00_SEED456,5,0.0,2.0,4.0,load_estimation,persistence,,raw,r2,0.7696231154711715,0.930782228617953,-0.1611591131467815,-0.1731437367321401,SUCCESS,456
E5_DT5_PD00_SEED456,5,0.0,2.0,4.0,load_estimation,xgboost,,raw,mae,0.5103229027768793,0.2750139962910154,0.2353089064858639,0.8556252032964307,SUCCESS,456
E5_DT5_PD00_SEED456,5,0.0,2.0,4.0,load_estimation,xgboost,,raw,rmse,0.6964579505248926,0.4118104239968307,0.2846475265280618,0.6912101052843975,SUCCESS,456
E5_DT5_PD00_SEED456,5,0.0,2.0,4.0,load_estimation,xgboost,,raw,mape,15.196099811584157,9.136281172616451,6.059818638967705,0.6632697182230319,SUCCESS,456
E5_DT5_PD00_SEED456,5,0.0,2.0,4.0,load_estimation,xgboost,,raw,r2,0.9104366385741698,0.9686862373860586,-0.0582495988118888,-0.0601325760228326,SUCCESS,456
E5_DT5_PD00_SEED456,5,0.0,2.0,4.0,load_estimation,lstm,,raw,mae,0.5400875061892789,0.2758453186169287,0.2642421875723502,0.9579360958425692,SUCCESS,456
E5_DT5_PD00_SEED456,5,0.0,2.0,4.0,load_estimation,lstm,,raw,rmse,0.7060130912055712,0.4183041673895866,0.2877089238159846,0.6877983683773047,SUCCESS,456
E5_DT5_PD00_SEED456,5,0.0,2.0,4.0,load_estimation,lstm,,raw,mape,15.1946153129267,8.868861318649634,6.325753994277065,0.7132543589305126,SUCCESS,456
E5_DT5_PD00_SEED456,5,0.0,2.0,4.0,load_estimation,lstm,,raw,r2,0.908212947398893,0.9677789047373696,-0.0595659573384764,-0.0615491379765517,SUCCESS,456
E5_DT5_PD00_SEED456,5,0.0,2.0,4.0,anomaly_detection,isolation_forest,isolation_forest,raw,precision,0.1164658634538152,0.1164658634538152,0.0,0.0,SUCCESS,456
E5_DT5_PD00_SEED456,5,0.0,2.0,4.0,anomaly_detection,isolation_forest,isolation_forest,raw,recall,0.1188524590163934,0.1188524590163934,0.0,0.0,SUCCESS,456
E5_DT5_PD00_SEED456,5,0.0,2.0,4.0,anomaly_detection,isolation_forest,isolation_forest,raw,f1,0.1176470588235294,0.1176470588235294,0.0,0.0,SUCCESS,456
E5_DT5_PD00_SEED456,5,0.0,2.0,4.0,anomaly_detection,isolation_forest,isolation_forest,raw,false_positive_rate,0.0438946528332003,0.0438946528332003,0.0,0.0,SUCCESS,456
E5_DT5_PD00_SEED456,5,0.0,2.0,4.0,anomaly_detection,isolation_forest,isolation_forest,raw,pr_auc,0.09385708598261,0.09385708598261,0.0,0.0,SUCCESS,456
E5_DT5_PD00_SEED456,5,0.0,2.0,4.0,anomaly_detection,isolation_forest,isolation_forest,raw,roc_auc,0.7138596875695052,0.7138596875695052,0.0,0.0,SUCCESS,456
E5_DT5_PD00_SEED456,5,0.0,2.0,4.0,anomaly_detection,isolation_forest,isolation_forest,raw,detection_latency,3.2459016393442623,3.2459016393442623,0.0,0.0,SUCCESS,456
E5_DT5_PD00_SEED456,5,0.0,2.0,4.0,anomaly_detection,isolation_forest,isolation_forest,raw,threshold,0.5031683371451802,0.5031683371451802,0.0,0.0,SUCCESS,456
E5_DT5_PD00_SEED456,5,0.0,2.0,4.0,anomaly_detection,isolation_forest,isolation_forest,residual,precision,0.0464231354642313,0.0464231354642313,0.0,0.0,SUCCESS,456
E5_DT5_PD00_SEED456,5,0.0,2.0,4.0,anomaly_detection,isolation_forest,isolation_forest,residual,recall,1.0,1.0,0.0,0.0,SUCCESS,456
E5_DT5_PD00_SEED456,5,0.0,2.0,4.0,anomaly_detection,isolation_forest,isolation_forest,residual,f1,0.0887272727272727,0.0887272727272727,0.0,0.0,SUCCESS,456
E5_DT5_PD00_SEED456,5,0.0,2.0,4.0,anomaly_detection,isolation_forest,isolation_forest,residual,false_positive_rate,1.0,1.0,0.0,0.0,SUCCESS,456
E5_DT5_PD00_SEED456,5,0.0,2.0,4.0,anomaly_detection,isolation_forest,isolation_forest,residual,pr_auc,0.0569000420893729,0.0872394700315926,-0.0303394279422197,0.3477718047946952,SUCCESS,456
E5_DT5_PD00_SEED456,5,0.0,2.0,4.0,anomaly_detection,isolation_forest,isolation_forest,residual,roc_auc,0.5953122342443709,0.6846846257506575,-0.0893723915062866,0.1305307409353653,SUCCESS,456
E5_DT5_PD00_SEED456,5,0.0,2.0,4.0,anomaly_detection,isolation_forest,isolation_forest,residual,detection_latency,0.0,0.0,0.0,0.0,SUCCESS,456
E5_DT5_PD00_SEED456,5,0.0,2.0,4.0,anomaly_detection,isolation_forest,isolation_forest,residual,threshold,0.2937656541960819,0.2937656541960819,0.0,0.0,SUCCESS,456
E5_DT5_PD00_SEED456,5,0.0,2.0,4.0,anomaly_detection,lstm_autoencoder,lstm_autoencoder,raw,precision,0.4982578397212543,0.4982578397212543,0.0,0.0,SUCCESS,456
E5_DT5_PD00_SEED456,5,0.0,2.0,4.0,anomaly_detection,lstm_autoencoder,lstm_autoencoder,raw,recall,0.5860655737704918,0.5860655737704918,0.0,0.0,SUCCESS,456
E5_DT5_PD00_SEED456,5,0.0,2.0,4.0,anomaly_detection,lstm_autoencoder,lstm_autoencoder,raw,f1,0.5386064030131827,0.5386064030131827,0.0,0.0,SUCCESS,456
E5_DT5_PD00_SEED456,5,0.0,2.0,4.0,anomaly_detection,lstm_autoencoder,lstm_autoencoder,raw,false_positive_rate,0.028731045490822,0.028731045490822,0.0,0.0,SUCCESS,456
E5_DT5_PD00_SEED456,5,0.0,2.0,4.0,anomaly_detection,lstm_autoencoder,lstm_autoencoder,raw,pr_auc,0.561001698584242,0.561001698584242,0.0,0.0,SUCCESS,456
E5_DT5_PD00_SEED456,5,0.0,2.0,4.0,anomaly_detection,lstm_autoencoder,lstm_autoencoder,raw,roc_auc,0.9493396177043946,0.9493396177043946,0.0,0.0,SUCCESS,456
E5_DT5_PD00_SEED456,5,0.0,2.0,4.0,anomaly_detection,lstm_autoencoder,lstm_autoencoder,raw,detection_latency,1.3442622950819672,1.3442622950819672,0.0,0.0,SUCCESS,456
E5_DT5_PD00_SEED456,5,0.0,2.0,4.0,anomaly_detection,lstm_autoencoder,lstm_autoencoder,raw,threshold,0.0007370078528765,0.0007370078528765,0.0,0.0,SUCCESS,456
E5_DT5_PD00_SEED456,5,0.0,2.0,4.0,anomaly_detection,lstm_autoencoder,lstm_autoencoder,residual,precision,0.0464231354642313,0.0464231354642313,0.0,0.0,SUCCESS,456
E5_DT5_PD00_SEED456,5,0.0,2.0,4.0,anomaly_detection,lstm_autoencoder,lstm_autoencoder,residual,recall,1.0,1.0,0.0,0.0,SUCCESS,456
E5_DT5_PD00_SEED456,5,0.0,2.0,4.0,anomaly_detection,lstm_autoencoder,lstm_autoencoder,residual,f1,0.0887272727272727,0.0887272727272727,0.0,0.0,SUCCESS,456
E5_DT5_PD00_SEED456,5,0.0,2.0,4.0,anomaly_detection,lstm_autoencoder,lstm_autoencoder,residual,false_positive_rate,1.0,1.0,0.0,0.0,SUCCESS,456
E5_DT5_PD00_SEED456,5,0.0,2.0,4.0,anomaly_detection,lstm_autoencoder,lstm_autoencoder,residual,pr_auc,0.1085084346012759,0.1306032392197611,-0.0220948046184852,0.1691750124306419,SUCCESS,456
E5_DT5_PD00_SEED456,5,0.0,2.0,4.0,anomaly_detection,lstm_autoencoder,lstm_autoencoder,residual,roc_auc,0.68359870736462,0.7428769314301413,-0.0592782240655213,0.0797954836898791,SUCCESS,456
E5_DT5_PD00_SEED456,5,0.0,2.0,4.0,anomaly_detection,lstm_autoencoder,lstm_autoencoder,residual,detection_latency,0.0,0.0,0.0,0.0,SUCCESS,456
E5_DT5_PD00_SEED456,5,0.0,2.0,4.0,anomaly_detection,lstm_autoencoder,lstm_autoencoder,residual,threshold,0.0003816792741417,0.0003816792741417,0.0,0.0,SUCCESS,456
E5_DT5_PD05_SEED456,5,0.05,2.031563926940639,4.0,load_estimation,persistence,,raw,mae,0.8802369426102399,0.4492700455803849,0.4309668970298549,0.9592602517559674,SUCCESS,456
E5_DT5_PD05_SEED456,5,0.05,2.031563926940639,4.0,load_estimation,persistence,,raw,rmse,1.1543115208106478,0.6122637034975102,0.5420478173131376,0.8853175751179275,SUCCESS,456
E5_DT5_PD05_SEED456,5,0.05,2.031563926940639,4.0,load_estimation,persistence,,raw,mape,25.755437357496376,14.318382192492017,11.43705516500436,0.7987672777027487,SUCCESS,456
E5_DT5_PD05_SEED456,5,0.05,2.031563926940639,4.0,load_estimation,persistence,,raw,r2,0.7539708057561416,0.930782228617953,-0.1768114228618114,-0.1899600329975628,SUCCESS,456
E5_DT5_PD05_SEED456,5,0.05,2.031563926940639,4.0,load_estimation,xgboost,,raw,mae,0.5290534657339708,0.2750139962910154,0.2540394694429554,0.9237328749411536,SUCCESS,456
E5_DT5_PD05_SEED456,5,0.05,2.031563926940639,4.0,load_estimation,xgboost,,raw,rmse,0.7207296865242878,0.4118104239968307,0.308919262527457,0.7501492058633136,SUCCESS,456
E5_DT5_PD05_SEED456,5,0.05,2.031563926940639,4.0,load_estimation,xgboost,,raw,mape,15.71938732444758,9.136281172616451,6.583106151831128,0.7205454853515477,SUCCESS,456
E5_DT5_PD05_SEED456,5,0.05,2.031563926940639,4.0,load_estimation,xgboost,,raw,r2,0.90408524860824,0.9686862373860586,-0.0646009887778187,-0.0666892810949194,SUCCESS,456
E5_DT5_PD05_SEED456,5,0.05,2.031563926940639,4.0,load_estimation,lstm,,raw,mae,0.5675394240059862,0.2758453186169287,0.2916941053890575,1.05745534073804,SUCCESS,456
E5_DT5_PD05_SEED456,5,0.05,2.031563926940639,4.0,load_estimation,lstm,,raw,rmse,0.736602666512047,0.4183041673895866,0.3182984991224604,0.7609259575604798,SUCCESS,456
E5_DT5_PD05_SEED456,5,0.05,2.031563926940639,4.0,load_estimation,lstm,,raw,mape,15.860308473956886,8.868861318649634,6.991447155307252,0.788313956449571,SUCCESS,456
E5_DT5_PD05_SEED456,5,0.05,2.031563926940639,4.0,load_estimation,lstm,,raw,r2,0.9000868871971783,0.9677789047373696,-0.0676920175401911,-0.0699457460881119,SUCCESS,456
E5_DT5_PD05_SEED456,5,0.05,2.031563926940639,4.0,anomaly_detection,isolation_forest,isolation_forest,raw,precision,0.1164658634538152,0.1164658634538152,0.0,0.0,SUCCESS,456
E5_DT5_PD05_SEED456,5,0.05,2.031563926940639,4.0,anomaly_detection,isolation_forest,isolation_forest,raw,recall,0.1188524590163934,0.1188524590163934,0.0,0.0,SUCCESS,456
E5_DT5_PD05_SEED456,5,0.05,2.031563926940639,4.0,anomaly_detection,isolation_forest,isolation_forest,raw,f1,0.1176470588235294,0.1176470588235294,0.0,0.0,SUCCESS,456
E5_DT5_PD05_SEED456,5,0.05,2.031563926940639,4.0,anomaly_detection,isolation_forest,isolation_forest,raw,false_positive_rate,0.0438946528332003,0.0438946528332003,0.0,0.0,SUCCESS,456
E5_DT5_PD05_SEED456,5,0.05,2.031563926940639,4.0,anomaly_detection,isolation_forest,isolation_forest,raw,pr_auc,0.09385708598261,0.09385708598261,0.0,0.0,SUCCESS,456
E5_DT5_PD05_SEED456,5,0.05,2.031563926940639,4.0,anomaly_detection,isolation_forest,isolation_forest,raw,roc_auc,0.7138596875695052,0.7138596875695052,0.0,0.0,SUCCESS,456
E5_DT5_PD05_SEED456,5,0.05,2.031563926940639,4.0,anomaly_detection,isolation_forest,isolation_forest,raw,detection_latency,3.2459016393442623,3.2459016393442623,0.0,0.0,SUCCESS,456
E5_DT5_PD05_SEED456,5,0.05,2.031563926940639,4.0,anomaly_detection,isolation_forest,isolation_forest,raw,threshold,0.5031683371451802,0.5031683371451802,0.0,0.0,SUCCESS,456
E5_DT5_PD05_SEED456,5,0.05,2.031563926940639,4.0,anomaly_detection,isolation_forest,isolation_forest,residual,precision,0.0464231354642313,0.0464231354642313,0.0,0.0,SUCCESS,456
E5_DT5_PD05_SEED456,5,0.05,2.031563926940639,4.0,anomaly_detection,isolation_forest,isolation_forest,residual,recall,1.0,1.0,0.0,0.0,SUCCESS,456
E5_DT5_PD05_SEED456,5,0.05,2.031563926940639,4.0,anomaly_detection,isolation_forest,isolation_forest,residual,f1,0.0887272727272727,0.0887272727272727,0.0,0.0,SUCCESS,456
E5_DT5_PD05_SEED456,5,0.05,2.031563926940639,4.0,anomaly_detection,isolation_forest,isolation_forest,residual,false_positive_rate,1.0,1.0,0.0,0.0,SUCCESS,456
E5_DT5_PD05_SEED456,5,0.05,2.031563926940639,4.0,anomaly_detection,isolation_forest,isolation_forest,residual,pr_auc,0.0647880650904864,0.0872394700315926,-0.0224514049411061,0.2573537520685958,SUCCESS,456
E5_DT5_PD05_SEED456,5,0.05,2.031563926940639,4.0,anomaly_detection,isolation_forest,isolation_forest,residual,roc_auc,0.6486681963288109,0.6846846257506575,-0.0360164294218465,0.0526029474991639,SUCCESS,456
E5_DT5_PD05_SEED456,5,0.05,2.031563926940639,4.0,anomaly_detection,isolation_forest,isolation_forest,residual,detection_latency,0.0,0.0,0.0,0.0,SUCCESS,456
E5_DT5_PD05_SEED456,5,0.05,2.031563926940639,4.0,anomaly_detection,isolation_forest,isolation_forest,residual,threshold,0.2937656541960819,0.2937656541960819,0.0,0.0,SUCCESS,456
E5_DT5_PD05_SEED456,5,0.05,2.031563926940639,4.0,anomaly_detection,lstm_autoencoder,lstm_autoencoder,raw,precision,0.4982578397212543,0.4982578397212543,0.0,0.0,SUCCESS,456
E5_DT5_PD05_SEED456,5,0.05,2.031563926940639,4.0,anomaly_detection,lstm_autoencoder,lstm_autoencoder,raw,recall,0.5860655737704918,0.5860655737704918,0.0,0.0,SUCCESS,456
E5_DT5_PD05_SEED456,5,0.05,2.031563926940639,4.0,anomaly_detection,lstm_autoencoder,lstm_autoencoder,raw,f1,0.5386064030131827,0.5386064030131827,0.0,0.0,SUCCESS,456
E5_DT5_PD05_SEED456,5,0.05,2.031563926940639,4.0,anomaly_detection,lstm_autoencoder,lstm_autoencoder,raw,false_positive_rate,0.028731045490822,0.028731045490822,0.0,0.0,SUCCESS,456
E5_DT5_PD05_SEED456,5,0.05,2.031563926940639,4.0,anomaly_detection,lstm_autoencoder,lstm_autoencoder,raw,pr_auc,0.561001698584242,0.561001698584242,0.0,0.0,SUCCESS,456
E5_DT5_PD05_SEED456,5,0.05,2.031563926940639,4.0,anomaly_detection,lstm_autoencoder,lstm_autoencoder,raw,roc_auc,0.9493396177043946,0.9493396177043946,0.0,0.0,SUCCESS,456
E5_DT5_PD05_SEED456,5,0.05,2.031563926940639,4.0,anomaly_detection,lstm_autoencoder,lstm_autoencoder,raw,detection_latency,1.3442622950819672,1.3442622950819672,0.0,0.0,SUCCESS,456
E5_DT5_PD05_SEED456,5,0.05,2.031563926940639,4.0,anomaly_detection,lstm_autoencoder,lstm_autoencoder,raw,threshold,0.0007370078528765,0.0007370078528765,0.0,0.0,SUCCESS,456
E5_DT5_PD05_SEED456,5,0.05,2.031563926940639,4.0,anomaly_detection,lstm_autoencoder,lstm_autoencoder,residual,precision,0.0464231354642313,0.0464231354642313,0.0,0.0,SUCCESS,456
E5_DT5_PD05_SEED456,5,0.05,2.031563926940639,4.0,anomaly_detection,lstm_autoencoder,lstm_autoencoder,residual,recall,1.0,1.0,0.0,0.0,SUCCESS,456
E5_DT5_PD05_SEED456,5,0.05,2.031563926940639,4.0,anomaly_detection,lstm_autoencoder,lstm_autoencoder,residual,f1,0.0887272727272727,0.0887272727272727,0.0,0.0,SUCCESS,456
E5_DT5_PD05_SEED456,5,0.05,2.031563926940639,4.0,anomaly_detection,lstm_autoencoder,lstm_autoencoder,residual,false_positive_rate,1.0,1.0,0.0,0.0,SUCCESS,456
E5_DT5_PD05_SEED456,5,0.05,2.031563926940639,4.0,anomaly_detection,lstm_autoencoder,lstm_autoencoder,residual,pr_auc,0.1225891374339718,0.1306032392197611,-0.0080141017857893,0.0613621977040272,SUCCESS,456
E5_DT5_PD05_SEED456,5,0.05,2.031563926940639,4.0,anomaly_detection,lstm_autoencoder,lstm_autoencoder,residual,roc_auc,0.7096149568903484,0.7428769314301413,-0.0332619745397929,0.0447745422323978,SUCCESS,456
E5_DT5_PD05_SEED456,5,0.05,2.031563926940639,4.0,anomaly_detection,lstm_autoencoder,lstm_autoencoder,residual,detection_latency,0.0,0.0,0.0,0.0,SUCCESS,456
E5_DT5_PD05_SEED456,5,0.05,2.031563926940639,4.0,anomaly_detection,lstm_autoencoder,lstm_autoencoder,residual,threshold,0.0003816792741417,0.0003816792741417,0.0,0.0,SUCCESS,456
E5_DT5_PD10_SEED456,5,0.1,2.064497716894977,4.0,load_estimation,persistence,,raw,mae,0.8662942506180143,0.4492700455803849,0.4170242050376294,0.928226150708314,SUCCESS,456
E5_DT5_PD10_SEED456,5,0.1,2.064497716894977,4.0,load_estimation,persistence,,raw,rmse,1.1435490168388038,0.6122637034975102,0.5312853133412936,0.8677393585580303,SUCCESS,456
E5_DT5_PD10_SEED456,5,0.1,2.064497716894977,4.0,load_estimation,persistence,,raw,mape,25.089766832188804,14.318382192492017,10.77138463969679,0.7522766535275802,SUCCESS,456
E5_DT5_PD10_SEED456,5,0.1,2.064497716894977,4.0,load_estimation,persistence,,raw,r2,0.7585372438604941,0.930782228617953,-0.1722449847574588,-0.1850540109830117,SUCCESS,456
E5_DT5_PD10_SEED456,5,0.1,2.064497716894977,4.0,load_estimation,xgboost,,raw,mae,0.5226963058998596,0.2750139962910154,0.2476823096088442,0.9006171065808255,SUCCESS,456
E5_DT5_PD10_SEED456,5,0.1,2.064497716894977,4.0,load_estimation,xgboost,,raw,rmse,0.7232519179982683,0.4118104239968307,0.3114414940014375,0.7562739451292625,SUCCESS,456
E5_DT5_PD10_SEED456,5,0.1,2.064497716894977,4.0,load_estimation,xgboost,,raw,mape,15.334301323200322,9.136281172616451,6.19802015058387,0.6783963883643129,SUCCESS,456
E5_DT5_PD10_SEED456,5,0.1,2.064497716894977,4.0,load_estimation,xgboost,,raw,r2,0.9034127565108396,0.9686862373860586,-0.065273480875219,-0.067383512179708,SUCCESS,456
E5_DT5_PD10_SEED456,5,0.1,2.064497716894977,4.0,load_estimation,lstm,,raw,mae,0.557075220131177,0.2758453186169287,0.2812299015142483,1.0195202982755611,SUCCESS,456
E5_DT5_PD10_SEED456,5,0.1,2.064497716894977,4.0,load_estimation,lstm,,raw,rmse,0.7293585184295812,0.4183041673895866,0.3110543510399946,0.7436080615240318,SUCCESS,456
E5_DT5_PD10_SEED456,5,0.1,2.064497716894977,4.0,load_estimation,lstm,,raw,mape,15.629959768731238,8.868861318649634,6.7610984500816045,0.7623412078689539,SUCCESS,456
E5_DT5_PD10_SEED456,5,0.1,2.064497716894977,4.0,load_estimation,lstm,,raw,r2,0.9020424227097674,0.9677789047373696,-0.065736482027602,-0.0679251032501491,SUCCESS,456
E5_DT5_PD10_SEED456,5,0.1,2.064497716894977,4.0,anomaly_detection,isolation_forest,isolation_forest,raw,precision,0.1164658634538152,0.1164658634538152,0.0,0.0,SUCCESS,456
E5_DT5_PD10_SEED456,5,0.1,2.064497716894977,4.0,anomaly_detection,isolation_forest,isolation_forest,raw,recall,0.1188524590163934,0.1188524590163934,0.0,0.0,SUCCESS,456
E5_DT5_PD10_SEED456,5,0.1,2.064497716894977,4.0,anomaly_detection,isolation_forest,isolation_forest,raw,f1,0.1176470588235294,0.1176470588235294,0.0,0.0,SUCCESS,456
E5_DT5_PD10_SEED456,5,0.1,2.064497716894977,4.0,anomaly_detection,isolation_forest,isolation_forest,raw,false_positive_rate,0.0438946528332003,0.0438946528332003,0.0,0.0,SUCCESS,456
E5_DT5_PD10_SEED456,5,0.1,2.064497716894977,4.0,anomaly_detection,isolation_forest,isolation_forest,raw,pr_auc,0.09385708598261,0.09385708598261,0.0,0.0,SUCCESS,456
E5_DT5_PD10_SEED456,5,0.1,2.064497716894977,4.0,anomaly_detection,isolation_forest,isolation_forest,raw,roc_auc,0.7138596875695052,0.7138596875695052,0.0,0.0,SUCCESS,456
E5_DT5_PD10_SEED456,5,0.1,2.064497716894977,4.0,anomaly_detection,isolation_forest,isolation_forest,raw,detection_latency,3.2459016393442623,3.2459016393442623,0.0,0.0,SUCCESS,456
E5_DT5_PD10_SEED456,5,0.1,2.064497716894977,4.0,anomaly_detection,isolation_forest,isolation_forest,raw,threshold,0.5031683371451802,0.5031683371451802,0.0,0.0,SUCCESS,456
E5_DT5_PD10_SEED456,5,0.1,2.064497716894977,4.0,anomaly_detection,isolation_forest,isolation_forest,residual,precision,0.0464231354642313,0.0464231354642313,0.0,0.0,SUCCESS,456
E5_DT5_PD10_SEED456,5,0.1,2.064497716894977,4.0,anomaly_detection,isolation_forest,isolation_forest,residual,recall,1.0,1.0,0.0,0.0,SUCCESS,456
E5_DT5_PD10_SEED456,5,0.1,2.064497716894977,4.0,anomaly_detection,isolation_forest,isolation_forest,residual,f1,0.0887272727272727,0.0887272727272727,0.0,0.0,SUCCESS,456
E5_DT5_PD10_SEED456,5,0.1,2.064497716894977,4.0,anomaly_detection,isolation_forest,isolation_forest,residual,false_positive_rate,1.0,1.0,0.0,0.0,SUCCESS,456
E5_DT5_PD10_SEED456,5,0.1,2.064497716894977,4.0,anomaly_detection,isolation_forest,isolation_forest,residual,pr_auc,0.0631046230201316,0.0872394700315926,-0.0241348470114609,0.276650545936614,SUCCESS,456
E5_DT5_PD10_SEED456,5,0.1,2.064497716894977,4.0,anomaly_detection,isolation_forest,isolation_forest,residual,roc_auc,0.6355909751023773,0.6846846257506575,-0.0490936506482801,0.0717025748817656,SUCCESS,456
E5_DT5_PD10_SEED456,5,0.1,2.064497716894977,4.0,anomaly_detection,isolation_forest,isolation_forest,residual,detection_latency,0.0,0.0,0.0,0.0,SUCCESS,456
E5_DT5_PD10_SEED456,5,0.1,2.064497716894977,4.0,anomaly_detection,isolation_forest,isolation_forest,residual,threshold,0.2937656541960819,0.2937656541960819,0.0,0.0,SUCCESS,456
E5_DT5_PD10_SEED456,5,0.1,2.064497716894977,4.0,anomaly_detection,lstm_autoencoder,lstm_autoencoder,raw,precision,0.4982578397212543,0.4982578397212543,0.0,0.0,SUCCESS,456
E5_DT5_PD10_SEED456,5,0.1,2.064497716894977,4.0,anomaly_detection,lstm_autoencoder,lstm_autoencoder,raw,recall,0.5860655737704918,0.5860655737704918,0.0,0.0,SUCCESS,456
E5_DT5_PD10_SEED456,5,0.1,2.064497716894977,4.0,anomaly_detection,lstm_autoencoder,lstm_autoencoder,raw,f1,0.5386064030131827,0.5386064030131827,0.0,0.0,SUCCESS,456
E5_DT5_PD10_SEED456,5,0.1,2.064497716894977,4.0,anomaly_detection,lstm_autoencoder,lstm_autoencoder,raw,false_positive_rate,0.028731045490822,0.028731045490822,0.0,0.0,SUCCESS,456
E5_DT5_PD10_SEED456,5,0.1,2.064497716894977,4.0,anomaly_detection,lstm_autoencoder,lstm_autoencoder,raw,pr_auc,0.561001698584242,0.561001698584242,0.0,0.0,SUCCESS,456
E5_DT5_PD10_SEED456,5,0.1,2.064497716894977,4.0,anomaly_detection,lstm_autoencoder,lstm_autoencoder,raw,roc_auc,0.9493396177043946,0.9493396177043946,0.0,0.0,SUCCESS,456
E5_DT5_PD10_SEED456,5,0.1,2.064497716894977,4.0,anomaly_detection,lstm_autoencoder,lstm_autoencoder,raw,detection_latency,1.3442622950819672,1.3442622950819672,0.0,0.0,SUCCESS,456
E5_DT5_PD10_SEED456,5,0.1,2.064497716894977,4.0,anomaly_detection,lstm_autoencoder,lstm_autoencoder,raw,threshold,0.0007370078528765,0.0007370078528765,0.0,0.0,SUCCESS,456
E5_DT5_PD10_SEED456,5,0.1,2.064497716894977,4.0,anomaly_detection,lstm_autoencoder,lstm_autoencoder,residual,precision,0.0464231354642313,0.0464231354642313,0.0,0.0,SUCCESS,456
E5_DT5_PD10_SEED456,5,0.1,2.064497716894977,4.0,anomaly_detection,lstm_autoencoder,lstm_autoencoder,residual,recall,1.0,1.0,0.0,0.0,SUCCESS,456
E5_DT5_PD10_SEED456,5,0.1,2.064497716894977,4.0,anomaly_detection,lstm_autoencoder,lstm_autoencoder,residual,f1,0.0887272727272727,0.0887272727272727,0.0,0.0,SUCCESS,456
E5_DT5_PD10_SEED456,5,0.1,2.064497716894977,4.0,anomaly_detection,lstm_autoencoder,lstm_autoencoder,residual,false_positive_rate,1.0,1.0,0.0,0.0,SUCCESS,456
E5_DT5_PD10_SEED456,5,0.1,2.064497716894977,4.0,anomaly_detection,lstm_autoencoder,lstm_autoencoder,residual,pr_auc,0.1507213085381134,0.1306032392197611,0.0201180693183523,-0.1540395892057499,SUCCESS,456
E5_DT5_PD10_SEED456,5,0.1,2.064497716894977,4.0,anomaly_detection,lstm_autoencoder,lstm_autoencoder,residual,roc_auc,0.7102748485601769,0.7428769314301413,-0.0326020828699644,0.0438862501857487,SUCCESS,456
E5_DT5_PD10_SEED456,5,0.1,2.064497716894977,4.0,anomaly_detection,lstm_autoencoder,lstm_autoencoder,residual,detection_latency,0.0,0.0,0.0,0.0,SUCCESS,456
E5_DT5_PD10_SEED456,5,0.1,2.064497716894977,4.0,anomaly_detection,lstm_autoencoder,lstm_autoencoder,residual,threshold,0.0003816792741417,0.0003816792741417,0.0,0.0,SUCCESS,456
E5_DT5_PD20_SEED456,5,0.2,2.147859589041096,4.0,load_estimation,persistence,,raw,mae,0.8677450742805022,0.4492700455803849,0.4184750287001172,0.9314554415919596,SUCCESS,456
E5_DT5_PD20_SEED456,5,0.2,2.147859589041096,4.0,load_estimation,persistence,,raw,rmse,1.1485056304565435,0.6122637034975102,0.5362419269590335,0.8758349121396417,SUCCESS,456
E5_DT5_PD20_SEED456,5,0.2,2.147859589041096,4.0,load_estimation,persistence,,raw,mape,25.124834721538907,14.318382192492017,10.806452529046892,0.7547258051760458,SUCCESS,456
E5_DT5_PD20_SEED456,5,0.2,2.147859589041096,4.0,load_estimation,persistence,,raw,r2,0.756439508893764,0.930782228617953,-0.174342719724189,-0.1873077443507458,SUCCESS,456
E5_DT5_PD20_SEED456,5,0.2,2.147859589041096,4.0,load_estimation,xgboost,,raw,mae,0.5378995874338135,0.2750139962910154,0.2628855911427981,0.9558989531013424,SUCCESS,456
E5_DT5_PD20_SEED456,5,0.2,2.147859589041096,4.0,load_estimation,xgboost,,raw,rmse,0.7447289726552488,0.4118104239968307,0.3329185486584181,0.8084267159322324,SUCCESS,456
E5_DT5_PD20_SEED456,5,0.2,2.147859589041096,4.0,load_estimation,xgboost,,raw,mape,15.74761338514859,9.136281172616451,6.6113322125321385,0.7236349328157534,SUCCESS,456
E5_DT5_PD20_SEED456,5,0.2,2.147859589041096,4.0,load_estimation,xgboost,,raw,r2,0.8975912456985657,0.9686862373860586,-0.0710949916874928,-0.0733932092184342,SUCCESS,456
E5_DT5_PD20_SEED456,5,0.2,2.147859589041096,4.0,load_estimation,lstm,,raw,mae,0.5645646846661165,0.2758453186169287,0.2887193660491878,1.0466712558212292,SUCCESS,456
E5_DT5_PD20_SEED456,5,0.2,2.147859589041096,4.0,load_estimation,lstm,,raw,rmse,0.7372349784489904,0.4183041673895866,0.3189308110594038,0.7624375655869773,SUCCESS,456
E5_DT5_PD20_SEED456,5,0.2,2.147859589041096,4.0,load_estimation,lstm,,raw,mape,15.843942357613908,8.868861318649634,6.975081038964275,0.7864686106092248,SUCCESS,456
E5_DT5_PD20_SEED456,5,0.2,2.147859589041096,4.0,load_estimation,lstm,,raw,r2,0.8999152794294428,0.9677789047373696,-0.0678636253079266,-0.0701230673408231,SUCCESS,456
E5_DT5_PD20_SEED456,5,0.2,2.147859589041096,4.0,anomaly_detection,isolation_forest,isolation_forest,raw,precision,0.1164658634538152,0.1164658634538152,0.0,0.0,SUCCESS,456
E5_DT5_PD20_SEED456,5,0.2,2.147859589041096,4.0,anomaly_detection,isolation_forest,isolation_forest,raw,recall,0.1188524590163934,0.1188524590163934,0.0,0.0,SUCCESS,456
E5_DT5_PD20_SEED456,5,0.2,2.147859589041096,4.0,anomaly_detection,isolation_forest,isolation_forest,raw,f1,0.1176470588235294,0.1176470588235294,0.0,0.0,SUCCESS,456
E5_DT5_PD20_SEED456,5,0.2,2.147859589041096,4.0,anomaly_detection,isolation_forest,isolation_forest,raw,false_positive_rate,0.0438946528332003,0.0438946528332003,0.0,0.0,SUCCESS,456
E5_DT5_PD20_SEED456,5,0.2,2.147859589041096,4.0,anomaly_detection,isolation_forest,isolation_forest,raw,pr_auc,0.09385708598261,0.09385708598261,0.0,0.0,SUCCESS,456
E5_DT5_PD20_SEED456,5,0.2,2.147859589041096,4.0,anomaly_detection,isolation_forest,isolation_forest,raw,roc_auc,0.7138596875695052,0.7138596875695052,0.0,0.0,SUCCESS,456
E5_DT5_PD20_SEED456,5,0.2,2.147859589041096,4.0,anomaly_detection,isolation_forest,isolation_forest,raw,detection_latency,3.2459016393442623,3.2459016393442623,0.0,0.0,SUCCESS,456
E5_DT5_PD20_SEED456,5,0.2,2.147859589041096,4.0,anomaly_detection,isolation_forest,isolation_forest,raw,threshold,0.5031683371451802,0.5031683371451802,0.0,0.0,SUCCESS,456
E5_DT5_PD20_SEED456,5,0.2,2.147859589041096,4.0,anomaly_detection,isolation_forest,isolation_forest,residual,precision,0.0464231354642313,0.0464231354642313,0.0,0.0,SUCCESS,456
E5_DT5_PD20_SEED456,5,0.2,2.147859589041096,4.0,anomaly_detection,isolation_forest,isolation_forest,residual,recall,1.0,1.0,0.0,0.0,SUCCESS,456
E5_DT5_PD20_SEED456,5,0.2,2.147859589041096,4.0,anomaly_detection,isolation_forest,isolation_forest,residual,f1,0.0887272727272727,0.0887272727272727,0.0,0.0,SUCCESS,456
E5_DT5_PD20_SEED456,5,0.2,2.147859589041096,4.0,anomaly_detection,isolation_forest,isolation_forest,residual,false_positive_rate,1.0,1.0,0.0,0.0,SUCCESS,456
E5_DT5_PD20_SEED456,5,0.2,2.147859589041096,4.0,anomaly_detection,isolation_forest,isolation_forest,residual,pr_auc,0.066100845539365,0.0872394700315926,-0.0211386244922276,0.2423057417081116,SUCCESS,456
E5_DT5_PD20_SEED456,5,0.2,2.147859589041096,4.0,anomaly_detection,isolation_forest,isolation_forest,residual,roc_auc,0.6307047512200228,0.6846846257506575,-0.0539798745306346,0.0788390340610519,SUCCESS,456
E5_DT5_PD20_SEED456,5,0.2,2.147859589041096,4.0,anomaly_detection,isolation_forest,isolation_forest,residual,detection_latency,0.0,0.0,0.0,0.0,SUCCESS,456
E5_DT5_PD20_SEED456,5,0.2,2.147859589041096,4.0,anomaly_detection,isolation_forest,isolation_forest,residual,threshold,0.2937656541960819,0.2937656541960819,0.0,0.0,SUCCESS,456
E5_DT5_PD20_SEED456,5,0.2,2.147859589041096,4.0,anomaly_detection,lstm_autoencoder,lstm_autoencoder,raw,precision,0.4982578397212543,0.4982578397212543,0.0,0.0,SUCCESS,456
E5_DT5_PD20_SEED456,5,0.2,2.147859589041096,4.0,anomaly_detection,lstm_autoencoder,lstm_autoencoder,raw,recall,0.5860655737704918,0.5860655737704918,0.0,0.0,SUCCESS,456
E5_DT5_PD20_SEED456,5,0.2,2.147859589041096,4.0,anomaly_detection,lstm_autoencoder,lstm_autoencoder,raw,f1,0.5386064030131827,0.5386064030131827,0.0,0.0,SUCCESS,456
E5_DT5_PD20_SEED456,5,0.2,2.147859589041096,4.0,anomaly_detection,lstm_autoencoder,lstm_autoencoder,raw,false_positive_rate,0.028731045490822,0.028731045490822,0.0,0.0,SUCCESS,456
E5_DT5_PD20_SEED456,5,0.2,2.147859589041096,4.0,anomaly_detection,lstm_autoencoder,lstm_autoencoder,raw,pr_auc,0.561001698584242,0.561001698584242,0.0,0.0,SUCCESS,456
E5_DT5_PD20_SEED456,5,0.2,2.147859589041096,4.0,anomaly_detection,lstm_autoencoder,lstm_autoencoder,raw,roc_auc,0.9493396177043946,0.9493396177043946,0.0,0.0,SUCCESS,456
E5_DT5_PD20_SEED456,5,0.2,2.147859589041096,4.0,anomaly_detection,lstm_autoencoder,lstm_autoencoder,raw,detection_latency,1.3442622950819672,1.3442622950819672,0.0,0.0,SUCCESS,456
E5_DT5_PD20_SEED456,5,0.2,2.147859589041096,4.0,anomaly_detection,lstm_autoencoder,lstm_autoencoder,raw,threshold,0.0007370078528765,0.0007370078528765,0.0,0.0,SUCCESS,456
E5_DT5_PD20_SEED456,5,0.2,2.147859589041096,4.0,anomaly_detection,lstm_autoencoder,lstm_autoencoder,residual,precision,0.0464231354642313,0.0464231354642313,0.0,0.0,SUCCESS,456
E5_DT5_PD20_SEED456,5,0.2,2.147859589041096,4.0,anomaly_detection,lstm_autoencoder,lstm_autoencoder,residual,recall,1.0,1.0,0.0,0.0,SUCCESS,456
E5_DT5_PD20_SEED456,5,0.2,2.147859589041096,4.0,anomaly_detection,lstm_autoencoder,lstm_autoencoder,residual,f1,0.0887272727272727,0.0887272727272727,0.0,0.0,SUCCESS,456
E5_DT5_PD20_SEED456,5,0.2,2.147859589041096,4.0,anomaly_detection,lstm_autoencoder,lstm_autoencoder,residual,false_positive_rate,1.0,1.0,0.0,0.0,SUCCESS,456
E5_DT5_PD20_SEED456,5,0.2,2.147859589041096,4.0,anomaly_detection,lstm_autoencoder,lstm_autoencoder,residual,pr_auc,0.1272710671294635,0.1306032392197611,-0.0033321720902976,0.025513701729026,SUCCESS,456
E5_DT5_PD20_SEED456,5,0.2,2.147859589041096,4.0,anomaly_detection,lstm_autoencoder,lstm_autoencoder,residual,roc_auc,0.701885147776484,0.7428769314301413,-0.0409917836536573,0.0551797773215846,SUCCESS,456
E5_DT5_PD20_SEED456,5,0.2,2.147859589041096,4.0,anomaly_detection,lstm_autoencoder,lstm_autoencoder,residual,detection_latency,0.0,0.0,0.0,0.0,SUCCESS,456
E5_DT5_PD20_SEED456,5,0.2,2.147859589041096,4.0,anomaly_detection,lstm_autoencoder,lstm_autoencoder,residual,threshold,0.0003816792741417,0.0003816792741417,0.0,0.0,SUCCESS,456
E5_DT15_PD00_SEED456,15,0.0,7.0,14.0,load_estimation,persistence,,raw,mae,1.8306658775340117,0.4492700455803849,1.3813958319536266,3.0747561417523053,SUCCESS,456
E5_DT15_PD00_SEED456,15,0.0,7.0,14.0,load_estimation,persistence,,raw,rmse,2.428396645705282,0.6122637034975102,1.816132942207772,2.9662593615026487,SUCCESS,456
E5_DT15_PD00_SEED456,15,0.0,7.0,14.0,load_estimation,persistence,,raw,mape,57.15761775452841,14.318382192492017,42.83923556203639,2.991904740781369,SUCCESS,456
E5_DT15_PD00_SEED456,15,0.0,7.0,14.0,load_estimation,persistence,,raw,r2,-0.0888795273333731,0.930782228617953,-1.019661755951326,-1.0954890677976776,SUCCESS,456
E5_DT15_PD00_SEED456,15,0.0,7.0,14.0,load_estimation,xgboost,,raw,mae,1.410859447794781,0.2750139962910154,1.1358454515037653,4.13013689056695,SUCCESS,456
E5_DT15_PD00_SEED456,15,0.0,7.0,14.0,load_estimation,xgboost,,raw,rmse,1.8808787544819987,0.4118104239968307,1.469068330485168,3.5673412931783237,SUCCESS,456
E5_DT15_PD00_SEED456,15,0.0,7.0,14.0,load_estimation,xgboost,,raw,mape,43.73870542108743,9.136281172616451,34.60242424847098,3.7873642015508953,SUCCESS,456
E5_DT15_PD00_SEED456,15,0.0,7.0,14.0,load_estimation,xgboost,,raw,r2,0.3467759204402787,0.9686862373860586,-0.6219103169457799,-0.6420141971088259,SUCCESS,456
E5_DT15_PD00_SEED456,15,0.0,7.0,14.0,load_estimation,lstm,,raw,mae,1.5292086316503624,0.2758453186169287,1.2533633130334336,4.543717904359297,SUCCESS,456
E5_DT15_PD00_SEED456,15,0.0,7.0,14.0,load_estimation,lstm,,raw,rmse,1.9655553383657305,0.4183041673895866,1.5472511709761436,3.6988662595252486,SUCCESS,456
E5_DT15_PD00_SEED456,15,0.0,7.0,14.0,load_estimation,lstm,,raw,mape,45.34391205222991,8.868861318649634,36.47505073358028,4.112709560231791,SUCCESS,456
E5_DT15_PD00_SEED456,15,0.0,7.0,14.0,load_estimation,lstm,,raw,r2,0.2885793496150421,0.9677789047373696,-0.6791995551223273,-0.7018127299505922,SUCCESS,456
E5_DT15_PD00_SEED456,15,0.0,7.0,14.0,anomaly_detection,isolation_forest,isolation_forest,raw,precision,0.1164658634538152,0.1164658634538152,0.0,0.0,SUCCESS,456
E5_DT15_PD00_SEED456,15,0.0,7.0,14.0,anomaly_detection,isolation_forest,isolation_forest,raw,recall,0.1188524590163934,0.1188524590163934,0.0,0.0,SUCCESS,456
E5_DT15_PD00_SEED456,15,0.0,7.0,14.0,anomaly_detection,isolation_forest,isolation_forest,raw,f1,0.1176470588235294,0.1176470588235294,0.0,0.0,SUCCESS,456
E5_DT15_PD00_SEED456,15,0.0,7.0,14.0,anomaly_detection,isolation_forest,isolation_forest,raw,false_positive_rate,0.0438946528332003,0.0438946528332003,0.0,0.0,SUCCESS,456
E5_DT15_PD00_SEED456,15,0.0,7.0,14.0,anomaly_detection,isolation_forest,isolation_forest,raw,pr_auc,0.09385708598261,0.09385708598261,0.0,0.0,SUCCESS,456
E5_DT15_PD00_SEED456,15,0.0,7.0,14.0,anomaly_detection,isolation_forest,isolation_forest,raw,roc_auc,0.7138596875695052,0.7138596875695052,0.0,0.0,SUCCESS,456
E5_DT15_PD00_SEED456,15,0.0,7.0,14.0,anomaly_detection,isolation_forest,isolation_forest,raw,detection_latency,3.2459016393442623,3.2459016393442623,0.0,0.0,SUCCESS,456
E5_DT15_PD00_SEED456,15,0.0,7.0,14.0,anomaly_detection,isolation_forest,isolation_forest,raw,threshold,0.5031683371451802,0.5031683371451802,0.0,0.0,SUCCESS,456
E5_DT15_PD00_SEED456,15,0.0,7.0,14.0,anomaly_detection,isolation_forest,isolation_forest,residual,precision,0.0464231354642313,0.0464231354642313,0.0,0.0,SUCCESS,456
E5_DT15_PD00_SEED456,15,0.0,7.0,14.0,anomaly_detection,isolation_forest,isolation_forest,residual,recall,1.0,1.0,0.0,0.0,SUCCESS,456
E5_DT15_PD00_SEED456,15,0.0,7.0,14.0,anomaly_detection,isolation_forest,isolation_forest,residual,f1,0.0887272727272727,0.0887272727272727,0.0,0.0,SUCCESS,456
E5_DT15_PD00_SEED456,15,0.0,7.0,14.0,anomaly_detection,isolation_forest,isolation_forest,residual,false_positive_rate,1.0,1.0,0.0,0.0,SUCCESS,456
E5_DT15_PD00_SEED456,15,0.0,7.0,14.0,anomaly_detection,isolation_forest,isolation_forest,residual,pr_auc,0.046212749981703,0.0872394700315926,-0.0410267200498896,0.4702770435793834,SUCCESS,456
E5_DT15_PD00_SEED456,15,0.0,7.0,14.0,anomaly_detection,isolation_forest,isolation_forest,residual,roc_auc,0.5302438083026965,0.6846846257506575,-0.154440817447961,0.2255648975302155,SUCCESS,456
E5_DT15_PD00_SEED456,15,0.0,7.0,14.0,anomaly_detection,isolation_forest,isolation_forest,residual,detection_latency,0.0,0.0,0.0,0.0,SUCCESS,456
E5_DT15_PD00_SEED456,15,0.0,7.0,14.0,anomaly_detection,isolation_forest,isolation_forest,residual,threshold,0.2937656541960819,0.2937656541960819,0.0,0.0,SUCCESS,456
E5_DT15_PD00_SEED456,15,0.0,7.0,14.0,anomaly_detection,lstm_autoencoder,lstm_autoencoder,raw,precision,0.4982578397212543,0.4982578397212543,0.0,0.0,SUCCESS,456
E5_DT15_PD00_SEED456,15,0.0,7.0,14.0,anomaly_detection,lstm_autoencoder,lstm_autoencoder,raw,recall,0.5860655737704918,0.5860655737704918,0.0,0.0,SUCCESS,456
E5_DT15_PD00_SEED456,15,0.0,7.0,14.0,anomaly_detection,lstm_autoencoder,lstm_autoencoder,raw,f1,0.5386064030131827,0.5386064030131827,0.0,0.0,SUCCESS,456
E5_DT15_PD00_SEED456,15,0.0,7.0,14.0,anomaly_detection,lstm_autoencoder,lstm_autoencoder,raw,false_positive_rate,0.028731045490822,0.028731045490822,0.0,0.0,SUCCESS,456
E5_DT15_PD00_SEED456,15,0.0,7.0,14.0,anomaly_detection,lstm_autoencoder,lstm_autoencoder,raw,pr_auc,0.561001698584242,0.561001698584242,0.0,0.0,SUCCESS,456
E5_DT15_PD00_SEED456,15,0.0,7.0,14.0,anomaly_detection,lstm_autoencoder,lstm_autoencoder,raw,roc_auc,0.9493396177043946,0.9493396177043946,0.0,0.0,SUCCESS,456
E5_DT15_PD00_SEED456,15,0.0,7.0,14.0,anomaly_detection,lstm_autoencoder,lstm_autoencoder,raw,detection_latency,1.3442622950819672,1.3442622950819672,0.0,0.0,SUCCESS,456
E5_DT15_PD00_SEED456,15,0.0,7.0,14.0,anomaly_detection,lstm_autoencoder,lstm_autoencoder,raw,threshold,0.0007370078528765,0.0007370078528765,0.0,0.0,SUCCESS,456
E5_DT15_PD00_SEED456,15,0.0,7.0,14.0,anomaly_detection,lstm_autoencoder,lstm_autoencoder,residual,precision,0.0464231354642313,0.0464231354642313,0.0,0.0,SUCCESS,456
E5_DT15_PD00_SEED456,15,0.0,7.0,14.0,anomaly_detection,lstm_autoencoder,lstm_autoencoder,residual,recall,1.0,1.0,0.0,0.0,SUCCESS,456
E5_DT15_PD00_SEED456,15,0.0,7.0,14.0,anomaly_detection,lstm_autoencoder,lstm_autoencoder,residual,f1,0.0887272727272727,0.0887272727272727,0.0,0.0,SUCCESS,456
E5_DT15_PD00_SEED456,15,0.0,7.0,14.0,anomaly_detection,lstm_autoencoder,lstm_autoencoder,residual,false_positive_rate,1.0,1.0,0.0,0.0,SUCCESS,456
E5_DT15_PD00_SEED456,15,0.0,7.0,14.0,anomaly_detection,lstm_autoencoder,lstm_autoencoder,residual,pr_auc,0.0970942320906269,0.1306032392197611,-0.0335090071291342,0.2565710263338097,SUCCESS,456
E5_DT15_PD00_SEED456,15,0.0,7.0,14.0,anomaly_detection,lstm_autoencoder,lstm_autoencoder,residual,roc_auc,0.5949099211073751,0.7428769314301413,-0.1479670103227662,0.1991810541726059,SUCCESS,456
E5_DT15_PD00_SEED456,15,0.0,7.0,14.0,anomaly_detection,lstm_autoencoder,lstm_autoencoder,residual,detection_latency,0.0,0.0,0.0,0.0,SUCCESS,456
E5_DT15_PD00_SEED456,15,0.0,7.0,14.0,anomaly_detection,lstm_autoencoder,lstm_autoencoder,residual,threshold,0.0003816792741417,0.0003816792741417,0.0,0.0,SUCCESS,456
E5_DT15_PD05_SEED456,15,0.05,7.024172374429224,14.0,load_estimation,persistence,,raw,mae,1.8156787291101124,0.4492700455803849,1.3664086835297276,3.0413972553290227,SUCCESS,456
E5_DT15_PD05_SEED456,15,0.05,7.024172374429224,14.0,load_estimation,persistence,,raw,rmse,2.409638181031058,0.6122637034975102,1.7973744775335476,2.93562147693254,SUCCESS,456
E5_DT15_PD05_SEED456,15,0.05,7.024172374429224,14.0,load_estimation,persistence,,raw,mape,56.63573018062418,14.318382192492017,42.31734798813216,2.9554559599842,SUCCESS,456
E5_DT15_PD05_SEED456,15,0.05,7.024172374429224,14.0,load_estimation,persistence,,raw,r2,-0.0721221185560201,0.930782228617953,-1.0029043471739731,-1.0774854915989411,SUCCESS,456
E5_DT15_PD05_SEED456,15,0.05,7.024172374429224,14.0,load_estimation,xgboost,,raw,mae,1.3985600028997869,0.2750139962910154,1.1235460066087717,4.085413912606299,SUCCESS,456
E5_DT15_PD05_SEED456,15,0.05,7.024172374429224,14.0,load_estimation,xgboost,,raw,rmse,1.857490404797839,0.4118104239968307,1.445679980801008,3.5105473211919804,SUCCESS,456
E5_DT15_PD05_SEED456,15,0.05,7.024172374429224,14.0,load_estimation,xgboost,,raw,mape,42.93697179012182,9.136281172616451,33.80069061750537,3.699611469797346,SUCCESS,456
E5_DT15_PD05_SEED456,15,0.05,7.024172374429224,14.0,load_estimation,xgboost,,raw,r2,0.3629203367291738,0.9686862373860586,-0.6057659006568848,-0.6253478962305767,SUCCESS,456
E5_DT15_PD05_SEED456,15,0.05,7.024172374429224,14.0,load_estimation,lstm,,raw,mae,1.5250313654470782,0.2758453186169287,1.2491860468301494,4.528574394858288,SUCCESS,456
E5_DT15_PD05_SEED456,15,0.05,7.024172374429224,14.0,load_estimation,lstm,,raw,rmse,1.9568398589695932,0.4183041673895866,1.5385356915800068,3.6780309916135625,SUCCESS,456
E5_DT15_PD05_SEED456,15,0.05,7.024172374429224,14.0,load_estimation,lstm,,raw,mape,45.06113068159424,8.868861318649634,36.1922693629446,4.0808248164664285,SUCCESS,456
E5_DT15_PD05_SEED456,15,0.05,7.024172374429224,14.0,load_estimation,lstm,,raw,r2,0.2948743903583448,0.9677789047373696,-0.6729045143790247,-0.6953081030027554,SUCCESS,456
E5_DT15_PD05_SEED456,15,0.05,7.024172374429224,14.0,anomaly_detection,isolation_forest,isolation_forest,raw,precision,0.1164658634538152,0.1164658634538152,0.0,0.0,SUCCESS,456
E5_DT15_PD05_SEED456,15,0.05,7.024172374429224,14.0,anomaly_detection,isolation_forest,isolation_forest,raw,recall,0.1188524590163934,0.1188524590163934,0.0,0.0,SUCCESS,456
E5_DT15_PD05_SEED456,15,0.05,7.024172374429224,14.0,anomaly_detection,isolation_forest,isolation_forest,raw,f1,0.1176470588235294,0.1176470588235294,0.0,0.0,SUCCESS,456
E5_DT15_PD05_SEED456,15,0.05,7.024172374429224,14.0,anomaly_detection,isolation_forest,isolation_forest,raw,false_positive_rate,0.0438946528332003,0.0438946528332003,0.0,0.0,SUCCESS,456
E5_DT15_PD05_SEED456,15,0.05,7.024172374429224,14.0,anomaly_detection,isolation_forest,isolation_forest,raw,pr_auc,0.09385708598261,0.09385708598261,0.0,0.0,SUCCESS,456
E5_DT15_PD05_SEED456,15,0.05,7.024172374429224,14.0,anomaly_detection,isolation_forest,isolation_forest,raw,roc_auc,0.7138596875695052,0.7138596875695052,0.0,0.0,SUCCESS,456
E5_DT15_PD05_SEED456,15,0.05,7.024172374429224,14.0,anomaly_detection,isolation_forest,isolation_forest,raw,detection_latency,3.2459016393442623,3.2459016393442623,0.0,0.0,SUCCESS,456
E5_DT15_PD05_SEED456,15,0.05,7.024172374429224,14.0,anomaly_detection,isolation_forest,isolation_forest,raw,threshold,0.5031683371451802,0.5031683371451802,0.0,0.0,SUCCESS,456
E5_DT15_PD05_SEED456,15,0.05,7.024172374429224,14.0,anomaly_detection,isolation_forest,isolation_forest,residual,precision,0.0464231354642313,0.0464231354642313,0.0,0.0,SUCCESS,456
E5_DT15_PD05_SEED456,15,0.05,7.024172374429224,14.0,anomaly_detection,isolation_forest,isolation_forest,residual,recall,1.0,1.0,0.0,0.0,SUCCESS,456
E5_DT15_PD05_SEED456,15,0.05,7.024172374429224,14.0,anomaly_detection,isolation_forest,isolation_forest,residual,f1,0.0887272727272727,0.0887272727272727,0.0,0.0,SUCCESS,456
E5_DT15_PD05_SEED456,15,0.05,7.024172374429224,14.0,anomaly_detection,isolation_forest,isolation_forest,residual,false_positive_rate,1.0,1.0,0.0,0.0,SUCCESS,456
E5_DT15_PD05_SEED456,15,0.05,7.024172374429224,14.0,anomaly_detection,isolation_forest,isolation_forest,residual,pr_auc,0.0536658064807327,0.0872394700315926,-0.0335736635508599,0.3848448820092746,SUCCESS,456
E5_DT15_PD05_SEED456,15,0.05,7.024172374429224,14.0,anomaly_detection,isolation_forest,isolation_forest,residual,roc_auc,0.5878252848900344,0.6846846257506575,-0.096859340860623,0.1414656284335738,SUCCESS,456
E5_DT15_PD05_SEED456,15,0.05,7.024172374429224,14.0,anomaly_detection,isolation_forest,isolation_forest,residual,detection_latency,0.0,0.0,0.0,0.0,SUCCESS,456
E5_DT15_PD05_SEED456,15,0.05,7.024172374429224,14.0,anomaly_detection,isolation_forest,isolation_forest,residual,threshold,0.2937656541960819,0.2937656541960819,0.0,0.0,SUCCESS,456
E5_DT15_PD05_SEED456,15,0.05,7.024172374429224,14.0,anomaly_detection,lstm_autoencoder,lstm_autoencoder,raw,precision,0.4982578397212543,0.4982578397212543,0.0,0.0,SUCCESS,456
E5_DT15_PD05_SEED456,15,0.05,7.024172374429224,14.0,anomaly_detection,lstm_autoencoder,lstm_autoencoder,raw,recall,0.5860655737704918,0.5860655737704918,0.0,0.0,SUCCESS,456
E5_DT15_PD05_SEED456,15,0.05,7.024172374429224,14.0,anomaly_detection,lstm_autoencoder,lstm_autoencoder,raw,f1,0.5386064030131827,0.5386064030131827,0.0,0.0,SUCCESS,456
E5_DT15_PD05_SEED456,15,0.05,7.024172374429224,14.0,anomaly_detection,lstm_autoencoder,lstm_autoencoder,raw,false_positive_rate,0.028731045490822,0.028731045490822,0.0,0.0,SUCCESS,456
E5_DT15_PD05_SEED456,15,0.05,7.024172374429224,14.0,anomaly_detection,lstm_autoencoder,lstm_autoencoder,raw,pr_auc,0.561001698584242,0.561001698584242,0.0,0.0,SUCCESS,456
E5_DT15_PD05_SEED456,15,0.05,7.024172374429224,14.0,anomaly_detection,lstm_autoencoder,lstm_autoencoder,raw,roc_auc,0.9493396177043946,0.9493396177043946,0.0,0.0,SUCCESS,456
E5_DT15_PD05_SEED456,15,0.05,7.024172374429224,14.0,anomaly_detection,lstm_autoencoder,lstm_autoencoder,raw,detection_latency,1.3442622950819672,1.3442622950819672,0.0,0.0,SUCCESS,456
E5_DT15_PD05_SEED456,15,0.05,7.024172374429224,14.0,anomaly_detection,lstm_autoencoder,lstm_autoencoder,raw,threshold,0.0007370078528765,0.0007370078528765,0.0,0.0,SUCCESS,456
E5_DT15_PD05_SEED456,15,0.05,7.024172374429224,14.0,anomaly_detection,lstm_autoencoder,lstm_autoencoder,residual,precision,0.0464231354642313,0.0464231354642313,0.0,0.0,SUCCESS,456
E5_DT15_PD05_SEED456,15,0.05,7.024172374429224,14.0,anomaly_detection,lstm_autoencoder,lstm_autoencoder,residual,recall,1.0,1.0,0.0,0.0,SUCCESS,456
E5_DT15_PD05_SEED456,15,0.05,7.024172374429224,14.0,anomaly_detection,lstm_autoencoder,lstm_autoencoder,residual,f1,0.0887272727272727,0.0887272727272727,0.0,0.0,SUCCESS,456
E5_DT15_PD05_SEED456,15,0.05,7.024172374429224,14.0,anomaly_detection,lstm_autoencoder,lstm_autoencoder,residual,false_positive_rate,1.0,1.0,0.0,0.0,SUCCESS,456
E5_DT15_PD05_SEED456,15,0.05,7.024172374429224,14.0,anomaly_detection,lstm_autoencoder,lstm_autoencoder,residual,pr_auc,0.1232365808650596,0.1306032392197611,-0.0073666583547014,0.0564048671281871,SUCCESS,456
E5_DT15_PD05_SEED456,15,0.05,7.024172374429224,14.0,anomaly_detection,lstm_autoencoder,lstm_autoencoder,residual,roc_auc,0.6510031661716797,0.7428769314301413,-0.0918737652584615,0.1236729280065162,SUCCESS,456
E5_DT15_PD05_SEED456,15,0.05,7.024172374429224,14.0,anomaly_detection,lstm_autoencoder,lstm_autoencoder,residual,detection_latency,0.0,0.0,0.0,0.0,SUCCESS,456
E5_DT15_PD05_SEED456,15,0.05,7.024172374429224,14.0,anomaly_detection,lstm_autoencoder,lstm_autoencoder,residual,threshold,0.0003816792741417,0.0003816792741417,0.0,0.0,SUCCESS,456
E5_DT15_PD10_SEED456,15,0.1,7.051398401826484,14.0,load_estimation,persistence,,raw,mae,1.825567348680177,0.4492700455803849,1.376297303099792,3.0634076690375305,SUCCESS,456
E5_DT15_PD10_SEED456,15,0.1,7.051398401826484,14.0,load_estimation,persistence,,raw,rmse,2.44415330032416,0.6122637034975102,1.83188959682665,2.991994440242201,SUCCESS,456
E5_DT15_PD10_SEED456,15,0.1,7.051398401826484,14.0,load_estimation,persistence,,raw,mape,56.351620285961005,14.318382192492017,42.03323809346899,2.935613641847717,SUCCESS,456
E5_DT15_PD10_SEED456,15,0.1,7.051398401826484,14.0,load_estimation,persistence,,raw,r2,-0.1030557621687999,0.930782228617953,-1.033837990786753,-1.110719520635691,SUCCESS,456
E5_DT15_PD10_SEED456,15,0.1,7.051398401826484,14.0,load_estimation,xgboost,,raw,mae,1.4349861437372602,0.2750139962910154,1.1599721474462448,4.217865865338653,SUCCESS,456
E5_DT15_PD10_SEED456,15,0.1,7.051398401826484,14.0,load_estimation,xgboost,,raw,rmse,1.9077741318253507,0.4118104239968307,1.49596370782852,3.632651386794504,SUCCESS,456
E5_DT15_PD10_SEED456,15,0.1,7.051398401826484,14.0,load_estimation,xgboost,,raw,mape,43.876863998357926,9.136281172616451,34.74058282574148,3.802486172368145,SUCCESS,456
E5_DT15_PD10_SEED456,15,0.1,7.051398401826484,14.0,load_estimation,xgboost,,raw,r2,0.3279609715468207,0.9686862373860586,-0.640725265839238,-0.6614373582597771,SUCCESS,456
E5_DT15_PD10_SEED456,15,0.1,7.051398401826484,14.0,load_estimation,lstm,,raw,mae,1.5256171976656616,0.2758453186169287,1.2497718790487329,4.530698165606042,SUCCESS,456
E5_DT15_PD10_SEED456,15,0.1,7.051398401826484,14.0,load_estimation,lstm,,raw,rmse,1.947206520718201,0.4183041673895866,1.5289023533286143,3.655001485807993,SUCCESS,456
E5_DT15_PD10_SEED456,15,0.1,7.051398401826484,14.0,load_estimation,lstm,,raw,mape,45.39770454947481,8.868861318649634,36.52884323082517,4.118774881958244,SUCCESS,456
E5_DT15_PD10_SEED456,15,0.1,7.051398401826484,14.0,load_estimation,lstm,,raw,r2,0.3017998355163079,0.9677789047373696,-0.6659790692210615,-0.6881520830439999,SUCCESS,456
E5_DT15_PD10_SEED456,15,0.1,7.051398401826484,14.0,anomaly_detection,isolation_forest,isolation_forest,raw,precision,0.1164658634538152,0.1164658634538152,0.0,0.0,SUCCESS,456
E5_DT15_PD10_SEED456,15,0.1,7.051398401826484,14.0,anomaly_detection,isolation_forest,isolation_forest,raw,recall,0.1188524590163934,0.1188524590163934,0.0,0.0,SUCCESS,456
E5_DT15_PD10_SEED456,15,0.1,7.051398401826484,14.0,anomaly_detection,isolation_forest,isolation_forest,raw,f1,0.1176470588235294,0.1176470588235294,0.0,0.0,SUCCESS,456
E5_DT15_PD10_SEED456,15,0.1,7.051398401826484,14.0,anomaly_detection,isolation_forest,isolation_forest,raw,false_positive_rate,0.0438946528332003,0.0438946528332003,0.0,0.0,SUCCESS,456
E5_DT15_PD10_SEED456,15,0.1,7.051398401826484,14.0,anomaly_detection,isolation_forest,isolation_forest,raw,pr_auc,0.09385708598261,0.09385708598261,0.0,0.0,SUCCESS,456
E5_DT15_PD10_SEED456,15,0.1,7.051398401826484,14.0,anomaly_detection,isolation_forest,isolation_forest,raw,roc_auc,0.7138596875695052,0.7138596875695052,0.0,0.0,SUCCESS,456
E5_DT15_PD10_SEED456,15,0.1,7.051398401826484,14.0,anomaly_detection,isolation_forest,isolation_forest,raw,detection_latency,3.2459016393442623,3.2459016393442623,0.0,0.0,SUCCESS,456
E5_DT15_PD10_SEED456,15,0.1,7.051398401826484,14.0,anomaly_detection,isolation_forest,isolation_forest,raw,threshold,0.5031683371451802,0.5031683371451802,0.0,0.0,SUCCESS,456
E5_DT15_PD10_SEED456,15,0.1,7.051398401826484,14.0,anomaly_detection,isolation_forest,isolation_forest,residual,precision,0.0464231354642313,0.0464231354642313,0.0,0.0,SUCCESS,456
E5_DT15_PD10_SEED456,15,0.1,7.051398401826484,14.0,anomaly_detection,isolation_forest,isolation_forest,residual,recall,1.0,1.0,0.0,0.0,SUCCESS,456
E5_DT15_PD10_SEED456,15,0.1,7.051398401826484,14.0,anomaly_detection,isolation_forest,isolation_forest,residual,f1,0.0887272727272727,0.0887272727272727,0.0,0.0,SUCCESS,456
E5_DT15_PD10_SEED456,15,0.1,7.051398401826484,14.0,anomaly_detection,isolation_forest,isolation_forest,residual,false_positive_rate,1.0,1.0,0.0,0.0,SUCCESS,456
E5_DT15_PD10_SEED456,15,0.1,7.051398401826484,14.0,anomaly_detection,isolation_forest,isolation_forest,residual,pr_auc,0.055536366984845,0.0872394700315926,-0.0317031030467475,0.3634032053985051,SUCCESS,456
E5_DT15_PD10_SEED456,15,0.1,7.051398401826484,14.0,anomaly_detection,isolation_forest,isolation_forest,residual,roc_auc,0.6076408423063338,0.6846846257506575,-0.0770437834443237,0.112524482873931,SUCCESS,456
E5_DT15_PD10_SEED456,15,0.1,7.051398401826484,14.0,anomaly_detection,isolation_forest,isolation_forest,residual,detection_latency,0.0,0.0,0.0,0.0,SUCCESS,456
E5_DT15_PD10_SEED456,15,0.1,7.051398401826484,14.0,anomaly_detection,isolation_forest,isolation_forest,residual,threshold,0.2937656541960819,0.2937656541960819,0.0,0.0,SUCCESS,456
E5_DT15_PD10_SEED456,15,0.1,7.051398401826484,14.0,anomaly_detection,lstm_autoencoder,lstm_autoencoder,raw,precision,0.4982578397212543,0.4982578397212543,0.0,0.0,SUCCESS,456
E5_DT15_PD10_SEED456,15,0.1,7.051398401826484,14.0,anomaly_detection,lstm_autoencoder,lstm_autoencoder,raw,recall,0.5860655737704918,0.5860655737704918,0.0,0.0,SUCCESS,456
E5_DT15_PD10_SEED456,15,0.1,7.051398401826484,14.0,anomaly_detection,lstm_autoencoder,lstm_autoencoder,raw,f1,0.5386064030131827,0.5386064030131827,0.0,0.0,SUCCESS,456
E5_DT15_PD10_SEED456,15,0.1,7.051398401826484,14.0,anomaly_detection,lstm_autoencoder,lstm_autoencoder,raw,false_positive_rate,0.028731045490822,0.028731045490822,0.0,0.0,SUCCESS,456
E5_DT15_PD10_SEED456,15,0.1,7.051398401826484,14.0,anomaly_detection,lstm_autoencoder,lstm_autoencoder,raw,pr_auc,0.561001698584242,0.561001698584242,0.0,0.0,SUCCESS,456
E5_DT15_PD10_SEED456,15,0.1,7.051398401826484,14.0,anomaly_detection,lstm_autoencoder,lstm_autoencoder,raw,roc_auc,0.9493396177043946,0.9493396177043946,0.0,0.0,SUCCESS,456
E5_DT15_PD10_SEED456,15,0.1,7.051398401826484,14.0,anomaly_detection,lstm_autoencoder,lstm_autoencoder,raw,detection_latency,1.3442622950819672,1.3442622950819672,0.0,0.0,SUCCESS,456
E5_DT15_PD10_SEED456,15,0.1,7.051398401826484,14.0,anomaly_detection,lstm_autoencoder,lstm_autoencoder,raw,threshold,0.0007370078528765,0.0007370078528765,0.0,0.0,SUCCESS,456
E5_DT15_PD10_SEED456,15,0.1,7.051398401826484,14.0,anomaly_detection,lstm_autoencoder,lstm_autoencoder,residual,precision,0.0464231354642313,0.0464231354642313,0.0,0.0,SUCCESS,456
E5_DT15_PD10_SEED456,15,0.1,7.051398401826484,14.0,anomaly_detection,lstm_autoencoder,lstm_autoencoder,residual,recall,1.0,1.0,0.0,0.0,SUCCESS,456
E5_DT15_PD10_SEED456,15,0.1,7.051398401826484,14.0,anomaly_detection,lstm_autoencoder,lstm_autoencoder,residual,f1,0.0887272727272727,0.0887272727272727,0.0,0.0,SUCCESS,456
E5_DT15_PD10_SEED456,15,0.1,7.051398401826484,14.0,anomaly_detection,lstm_autoencoder,lstm_autoencoder,residual,false_positive_rate,1.0,1.0,0.0,0.0,SUCCESS,456
E5_DT15_PD10_SEED456,15,0.1,7.051398401826484,14.0,anomaly_detection,lstm_autoencoder,lstm_autoencoder,residual,pr_auc,0.0982968491699847,0.1306032392197611,-0.0323063900497764,0.2473628544190674,SUCCESS,456
E5_DT15_PD10_SEED456,15,0.1,7.051398401826484,14.0,anomaly_detection,lstm_autoencoder,lstm_autoencoder,residual,roc_auc,0.6390711472793165,0.7428769314301413,-0.1038057841508248,0.139734833266372,SUCCESS,456
E5_DT15_PD10_SEED456,15,0.1,7.051398401826484,14.0,anomaly_detection,lstm_autoencoder,lstm_autoencoder,residual,detection_latency,0.0,0.0,0.0,0.0,SUCCESS,456
E5_DT15_PD10_SEED456,15,0.1,7.051398401826484,14.0,anomaly_detection,lstm_autoencoder,lstm_autoencoder,residual,threshold,0.0003816792741417,0.0003816792741417,0.0,0.0,SUCCESS,456
E5_DT15_PD20_SEED456,15,0.2,7.123944063926941,14.0,load_estimation,persistence,,raw,mae,1.8568141718750857,0.4492700455803849,1.4075441262947008,3.132957872756416,SUCCESS,456
E5_DT15_PD20_SEED456,15,0.2,7.123944063926941,14.0,load_estimation,persistence,,raw,rmse,2.4625335731155777,0.6122637034975102,1.8502698696180675,3.0220146303766504,SUCCESS,456
E5_DT15_PD20_SEED456,15,0.2,7.123944063926941,14.0,load_estimation,persistence,,raw,mape,57.73094009049723,14.318382192492017,43.41255789800521,3.0319457404041787,SUCCESS,456
E5_DT15_PD20_SEED456,15,0.2,7.123944063926941,14.0,load_estimation,persistence,,raw,r2,-0.1197083173066986,0.930782228617953,-1.0504905459246516,-1.1286104457370705,SUCCESS,456
E5_DT15_PD20_SEED456,15,0.2,7.123944063926941,14.0,load_estimation,xgboost,,raw,mae,1.4489918355709523,0.2750139962910154,1.173977839279937,4.268793061854395,SUCCESS,456
E5_DT15_PD20_SEED456,15,0.2,7.123944063926941,14.0,load_estimation,xgboost,,raw,rmse,1.91198781717428,0.4118104239968307,1.5001773931774494,3.6428834865748674,SUCCESS,456
E5_DT15_PD20_SEED456,15,0.2,7.123944063926941,14.0,load_estimation,xgboost,,raw,mape,44.6506245254572,9.136281172616451,35.514343352840754,3.8871771437251135,SUCCESS,456
E5_DT15_PD20_SEED456,15,0.2,7.123944063926941,14.0,load_estimation,xgboost,,raw,r2,0.3249890387538675,0.9686862373860586,-0.6436971986321911,-0.6645053617868766,SUCCESS,456
E5_DT15_PD20_SEED456,15,0.2,7.123944063926941,14.0,load_estimation,lstm,,raw,mae,1.5801317941702826,0.2758453186169287,1.304286475553354,4.72832557787446,SUCCESS,456
E5_DT15_PD20_SEED456,15,0.2,7.123944063926941,14.0,load_estimation,lstm,,raw,rmse,2.014232787818192,0.4183041673895866,1.5959286204286052,3.815234809607433,SUCCESS,456
E5_DT15_PD20_SEED456,15,0.2,7.123944063926941,14.0,load_estimation,lstm,,raw,mape,47.21704087816145,8.868861318649634,38.34817955951181,4.323912414649266,SUCCESS,456
E5_DT15_PD20_SEED456,15,0.2,7.123944063926941,14.0,load_estimation,lstm,,raw,r2,0.2529060170353263,0.9677789047373696,-0.7148728877020432,-0.7386737654671667,SUCCESS,456
E5_DT15_PD20_SEED456,15,0.2,7.123944063926941,14.0,anomaly_detection,isolation_forest,isolation_forest,raw,precision,0.1164658634538152,0.1164658634538152,0.0,0.0,SUCCESS,456
E5_DT15_PD20_SEED456,15,0.2,7.123944063926941,14.0,anomaly_detection,isolation_forest,isolation_forest,raw,recall,0.1188524590163934,0.1188524590163934,0.0,0.0,SUCCESS,456
E5_DT15_PD20_SEED456,15,0.2,7.123944063926941,14.0,anomaly_detection,isolation_forest,isolation_forest,raw,f1,0.1176470588235294,0.1176470588235294,0.0,0.0,SUCCESS,456
E5_DT15_PD20_SEED456,15,0.2,7.123944063926941,14.0,anomaly_detection,isolation_forest,isolation_forest,raw,false_positive_rate,0.0438946528332003,0.0438946528332003,0.0,0.0,SUCCESS,456
E5_DT15_PD20_SEED456,15,0.2,7.123944063926941,14.0,anomaly_detection,isolation_forest,isolation_forest,raw,pr_auc,0.09385708598261,0.09385708598261,0.0,0.0,SUCCESS,456
E5_DT15_PD20_SEED456,15,0.2,7.123944063926941,14.0,anomaly_detection,isolation_forest,isolation_forest,raw,roc_auc,0.7138596875695052,0.7138596875695052,0.0,0.0,SUCCESS,456
E5_DT15_PD20_SEED456,15,0.2,7.123944063926941,14.0,anomaly_detection,isolation_forest,isolation_forest,raw,detection_latency,3.2459016393442623,3.2459016393442623,0.0,0.0,SUCCESS,456
E5_DT15_PD20_SEED456,15,0.2,7.123944063926941,14.0,anomaly_detection,isolation_forest,isolation_forest,raw,threshold,0.5031683371451802,0.5031683371451802,0.0,0.0,SUCCESS,456
E5_DT15_PD20_SEED456,15,0.2,7.123944063926941,14.0,anomaly_detection,isolation_forest,isolation_forest,residual,precision,0.0464231354642313,0.0464231354642313,0.0,0.0,SUCCESS,456
E5_DT15_PD20_SEED456,15,0.2,7.123944063926941,14.0,anomaly_detection,isolation_forest,isolation_forest,residual,recall,1.0,1.0,0.0,0.0,SUCCESS,456
E5_DT15_PD20_SEED456,15,0.2,7.123944063926941,14.0,anomaly_detection,isolation_forest,isolation_forest,residual,f1,0.0887272727272727,0.0887272727272727,0.0,0.0,SUCCESS,456
E5_DT15_PD20_SEED456,15,0.2,7.123944063926941,14.0,anomaly_detection,isolation_forest,isolation_forest,residual,false_positive_rate,1.0,1.0,0.0,0.0,SUCCESS,456
E5_DT15_PD20_SEED456,15,0.2,7.123944063926941,14.0,anomaly_detection,isolation_forest,isolation_forest,residual,pr_auc,0.0501890670128122,0.0872394700315926,-0.0370504030187804,0.4246977085642899,SUCCESS,456
E5_DT15_PD20_SEED456,15,0.2,7.123944063926941,14.0,anomaly_detection,isolation_forest,isolation_forest,residual,roc_auc,0.5654711479334843,0.6846846257506575,-0.1192134778171731,0.1741144365356135,SUCCESS,456
E5_DT15_PD20_SEED456,15,0.2,7.123944063926941,14.0,anomaly_detection,isolation_forest,isolation_forest,residual,detection_latency,0.0,0.0,0.0,0.0,SUCCESS,456
E5_DT15_PD20_SEED456,15,0.2,7.123944063926941,14.0,anomaly_detection,isolation_forest,isolation_forest,residual,threshold,0.2937656541960819,0.2937656541960819,0.0,0.0,SUCCESS,456
E5_DT15_PD20_SEED456,15,0.2,7.123944063926941,14.0,anomaly_detection,lstm_autoencoder,lstm_autoencoder,raw,precision,0.4982578397212543,0.4982578397212543,0.0,0.0,SUCCESS,456
E5_DT15_PD20_SEED456,15,0.2,7.123944063926941,14.0,anomaly_detection,lstm_autoencoder,lstm_autoencoder,raw,recall,0.5860655737704918,0.5860655737704918,0.0,0.0,SUCCESS,456
E5_DT15_PD20_SEED456,15,0.2,7.123944063926941,14.0,anomaly_detection,lstm_autoencoder,lstm_autoencoder,raw,f1,0.5386064030131827,0.5386064030131827,0.0,0.0,SUCCESS,456
E5_DT15_PD20_SEED456,15,0.2,7.123944063926941,14.0,anomaly_detection,lstm_autoencoder,lstm_autoencoder,raw,false_positive_rate,0.028731045490822,0.028731045490822,0.0,0.0,SUCCESS,456
E5_DT15_PD20_SEED456,15,0.2,7.123944063926941,14.0,anomaly_detection,lstm_autoencoder,lstm_autoencoder,raw,pr_auc,0.561001698584242,0.561001698584242,0.0,0.0,SUCCESS,456
E5_DT15_PD20_SEED456,15,0.2,7.123944063926941,14.0,anomaly_detection,lstm_autoencoder,lstm_autoencoder,raw,roc_auc,0.9493396177043946,0.9493396177043946,0.0,0.0,SUCCESS,456
E5_DT15_PD20_SEED456,15,0.2,7.123944063926941,14.0,anomaly_detection,lstm_autoencoder,lstm_autoencoder,raw,detection_latency,1.3442622950819672,1.3442622950819672,0.0,0.0,SUCCESS,456
E5_DT15_PD20_SEED456,15,0.2,7.123944063926941,14.0,anomaly_detection,lstm_autoencoder,lstm_autoencoder,raw,threshold,0.0007370078528765,0.0007370078528765,0.0,0.0,SUCCESS,456
E5_DT15_PD20_SEED456,15,0.2,7.123944063926941,14.0,anomaly_detection,lstm_autoencoder,lstm_autoencoder,residual,precision,0.0464231354642313,0.0464231354642313,0.0,0.0,SUCCESS,456
E5_DT15_PD20_SEED456,15,0.2,7.123944063926941,14.0,anomaly_detection,lstm_autoencoder,lstm_autoencoder,residual,recall,1.0,1.0,0.0,0.0,SUCCESS,456
E5_DT15_PD20_SEED456,15,0.2,7.123944063926941,14.0,anomaly_detection,lstm_autoencoder,lstm_autoencoder,residual,f1,0.0887272727272727,0.0887272727272727,0.0,0.0,SUCCESS,456
E5_DT15_PD20_SEED456,15,0.2,7.123944063926941,14.0,anomaly_detection,lstm_autoencoder,lstm_autoencoder,residual,false_positive_rate,1.0,1.0,0.0,0.0,SUCCESS,456
E5_DT15_PD20_SEED456,15,0.2,7.123944063926941,14.0,anomaly_detection,lstm_autoencoder,lstm_autoencoder,residual,pr_auc,0.1215206623476556,0.1306032392197611,-0.0090825768721054,0.0695432741665968,SUCCESS,456
E5_DT15_PD20_SEED456,15,0.2,7.123944063926941,14.0,anomaly_detection,lstm_autoencoder,lstm_autoencoder,residual,roc_auc,0.6343153480826345,0.7428769314301413,-0.1085615833475068,0.1461367001106236,SUCCESS,456
E5_DT15_PD20_SEED456,15,0.2,7.123944063926941,14.0,anomaly_detection,lstm_autoencoder,lstm_autoencoder,residual,detection_latency,0.0,0.0,0.0,0.0,SUCCESS,456
E5_DT15_PD20_SEED456,15,0.2,7.123944063926941,14.0,anomaly_detection,lstm_autoencoder,lstm_autoencoder,residual,threshold,0.0003816792741417,0.0003816792741417,0.0,0.0,SUCCESS,456
E5_DT60_PD00_SEED456,60,0.0,29.5,56.049999999995634,load_estimation,persistence,,raw,mae,2.5189492211675715,0.4492700455803849,2.0696791755871864,4.606759778327738,SUCCESS,456
E5_DT60_PD00_SEED456,60,0.0,29.5,56.049999999995634,load_estimation,persistence,,raw,rmse,3.2110238325344684,0.6122637034975102,2.5987601290369584,4.244511170908446,SUCCESS,456
E5_DT60_PD00_SEED456,60,0.0,29.5,56.049999999995634,load_estimation,persistence,,raw,mape,82.78354680397382,14.318382192492017,68.46516461148181,4.7816271203727325,SUCCESS,456
E5_DT60_PD00_SEED456,60,0.0,29.5,56.049999999995634,load_estimation,persistence,,raw,r2,-0.9038277016276632,0.930782228617953,-1.834609930245616,-1.9710409952386905,SUCCESS,456
E5_DT60_PD00_SEED456,60,0.0,29.5,56.049999999995634,load_estimation,xgboost,,raw,mae,1.9017035978388388,0.2750139962910154,1.6266896015478234,5.914933870589214,SUCCESS,456
E5_DT60_PD00_SEED456,60,0.0,29.5,56.049999999995634,load_estimation,xgboost,,raw,rmse,2.510758951989842,0.4118104239968307,2.098948527993011,5.096880519977232,SUCCESS,456
E5_DT60_PD00_SEED456,60,0.0,29.5,56.049999999995634,load_estimation,xgboost,,raw,mape,63.3176337747662,9.136281172616451,54.18135260214975,5.930350826389166,SUCCESS,456
E5_DT60_PD00_SEED456,60,0.0,29.5,56.049999999995634,load_estimation,xgboost,,raw,r2,-0.163993683169531,0.9686862373860586,-1.1326799205555895,-1.169294944885413,SUCCESS,456
E5_DT60_PD00_SEED456,60,0.0,29.5,56.049999999995634,load_estimation,lstm,,raw,mae,1.908529576826068,0.2758453186169287,1.6326842582091394,5.918839828043184,SUCCESS,456
E5_DT60_PD00_SEED456,60,0.0,29.5,56.049999999995634,load_estimation,lstm,,raw,rmse,2.3465133435746397,0.4183041673895866,1.9282091761850528,4.609586340528182,SUCCESS,456
E5_DT60_PD00_SEED456,60,0.0,29.5,56.049999999995634,load_estimation,lstm,,raw,mape,68.28548131871182,8.868861318649634,59.41662000006218,6.699464324142675,SUCCESS,456
E5_DT60_PD00_SEED456,60,0.0,29.5,56.049999999995634,load_estimation,lstm,,raw,r2,-0.0139159912713184,0.9677789047373696,-0.981694896008688,-1.014379308334991,SUCCESS,456
E5_DT60_PD00_SEED456,60,0.0,29.5,56.049999999995634,anomaly_detection,isolation_forest,isolation_forest,raw,precision,0.1164658634538152,0.1164658634538152,0.0,0.0,SUCCESS,456
E5_DT60_PD00_SEED456,60,0.0,29.5,56.049999999995634,anomaly_detection,isolation_forest,isolation_forest,raw,recall,0.1188524590163934,0.1188524590163934,0.0,0.0,SUCCESS,456
E5_DT60_PD00_SEED456,60,0.0,29.5,56.049999999995634,anomaly_detection,isolation_forest,isolation_forest,raw,f1,0.1176470588235294,0.1176470588235294,0.0,0.0,SUCCESS,456
E5_DT60_PD00_SEED456,60,0.0,29.5,56.049999999995634,anomaly_detection,isolation_forest,isolation_forest,raw,false_positive_rate,0.0438946528332003,0.0438946528332003,0.0,0.0,SUCCESS,456
E5_DT60_PD00_SEED456,60,0.0,29.5,56.049999999995634,anomaly_detection,isolation_forest,isolation_forest,raw,pr_auc,0.09385708598261,0.09385708598261,0.0,0.0,SUCCESS,456
E5_DT60_PD00_SEED456,60,0.0,29.5,56.049999999995634,anomaly_detection,isolation_forest,isolation_forest,raw,roc_auc,0.7138596875695052,0.7138596875695052,0.0,0.0,SUCCESS,456
E5_DT60_PD00_SEED456,60,0.0,29.5,56.049999999995634,anomaly_detection,isolation_forest,isolation_forest,raw,detection_latency,3.2459016393442623,3.2459016393442623,0.0,0.0,SUCCESS,456
E5_DT60_PD00_SEED456,60,0.0,29.5,56.049999999995634,anomaly_detection,isolation_forest,isolation_forest,raw,threshold,0.5031683371451802,0.5031683371451802,0.0,0.0,SUCCESS,456
E5_DT60_PD00_SEED456,60,0.0,29.5,56.049999999995634,anomaly_detection,isolation_forest,isolation_forest,residual,precision,0.0464231354642313,0.0464231354642313,0.0,0.0,SUCCESS,456
E5_DT60_PD00_SEED456,60,0.0,29.5,56.049999999995634,anomaly_detection,isolation_forest,isolation_forest,residual,recall,1.0,1.0,0.0,0.0,SUCCESS,456
E5_DT60_PD00_SEED456,60,0.0,29.5,56.049999999995634,anomaly_detection,isolation_forest,isolation_forest,residual,f1,0.0887272727272727,0.0887272727272727,0.0,0.0,SUCCESS,456
E5_DT60_PD00_SEED456,60,0.0,29.5,56.049999999995634,anomaly_detection,isolation_forest,isolation_forest,residual,false_positive_rate,1.0,1.0,0.0,0.0,SUCCESS,456
E5_DT60_PD00_SEED456,60,0.0,29.5,56.049999999995634,anomaly_detection,isolation_forest,isolation_forest,residual,pr_auc,0.046556338284325,0.0872394700315926,-0.0406831317472676,0.4663385934432514,SUCCESS,456
E5_DT60_PD00_SEED456,60,0.0,29.5,56.049999999995634,anomaly_detection,isolation_forest,isolation_forest,residual,roc_auc,0.5157862932241309,0.6846846257506575,-0.1688983325265265,0.246680480580901,SUCCESS,456
E5_DT60_PD00_SEED456,60,0.0,29.5,56.049999999995634,anomaly_detection,isolation_forest,isolation_forest,residual,detection_latency,0.0,0.0,0.0,0.0,SUCCESS,456
E5_DT60_PD00_SEED456,60,0.0,29.5,56.049999999995634,anomaly_detection,isolation_forest,isolation_forest,residual,threshold,0.2937656541960819,0.2937656541960819,0.0,0.0,SUCCESS,456
E5_DT60_PD00_SEED456,60,0.0,29.5,56.049999999995634,anomaly_detection,lstm_autoencoder,lstm_autoencoder,raw,precision,0.4982578397212543,0.4982578397212543,0.0,0.0,SUCCESS,456
E5_DT60_PD00_SEED456,60,0.0,29.5,56.049999999995634,anomaly_detection,lstm_autoencoder,lstm_autoencoder,raw,recall,0.5860655737704918,0.5860655737704918,0.0,0.0,SUCCESS,456
E5_DT60_PD00_SEED456,60,0.0,29.5,56.049999999995634,anomaly_detection,lstm_autoencoder,lstm_autoencoder,raw,f1,0.5386064030131827,0.5386064030131827,0.0,0.0,SUCCESS,456
E5_DT60_PD00_SEED456,60,0.0,29.5,56.049999999995634,anomaly_detection,lstm_autoencoder,lstm_autoencoder,raw,false_positive_rate,0.028731045490822,0.028731045490822,0.0,0.0,SUCCESS,456
E5_DT60_PD00_SEED456,60,0.0,29.5,56.049999999995634,anomaly_detection,lstm_autoencoder,lstm_autoencoder,raw,pr_auc,0.561001698584242,0.561001698584242,0.0,0.0,SUCCESS,456
E5_DT60_PD00_SEED456,60,0.0,29.5,56.049999999995634,anomaly_detection,lstm_autoencoder,lstm_autoencoder,raw,roc_auc,0.9493396177043946,0.9493396177043946,0.0,0.0,SUCCESS,456
E5_DT60_PD00_SEED456,60,0.0,29.5,56.049999999995634,anomaly_detection,lstm_autoencoder,lstm_autoencoder,raw,detection_latency,1.3442622950819672,1.3442622950819672,0.0,0.0,SUCCESS,456
E5_DT60_PD00_SEED456,60,0.0,29.5,56.049999999995634,anomaly_detection,lstm_autoencoder,lstm_autoencoder,raw,threshold,0.0007370078528765,0.0007370078528765,0.0,0.0,SUCCESS,456
E5_DT60_PD00_SEED456,60,0.0,29.5,56.049999999995634,anomaly_detection,lstm_autoencoder,lstm_autoencoder,residual,precision,0.0464231354642313,0.0464231354642313,0.0,0.0,SUCCESS,456
E5_DT60_PD00_SEED456,60,0.0,29.5,56.049999999995634,anomaly_detection,lstm_autoencoder,lstm_autoencoder,residual,recall,1.0,1.0,0.0,0.0,SUCCESS,456
E5_DT60_PD00_SEED456,60,0.0,29.5,56.049999999995634,anomaly_detection,lstm_autoencoder,lstm_autoencoder,residual,f1,0.0887272727272727,0.0887272727272727,0.0,0.0,SUCCESS,456
E5_DT60_PD00_SEED456,60,0.0,29.5,56.049999999995634,anomaly_detection,lstm_autoencoder,lstm_autoencoder,residual,false_positive_rate,1.0,1.0,0.0,0.0,SUCCESS,456
E5_DT60_PD00_SEED456,60,0.0,29.5,56.049999999995634,anomaly_detection,lstm_autoencoder,lstm_autoencoder,residual,pr_auc,0.1127784791221577,0.1306032392197611,-0.0178247600976034,0.1364802297714099,SUCCESS,456
E5_DT60_PD00_SEED456,60,0.0,29.5,56.049999999995634,anomaly_detection,lstm_autoencoder,lstm_autoencoder,residual,roc_auc,0.5960113759763452,0.7428769314301413,-0.1468655554537961,0.1976983659609129,SUCCESS,456
E5_DT60_PD00_SEED456,60,0.0,29.5,56.049999999995634,anomaly_detection,lstm_autoencoder,lstm_autoencoder,residual,detection_latency,0.0,0.0,0.0,0.0,SUCCESS,456
E5_DT60_PD00_SEED456,60,0.0,29.5,56.049999999995634,anomaly_detection,lstm_autoencoder,lstm_autoencoder,residual,threshold,0.0003816792741417,0.0003816792741417,0.0,0.0,SUCCESS,456
E5_DT60_PD05_SEED456,60,0.05,29.51161529680365,57.0,load_estimation,persistence,,raw,mae,2.474331637336965,0.4492700455803849,2.02506159175658,4.507448497129437,SUCCESS,456
E5_DT60_PD05_SEED456,60,0.05,29.51161529680365,57.0,load_estimation,persistence,,raw,rmse,3.1595955329555583,0.6122637034975102,2.547331829458048,4.160514194956531,SUCCESS,456
E5_DT60_PD05_SEED456,60,0.05,29.51161529680365,57.0,load_estimation,persistence,,raw,mape,82.67780169954644,14.318382192492017,68.35941950705443,4.774241851352408,SUCCESS,456
E5_DT60_PD05_SEED456,60,0.05,29.51161529680365,57.0,load_estimation,persistence,,raw,r2,-0.8433320155574979,0.930782228617953,-1.774114244175451,-1.906046537662947,SUCCESS,456
E5_DT60_PD05_SEED456,60,0.05,29.51161529680365,57.0,load_estimation,xgboost,,raw,mae,1.8916988506391528,0.2750139962910154,1.6166848543481378,5.878554823214843,SUCCESS,456
E5_DT60_PD05_SEED456,60,0.05,29.51161529680365,57.0,load_estimation,xgboost,,raw,rmse,2.4871981287624867,0.4118104239968307,2.075387704765656,5.039667730172919,SUCCESS,456
E5_DT60_PD05_SEED456,60,0.05,29.51161529680365,57.0,load_estimation,xgboost,,raw,mape,63.445488250631,9.136281172616451,54.30920707801455,5.944344974932669,SUCCESS,456
E5_DT60_PD05_SEED456,60,0.05,29.51161529680365,57.0,load_estimation,xgboost,,raw,r2,-0.1422504778425581,0.9686862373860586,-1.110936715228617,-1.1468488684493057,SUCCESS,456
E5_DT60_PD05_SEED456,60,0.05,29.51161529680365,57.0,load_estimation,lstm,,raw,mae,1.8946465452246333,0.2758453186169287,1.6188012266077048,5.868510782507652,SUCCESS,456
E5_DT60_PD05_SEED456,60,0.05,29.51161529680365,57.0,load_estimation,lstm,,raw,rmse,2.313427759228968,0.4183041673895866,1.895123591839381,4.530491779859229,SUCCESS,456
E5_DT60_PD05_SEED456,60,0.05,29.51161529680365,57.0,load_estimation,lstm,,raw,mape,66.75026830646034,8.868861318649634,57.88140698781071,6.52636284503586,SUCCESS,456
E5_DT60_PD05_SEED456,60,0.05,29.51161529680365,57.0,load_estimation,lstm,,raw,r2,0.0144746468066764,0.9677789047373696,-0.9533042579306932,-0.985043436330528,SUCCESS,456
E5_DT60_PD05_SEED456,60,0.05,29.51161529680365,57.0,anomaly_detection,isolation_forest,isolation_forest,raw,precision,0.1164658634538152,0.1164658634538152,0.0,0.0,SUCCESS,456
E5_DT60_PD05_SEED456,60,0.05,29.51161529680365,57.0,anomaly_detection,isolation_forest,isolation_forest,raw,recall,0.1188524590163934,0.1188524590163934,0.0,0.0,SUCCESS,456
E5_DT60_PD05_SEED456,60,0.05,29.51161529680365,57.0,anomaly_detection,isolation_forest,isolation_forest,raw,f1,0.1176470588235294,0.1176470588235294,0.0,0.0,SUCCESS,456
E5_DT60_PD05_SEED456,60,0.05,29.51161529680365,57.0,anomaly_detection,isolation_forest,isolation_forest,raw,false_positive_rate,0.0438946528332003,0.0438946528332003,0.0,0.0,SUCCESS,456
E5_DT60_PD05_SEED456,60,0.05,29.51161529680365,57.0,anomaly_detection,isolation_forest,isolation_forest,raw,pr_auc,0.09385708598261,0.09385708598261,0.0,0.0,SUCCESS,456
E5_DT60_PD05_SEED456,60,0.05,29.51161529680365,57.0,anomaly_detection,isolation_forest,isolation_forest,raw,roc_auc,0.7138596875695052,0.7138596875695052,0.0,0.0,SUCCESS,456
E5_DT60_PD05_SEED456,60,0.05,29.51161529680365,57.0,anomaly_detection,isolation_forest,isolation_forest,raw,detection_latency,3.2459016393442623,3.2459016393442623,0.0,0.0,SUCCESS,456
E5_DT60_PD05_SEED456,60,0.05,29.51161529680365,57.0,anomaly_detection,isolation_forest,isolation_forest,raw,threshold,0.5031683371451802,0.5031683371451802,0.0,0.0,SUCCESS,456
E5_DT60_PD05_SEED456,60,0.05,29.51161529680365,57.0,anomaly_detection,isolation_forest,isolation_forest,residual,precision,0.0464231354642313,0.0464231354642313,0.0,0.0,SUCCESS,456
E5_DT60_PD05_SEED456,60,0.05,29.51161529680365,57.0,anomaly_detection,isolation_forest,isolation_forest,residual,recall,1.0,1.0,0.0,0.0,SUCCESS,456
E5_DT60_PD05_SEED456,60,0.05,29.51161529680365,57.0,anomaly_detection,isolation_forest,isolation_forest,residual,f1,0.0887272727272727,0.0887272727272727,0.0,0.0,SUCCESS,456
E5_DT60_PD05_SEED456,60,0.05,29.51161529680365,57.0,anomaly_detection,isolation_forest,isolation_forest,residual,false_positive_rate,1.0,1.0,0.0,0.0,SUCCESS,456
E5_DT60_PD05_SEED456,60,0.05,29.51161529680365,57.0,anomaly_detection,isolation_forest,isolation_forest,residual,pr_auc,0.042834722234047,0.0872394700315926,-0.0444047477975455,0.5089983671549697,SUCCESS,456
E5_DT60_PD05_SEED456,60,0.05,29.51161529680365,57.0,anomaly_detection,isolation_forest,isolation_forest,residual,roc_auc,0.497644178561616,0.6846846257506575,-0.1870404471890414,0.2731775187502986,SUCCESS,456
E5_DT60_PD05_SEED456,60,0.05,29.51161529680365,57.0,anomaly_detection,isolation_forest,isolation_forest,residual,detection_latency,0.0,0.0,0.0,0.0,SUCCESS,456
E5_DT60_PD05_SEED456,60,0.05,29.51161529680365,57.0,anomaly_detection,isolation_forest,isolation_forest,residual,threshold,0.2937656541960819,0.2937656541960819,0.0,0.0,SUCCESS,456
E5_DT60_PD05_SEED456,60,0.05,29.51161529680365,57.0,anomaly_detection,lstm_autoencoder,lstm_autoencoder,raw,precision,0.4982578397212543,0.4982578397212543,0.0,0.0,SUCCESS,456
E5_DT60_PD05_SEED456,60,0.05,29.51161529680365,57.0,anomaly_detection,lstm_autoencoder,lstm_autoencoder,raw,recall,0.5860655737704918,0.5860655737704918,0.0,0.0,SUCCESS,456
E5_DT60_PD05_SEED456,60,0.05,29.51161529680365,57.0,anomaly_detection,lstm_autoencoder,lstm_autoencoder,raw,f1,0.5386064030131827,0.5386064030131827,0.0,0.0,SUCCESS,456
E5_DT60_PD05_SEED456,60,0.05,29.51161529680365,57.0,anomaly_detection,lstm_autoencoder,lstm_autoencoder,raw,false_positive_rate,0.028731045490822,0.028731045490822,0.0,0.0,SUCCESS,456
E5_DT60_PD05_SEED456,60,0.05,29.51161529680365,57.0,anomaly_detection,lstm_autoencoder,lstm_autoencoder,raw,pr_auc,0.561001698584242,0.561001698584242,0.0,0.0,SUCCESS,456
E5_DT60_PD05_SEED456,60,0.05,29.51161529680365,57.0,anomaly_detection,lstm_autoencoder,lstm_autoencoder,raw,roc_auc,0.9493396177043946,0.9493396177043946,0.0,0.0,SUCCESS,456
E5_DT60_PD05_SEED456,60,0.05,29.51161529680365,57.0,anomaly_detection,lstm_autoencoder,lstm_autoencoder,raw,detection_latency,1.3442622950819672,1.3442622950819672,0.0,0.0,SUCCESS,456
E5_DT60_PD05_SEED456,60,0.05,29.51161529680365,57.0,anomaly_detection,lstm_autoencoder,lstm_autoencoder,raw,threshold,0.0007370078528765,0.0007370078528765,0.0,0.0,SUCCESS,456
E5_DT60_PD05_SEED456,60,0.05,29.51161529680365,57.0,anomaly_detection,lstm_autoencoder,lstm_autoencoder,residual,precision,0.0464231354642313,0.0464231354642313,0.0,0.0,SUCCESS,456
E5_DT60_PD05_SEED456,60,0.05,29.51161529680365,57.0,anomaly_detection,lstm_autoencoder,lstm_autoencoder,residual,recall,1.0,1.0,0.0,0.0,SUCCESS,456
E5_DT60_PD05_SEED456,60,0.05,29.51161529680365,57.0,anomaly_detection,lstm_autoencoder,lstm_autoencoder,residual,f1,0.0887272727272727,0.0887272727272727,0.0,0.0,SUCCESS,456
E5_DT60_PD05_SEED456,60,0.05,29.51161529680365,57.0,anomaly_detection,lstm_autoencoder,lstm_autoencoder,residual,false_positive_rate,1.0,1.0,0.0,0.0,SUCCESS,456
E5_DT60_PD05_SEED456,60,0.05,29.51161529680365,57.0,anomaly_detection,lstm_autoencoder,lstm_autoencoder,residual,pr_auc,0.0808946117641248,0.1306032392197611,-0.0497086274556363,0.380607921768261,SUCCESS,456
E5_DT60_PD05_SEED456,60,0.05,29.51161529680365,57.0,anomaly_detection,lstm_autoencoder,lstm_autoencoder,residual,roc_auc,0.5398690683343581,0.7428769314301413,-0.2030078630957832,0.2732725361453409,SUCCESS,456
E5_DT60_PD05_SEED456,60,0.05,29.51161529680365,57.0,anomaly_detection,lstm_autoencoder,lstm_autoencoder,residual,detection_latency,0.0,0.0,0.0,0.0,SUCCESS,456
E5_DT60_PD05_SEED456,60,0.05,29.51161529680365,57.0,anomaly_detection,lstm_autoencoder,lstm_autoencoder,residual,threshold,0.0003816792741417,0.0003816792741417,0.0,0.0,SUCCESS,456
E5_DT60_PD10_SEED456,60,0.1,29.53361872146119,57.0,load_estimation,persistence,,raw,mae,2.46139727956991,0.4492700455803849,2.012127233989525,4.478658779465653,SUCCESS,456
E5_DT60_PD10_SEED456,60,0.1,29.53361872146119,57.0,load_estimation,persistence,,raw,rmse,3.153595733405547,0.6122637034975102,2.5413320299080366,4.150714823352861,SUCCESS,456
E5_DT60_PD10_SEED456,60,0.1,29.53361872146119,57.0,load_estimation,persistence,,raw,mape,81.8915704846388,14.318382192492017,67.5731882921468,4.719331233355362,SUCCESS,456
E5_DT60_PD10_SEED456,60,0.1,29.53361872146119,57.0,load_estimation,persistence,,raw,r2,-0.8363380051867095,0.930782228617953,-1.7671202338046623,-1.898532416576672,SUCCESS,456
E5_DT60_PD10_SEED456,60,0.1,29.53361872146119,57.0,load_estimation,xgboost,,raw,mae,1.905376819601705,0.2750139962910154,1.6303628233106895,5.928290360849364,SUCCESS,456
E5_DT60_PD10_SEED456,60,0.1,29.53361872146119,57.0,load_estimation,xgboost,,raw,rmse,2.488962930094717,0.4118104239968307,2.077152506097886,5.043953200450972,SUCCESS,456
E5_DT60_PD10_SEED456,60,0.1,29.53361872146119,57.0,load_estimation,xgboost,,raw,mape,63.481580967601815,9.136281172616451,54.345299794985365,5.94829545722288,SUCCESS,456
E5_DT60_PD10_SEED456,60,0.1,29.53361872146119,57.0,load_estimation,xgboost,,raw,r2,-0.1438720296740734,0.9686862373860586,-1.1125582670601322,-1.1485228385842494,SUCCESS,456
E5_DT60_PD10_SEED456,60,0.1,29.53361872146119,57.0,load_estimation,lstm,,raw,mae,1.877663385132269,0.2758453186169287,1.6018180665153403,5.806943088781629,SUCCESS,456
E5_DT60_PD10_SEED456,60,0.1,29.53361872146119,57.0,load_estimation,lstm,,raw,rmse,2.3278931883633667,0.4183041673895866,1.90958902097378,4.565072905896462,SUCCESS,456
E5_DT60_PD10_SEED456,60,0.1,29.53361872146119,57.0,load_estimation,lstm,,raw,mape,65.05804363032344,8.868861318649634,56.18918231167381,6.335557665505263,SUCCESS,456
E5_DT60_PD10_SEED456,60,0.1,29.53361872146119,57.0,load_estimation,lstm,,raw,r2,0.0021115053236944,0.9677789047373696,-0.9656673994136752,-0.9978181945138932,SUCCESS,456
E5_DT60_PD10_SEED456,60,0.1,29.53361872146119,57.0,anomaly_detection,isolation_forest,isolation_forest,raw,precision,0.1164658634538152,0.1164658634538152,0.0,0.0,SUCCESS,456
E5_DT60_PD10_SEED456,60,0.1,29.53361872146119,57.0,anomaly_detection,isolation_forest,isolation_forest,raw,recall,0.1188524590163934,0.1188524590163934,0.0,0.0,SUCCESS,456
E5_DT60_PD10_SEED456,60,0.1,29.53361872146119,57.0,anomaly_detection,isolation_forest,isolation_forest,raw,f1,0.1176470588235294,0.1176470588235294,0.0,0.0,SUCCESS,456
E5_DT60_PD10_SEED456,60,0.1,29.53361872146119,57.0,anomaly_detection,isolation_forest,isolation_forest,raw,false_positive_rate,0.0438946528332003,0.0438946528332003,0.0,0.0,SUCCESS,456
E5_DT60_PD10_SEED456,60,0.1,29.53361872146119,57.0,anomaly_detection,isolation_forest,isolation_forest,raw,pr_auc,0.09385708598261,0.09385708598261,0.0,0.0,SUCCESS,456
E5_DT60_PD10_SEED456,60,0.1,29.53361872146119,57.0,anomaly_detection,isolation_forest,isolation_forest,raw,roc_auc,0.7138596875695052,0.7138596875695052,0.0,0.0,SUCCESS,456
E5_DT60_PD10_SEED456,60,0.1,29.53361872146119,57.0,anomaly_detection,isolation_forest,isolation_forest,raw,detection_latency,3.2459016393442623,3.2459016393442623,0.0,0.0,SUCCESS,456
E5_DT60_PD10_SEED456,60,0.1,29.53361872146119,57.0,anomaly_detection,isolation_forest,isolation_forest,raw,threshold,0.5031683371451802,0.5031683371451802,0.0,0.0,SUCCESS,456
E5_DT60_PD10_SEED456,60,0.1,29.53361872146119,57.0,anomaly_detection,isolation_forest,isolation_forest,residual,precision,0.0464231354642313,0.0464231354642313,0.0,0.0,SUCCESS,456
E5_DT60_PD10_SEED456,60,0.1,29.53361872146119,57.0,anomaly_detection,isolation_forest,isolation_forest,residual,recall,1.0,1.0,0.0,0.0,SUCCESS,456
E5_DT60_PD10_SEED456,60,0.1,29.53361872146119,57.0,anomaly_detection,isolation_forest,isolation_forest,residual,f1,0.0887272727272727,0.0887272727272727,0.0,0.0,SUCCESS,456
E5_DT60_PD10_SEED456,60,0.1,29.53361872146119,57.0,anomaly_detection,isolation_forest,isolation_forest,residual,false_positive_rate,1.0,1.0,0.0,0.0,SUCCESS,456
E5_DT60_PD10_SEED456,60,0.1,29.53361872146119,57.0,anomaly_detection,isolation_forest,isolation_forest,residual,pr_auc,0.042524767498928,0.0872394700315926,-0.0447147025326645,0.5125512857479733,SUCCESS,456
E5_DT60_PD10_SEED456,60,0.1,29.53361872146119,57.0,anomaly_detection,isolation_forest,isolation_forest,residual,roc_auc,0.4845367020789449,0.6846846257506575,-0.2001479236717125,0.2923213347346295,SUCCESS,456
E5_DT60_PD10_SEED456,60,0.1,29.53361872146119,57.0,anomaly_detection,isolation_forest,isolation_forest,residual,detection_latency,0.0,0.0,0.0,0.0,SUCCESS,456
E5_DT60_PD10_SEED456,60,0.1,29.53361872146119,57.0,anomaly_detection,isolation_forest,isolation_forest,residual,threshold,0.2937656541960819,0.2937656541960819,0.0,0.0,SUCCESS,456
E5_DT60_PD10_SEED456,60,0.1,29.53361872146119,57.0,anomaly_detection,lstm_autoencoder,lstm_autoencoder,raw,precision,0.4982578397212543,0.4982578397212543,0.0,0.0,SUCCESS,456
E5_DT60_PD10_SEED456,60,0.1,29.53361872146119,57.0,anomaly_detection,lstm_autoencoder,lstm_autoencoder,raw,recall,0.5860655737704918,0.5860655737704918,0.0,0.0,SUCCESS,456
E5_DT60_PD10_SEED456,60,0.1,29.53361872146119,57.0,anomaly_detection,lstm_autoencoder,lstm_autoencoder,raw,f1,0.5386064030131827,0.5386064030131827,0.0,0.0,SUCCESS,456
E5_DT60_PD10_SEED456,60,0.1,29.53361872146119,57.0,anomaly_detection,lstm_autoencoder,lstm_autoencoder,raw,false_positive_rate,0.028731045490822,0.028731045490822,0.0,0.0,SUCCESS,456
E5_DT60_PD10_SEED456,60,0.1,29.53361872146119,57.0,anomaly_detection,lstm_autoencoder,lstm_autoencoder,raw,pr_auc,0.561001698584242,0.561001698584242,0.0,0.0,SUCCESS,456
E5_DT60_PD10_SEED456,60,0.1,29.53361872146119,57.0,anomaly_detection,lstm_autoencoder,lstm_autoencoder,raw,roc_auc,0.9493396177043946,0.9493396177043946,0.0,0.0,SUCCESS,456
E5_DT60_PD10_SEED456,60,0.1,29.53361872146119,57.0,anomaly_detection,lstm_autoencoder,lstm_autoencoder,raw,detection_latency,1.3442622950819672,1.3442622950819672,0.0,0.0,SUCCESS,456
E5_DT60_PD10_SEED456,60,0.1,29.53361872146119,57.0,anomaly_detection,lstm_autoencoder,lstm_autoencoder,raw,threshold,0.0007370078528765,0.0007370078528765,0.0,0.0,SUCCESS,456
E5_DT60_PD10_SEED456,60,0.1,29.53361872146119,57.0,anomaly_detection,lstm_autoencoder,lstm_autoencoder,residual,precision,0.0464231354642313,0.0464231354642313,0.0,0.0,SUCCESS,456
E5_DT60_PD10_SEED456,60,0.1,29.53361872146119,57.0,anomaly_detection,lstm_autoencoder,lstm_autoencoder,residual,recall,1.0,1.0,0.0,0.0,SUCCESS,456
E5_DT60_PD10_SEED456,60,0.1,29.53361872146119,57.0,anomaly_detection,lstm_autoencoder,lstm_autoencoder,residual,f1,0.0887272727272727,0.0887272727272727,0.0,0.0,SUCCESS,456
E5_DT60_PD10_SEED456,60,0.1,29.53361872146119,57.0,anomaly_detection,lstm_autoencoder,lstm_autoencoder,residual,false_positive_rate,1.0,1.0,0.0,0.0,SUCCESS,456
E5_DT60_PD10_SEED456,60,0.1,29.53361872146119,57.0,anomaly_detection,lstm_autoencoder,lstm_autoencoder,residual,pr_auc,0.0888622774114278,0.1306032392197611,-0.0417409618083332,0.3196012752646765,SUCCESS,456
E5_DT60_PD10_SEED456,60,0.1,29.53361872146119,57.0,anomaly_detection,lstm_autoencoder,lstm_autoencoder,residual,roc_auc,0.5904231483783182,0.7428769314301413,-0.1524537830518231,0.2052207796496364,SUCCESS,456
E5_DT60_PD10_SEED456,60,0.1,29.53361872146119,57.0,anomaly_detection,lstm_autoencoder,lstm_autoencoder,residual,detection_latency,0.0,0.0,0.0,0.0,SUCCESS,456
E5_DT60_PD10_SEED456,60,0.1,29.53361872146119,57.0,anomaly_detection,lstm_autoencoder,lstm_autoencoder,residual,threshold,0.0003816792741417,0.0003816792741417,0.0,0.0,SUCCESS,456
E5_DT60_PD20_SEED456,60,0.2,29.61070205479452,57.0,load_estimation,persistence,,raw,mae,2.4918872464782758,0.4492700455803849,2.0426172008978902,4.546524347642977,SUCCESS,456
E5_DT60_PD20_SEED456,60,0.2,29.61070205479452,57.0,load_estimation,persistence,,raw,rmse,3.195003189155827,0.6122637034975102,2.5827394856583163,4.21834492377159,SUCCESS,456
E5_DT60_PD20_SEED456,60,0.2,29.61070205479452,57.0,load_estimation,persistence,,raw,mape,81.43717418444518,14.318382192492017,67.11879199195317,4.687596062853216,SUCCESS,456
E5_DT60_PD20_SEED456,60,0.2,29.61070205479452,57.0,load_estimation,persistence,,raw,r2,-0.8848776977505435,0.930782228617953,-1.8156599263684965,-1.950681771250006,SUCCESS,456
E5_DT60_PD20_SEED456,60,0.2,29.61070205479452,57.0,load_estimation,xgboost,,raw,mae,1.9123392170422695,0.2750139962910154,1.6373252207512543,5.953606881224557,SUCCESS,456
E5_DT60_PD20_SEED456,60,0.2,29.61070205479452,57.0,load_estimation,xgboost,,raw,rmse,2.505933514368416,0.4118104239968307,2.0941230903715846,5.085162901043274,SUCCESS,456
E5_DT60_PD20_SEED456,60,0.2,29.61070205479452,57.0,load_estimation,xgboost,,raw,mape,63.30784495284944,9.136281172616451,54.171563780232994,5.929279403374505,SUCCESS,456
E5_DT60_PD20_SEED456,60,0.2,29.61070205479452,57.0,load_estimation,xgboost,,raw,r2,-0.1595238144467272,0.9686862373860586,-1.1282100518327858,-1.1646805831341145,SUCCESS,456
E5_DT60_PD20_SEED456,60,0.2,29.61070205479452,57.0,load_estimation,lstm,,raw,mae,1.8901008650697533,0.2758453186169287,1.6142555464528243,5.85203169133557,SUCCESS,456
E5_DT60_PD20_SEED456,60,0.2,29.61070205479452,57.0,load_estimation,lstm,,raw,rmse,2.3261483375282683,0.4183041673895866,1.9078441701386817,4.560901656907988,SUCCESS,456
E5_DT60_PD20_SEED456,60,0.2,29.61070205479452,57.0,load_estimation,lstm,,raw,mape,66.8291240539794,8.868861318649634,57.96026273532976,6.535254149644856,SUCCESS,456
E5_DT60_PD20_SEED456,60,0.2,29.61070205479452,57.0,load_estimation,lstm,,raw,r2,0.0036068609047072,0.9677789047373696,-0.9641720438326622,-0.9962730527736744,SUCCESS,456
E5_DT60_PD20_SEED456,60,0.2,29.61070205479452,57.0,anomaly_detection,isolation_forest,isolation_forest,raw,precision,0.1164658634538152,0.1164658634538152,0.0,0.0,SUCCESS,456
E5_DT60_PD20_SEED456,60,0.2,29.61070205479452,57.0,anomaly_detection,isolation_forest,isolation_forest,raw,recall,0.1188524590163934,0.1188524590163934,0.0,0.0,SUCCESS,456
E5_DT60_PD20_SEED456,60,0.2,29.61070205479452,57.0,anomaly_detection,isolation_forest,isolation_forest,raw,f1,0.1176470588235294,0.1176470588235294,0.0,0.0,SUCCESS,456
E5_DT60_PD20_SEED456,60,0.2,29.61070205479452,57.0,anomaly_detection,isolation_forest,isolation_forest,raw,false_positive_rate,0.0438946528332003,0.0438946528332003,0.0,0.0,SUCCESS,456
E5_DT60_PD20_SEED456,60,0.2,29.61070205479452,57.0,anomaly_detection,isolation_forest,isolation_forest,raw,pr_auc,0.09385708598261,0.09385708598261,0.0,0.0,SUCCESS,456
E5_DT60_PD20_SEED456,60,0.2,29.61070205479452,57.0,anomaly_detection,isolation_forest,isolation_forest,raw,roc_auc,0.7138596875695052,0.7138596875695052,0.0,0.0,SUCCESS,456
E5_DT60_PD20_SEED456,60,0.2,29.61070205479452,57.0,anomaly_detection,isolation_forest,isolation_forest,raw,detection_latency,3.2459016393442623,3.2459016393442623,0.0,0.0,SUCCESS,456
E5_DT60_PD20_SEED456,60,0.2,29.61070205479452,57.0,anomaly_detection,isolation_forest,isolation_forest,raw,threshold,0.5031683371451802,0.5031683371451802,0.0,0.0,SUCCESS,456
E5_DT60_PD20_SEED456,60,0.2,29.61070205479452,57.0,anomaly_detection,isolation_forest,isolation_forest,residual,precision,0.0464231354642313,0.0464231354642313,0.0,0.0,SUCCESS,456
E5_DT60_PD20_SEED456,60,0.2,29.61070205479452,57.0,anomaly_detection,isolation_forest,isolation_forest,residual,recall,1.0,1.0,0.0,0.0,SUCCESS,456
E5_DT60_PD20_SEED456,60,0.2,29.61070205479452,57.0,anomaly_detection,isolation_forest,isolation_forest,residual,f1,0.0887272727272727,0.0887272727272727,0.0,0.0,SUCCESS,456
E5_DT60_PD20_SEED456,60,0.2,29.61070205479452,57.0,anomaly_detection,isolation_forest,isolation_forest,residual,false_positive_rate,1.0,1.0,0.0,0.0,SUCCESS,456
E5_DT60_PD20_SEED456,60,0.2,29.61070205479452,57.0,anomaly_detection,isolation_forest,isolation_forest,residual,pr_auc,0.0523175699202094,0.0872394700315926,-0.0349219001113831,0.4002993151922708,SUCCESS,456
E5_DT60_PD20_SEED456,60,0.2,29.61070205479452,57.0,anomaly_detection,isolation_forest,isolation_forest,residual,roc_auc,0.5744675892611829,0.6846846257506575,-0.1102170364894745,0.1609748960970717,SUCCESS,456
E5_DT60_PD20_SEED456,60,0.2,29.61070205479452,57.0,anomaly_detection,isolation_forest,isolation_forest,residual,detection_latency,0.0,0.0,0.0,0.0,SUCCESS,456
E5_DT60_PD20_SEED456,60,0.2,29.61070205479452,57.0,anomaly_detection,isolation_forest,isolation_forest,residual,threshold,0.2937656541960819,0.2937656541960819,0.0,0.0,SUCCESS,456
E5_DT60_PD20_SEED456,60,0.2,29.61070205479452,57.0,anomaly_detection,lstm_autoencoder,lstm_autoencoder,raw,precision,0.4982578397212543,0.4982578397212543,0.0,0.0,SUCCESS,456
E5_DT60_PD20_SEED456,60,0.2,29.61070205479452,57.0,anomaly_detection,lstm_autoencoder,lstm_autoencoder,raw,recall,0.5860655737704918,0.5860655737704918,0.0,0.0,SUCCESS,456
E5_DT60_PD20_SEED456,60,0.2,29.61070205479452,57.0,anomaly_detection,lstm_autoencoder,lstm_autoencoder,raw,f1,0.5386064030131827,0.5386064030131827,0.0,0.0,SUCCESS,456
E5_DT60_PD20_SEED456,60,0.2,29.61070205479452,57.0,anomaly_detection,lstm_autoencoder,lstm_autoencoder,raw,false_positive_rate,0.028731045490822,0.028731045490822,0.0,0.0,SUCCESS,456
E5_DT60_PD20_SEED456,60,0.2,29.61070205479452,57.0,anomaly_detection,lstm_autoencoder,lstm_autoencoder,raw,pr_auc,0.561001698584242,0.561001698584242,0.0,0.0,SUCCESS,456
E5_DT60_PD20_SEED456,60,0.2,29.61070205479452,57.0,anomaly_detection,lstm_autoencoder,lstm_autoencoder,raw,roc_auc,0.9493396177043946,0.9493396177043946,0.0,0.0,SUCCESS,456
E5_DT60_PD20_SEED456,60,0.2,29.61070205479452,57.0,anomaly_detection,lstm_autoencoder,lstm_autoencoder,raw,detection_latency,1.3442622950819672,1.3442622950819672,0.0,0.0,SUCCESS,456
E5_DT60_PD20_SEED456,60,0.2,29.61070205479452,57.0,anomaly_detection,lstm_autoencoder,lstm_autoencoder,raw,threshold,0.0007370078528765,0.0007370078528765,0.0,0.0,SUCCESS,456
E5_DT60_PD20_SEED456,60,0.2,29.61070205479452,57.0,anomaly_detection,lstm_autoencoder,lstm_autoencoder,residual,precision,0.0464231354642313,0.0464231354642313,0.0,0.0,SUCCESS,456
E5_DT60_PD20_SEED456,60,0.2,29.61070205479452,57.0,anomaly_detection,lstm_autoencoder,lstm_autoencoder,residual,recall,1.0,1.0,0.0,0.0,SUCCESS,456
E5_DT60_PD20_SEED456,60,0.2,29.61070205479452,57.0,anomaly_detection,lstm_autoencoder,lstm_autoencoder,residual,f1,0.0887272727272727,0.0887272727272727,0.0,0.0,SUCCESS,456
E5_DT60_PD20_SEED456,60,0.2,29.61070205479452,57.0,anomaly_detection,lstm_autoencoder,lstm_autoencoder,residual,false_positive_rate,1.0,1.0,0.0,0.0,SUCCESS,456
E5_DT60_PD20_SEED456,60,0.2,29.61070205479452,57.0,anomaly_detection,lstm_autoencoder,lstm_autoencoder,residual,pr_auc,0.1138754034881541,0.1306032392197611,-0.016727835731607,0.1280813234919825,SUCCESS,456
E5_DT60_PD20_SEED456,60,0.2,29.61070205479452,57.0,anomaly_detection,lstm_autoencoder,lstm_autoencoder,residual,roc_auc,0.6090587508013554,0.7428769314301413,-0.1338181806287859,0.1801350600175016,SUCCESS,456
E5_DT60_PD20_SEED456,60,0.2,29.61070205479452,57.0,anomaly_detection,lstm_autoencoder,lstm_autoencoder,residual,detection_latency,0.0,0.0,0.0,0.0,SUCCESS,456
E5_DT60_PD20_SEED456,60,0.2,29.61070205479452,57.0,anomaly_detection,lstm_autoencoder,lstm_autoencoder,residual,threshold,0.0003816792741417,0.0003816792741417,0.0,0.0,SUCCESS,456
E5_DT300_PD00_SEED456,300,0.0,149.2945205479452,284.0,load_estimation,persistence,,raw,mae,2.519656329031586,0.4492700455803849,2.070386283451201,4.608333682199073,SUCCESS,456
E5_DT300_PD00_SEED456,300,0.0,149.2945205479452,284.0,load_estimation,persistence,,raw,rmse,3.2127175356477142,0.6122637034975102,2.600453832150204,4.247277467691302,SUCCESS,456
E5_DT300_PD00_SEED456,300,0.0,149.2945205479452,284.0,load_estimation,persistence,,raw,mape,83.13378372184947,14.318382192492017,68.81540152935746,4.806087769150449,SUCCESS,456
E5_DT300_PD00_SEED456,300,0.0,149.2945205479452,284.0,load_estimation,persistence,,raw,r2,-0.9058366367737044,0.930782228617953,-1.8366188653916573,-1.9731993251726685,SUCCESS,456
E5_DT300_PD00_SEED456,300,0.0,149.2945205479452,284.0,load_estimation,xgboost,,raw,mae,1.9456896335340164,0.2750139962910154,1.670675637243001,6.074874951001108,SUCCESS,456
E5_DT300_PD00_SEED456,300,0.0,149.2945205479452,284.0,load_estimation,xgboost,,raw,rmse,2.527807307158963,0.4118104239968307,2.115996883162132,5.138279071776037,SUCCESS,456
E5_DT300_PD00_SEED456,300,0.0,149.2945205479452,284.0,load_estimation,xgboost,,raw,mape,64.22249589006346,9.136281172616451,55.08621471744701,6.0293913548275135,SUCCESS,456
E5_DT300_PD00_SEED456,300,0.0,149.2945205479452,284.0,load_estimation,xgboost,,raw,r2,-0.1798546640780187,0.9686862373860586,-1.1485409014640773,-1.1856686480478402,SUCCESS,456
E5_DT300_PD00_SEED456,300,0.0,149.2945205479452,284.0,load_estimation,lstm,,raw,mae,1.936158974152916,0.2758453186169287,1.6603136555359874,6.019002475230311,SUCCESS,456
E5_DT300_PD00_SEED456,300,0.0,149.2945205479452,284.0,load_estimation,lstm,,raw,rmse,2.338061346887169,0.4183041673895866,1.9197571794975825,4.58938095567578,SUCCESS,456
E5_DT300_PD00_SEED456,300,0.0,149.2945205479452,284.0,load_estimation,lstm,,raw,mape,69.31933029826706,8.868861318649634,60.45046897961743,6.816034979879646,SUCCESS,456
E5_DT300_PD00_SEED456,300,0.0,149.2945205479452,284.0,load_estimation,lstm,,raw,r2,-0.0066250197447652,0.9677789047373696,-0.9744039244821348,-1.006845592223942,SUCCESS,456
E5_DT300_PD00_SEED456,300,0.0,149.2945205479452,284.0,anomaly_detection,isolation_forest,isolation_forest,raw,precision,0.1164658634538152,0.1164658634538152,0.0,0.0,SUCCESS,456
E5_DT300_PD00_SEED456,300,0.0,149.2945205479452,284.0,anomaly_detection,isolation_forest,isolation_forest,raw,recall,0.1188524590163934,0.1188524590163934,0.0,0.0,SUCCESS,456
E5_DT300_PD00_SEED456,300,0.0,149.2945205479452,284.0,anomaly_detection,isolation_forest,isolation_forest,raw,f1,0.1176470588235294,0.1176470588235294,0.0,0.0,SUCCESS,456
E5_DT300_PD00_SEED456,300,0.0,149.2945205479452,284.0,anomaly_detection,isolation_forest,isolation_forest,raw,false_positive_rate,0.0438946528332003,0.0438946528332003,0.0,0.0,SUCCESS,456
E5_DT300_PD00_SEED456,300,0.0,149.2945205479452,284.0,anomaly_detection,isolation_forest,isolation_forest,raw,pr_auc,0.09385708598261,0.09385708598261,0.0,0.0,SUCCESS,456
E5_DT300_PD00_SEED456,300,0.0,149.2945205479452,284.0,anomaly_detection,isolation_forest,isolation_forest,raw,roc_auc,0.7138596875695052,0.7138596875695052,0.0,0.0,SUCCESS,456
E5_DT300_PD00_SEED456,300,0.0,149.2945205479452,284.0,anomaly_detection,isolation_forest,isolation_forest,raw,detection_latency,3.2459016393442623,3.2459016393442623,0.0,0.0,SUCCESS,456
E5_DT300_PD00_SEED456,300,0.0,149.2945205479452,284.0,anomaly_detection,isolation_forest,isolation_forest,raw,threshold,0.5031683371451802,0.5031683371451802,0.0,0.0,SUCCESS,456
E5_DT300_PD00_SEED456,300,0.0,149.2945205479452,284.0,anomaly_detection,isolation_forest,isolation_forest,residual,precision,0.0464231354642313,0.0464231354642313,0.0,0.0,SUCCESS,456
E5_DT300_PD00_SEED456,300,0.0,149.2945205479452,284.0,anomaly_detection,isolation_forest,isolation_forest,residual,recall,1.0,1.0,0.0,0.0,SUCCESS,456
E5_DT300_PD00_SEED456,300,0.0,149.2945205479452,284.0,anomaly_detection,isolation_forest,isolation_forest,residual,f1,0.0887272727272727,0.0887272727272727,0.0,0.0,SUCCESS,456
E5_DT300_PD00_SEED456,300,0.0,149.2945205479452,284.0,anomaly_detection,isolation_forest,isolation_forest,residual,false_positive_rate,1.0,1.0,0.0,0.0,SUCCESS,456
E5_DT300_PD00_SEED456,300,0.0,149.2945205479452,284.0,anomaly_detection,isolation_forest,isolation_forest,residual,pr_auc,0.0529608269122771,0.0872394700315926,-0.0342786431193155,0.3929258523338342,SUCCESS,456
E5_DT300_PD00_SEED456,300,0.0,149.2945205479452,284.0,anomaly_detection,isolation_forest,isolation_forest,residual,roc_auc,0.5650725144898145,0.6846846257506575,-0.1196121112608429,0.1746966512205609,SUCCESS,456
E5_DT300_PD00_SEED456,300,0.0,149.2945205479452,284.0,anomaly_detection,isolation_forest,isolation_forest,residual,detection_latency,0.0,0.0,0.0,0.0,SUCCESS,456
E5_DT300_PD00_SEED456,300,0.0,149.2945205479452,284.0,anomaly_detection,isolation_forest,isolation_forest,residual,threshold,0.2937656541960819,0.2937656541960819,0.0,0.0,SUCCESS,456
E5_DT300_PD00_SEED456,300,0.0,149.2945205479452,284.0,anomaly_detection,lstm_autoencoder,lstm_autoencoder,raw,precision,0.4982578397212543,0.4982578397212543,0.0,0.0,SUCCESS,456
E5_DT300_PD00_SEED456,300,0.0,149.2945205479452,284.0,anomaly_detection,lstm_autoencoder,lstm_autoencoder,raw,recall,0.5860655737704918,0.5860655737704918,0.0,0.0,SUCCESS,456
E5_DT300_PD00_SEED456,300,0.0,149.2945205479452,284.0,anomaly_detection,lstm_autoencoder,lstm_autoencoder,raw,f1,0.5386064030131827,0.5386064030131827,0.0,0.0,SUCCESS,456
E5_DT300_PD00_SEED456,300,0.0,149.2945205479452,284.0,anomaly_detection,lstm_autoencoder,lstm_autoencoder,raw,false_positive_rate,0.028731045490822,0.028731045490822,0.0,0.0,SUCCESS,456
E5_DT300_PD00_SEED456,300,0.0,149.2945205479452,284.0,anomaly_detection,lstm_autoencoder,lstm_autoencoder,raw,pr_auc,0.561001698584242,0.561001698584242,0.0,0.0,SUCCESS,456
E5_DT300_PD00_SEED456,300,0.0,149.2945205479452,284.0,anomaly_detection,lstm_autoencoder,lstm_autoencoder,raw,roc_auc,0.9493396177043946,0.9493396177043946,0.0,0.0,SUCCESS,456
E5_DT300_PD00_SEED456,300,0.0,149.2945205479452,284.0,anomaly_detection,lstm_autoencoder,lstm_autoencoder,raw,detection_latency,1.3442622950819672,1.3442622950819672,0.0,0.0,SUCCESS,456
E5_DT300_PD00_SEED456,300,0.0,149.2945205479452,284.0,anomaly_detection,lstm_autoencoder,lstm_autoencoder,raw,threshold,0.0007370078528765,0.0007370078528765,0.0,0.0,SUCCESS,456
E5_DT300_PD00_SEED456,300,0.0,149.2945205479452,284.0,anomaly_detection,lstm_autoencoder,lstm_autoencoder,residual,precision,0.0464231354642313,0.0464231354642313,0.0,0.0,SUCCESS,456
E5_DT300_PD00_SEED456,300,0.0,149.2945205479452,284.0,anomaly_detection,lstm_autoencoder,lstm_autoencoder,residual,recall,1.0,1.0,0.0,0.0,SUCCESS,456
E5_DT300_PD00_SEED456,300,0.0,149.2945205479452,284.0,anomaly_detection,lstm_autoencoder,lstm_autoencoder,residual,f1,0.0887272727272727,0.0887272727272727,0.0,0.0,SUCCESS,456
E5_DT300_PD00_SEED456,300,0.0,149.2945205479452,284.0,anomaly_detection,lstm_autoencoder,lstm_autoencoder,residual,false_positive_rate,1.0,1.0,0.0,0.0,SUCCESS,456
E5_DT300_PD00_SEED456,300,0.0,149.2945205479452,284.0,anomaly_detection,lstm_autoencoder,lstm_autoencoder,residual,pr_auc,0.1035199282258363,0.1306032392197611,-0.0270833109939247,0.2073708979633553,SUCCESS,456
E5_DT300_PD00_SEED456,300,0.0,149.2945205479452,284.0,anomaly_detection,lstm_autoencoder,lstm_autoencoder,residual,roc_auc,0.6340414153572409,0.7428769314301413,-0.1088355160729004,0.1465054458796788,SUCCESS,456
E5_DT300_PD00_SEED456,300,0.0,149.2945205479452,284.0,anomaly_detection,lstm_autoencoder,lstm_autoencoder,residual,detection_latency,0.0,0.0,0.0,0.0,SUCCESS,456
E5_DT300_PD00_SEED456,300,0.0,149.2945205479452,284.0,anomaly_detection,lstm_autoencoder,lstm_autoencoder,residual,threshold,0.0003816792741417,0.0003816792741417,0.0,0.0,SUCCESS,456
E5_DT300_PD05_SEED456,300,0.05,149.2998287671233,284.0,load_estimation,persistence,,raw,mae,2.5081746723372462,0.4492700455803849,2.058904626756861,4.582777434220184,SUCCESS,456
E5_DT300_PD05_SEED456,300,0.05,149.2998287671233,284.0,load_estimation,persistence,,raw,rmse,3.1996489217463084,0.6122637034975102,2.587385218248798,4.22593272060479,SUCCESS,456
E5_DT300_PD05_SEED456,300,0.05,149.2998287671233,284.0,load_estimation,persistence,,raw,mape,82.08466523087782,14.318382192492017,67.76628303838581,4.732817026906834,SUCCESS,456
E5_DT300_PD05_SEED456,300,0.05,149.2998287671233,284.0,load_estimation,persistence,,raw,r2,-0.8903631408487958,0.930782228617953,-1.8211453694667488,-1.956575140213869,SUCCESS,456
E5_DT300_PD05_SEED456,300,0.05,149.2998287671233,284.0,load_estimation,xgboost,,raw,mae,1.9466538730912373,0.2750139962910154,1.671639876800222,6.0783810982162505,SUCCESS,456
E5_DT300_PD05_SEED456,300,0.05,149.2998287671233,284.0,load_estimation,xgboost,,raw,rmse,2.5150014854446687,0.4118104239968307,2.1031910614478377,5.107182671665503,SUCCESS,456
E5_DT300_PD05_SEED456,300,0.05,149.2998287671233,284.0,load_estimation,xgboost,,raw,mape,64.41586440642114,9.136281172616451,55.279583233804686,6.050556259092637,SUCCESS,456
E5_DT300_PD05_SEED456,300,0.05,149.2998287671233,284.0,load_estimation,xgboost,,raw,r2,-0.1679307033666577,0.9686862373860586,-1.1366169407527162,-1.1733592332433755,SUCCESS,456
E5_DT300_PD05_SEED456,300,0.05,149.2998287671233,284.0,load_estimation,lstm,,raw,mae,1.931027784257324,0.2758453186169287,1.6551824656403955,6.000400782363745,SUCCESS,456
E5_DT300_PD05_SEED456,300,0.05,149.2998287671233,284.0,load_estimation,lstm,,raw,rmse,2.3261520358265195,0.4183041673895866,1.9078478684369329,4.560910498077977,SUCCESS,456
E5_DT300_PD05_SEED456,300,0.05,149.2998287671233,284.0,load_estimation,lstm,,raw,mape,69.22304484363642,8.868861318649634,60.35418352498678,6.8051784052675055,SUCCESS,456
E5_DT300_PD05_SEED456,300,0.05,149.2998287671233,284.0,load_estimation,lstm,,raw,r2,0.0036036926098282,0.9677789047373696,-0.9641752121275412,-0.9962763265533192,SUCCESS,456
E5_DT300_PD05_SEED456,300,0.05,149.2998287671233,284.0,anomaly_detection,isolation_forest,isolation_forest,raw,precision,0.1164658634538152,0.1164658634538152,0.0,0.0,SUCCESS,456
E5_DT300_PD05_SEED456,300,0.05,149.2998287671233,284.0,anomaly_detection,isolation_forest,isolation_forest,raw,recall,0.1188524590163934,0.1188524590163934,0.0,0.0,SUCCESS,456
E5_DT300_PD05_SEED456,300,0.05,149.2998287671233,284.0,anomaly_detection,isolation_forest,isolation_forest,raw,f1,0.1176470588235294,0.1176470588235294,0.0,0.0,SUCCESS,456
E5_DT300_PD05_SEED456,300,0.05,149.2998287671233,284.0,anomaly_detection,isolation_forest,isolation_forest,raw,false_positive_rate,0.0438946528332003,0.0438946528332003,0.0,0.0,SUCCESS,456
E5_DT300_PD05_SEED456,300,0.05,149.2998287671233,284.0,anomaly_detection,isolation_forest,isolation_forest,raw,pr_auc,0.09385708598261,0.09385708598261,0.0,0.0,SUCCESS,456
E5_DT300_PD05_SEED456,300,0.05,149.2998287671233,284.0,anomaly_detection,isolation_forest,isolation_forest,raw,roc_auc,0.7138596875695052,0.7138596875695052,0.0,0.0,SUCCESS,456
E5_DT300_PD05_SEED456,300,0.05,149.2998287671233,284.0,anomaly_detection,isolation_forest,isolation_forest,raw,detection_latency,3.2459016393442623,3.2459016393442623,0.0,0.0,SUCCESS,456
E5_DT300_PD05_SEED456,300,0.05,149.2998287671233,284.0,anomaly_detection,isolation_forest,isolation_forest,raw,threshold,0.5031683371451802,0.5031683371451802,0.0,0.0,SUCCESS,456
E5_DT300_PD05_SEED456,300,0.05,149.2998287671233,284.0,anomaly_detection,isolation_forest,isolation_forest,residual,precision,0.0464231354642313,0.0464231354642313,0.0,0.0,SUCCESS,456
E5_DT300_PD05_SEED456,300,0.05,149.2998287671233,284.0,anomaly_detection,isolation_forest,isolation_forest,residual,recall,1.0,1.0,0.0,0.0,SUCCESS,456
E5_DT300_PD05_SEED456,300,0.05,149.2998287671233,284.0,anomaly_detection,isolation_forest,isolation_forest,residual,f1,0.0887272727272727,0.0887272727272727,0.0,0.0,SUCCESS,456
E5_DT300_PD05_SEED456,300,0.05,149.2998287671233,284.0,anomaly_detection,isolation_forest,isolation_forest,residual,false_positive_rate,1.0,1.0,0.0,0.0,SUCCESS,456
E5_DT300_PD05_SEED456,300,0.05,149.2998287671233,284.0,anomaly_detection,isolation_forest,isolation_forest,residual,pr_auc,0.0501740200434616,0.0872394700315926,-0.0370654499881309,0.4248701874817466,SUCCESS,456
E5_DT300_PD05_SEED456,300,0.05,149.2998287671233,284.0,anomaly_detection,isolation_forest,isolation_forest,residual,roc_auc,0.5355536057723758,0.6846846257506575,-0.1491310199782817,0.2178097979267186,SUCCESS,456
E5_DT300_PD05_SEED456,300,0.05,149.2998287671233,284.0,anomaly_detection,isolation_forest,isolation_forest,residual,detection_latency,0.0,0.0,0.0,0.0,SUCCESS,456
E5_DT300_PD05_SEED456,300,0.05,149.2998287671233,284.0,anomaly_detection,isolation_forest,isolation_forest,residual,threshold,0.2937656541960819,0.2937656541960819,0.0,0.0,SUCCESS,456
E5_DT300_PD05_SEED456,300,0.05,149.2998287671233,284.0,anomaly_detection,lstm_autoencoder,lstm_autoencoder,raw,precision,0.4982578397212543,0.4982578397212543,0.0,0.0,SUCCESS,456
E5_DT300_PD05_SEED456,300,0.05,149.2998287671233,284.0,anomaly_detection,lstm_autoencoder,lstm_autoencoder,raw,recall,0.5860655737704918,0.5860655737704918,0.0,0.0,SUCCESS,456
E5_DT300_PD05_SEED456,300,0.05,149.2998287671233,284.0,anomaly_detection,lstm_autoencoder,lstm_autoencoder,raw,f1,0.5386064030131827,0.5386064030131827,0.0,0.0,SUCCESS,456
E5_DT300_PD05_SEED456,300,0.05,149.2998287671233,284.0,anomaly_detection,lstm_autoencoder,lstm_autoencoder,raw,false_positive_rate,0.028731045490822,0.028731045490822,0.0,0.0,SUCCESS,456
E5_DT300_PD05_SEED456,300,0.05,149.2998287671233,284.0,anomaly_detection,lstm_autoencoder,lstm_autoencoder,raw,pr_auc,0.561001698584242,0.561001698584242,0.0,0.0,SUCCESS,456
E5_DT300_PD05_SEED456,300,0.05,149.2998287671233,284.0,anomaly_detection,lstm_autoencoder,lstm_autoencoder,raw,roc_auc,0.9493396177043946,0.9493396177043946,0.0,0.0,SUCCESS,456
E5_DT300_PD05_SEED456,300,0.05,149.2998287671233,284.0,anomaly_detection,lstm_autoencoder,lstm_autoencoder,raw,detection_latency,1.3442622950819672,1.3442622950819672,0.0,0.0,SUCCESS,456
E5_DT300_PD05_SEED456,300,0.05,149.2998287671233,284.0,anomaly_detection,lstm_autoencoder,lstm_autoencoder,raw,threshold,0.0007370078528765,0.0007370078528765,0.0,0.0,SUCCESS,456
E5_DT300_PD05_SEED456,300,0.05,149.2998287671233,284.0,anomaly_detection,lstm_autoencoder,lstm_autoencoder,residual,precision,0.0464231354642313,0.0464231354642313,0.0,0.0,SUCCESS,456
E5_DT300_PD05_SEED456,300,0.05,149.2998287671233,284.0,anomaly_detection,lstm_autoencoder,lstm_autoencoder,residual,recall,1.0,1.0,0.0,0.0,SUCCESS,456
E5_DT300_PD05_SEED456,300,0.05,149.2998287671233,284.0,anomaly_detection,lstm_autoencoder,lstm_autoencoder,residual,f1,0.0887272727272727,0.0887272727272727,0.0,0.0,SUCCESS,456
E5_DT300_PD05_SEED456,300,0.05,149.2998287671233,284.0,anomaly_detection,lstm_autoencoder,lstm_autoencoder,residual,false_positive_rate,1.0,1.0,0.0,0.0,SUCCESS,456
E5_DT300_PD05_SEED456,300,0.05,149.2998287671233,284.0,anomaly_detection,lstm_autoencoder,lstm_autoencoder,residual,pr_auc,0.0904419447797574,0.1306032392197611,-0.0401612944400037,0.3075061130178085,SUCCESS,456
E5_DT300_PD05_SEED456,300,0.05,149.2998287671233,284.0,anomaly_detection,lstm_autoencoder,lstm_autoencoder,residual,roc_auc,0.576866340455039,0.7428769314301413,-0.1660105909751023,0.2234698426501262,SUCCESS,456
E5_DT300_PD05_SEED456,300,0.05,149.2998287671233,284.0,anomaly_detection,lstm_autoencoder,lstm_autoencoder,residual,detection_latency,0.0,0.0,0.0,0.0,SUCCESS,456
E5_DT300_PD05_SEED456,300,0.05,149.2998287671233,284.0,anomaly_detection,lstm_autoencoder,lstm_autoencoder,residual,threshold,0.0003816792741417,0.0003816792741417,0.0,0.0,SUCCESS,456
E5_DT300_PD10_SEED456,300,0.1,149.30539383561643,284.0,load_estimation,persistence,,raw,mae,2.493742996563106,0.4492700455803849,2.044472950982721,4.550654937035897,SUCCESS,456
E5_DT300_PD10_SEED456,300,0.1,149.30539383561643,284.0,load_estimation,persistence,,raw,rmse,3.227741352344465,0.6122637034975102,2.615477648846955,4.271815614589328,SUCCESS,456
E5_DT300_PD10_SEED456,300,0.1,149.30539383561643,284.0,load_estimation,persistence,,raw,mape,80.20400922603422,14.318382192492017,65.8856270335422,4.601471461495837,SUCCESS,456
E5_DT300_PD10_SEED456,300,0.1,149.30539383561643,284.0,load_estimation,persistence,,raw,r2,-0.9237030622550396,0.930782228617953,-1.8544852908729923,-1.992394390282435,SUCCESS,456
E5_DT300_PD10_SEED456,300,0.1,149.30539383561643,284.0,load_estimation,xgboost,,raw,mae,1.9848076657617475,0.2750139962910154,1.709793669470732,6.217115101521799,SUCCESS,456
E5_DT300_PD10_SEED456,300,0.1,149.30539383561643,284.0,load_estimation,xgboost,,raw,rmse,2.549865685957072,0.4118104239968307,2.138055261960241,5.191843473045975,SUCCESS,456
E5_DT300_PD10_SEED456,300,0.1,149.30539383561643,284.0,load_estimation,xgboost,,raw,mape,66.03494759625904,9.136281172616451,56.8986664236426,6.227770944066505,SUCCESS,456
E5_DT300_PD10_SEED456,300,0.1,149.30539383561643,284.0,load_estimation,xgboost,,raw,r2,-0.2005360149460615,0.9686862373860586,-1.16922225233212,-1.2070185445053867,SUCCESS,456
E5_DT300_PD10_SEED456,300,0.1,149.30539383561643,284.0,load_estimation,lstm,,raw,mae,1.9275818555413848,0.2758453186169287,1.651736536924456,5.987908532238866,SUCCESS,456
E5_DT300_PD10_SEED456,300,0.1,149.30539383561643,284.0,load_estimation,lstm,,raw,rmse,2.311172519965734,0.4183041673895866,1.8928683525761476,4.525100393784098,SUCCESS,456
E5_DT300_PD10_SEED456,300,0.1,149.30539383561643,284.0,load_estimation,lstm,,raw,mape,70.86666398174741,8.868861318649634,61.99780266309777,6.990503113711728,SUCCESS,456
E5_DT300_PD10_SEED456,300,0.1,149.30539383561643,284.0,load_estimation,lstm,,raw,r2,0.0163951840845354,0.9677789047373696,-0.951383720652834,-0.9830589569536188,SUCCESS,456
E5_DT300_PD10_SEED456,300,0.1,149.30539383561643,284.0,anomaly_detection,isolation_forest,isolation_forest,raw,precision,0.1164658634538152,0.1164658634538152,0.0,0.0,SUCCESS,456
E5_DT300_PD10_SEED456,300,0.1,149.30539383561643,284.0,anomaly_detection,isolation_forest,isolation_forest,raw,recall,0.1188524590163934,0.1188524590163934,0.0,0.0,SUCCESS,456
E5_DT300_PD10_SEED456,300,0.1,149.30539383561643,284.0,anomaly_detection,isolation_forest,isolation_forest,raw,f1,0.1176470588235294,0.1176470588235294,0.0,0.0,SUCCESS,456
E5_DT300_PD10_SEED456,300,0.1,149.30539383561643,284.0,anomaly_detection,isolation_forest,isolation_forest,raw,false_positive_rate,0.0438946528332003,0.0438946528332003,0.0,0.0,SUCCESS,456
E5_DT300_PD10_SEED456,300,0.1,149.30539383561643,284.0,anomaly_detection,isolation_forest,isolation_forest,raw,pr_auc,0.09385708598261,0.09385708598261,0.0,0.0,SUCCESS,456
E5_DT300_PD10_SEED456,300,0.1,149.30539383561643,284.0,anomaly_detection,isolation_forest,isolation_forest,raw,roc_auc,0.7138596875695052,0.7138596875695052,0.0,0.0,SUCCESS,456
E5_DT300_PD10_SEED456,300,0.1,149.30539383561643,284.0,anomaly_detection,isolation_forest,isolation_forest,raw,detection_latency,3.2459016393442623,3.2459016393442623,0.0,0.0,SUCCESS,456
E5_DT300_PD10_SEED456,300,0.1,149.30539383561643,284.0,anomaly_detection,isolation_forest,isolation_forest,raw,threshold,0.5031683371451802,0.5031683371451802,0.0,0.0,SUCCESS,456
E5_DT300_PD10_SEED456,300,0.1,149.30539383561643,284.0,anomaly_detection,isolation_forest,isolation_forest,residual,precision,0.0464231354642313,0.0464231354642313,0.0,0.0,SUCCESS,456
E5_DT300_PD10_SEED456,300,0.1,149.30539383561643,284.0,anomaly_detection,isolation_forest,isolation_forest,residual,recall,1.0,1.0,0.0,0.0,SUCCESS,456
E5_DT300_PD10_SEED456,300,0.1,149.30539383561643,284.0,anomaly_detection,isolation_forest,isolation_forest,residual,f1,0.0887272727272727,0.0887272727272727,0.0,0.0,SUCCESS,456
E5_DT300_PD10_SEED456,300,0.1,149.30539383561643,284.0,anomaly_detection,isolation_forest,isolation_forest,residual,false_positive_rate,1.0,1.0,0.0,0.0,SUCCESS,456
E5_DT300_PD10_SEED456,300,0.1,149.30539383561643,284.0,anomaly_detection,isolation_forest,isolation_forest,residual,pr_auc,0.044534768855006,0.0872394700315926,-0.0427047011765865,0.4895112402805933,SUCCESS,456
E5_DT300_PD10_SEED456,300,0.1,149.30539383561643,284.0,anomaly_detection,isolation_forest,isolation_forest,residual,roc_auc,0.5043211865293786,0.6846846257506575,-0.1803634392212788,0.2634255720632495,SUCCESS,456
E5_DT300_PD10_SEED456,300,0.1,149.30539383561643,284.0,anomaly_detection,isolation_forest,isolation_forest,residual,detection_latency,0.0,0.0,0.0,0.0,SUCCESS,456
E5_DT300_PD10_SEED456,300,0.1,149.30539383561643,284.0,anomaly_detection,isolation_forest,isolation_forest,residual,threshold,0.2937656541960819,0.2937656541960819,0.0,0.0,SUCCESS,456
E5_DT300_PD10_SEED456,300,0.1,149.30539383561643,284.0,anomaly_detection,lstm_autoencoder,lstm_autoencoder,raw,precision,0.4982578397212543,0.4982578397212543,0.0,0.0,SUCCESS,456
E5_DT300_PD10_SEED456,300,0.1,149.30539383561643,284.0,anomaly_detection,lstm_autoencoder,lstm_autoencoder,raw,recall,0.5860655737704918,0.5860655737704918,0.0,0.0,SUCCESS,456
E5_DT300_PD10_SEED456,300,0.1,149.30539383561643,284.0,anomaly_detection,lstm_autoencoder,lstm_autoencoder,raw,f1,0.5386064030131827,0.5386064030131827,0.0,0.0,SUCCESS,456
E5_DT300_PD10_SEED456,300,0.1,149.30539383561643,284.0,anomaly_detection,lstm_autoencoder,lstm_autoencoder,raw,false_positive_rate,0.028731045490822,0.028731045490822,0.0,0.0,SUCCESS,456
E5_DT300_PD10_SEED456,300,0.1,149.30539383561643,284.0,anomaly_detection,lstm_autoencoder,lstm_autoencoder,raw,pr_auc,0.561001698584242,0.561001698584242,0.0,0.0,SUCCESS,456
E5_DT300_PD10_SEED456,300,0.1,149.30539383561643,284.0,anomaly_detection,lstm_autoencoder,lstm_autoencoder,raw,roc_auc,0.9493396177043946,0.9493396177043946,0.0,0.0,SUCCESS,456
E5_DT300_PD10_SEED456,300,0.1,149.30539383561643,284.0,anomaly_detection,lstm_autoencoder,lstm_autoencoder,raw,detection_latency,1.3442622950819672,1.3442622950819672,0.0,0.0,SUCCESS,456
E5_DT300_PD10_SEED456,300,0.1,149.30539383561643,284.0,anomaly_detection,lstm_autoencoder,lstm_autoencoder,raw,threshold,0.0007370078528765,0.0007370078528765,0.0,0.0,SUCCESS,456
E5_DT300_PD10_SEED456,300,0.1,149.30539383561643,284.0,anomaly_detection,lstm_autoencoder,lstm_autoencoder,residual,precision,0.0464231354642313,0.0464231354642313,0.0,0.0,SUCCESS,456
E5_DT300_PD10_SEED456,300,0.1,149.30539383561643,284.0,anomaly_detection,lstm_autoencoder,lstm_autoencoder,residual,recall,1.0,1.0,0.0,0.0,SUCCESS,456
E5_DT300_PD10_SEED456,300,0.1,149.30539383561643,284.0,anomaly_detection,lstm_autoencoder,lstm_autoencoder,residual,f1,0.0887272727272727,0.0887272727272727,0.0,0.0,SUCCESS,456
E5_DT300_PD10_SEED456,300,0.1,149.30539383561643,284.0,anomaly_detection,lstm_autoencoder,lstm_autoencoder,residual,false_positive_rate,1.0,1.0,0.0,0.0,SUCCESS,456
E5_DT300_PD10_SEED456,300,0.1,149.30539383561643,284.0,anomaly_detection,lstm_autoencoder,lstm_autoencoder,residual,pr_auc,0.0882504683841669,0.1306032392197611,-0.0423527708355942,0.3242857611236486,SUCCESS,456
E5_DT300_PD10_SEED456,300,0.1,149.30539383561643,284.0,anomaly_detection,lstm_autoencoder,lstm_autoencoder,residual,roc_auc,0.5578644041186398,0.7428769314301413,-0.1850125273115015,0.2490486909525198,SUCCESS,456
E5_DT300_PD10_SEED456,300,0.1,149.30539383561643,284.0,anomaly_detection,lstm_autoencoder,lstm_autoencoder,residual,detection_latency,0.0,0.0,0.0,0.0,SUCCESS,456
E5_DT300_PD10_SEED456,300,0.1,149.30539383561643,284.0,anomaly_detection,lstm_autoencoder,lstm_autoencoder,residual,threshold,0.0003816792741417,0.0003816792741417,0.0,0.0,SUCCESS,456
E5_DT300_PD20_SEED456,300,0.2,149.35419520547944,285.0,load_estimation,persistence,,raw,mae,2.4976056293446907,0.4492700455803849,2.0483355837643056,4.559252511745322,SUCCESS,456
E5_DT300_PD20_SEED456,300,0.2,149.35419520547944,285.0,load_estimation,persistence,,raw,rmse,3.196819288837848,0.6122637034975102,2.584555585340338,4.22131112880979,SUCCESS,456
E5_DT300_PD20_SEED456,300,0.2,149.35419520547944,285.0,load_estimation,persistence,,raw,mape,85.30386277585444,14.318382192492017,70.98548058336243,4.957646724962012,SUCCESS,456
E5_DT300_PD20_SEED456,300,0.2,149.35419520547944,285.0,load_estimation,persistence,,raw,r2,-0.8870211063603233,0.930782228617953,-1.8178033349782765,-1.952984574788662,SUCCESS,456
E5_DT300_PD20_SEED456,300,0.2,149.35419520547944,285.0,load_estimation,xgboost,,raw,mae,1.971622311361304,0.2750139962910154,1.6966083150702886,6.16917079840171,SUCCESS,456
E5_DT300_PD20_SEED456,300,0.2,149.35419520547944,285.0,load_estimation,xgboost,,raw,rmse,2.546699784526875,0.4118104239968307,2.1348893605300443,5.184155708857127,SUCCESS,456
E5_DT300_PD20_SEED456,300,0.2,149.35419520547944,285.0,load_estimation,xgboost,,raw,mape,67.81269740158562,9.136281172616451,58.67641622896917,6.422352281017354,SUCCESS,456
E5_DT300_PD20_SEED456,300,0.2,149.35419520547944,285.0,load_estimation,xgboost,,raw,r2,-0.1975567057275173,0.9686862373860586,-1.166242943113576,-1.2039429261022767,SUCCESS,456
E5_DT300_PD20_SEED456,300,0.2,149.35419520547944,285.0,load_estimation,lstm,,raw,mae,1.9094287946168171,0.2758453186169287,1.6335834759998886,5.922099690473541,SUCCESS,456
E5_DT300_PD20_SEED456,300,0.2,149.35419520547944,285.0,load_estimation,lstm,,raw,rmse,2.312258408812322,0.4183041673895866,1.8939542414227355,4.52769632500172,SUCCESS,456
E5_DT300_PD20_SEED456,300,0.2,149.35419520547944,285.0,load_estimation,lstm,,raw,mape,67.99871003851854,8.868861318649634,59.1298487198689,6.66712970193021,SUCCESS,456
E5_DT300_PD20_SEED456,300,0.2,149.35419520547944,285.0,load_estimation,lstm,,raw,r2,0.0154706867515027,0.9677789047373696,-0.9523082179858668,-0.9840142343713296,SUCCESS,456
E5_DT300_PD20_SEED456,300,0.2,149.35419520547944,285.0,anomaly_detection,isolation_forest,isolation_forest,raw,precision,0.1164658634538152,0.1164658634538152,0.0,0.0,SUCCESS,456
E5_DT300_PD20_SEED456,300,0.2,149.35419520547944,285.0,anomaly_detection,isolation_forest,isolation_forest,raw,recall,0.1188524590163934,0.1188524590163934,0.0,0.0,SUCCESS,456
E5_DT300_PD20_SEED456,300,0.2,149.35419520547944,285.0,anomaly_detection,isolation_forest,isolation_forest,raw,f1,0.1176470588235294,0.1176470588235294,0.0,0.0,SUCCESS,456
E5_DT300_PD20_SEED456,300,0.2,149.35419520547944,285.0,anomaly_detection,isolation_forest,isolation_forest,raw,false_positive_rate,0.0438946528332003,0.0438946528332003,0.0,0.0,SUCCESS,456
E5_DT300_PD20_SEED456,300,0.2,149.35419520547944,285.0,anomaly_detection,isolation_forest,isolation_forest,raw,pr_auc,0.09385708598261,0.09385708598261,0.0,0.0,SUCCESS,456
E5_DT300_PD20_SEED456,300,0.2,149.35419520547944,285.0,anomaly_detection,isolation_forest,isolation_forest,raw,roc_auc,0.7138596875695052,0.7138596875695052,0.0,0.0,SUCCESS,456
E5_DT300_PD20_SEED456,300,0.2,149.35419520547944,285.0,anomaly_detection,isolation_forest,isolation_forest,raw,detection_latency,3.2459016393442623,3.2459016393442623,0.0,0.0,SUCCESS,456
E5_DT300_PD20_SEED456,300,0.2,149.35419520547944,285.0,anomaly_detection,isolation_forest,isolation_forest,raw,threshold,0.5031683371451802,0.5031683371451802,0.0,0.0,SUCCESS,456
E5_DT300_PD20_SEED456,300,0.2,149.35419520547944,285.0,anomaly_detection,isolation_forest,isolation_forest,residual,precision,0.0464231354642313,0.0464231354642313,0.0,0.0,SUCCESS,456
E5_DT300_PD20_SEED456,300,0.2,149.35419520547944,285.0,anomaly_detection,isolation_forest,isolation_forest,residual,recall,1.0,1.0,0.0,0.0,SUCCESS,456
E5_DT300_PD20_SEED456,300,0.2,149.35419520547944,285.0,anomaly_detection,isolation_forest,isolation_forest,residual,f1,0.0887272727272727,0.0887272727272727,0.0,0.0,SUCCESS,456
E5_DT300_PD20_SEED456,300,0.2,149.35419520547944,285.0,anomaly_detection,isolation_forest,isolation_forest,residual,false_positive_rate,1.0,1.0,0.0,0.0,SUCCESS,456
E5_DT300_PD20_SEED456,300,0.2,149.35419520547944,285.0,anomaly_detection,isolation_forest,isolation_forest,residual,pr_auc,0.0410728851387074,0.0872394700315926,-0.0461665848928851,0.5291937797898881,SUCCESS,456
E5_DT300_PD20_SEED456,300,0.2,149.35419520547944,285.0,anomaly_detection,isolation_forest,isolation_forest,residual,roc_auc,0.4748145434563605,0.6846846257506575,-0.2098700822942969,0.3065208044714087,SUCCESS,456
E5_DT300_PD20_SEED456,300,0.2,149.35419520547944,285.0,anomaly_detection,isolation_forest,isolation_forest,residual,detection_latency,0.0,0.0,0.0,0.0,SUCCESS,456
E5_DT300_PD20_SEED456,300,0.2,149.35419520547944,285.0,anomaly_detection,isolation_forest,isolation_forest,residual,threshold,0.2937656541960819,0.2937656541960819,0.0,0.0,SUCCESS,456
E5_DT300_PD20_SEED456,300,0.2,149.35419520547944,285.0,anomaly_detection,lstm_autoencoder,lstm_autoencoder,raw,precision,0.4982578397212543,0.4982578397212543,0.0,0.0,SUCCESS,456
E5_DT300_PD20_SEED456,300,0.2,149.35419520547944,285.0,anomaly_detection,lstm_autoencoder,lstm_autoencoder,raw,recall,0.5860655737704918,0.5860655737704918,0.0,0.0,SUCCESS,456
E5_DT300_PD20_SEED456,300,0.2,149.35419520547944,285.0,anomaly_detection,lstm_autoencoder,lstm_autoencoder,raw,f1,0.5386064030131827,0.5386064030131827,0.0,0.0,SUCCESS,456
E5_DT300_PD20_SEED456,300,0.2,149.35419520547944,285.0,anomaly_detection,lstm_autoencoder,lstm_autoencoder,raw,false_positive_rate,0.028731045490822,0.028731045490822,0.0,0.0,SUCCESS,456
E5_DT300_PD20_SEED456,300,0.2,149.35419520547944,285.0,anomaly_detection,lstm_autoencoder,lstm_autoencoder,raw,pr_auc,0.561001698584242,0.561001698584242,0.0,0.0,SUCCESS,456
E5_DT300_PD20_SEED456,300,0.2,149.35419520547944,285.0,anomaly_detection,lstm_autoencoder,lstm_autoencoder,raw,roc_auc,0.9493396177043946,0.9493396177043946,0.0,0.0,SUCCESS,456
E5_DT300_PD20_SEED456,300,0.2,149.35419520547944,285.0,anomaly_detection,lstm_autoencoder,lstm_autoencoder,raw,detection_latency,1.3442622950819672,1.3442622950819672,0.0,0.0,SUCCESS,456
E5_DT300_PD20_SEED456,300,0.2,149.35419520547944,285.0,anomaly_detection,lstm_autoencoder,lstm_autoencoder,raw,threshold,0.0007370078528765,0.0007370078528765,0.0,0.0,SUCCESS,456
E5_DT300_PD20_SEED456,300,0.2,149.35419520547944,285.0,anomaly_detection,lstm_autoencoder,lstm_autoencoder,residual,precision,0.0464231354642313,0.0464231354642313,0.0,0.0,SUCCESS,456
E5_DT300_PD20_SEED456,300,0.2,149.35419520547944,285.0,anomaly_detection,lstm_autoencoder,lstm_autoencoder,residual,recall,1.0,1.0,0.0,0.0,SUCCESS,456
E5_DT300_PD20_SEED456,300,0.2,149.35419520547944,285.0,anomaly_detection,lstm_autoencoder,lstm_autoencoder,residual,f1,0.0887272727272727,0.0887272727272727,0.0,0.0,SUCCESS,456
E5_DT300_PD20_SEED456,300,0.2,149.35419520547944,285.0,anomaly_detection,lstm_autoencoder,lstm_autoencoder,residual,false_positive_rate,1.0,1.0,0.0,0.0,SUCCESS,456
E5_DT300_PD20_SEED456,300,0.2,149.35419520547944,285.0,anomaly_detection,lstm_autoencoder,lstm_autoencoder,residual,pr_auc,0.1071066011348828,0.1306032392197611,-0.0234966380848782,0.179908539981473,SUCCESS,456
E5_DT300_PD20_SEED456,300,0.2,149.35419520547944,285.0,anomaly_detection,lstm_autoencoder,lstm_autoencoder,residual,roc_auc,0.5502425326756767,0.7428769314301413,-0.1926343987544646,0.2593086292013626,SUCCESS,456
E5_DT300_PD20_SEED456,300,0.2,149.35419520547944,285.0,anomaly_detection,lstm_autoencoder,lstm_autoencoder,residual,detection_latency,0.0,0.0,0.0,0.0,SUCCESS,456
E5_DT300_PD20_SEED456,300,0.2,149.35419520547944,285.0,anomaly_detection,lstm_autoencoder,lstm_autoencoder,residual,threshold,0.0003816792741417,0.0003816792741417,0.0,0.0,SUCCESS,456
E5_DT0_PD00_SEED789,0,0.0,0.0,0.0,load_estimation,persistence,,raw,mae,0.4498919691646662,0.4498919691646662,0.0,0.0,SUCCESS,789
E5_DT0_PD00_SEED789,0,0.0,0.0,0.0,load_estimation,persistence,,raw,rmse,0.6124154498606276,0.6124154498606276,0.0,0.0,SUCCESS,789
E5_DT0_PD00_SEED789,0,0.0,0.0,0.0,load_estimation,persistence,,raw,mape,14.12149407205246,14.12149407205246,0.0,0.0,SUCCESS,789
E5_DT0_PD00_SEED789,0,0.0,0.0,0.0,load_estimation,persistence,,raw,r2,0.9307479138394198,0.9307479138394198,0.0,0.0,SUCCESS,789
E5_DT0_PD00_SEED789,0,0.0,0.0,0.0,load_estimation,xgboost,,raw,mae,0.2750232725927274,0.2750232725927274,0.0,0.0,SUCCESS,789
E5_DT0_PD00_SEED789,0,0.0,0.0,0.0,load_estimation,xgboost,,raw,rmse,0.4144889415427226,0.4144889415427226,0.0,0.0,SUCCESS,789
E5_DT0_PD00_SEED789,0,0.0,0.0,0.0,load_estimation,xgboost,,raw,mape,9.085560043649886,9.085560043649886,0.0,0.0,SUCCESS,789
E5_DT0_PD00_SEED789,0,0.0,0.0,0.0,load_estimation,xgboost,,raw,r2,0.9682775676298728,0.9682775676298728,0.0,0.0,SUCCESS,789
E5_DT0_PD00_SEED789,0,0.0,0.0,0.0,load_estimation,lstm,,raw,mae,0.2799320810273526,0.2799320810273526,0.0,0.0,SUCCESS,789
E5_DT0_PD00_SEED789,0,0.0,0.0,0.0,load_estimation,lstm,,raw,rmse,0.4213114562541473,0.4213114562541473,0.0,0.0,SUCCESS,789
E5_DT0_PD00_SEED789,0,0.0,0.0,0.0,load_estimation,lstm,,raw,mape,8.950627129882083,8.950627129882083,0.0,0.0,SUCCESS,789
E5_DT0_PD00_SEED789,0,0.0,0.0,0.0,load_estimation,lstm,,raw,r2,0.9673139490398543,0.9673139490398543,0.0,0.0,SUCCESS,789
E5_DT0_PD00_SEED789,0,0.0,0.0,0.0,anomaly_detection,isolation_forest,isolation_forest,raw,precision,0.1164658634538152,0.1164658634538152,0.0,0.0,SUCCESS,789
E5_DT0_PD00_SEED789,0,0.0,0.0,0.0,anomaly_detection,isolation_forest,isolation_forest,raw,recall,0.1188524590163934,0.1188524590163934,0.0,0.0,SUCCESS,789
E5_DT0_PD00_SEED789,0,0.0,0.0,0.0,anomaly_detection,isolation_forest,isolation_forest,raw,f1,0.1176470588235294,0.1176470588235294,0.0,0.0,SUCCESS,789
E5_DT0_PD00_SEED789,0,0.0,0.0,0.0,anomaly_detection,isolation_forest,isolation_forest,raw,false_positive_rate,0.0438946528332003,0.0438946528332003,0.0,0.0,SUCCESS,789
E5_DT0_PD00_SEED789,0,0.0,0.0,0.0,anomaly_detection,isolation_forest,isolation_forest,raw,pr_auc,0.09385708598261,0.09385708598261,0.0,0.0,SUCCESS,789
E5_DT0_PD00_SEED789,0,0.0,0.0,0.0,anomaly_detection,isolation_forest,isolation_forest,raw,roc_auc,0.7138596875695052,0.7138596875695052,0.0,0.0,SUCCESS,789
E5_DT0_PD00_SEED789,0,0.0,0.0,0.0,anomaly_detection,isolation_forest,isolation_forest,raw,detection_latency,3.2459016393442623,3.2459016393442623,0.0,0.0,SUCCESS,789
E5_DT0_PD00_SEED789,0,0.0,0.0,0.0,anomaly_detection,isolation_forest,isolation_forest,raw,threshold,0.5031683371451802,0.5031683371451802,0.0,0.0,SUCCESS,789
E5_DT0_PD00_SEED789,0,0.0,0.0,0.0,anomaly_detection,isolation_forest,isolation_forest,residual,precision,0.0464231354642313,0.0464231354642313,0.0,0.0,SUCCESS,789
E5_DT0_PD00_SEED789,0,0.0,0.0,0.0,anomaly_detection,isolation_forest,isolation_forest,residual,recall,1.0,1.0,0.0,0.0,SUCCESS,789
E5_DT0_PD00_SEED789,0,0.0,0.0,0.0,anomaly_detection,isolation_forest,isolation_forest,residual,f1,0.0887272727272727,0.0887272727272727,0.0,0.0,SUCCESS,789
E5_DT0_PD00_SEED789,0,0.0,0.0,0.0,anomaly_detection,isolation_forest,isolation_forest,residual,false_positive_rate,1.0,1.0,0.0,0.0,SUCCESS,789
E5_DT0_PD00_SEED789,0,0.0,0.0,0.0,anomaly_detection,isolation_forest,isolation_forest,residual,pr_auc,0.0821393508125507,0.0821393508125507,0.0,0.0,SUCCESS,789
E5_DT0_PD00_SEED789,0,0.0,0.0,0.0,anomaly_detection,isolation_forest,isolation_forest,residual,roc_auc,0.6862922428793846,0.6862922428793846,0.0,0.0,SUCCESS,789
E5_DT0_PD00_SEED789,0,0.0,0.0,0.0,anomaly_detection,isolation_forest,isolation_forest,residual,detection_latency,0.0,0.0,0.0,0.0,SUCCESS,789
E5_DT0_PD00_SEED789,0,0.0,0.0,0.0,anomaly_detection,isolation_forest,isolation_forest,residual,threshold,0.2937656541960819,0.2937656541960819,0.0,0.0,SUCCESS,789
E5_DT0_PD00_SEED789,0,0.0,0.0,0.0,anomaly_detection,lstm_autoencoder,lstm_autoencoder,raw,precision,0.4982578397212543,0.4982578397212543,0.0,0.0,SUCCESS,789
E5_DT0_PD00_SEED789,0,0.0,0.0,0.0,anomaly_detection,lstm_autoencoder,lstm_autoencoder,raw,recall,0.5860655737704918,0.5860655737704918,0.0,0.0,SUCCESS,789
E5_DT0_PD00_SEED789,0,0.0,0.0,0.0,anomaly_detection,lstm_autoencoder,lstm_autoencoder,raw,f1,0.5386064030131827,0.5386064030131827,0.0,0.0,SUCCESS,789
E5_DT0_PD00_SEED789,0,0.0,0.0,0.0,anomaly_detection,lstm_autoencoder,lstm_autoencoder,raw,false_positive_rate,0.028731045490822,0.028731045490822,0.0,0.0,SUCCESS,789
E5_DT0_PD00_SEED789,0,0.0,0.0,0.0,anomaly_detection,lstm_autoencoder,lstm_autoencoder,raw,pr_auc,0.561001698584242,0.561001698584242,0.0,0.0,SUCCESS,789
E5_DT0_PD00_SEED789,0,0.0,0.0,0.0,anomaly_detection,lstm_autoencoder,lstm_autoencoder,raw,roc_auc,0.9493396177043946,0.9493396177043946,0.0,0.0,SUCCESS,789
E5_DT0_PD00_SEED789,0,0.0,0.0,0.0,anomaly_detection,lstm_autoencoder,lstm_autoencoder,raw,detection_latency,1.3442622950819672,1.3442622950819672,0.0,0.0,SUCCESS,789
E5_DT0_PD00_SEED789,0,0.0,0.0,0.0,anomaly_detection,lstm_autoencoder,lstm_autoencoder,raw,threshold,0.0007370078528765,0.0007370078528765,0.0,0.0,SUCCESS,789
E5_DT0_PD00_SEED789,0,0.0,0.0,0.0,anomaly_detection,lstm_autoencoder,lstm_autoencoder,residual,precision,0.0464231354642313,0.0464231354642313,0.0,0.0,SUCCESS,789
E5_DT0_PD00_SEED789,0,0.0,0.0,0.0,anomaly_detection,lstm_autoencoder,lstm_autoencoder,residual,recall,1.0,1.0,0.0,0.0,SUCCESS,789
E5_DT0_PD00_SEED789,0,0.0,0.0,0.0,anomaly_detection,lstm_autoencoder,lstm_autoencoder,residual,f1,0.0887272727272727,0.0887272727272727,0.0,0.0,SUCCESS,789
E5_DT0_PD00_SEED789,0,0.0,0.0,0.0,anomaly_detection,lstm_autoencoder,lstm_autoencoder,residual,false_positive_rate,1.0,1.0,0.0,0.0,SUCCESS,789
E5_DT0_PD00_SEED789,0,0.0,0.0,0.0,anomaly_detection,lstm_autoencoder,lstm_autoencoder,residual,pr_auc,0.1234193205004322,0.1234193205004322,0.0,0.0,SUCCESS,789
E5_DT0_PD00_SEED789,0,0.0,0.0,0.0,anomaly_detection,lstm_autoencoder,lstm_autoencoder,residual,roc_auc,0.7175696361519239,0.7175696361519239,0.0,0.0,SUCCESS,789
E5_DT0_PD00_SEED789,0,0.0,0.0,0.0,anomaly_detection,lstm_autoencoder,lstm_autoencoder,residual,detection_latency,0.0,0.0,0.0,0.0,SUCCESS,789
E5_DT0_PD00_SEED789,0,0.0,0.0,0.0,anomaly_detection,lstm_autoencoder,lstm_autoencoder,residual,threshold,0.0003816792741417,0.0003816792741417,0.0,0.0,SUCCESS,789
E5_DT0_PD05_SEED789,0,0.05,0.0539098173515981,1.0,load_estimation,persistence,,raw,mae,0.458412524329745,0.4498919691646662,0.0085205551650788,0.0189391137185652,SUCCESS,789
E5_DT0_PD05_SEED789,0,0.05,0.0539098173515981,1.0,load_estimation,persistence,,raw,rmse,0.6240627737593011,0.6124154498606276,0.0116473238986735,0.0190186643745258,SUCCESS,789
E5_DT0_PD05_SEED789,0,0.05,0.0539098173515981,1.0,load_estimation,persistence,,raw,mape,14.26211453849884,14.12149407205246,0.1406204664463803,0.0099579028769115,SUCCESS,789
E5_DT0_PD05_SEED789,0,0.05,0.0539098173515981,1.0,load_estimation,persistence,,raw,r2,0.9280887003275624,0.9307479138394198,-0.0026592135118573,-0.0028570716864546,SUCCESS,789
E5_DT0_PD05_SEED789,0,0.05,0.0539098173515981,1.0,load_estimation,xgboost,,raw,mae,0.2777106274299244,0.2750232725927274,0.0026873548371969,0.0097713724800903,SUCCESS,789
E5_DT0_PD05_SEED789,0,0.05,0.0539098173515981,1.0,load_estimation,xgboost,,raw,rmse,0.4167989607906832,0.4144889415427226,0.0023100192479605,0.0055731746168249,SUCCESS,789
E5_DT0_PD05_SEED789,0,0.05,0.0539098173515981,1.0,load_estimation,xgboost,,raw,mape,9.166705924155488,9.085560043649886,0.081145880505602,0.008931301990824,SUCCESS,789
E5_DT0_PD05_SEED789,0,0.05,0.0539098173515981,1.0,load_estimation,xgboost,,raw,r2,0.9679229930126516,0.9682775676298728,-0.0003545746172212,-0.0003661910892856,SUCCESS,789
E5_DT0_PD05_SEED789,0,0.05,0.0539098173515981,1.0,load_estimation,lstm,,raw,mae,0.2802688805523461,0.2799320810273526,0.0003367995249935,0.0012031472911482,SUCCESS,789
E5_DT0_PD05_SEED789,0,0.05,0.0539098173515981,1.0,load_estimation,lstm,,raw,rmse,0.4209841288482801,0.4213114562541473,-0.0003273274058672,-0.0007769250064488,SUCCESS,789
E5_DT0_PD05_SEED789,0,0.05,0.0539098173515981,1.0,load_estimation,lstm,,raw,mape,8.958513201881122,8.950627129882083,0.0078860719990387,0.0008810636265598,SUCCESS,789
E5_DT0_PD05_SEED789,0,0.05,0.0539098173515981,1.0,load_estimation,lstm,,raw,r2,0.9673647185308526,0.9673139490398543,5.076949099824813e-05,5.248501900405901e-05,SUCCESS,789
E5_DT0_PD05_SEED789,0,0.05,0.0539098173515981,1.0,anomaly_detection,isolation_forest,isolation_forest,raw,precision,0.1164658634538152,0.1164658634538152,0.0,0.0,SUCCESS,789
E5_DT0_PD05_SEED789,0,0.05,0.0539098173515981,1.0,anomaly_detection,isolation_forest,isolation_forest,raw,recall,0.1188524590163934,0.1188524590163934,0.0,0.0,SUCCESS,789
E5_DT0_PD05_SEED789,0,0.05,0.0539098173515981,1.0,anomaly_detection,isolation_forest,isolation_forest,raw,f1,0.1176470588235294,0.1176470588235294,0.0,0.0,SUCCESS,789
E5_DT0_PD05_SEED789,0,0.05,0.0539098173515981,1.0,anomaly_detection,isolation_forest,isolation_forest,raw,false_positive_rate,0.0438946528332003,0.0438946528332003,0.0,0.0,SUCCESS,789
E5_DT0_PD05_SEED789,0,0.05,0.0539098173515981,1.0,anomaly_detection,isolation_forest,isolation_forest,raw,pr_auc,0.09385708598261,0.09385708598261,0.0,0.0,SUCCESS,789
E5_DT0_PD05_SEED789,0,0.05,0.0539098173515981,1.0,anomaly_detection,isolation_forest,isolation_forest,raw,roc_auc,0.7138596875695052,0.7138596875695052,0.0,0.0,SUCCESS,789
E5_DT0_PD05_SEED789,0,0.05,0.0539098173515981,1.0,anomaly_detection,isolation_forest,isolation_forest,raw,detection_latency,3.2459016393442623,3.2459016393442623,0.0,0.0,SUCCESS,789
E5_DT0_PD05_SEED789,0,0.05,0.0539098173515981,1.0,anomaly_detection,isolation_forest,isolation_forest,raw,threshold,0.5031683371451802,0.5031683371451802,0.0,0.0,SUCCESS,789
E5_DT0_PD05_SEED789,0,0.05,0.0539098173515981,1.0,anomaly_detection,isolation_forest,isolation_forest,residual,precision,0.0464231354642313,0.0464231354642313,0.0,0.0,SUCCESS,789
E5_DT0_PD05_SEED789,0,0.05,0.0539098173515981,1.0,anomaly_detection,isolation_forest,isolation_forest,residual,recall,1.0,1.0,0.0,0.0,SUCCESS,789
E5_DT0_PD05_SEED789,0,0.05,0.0539098173515981,1.0,anomaly_detection,isolation_forest,isolation_forest,residual,f1,0.0887272727272727,0.0887272727272727,0.0,0.0,SUCCESS,789
E5_DT0_PD05_SEED789,0,0.05,0.0539098173515981,1.0,anomaly_detection,isolation_forest,isolation_forest,residual,false_positive_rate,1.0,1.0,0.0,0.0,SUCCESS,789
E5_DT0_PD05_SEED789,0,0.05,0.0539098173515981,1.0,anomaly_detection,isolation_forest,isolation_forest,residual,pr_auc,0.0793752272834529,0.0821393508125507,-0.0027641235290977,0.0336516359303321,SUCCESS,789
E5_DT0_PD05_SEED789,0,0.05,0.0539098173515981,1.0,anomaly_detection,isolation_forest,isolation_forest,residual,roc_auc,0.6826019193280389,0.6862922428793846,-0.0036903235513456,0.0053771896588291,SUCCESS,789
E5_DT0_PD05_SEED789,0,0.05,0.0539098173515981,1.0,anomaly_detection,isolation_forest,isolation_forest,residual,detection_latency,0.0,0.0,0.0,0.0,SUCCESS,789
E5_DT0_PD05_SEED789,0,0.05,0.0539098173515981,1.0,anomaly_detection,isolation_forest,isolation_forest,residual,threshold,0.2937656541960819,0.2937656541960819,0.0,0.0,SUCCESS,789
E5_DT0_PD05_SEED789,0,0.05,0.0539098173515981,1.0,anomaly_detection,lstm_autoencoder,lstm_autoencoder,raw,precision,0.4982578397212543,0.4982578397212543,0.0,0.0,SUCCESS,789
E5_DT0_PD05_SEED789,0,0.05,0.0539098173515981,1.0,anomaly_detection,lstm_autoencoder,lstm_autoencoder,raw,recall,0.5860655737704918,0.5860655737704918,0.0,0.0,SUCCESS,789
E5_DT0_PD05_SEED789,0,0.05,0.0539098173515981,1.0,anomaly_detection,lstm_autoencoder,lstm_autoencoder,raw,f1,0.5386064030131827,0.5386064030131827,0.0,0.0,SUCCESS,789
E5_DT0_PD05_SEED789,0,0.05,0.0539098173515981,1.0,anomaly_detection,lstm_autoencoder,lstm_autoencoder,raw,false_positive_rate,0.028731045490822,0.028731045490822,0.0,0.0,SUCCESS,789
E5_DT0_PD05_SEED789,0,0.05,0.0539098173515981,1.0,anomaly_detection,lstm_autoencoder,lstm_autoencoder,raw,pr_auc,0.561001698584242,0.561001698584242,0.0,0.0,SUCCESS,789
E5_DT0_PD05_SEED789,0,0.05,0.0539098173515981,1.0,anomaly_detection,lstm_autoencoder,lstm_autoencoder,raw,roc_auc,0.9493396177043946,0.9493396177043946,0.0,0.0,SUCCESS,789
E5_DT0_PD05_SEED789,0,0.05,0.0539098173515981,1.0,anomaly_detection,lstm_autoencoder,lstm_autoencoder,raw,detection_latency,1.3442622950819672,1.3442622950819672,0.0,0.0,SUCCESS,789
E5_DT0_PD05_SEED789,0,0.05,0.0539098173515981,1.0,anomaly_detection,lstm_autoencoder,lstm_autoencoder,raw,threshold,0.0007370078528765,0.0007370078528765,0.0,0.0,SUCCESS,789
E5_DT0_PD05_SEED789,0,0.05,0.0539098173515981,1.0,anomaly_detection,lstm_autoencoder,lstm_autoencoder,residual,precision,0.0464231354642313,0.0464231354642313,0.0,0.0,SUCCESS,789
E5_DT0_PD05_SEED789,0,0.05,0.0539098173515981,1.0,anomaly_detection,lstm_autoencoder,lstm_autoencoder,residual,recall,1.0,1.0,0.0,0.0,SUCCESS,789
E5_DT0_PD05_SEED789,0,0.05,0.0539098173515981,1.0,anomaly_detection,lstm_autoencoder,lstm_autoencoder,residual,f1,0.0887272727272727,0.0887272727272727,0.0,0.0,SUCCESS,789
E5_DT0_PD05_SEED789,0,0.05,0.0539098173515981,1.0,anomaly_detection,lstm_autoencoder,lstm_autoencoder,residual,false_positive_rate,1.0,1.0,0.0,0.0,SUCCESS,789
E5_DT0_PD05_SEED789,0,0.05,0.0539098173515981,1.0,anomaly_detection,lstm_autoencoder,lstm_autoencoder,residual,pr_auc,0.1244604876873564,0.1234193205004322,0.0010411671869242,-0.0084360145778035,SUCCESS,789
E5_DT0_PD05_SEED789,0,0.05,0.0539098173515981,1.0,anomaly_detection,lstm_autoencoder,lstm_autoencoder,residual,roc_auc,0.7180103816414376,0.7175696361519239,0.0004407454895136,-0.0006142198154833,SUCCESS,789
E5_DT0_PD05_SEED789,0,0.05,0.0539098173515981,1.0,anomaly_detection,lstm_autoencoder,lstm_autoencoder,residual,detection_latency,0.0,0.0,0.0,0.0,SUCCESS,789
E5_DT0_PD05_SEED789,0,0.05,0.0539098173515981,1.0,anomaly_detection,lstm_autoencoder,lstm_autoencoder,residual,threshold,0.0003816792741417,0.0003816792741417,0.0,0.0,SUCCESS,789
E5_DT0_PD10_SEED789,0,0.1,0.114783105022831,1.0,load_estimation,persistence,,raw,mae,0.4684022513177115,0.4498919691646662,0.0185102821530454,0.0411438376804419,SUCCESS,789
E5_DT0_PD10_SEED789,0,0.1,0.114783105022831,1.0,load_estimation,persistence,,raw,rmse,0.6366166503233538,0.6124154498606276,0.0242012004627262,0.0395176190741659,SUCCESS,789
E5_DT0_PD10_SEED789,0,0.1,0.114783105022831,1.0,load_estimation,persistence,,raw,mape,14.518688649007425,14.12149407205246,0.3971945769549645,0.0281269513642358,SUCCESS,789
E5_DT0_PD10_SEED789,0,0.1,0.114783105022831,1.0,load_estimation,persistence,,raw,r2,0.9251664117360656,0.9307479138394198,-0.0055815021033541,-0.0059967924938235,SUCCESS,789
E5_DT0_PD10_SEED789,0,0.1,0.114783105022831,1.0,load_estimation,xgboost,,raw,mae,0.2794107763462415,0.2750232725927274,0.004387503753514,0.0159532090217374,SUCCESS,789
E5_DT0_PD10_SEED789,0,0.1,0.114783105022831,1.0,load_estimation,xgboost,,raw,rmse,0.4183167583288753,0.4144889415427226,0.0038278167861526,0.0092350275303017,SUCCESS,789
E5_DT0_PD10_SEED789,0,0.1,0.114783105022831,1.0,load_estimation,xgboost,,raw,mape,9.2173995008991,9.085560043649886,0.1318394572492138,0.0145108784286071,SUCCESS,789
E5_DT0_PD10_SEED789,0,0.1,0.114783105022831,1.0,load_estimation,xgboost,,raw,r2,0.9676889470864276,0.9682775676298728,-0.0005886205434452,-0.0006079047611172,SUCCESS,789
E5_DT0_PD10_SEED789,0,0.1,0.114783105022831,1.0,load_estimation,lstm,,raw,mae,0.2800647625612433,0.2799320810273526,0.0001326815338907,0.000473977592721,SUCCESS,789
E5_DT0_PD10_SEED789,0,0.1,0.114783105022831,1.0,load_estimation,lstm,,raw,rmse,0.4201120485262901,0.4213114562541473,-0.0011994077278572,-0.0028468433745455,SUCCESS,789
E5_DT0_PD10_SEED789,0,0.1,0.114783105022831,1.0,load_estimation,lstm,,raw,mape,8.950990848493975,8.950627129882083,0.0003637186118918,4.0636103662233e-05,SUCCESS,789
E5_DT0_PD10_SEED789,0,0.1,0.114783105022831,1.0,load_estimation,lstm,,raw,r2,0.967499788270424,0.9673139490398543,0.0001858392305696,0.000192118836655,SUCCESS,789
E5_DT0_PD10_SEED789,0,0.1,0.114783105022831,1.0,anomaly_detection,isolation_forest,isolation_forest,raw,precision,0.1164658634538152,0.1164658634538152,0.0,0.0,SUCCESS,789
E5_DT0_PD10_SEED789,0,0.1,0.114783105022831,1.0,anomaly_detection,isolation_forest,isolation_forest,raw,recall,0.1188524590163934,0.1188524590163934,0.0,0.0,SUCCESS,789
E5_DT0_PD10_SEED789,0,0.1,0.114783105022831,1.0,anomaly_detection,isolation_forest,isolation_forest,raw,f1,0.1176470588235294,0.1176470588235294,0.0,0.0,SUCCESS,789
E5_DT0_PD10_SEED789,0,0.1,0.114783105022831,1.0,anomaly_detection,isolation_forest,isolation_forest,raw,false_positive_rate,0.0438946528332003,0.0438946528332003,0.0,0.0,SUCCESS,789
E5_DT0_PD10_SEED789,0,0.1,0.114783105022831,1.0,anomaly_detection,isolation_forest,isolation_forest,raw,pr_auc,0.09385708598261,0.09385708598261,0.0,0.0,SUCCESS,789
E5_DT0_PD10_SEED789,0,0.1,0.114783105022831,1.0,anomaly_detection,isolation_forest,isolation_forest,raw,roc_auc,0.7138596875695052,0.7138596875695052,0.0,0.0,SUCCESS,789
E5_DT0_PD10_SEED789,0,0.1,0.114783105022831,1.0,anomaly_detection,isolation_forest,isolation_forest,raw,detection_latency,3.2459016393442623,3.2459016393442623,0.0,0.0,SUCCESS,789
E5_DT0_PD10_SEED789,0,0.1,0.114783105022831,1.0,anomaly_detection,isolation_forest,isolation_forest,raw,threshold,0.5031683371451802,0.5031683371451802,0.0,0.0,SUCCESS,789
E5_DT0_PD10_SEED789,0,0.1,0.114783105022831,1.0,anomaly_detection,isolation_forest,isolation_forest,residual,precision,0.0464231354642313,0.0464231354642313,0.0,0.0,SUCCESS,789
E5_DT0_PD10_SEED789,0,0.1,0.114783105022831,1.0,anomaly_detection,isolation_forest,isolation_forest,residual,recall,1.0,1.0,0.0,0.0,SUCCESS,789
E5_DT0_PD10_SEED789,0,0.1,0.114783105022831,1.0,anomaly_detection,isolation_forest,isolation_forest,residual,f1,0.0887272727272727,0.0887272727272727,0.0,0.0,SUCCESS,789
E5_DT0_PD10_SEED789,0,0.1,0.114783105022831,1.0,anomaly_detection,isolation_forest,isolation_forest,residual,false_positive_rate,1.0,1.0,0.0,0.0,SUCCESS,789
E5_DT0_PD10_SEED789,0,0.1,0.114783105022831,1.0,anomaly_detection,isolation_forest,isolation_forest,residual,pr_auc,0.0769518227540945,0.0821393508125507,-0.0051875280584562,0.0631552113224589,SUCCESS,789
E5_DT0_PD10_SEED789,0,0.1,0.114783105022831,1.0,anomaly_detection,isolation_forest,isolation_forest,residual,roc_auc,0.6796319979589966,0.6862922428793846,-0.0066602449203879,0.009704677547344,SUCCESS,789
E5_DT0_PD10_SEED789,0,0.1,0.114783105022831,1.0,anomaly_detection,isolation_forest,isolation_forest,residual,detection_latency,0.0,0.0,0.0,0.0,SUCCESS,789
E5_DT0_PD10_SEED789,0,0.1,0.114783105022831,1.0,anomaly_detection,isolation_forest,isolation_forest,residual,threshold,0.2937656541960819,0.2937656541960819,0.0,0.0,SUCCESS,789
E5_DT0_PD10_SEED789,0,0.1,0.114783105022831,1.0,anomaly_detection,lstm_autoencoder,lstm_autoencoder,raw,precision,0.4982578397212543,0.4982578397212543,0.0,0.0,SUCCESS,789
E5_DT0_PD10_SEED789,0,0.1,0.114783105022831,1.0,anomaly_detection,lstm_autoencoder,lstm_autoencoder,raw,recall,0.5860655737704918,0.5860655737704918,0.0,0.0,SUCCESS,789
E5_DT0_PD10_SEED789,0,0.1,0.114783105022831,1.0,anomaly_detection,lstm_autoencoder,lstm_autoencoder,raw,f1,0.5386064030131827,0.5386064030131827,0.0,0.0,SUCCESS,789
E5_DT0_PD10_SEED789,0,0.1,0.114783105022831,1.0,anomaly_detection,lstm_autoencoder,lstm_autoencoder,raw,false_positive_rate,0.028731045490822,0.028731045490822,0.0,0.0,SUCCESS,789
E5_DT0_PD10_SEED789,0,0.1,0.114783105022831,1.0,anomaly_detection,lstm_autoencoder,lstm_autoencoder,raw,pr_auc,0.561001698584242,0.561001698584242,0.0,0.0,SUCCESS,789
E5_DT0_PD10_SEED789,0,0.1,0.114783105022831,1.0,anomaly_detection,lstm_autoencoder,lstm_autoencoder,raw,roc_auc,0.9493396177043946,0.9493396177043946,0.0,0.0,SUCCESS,789
E5_DT0_PD10_SEED789,0,0.1,0.114783105022831,1.0,anomaly_detection,lstm_autoencoder,lstm_autoencoder,raw,detection_latency,1.3442622950819672,1.3442622950819672,0.0,0.0,SUCCESS,789
E5_DT0_PD10_SEED789,0,0.1,0.114783105022831,1.0,anomaly_detection,lstm_autoencoder,lstm_autoencoder,raw,threshold,0.0007370078528765,0.0007370078528765,0.0,0.0,SUCCESS,789
E5_DT0_PD10_SEED789,0,0.1,0.114783105022831,1.0,anomaly_detection,lstm_autoencoder,lstm_autoencoder,residual,precision,0.0464231354642313,0.0464231354642313,0.0,0.0,SUCCESS,789
E5_DT0_PD10_SEED789,0,0.1,0.114783105022831,1.0,anomaly_detection,lstm_autoencoder,lstm_autoencoder,residual,recall,1.0,1.0,0.0,0.0,SUCCESS,789
E5_DT0_PD10_SEED789,0,0.1,0.114783105022831,1.0,anomaly_detection,lstm_autoencoder,lstm_autoencoder,residual,f1,0.0887272727272727,0.0887272727272727,0.0,0.0,SUCCESS,789
E5_DT0_PD10_SEED789,0,0.1,0.114783105022831,1.0,anomaly_detection,lstm_autoencoder,lstm_autoencoder,residual,false_positive_rate,1.0,1.0,0.0,0.0,SUCCESS,789
E5_DT0_PD10_SEED789,0,0.1,0.114783105022831,1.0,anomaly_detection,lstm_autoencoder,lstm_autoencoder,residual,pr_auc,0.1260272821177377,0.1234193205004322,0.0026079616173054,-0.0211309024124497,SUCCESS,789
E5_DT0_PD10_SEED789,0,0.1,0.114783105022831,1.0,anomaly_detection,lstm_autoencoder,lstm_autoencoder,residual,roc_auc,0.7207071879947144,0.7175696361519239,0.0031375518427905,-0.0043724701892573,SUCCESS,789
E5_DT0_PD10_SEED789,0,0.1,0.114783105022831,1.0,anomaly_detection,lstm_autoencoder,lstm_autoencoder,residual,detection_latency,0.0,0.0,0.0,0.0,SUCCESS,789
E5_DT0_PD10_SEED789,0,0.1,0.114783105022831,1.0,anomaly_detection,lstm_autoencoder,lstm_autoencoder,residual,threshold,0.0003816792741417,0.0003816792741417,0.0,0.0,SUCCESS,789
E5_DT0_PD20_SEED789,0,0.2,0.2471746575342465,1.0,load_estimation,persistence,,raw,mae,0.4920262407335698,0.4498919691646662,0.0421342715689036,0.0936541980225523,SUCCESS,789
E5_DT0_PD20_SEED789,0,0.2,0.2471746575342465,1.0,load_estimation,persistence,,raw,rmse,0.6687250588465831,0.6124154498606276,0.0563096089859554,0.0919467479123368,SUCCESS,789
E5_DT0_PD20_SEED789,0,0.2,0.2471746575342465,1.0,load_estimation,persistence,,raw,mape,15.120578231514704,14.12149407205246,0.9990841594622424,0.0707491823715387,SUCCESS,789
E5_DT0_PD20_SEED789,0,0.2,0.2471746575342465,1.0,load_estimation,persistence,,raw,r2,0.917427434327094,0.9307479138394198,-0.0133204795123258,-0.0143115867511082,SUCCESS,789
E5_DT0_PD20_SEED789,0,0.2,0.2471746575342465,1.0,load_estimation,xgboost,,raw,mae,0.2887814064684524,0.2750232725927274,0.0137581338757249,0.0500253442045935,SUCCESS,789
E5_DT0_PD20_SEED789,0,0.2,0.2471746575342465,1.0,load_estimation,xgboost,,raw,rmse,0.4318174815892416,0.4144889415427226,0.0173285400465189,0.0418070020927997,SUCCESS,789
E5_DT0_PD20_SEED789,0,0.2,0.2471746575342465,1.0,load_estimation,xgboost,,raw,mape,9.458809889812729,9.085560043649886,0.3732498461628406,0.0410816553266536,SUCCESS,789
E5_DT0_PD20_SEED789,0,0.2,0.2471746575342465,1.0,load_estimation,xgboost,,raw,r2,0.9655696827630924,0.9682775676298728,-0.0027078848667804,-0.0027965998152871,SUCCESS,789
E5_DT0_PD20_SEED789,0,0.2,0.2471746575342465,1.0,load_estimation,lstm,,raw,mae,0.2841161422057018,0.2799320810273526,0.0041840611783491,0.0149467012247887,SUCCESS,789
E5_DT0_PD20_SEED789,0,0.2,0.2471746575342465,1.0,load_estimation,lstm,,raw,rmse,0.4247299424956591,0.4213114562541473,0.0034184862415118,0.0081139171289225,SUCCESS,789
E5_DT0_PD20_SEED789,0,0.2,0.2471746575342465,1.0,load_estimation,lstm,,raw,mape,9.048865167179498,8.950627129882083,0.0982380372974152,0.0109755479556782,SUCCESS,789
E5_DT0_PD20_SEED789,0,0.2,0.2471746575342465,1.0,load_estimation,lstm,,raw,r2,0.9667813733148805,0.9673139490398543,-0.000532575724974,-0.0005505717409561,SUCCESS,789
E5_DT0_PD20_SEED789,0,0.2,0.2471746575342465,1.0,anomaly_detection,isolation_forest,isolation_forest,raw,precision,0.1164658634538152,0.1164658634538152,0.0,0.0,SUCCESS,789
E5_DT0_PD20_SEED789,0,0.2,0.2471746575342465,1.0,anomaly_detection,isolation_forest,isolation_forest,raw,recall,0.1188524590163934,0.1188524590163934,0.0,0.0,SUCCESS,789
E5_DT0_PD20_SEED789,0,0.2,0.2471746575342465,1.0,anomaly_detection,isolation_forest,isolation_forest,raw,f1,0.1176470588235294,0.1176470588235294,0.0,0.0,SUCCESS,789
E5_DT0_PD20_SEED789,0,0.2,0.2471746575342465,1.0,anomaly_detection,isolation_forest,isolation_forest,raw,false_positive_rate,0.0438946528332003,0.0438946528332003,0.0,0.0,SUCCESS,789
E5_DT0_PD20_SEED789,0,0.2,0.2471746575342465,1.0,anomaly_detection,isolation_forest,isolation_forest,raw,pr_auc,0.09385708598261,0.09385708598261,0.0,0.0,SUCCESS,789
E5_DT0_PD20_SEED789,0,0.2,0.2471746575342465,1.0,anomaly_detection,isolation_forest,isolation_forest,raw,roc_auc,0.7138596875695052,0.7138596875695052,0.0,0.0,SUCCESS,789
E5_DT0_PD20_SEED789,0,0.2,0.2471746575342465,1.0,anomaly_detection,isolation_forest,isolation_forest,raw,detection_latency,3.2459016393442623,3.2459016393442623,0.0,0.0,SUCCESS,789
E5_DT0_PD20_SEED789,0,0.2,0.2471746575342465,1.0,anomaly_detection,isolation_forest,isolation_forest,raw,threshold,0.5031683371451802,0.5031683371451802,0.0,0.0,SUCCESS,789
E5_DT0_PD20_SEED789,0,0.2,0.2471746575342465,1.0,anomaly_detection,isolation_forest,isolation_forest,residual,precision,0.0464231354642313,0.0464231354642313,0.0,0.0,SUCCESS,789
E5_DT0_PD20_SEED789,0,0.2,0.2471746575342465,1.0,anomaly_detection,isolation_forest,isolation_forest,residual,recall,1.0,1.0,0.0,0.0,SUCCESS,789
E5_DT0_PD20_SEED789,0,0.2,0.2471746575342465,1.0,anomaly_detection,isolation_forest,isolation_forest,residual,f1,0.0887272727272727,0.0887272727272727,0.0,0.0,SUCCESS,789
E5_DT0_PD20_SEED789,0,0.2,0.2471746575342465,1.0,anomaly_detection,isolation_forest,isolation_forest,residual,false_positive_rate,1.0,1.0,0.0,0.0,SUCCESS,789
E5_DT0_PD20_SEED789,0,0.2,0.2471746575342465,1.0,anomaly_detection,isolation_forest,isolation_forest,residual,pr_auc,0.0734477885945234,0.0821393508125507,-0.0086915622180272,0.1058148394411125,SUCCESS,789
E5_DT0_PD20_SEED789,0,0.2,0.2471746575342465,1.0,anomaly_detection,isolation_forest,isolation_forest,residual,roc_auc,0.6687654547119699,0.6862922428793846,-0.0175267881674147,0.0255383742848089,SUCCESS,789
E5_DT0_PD20_SEED789,0,0.2,0.2471746575342465,1.0,anomaly_detection,isolation_forest,isolation_forest,residual,detection_latency,0.0,0.0,0.0,0.0,SUCCESS,789
E5_DT0_PD20_SEED789,0,0.2,0.2471746575342465,1.0,anomaly_detection,isolation_forest,isolation_forest,residual,threshold,0.2937656541960819,0.2937656541960819,0.0,0.0,SUCCESS,789
E5_DT0_PD20_SEED789,0,0.2,0.2471746575342465,1.0,anomaly_detection,lstm_autoencoder,lstm_autoencoder,raw,precision,0.4982578397212543,0.4982578397212543,0.0,0.0,SUCCESS,789
E5_DT0_PD20_SEED789,0,0.2,0.2471746575342465,1.0,anomaly_detection,lstm_autoencoder,lstm_autoencoder,raw,recall,0.5860655737704918,0.5860655737704918,0.0,0.0,SUCCESS,789
E5_DT0_PD20_SEED789,0,0.2,0.2471746575342465,1.0,anomaly_detection,lstm_autoencoder,lstm_autoencoder,raw,f1,0.5386064030131827,0.5386064030131827,0.0,0.0,SUCCESS,789
E5_DT0_PD20_SEED789,0,0.2,0.2471746575342465,1.0,anomaly_detection,lstm_autoencoder,lstm_autoencoder,raw,false_positive_rate,0.028731045490822,0.028731045490822,0.0,0.0,SUCCESS,789
E5_DT0_PD20_SEED789,0,0.2,0.2471746575342465,1.0,anomaly_detection,lstm_autoencoder,lstm_autoencoder,raw,pr_auc,0.561001698584242,0.561001698584242,0.0,0.0,SUCCESS,789
E5_DT0_PD20_SEED789,0,0.2,0.2471746575342465,1.0,anomaly_detection,lstm_autoencoder,lstm_autoencoder,raw,roc_auc,0.9493396177043946,0.9493396177043946,0.0,0.0,SUCCESS,789
E5_DT0_PD20_SEED789,0,0.2,0.2471746575342465,1.0,anomaly_detection,lstm_autoencoder,lstm_autoencoder,raw,detection_latency,1.3442622950819672,1.3442622950819672,0.0,0.0,SUCCESS,789
E5_DT0_PD20_SEED789,0,0.2,0.2471746575342465,1.0,anomaly_detection,lstm_autoencoder,lstm_autoencoder,raw,threshold,0.0007370078528765,0.0007370078528765,0.0,0.0,SUCCESS,789
E5_DT0_PD20_SEED789,0,0.2,0.2471746575342465,1.0,anomaly_detection,lstm_autoencoder,lstm_autoencoder,residual,precision,0.0464231354642313,0.0464231354642313,0.0,0.0,SUCCESS,789
E5_DT0_PD20_SEED789,0,0.2,0.2471746575342465,1.0,anomaly_detection,lstm_autoencoder,lstm_autoencoder,residual,recall,1.0,1.0,0.0,0.0,SUCCESS,789
E5_DT0_PD20_SEED789,0,0.2,0.2471746575342465,1.0,anomaly_detection,lstm_autoencoder,lstm_autoencoder,residual,f1,0.0887272727272727,0.0887272727272727,0.0,0.0,SUCCESS,789
E5_DT0_PD20_SEED789,0,0.2,0.2471746575342465,1.0,anomaly_detection,lstm_autoencoder,lstm_autoencoder,residual,false_positive_rate,1.0,1.0,0.0,0.0,SUCCESS,789
E5_DT0_PD20_SEED789,0,0.2,0.2471746575342465,1.0,anomaly_detection,lstm_autoencoder,lstm_autoencoder,residual,pr_auc,0.127207824117553,0.1234193205004322,0.0037885036171208,-0.0306961957152208,SUCCESS,789
E5_DT0_PD20_SEED789,0,0.2,0.2471746575342465,1.0,anomaly_detection,lstm_autoencoder,lstm_autoencoder,residual,roc_auc,0.720396458336059,0.7175696361519239,0.0028268221841351,-0.0039394395215694,SUCCESS,789
E5_DT0_PD20_SEED789,0,0.2,0.2471746575342465,1.0,anomaly_detection,lstm_autoencoder,lstm_autoencoder,residual,detection_latency,0.0,0.0,0.0,0.0,SUCCESS,789
E5_DT0_PD20_SEED789,0,0.2,0.2471746575342465,1.0,anomaly_detection,lstm_autoencoder,lstm_autoencoder,residual,threshold,0.0003816792741417,0.0003816792741417,0.0,0.0,SUCCESS,789
E5_DT1_PD00_SEED789,1,0.0,0.0,0.0,load_estimation,persistence,,raw,mae,0.4498919691646662,0.4498919691646662,0.0,0.0,SUCCESS,789
E5_DT1_PD00_SEED789,1,0.0,0.0,0.0,load_estimation,persistence,,raw,rmse,0.6124154498606276,0.6124154498606276,0.0,0.0,SUCCESS,789
E5_DT1_PD00_SEED789,1,0.0,0.0,0.0,load_estimation,persistence,,raw,mape,14.12149407205246,14.12149407205246,0.0,0.0,SUCCESS,789
E5_DT1_PD00_SEED789,1,0.0,0.0,0.0,load_estimation,persistence,,raw,r2,0.9307479138394198,0.9307479138394198,0.0,0.0,SUCCESS,789
E5_DT1_PD00_SEED789,1,0.0,0.0,0.0,load_estimation,xgboost,,raw,mae,0.2750232725927274,0.2750232725927274,0.0,0.0,SUCCESS,789
E5_DT1_PD00_SEED789,1,0.0,0.0,0.0,load_estimation,xgboost,,raw,rmse,0.4144889415427226,0.4144889415427226,0.0,0.0,SUCCESS,789
E5_DT1_PD00_SEED789,1,0.0,0.0,0.0,load_estimation,xgboost,,raw,mape,9.085560043649886,9.085560043649886,0.0,0.0,SUCCESS,789
E5_DT1_PD00_SEED789,1,0.0,0.0,0.0,load_estimation,xgboost,,raw,r2,0.9682775676298728,0.9682775676298728,0.0,0.0,SUCCESS,789
E5_DT1_PD00_SEED789,1,0.0,0.0,0.0,load_estimation,lstm,,raw,mae,0.2799320810273526,0.2799320810273526,0.0,0.0,SUCCESS,789
E5_DT1_PD00_SEED789,1,0.0,0.0,0.0,load_estimation,lstm,,raw,rmse,0.4213114562541473,0.4213114562541473,0.0,0.0,SUCCESS,789
E5_DT1_PD00_SEED789,1,0.0,0.0,0.0,load_estimation,lstm,,raw,mape,8.950627129882083,8.950627129882083,0.0,0.0,SUCCESS,789
E5_DT1_PD00_SEED789,1,0.0,0.0,0.0,load_estimation,lstm,,raw,r2,0.9673139490398543,0.9673139490398543,0.0,0.0,SUCCESS,789
E5_DT1_PD00_SEED789,1,0.0,0.0,0.0,anomaly_detection,isolation_forest,isolation_forest,raw,precision,0.1164658634538152,0.1164658634538152,0.0,0.0,SUCCESS,789
E5_DT1_PD00_SEED789,1,0.0,0.0,0.0,anomaly_detection,isolation_forest,isolation_forest,raw,recall,0.1188524590163934,0.1188524590163934,0.0,0.0,SUCCESS,789
E5_DT1_PD00_SEED789,1,0.0,0.0,0.0,anomaly_detection,isolation_forest,isolation_forest,raw,f1,0.1176470588235294,0.1176470588235294,0.0,0.0,SUCCESS,789
E5_DT1_PD00_SEED789,1,0.0,0.0,0.0,anomaly_detection,isolation_forest,isolation_forest,raw,false_positive_rate,0.0438946528332003,0.0438946528332003,0.0,0.0,SUCCESS,789
E5_DT1_PD00_SEED789,1,0.0,0.0,0.0,anomaly_detection,isolation_forest,isolation_forest,raw,pr_auc,0.09385708598261,0.09385708598261,0.0,0.0,SUCCESS,789
E5_DT1_PD00_SEED789,1,0.0,0.0,0.0,anomaly_detection,isolation_forest,isolation_forest,raw,roc_auc,0.7138596875695052,0.7138596875695052,0.0,0.0,SUCCESS,789
E5_DT1_PD00_SEED789,1,0.0,0.0,0.0,anomaly_detection,isolation_forest,isolation_forest,raw,detection_latency,3.2459016393442623,3.2459016393442623,0.0,0.0,SUCCESS,789
E5_DT1_PD00_SEED789,1,0.0,0.0,0.0,anomaly_detection,isolation_forest,isolation_forest,raw,threshold,0.5031683371451802,0.5031683371451802,0.0,0.0,SUCCESS,789
E5_DT1_PD00_SEED789,1,0.0,0.0,0.0,anomaly_detection,isolation_forest,isolation_forest,residual,precision,0.0464231354642313,0.0464231354642313,0.0,0.0,SUCCESS,789
E5_DT1_PD00_SEED789,1,0.0,0.0,0.0,anomaly_detection,isolation_forest,isolation_forest,residual,recall,1.0,1.0,0.0,0.0,SUCCESS,789
E5_DT1_PD00_SEED789,1,0.0,0.0,0.0,anomaly_detection,isolation_forest,isolation_forest,residual,f1,0.0887272727272727,0.0887272727272727,0.0,0.0,SUCCESS,789
E5_DT1_PD00_SEED789,1,0.0,0.0,0.0,anomaly_detection,isolation_forest,isolation_forest,residual,false_positive_rate,1.0,1.0,0.0,0.0,SUCCESS,789
E5_DT1_PD00_SEED789,1,0.0,0.0,0.0,anomaly_detection,isolation_forest,isolation_forest,residual,pr_auc,0.0821393508125507,0.0821393508125507,0.0,0.0,SUCCESS,789
E5_DT1_PD00_SEED789,1,0.0,0.0,0.0,anomaly_detection,isolation_forest,isolation_forest,residual,roc_auc,0.6862922428793846,0.6862922428793846,0.0,0.0,SUCCESS,789
E5_DT1_PD00_SEED789,1,0.0,0.0,0.0,anomaly_detection,isolation_forest,isolation_forest,residual,detection_latency,0.0,0.0,0.0,0.0,SUCCESS,789
E5_DT1_PD00_SEED789,1,0.0,0.0,0.0,anomaly_detection,isolation_forest,isolation_forest,residual,threshold,0.2937656541960819,0.2937656541960819,0.0,0.0,SUCCESS,789
E5_DT1_PD00_SEED789,1,0.0,0.0,0.0,anomaly_detection,lstm_autoencoder,lstm_autoencoder,raw,precision,0.4982578397212543,0.4982578397212543,0.0,0.0,SUCCESS,789
E5_DT1_PD00_SEED789,1,0.0,0.0,0.0,anomaly_detection,lstm_autoencoder,lstm_autoencoder,raw,recall,0.5860655737704918,0.5860655737704918,0.0,0.0,SUCCESS,789
E5_DT1_PD00_SEED789,1,0.0,0.0,0.0,anomaly_detection,lstm_autoencoder,lstm_autoencoder,raw,f1,0.5386064030131827,0.5386064030131827,0.0,0.0,SUCCESS,789
E5_DT1_PD00_SEED789,1,0.0,0.0,0.0,anomaly_detection,lstm_autoencoder,lstm_autoencoder,raw,false_positive_rate,0.028731045490822,0.028731045490822,0.0,0.0,SUCCESS,789
E5_DT1_PD00_SEED789,1,0.0,0.0,0.0,anomaly_detection,lstm_autoencoder,lstm_autoencoder,raw,pr_auc,0.561001698584242,0.561001698584242,0.0,0.0,SUCCESS,789
E5_DT1_PD00_SEED789,1,0.0,0.0,0.0,anomaly_detection,lstm_autoencoder,lstm_autoencoder,raw,roc_auc,0.9493396177043946,0.9493396177043946,0.0,0.0,SUCCESS,789
E5_DT1_PD00_SEED789,1,0.0,0.0,0.0,anomaly_detection,lstm_autoencoder,lstm_autoencoder,raw,detection_latency,1.3442622950819672,1.3442622950819672,0.0,0.0,SUCCESS,789
E5_DT1_PD00_SEED789,1,0.0,0.0,0.0,anomaly_detection,lstm_autoencoder,lstm_autoencoder,raw,threshold,0.0007370078528765,0.0007370078528765,0.0,0.0,SUCCESS,789
E5_DT1_PD00_SEED789,1,0.0,0.0,0.0,anomaly_detection,lstm_autoencoder,lstm_autoencoder,residual,precision,0.0464231354642313,0.0464231354642313,0.0,0.0,SUCCESS,789
E5_DT1_PD00_SEED789,1,0.0,0.0,0.0,anomaly_detection,lstm_autoencoder,lstm_autoencoder,residual,recall,1.0,1.0,0.0,0.0,SUCCESS,789
E5_DT1_PD00_SEED789,1,0.0,0.0,0.0,anomaly_detection,lstm_autoencoder,lstm_autoencoder,residual,f1,0.0887272727272727,0.0887272727272727,0.0,0.0,SUCCESS,789
E5_DT1_PD00_SEED789,1,0.0,0.0,0.0,anomaly_detection,lstm_autoencoder,lstm_autoencoder,residual,false_positive_rate,1.0,1.0,0.0,0.0,SUCCESS,789
E5_DT1_PD00_SEED789,1,0.0,0.0,0.0,anomaly_detection,lstm_autoencoder,lstm_autoencoder,residual,pr_auc,0.1234193205004322,0.1234193205004322,0.0,0.0,SUCCESS,789
E5_DT1_PD00_SEED789,1,0.0,0.0,0.0,anomaly_detection,lstm_autoencoder,lstm_autoencoder,residual,roc_auc,0.7175696361519239,0.7175696361519239,0.0,0.0,SUCCESS,789
E5_DT1_PD00_SEED789,1,0.0,0.0,0.0,anomaly_detection,lstm_autoencoder,lstm_autoencoder,residual,detection_latency,0.0,0.0,0.0,0.0,SUCCESS,789
E5_DT1_PD00_SEED789,1,0.0,0.0,0.0,anomaly_detection,lstm_autoencoder,lstm_autoencoder,residual,threshold,0.0003816792741417,0.0003816792741417,0.0,0.0,SUCCESS,789
E5_DT1_PD05_SEED789,1,0.05,0.0539098173515981,1.0,load_estimation,persistence,,raw,mae,0.458412524329745,0.4498919691646662,0.0085205551650788,0.0189391137185652,SUCCESS,789
E5_DT1_PD05_SEED789,1,0.05,0.0539098173515981,1.0,load_estimation,persistence,,raw,rmse,0.6240627737593011,0.6124154498606276,0.0116473238986735,0.0190186643745258,SUCCESS,789
E5_DT1_PD05_SEED789,1,0.05,0.0539098173515981,1.0,load_estimation,persistence,,raw,mape,14.26211453849884,14.12149407205246,0.1406204664463803,0.0099579028769115,SUCCESS,789
E5_DT1_PD05_SEED789,1,0.05,0.0539098173515981,1.0,load_estimation,persistence,,raw,r2,0.9280887003275624,0.9307479138394198,-0.0026592135118573,-0.0028570716864546,SUCCESS,789
E5_DT1_PD05_SEED789,1,0.05,0.0539098173515981,1.0,load_estimation,xgboost,,raw,mae,0.2777106274299244,0.2750232725927274,0.0026873548371969,0.0097713724800903,SUCCESS,789
E5_DT1_PD05_SEED789,1,0.05,0.0539098173515981,1.0,load_estimation,xgboost,,raw,rmse,0.4167989607906832,0.4144889415427226,0.0023100192479605,0.0055731746168249,SUCCESS,789
E5_DT1_PD05_SEED789,1,0.05,0.0539098173515981,1.0,load_estimation,xgboost,,raw,mape,9.166705924155488,9.085560043649886,0.081145880505602,0.008931301990824,SUCCESS,789
E5_DT1_PD05_SEED789,1,0.05,0.0539098173515981,1.0,load_estimation,xgboost,,raw,r2,0.9679229930126516,0.9682775676298728,-0.0003545746172212,-0.0003661910892856,SUCCESS,789
E5_DT1_PD05_SEED789,1,0.05,0.0539098173515981,1.0,load_estimation,lstm,,raw,mae,0.2802688805523461,0.2799320810273526,0.0003367995249935,0.0012031472911482,SUCCESS,789
E5_DT1_PD05_SEED789,1,0.05,0.0539098173515981,1.0,load_estimation,lstm,,raw,rmse,0.4209841288482801,0.4213114562541473,-0.0003273274058672,-0.0007769250064488,SUCCESS,789
E5_DT1_PD05_SEED789,1,0.05,0.0539098173515981,1.0,load_estimation,lstm,,raw,mape,8.958513201881122,8.950627129882083,0.0078860719990387,0.0008810636265598,SUCCESS,789
E5_DT1_PD05_SEED789,1,0.05,0.0539098173515981,1.0,load_estimation,lstm,,raw,r2,0.9673647185308526,0.9673139490398543,5.076949099824813e-05,5.248501900405901e-05,SUCCESS,789
E5_DT1_PD05_SEED789,1,0.05,0.0539098173515981,1.0,anomaly_detection,isolation_forest,isolation_forest,raw,precision,0.1164658634538152,0.1164658634538152,0.0,0.0,SUCCESS,789
E5_DT1_PD05_SEED789,1,0.05,0.0539098173515981,1.0,anomaly_detection,isolation_forest,isolation_forest,raw,recall,0.1188524590163934,0.1188524590163934,0.0,0.0,SUCCESS,789
E5_DT1_PD05_SEED789,1,0.05,0.0539098173515981,1.0,anomaly_detection,isolation_forest,isolation_forest,raw,f1,0.1176470588235294,0.1176470588235294,0.0,0.0,SUCCESS,789
E5_DT1_PD05_SEED789,1,0.05,0.0539098173515981,1.0,anomaly_detection,isolation_forest,isolation_forest,raw,false_positive_rate,0.0438946528332003,0.0438946528332003,0.0,0.0,SUCCESS,789
E5_DT1_PD05_SEED789,1,0.05,0.0539098173515981,1.0,anomaly_detection,isolation_forest,isolation_forest,raw,pr_auc,0.09385708598261,0.09385708598261,0.0,0.0,SUCCESS,789
E5_DT1_PD05_SEED789,1,0.05,0.0539098173515981,1.0,anomaly_detection,isolation_forest,isolation_forest,raw,roc_auc,0.7138596875695052,0.7138596875695052,0.0,0.0,SUCCESS,789
E5_DT1_PD05_SEED789,1,0.05,0.0539098173515981,1.0,anomaly_detection,isolation_forest,isolation_forest,raw,detection_latency,3.2459016393442623,3.2459016393442623,0.0,0.0,SUCCESS,789
E5_DT1_PD05_SEED789,1,0.05,0.0539098173515981,1.0,anomaly_detection,isolation_forest,isolation_forest,raw,threshold,0.5031683371451802,0.5031683371451802,0.0,0.0,SUCCESS,789
E5_DT1_PD05_SEED789,1,0.05,0.0539098173515981,1.0,anomaly_detection,isolation_forest,isolation_forest,residual,precision,0.0464231354642313,0.0464231354642313,0.0,0.0,SUCCESS,789
E5_DT1_PD05_SEED789,1,0.05,0.0539098173515981,1.0,anomaly_detection,isolation_forest,isolation_forest,residual,recall,1.0,1.0,0.0,0.0,SUCCESS,789
E5_DT1_PD05_SEED789,1,0.05,0.0539098173515981,1.0,anomaly_detection,isolation_forest,isolation_forest,residual,f1,0.0887272727272727,0.0887272727272727,0.0,0.0,SUCCESS,789
E5_DT1_PD05_SEED789,1,0.05,0.0539098173515981,1.0,anomaly_detection,isolation_forest,isolation_forest,residual,false_positive_rate,1.0,1.0,0.0,0.0,SUCCESS,789
E5_DT1_PD05_SEED789,1,0.05,0.0539098173515981,1.0,anomaly_detection,isolation_forest,isolation_forest,residual,pr_auc,0.0793752272834529,0.0821393508125507,-0.0027641235290977,0.0336516359303321,SUCCESS,789
E5_DT1_PD05_SEED789,1,0.05,0.0539098173515981,1.0,anomaly_detection,isolation_forest,isolation_forest,residual,roc_auc,0.6826019193280389,0.6862922428793846,-0.0036903235513456,0.0053771896588291,SUCCESS,789
E5_DT1_PD05_SEED789,1,0.05,0.0539098173515981,1.0,anomaly_detection,isolation_forest,isolation_forest,residual,detection_latency,0.0,0.0,0.0,0.0,SUCCESS,789
E5_DT1_PD05_SEED789,1,0.05,0.0539098173515981,1.0,anomaly_detection,isolation_forest,isolation_forest,residual,threshold,0.2937656541960819,0.2937656541960819,0.0,0.0,SUCCESS,789
E5_DT1_PD05_SEED789,1,0.05,0.0539098173515981,1.0,anomaly_detection,lstm_autoencoder,lstm_autoencoder,raw,precision,0.4982578397212543,0.4982578397212543,0.0,0.0,SUCCESS,789
E5_DT1_PD05_SEED789,1,0.05,0.0539098173515981,1.0,anomaly_detection,lstm_autoencoder,lstm_autoencoder,raw,recall,0.5860655737704918,0.5860655737704918,0.0,0.0,SUCCESS,789
E5_DT1_PD05_SEED789,1,0.05,0.0539098173515981,1.0,anomaly_detection,lstm_autoencoder,lstm_autoencoder,raw,f1,0.5386064030131827,0.5386064030131827,0.0,0.0,SUCCESS,789
E5_DT1_PD05_SEED789,1,0.05,0.0539098173515981,1.0,anomaly_detection,lstm_autoencoder,lstm_autoencoder,raw,false_positive_rate,0.028731045490822,0.028731045490822,0.0,0.0,SUCCESS,789
E5_DT1_PD05_SEED789,1,0.05,0.0539098173515981,1.0,anomaly_detection,lstm_autoencoder,lstm_autoencoder,raw,pr_auc,0.561001698584242,0.561001698584242,0.0,0.0,SUCCESS,789
E5_DT1_PD05_SEED789,1,0.05,0.0539098173515981,1.0,anomaly_detection,lstm_autoencoder,lstm_autoencoder,raw,roc_auc,0.9493396177043946,0.9493396177043946,0.0,0.0,SUCCESS,789
E5_DT1_PD05_SEED789,1,0.05,0.0539098173515981,1.0,anomaly_detection,lstm_autoencoder,lstm_autoencoder,raw,detection_latency,1.3442622950819672,1.3442622950819672,0.0,0.0,SUCCESS,789
E5_DT1_PD05_SEED789,1,0.05,0.0539098173515981,1.0,anomaly_detection,lstm_autoencoder,lstm_autoencoder,raw,threshold,0.0007370078528765,0.0007370078528765,0.0,0.0,SUCCESS,789
E5_DT1_PD05_SEED789,1,0.05,0.0539098173515981,1.0,anomaly_detection,lstm_autoencoder,lstm_autoencoder,residual,precision,0.0464231354642313,0.0464231354642313,0.0,0.0,SUCCESS,789
E5_DT1_PD05_SEED789,1,0.05,0.0539098173515981,1.0,anomaly_detection,lstm_autoencoder,lstm_autoencoder,residual,recall,1.0,1.0,0.0,0.0,SUCCESS,789
E5_DT1_PD05_SEED789,1,0.05,0.0539098173515981,1.0,anomaly_detection,lstm_autoencoder,lstm_autoencoder,residual,f1,0.0887272727272727,0.0887272727272727,0.0,0.0,SUCCESS,789
E5_DT1_PD05_SEED789,1,0.05,0.0539098173515981,1.0,anomaly_detection,lstm_autoencoder,lstm_autoencoder,residual,false_positive_rate,1.0,1.0,0.0,0.0,SUCCESS,789
E5_DT1_PD05_SEED789,1,0.05,0.0539098173515981,1.0,anomaly_detection,lstm_autoencoder,lstm_autoencoder,residual,pr_auc,0.1244604876873564,0.1234193205004322,0.0010411671869242,-0.0084360145778035,SUCCESS,789
E5_DT1_PD05_SEED789,1,0.05,0.0539098173515981,1.0,anomaly_detection,lstm_autoencoder,lstm_autoencoder,residual,roc_auc,0.7180103816414376,0.7175696361519239,0.0004407454895136,-0.0006142198154833,SUCCESS,789
E5_DT1_PD05_SEED789,1,0.05,0.0539098173515981,1.0,anomaly_detection,lstm_autoencoder,lstm_autoencoder,residual,detection_latency,0.0,0.0,0.0,0.0,SUCCESS,789
E5_DT1_PD05_SEED789,1,0.05,0.0539098173515981,1.0,anomaly_detection,lstm_autoencoder,lstm_autoencoder,residual,threshold,0.0003816792741417,0.0003816792741417,0.0,0.0,SUCCESS,789
E5_DT1_PD10_SEED789,1,0.1,0.114783105022831,1.0,load_estimation,persistence,,raw,mae,0.4684022513177115,0.4498919691646662,0.0185102821530454,0.0411438376804419,SUCCESS,789
E5_DT1_PD10_SEED789,1,0.1,0.114783105022831,1.0,load_estimation,persistence,,raw,rmse,0.6366166503233538,0.6124154498606276,0.0242012004627262,0.0395176190741659,SUCCESS,789
E5_DT1_PD10_SEED789,1,0.1,0.114783105022831,1.0,load_estimation,persistence,,raw,mape,14.518688649007425,14.12149407205246,0.3971945769549645,0.0281269513642358,SUCCESS,789
E5_DT1_PD10_SEED789,1,0.1,0.114783105022831,1.0,load_estimation,persistence,,raw,r2,0.9251664117360656,0.9307479138394198,-0.0055815021033541,-0.0059967924938235,SUCCESS,789
E5_DT1_PD10_SEED789,1,0.1,0.114783105022831,1.0,load_estimation,xgboost,,raw,mae,0.2794107763462415,0.2750232725927274,0.004387503753514,0.0159532090217374,SUCCESS,789
E5_DT1_PD10_SEED789,1,0.1,0.114783105022831,1.0,load_estimation,xgboost,,raw,rmse,0.4183167583288753,0.4144889415427226,0.0038278167861526,0.0092350275303017,SUCCESS,789
E5_DT1_PD10_SEED789,1,0.1,0.114783105022831,1.0,load_estimation,xgboost,,raw,mape,9.2173995008991,9.085560043649886,0.1318394572492138,0.0145108784286071,SUCCESS,789
E5_DT1_PD10_SEED789,1,0.1,0.114783105022831,1.0,load_estimation,xgboost,,raw,r2,0.9676889470864276,0.9682775676298728,-0.0005886205434452,-0.0006079047611172,SUCCESS,789
E5_DT1_PD10_SEED789,1,0.1,0.114783105022831,1.0,load_estimation,lstm,,raw,mae,0.2800647625612433,0.2799320810273526,0.0001326815338907,0.000473977592721,SUCCESS,789
E5_DT1_PD10_SEED789,1,0.1,0.114783105022831,1.0,load_estimation,lstm,,raw,rmse,0.4201120485262901,0.4213114562541473,-0.0011994077278572,-0.0028468433745455,SUCCESS,789
E5_DT1_PD10_SEED789,1,0.1,0.114783105022831,1.0,load_estimation,lstm,,raw,mape,8.950990848493975,8.950627129882083,0.0003637186118918,4.0636103662233e-05,SUCCESS,789
E5_DT1_PD10_SEED789,1,0.1,0.114783105022831,1.0,load_estimation,lstm,,raw,r2,0.967499788270424,0.9673139490398543,0.0001858392305696,0.000192118836655,SUCCESS,789
E5_DT1_PD10_SEED789,1,0.1,0.114783105022831,1.0,anomaly_detection,isolation_forest,isolation_forest,raw,precision,0.1164658634538152,0.1164658634538152,0.0,0.0,SUCCESS,789
E5_DT1_PD10_SEED789,1,0.1,0.114783105022831,1.0,anomaly_detection,isolation_forest,isolation_forest,raw,recall,0.1188524590163934,0.1188524590163934,0.0,0.0,SUCCESS,789
E5_DT1_PD10_SEED789,1,0.1,0.114783105022831,1.0,anomaly_detection,isolation_forest,isolation_forest,raw,f1,0.1176470588235294,0.1176470588235294,0.0,0.0,SUCCESS,789
E5_DT1_PD10_SEED789,1,0.1,0.114783105022831,1.0,anomaly_detection,isolation_forest,isolation_forest,raw,false_positive_rate,0.0438946528332003,0.0438946528332003,0.0,0.0,SUCCESS,789
E5_DT1_PD10_SEED789,1,0.1,0.114783105022831,1.0,anomaly_detection,isolation_forest,isolation_forest,raw,pr_auc,0.09385708598261,0.09385708598261,0.0,0.0,SUCCESS,789
E5_DT1_PD10_SEED789,1,0.1,0.114783105022831,1.0,anomaly_detection,isolation_forest,isolation_forest,raw,roc_auc,0.7138596875695052,0.7138596875695052,0.0,0.0,SUCCESS,789
E5_DT1_PD10_SEED789,1,0.1,0.114783105022831,1.0,anomaly_detection,isolation_forest,isolation_forest,raw,detection_latency,3.2459016393442623,3.2459016393442623,0.0,0.0,SUCCESS,789
E5_DT1_PD10_SEED789,1,0.1,0.114783105022831,1.0,anomaly_detection,isolation_forest,isolation_forest,raw,threshold,0.5031683371451802,0.5031683371451802,0.0,0.0,SUCCESS,789
E5_DT1_PD10_SEED789,1,0.1,0.114783105022831,1.0,anomaly_detection,isolation_forest,isolation_forest,residual,precision,0.0464231354642313,0.0464231354642313,0.0,0.0,SUCCESS,789
E5_DT1_PD10_SEED789,1,0.1,0.114783105022831,1.0,anomaly_detection,isolation_forest,isolation_forest,residual,recall,1.0,1.0,0.0,0.0,SUCCESS,789
E5_DT1_PD10_SEED789,1,0.1,0.114783105022831,1.0,anomaly_detection,isolation_forest,isolation_forest,residual,f1,0.0887272727272727,0.0887272727272727,0.0,0.0,SUCCESS,789
E5_DT1_PD10_SEED789,1,0.1,0.114783105022831,1.0,anomaly_detection,isolation_forest,isolation_forest,residual,false_positive_rate,1.0,1.0,0.0,0.0,SUCCESS,789
E5_DT1_PD10_SEED789,1,0.1,0.114783105022831,1.0,anomaly_detection,isolation_forest,isolation_forest,residual,pr_auc,0.0769518227540945,0.0821393508125507,-0.0051875280584562,0.0631552113224589,SUCCESS,789
E5_DT1_PD10_SEED789,1,0.1,0.114783105022831,1.0,anomaly_detection,isolation_forest,isolation_forest,residual,roc_auc,0.6796319979589966,0.6862922428793846,-0.0066602449203879,0.009704677547344,SUCCESS,789
E5_DT1_PD10_SEED789,1,0.1,0.114783105022831,1.0,anomaly_detection,isolation_forest,isolation_forest,residual,detection_latency,0.0,0.0,0.0,0.0,SUCCESS,789
E5_DT1_PD10_SEED789,1,0.1,0.114783105022831,1.0,anomaly_detection,isolation_forest,isolation_forest,residual,threshold,0.2937656541960819,0.2937656541960819,0.0,0.0,SUCCESS,789
E5_DT1_PD10_SEED789,1,0.1,0.114783105022831,1.0,anomaly_detection,lstm_autoencoder,lstm_autoencoder,raw,precision,0.4982578397212543,0.4982578397212543,0.0,0.0,SUCCESS,789
E5_DT1_PD10_SEED789,1,0.1,0.114783105022831,1.0,anomaly_detection,lstm_autoencoder,lstm_autoencoder,raw,recall,0.5860655737704918,0.5860655737704918,0.0,0.0,SUCCESS,789
E5_DT1_PD10_SEED789,1,0.1,0.114783105022831,1.0,anomaly_detection,lstm_autoencoder,lstm_autoencoder,raw,f1,0.5386064030131827,0.5386064030131827,0.0,0.0,SUCCESS,789
E5_DT1_PD10_SEED789,1,0.1,0.114783105022831,1.0,anomaly_detection,lstm_autoencoder,lstm_autoencoder,raw,false_positive_rate,0.028731045490822,0.028731045490822,0.0,0.0,SUCCESS,789
E5_DT1_PD10_SEED789,1,0.1,0.114783105022831,1.0,anomaly_detection,lstm_autoencoder,lstm_autoencoder,raw,pr_auc,0.561001698584242,0.561001698584242,0.0,0.0,SUCCESS,789
E5_DT1_PD10_SEED789,1,0.1,0.114783105022831,1.0,anomaly_detection,lstm_autoencoder,lstm_autoencoder,raw,roc_auc,0.9493396177043946,0.9493396177043946,0.0,0.0,SUCCESS,789
E5_DT1_PD10_SEED789,1,0.1,0.114783105022831,1.0,anomaly_detection,lstm_autoencoder,lstm_autoencoder,raw,detection_latency,1.3442622950819672,1.3442622950819672,0.0,0.0,SUCCESS,789
E5_DT1_PD10_SEED789,1,0.1,0.114783105022831,1.0,anomaly_detection,lstm_autoencoder,lstm_autoencoder,raw,threshold,0.0007370078528765,0.0007370078528765,0.0,0.0,SUCCESS,789
E5_DT1_PD10_SEED789,1,0.1,0.114783105022831,1.0,anomaly_detection,lstm_autoencoder,lstm_autoencoder,residual,precision,0.0464231354642313,0.0464231354642313,0.0,0.0,SUCCESS,789
E5_DT1_PD10_SEED789,1,0.1,0.114783105022831,1.0,anomaly_detection,lstm_autoencoder,lstm_autoencoder,residual,recall,1.0,1.0,0.0,0.0,SUCCESS,789
E5_DT1_PD10_SEED789,1,0.1,0.114783105022831,1.0,anomaly_detection,lstm_autoencoder,lstm_autoencoder,residual,f1,0.0887272727272727,0.0887272727272727,0.0,0.0,SUCCESS,789
E5_DT1_PD10_SEED789,1,0.1,0.114783105022831,1.0,anomaly_detection,lstm_autoencoder,lstm_autoencoder,residual,false_positive_rate,1.0,1.0,0.0,0.0,SUCCESS,789
E5_DT1_PD10_SEED789,1,0.1,0.114783105022831,1.0,anomaly_detection,lstm_autoencoder,lstm_autoencoder,residual,pr_auc,0.1260272821177377,0.1234193205004322,0.0026079616173054,-0.0211309024124497,SUCCESS,789
E5_DT1_PD10_SEED789,1,0.1,0.114783105022831,1.0,anomaly_detection,lstm_autoencoder,lstm_autoencoder,residual,roc_auc,0.7207071879947144,0.7175696361519239,0.0031375518427905,-0.0043724701892573,SUCCESS,789
E5_DT1_PD10_SEED789,1,0.1,0.114783105022831,1.0,anomaly_detection,lstm_autoencoder,lstm_autoencoder,residual,detection_latency,0.0,0.0,0.0,0.0,SUCCESS,789
E5_DT1_PD10_SEED789,1,0.1,0.114783105022831,1.0,anomaly_detection,lstm_autoencoder,lstm_autoencoder,residual,threshold,0.0003816792741417,0.0003816792741417,0.0,0.0,SUCCESS,789
E5_DT1_PD20_SEED789,1,0.2,0.2471746575342465,1.0,load_estimation,persistence,,raw,mae,0.4920262407335698,0.4498919691646662,0.0421342715689036,0.0936541980225523,SUCCESS,789
E5_DT1_PD20_SEED789,1,0.2,0.2471746575342465,1.0,load_estimation,persistence,,raw,rmse,0.6687250588465831,0.6124154498606276,0.0563096089859554,0.0919467479123368,SUCCESS,789
E5_DT1_PD20_SEED789,1,0.2,0.2471746575342465,1.0,load_estimation,persistence,,raw,mape,15.120578231514704,14.12149407205246,0.9990841594622424,0.0707491823715387,SUCCESS,789
E5_DT1_PD20_SEED789,1,0.2,0.2471746575342465,1.0,load_estimation,persistence,,raw,r2,0.917427434327094,0.9307479138394198,-0.0133204795123258,-0.0143115867511082,SUCCESS,789
E5_DT1_PD20_SEED789,1,0.2,0.2471746575342465,1.0,load_estimation,xgboost,,raw,mae,0.2887814064684524,0.2750232725927274,0.0137581338757249,0.0500253442045935,SUCCESS,789
E5_DT1_PD20_SEED789,1,0.2,0.2471746575342465,1.0,load_estimation,xgboost,,raw,rmse,0.4318174815892416,0.4144889415427226,0.0173285400465189,0.0418070020927997,SUCCESS,789
E5_DT1_PD20_SEED789,1,0.2,0.2471746575342465,1.0,load_estimation,xgboost,,raw,mape,9.458809889812729,9.085560043649886,0.3732498461628406,0.0410816553266536,SUCCESS,789
E5_DT1_PD20_SEED789,1,0.2,0.2471746575342465,1.0,load_estimation,xgboost,,raw,r2,0.9655696827630924,0.9682775676298728,-0.0027078848667804,-0.0027965998152871,SUCCESS,789
E5_DT1_PD20_SEED789,1,0.2,0.2471746575342465,1.0,load_estimation,lstm,,raw,mae,0.2841161422057018,0.2799320810273526,0.0041840611783491,0.0149467012247887,SUCCESS,789
E5_DT1_PD20_SEED789,1,0.2,0.2471746575342465,1.0,load_estimation,lstm,,raw,rmse,0.4247299424956591,0.4213114562541473,0.0034184862415118,0.0081139171289225,SUCCESS,789
E5_DT1_PD20_SEED789,1,0.2,0.2471746575342465,1.0,load_estimation,lstm,,raw,mape,9.048865167179498,8.950627129882083,0.0982380372974152,0.0109755479556782,SUCCESS,789
E5_DT1_PD20_SEED789,1,0.2,0.2471746575342465,1.0,load_estimation,lstm,,raw,r2,0.9667813733148805,0.9673139490398543,-0.000532575724974,-0.0005505717409561,SUCCESS,789
E5_DT1_PD20_SEED789,1,0.2,0.2471746575342465,1.0,anomaly_detection,isolation_forest,isolation_forest,raw,precision,0.1164658634538152,0.1164658634538152,0.0,0.0,SUCCESS,789
E5_DT1_PD20_SEED789,1,0.2,0.2471746575342465,1.0,anomaly_detection,isolation_forest,isolation_forest,raw,recall,0.1188524590163934,0.1188524590163934,0.0,0.0,SUCCESS,789
E5_DT1_PD20_SEED789,1,0.2,0.2471746575342465,1.0,anomaly_detection,isolation_forest,isolation_forest,raw,f1,0.1176470588235294,0.1176470588235294,0.0,0.0,SUCCESS,789
E5_DT1_PD20_SEED789,1,0.2,0.2471746575342465,1.0,anomaly_detection,isolation_forest,isolation_forest,raw,false_positive_rate,0.0438946528332003,0.0438946528332003,0.0,0.0,SUCCESS,789
E5_DT1_PD20_SEED789,1,0.2,0.2471746575342465,1.0,anomaly_detection,isolation_forest,isolation_forest,raw,pr_auc,0.09385708598261,0.09385708598261,0.0,0.0,SUCCESS,789
E5_DT1_PD20_SEED789,1,0.2,0.2471746575342465,1.0,anomaly_detection,isolation_forest,isolation_forest,raw,roc_auc,0.7138596875695052,0.7138596875695052,0.0,0.0,SUCCESS,789
E5_DT1_PD20_SEED789,1,0.2,0.2471746575342465,1.0,anomaly_detection,isolation_forest,isolation_forest,raw,detection_latency,3.2459016393442623,3.2459016393442623,0.0,0.0,SUCCESS,789
E5_DT1_PD20_SEED789,1,0.2,0.2471746575342465,1.0,anomaly_detection,isolation_forest,isolation_forest,raw,threshold,0.5031683371451802,0.5031683371451802,0.0,0.0,SUCCESS,789
E5_DT1_PD20_SEED789,1,0.2,0.2471746575342465,1.0,anomaly_detection,isolation_forest,isolation_forest,residual,precision,0.0464231354642313,0.0464231354642313,0.0,0.0,SUCCESS,789
E5_DT1_PD20_SEED789,1,0.2,0.2471746575342465,1.0,anomaly_detection,isolation_forest,isolation_forest,residual,recall,1.0,1.0,0.0,0.0,SUCCESS,789
E5_DT1_PD20_SEED789,1,0.2,0.2471746575342465,1.0,anomaly_detection,isolation_forest,isolation_forest,residual,f1,0.0887272727272727,0.0887272727272727,0.0,0.0,SUCCESS,789
E5_DT1_PD20_SEED789,1,0.2,0.2471746575342465,1.0,anomaly_detection,isolation_forest,isolation_forest,residual,false_positive_rate,1.0,1.0,0.0,0.0,SUCCESS,789
E5_DT1_PD20_SEED789,1,0.2,0.2471746575342465,1.0,anomaly_detection,isolation_forest,isolation_forest,residual,pr_auc,0.0734477885945234,0.0821393508125507,-0.0086915622180272,0.1058148394411125,SUCCESS,789
E5_DT1_PD20_SEED789,1,0.2,0.2471746575342465,1.0,anomaly_detection,isolation_forest,isolation_forest,residual,roc_auc,0.6687654547119699,0.6862922428793846,-0.0175267881674147,0.0255383742848089,SUCCESS,789
E5_DT1_PD20_SEED789,1,0.2,0.2471746575342465,1.0,anomaly_detection,isolation_forest,isolation_forest,residual,detection_latency,0.0,0.0,0.0,0.0,SUCCESS,789
E5_DT1_PD20_SEED789,1,0.2,0.2471746575342465,1.0,anomaly_detection,isolation_forest,isolation_forest,residual,threshold,0.2937656541960819,0.2937656541960819,0.0,0.0,SUCCESS,789
E5_DT1_PD20_SEED789,1,0.2,0.2471746575342465,1.0,anomaly_detection,lstm_autoencoder,lstm_autoencoder,raw,precision,0.4982578397212543,0.4982578397212543,0.0,0.0,SUCCESS,789
E5_DT1_PD20_SEED789,1,0.2,0.2471746575342465,1.0,anomaly_detection,lstm_autoencoder,lstm_autoencoder,raw,recall,0.5860655737704918,0.5860655737704918,0.0,0.0,SUCCESS,789
E5_DT1_PD20_SEED789,1,0.2,0.2471746575342465,1.0,anomaly_detection,lstm_autoencoder,lstm_autoencoder,raw,f1,0.5386064030131827,0.5386064030131827,0.0,0.0,SUCCESS,789
E5_DT1_PD20_SEED789,1,0.2,0.2471746575342465,1.0,anomaly_detection,lstm_autoencoder,lstm_autoencoder,raw,false_positive_rate,0.028731045490822,0.028731045490822,0.0,0.0,SUCCESS,789
E5_DT1_PD20_SEED789,1,0.2,0.2471746575342465,1.0,anomaly_detection,lstm_autoencoder,lstm_autoencoder,raw,pr_auc,0.561001698584242,0.561001698584242,0.0,0.0,SUCCESS,789
E5_DT1_PD20_SEED789,1,0.2,0.2471746575342465,1.0,anomaly_detection,lstm_autoencoder,lstm_autoencoder,raw,roc_auc,0.9493396177043946,0.9493396177043946,0.0,0.0,SUCCESS,789
E5_DT1_PD20_SEED789,1,0.2,0.2471746575342465,1.0,anomaly_detection,lstm_autoencoder,lstm_autoencoder,raw,detection_latency,1.3442622950819672,1.3442622950819672,0.0,0.0,SUCCESS,789
E5_DT1_PD20_SEED789,1,0.2,0.2471746575342465,1.0,anomaly_detection,lstm_autoencoder,lstm_autoencoder,raw,threshold,0.0007370078528765,0.0007370078528765,0.0,0.0,SUCCESS,789
E5_DT1_PD20_SEED789,1,0.2,0.2471746575342465,1.0,anomaly_detection,lstm_autoencoder,lstm_autoencoder,residual,precision,0.0464231354642313,0.0464231354642313,0.0,0.0,SUCCESS,789
E5_DT1_PD20_SEED789,1,0.2,0.2471746575342465,1.0,anomaly_detection,lstm_autoencoder,lstm_autoencoder,residual,recall,1.0,1.0,0.0,0.0,SUCCESS,789
E5_DT1_PD20_SEED789,1,0.2,0.2471746575342465,1.0,anomaly_detection,lstm_autoencoder,lstm_autoencoder,residual,f1,0.0887272727272727,0.0887272727272727,0.0,0.0,SUCCESS,789
E5_DT1_PD20_SEED789,1,0.2,0.2471746575342465,1.0,anomaly_detection,lstm_autoencoder,lstm_autoencoder,residual,false_positive_rate,1.0,1.0,0.0,0.0,SUCCESS,789
E5_DT1_PD20_SEED789,1,0.2,0.2471746575342465,1.0,anomaly_detection,lstm_autoencoder,lstm_autoencoder,residual,pr_auc,0.127207824117553,0.1234193205004322,0.0037885036171208,-0.0306961957152208,SUCCESS,789
E5_DT1_PD20_SEED789,1,0.2,0.2471746575342465,1.0,anomaly_detection,lstm_autoencoder,lstm_autoencoder,residual,roc_auc,0.720396458336059,0.7175696361519239,0.0028268221841351,-0.0039394395215694,SUCCESS,789
E5_DT1_PD20_SEED789,1,0.2,0.2471746575342465,1.0,anomaly_detection,lstm_autoencoder,lstm_autoencoder,residual,detection_latency,0.0,0.0,0.0,0.0,SUCCESS,789
E5_DT1_PD20_SEED789,1,0.2,0.2471746575342465,1.0,anomaly_detection,lstm_autoencoder,lstm_autoencoder,residual,threshold,0.0003816792741417,0.0003816792741417,0.0,0.0,SUCCESS,789
E5_DT5_PD00_SEED789,5,0.0,2.0,4.0,load_estimation,persistence,,raw,mae,0.8463854318430798,0.4498919691646662,0.3964934626784136,0.8813081580775939,SUCCESS,789
E5_DT5_PD00_SEED789,5,0.0,2.0,4.0,load_estimation,persistence,,raw,rmse,1.120031208549931,0.6124154498606276,0.5076157586893035,0.8288748410981889,SUCCESS,789
E5_DT5_PD00_SEED789,5,0.0,2.0,4.0,load_estimation,persistence,,raw,mape,24.414660194885123,14.12149407205246,10.293166122832664,0.7289006439625707,SUCCESS,789
E5_DT5_PD00_SEED789,5,0.0,2.0,4.0,load_estimation,persistence,,raw,r2,0.7683667867253379,0.9307479138394198,-0.1623811271140819,-0.1744630578265225,SUCCESS,789
E5_DT5_PD00_SEED789,5,0.0,2.0,4.0,load_estimation,xgboost,,raw,mae,0.5156683636265077,0.2750232725927274,0.2406450910337802,0.8749990092298237,SUCCESS,789
E5_DT5_PD00_SEED789,5,0.0,2.0,4.0,load_estimation,xgboost,,raw,rmse,0.715340005077753,0.4144889415427226,0.3008510635350303,0.7258361644469125,SUCCESS,789
E5_DT5_PD00_SEED789,5,0.0,2.0,4.0,load_estimation,xgboost,,raw,mape,15.053786409635013,9.085560043649886,5.9682263659851245,0.6568914120111351,SUCCESS,789
E5_DT5_PD00_SEED789,5,0.0,2.0,4.0,load_estimation,xgboost,,raw,r2,0.9055144031623305,0.9682775676298728,-0.0627631644675422,-0.0648193932873736,SUCCESS,789
E5_DT5_PD00_SEED789,5,0.0,2.0,4.0,load_estimation,lstm,,raw,mae,0.5344382980096278,0.2799320810273526,0.2545062169822752,0.9091713105844664,SUCCESS,789
E5_DT5_PD00_SEED789,5,0.0,2.0,4.0,load_estimation,lstm,,raw,rmse,0.7030361012185283,0.4213114562541473,0.281724644964381,0.6686849853767957,SUCCESS,789
E5_DT5_PD00_SEED789,5,0.0,2.0,4.0,load_estimation,lstm,,raw,mape,15.211325529490512,8.950627129882083,6.2606983996084296,0.6994703621053321,SUCCESS,789
E5_DT5_PD00_SEED789,5,0.0,2.0,4.0,load_estimation,lstm,,raw,r2,0.9089853779553142,0.9673139490398543,-0.0583285710845401,-0.0602995244123549,SUCCESS,789
E5_DT5_PD00_SEED789,5,0.0,2.0,4.0,anomaly_detection,isolation_forest,isolation_forest,raw,precision,0.1164658634538152,0.1164658634538152,0.0,0.0,SUCCESS,789
E5_DT5_PD00_SEED789,5,0.0,2.0,4.0,anomaly_detection,isolation_forest,isolation_forest,raw,recall,0.1188524590163934,0.1188524590163934,0.0,0.0,SUCCESS,789
E5_DT5_PD00_SEED789,5,0.0,2.0,4.0,anomaly_detection,isolation_forest,isolation_forest,raw,f1,0.1176470588235294,0.1176470588235294,0.0,0.0,SUCCESS,789
E5_DT5_PD00_SEED789,5,0.0,2.0,4.0,anomaly_detection,isolation_forest,isolation_forest,raw,false_positive_rate,0.0438946528332003,0.0438946528332003,0.0,0.0,SUCCESS,789
E5_DT5_PD00_SEED789,5,0.0,2.0,4.0,anomaly_detection,isolation_forest,isolation_forest,raw,pr_auc,0.09385708598261,0.09385708598261,0.0,0.0,SUCCESS,789
E5_DT5_PD00_SEED789,5,0.0,2.0,4.0,anomaly_detection,isolation_forest,isolation_forest,raw,roc_auc,0.7138596875695052,0.7138596875695052,0.0,0.0,SUCCESS,789
E5_DT5_PD00_SEED789,5,0.0,2.0,4.0,anomaly_detection,isolation_forest,isolation_forest,raw,detection_latency,3.2459016393442623,3.2459016393442623,0.0,0.0,SUCCESS,789
E5_DT5_PD00_SEED789,5,0.0,2.0,4.0,anomaly_detection,isolation_forest,isolation_forest,raw,threshold,0.5031683371451802,0.5031683371451802,0.0,0.0,SUCCESS,789
E5_DT5_PD00_SEED789,5,0.0,2.0,4.0,anomaly_detection,isolation_forest,isolation_forest,residual,precision,0.0464231354642313,0.0464231354642313,0.0,0.0,SUCCESS,789
E5_DT5_PD00_SEED789,5,0.0,2.0,4.0,anomaly_detection,isolation_forest,isolation_forest,residual,recall,1.0,1.0,0.0,0.0,SUCCESS,789
E5_DT5_PD00_SEED789,5,0.0,2.0,4.0,anomaly_detection,isolation_forest,isolation_forest,residual,f1,0.0887272727272727,0.0887272727272727,0.0,0.0,SUCCESS,789
E5_DT5_PD00_SEED789,5,0.0,2.0,4.0,anomaly_detection,isolation_forest,isolation_forest,residual,false_positive_rate,1.0,1.0,0.0,0.0,SUCCESS,789
E5_DT5_PD00_SEED789,5,0.0,2.0,4.0,anomaly_detection,isolation_forest,isolation_forest,residual,pr_auc,0.0566289082031421,0.0821393508125507,-0.0255104426094085,0.3105751671647083,SUCCESS,789
E5_DT5_PD00_SEED789,5,0.0,2.0,4.0,anomaly_detection,isolation_forest,isolation_forest,residual,roc_auc,0.6032264368793584,0.6862922428793846,-0.0830658060000262,0.1210356183708533,SUCCESS,789
E5_DT5_PD00_SEED789,5,0.0,2.0,4.0,anomaly_detection,isolation_forest,isolation_forest,residual,detection_latency,0.0,0.0,0.0,0.0,SUCCESS,789
E5_DT5_PD00_SEED789,5,0.0,2.0,4.0,anomaly_detection,isolation_forest,isolation_forest,residual,threshold,0.2937656541960819,0.2937656541960819,0.0,0.0,SUCCESS,789
E5_DT5_PD00_SEED789,5,0.0,2.0,4.0,anomaly_detection,lstm_autoencoder,lstm_autoencoder,raw,precision,0.4982578397212543,0.4982578397212543,0.0,0.0,SUCCESS,789
E5_DT5_PD00_SEED789,5,0.0,2.0,4.0,anomaly_detection,lstm_autoencoder,lstm_autoencoder,raw,recall,0.5860655737704918,0.5860655737704918,0.0,0.0,SUCCESS,789
E5_DT5_PD00_SEED789,5,0.0,2.0,4.0,anomaly_detection,lstm_autoencoder,lstm_autoencoder,raw,f1,0.5386064030131827,0.5386064030131827,0.0,0.0,SUCCESS,789
E5_DT5_PD00_SEED789,5,0.0,2.0,4.0,anomaly_detection,lstm_autoencoder,lstm_autoencoder,raw,false_positive_rate,0.028731045490822,0.028731045490822,0.0,0.0,SUCCESS,789
E5_DT5_PD00_SEED789,5,0.0,2.0,4.0,anomaly_detection,lstm_autoencoder,lstm_autoencoder,raw,pr_auc,0.561001698584242,0.561001698584242,0.0,0.0,SUCCESS,789
E5_DT5_PD00_SEED789,5,0.0,2.0,4.0,anomaly_detection,lstm_autoencoder,lstm_autoencoder,raw,roc_auc,0.9493396177043946,0.9493396177043946,0.0,0.0,SUCCESS,789
E5_DT5_PD00_SEED789,5,0.0,2.0,4.0,anomaly_detection,lstm_autoencoder,lstm_autoencoder,raw,detection_latency,1.3442622950819672,1.3442622950819672,0.0,0.0,SUCCESS,789
E5_DT5_PD00_SEED789,5,0.0,2.0,4.0,anomaly_detection,lstm_autoencoder,lstm_autoencoder,raw,threshold,0.0007370078528765,0.0007370078528765,0.0,0.0,SUCCESS,789
E5_DT5_PD00_SEED789,5,0.0,2.0,4.0,anomaly_detection,lstm_autoencoder,lstm_autoencoder,residual,precision,0.0464231354642313,0.0464231354642313,0.0,0.0,SUCCESS,789
E5_DT5_PD00_SEED789,5,0.0,2.0,4.0,anomaly_detection,lstm_autoencoder,lstm_autoencoder,residual,recall,1.0,1.0,0.0,0.0,SUCCESS,789
E5_DT5_PD00_SEED789,5,0.0,2.0,4.0,anomaly_detection,lstm_autoencoder,lstm_autoencoder,residual,f1,0.0887272727272727,0.0887272727272727,0.0,0.0,SUCCESS,789
E5_DT5_PD00_SEED789,5,0.0,2.0,4.0,anomaly_detection,lstm_autoencoder,lstm_autoencoder,residual,false_positive_rate,1.0,1.0,0.0,0.0,SUCCESS,789
E5_DT5_PD00_SEED789,5,0.0,2.0,4.0,anomaly_detection,lstm_autoencoder,lstm_autoencoder,residual,pr_auc,0.1278962458556058,0.1234193205004322,0.0044769253551735,-0.0362741047108413,SUCCESS,789
E5_DT5_PD00_SEED789,5,0.0,2.0,4.0,anomaly_detection,lstm_autoencoder,lstm_autoencoder,residual,roc_auc,0.6929745659597295,0.7175696361519239,-0.0245950701921944,0.0342755169018706,SUCCESS,789
E5_DT5_PD00_SEED789,5,0.0,2.0,4.0,anomaly_detection,lstm_autoencoder,lstm_autoencoder,residual,detection_latency,0.0,0.0,0.0,0.0,SUCCESS,789
E5_DT5_PD00_SEED789,5,0.0,2.0,4.0,anomaly_detection,lstm_autoencoder,lstm_autoencoder,residual,threshold,0.0003816792741417,0.0003816792741417,0.0,0.0,SUCCESS,789
E5_DT5_PD05_SEED789,5,0.05,2.033961187214612,4.0,load_estimation,persistence,,raw,mae,0.8595517516544421,0.4498919691646662,0.4096597824897759,0.9105736722760552,SUCCESS,789
E5_DT5_PD05_SEED789,5,0.05,2.033961187214612,4.0,load_estimation,persistence,,raw,rmse,1.1426357159659883,0.6124154498606276,0.5302202661053608,0.8657852544804795,SUCCESS,789
E5_DT5_PD05_SEED789,5,0.05,2.033961187214612,4.0,load_estimation,persistence,,raw,mape,24.83347459776897,14.12149407205246,10.711980525716507,0.7585585824743825,SUCCESS,789
E5_DT5_PD05_SEED789,5,0.05,2.033961187214612,4.0,load_estimation,persistence,,raw,r2,0.7589227806057691,0.9307479138394198,-0.1718251332336506,-0.18460974306658,SUCCESS,789
E5_DT5_PD05_SEED789,5,0.05,2.033961187214612,4.0,load_estimation,xgboost,,raw,mae,0.5190950863437566,0.2750232725927274,0.2440718137510291,0.8874587646714054,SUCCESS,789
E5_DT5_PD05_SEED789,5,0.05,2.033961187214612,4.0,load_estimation,xgboost,,raw,rmse,0.7207295081121856,0.4144889415427226,0.3062405665694629,0.7388389312140378,SUCCESS,789
E5_DT5_PD05_SEED789,5,0.05,2.033961187214612,4.0,load_estimation,xgboost,,raw,mape,15.245569993506232,9.085560043649886,6.160009949856347,0.6780000264443493,SUCCESS,789
E5_DT5_PD05_SEED789,5,0.05,2.033961187214612,4.0,load_estimation,xgboost,,raw,r2,0.9040852960944212,0.9682775676298728,-0.0641922715354514,-0.0662953203517663,SUCCESS,789
E5_DT5_PD05_SEED789,5,0.05,2.033961187214612,4.0,load_estimation,lstm,,raw,mae,0.5305433089934046,0.2799320810273526,0.250611227966052,0.8952572604265546,SUCCESS,789
E5_DT5_PD05_SEED789,5,0.05,2.033961187214612,4.0,load_estimation,lstm,,raw,rmse,0.7016325126878048,0.4213114562541473,0.2803210564336574,0.6653535105025951,SUCCESS,789
E5_DT5_PD05_SEED789,5,0.05,2.033961187214612,4.0,load_estimation,lstm,,raw,mape,15.083951673878898,8.950627129882083,6.133324543996816,0.6852396435463642,SUCCESS,789
E5_DT5_PD05_SEED789,5,0.05,2.033961187214612,4.0,load_estimation,lstm,,raw,r2,0.9093484306007767,0.9673139490398543,-0.0579655184390774,-0.0599242040256045,SUCCESS,789
E5_DT5_PD05_SEED789,5,0.05,2.033961187214612,4.0,anomaly_detection,isolation_forest,isolation_forest,raw,precision,0.1164658634538152,0.1164658634538152,0.0,0.0,SUCCESS,789
E5_DT5_PD05_SEED789,5,0.05,2.033961187214612,4.0,anomaly_detection,isolation_forest,isolation_forest,raw,recall,0.1188524590163934,0.1188524590163934,0.0,0.0,SUCCESS,789
E5_DT5_PD05_SEED789,5,0.05,2.033961187214612,4.0,anomaly_detection,isolation_forest,isolation_forest,raw,f1,0.1176470588235294,0.1176470588235294,0.0,0.0,SUCCESS,789
E5_DT5_PD05_SEED789,5,0.05,2.033961187214612,4.0,anomaly_detection,isolation_forest,isolation_forest,raw,false_positive_rate,0.0438946528332003,0.0438946528332003,0.0,0.0,SUCCESS,789
E5_DT5_PD05_SEED789,5,0.05,2.033961187214612,4.0,anomaly_detection,isolation_forest,isolation_forest,raw,pr_auc,0.09385708598261,0.09385708598261,0.0,0.0,SUCCESS,789
E5_DT5_PD05_SEED789,5,0.05,2.033961187214612,4.0,anomaly_detection,isolation_forest,isolation_forest,raw,roc_auc,0.7138596875695052,0.7138596875695052,0.0,0.0,SUCCESS,789
E5_DT5_PD05_SEED789,5,0.05,2.033961187214612,4.0,anomaly_detection,isolation_forest,isolation_forest,raw,detection_latency,3.2459016393442623,3.2459016393442623,0.0,0.0,SUCCESS,789
E5_DT5_PD05_SEED789,5,0.05,2.033961187214612,4.0,anomaly_detection,isolation_forest,isolation_forest,raw,threshold,0.5031683371451802,0.5031683371451802,0.0,0.0,SUCCESS,789
E5_DT5_PD05_SEED789,5,0.05,2.033961187214612,4.0,anomaly_detection,isolation_forest,isolation_forest,residual,precision,0.0464231354642313,0.0464231354642313,0.0,0.0,SUCCESS,789
E5_DT5_PD05_SEED789,5,0.05,2.033961187214612,4.0,anomaly_detection,isolation_forest,isolation_forest,residual,recall,1.0,1.0,0.0,0.0,SUCCESS,789
E5_DT5_PD05_SEED789,5,0.05,2.033961187214612,4.0,anomaly_detection,isolation_forest,isolation_forest,residual,f1,0.0887272727272727,0.0887272727272727,0.0,0.0,SUCCESS,789
E5_DT5_PD05_SEED789,5,0.05,2.033961187214612,4.0,anomaly_detection,isolation_forest,isolation_forest,residual,false_positive_rate,1.0,1.0,0.0,0.0,SUCCESS,789
E5_DT5_PD05_SEED789,5,0.05,2.033961187214612,4.0,anomaly_detection,isolation_forest,isolation_forest,residual,pr_auc,0.0581114731107384,0.0821393508125507,-0.0240278777018123,0.2925257804465252,SUCCESS,789
E5_DT5_PD05_SEED789,5,0.05,2.033961187214612,4.0,anomaly_detection,isolation_forest,isolation_forest,residual,roc_auc,0.6124788213206338,0.6862922428793846,-0.0738134215587508,0.1075539208327078,SUCCESS,789
E5_DT5_PD05_SEED789,5,0.05,2.033961187214612,4.0,anomaly_detection,isolation_forest,isolation_forest,residual,detection_latency,0.0,0.0,0.0,0.0,SUCCESS,789
E5_DT5_PD05_SEED789,5,0.05,2.033961187214612,4.0,anomaly_detection,isolation_forest,isolation_forest,residual,threshold,0.2937656541960819,0.2937656541960819,0.0,0.0,SUCCESS,789
E5_DT5_PD05_SEED789,5,0.05,2.033961187214612,4.0,anomaly_detection,lstm_autoencoder,lstm_autoencoder,raw,precision,0.4982578397212543,0.4982578397212543,0.0,0.0,SUCCESS,789
E5_DT5_PD05_SEED789,5,0.05,2.033961187214612,4.0,anomaly_detection,lstm_autoencoder,lstm_autoencoder,raw,recall,0.5860655737704918,0.5860655737704918,0.0,0.0,SUCCESS,789
E5_DT5_PD05_SEED789,5,0.05,2.033961187214612,4.0,anomaly_detection,lstm_autoencoder,lstm_autoencoder,raw,f1,0.5386064030131827,0.5386064030131827,0.0,0.0,SUCCESS,789
E5_DT5_PD05_SEED789,5,0.05,2.033961187214612,4.0,anomaly_detection,lstm_autoencoder,lstm_autoencoder,raw,false_positive_rate,0.028731045490822,0.028731045490822,0.0,0.0,SUCCESS,789
E5_DT5_PD05_SEED789,5,0.05,2.033961187214612,4.0,anomaly_detection,lstm_autoencoder,lstm_autoencoder,raw,pr_auc,0.561001698584242,0.561001698584242,0.0,0.0,SUCCESS,789
E5_DT5_PD05_SEED789,5,0.05,2.033961187214612,4.0,anomaly_detection,lstm_autoencoder,lstm_autoencoder,raw,roc_auc,0.9493396177043946,0.9493396177043946,0.0,0.0,SUCCESS,789
E5_DT5_PD05_SEED789,5,0.05,2.033961187214612,4.0,anomaly_detection,lstm_autoencoder,lstm_autoencoder,raw,detection_latency,1.3442622950819672,1.3442622950819672,0.0,0.0,SUCCESS,789
E5_DT5_PD05_SEED789,5,0.05,2.033961187214612,4.0,anomaly_detection,lstm_autoencoder,lstm_autoencoder,raw,threshold,0.0007370078528765,0.0007370078528765,0.0,0.0,SUCCESS,789
E5_DT5_PD05_SEED789,5,0.05,2.033961187214612,4.0,anomaly_detection,lstm_autoencoder,lstm_autoencoder,residual,precision,0.0464231354642313,0.0464231354642313,0.0,0.0,SUCCESS,789
E5_DT5_PD05_SEED789,5,0.05,2.033961187214612,4.0,anomaly_detection,lstm_autoencoder,lstm_autoencoder,residual,recall,1.0,1.0,0.0,0.0,SUCCESS,789
E5_DT5_PD05_SEED789,5,0.05,2.033961187214612,4.0,anomaly_detection,lstm_autoencoder,lstm_autoencoder,residual,f1,0.0887272727272727,0.0887272727272727,0.0,0.0,SUCCESS,789
E5_DT5_PD05_SEED789,5,0.05,2.033961187214612,4.0,anomaly_detection,lstm_autoencoder,lstm_autoencoder,residual,false_positive_rate,1.0,1.0,0.0,0.0,SUCCESS,789
E5_DT5_PD05_SEED789,5,0.05,2.033961187214612,4.0,anomaly_detection,lstm_autoencoder,lstm_autoencoder,residual,pr_auc,0.1180739897435358,0.1234193205004322,-0.0053453307568964,0.0433103239851146,SUCCESS,789
E5_DT5_PD05_SEED789,5,0.05,2.033961187214612,4.0,anomaly_detection,lstm_autoencoder,lstm_autoencoder,residual,roc_auc,0.6891076171287271,0.7175696361519239,-0.0284620190231967,0.0396644696058053,SUCCESS,789
E5_DT5_PD05_SEED789,5,0.05,2.033961187214612,4.0,anomaly_detection,lstm_autoencoder,lstm_autoencoder,residual,detection_latency,0.0,0.0,0.0,0.0,SUCCESS,789
E5_DT5_PD05_SEED789,5,0.05,2.033961187214612,4.0,anomaly_detection,lstm_autoencoder,lstm_autoencoder,residual,threshold,0.0003816792741417,0.0003816792741417,0.0,0.0,SUCCESS,789
E5_DT5_PD10_SEED789,5,0.1,2.072631278538813,4.0,load_estimation,persistence,,raw,mae,0.8592470648217964,0.4498919691646662,0.4093550956571302,0.9098964278406602,SUCCESS,789
E5_DT5_PD10_SEED789,5,0.1,2.072631278538813,4.0,load_estimation,persistence,,raw,rmse,1.1489303456997857,0.6124154498606276,0.5365148958391581,0.8760636198209193,SUCCESS,789
E5_DT5_PD10_SEED789,5,0.1,2.072631278538813,4.0,load_estimation,persistence,,raw,mape,24.71105395617092,14.12149407205246,10.58955988411846,0.7498894826628881,SUCCESS,789
E5_DT5_PD10_SEED789,5,0.1,2.072631278538813,4.0,load_estimation,persistence,,raw,r2,0.7562593391546651,0.9307479138394198,-0.1744885746847546,-0.1874713572711362,SUCCESS,789
E5_DT5_PD10_SEED789,5,0.1,2.072631278538813,4.0,load_estimation,xgboost,,raw,mae,0.5288165454133279,0.2750232725927274,0.2537932728206004,0.922806533527198,SUCCESS,789
E5_DT5_PD10_SEED789,5,0.1,2.072631278538813,4.0,load_estimation,xgboost,,raw,rmse,0.7372841903856266,0.4144889415427226,0.322795248842904,0.7787789166134665,SUCCESS,789
E5_DT5_PD10_SEED789,5,0.1,2.072631278538813,4.0,load_estimation,xgboost,,raw,mape,15.505372959768144,9.085560043649886,6.419812916118259,0.7065951779830257,SUCCESS,789
E5_DT5_PD10_SEED789,5,0.1,2.072631278538813,4.0,load_estimation,xgboost,,raw,r2,0.8996284971960514,0.9682775676298728,-0.0686490704338212,-0.0708981316192823,SUCCESS,789
E5_DT5_PD10_SEED789,5,0.1,2.072631278538813,4.0,load_estimation,lstm,,raw,mae,0.5363646982596842,0.2799320810273526,0.2564326172323316,0.916052980748838,SUCCESS,789
E5_DT5_PD10_SEED789,5,0.1,2.072631278538813,4.0,load_estimation,lstm,,raw,rmse,0.706703231051025,0.4213114562541473,0.2853917747968776,0.6773890682543439,SUCCESS,789
E5_DT5_PD10_SEED789,5,0.1,2.072631278538813,4.0,load_estimation,lstm,,raw,mape,15.34923777181389,8.950627129882083,6.398610641931807,0.7148784715396924,SUCCESS,789
E5_DT5_PD10_SEED789,5,0.1,2.072631278538813,4.0,load_estimation,lstm,,raw,r2,0.9080334128720224,0.9673139490398543,-0.059280536167832,-0.0612836569002992,SUCCESS,789
E5_DT5_PD10_SEED789,5,0.1,2.072631278538813,4.0,anomaly_detection,isolation_forest,isolation_forest,raw,precision,0.1164658634538152,0.1164658634538152,0.0,0.0,SUCCESS,789
E5_DT5_PD10_SEED789,5,0.1,2.072631278538813,4.0,anomaly_detection,isolation_forest,isolation_forest,raw,recall,0.1188524590163934,0.1188524590163934,0.0,0.0,SUCCESS,789
E5_DT5_PD10_SEED789,5,0.1,2.072631278538813,4.0,anomaly_detection,isolation_forest,isolation_forest,raw,f1,0.1176470588235294,0.1176470588235294,0.0,0.0,SUCCESS,789
E5_DT5_PD10_SEED789,5,0.1,2.072631278538813,4.0,anomaly_detection,isolation_forest,isolation_forest,raw,false_positive_rate,0.0438946528332003,0.0438946528332003,0.0,0.0,SUCCESS,789
E5_DT5_PD10_SEED789,5,0.1,2.072631278538813,4.0,anomaly_detection,isolation_forest,isolation_forest,raw,pr_auc,0.09385708598261,0.09385708598261,0.0,0.0,SUCCESS,789
E5_DT5_PD10_SEED789,5,0.1,2.072631278538813,4.0,anomaly_detection,isolation_forest,isolation_forest,raw,roc_auc,0.7138596875695052,0.7138596875695052,0.0,0.0,SUCCESS,789
E5_DT5_PD10_SEED789,5,0.1,2.072631278538813,4.0,anomaly_detection,isolation_forest,isolation_forest,raw,detection_latency,3.2459016393442623,3.2459016393442623,0.0,0.0,SUCCESS,789
E5_DT5_PD10_SEED789,5,0.1,2.072631278538813,4.0,anomaly_detection,isolation_forest,isolation_forest,raw,threshold,0.5031683371451802,0.5031683371451802,0.0,0.0,SUCCESS,789
E5_DT5_PD10_SEED789,5,0.1,2.072631278538813,4.0,anomaly_detection,isolation_forest,isolation_forest,residual,precision,0.0464231354642313,0.0464231354642313,0.0,0.0,SUCCESS,789
E5_DT5_PD10_SEED789,5,0.1,2.072631278538813,4.0,anomaly_detection,isolation_forest,isolation_forest,residual,recall,1.0,1.0,0.0,0.0,SUCCESS,789
E5_DT5_PD10_SEED789,5,0.1,2.072631278538813,4.0,anomaly_detection,isolation_forest,isolation_forest,residual,f1,0.0887272727272727,0.0887272727272727,0.0,0.0,SUCCESS,789
E5_DT5_PD10_SEED789,5,0.1,2.072631278538813,4.0,anomaly_detection,isolation_forest,isolation_forest,residual,false_positive_rate,1.0,1.0,0.0,0.0,SUCCESS,789
E5_DT5_PD10_SEED789,5,0.1,2.072631278538813,4.0,anomaly_detection,isolation_forest,isolation_forest,residual,pr_auc,0.0566662298828916,0.0821393508125507,-0.025473120929659,0.3101207968856604,SUCCESS,789
E5_DT5_PD10_SEED789,5,0.1,2.072631278538813,4.0,anomaly_detection,isolation_forest,isolation_forest,residual,roc_auc,0.6028789102874413,0.6862922428793846,-0.0834133325919432,0.121542001177191,SUCCESS,789
E5_DT5_PD10_SEED789,5,0.1,2.072631278538813,4.0,anomaly_detection,isolation_forest,isolation_forest,residual,detection_latency,0.0,0.0,0.0,0.0,SUCCESS,789
E5_DT5_PD10_SEED789,5,0.1,2.072631278538813,4.0,anomaly_detection,isolation_forest,isolation_forest,residual,threshold,0.2937656541960819,0.2937656541960819,0.0,0.0,SUCCESS,789
E5_DT5_PD10_SEED789,5,0.1,2.072631278538813,4.0,anomaly_detection,lstm_autoencoder,lstm_autoencoder,raw,precision,0.4982578397212543,0.4982578397212543,0.0,0.0,SUCCESS,789
E5_DT5_PD10_SEED789,5,0.1,2.072631278538813,4.0,anomaly_detection,lstm_autoencoder,lstm_autoencoder,raw,recall,0.5860655737704918,0.5860655737704918,0.0,0.0,SUCCESS,789
E5_DT5_PD10_SEED789,5,0.1,2.072631278538813,4.0,anomaly_detection,lstm_autoencoder,lstm_autoencoder,raw,f1,0.5386064030131827,0.5386064030131827,0.0,0.0,SUCCESS,789
E5_DT5_PD10_SEED789,5,0.1,2.072631278538813,4.0,anomaly_detection,lstm_autoencoder,lstm_autoencoder,raw,false_positive_rate,0.028731045490822,0.028731045490822,0.0,0.0,SUCCESS,789
E5_DT5_PD10_SEED789,5,0.1,2.072631278538813,4.0,anomaly_detection,lstm_autoencoder,lstm_autoencoder,raw,pr_auc,0.561001698584242,0.561001698584242,0.0,0.0,SUCCESS,789
E5_DT5_PD10_SEED789,5,0.1,2.072631278538813,4.0,anomaly_detection,lstm_autoencoder,lstm_autoencoder,raw,roc_auc,0.9493396177043946,0.9493396177043946,0.0,0.0,SUCCESS,789
E5_DT5_PD10_SEED789,5,0.1,2.072631278538813,4.0,anomaly_detection,lstm_autoencoder,lstm_autoencoder,raw,detection_latency,1.3442622950819672,1.3442622950819672,0.0,0.0,SUCCESS,789
E5_DT5_PD10_SEED789,5,0.1,2.072631278538813,4.0,anomaly_detection,lstm_autoencoder,lstm_autoencoder,raw,threshold,0.0007370078528765,0.0007370078528765,0.0,0.0,SUCCESS,789
E5_DT5_PD10_SEED789,5,0.1,2.072631278538813,4.0,anomaly_detection,lstm_autoencoder,lstm_autoencoder,residual,precision,0.0464231354642313,0.0464231354642313,0.0,0.0,SUCCESS,789
E5_DT5_PD10_SEED789,5,0.1,2.072631278538813,4.0,anomaly_detection,lstm_autoencoder,lstm_autoencoder,residual,recall,1.0,1.0,0.0,0.0,SUCCESS,789
E5_DT5_PD10_SEED789,5,0.1,2.072631278538813,4.0,anomaly_detection,lstm_autoencoder,lstm_autoencoder,residual,f1,0.0887272727272727,0.0887272727272727,0.0,0.0,SUCCESS,789
E5_DT5_PD10_SEED789,5,0.1,2.072631278538813,4.0,anomaly_detection,lstm_autoencoder,lstm_autoencoder,residual,false_positive_rate,1.0,1.0,0.0,0.0,SUCCESS,789
E5_DT5_PD10_SEED789,5,0.1,2.072631278538813,4.0,anomaly_detection,lstm_autoencoder,lstm_autoencoder,residual,pr_auc,0.1286049483765462,0.1234193205004322,0.0051856278761139,-0.0420163379208995,SUCCESS,789
E5_DT5_PD10_SEED789,5,0.1,2.072631278538813,4.0,anomaly_detection,lstm_autoencoder,lstm_autoencoder,residual,roc_auc,0.6934308479321759,0.7175696361519239,-0.024138788219748,0.0336396455530029,SUCCESS,789
E5_DT5_PD10_SEED789,5,0.1,2.072631278538813,4.0,anomaly_detection,lstm_autoencoder,lstm_autoencoder,residual,detection_latency,0.0,0.0,0.0,0.0,SUCCESS,789
E5_DT5_PD10_SEED789,5,0.1,2.072631278538813,4.0,anomaly_detection,lstm_autoencoder,lstm_autoencoder,residual,threshold,0.0003816792741417,0.0003816792741417,0.0,0.0,SUCCESS,789
E5_DT5_PD20_SEED789,5,0.2,2.155736301369863,4.0,load_estimation,persistence,,raw,mae,0.8777152728998134,0.4498919691646662,0.4278233037351472,0.9509467451252914,SUCCESS,789
E5_DT5_PD20_SEED789,5,0.2,2.155736301369863,4.0,load_estimation,persistence,,raw,rmse,1.164856149242704,0.6124154498606276,0.5524406993820765,0.9020685214714944,SUCCESS,789
E5_DT5_PD20_SEED789,5,0.2,2.155736301369863,4.0,load_estimation,persistence,,raw,mape,25.261364076779948,14.12149407205246,11.139870004727488,0.7888591637604523,SUCCESS,789
E5_DT5_PD20_SEED789,5,0.2,2.155736301369863,4.0,load_estimation,persistence,,raw,r2,0.7494553248225474,0.9307479138394198,-0.1812925890168724,-0.1947816227371641,SUCCESS,789
E5_DT5_PD20_SEED789,5,0.2,2.155736301369863,4.0,load_estimation,xgboost,,raw,mae,0.5477366230622093,0.2750232725927274,0.2727133504694818,0.9916009939760032,SUCCESS,789
E5_DT5_PD20_SEED789,5,0.2,2.155736301369863,4.0,load_estimation,xgboost,,raw,rmse,0.7571925306171857,0.4144889415427226,0.3427035890744631,0.826809969402138,SUCCESS,789
E5_DT5_PD20_SEED789,5,0.2,2.155736301369863,4.0,load_estimation,xgboost,,raw,mape,15.971850001346796,9.085560043649886,6.88628995769691,0.7579378623456351,SUCCESS,789
E5_DT5_PD20_SEED789,5,0.2,2.155736301369863,4.0,load_estimation,xgboost,,raw,r2,0.8941347990582754,0.9682775676298728,-0.0741427685715973,-0.0765718127221332,SUCCESS,789
E5_DT5_PD20_SEED789,5,0.2,2.155736301369863,4.0,load_estimation,lstm,,raw,mae,0.559180446047412,0.2799320810273526,0.2792483650200594,0.997557564660742,SUCCESS,789
E5_DT5_PD20_SEED789,5,0.2,2.155736301369863,4.0,load_estimation,lstm,,raw,rmse,0.7349430513780018,0.4213114562541473,0.3136315951238544,0.7444174386149678,SUCCESS,789
E5_DT5_PD20_SEED789,5,0.2,2.155736301369863,4.0,load_estimation,lstm,,raw,mape,15.932364468723495,8.950627129882083,6.981737338841413,0.7800277273904707,SUCCESS,789
E5_DT5_PD20_SEED789,5,0.2,2.155736301369863,4.0,load_estimation,lstm,,raw,r2,0.9005366018747674,0.9673139490398543,-0.0667773471650869,-0.0690337891140404,SUCCESS,789
E5_DT5_PD20_SEED789,5,0.2,2.155736301369863,4.0,anomaly_detection,isolation_forest,isolation_forest,raw,precision,0.1164658634538152,0.1164658634538152,0.0,0.0,SUCCESS,789
E5_DT5_PD20_SEED789,5,0.2,2.155736301369863,4.0,anomaly_detection,isolation_forest,isolation_forest,raw,recall,0.1188524590163934,0.1188524590163934,0.0,0.0,SUCCESS,789
E5_DT5_PD20_SEED789,5,0.2,2.155736301369863,4.0,anomaly_detection,isolation_forest,isolation_forest,raw,f1,0.1176470588235294,0.1176470588235294,0.0,0.0,SUCCESS,789
E5_DT5_PD20_SEED789,5,0.2,2.155736301369863,4.0,anomaly_detection,isolation_forest,isolation_forest,raw,false_positive_rate,0.0438946528332003,0.0438946528332003,0.0,0.0,SUCCESS,789
E5_DT5_PD20_SEED789,5,0.2,2.155736301369863,4.0,anomaly_detection,isolation_forest,isolation_forest,raw,pr_auc,0.09385708598261,0.09385708598261,0.0,0.0,SUCCESS,789
E5_DT5_PD20_SEED789,5,0.2,2.155736301369863,4.0,anomaly_detection,isolation_forest,isolation_forest,raw,roc_auc,0.7138596875695052,0.7138596875695052,0.0,0.0,SUCCESS,789
E5_DT5_PD20_SEED789,5,0.2,2.155736301369863,4.0,anomaly_detection,isolation_forest,isolation_forest,raw,detection_latency,3.2459016393442623,3.2459016393442623,0.0,0.0,SUCCESS,789
E5_DT5_PD20_SEED789,5,0.2,2.155736301369863,4.0,anomaly_detection,isolation_forest,isolation_forest,raw,threshold,0.5031683371451802,0.5031683371451802,0.0,0.0,SUCCESS,789
E5_DT5_PD20_SEED789,5,0.2,2.155736301369863,4.0,anomaly_detection,isolation_forest,isolation_forest,residual,precision,0.0464231354642313,0.0464231354642313,0.0,0.0,SUCCESS,789
E5_DT5_PD20_SEED789,5,0.2,2.155736301369863,4.0,anomaly_detection,isolation_forest,isolation_forest,residual,recall,1.0,1.0,0.0,0.0,SUCCESS,789
E5_DT5_PD20_SEED789,5,0.2,2.155736301369863,4.0,anomaly_detection,isolation_forest,isolation_forest,residual,f1,0.0887272727272727,0.0887272727272727,0.0,0.0,SUCCESS,789
E5_DT5_PD20_SEED789,5,0.2,2.155736301369863,4.0,anomaly_detection,isolation_forest,isolation_forest,residual,false_positive_rate,1.0,1.0,0.0,0.0,SUCCESS,789
E5_DT5_PD20_SEED789,5,0.2,2.155736301369863,4.0,anomaly_detection,isolation_forest,isolation_forest,residual,pr_auc,0.059351394880381,0.0821393508125507,-0.0227879559321697,0.2774304362859389,SUCCESS,789
E5_DT5_PD20_SEED789,5,0.2,2.155736301369863,4.0,anomaly_detection,isolation_forest,isolation_forest,residual,roc_auc,0.6137990135151047,0.6862922428793846,-0.0724932293642799,0.1056302619131024,SUCCESS,789
E5_DT5_PD20_SEED789,5,0.2,2.155736301369863,4.0,anomaly_detection,isolation_forest,isolation_forest,residual,detection_latency,0.0,0.0,0.0,0.0,SUCCESS,789
E5_DT5_PD20_SEED789,5,0.2,2.155736301369863,4.0,anomaly_detection,isolation_forest,isolation_forest,residual,threshold,0.2937656541960819,0.2937656541960819,0.0,0.0,SUCCESS,789
E5_DT5_PD20_SEED789,5,0.2,2.155736301369863,4.0,anomaly_detection,lstm_autoencoder,lstm_autoencoder,raw,precision,0.4982578397212543,0.4982578397212543,0.0,0.0,SUCCESS,789
E5_DT5_PD20_SEED789,5,0.2,2.155736301369863,4.0,anomaly_detection,lstm_autoencoder,lstm_autoencoder,raw,recall,0.5860655737704918,0.5860655737704918,0.0,0.0,SUCCESS,789
E5_DT5_PD20_SEED789,5,0.2,2.155736301369863,4.0,anomaly_detection,lstm_autoencoder,lstm_autoencoder,raw,f1,0.5386064030131827,0.5386064030131827,0.0,0.0,SUCCESS,789
E5_DT5_PD20_SEED789,5,0.2,2.155736301369863,4.0,anomaly_detection,lstm_autoencoder,lstm_autoencoder,raw,false_positive_rate,0.028731045490822,0.028731045490822,0.0,0.0,SUCCESS,789
E5_DT5_PD20_SEED789,5,0.2,2.155736301369863,4.0,anomaly_detection,lstm_autoencoder,lstm_autoencoder,raw,pr_auc,0.561001698584242,0.561001698584242,0.0,0.0,SUCCESS,789
E5_DT5_PD20_SEED789,5,0.2,2.155736301369863,4.0,anomaly_detection,lstm_autoencoder,lstm_autoencoder,raw,roc_auc,0.9493396177043946,0.9493396177043946,0.0,0.0,SUCCESS,789
E5_DT5_PD20_SEED789,5,0.2,2.155736301369863,4.0,anomaly_detection,lstm_autoencoder,lstm_autoencoder,raw,detection_latency,1.3442622950819672,1.3442622950819672,0.0,0.0,SUCCESS,789
E5_DT5_PD20_SEED789,5,0.2,2.155736301369863,4.0,anomaly_detection,lstm_autoencoder,lstm_autoencoder,raw,threshold,0.0007370078528765,0.0007370078528765,0.0,0.0,SUCCESS,789
E5_DT5_PD20_SEED789,5,0.2,2.155736301369863,4.0,anomaly_detection,lstm_autoencoder,lstm_autoencoder,residual,precision,0.0464231354642313,0.0464231354642313,0.0,0.0,SUCCESS,789
E5_DT5_PD20_SEED789,5,0.2,2.155736301369863,4.0,anomaly_detection,lstm_autoencoder,lstm_autoencoder,residual,recall,1.0,1.0,0.0,0.0,SUCCESS,789
E5_DT5_PD20_SEED789,5,0.2,2.155736301369863,4.0,anomaly_detection,lstm_autoencoder,lstm_autoencoder,residual,f1,0.0887272727272727,0.0887272727272727,0.0,0.0,SUCCESS,789
E5_DT5_PD20_SEED789,5,0.2,2.155736301369863,4.0,anomaly_detection,lstm_autoencoder,lstm_autoencoder,residual,false_positive_rate,1.0,1.0,0.0,0.0,SUCCESS,789
E5_DT5_PD20_SEED789,5,0.2,2.155736301369863,4.0,anomaly_detection,lstm_autoencoder,lstm_autoencoder,residual,pr_auc,0.1136238140325215,0.1234193205004322,-0.0097955064679106,0.0793676907974579,SUCCESS,789
E5_DT5_PD20_SEED789,5,0.2,2.155736301369863,4.0,anomaly_detection,lstm_autoencoder,lstm_autoencoder,residual,roc_auc,0.6825209660748629,0.7175696361519239,-0.035048670077061,0.0488435802063961,SUCCESS,789
E5_DT5_PD20_SEED789,5,0.2,2.155736301369863,4.0,anomaly_detection,lstm_autoencoder,lstm_autoencoder,residual,detection_latency,0.0,0.0,0.0,0.0,SUCCESS,789
E5_DT5_PD20_SEED789,5,0.2,2.155736301369863,4.0,anomaly_detection,lstm_autoencoder,lstm_autoencoder,residual,threshold,0.0003816792741417,0.0003816792741417,0.0,0.0,SUCCESS,789
E5_DT15_PD00_SEED789,15,0.0,7.0,14.0,load_estimation,persistence,,raw,mae,1.821184653306842,0.4498919691646662,1.371292684142176,3.0480488164487896,SUCCESS,789
E5_DT15_PD00_SEED789,15,0.0,7.0,14.0,load_estimation,persistence,,raw,rmse,2.419981557212886,0.6124154498606276,1.8075661073522584,2.9515357716132424,SUCCESS,789
E5_DT15_PD00_SEED789,15,0.0,7.0,14.0,load_estimation,persistence,,raw,mape,56.71104331359656,14.12149407205246,42.58954924154409,3.0159379046040278,SUCCESS,789
E5_DT15_PD00_SEED789,15,0.0,7.0,14.0,load_estimation,persistence,,raw,r2,-0.0813460452238972,0.9307479138394198,-1.012093959063317,-1.0873985791580636,SUCCESS,789
E5_DT15_PD00_SEED789,15,0.0,7.0,14.0,load_estimation,xgboost,,raw,mae,1.4225422836602006,0.2750232725927274,1.1475190110674731,4.172443299977725,SUCCESS,789
E5_DT15_PD00_SEED789,15,0.0,7.0,14.0,load_estimation,xgboost,,raw,rmse,1.8922915278959669,0.4144889415427226,1.477802586353244,3.565360708666633,SUCCESS,789
E5_DT15_PD00_SEED789,15,0.0,7.0,14.0,load_estimation,xgboost,,raw,mape,43.91173625111328,9.085560043649886,34.8261762074634,3.833134780921319,SUCCESS,789
E5_DT15_PD00_SEED789,15,0.0,7.0,14.0,load_estimation,xgboost,,raw,r2,0.3388246196253447,0.9682775676298728,-0.629452948004528,-0.6500749052209154,SUCCESS,789
E5_DT15_PD00_SEED789,15,0.0,7.0,14.0,load_estimation,lstm,,raw,mae,1.481615063817465,0.2799320810273526,1.2016829827901123,4.292766225221231,SUCCESS,789
E5_DT15_PD00_SEED789,15,0.0,7.0,14.0,load_estimation,lstm,,raw,rmse,1.8993093903929323,0.4213114562541473,1.477997934138785,3.50808864130961,SUCCESS,789
E5_DT15_PD00_SEED789,15,0.0,7.0,14.0,load_estimation,lstm,,raw,mape,44.29265147842308,8.950627129882083,35.342024348541,3.948552859558859,SUCCESS,789
E5_DT15_PD00_SEED789,15,0.0,7.0,14.0,load_estimation,lstm,,raw,r2,0.3357258578572178,0.9673139490398543,-0.6315880911826365,-0.6529297874899294,SUCCESS,789
E5_DT15_PD00_SEED789,15,0.0,7.0,14.0,anomaly_detection,isolation_forest,isolation_forest,raw,precision,0.1164658634538152,0.1164658634538152,0.0,0.0,SUCCESS,789
E5_DT15_PD00_SEED789,15,0.0,7.0,14.0,anomaly_detection,isolation_forest,isolation_forest,raw,recall,0.1188524590163934,0.1188524590163934,0.0,0.0,SUCCESS,789
E5_DT15_PD00_SEED789,15,0.0,7.0,14.0,anomaly_detection,isolation_forest,isolation_forest,raw,f1,0.1176470588235294,0.1176470588235294,0.0,0.0,SUCCESS,789
E5_DT15_PD00_SEED789,15,0.0,7.0,14.0,anomaly_detection,isolation_forest,isolation_forest,raw,false_positive_rate,0.0438946528332003,0.0438946528332003,0.0,0.0,SUCCESS,789
E5_DT15_PD00_SEED789,15,0.0,7.0,14.0,anomaly_detection,isolation_forest,isolation_forest,raw,pr_auc,0.09385708598261,0.09385708598261,0.0,0.0,SUCCESS,789
E5_DT15_PD00_SEED789,15,0.0,7.0,14.0,anomaly_detection,isolation_forest,isolation_forest,raw,roc_auc,0.7138596875695052,0.7138596875695052,0.0,0.0,SUCCESS,789
E5_DT15_PD00_SEED789,15,0.0,7.0,14.0,anomaly_detection,isolation_forest,isolation_forest,raw,detection_latency,3.2459016393442623,3.2459016393442623,0.0,0.0,SUCCESS,789
E5_DT15_PD00_SEED789,15,0.0,7.0,14.0,anomaly_detection,isolation_forest,isolation_forest,raw,threshold,0.5031683371451802,0.5031683371451802,0.0,0.0,SUCCESS,789
E5_DT15_PD00_SEED789,15,0.0,7.0,14.0,anomaly_detection,isolation_forest,isolation_forest,residual,precision,0.0464231354642313,0.0464231354642313,0.0,0.0,SUCCESS,789
E5_DT15_PD00_SEED789,15,0.0,7.0,14.0,anomaly_detection,isolation_forest,isolation_forest,residual,recall,1.0,1.0,0.0,0.0,SUCCESS,789
E5_DT15_PD00_SEED789,15,0.0,7.0,14.0,anomaly_detection,isolation_forest,isolation_forest,residual,f1,0.0887272727272727,0.0887272727272727,0.0,0.0,SUCCESS,789
E5_DT15_PD00_SEED789,15,0.0,7.0,14.0,anomaly_detection,isolation_forest,isolation_forest,residual,false_positive_rate,1.0,1.0,0.0,0.0,SUCCESS,789
E5_DT15_PD00_SEED789,15,0.0,7.0,14.0,anomaly_detection,isolation_forest,isolation_forest,residual,pr_auc,0.0493184429861723,0.0821393508125507,-0.0328209078263784,0.3995759340888709,SUCCESS,789
E5_DT15_PD00_SEED789,15,0.0,7.0,14.0,anomaly_detection,isolation_forest,isolation_forest,residual,roc_auc,0.5401536312849162,0.6862922428793846,-0.1461386115944684,0.2129393317653339,SUCCESS,789
E5_DT15_PD00_SEED789,15,0.0,7.0,14.0,anomaly_detection,isolation_forest,isolation_forest,residual,detection_latency,0.0,0.0,0.0,0.0,SUCCESS,789
E5_DT15_PD00_SEED789,15,0.0,7.0,14.0,anomaly_detection,isolation_forest,isolation_forest,residual,threshold,0.2937656541960819,0.2937656541960819,0.0,0.0,SUCCESS,789
E5_DT15_PD00_SEED789,15,0.0,7.0,14.0,anomaly_detection,lstm_autoencoder,lstm_autoencoder,raw,precision,0.4982578397212543,0.4982578397212543,0.0,0.0,SUCCESS,789
E5_DT15_PD00_SEED789,15,0.0,7.0,14.0,anomaly_detection,lstm_autoencoder,lstm_autoencoder,raw,recall,0.5860655737704918,0.5860655737704918,0.0,0.0,SUCCESS,789
E5_DT15_PD00_SEED789,15,0.0,7.0,14.0,anomaly_detection,lstm_autoencoder,lstm_autoencoder,raw,f1,0.5386064030131827,0.5386064030131827,0.0,0.0,SUCCESS,789
E5_DT15_PD00_SEED789,15,0.0,7.0,14.0,anomaly_detection,lstm_autoencoder,lstm_autoencoder,raw,false_positive_rate,0.028731045490822,0.028731045490822,0.0,0.0,SUCCESS,789
E5_DT15_PD00_SEED789,15,0.0,7.0,14.0,anomaly_detection,lstm_autoencoder,lstm_autoencoder,raw,pr_auc,0.561001698584242,0.561001698584242,0.0,0.0,SUCCESS,789
E5_DT15_PD00_SEED789,15,0.0,7.0,14.0,anomaly_detection,lstm_autoencoder,lstm_autoencoder,raw,roc_auc,0.9493396177043946,0.9493396177043946,0.0,0.0,SUCCESS,789
E5_DT15_PD00_SEED789,15,0.0,7.0,14.0,anomaly_detection,lstm_autoencoder,lstm_autoencoder,raw,detection_latency,1.3442622950819672,1.3442622950819672,0.0,0.0,SUCCESS,789
E5_DT15_PD00_SEED789,15,0.0,7.0,14.0,anomaly_detection,lstm_autoencoder,lstm_autoencoder,raw,threshold,0.0007370078528765,0.0007370078528765,0.0,0.0,SUCCESS,789
E5_DT15_PD00_SEED789,15,0.0,7.0,14.0,anomaly_detection,lstm_autoencoder,lstm_autoencoder,residual,precision,0.0464231354642313,0.0464231354642313,0.0,0.0,SUCCESS,789
E5_DT15_PD00_SEED789,15,0.0,7.0,14.0,anomaly_detection,lstm_autoencoder,lstm_autoencoder,residual,recall,1.0,1.0,0.0,0.0,SUCCESS,789
E5_DT15_PD00_SEED789,15,0.0,7.0,14.0,anomaly_detection,lstm_autoencoder,lstm_autoencoder,residual,f1,0.0887272727272727,0.0887272727272727,0.0,0.0,SUCCESS,789
E5_DT15_PD00_SEED789,15,0.0,7.0,14.0,anomaly_detection,lstm_autoencoder,lstm_autoencoder,residual,false_positive_rate,1.0,1.0,0.0,0.0,SUCCESS,789
E5_DT15_PD00_SEED789,15,0.0,7.0,14.0,anomaly_detection,lstm_autoencoder,lstm_autoencoder,residual,pr_auc,0.1085081534200011,0.1234193205004322,-0.0149111670804311,0.1208171218247706,SUCCESS,789
E5_DT15_PD00_SEED789,15,0.0,7.0,14.0,anomaly_detection,lstm_autoencoder,lstm_autoencoder,residual,roc_auc,0.619798549056036,0.7175696361519239,-0.0977710870958878,0.1362530995879371,SUCCESS,789
E5_DT15_PD00_SEED789,15,0.0,7.0,14.0,anomaly_detection,lstm_autoencoder,lstm_autoencoder,residual,detection_latency,0.0,0.0,0.0,0.0,SUCCESS,789
E5_DT15_PD00_SEED789,15,0.0,7.0,14.0,anomaly_detection,lstm_autoencoder,lstm_autoencoder,residual,threshold,0.0003816792741417,0.0003816792741417,0.0,0.0,SUCCESS,789
E5_DT15_PD05_SEED789,15,0.05,7.028025114155251,14.0,load_estimation,persistence,,raw,mae,1.8243915184856003,0.4498919691646662,1.3744995493209344,3.055176894739924,SUCCESS,789
E5_DT15_PD05_SEED789,15,0.05,7.028025114155251,14.0,load_estimation,persistence,,raw,rmse,2.420724522023127,0.6124154498606276,1.8083090721624997,2.9527489428524887,SUCCESS,789
E5_DT15_PD05_SEED789,15,0.05,7.028025114155251,14.0,load_estimation,persistence,,raw,mape,57.02301799017222,14.12149407205246,42.90152391811976,3.0380300908120783,SUCCESS,789
E5_DT15_PD05_SEED789,15,0.05,7.028025114155251,14.0,load_estimation,persistence,,raw,r2,-0.0820101208522208,0.9307479138394198,-1.0127580346916405,-1.0881120651819909,SUCCESS,789
E5_DT15_PD05_SEED789,15,0.05,7.028025114155251,14.0,load_estimation,xgboost,,raw,mae,1.4179654411483935,0.2750232725927274,1.142942168555666,4.155801644641942,SUCCESS,789
E5_DT15_PD05_SEED789,15,0.05,7.028025114155251,14.0,load_estimation,xgboost,,raw,rmse,1.8862238848611443,0.4144889415427226,1.4717349433184217,3.5507218548235397,SUCCESS,789
E5_DT15_PD05_SEED789,15,0.05,7.028025114155251,14.0,load_estimation,xgboost,,raw,mape,43.99241441951103,9.085560043649886,34.906854375861144,3.8420146042905055,SUCCESS,789
E5_DT15_PD05_SEED789,15,0.05,7.028025114155251,14.0,load_estimation,xgboost,,raw,r2,0.3430579465112234,0.9682775676298728,-0.6252196211186493,-0.6457028872919646,SUCCESS,789
E5_DT15_PD05_SEED789,15,0.05,7.028025114155251,14.0,load_estimation,lstm,,raw,mae,1.4887331197030818,0.2799320810273526,1.208801038675729,4.318194021347683,SUCCESS,789
E5_DT15_PD05_SEED789,15,0.05,7.028025114155251,14.0,load_estimation,lstm,,raw,rmse,1.911344629407077,0.4213114562541473,1.4900331731529295,3.5366547741205934,SUCCESS,789
E5_DT15_PD05_SEED789,15,0.05,7.028025114155251,14.0,load_estimation,lstm,,raw,mape,44.553023984187,8.950627129882083,35.602396854304914,3.9776427213066072,SUCCESS,789
E5_DT15_PD05_SEED789,15,0.05,7.028025114155251,14.0,load_estimation,lstm,,raw,r2,0.3272806536454189,0.9673139490398543,-0.6400332953944354,-0.6616603596275291,SUCCESS,789
E5_DT15_PD05_SEED789,15,0.05,7.028025114155251,14.0,anomaly_detection,isolation_forest,isolation_forest,raw,precision,0.1164658634538152,0.1164658634538152,0.0,0.0,SUCCESS,789
E5_DT15_PD05_SEED789,15,0.05,7.028025114155251,14.0,anomaly_detection,isolation_forest,isolation_forest,raw,recall,0.1188524590163934,0.1188524590163934,0.0,0.0,SUCCESS,789
E5_DT15_PD05_SEED789,15,0.05,7.028025114155251,14.0,anomaly_detection,isolation_forest,isolation_forest,raw,f1,0.1176470588235294,0.1176470588235294,0.0,0.0,SUCCESS,789
E5_DT15_PD05_SEED789,15,0.05,7.028025114155251,14.0,anomaly_detection,isolation_forest,isolation_forest,raw,false_positive_rate,0.0438946528332003,0.0438946528332003,0.0,0.0,SUCCESS,789
E5_DT15_PD05_SEED789,15,0.05,7.028025114155251,14.0,anomaly_detection,isolation_forest,isolation_forest,raw,pr_auc,0.09385708598261,0.09385708598261,0.0,0.0,SUCCESS,789
E5_DT15_PD05_SEED789,15,0.05,7.028025114155251,14.0,anomaly_detection,isolation_forest,isolation_forest,raw,roc_auc,0.7138596875695052,0.7138596875695052,0.0,0.0,SUCCESS,789
E5_DT15_PD05_SEED789,15,0.05,7.028025114155251,14.0,anomaly_detection,isolation_forest,isolation_forest,raw,detection_latency,3.2459016393442623,3.2459016393442623,0.0,0.0,SUCCESS,789
E5_DT15_PD05_SEED789,15,0.05,7.028025114155251,14.0,anomaly_detection,isolation_forest,isolation_forest,raw,threshold,0.5031683371451802,0.5031683371451802,0.0,0.0,SUCCESS,789
E5_DT15_PD05_SEED789,15,0.05,7.028025114155251,14.0,anomaly_detection,isolation_forest,isolation_forest,residual,precision,0.0464231354642313,0.0464231354642313,0.0,0.0,SUCCESS,789
E5_DT15_PD05_SEED789,15,0.05,7.028025114155251,14.0,anomaly_detection,isolation_forest,isolation_forest,residual,recall,1.0,1.0,0.0,0.0,SUCCESS,789
E5_DT15_PD05_SEED789,15,0.05,7.028025114155251,14.0,anomaly_detection,isolation_forest,isolation_forest,residual,f1,0.0887272727272727,0.0887272727272727,0.0,0.0,SUCCESS,789
E5_DT15_PD05_SEED789,15,0.05,7.028025114155251,14.0,anomaly_detection,isolation_forest,isolation_forest,residual,false_positive_rate,1.0,1.0,0.0,0.0,SUCCESS,789
E5_DT15_PD05_SEED789,15,0.05,7.028025114155251,14.0,anomaly_detection,isolation_forest,isolation_forest,residual,pr_auc,0.0513840080848973,0.0821393508125507,-0.0307553427276534,0.3744288507689796,SUCCESS,789
E5_DT15_PD05_SEED789,15,0.05,7.028025114155251,14.0,anomaly_detection,isolation_forest,isolation_forest,residual,roc_auc,0.5483957354807479,0.6862922428793846,-0.1378965073986366,0.200929718832436,SUCCESS,789
E5_DT15_PD05_SEED789,15,0.05,7.028025114155251,14.0,anomaly_detection,isolation_forest,isolation_forest,residual,detection_latency,0.0,0.0,0.0,0.0,SUCCESS,789
E5_DT15_PD05_SEED789,15,0.05,7.028025114155251,14.0,anomaly_detection,isolation_forest,isolation_forest,residual,threshold,0.2937656541960819,0.2937656541960819,0.0,0.0,SUCCESS,789
E5_DT15_PD05_SEED789,15,0.05,7.028025114155251,14.0,anomaly_detection,lstm_autoencoder,lstm_autoencoder,raw,precision,0.4982578397212543,0.4982578397212543,0.0,0.0,SUCCESS,789
E5_DT15_PD05_SEED789,15,0.05,7.028025114155251,14.0,anomaly_detection,lstm_autoencoder,lstm_autoencoder,raw,recall,0.5860655737704918,0.5860655737704918,0.0,0.0,SUCCESS,789
E5_DT15_PD05_SEED789,15,0.05,7.028025114155251,14.0,anomaly_detection,lstm_autoencoder,lstm_autoencoder,raw,f1,0.5386064030131827,0.5386064030131827,0.0,0.0,SUCCESS,789
E5_DT15_PD05_SEED789,15,0.05,7.028025114155251,14.0,anomaly_detection,lstm_autoencoder,lstm_autoencoder,raw,false_positive_rate,0.028731045490822,0.028731045490822,0.0,0.0,SUCCESS,789
E5_DT15_PD05_SEED789,15,0.05,7.028025114155251,14.0,anomaly_detection,lstm_autoencoder,lstm_autoencoder,raw,pr_auc,0.561001698584242,0.561001698584242,0.0,0.0,SUCCESS,789
E5_DT15_PD05_SEED789,15,0.05,7.028025114155251,14.0,anomaly_detection,lstm_autoencoder,lstm_autoencoder,raw,roc_auc,0.9493396177043946,0.9493396177043946,0.0,0.0,SUCCESS,789
E5_DT15_PD05_SEED789,15,0.05,7.028025114155251,14.0,anomaly_detection,lstm_autoencoder,lstm_autoencoder,raw,detection_latency,1.3442622950819672,1.3442622950819672,0.0,0.0,SUCCESS,789
E5_DT15_PD05_SEED789,15,0.05,7.028025114155251,14.0,anomaly_detection,lstm_autoencoder,lstm_autoencoder,raw,threshold,0.0007370078528765,0.0007370078528765,0.0,0.0,SUCCESS,789
E5_DT15_PD05_SEED789,15,0.05,7.028025114155251,14.0,anomaly_detection,lstm_autoencoder,lstm_autoencoder,residual,precision,0.0464231354642313,0.0464231354642313,0.0,0.0,SUCCESS,789
E5_DT15_PD05_SEED789,15,0.05,7.028025114155251,14.0,anomaly_detection,lstm_autoencoder,lstm_autoencoder,residual,recall,1.0,1.0,0.0,0.0,SUCCESS,789
E5_DT15_PD05_SEED789,15,0.05,7.028025114155251,14.0,anomaly_detection,lstm_autoencoder,lstm_autoencoder,residual,f1,0.0887272727272727,0.0887272727272727,0.0,0.0,SUCCESS,789
E5_DT15_PD05_SEED789,15,0.05,7.028025114155251,14.0,anomaly_detection,lstm_autoencoder,lstm_autoencoder,residual,false_positive_rate,1.0,1.0,0.0,0.0,SUCCESS,789
E5_DT15_PD05_SEED789,15,0.05,7.028025114155251,14.0,anomaly_detection,lstm_autoencoder,lstm_autoencoder,residual,pr_auc,0.1092665079000935,0.1234193205004322,-0.0141528126003386,0.1146725856450418,SUCCESS,789
E5_DT15_PD05_SEED789,15,0.05,7.028025114155251,14.0,anomaly_detection,lstm_autoencoder,lstm_autoencoder,residual,roc_auc,0.6378887391571703,0.7175696361519239,-0.0796808969947536,0.1110427378477921,SUCCESS,789
E5_DT15_PD05_SEED789,15,0.05,7.028025114155251,14.0,anomaly_detection,lstm_autoencoder,lstm_autoencoder,residual,detection_latency,0.0,0.0,0.0,0.0,SUCCESS,789
E5_DT15_PD05_SEED789,15,0.05,7.028025114155251,14.0,anomaly_detection,lstm_autoencoder,lstm_autoencoder,residual,threshold,0.0003816792741417,0.0003816792741417,0.0,0.0,SUCCESS,789
E5_DT15_PD10_SEED789,15,0.1,7.0625,14.0,load_estimation,persistence,,raw,mae,1.84326289911702,0.4498919691646662,1.3933709299523538,3.097123366170518,SUCCESS,789
E5_DT15_PD10_SEED789,15,0.1,7.0625,14.0,load_estimation,persistence,,raw,rmse,2.432418895142311,0.6124154498606276,1.820003445281684,2.971844432886004,SUCCESS,789
E5_DT15_PD10_SEED789,15,0.1,7.0625,14.0,load_estimation,persistence,,raw,mape,57.2949807164655,14.12149407205246,43.173486644413046,3.0572888693029125,SUCCESS,789
E5_DT15_PD10_SEED789,15,0.1,7.0625,14.0,load_estimation,persistence,,raw,r2,-0.0924896231108272,0.9307479138394198,-1.0232375369502469,-1.0993712924150418,SUCCESS,789
E5_DT15_PD10_SEED789,15,0.1,7.0625,14.0,load_estimation,xgboost,,raw,mae,1.4241145324625382,0.2750232725927274,1.1490912598698106,4.178160084552046,SUCCESS,789
E5_DT15_PD10_SEED789,15,0.1,7.0625,14.0,load_estimation,xgboost,,raw,rmse,1.8865045251228645,0.4144889415427226,1.4720155835801416,3.551398930213477,SUCCESS,789
E5_DT15_PD10_SEED789,15,0.1,7.0625,14.0,load_estimation,xgboost,,raw,mape,43.925293357128034,9.085560043649886,34.83973331347815,3.83462694056251,SUCCESS,789
E5_DT15_PD10_SEED789,15,0.1,7.0625,14.0,load_estimation,xgboost,,raw,r2,0.3428624468077603,0.9682775676298728,-0.6254151208221124,-0.6459047919007243,SUCCESS,789
E5_DT15_PD10_SEED789,15,0.1,7.0625,14.0,load_estimation,lstm,,raw,mae,1.5105178998575004,0.2799320810273526,1.2305858188301475,4.396015684639965,SUCCESS,789
E5_DT15_PD10_SEED789,15,0.1,7.0625,14.0,load_estimation,lstm,,raw,rmse,1.9356828722171988,0.4213114562541473,1.5143714159630517,3.5944225904209417,SUCCESS,789
E5_DT15_PD10_SEED789,15,0.1,7.0625,14.0,load_estimation,lstm,,raw,mape,45.268710849279245,8.950627129882083,36.318083719397166,4.057602131379997,SUCCESS,789
E5_DT15_PD10_SEED789,15,0.1,7.0625,14.0,load_estimation,lstm,,raw,r2,0.310039337044352,0.9673139490398543,-0.6572746119955023,-0.679484269453476,SUCCESS,789
E5_DT15_PD10_SEED789,15,0.1,7.0625,14.0,anomaly_detection,isolation_forest,isolation_forest,raw,precision,0.1164658634538152,0.1164658634538152,0.0,0.0,SUCCESS,789
E5_DT15_PD10_SEED789,15,0.1,7.0625,14.0,anomaly_detection,isolation_forest,isolation_forest,raw,recall,0.1188524590163934,0.1188524590163934,0.0,0.0,SUCCESS,789
E5_DT15_PD10_SEED789,15,0.1,7.0625,14.0,anomaly_detection,isolation_forest,isolation_forest,raw,f1,0.1176470588235294,0.1176470588235294,0.0,0.0,SUCCESS,789
E5_DT15_PD10_SEED789,15,0.1,7.0625,14.0,anomaly_detection,isolation_forest,isolation_forest,raw,false_positive_rate,0.0438946528332003,0.0438946528332003,0.0,0.0,SUCCESS,789
E5_DT15_PD10_SEED789,15,0.1,7.0625,14.0,anomaly_detection,isolation_forest,isolation_forest,raw,pr_auc,0.09385708598261,0.09385708598261,0.0,0.0,SUCCESS,789
E5_DT15_PD10_SEED789,15,0.1,7.0625,14.0,anomaly_detection,isolation_forest,isolation_forest,raw,roc_auc,0.7138596875695052,0.7138596875695052,0.0,0.0,SUCCESS,789
E5_DT15_PD10_SEED789,15,0.1,7.0625,14.0,anomaly_detection,isolation_forest,isolation_forest,raw,detection_latency,3.2459016393442623,3.2459016393442623,0.0,0.0,SUCCESS,789
E5_DT15_PD10_SEED789,15,0.1,7.0625,14.0,anomaly_detection,isolation_forest,isolation_forest,raw,threshold,0.5031683371451802,0.5031683371451802,0.0,0.0,SUCCESS,789
E5_DT15_PD10_SEED789,15,0.1,7.0625,14.0,anomaly_detection,isolation_forest,isolation_forest,residual,precision,0.0464231354642313,0.0464231354642313,0.0,0.0,SUCCESS,789
E5_DT15_PD10_SEED789,15,0.1,7.0625,14.0,anomaly_detection,isolation_forest,isolation_forest,residual,recall,1.0,1.0,0.0,0.0,SUCCESS,789
E5_DT15_PD10_SEED789,15,0.1,7.0625,14.0,anomaly_detection,isolation_forest,isolation_forest,residual,f1,0.0887272727272727,0.0887272727272727,0.0,0.0,SUCCESS,789
E5_DT15_PD10_SEED789,15,0.1,7.0625,14.0,anomaly_detection,isolation_forest,isolation_forest,residual,false_positive_rate,1.0,1.0,0.0,0.0,SUCCESS,789
E5_DT15_PD10_SEED789,15,0.1,7.0625,14.0,anomaly_detection,isolation_forest,isolation_forest,residual,pr_auc,0.0490589635256153,0.0821393508125507,-0.0330803872869354,0.4027349493232272,SUCCESS,789
E5_DT15_PD10_SEED789,15,0.1,7.0625,14.0,anomaly_detection,isolation_forest,isolation_forest,residual,roc_auc,0.5488765487420355,0.6862922428793846,-0.1374156941373491,0.2002291233262559,SUCCESS,789
E5_DT15_PD10_SEED789,15,0.1,7.0625,14.0,anomaly_detection,isolation_forest,isolation_forest,residual,detection_latency,0.0,0.0,0.0,0.0,SUCCESS,789
E5_DT15_PD10_SEED789,15,0.1,7.0625,14.0,anomaly_detection,isolation_forest,isolation_forest,residual,threshold,0.2937656541960819,0.2937656541960819,0.0,0.0,SUCCESS,789
E5_DT15_PD10_SEED789,15,0.1,7.0625,14.0,anomaly_detection,lstm_autoencoder,lstm_autoencoder,raw,precision,0.4982578397212543,0.4982578397212543,0.0,0.0,SUCCESS,789
E5_DT15_PD10_SEED789,15,0.1,7.0625,14.0,anomaly_detection,lstm_autoencoder,lstm_autoencoder,raw,recall,0.5860655737704918,0.5860655737704918,0.0,0.0,SUCCESS,789
E5_DT15_PD10_SEED789,15,0.1,7.0625,14.0,anomaly_detection,lstm_autoencoder,lstm_autoencoder,raw,f1,0.5386064030131827,0.5386064030131827,0.0,0.0,SUCCESS,789
E5_DT15_PD10_SEED789,15,0.1,7.0625,14.0,anomaly_detection,lstm_autoencoder,lstm_autoencoder,raw,false_positive_rate,0.028731045490822,0.028731045490822,0.0,0.0,SUCCESS,789
E5_DT15_PD10_SEED789,15,0.1,7.0625,14.0,anomaly_detection,lstm_autoencoder,lstm_autoencoder,raw,pr_auc,0.561001698584242,0.561001698584242,0.0,0.0,SUCCESS,789
E5_DT15_PD10_SEED789,15,0.1,7.0625,14.0,anomaly_detection,lstm_autoencoder,lstm_autoencoder,raw,roc_auc,0.9493396177043946,0.9493396177043946,0.0,0.0,SUCCESS,789
E5_DT15_PD10_SEED789,15,0.1,7.0625,14.0,anomaly_detection,lstm_autoencoder,lstm_autoencoder,raw,detection_latency,1.3442622950819672,1.3442622950819672,0.0,0.0,SUCCESS,789
E5_DT15_PD10_SEED789,15,0.1,7.0625,14.0,anomaly_detection,lstm_autoencoder,lstm_autoencoder,raw,threshold,0.0007370078528765,0.0007370078528765,0.0,0.0,SUCCESS,789
E5_DT15_PD10_SEED789,15,0.1,7.0625,14.0,anomaly_detection,lstm_autoencoder,lstm_autoencoder,residual,precision,0.0464231354642313,0.0464231354642313,0.0,0.0,SUCCESS,789
E5_DT15_PD10_SEED789,15,0.1,7.0625,14.0,anomaly_detection,lstm_autoencoder,lstm_autoencoder,residual,recall,1.0,1.0,0.0,0.0,SUCCESS,789
E5_DT15_PD10_SEED789,15,0.1,7.0625,14.0,anomaly_detection,lstm_autoencoder,lstm_autoencoder,residual,f1,0.0887272727272727,0.0887272727272727,0.0,0.0,SUCCESS,789
E5_DT15_PD10_SEED789,15,0.1,7.0625,14.0,anomaly_detection,lstm_autoencoder,lstm_autoencoder,residual,false_positive_rate,1.0,1.0,0.0,0.0,SUCCESS,789
E5_DT15_PD10_SEED789,15,0.1,7.0625,14.0,anomaly_detection,lstm_autoencoder,lstm_autoencoder,residual,pr_auc,0.1301552294242325,0.1234193205004322,0.0067359089238002,-0.0545774267471898,SUCCESS,789
E5_DT15_PD10_SEED789,15,0.1,7.0625,14.0,anomaly_detection,lstm_autoencoder,lstm_autoencoder,residual,roc_auc,0.6280950309421323,0.7175696361519239,-0.0894746052097916,0.1246911807606754,SUCCESS,789
E5_DT15_PD10_SEED789,15,0.1,7.0625,14.0,anomaly_detection,lstm_autoencoder,lstm_autoencoder,residual,detection_latency,0.0,0.0,0.0,0.0,SUCCESS,789
E5_DT15_PD10_SEED789,15,0.1,7.0625,14.0,anomaly_detection,lstm_autoencoder,lstm_autoencoder,residual,threshold,0.0003816792741417,0.0003816792741417,0.0,0.0,SUCCESS,789
E5_DT15_PD20_SEED789,15,0.2,7.1341324200913245,14.0,load_estimation,persistence,,raw,mae,1.819929579417455,0.4498919691646662,1.370037610252789,3.0452590936366275,SUCCESS,789
E5_DT15_PD20_SEED789,15,0.2,7.1341324200913245,14.0,load_estimation,persistence,,raw,rmse,2.418528813909456,0.6124154498606276,1.806113364048828,2.949163618357212,SUCCESS,789
E5_DT15_PD20_SEED789,15,0.2,7.1341324200913245,14.0,load_estimation,persistence,,raw,mape,56.663804449183694,14.12149407205246,42.54231037713123,3.01259272992408,SUCCESS,789
E5_DT15_PD20_SEED789,15,0.2,7.1341324200913245,14.0,load_estimation,persistence,,raw,r2,-0.0800481454933028,0.9307479138394198,-1.0107960593327228,-1.0860041094941562,SUCCESS,789
E5_DT15_PD20_SEED789,15,0.2,7.1341324200913245,14.0,load_estimation,xgboost,,raw,mae,1.4069229318807115,0.2750232725927274,1.131899659287984,4.11565046338524,SUCCESS,789
E5_DT15_PD20_SEED789,15,0.2,7.1341324200913245,14.0,load_estimation,xgboost,,raw,rmse,1.876998662705388,0.4144889415427226,1.462509721162665,3.528464995276405,SUCCESS,789
E5_DT15_PD20_SEED789,15,0.2,7.1341324200913245,14.0,load_estimation,xgboost,,raw,mape,43.40254332977434,9.085560043649886,34.316983286124454,3.777090583437331,SUCCESS,789
E5_DT15_PD20_SEED789,15,0.2,7.1341324200913245,14.0,load_estimation,xgboost,,raw,r2,0.3494682312270069,0.9682775676298728,-0.6188093364028658,-0.6390825906641346,SUCCESS,789
E5_DT15_PD20_SEED789,15,0.2,7.1341324200913245,14.0,load_estimation,lstm,,raw,mae,1.4778978874276525,0.2799320810273526,1.1979658064002998,4.279487374236483,SUCCESS,789
E5_DT15_PD20_SEED789,15,0.2,7.1341324200913245,14.0,load_estimation,lstm,,raw,rmse,1.903290430340269,0.4213114562541473,1.4819789740861216,3.5175378027037287,SUCCESS,789
E5_DT15_PD20_SEED789,15,0.2,7.1341324200913245,14.0,load_estimation,lstm,,raw,mape,44.37875746429316,8.950627129882083,35.42813033441108,3.9581729660185063,SUCCESS,789
E5_DT15_PD20_SEED789,15,0.2,7.1341324200913245,14.0,load_estimation,lstm,,raw,r2,0.3329382410443686,0.9673139490398543,-0.6343757079954857,-0.6558115993521652,SUCCESS,789
E5_DT15_PD20_SEED789,15,0.2,7.1341324200913245,14.0,anomaly_detection,isolation_forest,isolation_forest,raw,precision,0.1164658634538152,0.1164658634538152,0.0,0.0,SUCCESS,789
E5_DT15_PD20_SEED789,15,0.2,7.1341324200913245,14.0,anomaly_detection,isolation_forest,isolation_forest,raw,recall,0.1188524590163934,0.1188524590163934,0.0,0.0,SUCCESS,789
E5_DT15_PD20_SEED789,15,0.2,7.1341324200913245,14.0,anomaly_detection,isolation_forest,isolation_forest,raw,f1,0.1176470588235294,0.1176470588235294,0.0,0.0,SUCCESS,789
E5_DT15_PD20_SEED789,15,0.2,7.1341324200913245,14.0,anomaly_detection,isolation_forest,isolation_forest,raw,false_positive_rate,0.0438946528332003,0.0438946528332003,0.0,0.0,SUCCESS,789
E5_DT15_PD20_SEED789,15,0.2,7.1341324200913245,14.0,anomaly_detection,isolation_forest,isolation_forest,raw,pr_auc,0.09385708598261,0.09385708598261,0.0,0.0,SUCCESS,789
E5_DT15_PD20_SEED789,15,0.2,7.1341324200913245,14.0,anomaly_detection,isolation_forest,isolation_forest,raw,roc_auc,0.7138596875695052,0.7138596875695052,0.0,0.0,SUCCESS,789
E5_DT15_PD20_SEED789,15,0.2,7.1341324200913245,14.0,anomaly_detection,isolation_forest,isolation_forest,raw,detection_latency,3.2459016393442623,3.2459016393442623,0.0,0.0,SUCCESS,789
E5_DT15_PD20_SEED789,15,0.2,7.1341324200913245,14.0,anomaly_detection,isolation_forest,isolation_forest,raw,threshold,0.5031683371451802,0.5031683371451802,0.0,0.0,SUCCESS,789
E5_DT15_PD20_SEED789,15,0.2,7.1341324200913245,14.0,anomaly_detection,isolation_forest,isolation_forest,residual,precision,0.0464231354642313,0.0464231354642313,0.0,0.0,SUCCESS,789
E5_DT15_PD20_SEED789,15,0.2,7.1341324200913245,14.0,anomaly_detection,isolation_forest,isolation_forest,residual,recall,1.0,1.0,0.0,0.0,SUCCESS,789
E5_DT15_PD20_SEED789,15,0.2,7.1341324200913245,14.0,anomaly_detection,isolation_forest,isolation_forest,residual,f1,0.0887272727272727,0.0887272727272727,0.0,0.0,SUCCESS,789
E5_DT15_PD20_SEED789,15,0.2,7.1341324200913245,14.0,anomaly_detection,isolation_forest,isolation_forest,residual,false_positive_rate,1.0,1.0,0.0,0.0,SUCCESS,789
E5_DT15_PD20_SEED789,15,0.2,7.1341324200913245,14.0,anomaly_detection,isolation_forest,isolation_forest,residual,pr_auc,0.0518892167762387,0.0821393508125507,-0.030250134036312,0.3682782215474953,SUCCESS,789
E5_DT15_PD20_SEED789,15,0.2,7.1341324200913245,14.0,anomaly_detection,isolation_forest,isolation_forest,residual,roc_auc,0.5836602808996114,0.6862922428793846,-0.1026319619797732,0.1495455661121477,SUCCESS,789
E5_DT15_PD20_SEED789,15,0.2,7.1341324200913245,14.0,anomaly_detection,isolation_forest,isolation_forest,residual,detection_latency,0.0,0.0,0.0,0.0,SUCCESS,789
E5_DT15_PD20_SEED789,15,0.2,7.1341324200913245,14.0,anomaly_detection,isolation_forest,isolation_forest,residual,threshold,0.2937656541960819,0.2937656541960819,0.0,0.0,SUCCESS,789
E5_DT15_PD20_SEED789,15,0.2,7.1341324200913245,14.0,anomaly_detection,lstm_autoencoder,lstm_autoencoder,raw,precision,0.4982578397212543,0.4982578397212543,0.0,0.0,SUCCESS,789
E5_DT15_PD20_SEED789,15,0.2,7.1341324200913245,14.0,anomaly_detection,lstm_autoencoder,lstm_autoencoder,raw,recall,0.5860655737704918,0.5860655737704918,0.0,0.0,SUCCESS,789
E5_DT15_PD20_SEED789,15,0.2,7.1341324200913245,14.0,anomaly_detection,lstm_autoencoder,lstm_autoencoder,raw,f1,0.5386064030131827,0.5386064030131827,0.0,0.0,SUCCESS,789
E5_DT15_PD20_SEED789,15,0.2,7.1341324200913245,14.0,anomaly_detection,lstm_autoencoder,lstm_autoencoder,raw,false_positive_rate,0.028731045490822,0.028731045490822,0.0,0.0,SUCCESS,789
E5_DT15_PD20_SEED789,15,0.2,7.1341324200913245,14.0,anomaly_detection,lstm_autoencoder,lstm_autoencoder,raw,pr_auc,0.561001698584242,0.561001698584242,0.0,0.0,SUCCESS,789
E5_DT15_PD20_SEED789,15,0.2,7.1341324200913245,14.0,anomaly_detection,lstm_autoencoder,lstm_autoencoder,raw,roc_auc,0.9493396177043946,0.9493396177043946,0.0,0.0,SUCCESS,789
E5_DT15_PD20_SEED789,15,0.2,7.1341324200913245,14.0,anomaly_detection,lstm_autoencoder,lstm_autoencoder,raw,detection_latency,1.3442622950819672,1.3442622950819672,0.0,0.0,SUCCESS,789
E5_DT15_PD20_SEED789,15,0.2,7.1341324200913245,14.0,anomaly_detection,lstm_autoencoder,lstm_autoencoder,raw,threshold,0.0007370078528765,0.0007370078528765,0.0,0.0,SUCCESS,789
E5_DT15_PD20_SEED789,15,0.2,7.1341324200913245,14.0,anomaly_detection,lstm_autoencoder,lstm_autoencoder,residual,precision,0.0464231354642313,0.0464231354642313,0.0,0.0,SUCCESS,789
E5_DT15_PD20_SEED789,15,0.2,7.1341324200913245,14.0,anomaly_detection,lstm_autoencoder,lstm_autoencoder,residual,recall,1.0,1.0,0.0,0.0,SUCCESS,789
E5_DT15_PD20_SEED789,15,0.2,7.1341324200913245,14.0,anomaly_detection,lstm_autoencoder,lstm_autoencoder,residual,f1,0.0887272727272727,0.0887272727272727,0.0,0.0,SUCCESS,789
E5_DT15_PD20_SEED789,15,0.2,7.1341324200913245,14.0,anomaly_detection,lstm_autoencoder,lstm_autoencoder,residual,false_positive_rate,1.0,1.0,0.0,0.0,SUCCESS,789
E5_DT15_PD20_SEED789,15,0.2,7.1341324200913245,14.0,anomaly_detection,lstm_autoencoder,lstm_autoencoder,residual,pr_auc,0.1042913795674832,0.1234193205004322,-0.019127940932949,0.1549833596181728,SUCCESS,789
E5_DT15_PD20_SEED789,15,0.2,7.1341324200913245,14.0,anomaly_detection,lstm_autoencoder,lstm_autoencoder,residual,roc_auc,0.6437926026716208,0.7175696361519239,-0.0737770334803031,0.1028151551617257,SUCCESS,789
E5_DT15_PD20_SEED789,15,0.2,7.1341324200913245,14.0,anomaly_detection,lstm_autoencoder,lstm_autoencoder,residual,detection_latency,0.0,0.0,0.0,0.0,SUCCESS,789
E5_DT15_PD20_SEED789,15,0.2,7.1341324200913245,14.0,anomaly_detection,lstm_autoencoder,lstm_autoencoder,residual,threshold,0.0003816792741417,0.0003816792741417,0.0,0.0,SUCCESS,789
E5_DT60_PD00_SEED789,60,0.0,29.5,56.049999999995634,load_estimation,persistence,,raw,mae,2.514185374843657,0.4498919691646662,2.0642934056789906,4.588420214550292,SUCCESS,789
E5_DT60_PD00_SEED789,60,0.0,29.5,56.049999999995634,load_estimation,persistence,,raw,rmse,3.200017154767013,0.6124154498606276,2.587601704906385,4.225239101161257,SUCCESS,789
E5_DT60_PD00_SEED789,60,0.0,29.5,56.049999999995634,load_estimation,persistence,,raw,mape,83.30379011834549,14.12149407205246,69.18229604629303,4.899077653773916,SUCCESS,789
E5_DT60_PD00_SEED789,60,0.0,29.5,56.049999999995634,load_estimation,persistence,,raw,r2,-0.8907982724533936,0.9307479138394198,-1.8215461862928133,-1.9570779146619517,SUCCESS,789
E5_DT60_PD00_SEED789,60,0.0,29.5,56.049999999995634,load_estimation,xgboost,,raw,mae,1.875388239662034,0.2750232725927274,1.6003649670693063,5.819016521700809,SUCCESS,789
E5_DT60_PD00_SEED789,60,0.0,29.5,56.049999999995634,load_estimation,xgboost,,raw,rmse,2.465443742254537,0.4144889415427226,2.050954800711814,4.948153244036345,SUCCESS,789
E5_DT60_PD00_SEED789,60,0.0,29.5,56.049999999995634,load_estimation,xgboost,,raw,mape,62.27456776581699,9.085560043649886,53.18900772216711,5.854235453470165,SUCCESS,789
E5_DT60_PD00_SEED789,60,0.0,29.5,56.049999999995634,load_estimation,xgboost,,raw,r2,-0.1223563754382099,0.9682775676298728,-1.0906339430680827,-1.1263649799692366,SUCCESS,789
E5_DT60_PD00_SEED789,60,0.0,29.5,56.049999999995634,load_estimation,lstm,,raw,mae,1.7449289876508502,0.2799320810273526,1.4649969066234976,5.23340126378852,SUCCESS,789
E5_DT60_PD00_SEED789,60,0.0,29.5,56.049999999995634,load_estimation,lstm,,raw,rmse,2.164429657316403,0.4213114562541473,1.7431182010622557,4.137362455225419,SUCCESS,789
E5_DT60_PD00_SEED789,60,0.0,29.5,56.049999999995634,load_estimation,lstm,,raw,mape,56.348013770897545,8.950627129882083,47.39738664101546,5.295426337533053,SUCCESS,789
E5_DT60_PD00_SEED789,60,0.0,29.5,56.049999999995634,load_estimation,lstm,,raw,r2,0.1373336289556989,0.9673139490398543,-0.8299803200841555,-0.8580257949427744,SUCCESS,789
E5_DT60_PD00_SEED789,60,0.0,29.5,56.049999999995634,anomaly_detection,isolation_forest,isolation_forest,raw,precision,0.1164658634538152,0.1164658634538152,0.0,0.0,SUCCESS,789
E5_DT60_PD00_SEED789,60,0.0,29.5,56.049999999995634,anomaly_detection,isolation_forest,isolation_forest,raw,recall,0.1188524590163934,0.1188524590163934,0.0,0.0,SUCCESS,789
E5_DT60_PD00_SEED789,60,0.0,29.5,56.049999999995634,anomaly_detection,isolation_forest,isolation_forest,raw,f1,0.1176470588235294,0.1176470588235294,0.0,0.0,SUCCESS,789
E5_DT60_PD00_SEED789,60,0.0,29.5,56.049999999995634,anomaly_detection,isolation_forest,isolation_forest,raw,false_positive_rate,0.0438946528332003,0.0438946528332003,0.0,0.0,SUCCESS,789
E5_DT60_PD00_SEED789,60,0.0,29.5,56.049999999995634,anomaly_detection,isolation_forest,isolation_forest,raw,pr_auc,0.09385708598261,0.09385708598261,0.0,0.0,SUCCESS,789
E5_DT60_PD00_SEED789,60,0.0,29.5,56.049999999995634,anomaly_detection,isolation_forest,isolation_forest,raw,roc_auc,0.7138596875695052,0.7138596875695052,0.0,0.0,SUCCESS,789
E5_DT60_PD00_SEED789,60,0.0,29.5,56.049999999995634,anomaly_detection,isolation_forest,isolation_forest,raw,detection_latency,3.2459016393442623,3.2459016393442623,0.0,0.0,SUCCESS,789
E5_DT60_PD00_SEED789,60,0.0,29.5,56.049999999995634,anomaly_detection,isolation_forest,isolation_forest,raw,threshold,0.5031683371451802,0.5031683371451802,0.0,0.0,SUCCESS,789
E5_DT60_PD00_SEED789,60,0.0,29.5,56.049999999995634,anomaly_detection,isolation_forest,isolation_forest,residual,precision,0.0464231354642313,0.0464231354642313,0.0,0.0,SUCCESS,789
E5_DT60_PD00_SEED789,60,0.0,29.5,56.049999999995634,anomaly_detection,isolation_forest,isolation_forest,residual,recall,1.0,1.0,0.0,0.0,SUCCESS,789
E5_DT60_PD00_SEED789,60,0.0,29.5,56.049999999995634,anomaly_detection,isolation_forest,isolation_forest,residual,f1,0.0887272727272727,0.0887272727272727,0.0,0.0,SUCCESS,789
E5_DT60_PD00_SEED789,60,0.0,29.5,56.049999999995634,anomaly_detection,isolation_forest,isolation_forest,residual,false_positive_rate,1.0,1.0,0.0,0.0,SUCCESS,789
E5_DT60_PD00_SEED789,60,0.0,29.5,56.049999999995634,anomaly_detection,isolation_forest,isolation_forest,residual,pr_auc,0.046654704158569,0.0821393508125507,-0.0354846466539817,0.432005443224902,SUCCESS,789
E5_DT60_PD00_SEED789,60,0.0,29.5,56.049999999995634,anomaly_detection,isolation_forest,isolation_forest,residual,roc_auc,0.5111727755027279,0.6862922428793846,-0.1751194673766567,0.2551674876025575,SUCCESS,789
E5_DT60_PD00_SEED789,60,0.0,29.5,56.049999999995634,anomaly_detection,isolation_forest,isolation_forest,residual,detection_latency,0.0,0.0,0.0,0.0,SUCCESS,789
E5_DT60_PD00_SEED789,60,0.0,29.5,56.049999999995634,anomaly_detection,isolation_forest,isolation_forest,residual,threshold,0.2937656541960819,0.2937656541960819,0.0,0.0,SUCCESS,789
E5_DT60_PD00_SEED789,60,0.0,29.5,56.049999999995634,anomaly_detection,lstm_autoencoder,lstm_autoencoder,raw,precision,0.4982578397212543,0.4982578397212543,0.0,0.0,SUCCESS,789
E5_DT60_PD00_SEED789,60,0.0,29.5,56.049999999995634,anomaly_detection,lstm_autoencoder,lstm_autoencoder,raw,recall,0.5860655737704918,0.5860655737704918,0.0,0.0,SUCCESS,789
E5_DT60_PD00_SEED789,60,0.0,29.5,56.049999999995634,anomaly_detection,lstm_autoencoder,lstm_autoencoder,raw,f1,0.5386064030131827,0.5386064030131827,0.0,0.0,SUCCESS,789
E5_DT60_PD00_SEED789,60,0.0,29.5,56.049999999995634,anomaly_detection,lstm_autoencoder,lstm_autoencoder,raw,false_positive_rate,0.028731045490822,0.028731045490822,0.0,0.0,SUCCESS,789
E5_DT60_PD00_SEED789,60,0.0,29.5,56.049999999995634,anomaly_detection,lstm_autoencoder,lstm_autoencoder,raw,pr_auc,0.561001698584242,0.561001698584242,0.0,0.0,SUCCESS,789
E5_DT60_PD00_SEED789,60,0.0,29.5,56.049999999995634,anomaly_detection,lstm_autoencoder,lstm_autoencoder,raw,roc_auc,0.9493396177043946,0.9493396177043946,0.0,0.0,SUCCESS,789
E5_DT60_PD00_SEED789,60,0.0,29.5,56.049999999995634,anomaly_detection,lstm_autoencoder,lstm_autoencoder,raw,detection_latency,1.3442622950819672,1.3442622950819672,0.0,0.0,SUCCESS,789
E5_DT60_PD00_SEED789,60,0.0,29.5,56.049999999995634,anomaly_detection,lstm_autoencoder,lstm_autoencoder,raw,threshold,0.0007370078528765,0.0007370078528765,0.0,0.0,SUCCESS,789
E5_DT60_PD00_SEED789,60,0.0,29.5,56.049999999995634,anomaly_detection,lstm_autoencoder,lstm_autoencoder,residual,precision,0.0464231354642313,0.0464231354642313,0.0,0.0,SUCCESS,789
E5_DT60_PD00_SEED789,60,0.0,29.5,56.049999999995634,anomaly_detection,lstm_autoencoder,lstm_autoencoder,residual,recall,1.0,1.0,0.0,0.0,SUCCESS,789
E5_DT60_PD00_SEED789,60,0.0,29.5,56.049999999995634,anomaly_detection,lstm_autoencoder,lstm_autoencoder,residual,f1,0.0887272727272727,0.0887272727272727,0.0,0.0,SUCCESS,789
E5_DT60_PD00_SEED789,60,0.0,29.5,56.049999999995634,anomaly_detection,lstm_autoencoder,lstm_autoencoder,residual,false_positive_rate,1.0,1.0,0.0,0.0,SUCCESS,789
E5_DT60_PD00_SEED789,60,0.0,29.5,56.049999999995634,anomaly_detection,lstm_autoencoder,lstm_autoencoder,residual,pr_auc,0.1174121041096797,0.1234193205004322,-0.0060072163907525,0.048673225281057,SUCCESS,789
E5_DT60_PD00_SEED789,60,0.0,29.5,56.049999999995634,anomaly_detection,lstm_autoencoder,lstm_autoencoder,residual,roc_auc,0.5821446561040389,0.7175696361519239,-0.135424980047885,0.188727300076578,SUCCESS,789
E5_DT60_PD00_SEED789,60,0.0,29.5,56.049999999995634,anomaly_detection,lstm_autoencoder,lstm_autoencoder,residual,detection_latency,0.0,0.0,0.0,0.0,SUCCESS,789
E5_DT60_PD00_SEED789,60,0.0,29.5,56.049999999995634,anomaly_detection,lstm_autoencoder,lstm_autoencoder,residual,threshold,0.0003816792741417,0.0003816792741417,0.0,0.0,SUCCESS,789
E5_DT60_PD05_SEED789,60,0.05,29.519206621004567,57.0,load_estimation,persistence,,raw,mae,2.5001537309480404,0.4498919691646662,2.050261761783374,4.557231296193581,SUCCESS,789
E5_DT60_PD05_SEED789,60,0.05,29.519206621004567,57.0,load_estimation,persistence,,raw,rmse,3.240520962220454,0.6124154498606276,2.6281055123598263,4.291376896121621,SUCCESS,789
E5_DT60_PD05_SEED789,60,0.05,29.519206621004567,57.0,load_estimation,persistence,,raw,mape,82.68644836689985,14.12149407205246,68.5649542948474,4.855361192307746,SUCCESS,789
E5_DT60_PD05_SEED789,60,0.05,29.519206621004567,57.0,load_estimation,persistence,,raw,r2,-0.9389662696045912,0.9307479138394198,-1.8697141834440112,-2.008829840650698,SUCCESS,789
E5_DT60_PD05_SEED789,60,0.05,29.519206621004567,57.0,load_estimation,xgboost,,raw,mae,1.9057763346344727,0.2750232725927274,1.6307530620417456,5.929509334494292,SUCCESS,789
E5_DT60_PD05_SEED789,60,0.05,29.519206621004567,57.0,load_estimation,xgboost,,raw,rmse,2.50648044196679,0.4144889415427226,2.091991500424068,5.047158779767927,SUCCESS,789
E5_DT60_PD05_SEED789,60,0.05,29.519206621004567,57.0,load_estimation,xgboost,,raw,mape,63.555568493154624,9.085560043649886,54.47000844950474,5.995228493104849,SUCCESS,789
E5_DT60_PD05_SEED789,60,0.05,29.519206621004567,57.0,load_estimation,xgboost,,raw,r2,-0.1600300088663551,0.9682775676298728,-1.1283075764962278,-1.165272866186576,SUCCESS,789
E5_DT60_PD05_SEED789,60,0.05,29.519206621004567,57.0,load_estimation,lstm,,raw,mae,1.746102231286485,0.2799320810273526,1.466170150259132,5.237592436273391,SUCCESS,789
E5_DT60_PD05_SEED789,60,0.05,29.519206621004567,57.0,load_estimation,lstm,,raw,rmse,2.200399611067045,0.4213114562541473,1.7790881548128976,4.222738613923899,SUCCESS,789
E5_DT60_PD05_SEED789,60,0.05,29.519206621004567,57.0,load_estimation,lstm,,raw,mape,55.08430561060605,8.950627129882083,46.13367848072397,5.15423978803726,SUCCESS,789
E5_DT60_PD05_SEED789,60,0.05,29.519206621004567,57.0,load_estimation,lstm,,raw,r2,0.1084226327605328,0.9673139490398543,-0.8588913162793215,-0.8879137090205801,SUCCESS,789
E5_DT60_PD05_SEED789,60,0.05,29.519206621004567,57.0,anomaly_detection,isolation_forest,isolation_forest,raw,precision,0.1164658634538152,0.1164658634538152,0.0,0.0,SUCCESS,789
E5_DT60_PD05_SEED789,60,0.05,29.519206621004567,57.0,anomaly_detection,isolation_forest,isolation_forest,raw,recall,0.1188524590163934,0.1188524590163934,0.0,0.0,SUCCESS,789
E5_DT60_PD05_SEED789,60,0.05,29.519206621004567,57.0,anomaly_detection,isolation_forest,isolation_forest,raw,f1,0.1176470588235294,0.1176470588235294,0.0,0.0,SUCCESS,789
E5_DT60_PD05_SEED789,60,0.05,29.519206621004567,57.0,anomaly_detection,isolation_forest,isolation_forest,raw,false_positive_rate,0.0438946528332003,0.0438946528332003,0.0,0.0,SUCCESS,789
E5_DT60_PD05_SEED789,60,0.05,29.519206621004567,57.0,anomaly_detection,isolation_forest,isolation_forest,raw,pr_auc,0.09385708598261,0.09385708598261,0.0,0.0,SUCCESS,789
E5_DT60_PD05_SEED789,60,0.05,29.519206621004567,57.0,anomaly_detection,isolation_forest,isolation_forest,raw,roc_auc,0.7138596875695052,0.7138596875695052,0.0,0.0,SUCCESS,789
E5_DT60_PD05_SEED789,60,0.05,29.519206621004567,57.0,anomaly_detection,isolation_forest,isolation_forest,raw,detection_latency,3.2459016393442623,3.2459016393442623,0.0,0.0,SUCCESS,789
E5_DT60_PD05_SEED789,60,0.05,29.519206621004567,57.0,anomaly_detection,isolation_forest,isolation_forest,raw,threshold,0.5031683371451802,0.5031683371451802,0.0,0.0,SUCCESS,789
E5_DT60_PD05_SEED789,60,0.05,29.519206621004567,57.0,anomaly_detection,isolation_forest,isolation_forest,residual,precision,0.0464231354642313,0.0464231354642313,0.0,0.0,SUCCESS,789
E5_DT60_PD05_SEED789,60,0.05,29.519206621004567,57.0,anomaly_detection,isolation_forest,isolation_forest,residual,recall,1.0,1.0,0.0,0.0,SUCCESS,789
E5_DT60_PD05_SEED789,60,0.05,29.519206621004567,57.0,anomaly_detection,isolation_forest,isolation_forest,residual,f1,0.0887272727272727,0.0887272727272727,0.0,0.0,SUCCESS,789
E5_DT60_PD05_SEED789,60,0.05,29.519206621004567,57.0,anomaly_detection,isolation_forest,isolation_forest,residual,false_positive_rate,1.0,1.0,0.0,0.0,SUCCESS,789
E5_DT60_PD05_SEED789,60,0.05,29.519206621004567,57.0,anomaly_detection,isolation_forest,isolation_forest,residual,pr_auc,0.0480503000762108,0.0821393508125507,-0.0340890507363399,0.415014854623506,SUCCESS,789
E5_DT60_PD05_SEED789,60,0.05,29.519206621004567,57.0,anomaly_detection,isolation_forest,isolation_forest,residual,roc_auc,0.5187235062080515,0.6862922428793846,-0.1675687366713331,0.2441652785820328,SUCCESS,789
E5_DT60_PD05_SEED789,60,0.05,29.519206621004567,57.0,anomaly_detection,isolation_forest,isolation_forest,residual,detection_latency,0.0,0.0,0.0,0.0,SUCCESS,789
E5_DT60_PD05_SEED789,60,0.05,29.519206621004567,57.0,anomaly_detection,isolation_forest,isolation_forest,residual,threshold,0.2937656541960819,0.2937656541960819,0.0,0.0,SUCCESS,789
E5_DT60_PD05_SEED789,60,0.05,29.519206621004567,57.0,anomaly_detection,lstm_autoencoder,lstm_autoencoder,raw,precision,0.4982578397212543,0.4982578397212543,0.0,0.0,SUCCESS,789
E5_DT60_PD05_SEED789,60,0.05,29.519206621004567,57.0,anomaly_detection,lstm_autoencoder,lstm_autoencoder,raw,recall,0.5860655737704918,0.5860655737704918,0.0,0.0,SUCCESS,789
E5_DT60_PD05_SEED789,60,0.05,29.519206621004567,57.0,anomaly_detection,lstm_autoencoder,lstm_autoencoder,raw,f1,0.5386064030131827,0.5386064030131827,0.0,0.0,SUCCESS,789
E5_DT60_PD05_SEED789,60,0.05,29.519206621004567,57.0,anomaly_detection,lstm_autoencoder,lstm_autoencoder,raw,false_positive_rate,0.028731045490822,0.028731045490822,0.0,0.0,SUCCESS,789
E5_DT60_PD05_SEED789,60,0.05,29.519206621004567,57.0,anomaly_detection,lstm_autoencoder,lstm_autoencoder,raw,pr_auc,0.561001698584242,0.561001698584242,0.0,0.0,SUCCESS,789
E5_DT60_PD05_SEED789,60,0.05,29.519206621004567,57.0,anomaly_detection,lstm_autoencoder,lstm_autoencoder,raw,roc_auc,0.9493396177043946,0.9493396177043946,0.0,0.0,SUCCESS,789
E5_DT60_PD05_SEED789,60,0.05,29.519206621004567,57.0,anomaly_detection,lstm_autoencoder,lstm_autoencoder,raw,detection_latency,1.3442622950819672,1.3442622950819672,0.0,0.0,SUCCESS,789
E5_DT60_PD05_SEED789,60,0.05,29.519206621004567,57.0,anomaly_detection,lstm_autoencoder,lstm_autoencoder,raw,threshold,0.0007370078528765,0.0007370078528765,0.0,0.0,SUCCESS,789
E5_DT60_PD05_SEED789,60,0.05,29.519206621004567,57.0,anomaly_detection,lstm_autoencoder,lstm_autoencoder,residual,precision,0.0464231354642313,0.0464231354642313,0.0,0.0,SUCCESS,789
E5_DT60_PD05_SEED789,60,0.05,29.519206621004567,57.0,anomaly_detection,lstm_autoencoder,lstm_autoencoder,residual,recall,1.0,1.0,0.0,0.0,SUCCESS,789
E5_DT60_PD05_SEED789,60,0.05,29.519206621004567,57.0,anomaly_detection,lstm_autoencoder,lstm_autoencoder,residual,f1,0.0887272727272727,0.0887272727272727,0.0,0.0,SUCCESS,789
E5_DT60_PD05_SEED789,60,0.05,29.519206621004567,57.0,anomaly_detection,lstm_autoencoder,lstm_autoencoder,residual,false_positive_rate,1.0,1.0,0.0,0.0,SUCCESS,789
E5_DT60_PD05_SEED789,60,0.05,29.519206621004567,57.0,anomaly_detection,lstm_autoencoder,lstm_autoencoder,residual,pr_auc,0.1172144161858648,0.1234193205004322,-0.0062049043145674,0.0502749836039299,SUCCESS,789
E5_DT60_PD05_SEED789,60,0.05,29.519206621004567,57.0,anomaly_detection,lstm_autoencoder,lstm_autoencoder,residual,roc_auc,0.5926661258880327,0.7175696361519239,-0.1249035102638912,0.1740646537577945,SUCCESS,789
E5_DT60_PD05_SEED789,60,0.05,29.519206621004567,57.0,anomaly_detection,lstm_autoencoder,lstm_autoencoder,residual,detection_latency,0.0,0.0,0.0,0.0,SUCCESS,789
E5_DT60_PD05_SEED789,60,0.05,29.519206621004567,57.0,anomaly_detection,lstm_autoencoder,lstm_autoencoder,residual,threshold,0.0003816792741417,0.0003816792741417,0.0,0.0,SUCCESS,789
E5_DT60_PD10_SEED789,60,0.1,29.558761415525115,57.0,load_estimation,persistence,,raw,mae,2.498420001595895,0.4498919691646662,2.0485280324312285,4.553377639158171,SUCCESS,789
E5_DT60_PD10_SEED789,60,0.1,29.558761415525115,57.0,load_estimation,persistence,,raw,rmse,3.2167627283985367,0.6124154498606276,2.604347278537909,4.252582587736155,SUCCESS,789
E5_DT60_PD10_SEED789,60,0.1,29.558761415525115,57.0,load_estimation,persistence,,raw,mape,82.63430528300019,14.12149407205246,68.51281121094773,4.851668730048893,SUCCESS,789
E5_DT60_PD10_SEED789,60,0.1,29.558761415525115,57.0,load_estimation,persistence,,raw,r2,-0.910639007374172,0.9307479138394198,-1.841386921213592,-1.9783948949374528,SUCCESS,789
E5_DT60_PD10_SEED789,60,0.1,29.558761415525115,57.0,load_estimation,xgboost,,raw,mae,1.887252081474757,0.2750232725927274,1.6122288088820296,5.86215411402483,SUCCESS,789
E5_DT60_PD10_SEED789,60,0.1,29.558761415525115,57.0,load_estimation,xgboost,,raw,rmse,2.469402742348814,0.4144889415427226,2.054913800806092,4.95770476567536,SUCCESS,789
E5_DT60_PD10_SEED789,60,0.1,29.558761415525115,57.0,load_estimation,xgboost,,raw,mape,62.7149608749476,9.085560043649886,53.62940083129772,5.902707216026884,SUCCESS,789
E5_DT60_PD10_SEED789,60,0.1,29.558761415525115,57.0,load_estimation,xgboost,,raw,r2,-0.125963820641286,0.9682775676298728,-1.0942413882711588,-1.1300906112589362,SUCCESS,789
E5_DT60_PD10_SEED789,60,0.1,29.558761415525115,57.0,load_estimation,lstm,,raw,mae,1.703895255869168,0.2799320810273526,1.4239631748418151,5.086816665013388,SUCCESS,789
E5_DT60_PD10_SEED789,60,0.1,29.558761415525115,57.0,load_estimation,lstm,,raw,rmse,2.126361802522043,0.4213114562541473,1.705050346267896,4.047006842461363,SUCCESS,789
E5_DT60_PD10_SEED789,60,0.1,29.558761415525115,57.0,load_estimation,lstm,,raw,mape,54.04612892460412,8.950627129882083,45.09550179472204,5.038250520365062,SUCCESS,789
E5_DT60_PD10_SEED789,60,0.1,29.558761415525115,57.0,load_estimation,lstm,,raw,r2,0.1674118210031954,0.9673139490398543,-0.7999021280366589,-0.8269312448462398,SUCCESS,789
E5_DT60_PD10_SEED789,60,0.1,29.558761415525115,57.0,anomaly_detection,isolation_forest,isolation_forest,raw,precision,0.1164658634538152,0.1164658634538152,0.0,0.0,SUCCESS,789
E5_DT60_PD10_SEED789,60,0.1,29.558761415525115,57.0,anomaly_detection,isolation_forest,isolation_forest,raw,recall,0.1188524590163934,0.1188524590163934,0.0,0.0,SUCCESS,789
E5_DT60_PD10_SEED789,60,0.1,29.558761415525115,57.0,anomaly_detection,isolation_forest,isolation_forest,raw,f1,0.1176470588235294,0.1176470588235294,0.0,0.0,SUCCESS,789
E5_DT60_PD10_SEED789,60,0.1,29.558761415525115,57.0,anomaly_detection,isolation_forest,isolation_forest,raw,false_positive_rate,0.0438946528332003,0.0438946528332003,0.0,0.0,SUCCESS,789
E5_DT60_PD10_SEED789,60,0.1,29.558761415525115,57.0,anomaly_detection,isolation_forest,isolation_forest,raw,pr_auc,0.09385708598261,0.09385708598261,0.0,0.0,SUCCESS,789
E5_DT60_PD10_SEED789,60,0.1,29.558761415525115,57.0,anomaly_detection,isolation_forest,isolation_forest,raw,roc_auc,0.7138596875695052,0.7138596875695052,0.0,0.0,SUCCESS,789
E5_DT60_PD10_SEED789,60,0.1,29.558761415525115,57.0,anomaly_detection,isolation_forest,isolation_forest,raw,detection_latency,3.2459016393442623,3.2459016393442623,0.0,0.0,SUCCESS,789
E5_DT60_PD10_SEED789,60,0.1,29.558761415525115,57.0,anomaly_detection,isolation_forest,isolation_forest,raw,threshold,0.5031683371451802,0.5031683371451802,0.0,0.0,SUCCESS,789
E5_DT60_PD10_SEED789,60,0.1,29.558761415525115,57.0,anomaly_detection,isolation_forest,isolation_forest,residual,precision,0.0464231354642313,0.0464231354642313,0.0,0.0,SUCCESS,789
E5_DT60_PD10_SEED789,60,0.1,29.558761415525115,57.0,anomaly_detection,isolation_forest,isolation_forest,residual,recall,1.0,1.0,0.0,0.0,SUCCESS,789
E5_DT60_PD10_SEED789,60,0.1,29.558761415525115,57.0,anomaly_detection,isolation_forest,isolation_forest,residual,f1,0.0887272727272727,0.0887272727272727,0.0,0.0,SUCCESS,789
E5_DT60_PD10_SEED789,60,0.1,29.558761415525115,57.0,anomaly_detection,isolation_forest,isolation_forest,residual,false_positive_rate,1.0,1.0,0.0,0.0,SUCCESS,789
E5_DT60_PD10_SEED789,60,0.1,29.558761415525115,57.0,anomaly_detection,isolation_forest,isolation_forest,residual,pr_auc,0.0493798512788727,0.0821393508125507,-0.032759499533678,0.3988283229610383,SUCCESS,789
E5_DT60_PD10_SEED789,60,0.1,29.558761415525115,57.0,anomaly_detection,isolation_forest,isolation_forest,residual,roc_auc,0.5279489062316015,0.6862922428793846,-0.1583433366477831,0.2307229001794383,SUCCESS,789
E5_DT60_PD10_SEED789,60,0.1,29.558761415525115,57.0,anomaly_detection,isolation_forest,isolation_forest,residual,detection_latency,0.0,0.0,0.0,0.0,SUCCESS,789
E5_DT60_PD10_SEED789,60,0.1,29.558761415525115,57.0,anomaly_detection,isolation_forest,isolation_forest,residual,threshold,0.2937656541960819,0.2937656541960819,0.0,0.0,SUCCESS,789
E5_DT60_PD10_SEED789,60,0.1,29.558761415525115,57.0,anomaly_detection,lstm_autoencoder,lstm_autoencoder,raw,precision,0.4982578397212543,0.4982578397212543,0.0,0.0,SUCCESS,789
E5_DT60_PD10_SEED789,60,0.1,29.558761415525115,57.0,anomaly_detection,lstm_autoencoder,lstm_autoencoder,raw,recall,0.5860655737704918,0.5860655737704918,0.0,0.0,SUCCESS,789
E5_DT60_PD10_SEED789,60,0.1,29.558761415525115,57.0,anomaly_detection,lstm_autoencoder,lstm_autoencoder,raw,f1,0.5386064030131827,0.5386064030131827,0.0,0.0,SUCCESS,789
E5_DT60_PD10_SEED789,60,0.1,29.558761415525115,57.0,anomaly_detection,lstm_autoencoder,lstm_autoencoder,raw,false_positive_rate,0.028731045490822,0.028731045490822,0.0,0.0,SUCCESS,789
E5_DT60_PD10_SEED789,60,0.1,29.558761415525115,57.0,anomaly_detection,lstm_autoencoder,lstm_autoencoder,raw,pr_auc,0.561001698584242,0.561001698584242,0.0,0.0,SUCCESS,789
E5_DT60_PD10_SEED789,60,0.1,29.558761415525115,57.0,anomaly_detection,lstm_autoencoder,lstm_autoencoder,raw,roc_auc,0.9493396177043946,0.9493396177043946,0.0,0.0,SUCCESS,789
E5_DT60_PD10_SEED789,60,0.1,29.558761415525115,57.0,anomaly_detection,lstm_autoencoder,lstm_autoencoder,raw,detection_latency,1.3442622950819672,1.3442622950819672,0.0,0.0,SUCCESS,789
E5_DT60_PD10_SEED789,60,0.1,29.558761415525115,57.0,anomaly_detection,lstm_autoencoder,lstm_autoencoder,raw,threshold,0.0007370078528765,0.0007370078528765,0.0,0.0,SUCCESS,789
E5_DT60_PD10_SEED789,60,0.1,29.558761415525115,57.0,anomaly_detection,lstm_autoencoder,lstm_autoencoder,residual,precision,0.0464231354642313,0.0464231354642313,0.0,0.0,SUCCESS,789
E5_DT60_PD10_SEED789,60,0.1,29.558761415525115,57.0,anomaly_detection,lstm_autoencoder,lstm_autoencoder,residual,recall,1.0,1.0,0.0,0.0,SUCCESS,789
E5_DT60_PD10_SEED789,60,0.1,29.558761415525115,57.0,anomaly_detection,lstm_autoencoder,lstm_autoencoder,residual,f1,0.0887272727272727,0.0887272727272727,0.0,0.0,SUCCESS,789
E5_DT60_PD10_SEED789,60,0.1,29.558761415525115,57.0,anomaly_detection,lstm_autoencoder,lstm_autoencoder,residual,false_positive_rate,1.0,1.0,0.0,0.0,SUCCESS,789
E5_DT60_PD10_SEED789,60,0.1,29.558761415525115,57.0,anomaly_detection,lstm_autoencoder,lstm_autoencoder,residual,pr_auc,0.0986399129615889,0.1234193205004322,-0.0247794075388433,0.2007741368075069,SUCCESS,789
E5_DT60_PD10_SEED789,60,0.1,29.558761415525115,57.0,anomaly_detection,lstm_autoencoder,lstm_autoencoder,residual,roc_auc,0.5804176533696178,0.7175696361519239,-0.1371519827823061,0.1911340389454108,SUCCESS,789
E5_DT60_PD10_SEED789,60,0.1,29.558761415525115,57.0,anomaly_detection,lstm_autoencoder,lstm_autoencoder,residual,detection_latency,0.0,0.0,0.0,0.0,SUCCESS,789
E5_DT60_PD10_SEED789,60,0.1,29.558761415525115,57.0,anomaly_detection,lstm_autoencoder,lstm_autoencoder,residual,threshold,0.0003816792741417,0.0003816792741417,0.0,0.0,SUCCESS,789
E5_DT60_PD20_SEED789,60,0.2,29.62985159817352,57.0,load_estimation,persistence,,raw,mae,2.476475099858628,0.4498919691646662,2.026583130693962,4.5045994807526935,SUCCESS,789
E5_DT60_PD20_SEED789,60,0.2,29.62985159817352,57.0,load_estimation,persistence,,raw,rmse,3.2011213382853607,0.6124154498606276,2.588705888424733,4.227042098650297,SUCCESS,789
E5_DT60_PD20_SEED789,60,0.2,29.62985159817352,57.0,load_estimation,persistence,,raw,mape,81.14678411510316,14.12149407205246,67.0252900430507,4.7463313514183305,SUCCESS,789
E5_DT60_PD20_SEED789,60,0.2,29.62985159817352,57.0,load_estimation,persistence,,raw,r2,-0.8921033582634921,0.9307479138394198,-1.822851272102912,-1.9584801050839689,SUCCESS,789
E5_DT60_PD20_SEED789,60,0.2,29.62985159817352,57.0,load_estimation,xgboost,,raw,mae,1.859055334914765,0.2750232725927274,1.5840320623220374,5.759629166611569,SUCCESS,789
E5_DT60_PD20_SEED789,60,0.2,29.62985159817352,57.0,load_estimation,xgboost,,raw,rmse,2.455201536266696,0.4144889415427226,2.0407125947239733,4.923442799531554,SUCCESS,789
E5_DT60_PD20_SEED789,60,0.2,29.62985159817352,57.0,load_estimation,xgboost,,raw,mape,61.18178671173943,9.085560043649886,52.09622666808954,5.733958767296996,SUCCESS,789
E5_DT60_PD20_SEED789,60,0.2,29.62985159817352,57.0,load_estimation,xgboost,,raw,r2,-0.1130505232858478,0.9682775676298728,-1.0813280909157206,-1.116754252153719,SUCCESS,789
E5_DT60_PD20_SEED789,60,0.2,29.62985159817352,57.0,load_estimation,lstm,,raw,mae,1.708486762416766,0.2799320810273526,1.4285546813894132,5.103218881332243,SUCCESS,789
E5_DT60_PD20_SEED789,60,0.2,29.62985159817352,57.0,load_estimation,lstm,,raw,rmse,2.13545761442348,0.4213114562541473,1.7141461581693325,4.068596124609794,SUCCESS,789
E5_DT60_PD20_SEED789,60,0.2,29.62985159817352,57.0,load_estimation,lstm,,raw,mape,54.16944821884439,8.950627129882083,45.2188210889623,5.052028247048431,SUCCESS,789
E5_DT60_PD20_SEED789,60,0.2,29.62985159817352,57.0,load_estimation,lstm,,raw,r2,0.1602735598801387,0.9673139490398543,-0.8070403891597157,-0.8343107115955223,SUCCESS,789
E5_DT60_PD20_SEED789,60,0.2,29.62985159817352,57.0,anomaly_detection,isolation_forest,isolation_forest,raw,precision,0.1164658634538152,0.1164658634538152,0.0,0.0,SUCCESS,789
E5_DT60_PD20_SEED789,60,0.2,29.62985159817352,57.0,anomaly_detection,isolation_forest,isolation_forest,raw,recall,0.1188524590163934,0.1188524590163934,0.0,0.0,SUCCESS,789
E5_DT60_PD20_SEED789,60,0.2,29.62985159817352,57.0,anomaly_detection,isolation_forest,isolation_forest,raw,f1,0.1176470588235294,0.1176470588235294,0.0,0.0,SUCCESS,789
E5_DT60_PD20_SEED789,60,0.2,29.62985159817352,57.0,anomaly_detection,isolation_forest,isolation_forest,raw,false_positive_rate,0.0438946528332003,0.0438946528332003,0.0,0.0,SUCCESS,789
E5_DT60_PD20_SEED789,60,0.2,29.62985159817352,57.0,anomaly_detection,isolation_forest,isolation_forest,raw,pr_auc,0.09385708598261,0.09385708598261,0.0,0.0,SUCCESS,789
E5_DT60_PD20_SEED789,60,0.2,29.62985159817352,57.0,anomaly_detection,isolation_forest,isolation_forest,raw,roc_auc,0.7138596875695052,0.7138596875695052,0.0,0.0,SUCCESS,789
E5_DT60_PD20_SEED789,60,0.2,29.62985159817352,57.0,anomaly_detection,isolation_forest,isolation_forest,raw,detection_latency,3.2459016393442623,3.2459016393442623,0.0,0.0,SUCCESS,789
E5_DT60_PD20_SEED789,60,0.2,29.62985159817352,57.0,anomaly_detection,isolation_forest,isolation_forest,raw,threshold,0.5031683371451802,0.5031683371451802,0.0,0.0,SUCCESS,789
E5_DT60_PD20_SEED789,60,0.2,29.62985159817352,57.0,anomaly_detection,isolation_forest,isolation_forest,residual,precision,0.0464231354642313,0.0464231354642313,0.0,0.0,SUCCESS,789
E5_DT60_PD20_SEED789,60,0.2,29.62985159817352,57.0,anomaly_detection,isolation_forest,isolation_forest,residual,recall,1.0,1.0,0.0,0.0,SUCCESS,789
E5_DT60_PD20_SEED789,60,0.2,29.62985159817352,57.0,anomaly_detection,isolation_forest,isolation_forest,residual,f1,0.0887272727272727,0.0887272727272727,0.0,0.0,SUCCESS,789
E5_DT60_PD20_SEED789,60,0.2,29.62985159817352,57.0,anomaly_detection,isolation_forest,isolation_forest,residual,false_positive_rate,1.0,1.0,0.0,0.0,SUCCESS,789
E5_DT60_PD20_SEED789,60,0.2,29.62985159817352,57.0,anomaly_detection,isolation_forest,isolation_forest,residual,pr_auc,0.0422874560752665,0.0821393508125507,-0.0398518947372842,0.4851742111796059,SUCCESS,789
E5_DT60_PD20_SEED789,60,0.2,29.62985159817352,57.0,anomaly_detection,isolation_forest,isolation_forest,residual,roc_auc,0.484598030301048,0.6862922428793846,-0.2016942125783366,0.2938896871864895,SUCCESS,789
E5_DT60_PD20_SEED789,60,0.2,29.62985159817352,57.0,anomaly_detection,isolation_forest,isolation_forest,residual,detection_latency,0.0,0.0,0.0,0.0,SUCCESS,789
E5_DT60_PD20_SEED789,60,0.2,29.62985159817352,57.0,anomaly_detection,isolation_forest,isolation_forest,residual,threshold,0.2937656541960819,0.2937656541960819,0.0,0.0,SUCCESS,789
E5_DT60_PD20_SEED789,60,0.2,29.62985159817352,57.0,anomaly_detection,lstm_autoencoder,lstm_autoencoder,raw,precision,0.4982578397212543,0.4982578397212543,0.0,0.0,SUCCESS,789
E5_DT60_PD20_SEED789,60,0.2,29.62985159817352,57.0,anomaly_detection,lstm_autoencoder,lstm_autoencoder,raw,recall,0.5860655737704918,0.5860655737704918,0.0,0.0,SUCCESS,789
E5_DT60_PD20_SEED789,60,0.2,29.62985159817352,57.0,anomaly_detection,lstm_autoencoder,lstm_autoencoder,raw,f1,0.5386064030131827,0.5386064030131827,0.0,0.0,SUCCESS,789
E5_DT60_PD20_SEED789,60,0.2,29.62985159817352,57.0,anomaly_detection,lstm_autoencoder,lstm_autoencoder,raw,false_positive_rate,0.028731045490822,0.028731045490822,0.0,0.0,SUCCESS,789
E5_DT60_PD20_SEED789,60,0.2,29.62985159817352,57.0,anomaly_detection,lstm_autoencoder,lstm_autoencoder,raw,pr_auc,0.561001698584242,0.561001698584242,0.0,0.0,SUCCESS,789
E5_DT60_PD20_SEED789,60,0.2,29.62985159817352,57.0,anomaly_detection,lstm_autoencoder,lstm_autoencoder,raw,roc_auc,0.9493396177043946,0.9493396177043946,0.0,0.0,SUCCESS,789
E5_DT60_PD20_SEED789,60,0.2,29.62985159817352,57.0,anomaly_detection,lstm_autoencoder,lstm_autoencoder,raw,detection_latency,1.3442622950819672,1.3442622950819672,0.0,0.0,SUCCESS,789
E5_DT60_PD20_SEED789,60,0.2,29.62985159817352,57.0,anomaly_detection,lstm_autoencoder,lstm_autoencoder,raw,threshold,0.0007370078528765,0.0007370078528765,0.0,0.0,SUCCESS,789
E5_DT60_PD20_SEED789,60,0.2,29.62985159817352,57.0,anomaly_detection,lstm_autoencoder,lstm_autoencoder,residual,precision,0.0464231354642313,0.0464231354642313,0.0,0.0,SUCCESS,789
E5_DT60_PD20_SEED789,60,0.2,29.62985159817352,57.0,anomaly_detection,lstm_autoencoder,lstm_autoencoder,residual,recall,1.0,1.0,0.0,0.0,SUCCESS,789
E5_DT60_PD20_SEED789,60,0.2,29.62985159817352,57.0,anomaly_detection,lstm_autoencoder,lstm_autoencoder,residual,f1,0.0887272727272727,0.0887272727272727,0.0,0.0,SUCCESS,789
E5_DT60_PD20_SEED789,60,0.2,29.62985159817352,57.0,anomaly_detection,lstm_autoencoder,lstm_autoencoder,residual,false_positive_rate,1.0,1.0,0.0,0.0,SUCCESS,789
E5_DT60_PD20_SEED789,60,0.2,29.62985159817352,57.0,anomaly_detection,lstm_autoencoder,lstm_autoencoder,residual,pr_auc,0.1070752051696066,0.1234193205004322,-0.0163441153308255,0.1324275264565918,SUCCESS,789
E5_DT60_PD20_SEED789,60,0.2,29.62985159817352,57.0,anomaly_detection,lstm_autoencoder,lstm_autoencoder,residual,roc_auc,0.5709436696191436,0.7175696361519239,-0.1466259665327803,0.2043369160923313,SUCCESS,789
E5_DT60_PD20_SEED789,60,0.2,29.62985159817352,57.0,anomaly_detection,lstm_autoencoder,lstm_autoencoder,residual,detection_latency,0.0,0.0,0.0,0.0,SUCCESS,789
E5_DT60_PD20_SEED789,60,0.2,29.62985159817352,57.0,anomaly_detection,lstm_autoencoder,lstm_autoencoder,residual,threshold,0.0003816792741417,0.0003816792741417,0.0,0.0,SUCCESS,789
E5_DT300_PD00_SEED789,300,0.0,149.2945205479452,284.0,load_estimation,persistence,,raw,mae,2.533120592480562,0.4498919691646662,2.083228623315896,4.630508580057378,SUCCESS,789
E5_DT300_PD00_SEED789,300,0.0,149.2945205479452,284.0,load_estimation,persistence,,raw,rmse,3.2217188031066746,0.6124154498606276,2.6093033532460472,4.260675255400346,SUCCESS,789
E5_DT300_PD00_SEED789,300,0.0,149.2945205479452,284.0,load_estimation,persistence,,raw,mape,83.82206402080521,14.12149407205246,69.70056994875276,4.93577872094254,SUCCESS,789
E5_DT300_PD00_SEED789,300,0.0,149.2945205479452,284.0,load_estimation,persistence,,raw,r2,-0.9165309957644714,0.9307479138394198,-1.847278909603891,-1.9847252753795572,SUCCESS,789
E5_DT300_PD00_SEED789,300,0.0,149.2945205479452,284.0,load_estimation,xgboost,,raw,mae,1.9247189864765744,0.2750232725927274,1.649695713883847,5.998385875972121,SUCCESS,789
E5_DT300_PD00_SEED789,300,0.0,149.2945205479452,284.0,load_estimation,xgboost,,raw,rmse,2.471922629699406,0.4144889415427226,2.0574336881566837,4.963784270091599,SUCCESS,789
E5_DT300_PD00_SEED789,300,0.0,149.2945205479452,284.0,load_estimation,xgboost,,raw,mape,64.52355948821398,9.085560043649886,55.43799944456409,6.10177019118497,SUCCESS,789
E5_DT300_PD00_SEED789,300,0.0,149.2945205479452,284.0,load_estimation,xgboost,,raw,r2,-0.1282629592906046,0.9682775676298728,-1.096540526920477,-1.132465073630244,SUCCESS,789
E5_DT300_PD00_SEED789,300,0.0,149.2945205479452,284.0,load_estimation,lstm,,raw,mae,1.7647604796300078,0.2799320810273526,1.4848283986026551,5.304245205313107,SUCCESS,789
E5_DT300_PD00_SEED789,300,0.0,149.2945205479452,284.0,load_estimation,lstm,,raw,rmse,2.18969090262287,0.4213114562541473,1.7683794463687226,4.197321055760669,SUCCESS,789
E5_DT300_PD00_SEED789,300,0.0,149.2945205479452,284.0,load_estimation,lstm,,raw,mape,55.15705794786649,8.950627129882083,46.20643081798441,5.162367971258919,SUCCESS,789
E5_DT300_PD00_SEED789,300,0.0,149.2945205479452,284.0,load_estimation,lstm,,raw,r2,0.1170796141807318,0.9673139490398543,-0.8502343348591225,-0.8789642036104784,SUCCESS,789
E5_DT300_PD00_SEED789,300,0.0,149.2945205479452,284.0,anomaly_detection,isolation_forest,isolation_forest,raw,precision,0.1164658634538152,0.1164658634538152,0.0,0.0,SUCCESS,789
E5_DT300_PD00_SEED789,300,0.0,149.2945205479452,284.0,anomaly_detection,isolation_forest,isolation_forest,raw,recall,0.1188524590163934,0.1188524590163934,0.0,0.0,SUCCESS,789
E5_DT300_PD00_SEED789,300,0.0,149.2945205479452,284.0,anomaly_detection,isolation_forest,isolation_forest,raw,f1,0.1176470588235294,0.1176470588235294,0.0,0.0,SUCCESS,789
E5_DT300_PD00_SEED789,300,0.0,149.2945205479452,284.0,anomaly_detection,isolation_forest,isolation_forest,raw,false_positive_rate,0.0438946528332003,0.0438946528332003,0.0,0.0,SUCCESS,789
E5_DT300_PD00_SEED789,300,0.0,149.2945205479452,284.0,anomaly_detection,isolation_forest,isolation_forest,raw,pr_auc,0.09385708598261,0.09385708598261,0.0,0.0,SUCCESS,789
E5_DT300_PD00_SEED789,300,0.0,149.2945205479452,284.0,anomaly_detection,isolation_forest,isolation_forest,raw,roc_auc,0.7138596875695052,0.7138596875695052,0.0,0.0,SUCCESS,789
E5_DT300_PD00_SEED789,300,0.0,149.2945205479452,284.0,anomaly_detection,isolation_forest,isolation_forest,raw,detection_latency,3.2459016393442623,3.2459016393442623,0.0,0.0,SUCCESS,789
E5_DT300_PD00_SEED789,300,0.0,149.2945205479452,284.0,anomaly_detection,isolation_forest,isolation_forest,raw,threshold,0.5031683371451802,0.5031683371451802,0.0,0.0,SUCCESS,789
E5_DT300_PD00_SEED789,300,0.0,149.2945205479452,284.0,anomaly_detection,isolation_forest,isolation_forest,residual,precision,0.0464231354642313,0.0464231354642313,0.0,0.0,SUCCESS,789
E5_DT300_PD00_SEED789,300,0.0,149.2945205479452,284.0,anomaly_detection,isolation_forest,isolation_forest,residual,recall,1.0,1.0,0.0,0.0,SUCCESS,789
E5_DT300_PD00_SEED789,300,0.0,149.2945205479452,284.0,anomaly_detection,isolation_forest,isolation_forest,residual,f1,0.0887272727272727,0.0887272727272727,0.0,0.0,SUCCESS,789
E5_DT300_PD00_SEED789,300,0.0,149.2945205479452,284.0,anomaly_detection,isolation_forest,isolation_forest,residual,false_positive_rate,1.0,1.0,0.0,0.0,SUCCESS,789
E5_DT300_PD00_SEED789,300,0.0,149.2945205479452,284.0,anomaly_detection,isolation_forest,isolation_forest,residual,pr_auc,0.05089427935356,0.0821393508125507,-0.0312450714589906,0.3803910202589096,SUCCESS,789
E5_DT300_PD00_SEED789,300,0.0,149.2945205479452,284.0,anomaly_detection,isolation_forest,isolation_forest,residual,roc_auc,0.5572364031243049,0.6862922428793846,-0.1290558397550797,0.1880479359836815,SUCCESS,789
E5_DT300_PD00_SEED789,300,0.0,149.2945205479452,284.0,anomaly_detection,isolation_forest,isolation_forest,residual,detection_latency,0.0,0.0,0.0,0.0,SUCCESS,789
E5_DT300_PD00_SEED789,300,0.0,149.2945205479452,284.0,anomaly_detection,isolation_forest,isolation_forest,residual,threshold,0.2937656541960819,0.2937656541960819,0.0,0.0,SUCCESS,789
E5_DT300_PD00_SEED789,300,0.0,149.2945205479452,284.0,anomaly_detection,lstm_autoencoder,lstm_autoencoder,raw,precision,0.4982578397212543,0.4982578397212543,0.0,0.0,SUCCESS,789
E5_DT300_PD00_SEED789,300,0.0,149.2945205479452,284.0,anomaly_detection,lstm_autoencoder,lstm_autoencoder,raw,recall,0.5860655737704918,0.5860655737704918,0.0,0.0,SUCCESS,789
E5_DT300_PD00_SEED789,300,0.0,149.2945205479452,284.0,anomaly_detection,lstm_autoencoder,lstm_autoencoder,raw,f1,0.5386064030131827,0.5386064030131827,0.0,0.0,SUCCESS,789
E5_DT300_PD00_SEED789,300,0.0,149.2945205479452,284.0,anomaly_detection,lstm_autoencoder,lstm_autoencoder,raw,false_positive_rate,0.028731045490822,0.028731045490822,0.0,0.0,SUCCESS,789
E5_DT300_PD00_SEED789,300,0.0,149.2945205479452,284.0,anomaly_detection,lstm_autoencoder,lstm_autoencoder,raw,pr_auc,0.561001698584242,0.561001698584242,0.0,0.0,SUCCESS,789
E5_DT300_PD00_SEED789,300,0.0,149.2945205479452,284.0,anomaly_detection,lstm_autoencoder,lstm_autoencoder,raw,roc_auc,0.9493396177043946,0.9493396177043946,0.0,0.0,SUCCESS,789
E5_DT300_PD00_SEED789,300,0.0,149.2945205479452,284.0,anomaly_detection,lstm_autoencoder,lstm_autoencoder,raw,detection_latency,1.3442622950819672,1.3442622950819672,0.0,0.0,SUCCESS,789
E5_DT300_PD00_SEED789,300,0.0,149.2945205479452,284.0,anomaly_detection,lstm_autoencoder,lstm_autoencoder,raw,threshold,0.0007370078528765,0.0007370078528765,0.0,0.0,SUCCESS,789
E5_DT300_PD00_SEED789,300,0.0,149.2945205479452,284.0,anomaly_detection,lstm_autoencoder,lstm_autoencoder,residual,precision,0.0464231354642313,0.0464231354642313,0.0,0.0,SUCCESS,789
E5_DT300_PD00_SEED789,300,0.0,149.2945205479452,284.0,anomaly_detection,lstm_autoencoder,lstm_autoencoder,residual,recall,1.0,1.0,0.0,0.0,SUCCESS,789
E5_DT300_PD00_SEED789,300,0.0,149.2945205479452,284.0,anomaly_detection,lstm_autoencoder,lstm_autoencoder,residual,f1,0.0887272727272727,0.0887272727272727,0.0,0.0,SUCCESS,789
E5_DT300_PD00_SEED789,300,0.0,149.2945205479452,284.0,anomaly_detection,lstm_autoencoder,lstm_autoencoder,residual,false_positive_rate,1.0,1.0,0.0,0.0,SUCCESS,789
E5_DT300_PD00_SEED789,300,0.0,149.2945205479452,284.0,anomaly_detection,lstm_autoencoder,lstm_autoencoder,residual,pr_auc,0.1075020391410217,0.1234193205004322,-0.0159172813594105,0.1289691216486219,SUCCESS,789
E5_DT300_PD00_SEED789,300,0.0,149.2945205479452,284.0,anomaly_detection,lstm_autoencoder,lstm_autoencoder,residual,roc_auc,0.618761693247681,0.7175696361519239,-0.0988079429042428,0.1376980545527476,SUCCESS,789
E5_DT300_PD00_SEED789,300,0.0,149.2945205479452,284.0,anomaly_detection,lstm_autoencoder,lstm_autoencoder,residual,detection_latency,0.0,0.0,0.0,0.0,SUCCESS,789
E5_DT300_PD00_SEED789,300,0.0,149.2945205479452,284.0,anomaly_detection,lstm_autoencoder,lstm_autoencoder,residual,threshold,0.0003816792741417,0.0003816792741417,0.0,0.0,SUCCESS,789
E5_DT300_PD05_SEED789,300,0.05,149.30927511415524,284.0,load_estimation,persistence,,raw,mae,2.4997578181405773,0.4498919691646662,2.049865848975911,4.556351278690272,SUCCESS,789
E5_DT300_PD05_SEED789,300,0.05,149.30927511415524,284.0,load_estimation,persistence,,raw,rmse,3.2272376631992064,0.6124154498606276,2.614822213338579,4.269686883199396,SUCCESS,789
E5_DT300_PD05_SEED789,300,0.05,149.30927511415524,284.0,load_estimation,persistence,,raw,mape,81.44236651194231,14.12149407205246,67.32087243988985,4.767262734126916,SUCCESS,789
E5_DT300_PD05_SEED789,300,0.05,149.30927511415524,284.0,load_estimation,persistence,,raw,r2,-0.9231027212467704,0.9307479138394198,-1.8538506350861903,-1.9917859685968973,SUCCESS,789
E5_DT300_PD05_SEED789,300,0.05,149.30927511415524,284.0,load_estimation,xgboost,,raw,mae,1.9826743705495853,0.2750232725927274,1.7076510979568578,6.209114893653599,SUCCESS,789
E5_DT300_PD05_SEED789,300,0.05,149.30927511415524,284.0,load_estimation,xgboost,,raw,rmse,2.5415013410491105,0.4144889415427226,2.127012399506388,5.131650537140205,SUCCESS,789
E5_DT300_PD05_SEED789,300,0.05,149.30927511415524,284.0,load_estimation,xgboost,,raw,mape,65.76100436403108,9.085560043649886,56.6754443203812,6.237969266406754,SUCCESS,789
E5_DT300_PD05_SEED789,300,0.05,149.30927511415524,284.0,load_estimation,xgboost,,raw,r2,-0.192672677336982,0.9682775676298728,-1.1609502449668547,-1.1989849644132535,SUCCESS,789
E5_DT300_PD05_SEED789,300,0.05,149.30927511415524,284.0,load_estimation,lstm,,raw,mae,1.7678949673909794,0.2799320810273526,1.4879628863636267,5.315442520567107,SUCCESS,789
E5_DT300_PD05_SEED789,300,0.05,149.30927511415524,284.0,load_estimation,lstm,,raw,rmse,2.175892035128895,0.4213114562541473,1.7545805788747475,4.164568878507622,SUCCESS,789
E5_DT300_PD05_SEED789,300,0.05,149.30927511415524,284.0,load_estimation,lstm,,raw,mape,56.08515100795698,8.950627129882083,47.1345238780749,5.26605825425507,SUCCESS,789
E5_DT300_PD05_SEED789,300,0.05,149.30927511415524,284.0,load_estimation,lstm,,raw,r2,0.1281724249377034,0.9673139490398543,-0.8391415241021509,-0.8674965608994618,SUCCESS,789
E5_DT300_PD05_SEED789,300,0.05,149.30927511415524,284.0,anomaly_detection,isolation_forest,isolation_forest,raw,precision,0.1164658634538152,0.1164658634538152,0.0,0.0,SUCCESS,789
E5_DT300_PD05_SEED789,300,0.05,149.30927511415524,284.0,anomaly_detection,isolation_forest,isolation_forest,raw,recall,0.1188524590163934,0.1188524590163934,0.0,0.0,SUCCESS,789
E5_DT300_PD05_SEED789,300,0.05,149.30927511415524,284.0,anomaly_detection,isolation_forest,isolation_forest,raw,f1,0.1176470588235294,0.1176470588235294,0.0,0.0,SUCCESS,789
E5_DT300_PD05_SEED789,300,0.05,149.30927511415524,284.0,anomaly_detection,isolation_forest,isolation_forest,raw,false_positive_rate,0.0438946528332003,0.0438946528332003,0.0,0.0,SUCCESS,789
E5_DT300_PD05_SEED789,300,0.05,149.30927511415524,284.0,anomaly_detection,isolation_forest,isolation_forest,raw,pr_auc,0.09385708598261,0.09385708598261,0.0,0.0,SUCCESS,789
E5_DT300_PD05_SEED789,300,0.05,149.30927511415524,284.0,anomaly_detection,isolation_forest,isolation_forest,raw,roc_auc,0.7138596875695052,0.7138596875695052,0.0,0.0,SUCCESS,789
E5_DT300_PD05_SEED789,300,0.05,149.30927511415524,284.0,anomaly_detection,isolation_forest,isolation_forest,raw,detection_latency,3.2459016393442623,3.2459016393442623,0.0,0.0,SUCCESS,789
E5_DT300_PD05_SEED789,300,0.05,149.30927511415524,284.0,anomaly_detection,isolation_forest,isolation_forest,raw,threshold,0.5031683371451802,0.5031683371451802,0.0,0.0,SUCCESS,789
E5_DT300_PD05_SEED789,300,0.05,149.30927511415524,284.0,anomaly_detection,isolation_forest,isolation_forest,residual,precision,0.0464231354642313,0.0464231354642313,0.0,0.0,SUCCESS,789
E5_DT300_PD05_SEED789,300,0.05,149.30927511415524,284.0,anomaly_detection,isolation_forest,isolation_forest,residual,recall,1.0,1.0,0.0,0.0,SUCCESS,789
E5_DT300_PD05_SEED789,300,0.05,149.30927511415524,284.0,anomaly_detection,isolation_forest,isolation_forest,residual,f1,0.0887272727272727,0.0887272727272727,0.0,0.0,SUCCESS,789
E5_DT300_PD05_SEED789,300,0.05,149.30927511415524,284.0,anomaly_detection,isolation_forest,isolation_forest,residual,false_positive_rate,1.0,1.0,0.0,0.0,SUCCESS,789
E5_DT300_PD05_SEED789,300,0.05,149.30927511415524,284.0,anomaly_detection,isolation_forest,isolation_forest,residual,pr_auc,0.0472036830253831,0.0821393508125507,-0.0349356677871675,0.425321936947053,SUCCESS,789
E5_DT300_PD05_SEED789,300,0.05,149.30927511415524,284.0,anomaly_detection,isolation_forest,isolation_forest,residual,roc_auc,0.527734666309055,0.6862922428793846,-0.1585575765703296,0.2310350702859336,SUCCESS,789
E5_DT300_PD05_SEED789,300,0.05,149.30927511415524,284.0,anomaly_detection,isolation_forest,isolation_forest,residual,detection_latency,0.0,0.0,0.0,0.0,SUCCESS,789
E5_DT300_PD05_SEED789,300,0.05,149.30927511415524,284.0,anomaly_detection,isolation_forest,isolation_forest,residual,threshold,0.2937656541960819,0.2937656541960819,0.0,0.0,SUCCESS,789
E5_DT300_PD05_SEED789,300,0.05,149.30927511415524,284.0,anomaly_detection,lstm_autoencoder,lstm_autoencoder,raw,precision,0.4982578397212543,0.4982578397212543,0.0,0.0,SUCCESS,789
E5_DT300_PD05_SEED789,300,0.05,149.30927511415524,284.0,anomaly_detection,lstm_autoencoder,lstm_autoencoder,raw,recall,0.5860655737704918,0.5860655737704918,0.0,0.0,SUCCESS,789
E5_DT300_PD05_SEED789,300,0.05,149.30927511415524,284.0,anomaly_detection,lstm_autoencoder,lstm_autoencoder,raw,f1,0.5386064030131827,0.5386064030131827,0.0,0.0,SUCCESS,789
E5_DT300_PD05_SEED789,300,0.05,149.30927511415524,284.0,anomaly_detection,lstm_autoencoder,lstm_autoencoder,raw,false_positive_rate,0.028731045490822,0.028731045490822,0.0,0.0,SUCCESS,789
E5_DT300_PD05_SEED789,300,0.05,149.30927511415524,284.0,anomaly_detection,lstm_autoencoder,lstm_autoencoder,raw,pr_auc,0.561001698584242,0.561001698584242,0.0,0.0,SUCCESS,789
E5_DT300_PD05_SEED789,300,0.05,149.30927511415524,284.0,anomaly_detection,lstm_autoencoder,lstm_autoencoder,raw,roc_auc,0.9493396177043946,0.9493396177043946,0.0,0.0,SUCCESS,789
E5_DT300_PD05_SEED789,300,0.05,149.30927511415524,284.0,anomaly_detection,lstm_autoencoder,lstm_autoencoder,raw,detection_latency,1.3442622950819672,1.3442622950819672,0.0,0.0,SUCCESS,789
E5_DT300_PD05_SEED789,300,0.05,149.30927511415524,284.0,anomaly_detection,lstm_autoencoder,lstm_autoencoder,raw,threshold,0.0007370078528765,0.0007370078528765,0.0,0.0,SUCCESS,789
E5_DT300_PD05_SEED789,300,0.05,149.30927511415524,284.0,anomaly_detection,lstm_autoencoder,lstm_autoencoder,residual,precision,0.0464231354642313,0.0464231354642313,0.0,0.0,SUCCESS,789
E5_DT300_PD05_SEED789,300,0.05,149.30927511415524,284.0,anomaly_detection,lstm_autoencoder,lstm_autoencoder,residual,recall,1.0,1.0,0.0,0.0,SUCCESS,789
E5_DT300_PD05_SEED789,300,0.05,149.30927511415524,284.0,anomaly_detection,lstm_autoencoder,lstm_autoencoder,residual,f1,0.0887272727272727,0.0887272727272727,0.0,0.0,SUCCESS,789
E5_DT300_PD05_SEED789,300,0.05,149.30927511415524,284.0,anomaly_detection,lstm_autoencoder,lstm_autoencoder,residual,false_positive_rate,1.0,1.0,0.0,0.0,SUCCESS,789
E5_DT300_PD05_SEED789,300,0.05,149.30927511415524,284.0,anomaly_detection,lstm_autoencoder,lstm_autoencoder,residual,pr_auc,0.0936588924209782,0.1234193205004322,-0.0297604280794539,0.2411326521551359,SUCCESS,789
E5_DT300_PD05_SEED789,300,0.05,149.30927511415524,284.0,anomaly_detection,lstm_autoencoder,lstm_autoencoder,residual,roc_auc,0.5830392304371149,0.7175696361519239,-0.134530405714809,0.1874806275753928,SUCCESS,789
E5_DT300_PD05_SEED789,300,0.05,149.30927511415524,284.0,anomaly_detection,lstm_autoencoder,lstm_autoencoder,residual,detection_latency,0.0,0.0,0.0,0.0,SUCCESS,789
E5_DT300_PD05_SEED789,300,0.05,149.30927511415524,284.0,anomaly_detection,lstm_autoencoder,lstm_autoencoder,residual,threshold,0.0003816792741417,0.0003816792741417,0.0,0.0,SUCCESS,789
E5_DT300_PD10_SEED789,300,0.1,149.32625570776256,285.0,load_estimation,persistence,,raw,mae,2.459766141265132,0.4498919691646662,2.0098741721004654,4.4674595455266415,SUCCESS,789
E5_DT300_PD10_SEED789,300,0.1,149.32625570776256,285.0,load_estimation,persistence,,raw,rmse,3.199006875360376,0.6124154498606276,2.5865914254997486,4.22358943767405,SUCCESS,789
E5_DT300_PD10_SEED789,300,0.1,149.32625570776256,285.0,load_estimation,persistence,,raw,mape,79.2796573569684,14.12149407205246,65.15816328491594,4.614112568575094,SUCCESS,789
E5_DT300_PD10_SEED789,300,0.1,149.32625570776256,285.0,load_estimation,persistence,,raw,r2,-0.8896045707176083,0.9307479138394198,-1.820352484557028,-1.9557953958208816,SUCCESS,789
E5_DT300_PD10_SEED789,300,0.1,149.32625570776256,285.0,load_estimation,xgboost,,raw,mae,1.9593444141804537,0.2750232725927274,1.6843211415877262,6.124285867552669,SUCCESS,789
E5_DT300_PD10_SEED789,300,0.1,149.32625570776256,285.0,load_estimation,xgboost,,raw,rmse,2.547876076218373,0.4144889415427226,2.13338713467565,5.147030284415333,SUCCESS,789
E5_DT300_PD10_SEED789,300,0.1,149.32625570776256,285.0,load_estimation,xgboost,,raw,mape,63.8345524992225,9.085560043649886,54.74899245557261,6.0259348012165725,SUCCESS,789
E5_DT300_PD10_SEED789,300,0.1,149.32625570776256,285.0,load_estimation,xgboost,,raw,r2,-0.1986632368838985,0.9682775676298728,-1.1669408045137712,-1.2051717849564374,SUCCESS,789
E5_DT300_PD10_SEED789,300,0.1,149.32625570776256,285.0,load_estimation,lstm,,raw,mae,1.7628799996958302,0.2799320810273526,1.4829479186684775,5.297527576067911,SUCCESS,789
E5_DT300_PD10_SEED789,300,0.1,149.32625570776256,285.0,load_estimation,lstm,,raw,rmse,2.1563805014403328,0.4213114562541473,1.7350690451861854,4.11825745402836,SUCCESS,789
E5_DT300_PD10_SEED789,300,0.1,149.32625570776256,285.0,load_estimation,lstm,,raw,mape,56.48685344047493,8.950627129882083,47.53622631059284,5.31093806286388,SUCCESS,789
E5_DT300_PD10_SEED789,300,0.1,149.32625570776256,285.0,load_estimation,lstm,,raw,r2,0.1437379255916981,0.9673139490398543,-0.8235760234481562,-0.8514050937295271,SUCCESS,789
E5_DT300_PD10_SEED789,300,0.1,149.32625570776256,285.0,anomaly_detection,isolation_forest,isolation_forest,raw,precision,0.1164658634538152,0.1164658634538152,0.0,0.0,SUCCESS,789
E5_DT300_PD10_SEED789,300,0.1,149.32625570776256,285.0,anomaly_detection,isolation_forest,isolation_forest,raw,recall,0.1188524590163934,0.1188524590163934,0.0,0.0,SUCCESS,789
E5_DT300_PD10_SEED789,300,0.1,149.32625570776256,285.0,anomaly_detection,isolation_forest,isolation_forest,raw,f1,0.1176470588235294,0.1176470588235294,0.0,0.0,SUCCESS,789
E5_DT300_PD10_SEED789,300,0.1,149.32625570776256,285.0,anomaly_detection,isolation_forest,isolation_forest,raw,false_positive_rate,0.0438946528332003,0.0438946528332003,0.0,0.0,SUCCESS,789
E5_DT300_PD10_SEED789,300,0.1,149.32625570776256,285.0,anomaly_detection,isolation_forest,isolation_forest,raw,pr_auc,0.09385708598261,0.09385708598261,0.0,0.0,SUCCESS,789
E5_DT300_PD10_SEED789,300,0.1,149.32625570776256,285.0,anomaly_detection,isolation_forest,isolation_forest,raw,roc_auc,0.7138596875695052,0.7138596875695052,0.0,0.0,SUCCESS,789
E5_DT300_PD10_SEED789,300,0.1,149.32625570776256,285.0,anomaly_detection,isolation_forest,isolation_forest,raw,detection_latency,3.2459016393442623,3.2459016393442623,0.0,0.0,SUCCESS,789
E5_DT300_PD10_SEED789,300,0.1,149.32625570776256,285.0,anomaly_detection,isolation_forest,isolation_forest,raw,threshold,0.5031683371451802,0.5031683371451802,0.0,0.0,SUCCESS,789
E5_DT300_PD10_SEED789,300,0.1,149.32625570776256,285.0,anomaly_detection,isolation_forest,isolation_forest,residual,precision,0.0464231354642313,0.0464231354642313,0.0,0.0,SUCCESS,789
E5_DT300_PD10_SEED789,300,0.1,149.32625570776256,285.0,anomaly_detection,isolation_forest,isolation_forest,residual,recall,1.0,1.0,0.0,0.0,SUCCESS,789
E5_DT300_PD10_SEED789,300,0.1,149.32625570776256,285.0,anomaly_detection,isolation_forest,isolation_forest,residual,f1,0.0887272727272727,0.0887272727272727,0.0,0.0,SUCCESS,789
E5_DT300_PD10_SEED789,300,0.1,149.32625570776256,285.0,anomaly_detection,isolation_forest,isolation_forest,residual,false_positive_rate,1.0,1.0,0.0,0.0,SUCCESS,789
E5_DT300_PD10_SEED789,300,0.1,149.32625570776256,285.0,anomaly_detection,isolation_forest,isolation_forest,residual,pr_auc,0.0453623796916556,0.0821393508125507,-0.036776971120895,0.4477387604976737,SUCCESS,789
E5_DT300_PD10_SEED789,300,0.1,149.32625570776256,285.0,anomaly_detection,isolation_forest,isolation_forest,residual,roc_auc,0.488804737482501,0.6862922428793846,-0.1974875053968836,0.2877600722518903,SUCCESS,789
E5_DT300_PD10_SEED789,300,0.1,149.32625570776256,285.0,anomaly_detection,isolation_forest,isolation_forest,residual,detection_latency,0.0,0.0,0.0,0.0,SUCCESS,789
E5_DT300_PD10_SEED789,300,0.1,149.32625570776256,285.0,anomaly_detection,isolation_forest,isolation_forest,residual,threshold,0.2937656541960819,0.2937656541960819,0.0,0.0,SUCCESS,789
E5_DT300_PD10_SEED789,300,0.1,149.32625570776256,285.0,anomaly_detection,lstm_autoencoder,lstm_autoencoder,raw,precision,0.4982578397212543,0.4982578397212543,0.0,0.0,SUCCESS,789
E5_DT300_PD10_SEED789,300,0.1,149.32625570776256,285.0,anomaly_detection,lstm_autoencoder,lstm_autoencoder,raw,recall,0.5860655737704918,0.5860655737704918,0.0,0.0,SUCCESS,789
E5_DT300_PD10_SEED789,300,0.1,149.32625570776256,285.0,anomaly_detection,lstm_autoencoder,lstm_autoencoder,raw,f1,0.5386064030131827,0.5386064030131827,0.0,0.0,SUCCESS,789
E5_DT300_PD10_SEED789,300,0.1,149.32625570776256,285.0,anomaly_detection,lstm_autoencoder,lstm_autoencoder,raw,false_positive_rate,0.028731045490822,0.028731045490822,0.0,0.0,SUCCESS,789
E5_DT300_PD10_SEED789,300,0.1,149.32625570776256,285.0,anomaly_detection,lstm_autoencoder,lstm_autoencoder,raw,pr_auc,0.561001698584242,0.561001698584242,0.0,0.0,SUCCESS,789
E5_DT300_PD10_SEED789,300,0.1,149.32625570776256,285.0,anomaly_detection,lstm_autoencoder,lstm_autoencoder,raw,roc_auc,0.9493396177043946,0.9493396177043946,0.0,0.0,SUCCESS,789
E5_DT300_PD10_SEED789,300,0.1,149.32625570776256,285.0,anomaly_detection,lstm_autoencoder,lstm_autoencoder,raw,detection_latency,1.3442622950819672,1.3442622950819672,0.0,0.0,SUCCESS,789
E5_DT300_PD10_SEED789,300,0.1,149.32625570776256,285.0,anomaly_detection,lstm_autoencoder,lstm_autoencoder,raw,threshold,0.0007370078528765,0.0007370078528765,0.0,0.0,SUCCESS,789
E5_DT300_PD10_SEED789,300,0.1,149.32625570776256,285.0,anomaly_detection,lstm_autoencoder,lstm_autoencoder,residual,precision,0.0464231354642313,0.0464231354642313,0.0,0.0,SUCCESS,789
E5_DT300_PD10_SEED789,300,0.1,149.32625570776256,285.0,anomaly_detection,lstm_autoencoder,lstm_autoencoder,residual,recall,1.0,1.0,0.0,0.0,SUCCESS,789
E5_DT300_PD10_SEED789,300,0.1,149.32625570776256,285.0,anomaly_detection,lstm_autoencoder,lstm_autoencoder,residual,f1,0.0887272727272727,0.0887272727272727,0.0,0.0,SUCCESS,789
E5_DT300_PD10_SEED789,300,0.1,149.32625570776256,285.0,anomaly_detection,lstm_autoencoder,lstm_autoencoder,residual,false_positive_rate,1.0,1.0,0.0,0.0,SUCCESS,789
E5_DT300_PD10_SEED789,300,0.1,149.32625570776256,285.0,anomaly_detection,lstm_autoencoder,lstm_autoencoder,residual,pr_auc,0.1189640610848693,0.1234193205004322,-0.0044552594155628,0.0360985573206691,SUCCESS,789
E5_DT300_PD10_SEED789,300,0.1,149.32625570776256,285.0,anomaly_detection,lstm_autoencoder,lstm_autoencoder,residual,roc_auc,0.577962889066241,0.7175696361519239,-0.1396067470856828,0.1945549812201436,SUCCESS,789
E5_DT300_PD10_SEED789,300,0.1,149.32625570776256,285.0,anomaly_detection,lstm_autoencoder,lstm_autoencoder,residual,detection_latency,0.0,0.0,0.0,0.0,SUCCESS,789
E5_DT300_PD10_SEED789,300,0.1,149.32625570776256,285.0,anomaly_detection,lstm_autoencoder,lstm_autoencoder,residual,threshold,0.0003816792741417,0.0003816792741417,0.0,0.0,SUCCESS,789
E5_DT300_PD20_SEED789,300,0.2,149.3668093607306,285.0,load_estimation,persistence,,raw,mae,2.5817983932509634,0.4498919691646662,2.131906424086297,4.738707445800155,SUCCESS,789
E5_DT300_PD20_SEED789,300,0.2,149.3668093607306,285.0,load_estimation,persistence,,raw,rmse,3.2606300183981416,0.6124154498606276,2.6482145685375142,4.324212540915142,SUCCESS,789
E5_DT300_PD20_SEED789,300,0.2,149.3668093607306,285.0,load_estimation,persistence,,raw,mape,87.99880922945914,14.12149407205246,73.87731515740668,5.231550909589352,SUCCESS,789
E5_DT300_PD20_SEED789,300,0.2,149.3668093607306,285.0,load_estimation,persistence,,raw,r2,-0.9631054501659746,0.9307479138394198,-1.8938533640053945,-2.0347650914339166,SUCCESS,789
E5_DT300_PD20_SEED789,300,0.2,149.3668093607306,285.0,load_estimation,xgboost,,raw,mae,1.9609960672790057,0.2750232725927274,1.685972794686278,6.130291370588763,SUCCESS,789
E5_DT300_PD20_SEED789,300,0.2,149.3668093607306,285.0,load_estimation,xgboost,,raw,rmse,2.510647346716762,0.4144889415427226,2.096158405174039,5.057211894175424,SUCCESS,789
E5_DT300_PD20_SEED789,300,0.2,149.3668093607306,285.0,load_estimation,xgboost,,raw,mape,67.73395935769186,9.085560043649886,58.64839931404197,6.455122087386648,SUCCESS,789
E5_DT300_PD20_SEED789,300,0.2,149.3668093607306,285.0,load_estimation,xgboost,,raw,r2,-0.1638902045416714,0.9682775676298728,-1.1321677721715442,-1.1692595284871032,SUCCESS,789
E5_DT300_PD20_SEED789,300,0.2,149.3668093607306,285.0,load_estimation,lstm,,raw,mae,1.765491304424008,0.2799320810273526,1.4855592233966557,5.306855927140052,SUCCESS,789
E5_DT300_PD20_SEED789,300,0.2,149.3668093607306,285.0,load_estimation,lstm,,raw,rmse,2.206169029198233,0.4213114562541473,1.784857572944086,4.236432564196422,SUCCESS,789
E5_DT300_PD20_SEED789,300,0.2,149.3668093607306,285.0,load_estimation,lstm,,raw,mape,54.18067425088218,8.950627129882083,45.2300471210001,5.0532824644205645,SUCCESS,789
E5_DT300_PD20_SEED789,300,0.2,149.3668093607306,285.0,load_estimation,lstm,,raw,r2,0.1037410956456624,0.9673139490398543,-0.8635728533941919,-0.8927534377555139,SUCCESS,789
E5_DT300_PD20_SEED789,300,0.2,149.3668093607306,285.0,anomaly_detection,isolation_forest,isolation_forest,raw,precision,0.1164658634538152,0.1164658634538152,0.0,0.0,SUCCESS,789
E5_DT300_PD20_SEED789,300,0.2,149.3668093607306,285.0,anomaly_detection,isolation_forest,isolation_forest,raw,recall,0.1188524590163934,0.1188524590163934,0.0,0.0,SUCCESS,789
E5_DT300_PD20_SEED789,300,0.2,149.3668093607306,285.0,anomaly_detection,isolation_forest,isolation_forest,raw,f1,0.1176470588235294,0.1176470588235294,0.0,0.0,SUCCESS,789
E5_DT300_PD20_SEED789,300,0.2,149.3668093607306,285.0,anomaly_detection,isolation_forest,isolation_forest,raw,false_positive_rate,0.0438946528332003,0.0438946528332003,0.0,0.0,SUCCESS,789
E5_DT300_PD20_SEED789,300,0.2,149.3668093607306,285.0,anomaly_detection,isolation_forest,isolation_forest,raw,pr_auc,0.09385708598261,0.09385708598261,0.0,0.0,SUCCESS,789
E5_DT300_PD20_SEED789,300,0.2,149.3668093607306,285.0,anomaly_detection,isolation_forest,isolation_forest,raw,roc_auc,0.7138596875695052,0.7138596875695052,0.0,0.0,SUCCESS,789
E5_DT300_PD20_SEED789,300,0.2,149.3668093607306,285.0,anomaly_detection,isolation_forest,isolation_forest,raw,detection_latency,3.2459016393442623,3.2459016393442623,0.0,0.0,SUCCESS,789
E5_DT300_PD20_SEED789,300,0.2,149.3668093607306,285.0,anomaly_detection,isolation_forest,isolation_forest,raw,threshold,0.5031683371451802,0.5031683371451802,0.0,0.0,SUCCESS,789
E5_DT300_PD20_SEED789,300,0.2,149.3668093607306,285.0,anomaly_detection,isolation_forest,isolation_forest,residual,precision,0.0464231354642313,0.0464231354642313,0.0,0.0,SUCCESS,789
E5_DT300_PD20_SEED789,300,0.2,149.3668093607306,285.0,anomaly_detection,isolation_forest,isolation_forest,residual,recall,1.0,1.0,0.0,0.0,SUCCESS,789
E5_DT300_PD20_SEED789,300,0.2,149.3668093607306,285.0,anomaly_detection,isolation_forest,isolation_forest,residual,f1,0.0887272727272727,0.0887272727272727,0.0,0.0,SUCCESS,789
E5_DT300_PD20_SEED789,300,0.2,149.3668093607306,285.0,anomaly_detection,isolation_forest,isolation_forest,residual,false_positive_rate,1.0,1.0,0.0,0.0,SUCCESS,789
E5_DT300_PD20_SEED789,300,0.2,149.3668093607306,285.0,anomaly_detection,isolation_forest,isolation_forest,residual,pr_auc,0.0438620247790521,0.0821393508125507,-0.0382773260334985,0.4660047304348777,SUCCESS,789
E5_DT300_PD20_SEED789,300,0.2,149.3668093607306,285.0,anomaly_detection,isolation_forest,isolation_forest,residual,roc_auc,0.4882441975324794,0.6862922428793846,-0.1980480453469052,0.2885768379312893,SUCCESS,789
E5_DT300_PD20_SEED789,300,0.2,149.3668093607306,285.0,anomaly_detection,isolation_forest,isolation_forest,residual,detection_latency,0.0,0.0,0.0,0.0,SUCCESS,789
E5_DT300_PD20_SEED789,300,0.2,149.3668093607306,285.0,anomaly_detection,isolation_forest,isolation_forest,residual,threshold,0.2937656541960819,0.2937656541960819,0.0,0.0,SUCCESS,789
E5_DT300_PD20_SEED789,300,0.2,149.3668093607306,285.0,anomaly_detection,lstm_autoencoder,lstm_autoencoder,raw,precision,0.4982578397212543,0.4982578397212543,0.0,0.0,SUCCESS,789
E5_DT300_PD20_SEED789,300,0.2,149.3668093607306,285.0,anomaly_detection,lstm_autoencoder,lstm_autoencoder,raw,recall,0.5860655737704918,0.5860655737704918,0.0,0.0,SUCCESS,789
E5_DT300_PD20_SEED789,300,0.2,149.3668093607306,285.0,anomaly_detection,lstm_autoencoder,lstm_autoencoder,raw,f1,0.5386064030131827,0.5386064030131827,0.0,0.0,SUCCESS,789
E5_DT300_PD20_SEED789,300,0.2,149.3668093607306,285.0,anomaly_detection,lstm_autoencoder,lstm_autoencoder,raw,false_positive_rate,0.028731045490822,0.028731045490822,0.0,0.0,SUCCESS,789
E5_DT300_PD20_SEED789,300,0.2,149.3668093607306,285.0,anomaly_detection,lstm_autoencoder,lstm_autoencoder,raw,pr_auc,0.561001698584242,0.561001698584242,0.0,0.0,SUCCESS,789
E5_DT300_PD20_SEED789,300,0.2,149.3668093607306,285.0,anomaly_detection,lstm_autoencoder,lstm_autoencoder,raw,roc_auc,0.9493396177043946,0.9493396177043946,0.0,0.0,SUCCESS,789
E5_DT300_PD20_SEED789,300,0.2,149.3668093607306,285.0,anomaly_detection,lstm_autoencoder,lstm_autoencoder,raw,detection_latency,1.3442622950819672,1.3442622950819672,0.0,0.0,SUCCESS,789
E5_DT300_PD20_SEED789,300,0.2,149.3668093607306,285.0,anomaly_detection,lstm_autoencoder,lstm_autoencoder,raw,threshold,0.0007370078528765,0.0007370078528765,0.0,0.0,SUCCESS,789
E5_DT300_PD20_SEED789,300,0.2,149.3668093607306,285.0,anomaly_detection,lstm_autoencoder,lstm_autoencoder,residual,precision,0.0464231354642313,0.0464231354642313,0.0,0.0,SUCCESS,789
E5_DT300_PD20_SEED789,300,0.2,149.3668093607306,285.0,anomaly_detection,lstm_autoencoder,lstm_autoencoder,residual,recall,1.0,1.0,0.0,0.0,SUCCESS,789
E5_DT300_PD20_SEED789,300,0.2,149.3668093607306,285.0,anomaly_detection,lstm_autoencoder,lstm_autoencoder,residual,f1,0.0887272727272727,0.0887272727272727,0.0,0.0,SUCCESS,789
E5_DT300_PD20_SEED789,300,0.2,149.3668093607306,285.0,anomaly_detection,lstm_autoencoder,lstm_autoencoder,residual,false_positive_rate,1.0,1.0,0.0,0.0,SUCCESS,789
E5_DT300_PD20_SEED789,300,0.2,149.3668093607306,285.0,anomaly_detection,lstm_autoencoder,lstm_autoencoder,residual,pr_auc,0.0958734209414939,0.1234193205004322,-0.0275458995589382,0.2231895253291548,SUCCESS,789
E5_DT300_PD20_SEED789,300,0.2,149.3668093607306,285.0,anomaly_detection,lstm_autoencoder,lstm_autoencoder,residual,roc_auc,0.6095093088064056,0.7175696361519239,-0.1080603273455182,0.1505921124603434,SUCCESS,789
E5_DT300_PD20_SEED789,300,0.2,149.3668093607306,285.0,anomaly_detection,lstm_autoencoder,lstm_autoencoder,residual,detection_latency,0.0,0.0,0.0,0.0,SUCCESS,789
E5_DT300_PD20_SEED789,300,0.2,149.3668093607306,285.0,anomaly_detection,lstm_autoencoder,lstm_autoencoder,residual,threshold,0.0003816792741417,0.0003816792741417,0.0,0.0,SUCCESS,789
E5_DT0_PD00_SEED101112,0,0.0,0.0,0.0,load_estimation,persistence,,raw,mae,0.4259453912122427,0.4259453912122427,0.0,0.0,SUCCESS,101112
E5_DT0_PD00_SEED101112,0,0.0,0.0,0.0,load_estimation,persistence,,raw,rmse,0.5819721564703912,0.5819721564703912,0.0,0.0,SUCCESS,101112
E5_DT0_PD00_SEED101112,0,0.0,0.0,0.0,load_estimation,persistence,,raw,mape,13.286006475148488,13.286006475148488,0.0,0.0,SUCCESS,101112
E5_DT0_PD00_SEED101112,0,0.0,0.0,0.0,load_estimation,persistence,,raw,r2,0.9374618546027488,0.9374618546027488,0.0,0.0,SUCCESS,101112
E5_DT0_PD00_SEED101112,0,0.0,0.0,0.0,load_estimation,xgboost,,raw,mae,0.2731154812117145,0.2731154812117145,0.0,0.0,SUCCESS,101112
E5_DT0_PD00_SEED101112,0,0.0,0.0,0.0,load_estimation,xgboost,,raw,rmse,0.4076096387383497,0.4076096387383497,0.0,0.0,SUCCESS,101112
E5_DT0_PD00_SEED101112,0,0.0,0.0,0.0,load_estimation,xgboost,,raw,mape,9.005682087543944,9.005682087543944,0.0,0.0,SUCCESS,101112
E5_DT0_PD00_SEED101112,0,0.0,0.0,0.0,load_estimation,xgboost,,raw,r2,0.9693218282677428,0.9693218282677428,0.0,0.0,SUCCESS,101112
E5_DT0_PD00_SEED101112,0,0.0,0.0,0.0,load_estimation,lstm,,raw,mae,0.2762261204479895,0.2762261204479895,0.0,0.0,SUCCESS,101112
E5_DT0_PD00_SEED101112,0,0.0,0.0,0.0,load_estimation,lstm,,raw,rmse,0.4088705073983315,0.4088705073983315,0.0,0.0,SUCCESS,101112
E5_DT0_PD00_SEED101112,0,0.0,0.0,0.0,load_estimation,lstm,,raw,mape,8.962657158047907,8.962657158047907,0.0,0.0,SUCCESS,101112
E5_DT0_PD00_SEED101112,0,0.0,0.0,0.0,load_estimation,lstm,,raw,r2,0.9692158273028284,0.9692158273028284,0.0,0.0,SUCCESS,101112
E5_DT0_PD00_SEED101112,0,0.0,0.0,0.0,anomaly_detection,isolation_forest,isolation_forest,raw,precision,0.1164658634538152,0.1164658634538152,0.0,0.0,SUCCESS,101112
E5_DT0_PD00_SEED101112,0,0.0,0.0,0.0,anomaly_detection,isolation_forest,isolation_forest,raw,recall,0.1188524590163934,0.1188524590163934,0.0,0.0,SUCCESS,101112
E5_DT0_PD00_SEED101112,0,0.0,0.0,0.0,anomaly_detection,isolation_forest,isolation_forest,raw,f1,0.1176470588235294,0.1176470588235294,0.0,0.0,SUCCESS,101112
E5_DT0_PD00_SEED101112,0,0.0,0.0,0.0,anomaly_detection,isolation_forest,isolation_forest,raw,false_positive_rate,0.0438946528332003,0.0438946528332003,0.0,0.0,SUCCESS,101112
E5_DT0_PD00_SEED101112,0,0.0,0.0,0.0,anomaly_detection,isolation_forest,isolation_forest,raw,pr_auc,0.09385708598261,0.09385708598261,0.0,0.0,SUCCESS,101112
E5_DT0_PD00_SEED101112,0,0.0,0.0,0.0,anomaly_detection,isolation_forest,isolation_forest,raw,roc_auc,0.7138596875695052,0.7138596875695052,0.0,0.0,SUCCESS,101112
E5_DT0_PD00_SEED101112,0,0.0,0.0,0.0,anomaly_detection,isolation_forest,isolation_forest,raw,detection_latency,3.2459016393442623,3.2459016393442623,0.0,0.0,SUCCESS,101112
E5_DT0_PD00_SEED101112,0,0.0,0.0,0.0,anomaly_detection,isolation_forest,isolation_forest,raw,threshold,0.5031683371451802,0.5031683371451802,0.0,0.0,SUCCESS,101112
E5_DT0_PD00_SEED101112,0,0.0,0.0,0.0,anomaly_detection,isolation_forest,isolation_forest,residual,precision,0.0464231354642313,0.0464231354642313,0.0,0.0,SUCCESS,101112
E5_DT0_PD00_SEED101112,0,0.0,0.0,0.0,anomaly_detection,isolation_forest,isolation_forest,residual,recall,1.0,1.0,0.0,0.0,SUCCESS,101112
E5_DT0_PD00_SEED101112,0,0.0,0.0,0.0,anomaly_detection,isolation_forest,isolation_forest,residual,f1,0.0887272727272727,0.0887272727272727,0.0,0.0,SUCCESS,101112
E5_DT0_PD00_SEED101112,0,0.0,0.0,0.0,anomaly_detection,isolation_forest,isolation_forest,residual,false_positive_rate,1.0,1.0,0.0,0.0,SUCCESS,101112
E5_DT0_PD00_SEED101112,0,0.0,0.0,0.0,anomaly_detection,isolation_forest,isolation_forest,residual,pr_auc,0.0848377809693776,0.0848377809693776,0.0,0.0,SUCCESS,101112
E5_DT0_PD00_SEED101112,0,0.0,0.0,0.0,anomaly_detection,isolation_forest,isolation_forest,residual,roc_auc,0.6919352570224903,0.6919352570224903,0.0,0.0,SUCCESS,101112
E5_DT0_PD00_SEED101112,0,0.0,0.0,0.0,anomaly_detection,isolation_forest,isolation_forest,residual,detection_latency,0.0,0.0,0.0,0.0,SUCCESS,101112
E5_DT0_PD00_SEED101112,0,0.0,0.0,0.0,anomaly_detection,isolation_forest,isolation_forest,residual,threshold,0.2937656541960819,0.2937656541960819,0.0,0.0,SUCCESS,101112
E5_DT0_PD00_SEED101112,0,0.0,0.0,0.0,anomaly_detection,lstm_autoencoder,lstm_autoencoder,raw,precision,0.4982578397212543,0.4982578397212543,0.0,0.0,SUCCESS,101112
E5_DT0_PD00_SEED101112,0,0.0,0.0,0.0,anomaly_detection,lstm_autoencoder,lstm_autoencoder,raw,recall,0.5860655737704918,0.5860655737704918,0.0,0.0,SUCCESS,101112
E5_DT0_PD00_SEED101112,0,0.0,0.0,0.0,anomaly_detection,lstm_autoencoder,lstm_autoencoder,raw,f1,0.5386064030131827,0.5386064030131827,0.0,0.0,SUCCESS,101112
E5_DT0_PD00_SEED101112,0,0.0,0.0,0.0,anomaly_detection,lstm_autoencoder,lstm_autoencoder,raw,false_positive_rate,0.028731045490822,0.028731045490822,0.0,0.0,SUCCESS,101112
E5_DT0_PD00_SEED101112,0,0.0,0.0,0.0,anomaly_detection,lstm_autoencoder,lstm_autoencoder,raw,pr_auc,0.561001698584242,0.561001698584242,0.0,0.0,SUCCESS,101112
E5_DT0_PD00_SEED101112,0,0.0,0.0,0.0,anomaly_detection,lstm_autoencoder,lstm_autoencoder,raw,roc_auc,0.9493396177043946,0.9493396177043946,0.0,0.0,SUCCESS,101112
E5_DT0_PD00_SEED101112,0,0.0,0.0,0.0,anomaly_detection,lstm_autoencoder,lstm_autoencoder,raw,detection_latency,1.3442622950819672,1.3442622950819672,0.0,0.0,SUCCESS,101112
E5_DT0_PD00_SEED101112,0,0.0,0.0,0.0,anomaly_detection,lstm_autoencoder,lstm_autoencoder,raw,threshold,0.0007370078528765,0.0007370078528765,0.0,0.0,SUCCESS,101112
E5_DT0_PD00_SEED101112,0,0.0,0.0,0.0,anomaly_detection,lstm_autoencoder,lstm_autoencoder,residual,precision,0.0464231354642313,0.0464231354642313,0.0,0.0,SUCCESS,101112
E5_DT0_PD00_SEED101112,0,0.0,0.0,0.0,anomaly_detection,lstm_autoencoder,lstm_autoencoder,residual,recall,1.0,1.0,0.0,0.0,SUCCESS,101112
E5_DT0_PD00_SEED101112,0,0.0,0.0,0.0,anomaly_detection,lstm_autoencoder,lstm_autoencoder,residual,f1,0.0887272727272727,0.0887272727272727,0.0,0.0,SUCCESS,101112
E5_DT0_PD00_SEED101112,0,0.0,0.0,0.0,anomaly_detection,lstm_autoencoder,lstm_autoencoder,residual,false_positive_rate,1.0,1.0,0.0,0.0,SUCCESS,101112
E5_DT0_PD00_SEED101112,0,0.0,0.0,0.0,anomaly_detection,lstm_autoencoder,lstm_autoencoder,residual,pr_auc,0.1319000209425614,0.1319000209425614,0.0,0.0,SUCCESS,101112
E5_DT0_PD00_SEED101112,0,0.0,0.0,0.0,anomaly_detection,lstm_autoencoder,lstm_autoencoder,residual,roc_auc,0.7417419504664216,0.7417419504664216,0.0,0.0,SUCCESS,101112
E5_DT0_PD00_SEED101112,0,0.0,0.0,0.0,anomaly_detection,lstm_autoencoder,lstm_autoencoder,residual,detection_latency,0.0,0.0,0.0,0.0,SUCCESS,101112
E5_DT0_PD00_SEED101112,0,0.0,0.0,0.0,anomaly_detection,lstm_autoencoder,lstm_autoencoder,residual,threshold,0.0003816792741417,0.0003816792741417,0.0,0.0,SUCCESS,101112
E5_DT0_PD05_SEED101112,0,0.05,0.0544805936073059,1.0,load_estimation,persistence,,raw,mae,0.4356026972220187,0.4259453912122427,0.0096573060097759,0.0226726388147815,SUCCESS,101112
E5_DT0_PD05_SEED101112,0,0.05,0.0544805936073059,1.0,load_estimation,persistence,,raw,rmse,0.5944175588253224,0.5819721564703912,0.0124454023549311,0.0213848759198574,SUCCESS,101112
E5_DT0_PD05_SEED101112,0,0.05,0.0544805936073059,1.0,load_estimation,persistence,,raw,mape,13.591749779884216,13.286006475148488,0.3057433047357278,0.0230124308088831,SUCCESS,101112
E5_DT0_PD05_SEED101112,0,0.05,0.0544805936073059,1.0,load_estimation,persistence,,raw,r2,0.9347585141418276,0.9374618546027488,-0.0027033404609211,-0.0028836804907295,SUCCESS,101112
E5_DT0_PD05_SEED101112,0,0.05,0.0544805936073059,1.0,load_estimation,xgboost,,raw,mae,0.2748548826216925,0.2731154812117145,0.001739401409978,0.0063687397076904,SUCCESS,101112
E5_DT0_PD05_SEED101112,0,0.05,0.0544805936073059,1.0,load_estimation,xgboost,,raw,rmse,0.4098569378381199,0.4076096387383497,0.0022472990997701,0.0055133610351465,SUCCESS,101112
E5_DT0_PD05_SEED101112,0,0.05,0.0544805936073059,1.0,load_estimation,xgboost,,raw,mape,9.07612557418252,9.005682087543944,0.0704434866385774,0.0078221156325305,SUCCESS,101112
E5_DT0_PD05_SEED101112,0,0.05,0.0544805936073059,1.0,load_estimation,xgboost,,raw,r2,0.9689826160654416,0.9693218282677428,-0.0003392122023011,-0.0003499479661026,SUCCESS,101112
E5_DT0_PD05_SEED101112,0,0.05,0.0544805936073059,1.0,load_estimation,lstm,,raw,mae,0.2773588653643182,0.2762261204479895,0.0011327449163286,0.0041007885658734,SUCCESS,101112
E5_DT0_PD05_SEED101112,0,0.05,0.0544805936073059,1.0,load_estimation,lstm,,raw,rmse,0.4101875840236717,0.4088705073983315,0.0013170766253402,0.0032212561226802,SUCCESS,101112
E5_DT0_PD05_SEED101112,0,0.05,0.0544805936073059,1.0,load_estimation,lstm,,raw,mape,8.997747123599499,8.962657158047907,0.0350899655515917,0.0039151297358376,SUCCESS,101112
E5_DT0_PD05_SEED101112,0,0.05,0.0544805936073059,1.0,load_estimation,lstm,,raw,r2,0.9690171804615724,0.9692158273028284,-0.0001986468412559,-0.0002049562498465,SUCCESS,101112
E5_DT0_PD05_SEED101112,0,0.05,0.0544805936073059,1.0,anomaly_detection,isolation_forest,isolation_forest,raw,precision,0.1164658634538152,0.1164658634538152,0.0,0.0,SUCCESS,101112
E5_DT0_PD05_SEED101112,0,0.05,0.0544805936073059,1.0,anomaly_detection,isolation_forest,isolation_forest,raw,recall,0.1188524590163934,0.1188524590163934,0.0,0.0,SUCCESS,101112
E5_DT0_PD05_SEED101112,0,0.05,0.0544805936073059,1.0,anomaly_detection,isolation_forest,isolation_forest,raw,f1,0.1176470588235294,0.1176470588235294,0.0,0.0,SUCCESS,101112
E5_DT0_PD05_SEED101112,0,0.05,0.0544805936073059,1.0,anomaly_detection,isolation_forest,isolation_forest,raw,false_positive_rate,0.0438946528332003,0.0438946528332003,0.0,0.0,SUCCESS,101112
E5_DT0_PD05_SEED101112,0,0.05,0.0544805936073059,1.0,anomaly_detection,isolation_forest,isolation_forest,raw,pr_auc,0.09385708598261,0.09385708598261,0.0,0.0,SUCCESS,101112
E5_DT0_PD05_SEED101112,0,0.05,0.0544805936073059,1.0,anomaly_detection,isolation_forest,isolation_forest,raw,roc_auc,0.7138596875695052,0.7138596875695052,0.0,0.0,SUCCESS,101112
E5_DT0_PD05_SEED101112,0,0.05,0.0544805936073059,1.0,anomaly_detection,isolation_forest,isolation_forest,raw,detection_latency,3.2459016393442623,3.2459016393442623,0.0,0.0,SUCCESS,101112
E5_DT0_PD05_SEED101112,0,0.05,0.0544805936073059,1.0,anomaly_detection,isolation_forest,isolation_forest,raw,threshold,0.5031683371451802,0.5031683371451802,0.0,0.0,SUCCESS,101112
E5_DT0_PD05_SEED101112,0,0.05,0.0544805936073059,1.0,anomaly_detection,isolation_forest,isolation_forest,residual,precision,0.0464231354642313,0.0464231354642313,0.0,0.0,SUCCESS,101112
E5_DT0_PD05_SEED101112,0,0.05,0.0544805936073059,1.0,anomaly_detection,isolation_forest,isolation_forest,residual,recall,1.0,1.0,0.0,0.0,SUCCESS,101112
E5_DT0_PD05_SEED101112,0,0.05,0.0544805936073059,1.0,anomaly_detection,isolation_forest,isolation_forest,residual,f1,0.0887272727272727,0.0887272727272727,0.0,0.0,SUCCESS,101112
E5_DT0_PD05_SEED101112,0,0.05,0.0544805936073059,1.0,anomaly_detection,isolation_forest,isolation_forest,residual,false_positive_rate,1.0,1.0,0.0,0.0,SUCCESS,101112
E5_DT0_PD05_SEED101112,0,0.05,0.0544805936073059,1.0,anomaly_detection,isolation_forest,isolation_forest,residual,pr_auc,0.0830385040627969,0.0848377809693776,-0.0017992769065806,0.0212084390471044,SUCCESS,101112
E5_DT0_PD05_SEED101112,0,0.05,0.0544805936073059,1.0,anomaly_detection,isolation_forest,isolation_forest,residual,roc_auc,0.6897617848311592,0.6919352570224903,-0.002173472191331,0.0031411496513182,SUCCESS,101112
E5_DT0_PD05_SEED101112,0,0.05,0.0544805936073059,1.0,anomaly_detection,isolation_forest,isolation_forest,residual,detection_latency,0.0,0.0,0.0,0.0,SUCCESS,101112
E5_DT0_PD05_SEED101112,0,0.05,0.0544805936073059,1.0,anomaly_detection,isolation_forest,isolation_forest,residual,threshold,0.2937656541960819,0.2937656541960819,0.0,0.0,SUCCESS,101112
E5_DT0_PD05_SEED101112,0,0.05,0.0544805936073059,1.0,anomaly_detection,lstm_autoencoder,lstm_autoencoder,raw,precision,0.4982578397212543,0.4982578397212543,0.0,0.0,SUCCESS,101112
E5_DT0_PD05_SEED101112,0,0.05,0.0544805936073059,1.0,anomaly_detection,lstm_autoencoder,lstm_autoencoder,raw,recall,0.5860655737704918,0.5860655737704918,0.0,0.0,SUCCESS,101112
E5_DT0_PD05_SEED101112,0,0.05,0.0544805936073059,1.0,anomaly_detection,lstm_autoencoder,lstm_autoencoder,raw,f1,0.5386064030131827,0.5386064030131827,0.0,0.0,SUCCESS,101112
E5_DT0_PD05_SEED101112,0,0.05,0.0544805936073059,1.0,anomaly_detection,lstm_autoencoder,lstm_autoencoder,raw,false_positive_rate,0.028731045490822,0.028731045490822,0.0,0.0,SUCCESS,101112
E5_DT0_PD05_SEED101112,0,0.05,0.0544805936073059,1.0,anomaly_detection,lstm_autoencoder,lstm_autoencoder,raw,pr_auc,0.561001698584242,0.561001698584242,0.0,0.0,SUCCESS,101112
E5_DT0_PD05_SEED101112,0,0.05,0.0544805936073059,1.0,anomaly_detection,lstm_autoencoder,lstm_autoencoder,raw,roc_auc,0.9493396177043946,0.9493396177043946,0.0,0.0,SUCCESS,101112
E5_DT0_PD05_SEED101112,0,0.05,0.0544805936073059,1.0,anomaly_detection,lstm_autoencoder,lstm_autoencoder,raw,detection_latency,1.3442622950819672,1.3442622950819672,0.0,0.0,SUCCESS,101112
E5_DT0_PD05_SEED101112,0,0.05,0.0544805936073059,1.0,anomaly_detection,lstm_autoencoder,lstm_autoencoder,raw,threshold,0.0007370078528765,0.0007370078528765,0.0,0.0,SUCCESS,101112
E5_DT0_PD05_SEED101112,0,0.05,0.0544805936073059,1.0,anomaly_detection,lstm_autoencoder,lstm_autoencoder,residual,precision,0.0464231354642313,0.0464231354642313,0.0,0.0,SUCCESS,101112
E5_DT0_PD05_SEED101112,0,0.05,0.0544805936073059,1.0,anomaly_detection,lstm_autoencoder,lstm_autoencoder,residual,recall,1.0,1.0,0.0,0.0,SUCCESS,101112
E5_DT0_PD05_SEED101112,0,0.05,0.0544805936073059,1.0,anomaly_detection,lstm_autoencoder,lstm_autoencoder,residual,f1,0.0887272727272727,0.0887272727272727,0.0,0.0,SUCCESS,101112
E5_DT0_PD05_SEED101112,0,0.05,0.0544805936073059,1.0,anomaly_detection,lstm_autoencoder,lstm_autoencoder,residual,false_positive_rate,1.0,1.0,0.0,0.0,SUCCESS,101112
E5_DT0_PD05_SEED101112,0,0.05,0.0544805936073059,1.0,anomaly_detection,lstm_autoencoder,lstm_autoencoder,residual,pr_auc,0.1327603159226355,0.1319000209425614,0.0008602949800741,-0.0065223263341919,SUCCESS,101112
E5_DT0_PD05_SEED101112,0,0.05,0.0544805936073059,1.0,anomaly_detection,lstm_autoencoder,lstm_autoencoder,residual,roc_auc,0.7422898159172084,0.7417419504664216,0.0005478654507868,-0.0007386200152794,SUCCESS,101112
E5_DT0_PD05_SEED101112,0,0.05,0.0544805936073059,1.0,anomaly_detection,lstm_autoencoder,lstm_autoencoder,residual,detection_latency,0.0,0.0,0.0,0.0,SUCCESS,101112
E5_DT0_PD05_SEED101112,0,0.05,0.0544805936073059,1.0,anomaly_detection,lstm_autoencoder,lstm_autoencoder,residual,threshold,0.0003816792741417,0.0003816792741417,0.0,0.0,SUCCESS,101112
E5_DT0_PD10_SEED101112,0,0.1,0.1105308219178082,1.0,load_estimation,persistence,,raw,mae,0.4461507113193994,0.4259453912122427,0.0202053201071566,0.0474364097464517,SUCCESS,101112
E5_DT0_PD10_SEED101112,0,0.1,0.1105308219178082,1.0,load_estimation,persistence,,raw,rmse,0.6079773975561282,0.5819721564703912,0.0260052410857369,0.0446846825859443,SUCCESS,101112
E5_DT0_PD10_SEED101112,0,0.1,0.1105308219178082,1.0,load_estimation,persistence,,raw,mape,13.884994864836248,13.286006475148488,0.5989883896877597,0.0450841560861925,SUCCESS,101112
E5_DT0_PD10_SEED101112,0,0.1,0.1105308219178082,1.0,load_estimation,persistence,,raw,r2,0.931747989030246,0.9374618546027488,-0.0057138655725028,-0.0060950379414894,SUCCESS,101112
E5_DT0_PD10_SEED101112,0,0.1,0.1105308219178082,1.0,load_estimation,xgboost,,raw,mae,0.2769916448600397,0.2731154812117145,0.0038761636483252,0.0141923981428225,SUCCESS,101112
E5_DT0_PD10_SEED101112,0,0.1,0.1105308219178082,1.0,load_estimation,xgboost,,raw,rmse,0.4119965406943331,0.4076096387383497,0.0043869019559833,0.0107625078974134,SUCCESS,101112
E5_DT0_PD10_SEED101112,0,0.1,0.1105308219178082,1.0,load_estimation,xgboost,,raw,mape,9.138342319636925,9.005682087543944,0.132660232092979,0.0147307256466965,SUCCESS,101112
E5_DT0_PD10_SEED101112,0,0.1,0.1105308219178082,1.0,load_estimation,xgboost,,raw,r2,0.9686579266356616,0.9693218282677428,-0.0006639016320811,-0.0006849135268805,SUCCESS,101112
E5_DT0_PD10_SEED101112,0,0.1,0.1105308219178082,1.0,load_estimation,lstm,,raw,mae,0.2788088297310874,0.2762261204479895,0.0025827092830978,0.0093499821049117,SUCCESS,101112
E5_DT0_PD10_SEED101112,0,0.1,0.1105308219178082,1.0,load_estimation,lstm,,raw,rmse,0.4118339597188782,0.4088705073983315,0.0029634523205467,0.007247899437412,SUCCESS,101112
E5_DT0_PD10_SEED101112,0,0.1,0.1105308219178082,1.0,load_estimation,lstm,,raw,mape,9.030408045267691,8.962657158047907,0.0677508872197858,0.0075592411965629,SUCCESS,101112
E5_DT0_PD10_SEED101112,0,0.1,0.1105308219178082,1.0,load_estimation,lstm,,raw,r2,0.9687679689712984,0.9692158273028284,-0.00044785833153,-0.0004620831799418,SUCCESS,101112
E5_DT0_PD10_SEED101112,0,0.1,0.1105308219178082,1.0,anomaly_detection,isolation_forest,isolation_forest,raw,precision,0.1164658634538152,0.1164658634538152,0.0,0.0,SUCCESS,101112
E5_DT0_PD10_SEED101112,0,0.1,0.1105308219178082,1.0,anomaly_detection,isolation_forest,isolation_forest,raw,recall,0.1188524590163934,0.1188524590163934,0.0,0.0,SUCCESS,101112
E5_DT0_PD10_SEED101112,0,0.1,0.1105308219178082,1.0,anomaly_detection,isolation_forest,isolation_forest,raw,f1,0.1176470588235294,0.1176470588235294,0.0,0.0,SUCCESS,101112
E5_DT0_PD10_SEED101112,0,0.1,0.1105308219178082,1.0,anomaly_detection,isolation_forest,isolation_forest,raw,false_positive_rate,0.0438946528332003,0.0438946528332003,0.0,0.0,SUCCESS,101112
E5_DT0_PD10_SEED101112,0,0.1,0.1105308219178082,1.0,anomaly_detection,isolation_forest,isolation_forest,raw,pr_auc,0.09385708598261,0.09385708598261,0.0,0.0,SUCCESS,101112
E5_DT0_PD10_SEED101112,0,0.1,0.1105308219178082,1.0,anomaly_detection,isolation_forest,isolation_forest,raw,roc_auc,0.7138596875695052,0.7138596875695052,0.0,0.0,SUCCESS,101112
E5_DT0_PD10_SEED101112,0,0.1,0.1105308219178082,1.0,anomaly_detection,isolation_forest,isolation_forest,raw,detection_latency,3.2459016393442623,3.2459016393442623,0.0,0.0,SUCCESS,101112
E5_DT0_PD10_SEED101112,0,0.1,0.1105308219178082,1.0,anomaly_detection,isolation_forest,isolation_forest,raw,threshold,0.5031683371451802,0.5031683371451802,0.0,0.0,SUCCESS,101112
E5_DT0_PD10_SEED101112,0,0.1,0.1105308219178082,1.0,anomaly_detection,isolation_forest,isolation_forest,residual,precision,0.0464231354642313,0.0464231354642313,0.0,0.0,SUCCESS,101112
E5_DT0_PD10_SEED101112,0,0.1,0.1105308219178082,1.0,anomaly_detection,isolation_forest,isolation_forest,residual,recall,1.0,1.0,0.0,0.0,SUCCESS,101112
E5_DT0_PD10_SEED101112,0,0.1,0.1105308219178082,1.0,anomaly_detection,isolation_forest,isolation_forest,residual,f1,0.0887272727272727,0.0887272727272727,0.0,0.0,SUCCESS,101112
E5_DT0_PD10_SEED101112,0,0.1,0.1105308219178082,1.0,anomaly_detection,isolation_forest,isolation_forest,residual,false_positive_rate,1.0,1.0,0.0,0.0,SUCCESS,101112
E5_DT0_PD10_SEED101112,0,0.1,0.1105308219178082,1.0,anomaly_detection,isolation_forest,isolation_forest,residual,pr_auc,0.0803766725270241,0.0848377809693776,-0.0044611084423535,0.0525839831190749,SUCCESS,101112
E5_DT0_PD10_SEED101112,0,0.1,0.1105308219178082,1.0,anomaly_detection,isolation_forest,isolation_forest,residual,roc_auc,0.6833713840880249,0.6919352570224903,-0.0085638729344653,0.0123766968766949,SUCCESS,101112
E5_DT0_PD10_SEED101112,0,0.1,0.1105308219178082,1.0,anomaly_detection,isolation_forest,isolation_forest,residual,detection_latency,0.0,0.0,0.0,0.0,SUCCESS,101112
E5_DT0_PD10_SEED101112,0,0.1,0.1105308219178082,1.0,anomaly_detection,isolation_forest,isolation_forest,residual,threshold,0.2937656541960819,0.2937656541960819,0.0,0.0,SUCCESS,101112
E5_DT0_PD10_SEED101112,0,0.1,0.1105308219178082,1.0,anomaly_detection,lstm_autoencoder,lstm_autoencoder,raw,precision,0.4982578397212543,0.4982578397212543,0.0,0.0,SUCCESS,101112
E5_DT0_PD10_SEED101112,0,0.1,0.1105308219178082,1.0,anomaly_detection,lstm_autoencoder,lstm_autoencoder,raw,recall,0.5860655737704918,0.5860655737704918,0.0,0.0,SUCCESS,101112
E5_DT0_PD10_SEED101112,0,0.1,0.1105308219178082,1.0,anomaly_detection,lstm_autoencoder,lstm_autoencoder,raw,f1,0.5386064030131827,0.5386064030131827,0.0,0.0,SUCCESS,101112
E5_DT0_PD10_SEED101112,0,0.1,0.1105308219178082,1.0,anomaly_detection,lstm_autoencoder,lstm_autoencoder,raw,false_positive_rate,0.028731045490822,0.028731045490822,0.0,0.0,SUCCESS,101112
E5_DT0_PD10_SEED101112,0,0.1,0.1105308219178082,1.0,anomaly_detection,lstm_autoencoder,lstm_autoencoder,raw,pr_auc,0.561001698584242,0.561001698584242,0.0,0.0,SUCCESS,101112
E5_DT0_PD10_SEED101112,0,0.1,0.1105308219178082,1.0,anomaly_detection,lstm_autoencoder,lstm_autoencoder,raw,roc_auc,0.9493396177043946,0.9493396177043946,0.0,0.0,SUCCESS,101112
E5_DT0_PD10_SEED101112,0,0.1,0.1105308219178082,1.0,anomaly_detection,lstm_autoencoder,lstm_autoencoder,raw,detection_latency,1.3442622950819672,1.3442622950819672,0.0,0.0,SUCCESS,101112
E5_DT0_PD10_SEED101112,0,0.1,0.1105308219178082,1.0,anomaly_detection,lstm_autoencoder,lstm_autoencoder,raw,threshold,0.0007370078528765,0.0007370078528765,0.0,0.0,SUCCESS,101112
E5_DT0_PD10_SEED101112,0,0.1,0.1105308219178082,1.0,anomaly_detection,lstm_autoencoder,lstm_autoencoder,residual,precision,0.0464231354642313,0.0464231354642313,0.0,0.0,SUCCESS,101112
E5_DT0_PD10_SEED101112,0,0.1,0.1105308219178082,1.0,anomaly_detection,lstm_autoencoder,lstm_autoencoder,residual,recall,1.0,1.0,0.0,0.0,SUCCESS,101112
E5_DT0_PD10_SEED101112,0,0.1,0.1105308219178082,1.0,anomaly_detection,lstm_autoencoder,lstm_autoencoder,residual,f1,0.0887272727272727,0.0887272727272727,0.0,0.0,SUCCESS,101112
E5_DT0_PD10_SEED101112,0,0.1,0.1105308219178082,1.0,anomaly_detection,lstm_autoencoder,lstm_autoencoder,residual,false_positive_rate,1.0,1.0,0.0,0.0,SUCCESS,101112
E5_DT0_PD10_SEED101112,0,0.1,0.1105308219178082,1.0,anomaly_detection,lstm_autoencoder,lstm_autoencoder,residual,pr_auc,0.1323143299181876,0.1319000209425614,0.0004143089756262,-0.0031410834711439,SUCCESS,101112
E5_DT0_PD10_SEED101112,0,0.1,0.1105308219178082,1.0,anomaly_detection,lstm_autoencoder,lstm_autoencoder,residual,roc_auc,0.7435891565161645,0.7417419504664216,0.0018472060497429,-0.0024903621112186,SUCCESS,101112
E5_DT0_PD10_SEED101112,0,0.1,0.1105308219178082,1.0,anomaly_detection,lstm_autoencoder,lstm_autoencoder,residual,detection_latency,0.0,0.0,0.0,0.0,SUCCESS,101112
E5_DT0_PD10_SEED101112,0,0.1,0.1105308219178082,1.0,anomaly_detection,lstm_autoencoder,lstm_autoencoder,residual,threshold,0.0003816792741417,0.0003816792741417,0.0,0.0,SUCCESS,101112
E5_DT0_PD20_SEED101112,0,0.2,0.2508276255707762,1.0,load_estimation,persistence,,raw,mae,0.4770304416185826,0.4259453912122427,0.0510850504063398,0.1199333329114128,SUCCESS,101112
E5_DT0_PD20_SEED101112,0,0.2,0.2508276255707762,1.0,load_estimation,persistence,,raw,rmse,0.6480883699106799,0.5819721564703912,0.0661162134402886,0.1136071764004613,SUCCESS,101112
E5_DT0_PD20_SEED101112,0,0.2,0.2508276255707762,1.0,load_estimation,persistence,,raw,mape,14.694883121170529,13.286006475148488,1.4088766460220388,0.1060421465740925,SUCCESS,101112
E5_DT0_PD20_SEED101112,0,0.2,0.2508276255707762,1.0,load_estimation,persistence,,raw,r2,0.922445136135814,0.9374618546027488,-0.0150167184669346,-0.016018484798294,SUCCESS,101112
E5_DT0_PD20_SEED101112,0,0.2,0.2508276255707762,1.0,load_estimation,xgboost,,raw,mae,0.282902440660076,0.2731154812117145,0.0097869594483614,0.0358345100209636,SUCCESS,101112
E5_DT0_PD20_SEED101112,0,0.2,0.2508276255707762,1.0,load_estimation,xgboost,,raw,rmse,0.4202201738784407,0.4076096387383497,0.0126105351400909,0.0309377746294803,SUCCESS,101112
E5_DT0_PD20_SEED101112,0,0.2,0.2508276255707762,1.0,load_estimation,xgboost,,raw,mape,9.30155204264908,9.005682087543944,0.295869955105136,0.0328536975021984,SUCCESS,101112
E5_DT0_PD20_SEED101112,0,0.2,0.2508276255707762,1.0,load_estimation,xgboost,,raw,r2,0.9673942360552856,0.9693218282677428,-0.0019275922124571,-0.0019885987875687,SUCCESS,101112
E5_DT0_PD20_SEED101112,0,0.2,0.2508276255707762,1.0,load_estimation,lstm,,raw,mae,0.2860875367753801,0.2762261204479895,0.0098614163273906,0.0357005206871716,SUCCESS,101112
E5_DT0_PD20_SEED101112,0,0.2,0.2508276255707762,1.0,load_estimation,lstm,,raw,rmse,0.4196850795801488,0.4088705073983315,0.0108145721818173,0.026449871013273,SUCCESS,101112
E5_DT0_PD20_SEED101112,0,0.2,0.2508276255707762,1.0,load_estimation,lstm,,raw,mape,9.20082217783598,8.962657158047907,0.2381650197880738,0.0265730369452117,SUCCESS,101112
E5_DT0_PD20_SEED101112,0,0.2,0.2508276255707762,1.0,load_estimation,lstm,,raw,r2,0.9675658160345202,0.9692158273028284,-0.0016500112683082,-0.0017024188233697,SUCCESS,101112
E5_DT0_PD20_SEED101112,0,0.2,0.2508276255707762,1.0,anomaly_detection,isolation_forest,isolation_forest,raw,precision,0.1164658634538152,0.1164658634538152,0.0,0.0,SUCCESS,101112
E5_DT0_PD20_SEED101112,0,0.2,0.2508276255707762,1.0,anomaly_detection,isolation_forest,isolation_forest,raw,recall,0.1188524590163934,0.1188524590163934,0.0,0.0,SUCCESS,101112
E5_DT0_PD20_SEED101112,0,0.2,0.2508276255707762,1.0,anomaly_detection,isolation_forest,isolation_forest,raw,f1,0.1176470588235294,0.1176470588235294,0.0,0.0,SUCCESS,101112
E5_DT0_PD20_SEED101112,0,0.2,0.2508276255707762,1.0,anomaly_detection,isolation_forest,isolation_forest,raw,false_positive_rate,0.0438946528332003,0.0438946528332003,0.0,0.0,SUCCESS,101112
E5_DT0_PD20_SEED101112,0,0.2,0.2508276255707762,1.0,anomaly_detection,isolation_forest,isolation_forest,raw,pr_auc,0.09385708598261,0.09385708598261,0.0,0.0,SUCCESS,101112
E5_DT0_PD20_SEED101112,0,0.2,0.2508276255707762,1.0,anomaly_detection,isolation_forest,isolation_forest,raw,roc_auc,0.7138596875695052,0.7138596875695052,0.0,0.0,SUCCESS,101112
E5_DT0_PD20_SEED101112,0,0.2,0.2508276255707762,1.0,anomaly_detection,isolation_forest,isolation_forest,raw,detection_latency,3.2459016393442623,3.2459016393442623,0.0,0.0,SUCCESS,101112
E5_DT0_PD20_SEED101112,0,0.2,0.2508276255707762,1.0,anomaly_detection,isolation_forest,isolation_forest,raw,threshold,0.5031683371451802,0.5031683371451802,0.0,0.0,SUCCESS,101112
E5_DT0_PD20_SEED101112,0,0.2,0.2508276255707762,1.0,anomaly_detection,isolation_forest,isolation_forest,residual,precision,0.0464231354642313,0.0464231354642313,0.0,0.0,SUCCESS,101112
E5_DT0_PD20_SEED101112,0,0.2,0.2508276255707762,1.0,anomaly_detection,isolation_forest,isolation_forest,residual,recall,1.0,1.0,0.0,0.0,SUCCESS,101112
E5_DT0_PD20_SEED101112,0,0.2,0.2508276255707762,1.0,anomaly_detection,isolation_forest,isolation_forest,residual,f1,0.0887272727272727,0.0887272727272727,0.0,0.0,SUCCESS,101112
E5_DT0_PD20_SEED101112,0,0.2,0.2508276255707762,1.0,anomaly_detection,isolation_forest,isolation_forest,residual,false_positive_rate,1.0,1.0,0.0,0.0,SUCCESS,101112
E5_DT0_PD20_SEED101112,0,0.2,0.2508276255707762,1.0,anomaly_detection,isolation_forest,isolation_forest,residual,pr_auc,0.0939425627585607,0.0848377809693776,0.0091047817891831,-0.1073198955129381,SUCCESS,101112
E5_DT0_PD20_SEED101112,0,0.2,0.2508276255707762,1.0,anomaly_detection,isolation_forest,isolation_forest,residual,roc_auc,0.6823942210825167,0.6919352570224903,-0.0095410359399735,0.0137889142707226,SUCCESS,101112
E5_DT0_PD20_SEED101112,0,0.2,0.2508276255707762,1.0,anomaly_detection,isolation_forest,isolation_forest,residual,detection_latency,0.0,0.0,0.0,0.0,SUCCESS,101112
E5_DT0_PD20_SEED101112,0,0.2,0.2508276255707762,1.0,anomaly_detection,isolation_forest,isolation_forest,residual,threshold,0.2937656541960819,0.2937656541960819,0.0,0.0,SUCCESS,101112
E5_DT0_PD20_SEED101112,0,0.2,0.2508276255707762,1.0,anomaly_detection,lstm_autoencoder,lstm_autoencoder,raw,precision,0.4982578397212543,0.4982578397212543,0.0,0.0,SUCCESS,101112
E5_DT0_PD20_SEED101112,0,0.2,0.2508276255707762,1.0,anomaly_detection,lstm_autoencoder,lstm_autoencoder,raw,recall,0.5860655737704918,0.5860655737704918,0.0,0.0,SUCCESS,101112
E5_DT0_PD20_SEED101112,0,0.2,0.2508276255707762,1.0,anomaly_detection,lstm_autoencoder,lstm_autoencoder,raw,f1,0.5386064030131827,0.5386064030131827,0.0,0.0,SUCCESS,101112
E5_DT0_PD20_SEED101112,0,0.2,0.2508276255707762,1.0,anomaly_detection,lstm_autoencoder,lstm_autoencoder,raw,false_positive_rate,0.028731045490822,0.028731045490822,0.0,0.0,SUCCESS,101112
E5_DT0_PD20_SEED101112,0,0.2,0.2508276255707762,1.0,anomaly_detection,lstm_autoencoder,lstm_autoencoder,raw,pr_auc,0.561001698584242,0.561001698584242,0.0,0.0,SUCCESS,101112
E5_DT0_PD20_SEED101112,0,0.2,0.2508276255707762,1.0,anomaly_detection,lstm_autoencoder,lstm_autoencoder,raw,roc_auc,0.9493396177043946,0.9493396177043946,0.0,0.0,SUCCESS,101112
E5_DT0_PD20_SEED101112,0,0.2,0.2508276255707762,1.0,anomaly_detection,lstm_autoencoder,lstm_autoencoder,raw,detection_latency,1.3442622950819672,1.3442622950819672,0.0,0.0,SUCCESS,101112
E5_DT0_PD20_SEED101112,0,0.2,0.2508276255707762,1.0,anomaly_detection,lstm_autoencoder,lstm_autoencoder,raw,threshold,0.0007370078528765,0.0007370078528765,0.0,0.0,SUCCESS,101112
E5_DT0_PD20_SEED101112,0,0.2,0.2508276255707762,1.0,anomaly_detection,lstm_autoencoder,lstm_autoencoder,residual,precision,0.0464231354642313,0.0464231354642313,0.0,0.0,SUCCESS,101112
E5_DT0_PD20_SEED101112,0,0.2,0.2508276255707762,1.0,anomaly_detection,lstm_autoencoder,lstm_autoencoder,residual,recall,1.0,1.0,0.0,0.0,SUCCESS,101112
E5_DT0_PD20_SEED101112,0,0.2,0.2508276255707762,1.0,anomaly_detection,lstm_autoencoder,lstm_autoencoder,residual,f1,0.0887272727272727,0.0887272727272727,0.0,0.0,SUCCESS,101112
E5_DT0_PD20_SEED101112,0,0.2,0.2508276255707762,1.0,anomaly_detection,lstm_autoencoder,lstm_autoencoder,residual,false_positive_rate,1.0,1.0,0.0,0.0,SUCCESS,101112
E5_DT0_PD20_SEED101112,0,0.2,0.2508276255707762,1.0,anomaly_detection,lstm_autoencoder,lstm_autoencoder,residual,pr_auc,0.1353981160977036,0.1319000209425614,0.0034980951551421,-0.026520808185963,SUCCESS,101112
E5_DT0_PD20_SEED101112,0,0.2,0.2508276255707762,1.0,anomaly_detection,lstm_autoencoder,lstm_autoencoder,residual,roc_auc,0.7443414493739616,0.7417419504664216,0.00259949890754,-0.0035045866098114,SUCCESS,101112
E5_DT0_PD20_SEED101112,0,0.2,0.2508276255707762,1.0,anomaly_detection,lstm_autoencoder,lstm_autoencoder,residual,detection_latency,0.0,0.0,0.0,0.0,SUCCESS,101112
E5_DT0_PD20_SEED101112,0,0.2,0.2508276255707762,1.0,anomaly_detection,lstm_autoencoder,lstm_autoencoder,residual,threshold,0.0003816792741417,0.0003816792741417,0.0,0.0,SUCCESS,101112
E5_DT1_PD00_SEED101112,1,0.0,0.0,0.0,load_estimation,persistence,,raw,mae,0.4259453912122427,0.4259453912122427,0.0,0.0,SUCCESS,101112
E5_DT1_PD00_SEED101112,1,0.0,0.0,0.0,load_estimation,persistence,,raw,rmse,0.5819721564703912,0.5819721564703912,0.0,0.0,SUCCESS,101112
E5_DT1_PD00_SEED101112,1,0.0,0.0,0.0,load_estimation,persistence,,raw,mape,13.286006475148488,13.286006475148488,0.0,0.0,SUCCESS,101112
E5_DT1_PD00_SEED101112,1,0.0,0.0,0.0,load_estimation,persistence,,raw,r2,0.9374618546027488,0.9374618546027488,0.0,0.0,SUCCESS,101112
E5_DT1_PD00_SEED101112,1,0.0,0.0,0.0,load_estimation,xgboost,,raw,mae,0.2731154812117145,0.2731154812117145,0.0,0.0,SUCCESS,101112
E5_DT1_PD00_SEED101112,1,0.0,0.0,0.0,load_estimation,xgboost,,raw,rmse,0.4076096387383497,0.4076096387383497,0.0,0.0,SUCCESS,101112
E5_DT1_PD00_SEED101112,1,0.0,0.0,0.0,load_estimation,xgboost,,raw,mape,9.005682087543944,9.005682087543944,0.0,0.0,SUCCESS,101112
E5_DT1_PD00_SEED101112,1,0.0,0.0,0.0,load_estimation,xgboost,,raw,r2,0.9693218282677428,0.9693218282677428,0.0,0.0,SUCCESS,101112
E5_DT1_PD00_SEED101112,1,0.0,0.0,0.0,load_estimation,lstm,,raw,mae,0.2762261204479895,0.2762261204479895,0.0,0.0,SUCCESS,101112
E5_DT1_PD00_SEED101112,1,0.0,0.0,0.0,load_estimation,lstm,,raw,rmse,0.4088705073983315,0.4088705073983315,0.0,0.0,SUCCESS,101112
E5_DT1_PD00_SEED101112,1,0.0,0.0,0.0,load_estimation,lstm,,raw,mape,8.962657158047907,8.962657158047907,0.0,0.0,SUCCESS,101112
E5_DT1_PD00_SEED101112,1,0.0,0.0,0.0,load_estimation,lstm,,raw,r2,0.9692158273028284,0.9692158273028284,0.0,0.0,SUCCESS,101112
E5_DT1_PD00_SEED101112,1,0.0,0.0,0.0,anomaly_detection,isolation_forest,isolation_forest,raw,precision,0.1164658634538152,0.1164658634538152,0.0,0.0,SUCCESS,101112
E5_DT1_PD00_SEED101112,1,0.0,0.0,0.0,anomaly_detection,isolation_forest,isolation_forest,raw,recall,0.1188524590163934,0.1188524590163934,0.0,0.0,SUCCESS,101112
E5_DT1_PD00_SEED101112,1,0.0,0.0,0.0,anomaly_detection,isolation_forest,isolation_forest,raw,f1,0.1176470588235294,0.1176470588235294,0.0,0.0,SUCCESS,101112
E5_DT1_PD00_SEED101112,1,0.0,0.0,0.0,anomaly_detection,isolation_forest,isolation_forest,raw,false_positive_rate,0.0438946528332003,0.0438946528332003,0.0,0.0,SUCCESS,101112
E5_DT1_PD00_SEED101112,1,0.0,0.0,0.0,anomaly_detection,isolation_forest,isolation_forest,raw,pr_auc,0.09385708598261,0.09385708598261,0.0,0.0,SUCCESS,101112
E5_DT1_PD00_SEED101112,1,0.0,0.0,0.0,anomaly_detection,isolation_forest,isolation_forest,raw,roc_auc,0.7138596875695052,0.7138596875695052,0.0,0.0,SUCCESS,101112
E5_DT1_PD00_SEED101112,1,0.0,0.0,0.0,anomaly_detection,isolation_forest,isolation_forest,raw,detection_latency,3.2459016393442623,3.2459016393442623,0.0,0.0,SUCCESS,101112
E5_DT1_PD00_SEED101112,1,0.0,0.0,0.0,anomaly_detection,isolation_forest,isolation_forest,raw,threshold,0.5031683371451802,0.5031683371451802,0.0,0.0,SUCCESS,101112
E5_DT1_PD00_SEED101112,1,0.0,0.0,0.0,anomaly_detection,isolation_forest,isolation_forest,residual,precision,0.0464231354642313,0.0464231354642313,0.0,0.0,SUCCESS,101112
E5_DT1_PD00_SEED101112,1,0.0,0.0,0.0,anomaly_detection,isolation_forest,isolation_forest,residual,recall,1.0,1.0,0.0,0.0,SUCCESS,101112
E5_DT1_PD00_SEED101112,1,0.0,0.0,0.0,anomaly_detection,isolation_forest,isolation_forest,residual,f1,0.0887272727272727,0.0887272727272727,0.0,0.0,SUCCESS,101112
E5_DT1_PD00_SEED101112,1,0.0,0.0,0.0,anomaly_detection,isolation_forest,isolation_forest,residual,false_positive_rate,1.0,1.0,0.0,0.0,SUCCESS,101112
E5_DT1_PD00_SEED101112,1,0.0,0.0,0.0,anomaly_detection,isolation_forest,isolation_forest,residual,pr_auc,0.0848377809693776,0.0848377809693776,0.0,0.0,SUCCESS,101112
E5_DT1_PD00_SEED101112,1,0.0,0.0,0.0,anomaly_detection,isolation_forest,isolation_forest,residual,roc_auc,0.6919352570224903,0.6919352570224903,0.0,0.0,SUCCESS,101112
E5_DT1_PD00_SEED101112,1,0.0,0.0,0.0,anomaly_detection,isolation_forest,isolation_forest,residual,detection_latency,0.0,0.0,0.0,0.0,SUCCESS,101112
E5_DT1_PD00_SEED101112,1,0.0,0.0,0.0,anomaly_detection,isolation_forest,isolation_forest,residual,threshold,0.2937656541960819,0.2937656541960819,0.0,0.0,SUCCESS,101112
E5_DT1_PD00_SEED101112,1,0.0,0.0,0.0,anomaly_detection,lstm_autoencoder,lstm_autoencoder,raw,precision,0.4982578397212543,0.4982578397212543,0.0,0.0,SUCCESS,101112
E5_DT1_PD00_SEED101112,1,0.0,0.0,0.0,anomaly_detection,lstm_autoencoder,lstm_autoencoder,raw,recall,0.5860655737704918,0.5860655737704918,0.0,0.0,SUCCESS,101112
E5_DT1_PD00_SEED101112,1,0.0,0.0,0.0,anomaly_detection,lstm_autoencoder,lstm_autoencoder,raw,f1,0.5386064030131827,0.5386064030131827,0.0,0.0,SUCCESS,101112
E5_DT1_PD00_SEED101112,1,0.0,0.0,0.0,anomaly_detection,lstm_autoencoder,lstm_autoencoder,raw,false_positive_rate,0.028731045490822,0.028731045490822,0.0,0.0,SUCCESS,101112
E5_DT1_PD00_SEED101112,1,0.0,0.0,0.0,anomaly_detection,lstm_autoencoder,lstm_autoencoder,raw,pr_auc,0.561001698584242,0.561001698584242,0.0,0.0,SUCCESS,101112
E5_DT1_PD00_SEED101112,1,0.0,0.0,0.0,anomaly_detection,lstm_autoencoder,lstm_autoencoder,raw,roc_auc,0.9493396177043946,0.9493396177043946,0.0,0.0,SUCCESS,101112
E5_DT1_PD00_SEED101112,1,0.0,0.0,0.0,anomaly_detection,lstm_autoencoder,lstm_autoencoder,raw,detection_latency,1.3442622950819672,1.3442622950819672,0.0,0.0,SUCCESS,101112
E5_DT1_PD00_SEED101112,1,0.0,0.0,0.0,anomaly_detection,lstm_autoencoder,lstm_autoencoder,raw,threshold,0.0007370078528765,0.0007370078528765,0.0,0.0,SUCCESS,101112
E5_DT1_PD00_SEED101112,1,0.0,0.0,0.0,anomaly_detection,lstm_autoencoder,lstm_autoencoder,residual,precision,0.0464231354642313,0.0464231354642313,0.0,0.0,SUCCESS,101112
E5_DT1_PD00_SEED101112,1,0.0,0.0,0.0,anomaly_detection,lstm_autoencoder,lstm_autoencoder,residual,recall,1.0,1.0,0.0,0.0,SUCCESS,101112
E5_DT1_PD00_SEED101112,1,0.0,0.0,0.0,anomaly_detection,lstm_autoencoder,lstm_autoencoder,residual,f1,0.0887272727272727,0.0887272727272727,0.0,0.0,SUCCESS,101112
E5_DT1_PD00_SEED101112,1,0.0,0.0,0.0,anomaly_detection,lstm_autoencoder,lstm_autoencoder,residual,false_positive_rate,1.0,1.0,0.0,0.0,SUCCESS,101112
E5_DT1_PD00_SEED101112,1,0.0,0.0,0.0,anomaly_detection,lstm_autoencoder,lstm_autoencoder,residual,pr_auc,0.1319000209425614,0.1319000209425614,0.0,0.0,SUCCESS,101112
E5_DT1_PD00_SEED101112,1,0.0,0.0,0.0,anomaly_detection,lstm_autoencoder,lstm_autoencoder,residual,roc_auc,0.7417419504664216,0.7417419504664216,0.0,0.0,SUCCESS,101112
E5_DT1_PD00_SEED101112,1,0.0,0.0,0.0,anomaly_detection,lstm_autoencoder,lstm_autoencoder,residual,detection_latency,0.0,0.0,0.0,0.0,SUCCESS,101112
E5_DT1_PD00_SEED101112,1,0.0,0.0,0.0,anomaly_detection,lstm_autoencoder,lstm_autoencoder,residual,threshold,0.0003816792741417,0.0003816792741417,0.0,0.0,SUCCESS,101112
E5_DT1_PD05_SEED101112,1,0.05,0.0544805936073059,1.0,load_estimation,persistence,,raw,mae,0.4356026972220187,0.4259453912122427,0.0096573060097759,0.0226726388147815,SUCCESS,101112
E5_DT1_PD05_SEED101112,1,0.05,0.0544805936073059,1.0,load_estimation,persistence,,raw,rmse,0.5944175588253224,0.5819721564703912,0.0124454023549311,0.0213848759198574,SUCCESS,101112
E5_DT1_PD05_SEED101112,1,0.05,0.0544805936073059,1.0,load_estimation,persistence,,raw,mape,13.591749779884216,13.286006475148488,0.3057433047357278,0.0230124308088831,SUCCESS,101112
E5_DT1_PD05_SEED101112,1,0.05,0.0544805936073059,1.0,load_estimation,persistence,,raw,r2,0.9347585141418276,0.9374618546027488,-0.0027033404609211,-0.0028836804907295,SUCCESS,101112
E5_DT1_PD05_SEED101112,1,0.05,0.0544805936073059,1.0,load_estimation,xgboost,,raw,mae,0.2748548826216925,0.2731154812117145,0.001739401409978,0.0063687397076904,SUCCESS,101112
E5_DT1_PD05_SEED101112,1,0.05,0.0544805936073059,1.0,load_estimation,xgboost,,raw,rmse,0.4098569378381199,0.4076096387383497,0.0022472990997701,0.0055133610351465,SUCCESS,101112
E5_DT1_PD05_SEED101112,1,0.05,0.0544805936073059,1.0,load_estimation,xgboost,,raw,mape,9.07612557418252,9.005682087543944,0.0704434866385774,0.0078221156325305,SUCCESS,101112
E5_DT1_PD05_SEED101112,1,0.05,0.0544805936073059,1.0,load_estimation,xgboost,,raw,r2,0.9689826160654416,0.9693218282677428,-0.0003392122023011,-0.0003499479661026,SUCCESS,101112
E5_DT1_PD05_SEED101112,1,0.05,0.0544805936073059,1.0,load_estimation,lstm,,raw,mae,0.2773588653643182,0.2762261204479895,0.0011327449163286,0.0041007885658734,SUCCESS,101112
E5_DT1_PD05_SEED101112,1,0.05,0.0544805936073059,1.0,load_estimation,lstm,,raw,rmse,0.4101875840236717,0.4088705073983315,0.0013170766253402,0.0032212561226802,SUCCESS,101112
E5_DT1_PD05_SEED101112,1,0.05,0.0544805936073059,1.0,load_estimation,lstm,,raw,mape,8.997747123599499,8.962657158047907,0.0350899655515917,0.0039151297358376,SUCCESS,101112
E5_DT1_PD05_SEED101112,1,0.05,0.0544805936073059,1.0,load_estimation,lstm,,raw,r2,0.9690171804615724,0.9692158273028284,-0.0001986468412559,-0.0002049562498465,SUCCESS,101112
E5_DT1_PD05_SEED101112,1,0.05,0.0544805936073059,1.0,anomaly_detection,isolation_forest,isolation_forest,raw,precision,0.1164658634538152,0.1164658634538152,0.0,0.0,SUCCESS,101112
E5_DT1_PD05_SEED101112,1,0.05,0.0544805936073059,1.0,anomaly_detection,isolation_forest,isolation_forest,raw,recall,0.1188524590163934,0.1188524590163934,0.0,0.0,SUCCESS,101112
E5_DT1_PD05_SEED101112,1,0.05,0.0544805936073059,1.0,anomaly_detection,isolation_forest,isolation_forest,raw,f1,0.1176470588235294,0.1176470588235294,0.0,0.0,SUCCESS,101112
E5_DT1_PD05_SEED101112,1,0.05,0.0544805936073059,1.0,anomaly_detection,isolation_forest,isolation_forest,raw,false_positive_rate,0.0438946528332003,0.0438946528332003,0.0,0.0,SUCCESS,101112
E5_DT1_PD05_SEED101112,1,0.05,0.0544805936073059,1.0,anomaly_detection,isolation_forest,isolation_forest,raw,pr_auc,0.09385708598261,0.09385708598261,0.0,0.0,SUCCESS,101112
E5_DT1_PD05_SEED101112,1,0.05,0.0544805936073059,1.0,anomaly_detection,isolation_forest,isolation_forest,raw,roc_auc,0.7138596875695052,0.7138596875695052,0.0,0.0,SUCCESS,101112
E5_DT1_PD05_SEED101112,1,0.05,0.0544805936073059,1.0,anomaly_detection,isolation_forest,isolation_forest,raw,detection_latency,3.2459016393442623,3.2459016393442623,0.0,0.0,SUCCESS,101112
E5_DT1_PD05_SEED101112,1,0.05,0.0544805936073059,1.0,anomaly_detection,isolation_forest,isolation_forest,raw,threshold,0.5031683371451802,0.5031683371451802,0.0,0.0,SUCCESS,101112
E5_DT1_PD05_SEED101112,1,0.05,0.0544805936073059,1.0,anomaly_detection,isolation_forest,isolation_forest,residual,precision,0.0464231354642313,0.0464231354642313,0.0,0.0,SUCCESS,101112
E5_DT1_PD05_SEED101112,1,0.05,0.0544805936073059,1.0,anomaly_detection,isolation_forest,isolation_forest,residual,recall,1.0,1.0,0.0,0.0,SUCCESS,101112
E5_DT1_PD05_SEED101112,1,0.05,0.0544805936073059,1.0,anomaly_detection,isolation_forest,isolation_forest,residual,f1,0.0887272727272727,0.0887272727272727,0.0,0.0,SUCCESS,101112
E5_DT1_PD05_SEED101112,1,0.05,0.0544805936073059,1.0,anomaly_detection,isolation_forest,isolation_forest,residual,false_positive_rate,1.0,1.0,0.0,0.0,SUCCESS,101112
E5_DT1_PD05_SEED101112,1,0.05,0.0544805936073059,1.0,anomaly_detection,isolation_forest,isolation_forest,residual,pr_auc,0.0830385040627969,0.0848377809693776,-0.0017992769065806,0.0212084390471044,SUCCESS,101112
E5_DT1_PD05_SEED101112,1,0.05,0.0544805936073059,1.0,anomaly_detection,isolation_forest,isolation_forest,residual,roc_auc,0.6897617848311592,0.6919352570224903,-0.002173472191331,0.0031411496513182,SUCCESS,101112
E5_DT1_PD05_SEED101112,1,0.05,0.0544805936073059,1.0,anomaly_detection,isolation_forest,isolation_forest,residual,detection_latency,0.0,0.0,0.0,0.0,SUCCESS,101112
E5_DT1_PD05_SEED101112,1,0.05,0.0544805936073059,1.0,anomaly_detection,isolation_forest,isolation_forest,residual,threshold,0.2937656541960819,0.2937656541960819,0.0,0.0,SUCCESS,101112
E5_DT1_PD05_SEED101112,1,0.05,0.0544805936073059,1.0,anomaly_detection,lstm_autoencoder,lstm_autoencoder,raw,precision,0.4982578397212543,0.4982578397212543,0.0,0.0,SUCCESS,101112
E5_DT1_PD05_SEED101112,1,0.05,0.0544805936073059,1.0,anomaly_detection,lstm_autoencoder,lstm_autoencoder,raw,recall,0.5860655737704918,0.5860655737704918,0.0,0.0,SUCCESS,101112
E5_DT1_PD05_SEED101112,1,0.05,0.0544805936073059,1.0,anomaly_detection,lstm_autoencoder,lstm_autoencoder,raw,f1,0.5386064030131827,0.5386064030131827,0.0,0.0,SUCCESS,101112
E5_DT1_PD05_SEED101112,1,0.05,0.0544805936073059,1.0,anomaly_detection,lstm_autoencoder,lstm_autoencoder,raw,false_positive_rate,0.028731045490822,0.028731045490822,0.0,0.0,SUCCESS,101112
E5_DT1_PD05_SEED101112,1,0.05,0.0544805936073059,1.0,anomaly_detection,lstm_autoencoder,lstm_autoencoder,raw,pr_auc,0.561001698584242,0.561001698584242,0.0,0.0,SUCCESS,101112
E5_DT1_PD05_SEED101112,1,0.05,0.0544805936073059,1.0,anomaly_detection,lstm_autoencoder,lstm_autoencoder,raw,roc_auc,0.9493396177043946,0.9493396177043946,0.0,0.0,SUCCESS,101112
E5_DT1_PD05_SEED101112,1,0.05,0.0544805936073059,1.0,anomaly_detection,lstm_autoencoder,lstm_autoencoder,raw,detection_latency,1.3442622950819672,1.3442622950819672,0.0,0.0,SUCCESS,101112
E5_DT1_PD05_SEED101112,1,0.05,0.0544805936073059,1.0,anomaly_detection,lstm_autoencoder,lstm_autoencoder,raw,threshold,0.0007370078528765,0.0007370078528765,0.0,0.0,SUCCESS,101112
E5_DT1_PD05_SEED101112,1,0.05,0.0544805936073059,1.0,anomaly_detection,lstm_autoencoder,lstm_autoencoder,residual,precision,0.0464231354642313,0.0464231354642313,0.0,0.0,SUCCESS,101112
E5_DT1_PD05_SEED101112,1,0.05,0.0544805936073059,1.0,anomaly_detection,lstm_autoencoder,lstm_autoencoder,residual,recall,1.0,1.0,0.0,0.0,SUCCESS,101112
E5_DT1_PD05_SEED101112,1,0.05,0.0544805936073059,1.0,anomaly_detection,lstm_autoencoder,lstm_autoencoder,residual,f1,0.0887272727272727,0.0887272727272727,0.0,0.0,SUCCESS,101112
E5_DT1_PD05_SEED101112,1,0.05,0.0544805936073059,1.0,anomaly_detection,lstm_autoencoder,lstm_autoencoder,residual,false_positive_rate,1.0,1.0,0.0,0.0,SUCCESS,101112
E5_DT1_PD05_SEED101112,1,0.05,0.0544805936073059,1.0,anomaly_detection,lstm_autoencoder,lstm_autoencoder,residual,pr_auc,0.1327603159226355,0.1319000209425614,0.0008602949800741,-0.0065223263341919,SUCCESS,101112
E5_DT1_PD05_SEED101112,1,0.05,0.0544805936073059,1.0,anomaly_detection,lstm_autoencoder,lstm_autoencoder,residual,roc_auc,0.7422898159172084,0.7417419504664216,0.0005478654507868,-0.0007386200152794,SUCCESS,101112
E5_DT1_PD05_SEED101112,1,0.05,0.0544805936073059,1.0,anomaly_detection,lstm_autoencoder,lstm_autoencoder,residual,detection_latency,0.0,0.0,0.0,0.0,SUCCESS,101112
E5_DT1_PD05_SEED101112,1,0.05,0.0544805936073059,1.0,anomaly_detection,lstm_autoencoder,lstm_autoencoder,residual,threshold,0.0003816792741417,0.0003816792741417,0.0,0.0,SUCCESS,101112
E5_DT1_PD10_SEED101112,1,0.1,0.1105308219178082,1.0,load_estimation,persistence,,raw,mae,0.4461507113193994,0.4259453912122427,0.0202053201071566,0.0474364097464517,SUCCESS,101112
E5_DT1_PD10_SEED101112,1,0.1,0.1105308219178082,1.0,load_estimation,persistence,,raw,rmse,0.6079773975561282,0.5819721564703912,0.0260052410857369,0.0446846825859443,SUCCESS,101112
E5_DT1_PD10_SEED101112,1,0.1,0.1105308219178082,1.0,load_estimation,persistence,,raw,mape,13.884994864836248,13.286006475148488,0.5989883896877597,0.0450841560861925,SUCCESS,101112
E5_DT1_PD10_SEED101112,1,0.1,0.1105308219178082,1.0,load_estimation,persistence,,raw,r2,0.931747989030246,0.9374618546027488,-0.0057138655725028,-0.0060950379414894,SUCCESS,101112
E5_DT1_PD10_SEED101112,1,0.1,0.1105308219178082,1.0,load_estimation,xgboost,,raw,mae,0.2769916448600397,0.2731154812117145,0.0038761636483252,0.0141923981428225,SUCCESS,101112
E5_DT1_PD10_SEED101112,1,0.1,0.1105308219178082,1.0,load_estimation,xgboost,,raw,rmse,0.4119965406943331,0.4076096387383497,0.0043869019559833,0.0107625078974134,SUCCESS,101112
E5_DT1_PD10_SEED101112,1,0.1,0.1105308219178082,1.0,load_estimation,xgboost,,raw,mape,9.138342319636925,9.005682087543944,0.132660232092979,0.0147307256466965,SUCCESS,101112
E5_DT1_PD10_SEED101112,1,0.1,0.1105308219178082,1.0,load_estimation,xgboost,,raw,r2,0.9686579266356616,0.9693218282677428,-0.0006639016320811,-0.0006849135268805,SUCCESS,101112
E5_DT1_PD10_SEED101112,1,0.1,0.1105308219178082,1.0,load_estimation,lstm,,raw,mae,0.2788088297310874,0.2762261204479895,0.0025827092830978,0.0093499821049117,SUCCESS,101112
E5_DT1_PD10_SEED101112,1,0.1,0.1105308219178082,1.0,load_estimation,lstm,,raw,rmse,0.4118339597188782,0.4088705073983315,0.0029634523205467,0.007247899437412,SUCCESS,101112
E5_DT1_PD10_SEED101112,1,0.1,0.1105308219178082,1.0,load_estimation,lstm,,raw,mape,9.030408045267691,8.962657158047907,0.0677508872197858,0.0075592411965629,SUCCESS,101112
E5_DT1_PD10_SEED101112,1,0.1,0.1105308219178082,1.0,load_estimation,lstm,,raw,r2,0.9687679689712984,0.9692158273028284,-0.00044785833153,-0.0004620831799418,SUCCESS,101112
E5_DT1_PD10_SEED101112,1,0.1,0.1105308219178082,1.0,anomaly_detection,isolation_forest,isolation_forest,raw,precision,0.1164658634538152,0.1164658634538152,0.0,0.0,SUCCESS,101112
E5_DT1_PD10_SEED101112,1,0.1,0.1105308219178082,1.0,anomaly_detection,isolation_forest,isolation_forest,raw,recall,0.1188524590163934,0.1188524590163934,0.0,0.0,SUCCESS,101112
E5_DT1_PD10_SEED101112,1,0.1,0.1105308219178082,1.0,anomaly_detection,isolation_forest,isolation_forest,raw,f1,0.1176470588235294,0.1176470588235294,0.0,0.0,SUCCESS,101112
E5_DT1_PD10_SEED101112,1,0.1,0.1105308219178082,1.0,anomaly_detection,isolation_forest,isolation_forest,raw,false_positive_rate,0.0438946528332003,0.0438946528332003,0.0,0.0,SUCCESS,101112
E5_DT1_PD10_SEED101112,1,0.1,0.1105308219178082,1.0,anomaly_detection,isolation_forest,isolation_forest,raw,pr_auc,0.09385708598261,0.09385708598261,0.0,0.0,SUCCESS,101112
E5_DT1_PD10_SEED101112,1,0.1,0.1105308219178082,1.0,anomaly_detection,isolation_forest,isolation_forest,raw,roc_auc,0.7138596875695052,0.7138596875695052,0.0,0.0,SUCCESS,101112
E5_DT1_PD10_SEED101112,1,0.1,0.1105308219178082,1.0,anomaly_detection,isolation_forest,isolation_forest,raw,detection_latency,3.2459016393442623,3.2459016393442623,0.0,0.0,SUCCESS,101112
E5_DT1_PD10_SEED101112,1,0.1,0.1105308219178082,1.0,anomaly_detection,isolation_forest,isolation_forest,raw,threshold,0.5031683371451802,0.5031683371451802,0.0,0.0,SUCCESS,101112
E5_DT1_PD10_SEED101112,1,0.1,0.1105308219178082,1.0,anomaly_detection,isolation_forest,isolation_forest,residual,precision,0.0464231354642313,0.0464231354642313,0.0,0.0,SUCCESS,101112
E5_DT1_PD10_SEED101112,1,0.1,0.1105308219178082,1.0,anomaly_detection,isolation_forest,isolation_forest,residual,recall,1.0,1.0,0.0,0.0,SUCCESS,101112
E5_DT1_PD10_SEED101112,1,0.1,0.1105308219178082,1.0,anomaly_detection,isolation_forest,isolation_forest,residual,f1,0.0887272727272727,0.0887272727272727,0.0,0.0,SUCCESS,101112
E5_DT1_PD10_SEED101112,1,0.1,0.1105308219178082,1.0,anomaly_detection,isolation_forest,isolation_forest,residual,false_positive_rate,1.0,1.0,0.0,0.0,SUCCESS,101112
E5_DT1_PD10_SEED101112,1,0.1,0.1105308219178082,1.0,anomaly_detection,isolation_forest,isolation_forest,residual,pr_auc,0.0803766725270241,0.0848377809693776,-0.0044611084423535,0.0525839831190749,SUCCESS,101112
E5_DT1_PD10_SEED101112,1,0.1,0.1105308219178082,1.0,anomaly_detection,isolation_forest,isolation_forest,residual,roc_auc,0.6833713840880249,0.6919352570224903,-0.0085638729344653,0.0123766968766949,SUCCESS,101112
E5_DT1_PD10_SEED101112,1,0.1,0.1105308219178082,1.0,anomaly_detection,isolation_forest,isolation_forest,residual,detection_latency,0.0,0.0,0.0,0.0,SUCCESS,101112
E5_DT1_PD10_SEED101112,1,0.1,0.1105308219178082,1.0,anomaly_detection,isolation_forest,isolation_forest,residual,threshold,0.2937656541960819,0.2937656541960819,0.0,0.0,SUCCESS,101112
E5_DT1_PD10_SEED101112,1,0.1,0.1105308219178082,1.0,anomaly_detection,lstm_autoencoder,lstm_autoencoder,raw,precision,0.4982578397212543,0.4982578397212543,0.0,0.0,SUCCESS,101112
E5_DT1_PD10_SEED101112,1,0.1,0.1105308219178082,1.0,anomaly_detection,lstm_autoencoder,lstm_autoencoder,raw,recall,0.5860655737704918,0.5860655737704918,0.0,0.0,SUCCESS,101112
E5_DT1_PD10_SEED101112,1,0.1,0.1105308219178082,1.0,anomaly_detection,lstm_autoencoder,lstm_autoencoder,raw,f1,0.5386064030131827,0.5386064030131827,0.0,0.0,SUCCESS,101112
E5_DT1_PD10_SEED101112,1,0.1,0.1105308219178082,1.0,anomaly_detection,lstm_autoencoder,lstm_autoencoder,raw,false_positive_rate,0.028731045490822,0.028731045490822,0.0,0.0,SUCCESS,101112
E5_DT1_PD10_SEED101112,1,0.1,0.1105308219178082,1.0,anomaly_detection,lstm_autoencoder,lstm_autoencoder,raw,pr_auc,0.561001698584242,0.561001698584242,0.0,0.0,SUCCESS,101112
E5_DT1_PD10_SEED101112,1,0.1,0.1105308219178082,1.0,anomaly_detection,lstm_autoencoder,lstm_autoencoder,raw,roc_auc,0.9493396177043946,0.9493396177043946,0.0,0.0,SUCCESS,101112
E5_DT1_PD10_SEED101112,1,0.1,0.1105308219178082,1.0,anomaly_detection,lstm_autoencoder,lstm_autoencoder,raw,detection_latency,1.3442622950819672,1.3442622950819672,0.0,0.0,SUCCESS,101112
E5_DT1_PD10_SEED101112,1,0.1,0.1105308219178082,1.0,anomaly_detection,lstm_autoencoder,lstm_autoencoder,raw,threshold,0.0007370078528765,0.0007370078528765,0.0,0.0,SUCCESS,101112
E5_DT1_PD10_SEED101112,1,0.1,0.1105308219178082,1.0,anomaly_detection,lstm_autoencoder,lstm_autoencoder,residual,precision,0.0464231354642313,0.0464231354642313,0.0,0.0,SUCCESS,101112
E5_DT1_PD10_SEED101112,1,0.1,0.1105308219178082,1.0,anomaly_detection,lstm_autoencoder,lstm_autoencoder,residual,recall,1.0,1.0,0.0,0.0,SUCCESS,101112
E5_DT1_PD10_SEED101112,1,0.1,0.1105308219178082,1.0,anomaly_detection,lstm_autoencoder,lstm_autoencoder,residual,f1,0.0887272727272727,0.0887272727272727,0.0,0.0,SUCCESS,101112
E5_DT1_PD10_SEED101112,1,0.1,0.1105308219178082,1.0,anomaly_detection,lstm_autoencoder,lstm_autoencoder,residual,false_positive_rate,1.0,1.0,0.0,0.0,SUCCESS,101112
E5_DT1_PD10_SEED101112,1,0.1,0.1105308219178082,1.0,anomaly_detection,lstm_autoencoder,lstm_autoencoder,residual,pr_auc,0.1323143299181876,0.1319000209425614,0.0004143089756262,-0.0031410834711439,SUCCESS,101112
E5_DT1_PD10_SEED101112,1,0.1,0.1105308219178082,1.0,anomaly_detection,lstm_autoencoder,lstm_autoencoder,residual,roc_auc,0.7435891565161645,0.7417419504664216,0.0018472060497429,-0.0024903621112186,SUCCESS,101112
E5_DT1_PD10_SEED101112,1,0.1,0.1105308219178082,1.0,anomaly_detection,lstm_autoencoder,lstm_autoencoder,residual,detection_latency,0.0,0.0,0.0,0.0,SUCCESS,101112
E5_DT1_PD10_SEED101112,1,0.1,0.1105308219178082,1.0,anomaly_detection,lstm_autoencoder,lstm_autoencoder,residual,threshold,0.0003816792741417,0.0003816792741417,0.0,0.0,SUCCESS,101112
E5_DT1_PD20_SEED101112,1,0.2,0.2508276255707762,1.0,load_estimation,persistence,,raw,mae,0.4770304416185826,0.4259453912122427,0.0510850504063398,0.1199333329114128,SUCCESS,101112
E5_DT1_PD20_SEED101112,1,0.2,0.2508276255707762,1.0,load_estimation,persistence,,raw,rmse,0.6480883699106799,0.5819721564703912,0.0661162134402886,0.1136071764004613,SUCCESS,101112
E5_DT1_PD20_SEED101112,1,0.2,0.2508276255707762,1.0,load_estimation,persistence,,raw,mape,14.694883121170529,13.286006475148488,1.4088766460220388,0.1060421465740925,SUCCESS,101112
E5_DT1_PD20_SEED101112,1,0.2,0.2508276255707762,1.0,load_estimation,persistence,,raw,r2,0.922445136135814,0.9374618546027488,-0.0150167184669346,-0.016018484798294,SUCCESS,101112
E5_DT1_PD20_SEED101112,1,0.2,0.2508276255707762,1.0,load_estimation,xgboost,,raw,mae,0.282902440660076,0.2731154812117145,0.0097869594483614,0.0358345100209636,SUCCESS,101112
E5_DT1_PD20_SEED101112,1,0.2,0.2508276255707762,1.0,load_estimation,xgboost,,raw,rmse,0.4202201738784407,0.4076096387383497,0.0126105351400909,0.0309377746294803,SUCCESS,101112
E5_DT1_PD20_SEED101112,1,0.2,0.2508276255707762,1.0,load_estimation,xgboost,,raw,mape,9.30155204264908,9.005682087543944,0.295869955105136,0.0328536975021984,SUCCESS,101112
E5_DT1_PD20_SEED101112,1,0.2,0.2508276255707762,1.0,load_estimation,xgboost,,raw,r2,0.9673942360552856,0.9693218282677428,-0.0019275922124571,-0.0019885987875687,SUCCESS,101112
E5_DT1_PD20_SEED101112,1,0.2,0.2508276255707762,1.0,load_estimation,lstm,,raw,mae,0.2860875367753801,0.2762261204479895,0.0098614163273906,0.0357005206871716,SUCCESS,101112
E5_DT1_PD20_SEED101112,1,0.2,0.2508276255707762,1.0,load_estimation,lstm,,raw,rmse,0.4196850795801488,0.4088705073983315,0.0108145721818173,0.026449871013273,SUCCESS,101112
E5_DT1_PD20_SEED101112,1,0.2,0.2508276255707762,1.0,load_estimation,lstm,,raw,mape,9.20082217783598,8.962657158047907,0.2381650197880738,0.0265730369452117,SUCCESS,101112
E5_DT1_PD20_SEED101112,1,0.2,0.2508276255707762,1.0,load_estimation,lstm,,raw,r2,0.9675658160345202,0.9692158273028284,-0.0016500112683082,-0.0017024188233697,SUCCESS,101112
E5_DT1_PD20_SEED101112,1,0.2,0.2508276255707762,1.0,anomaly_detection,isolation_forest,isolation_forest,raw,precision,0.1164658634538152,0.1164658634538152,0.0,0.0,SUCCESS,101112
E5_DT1_PD20_SEED101112,1,0.2,0.2508276255707762,1.0,anomaly_detection,isolation_forest,isolation_forest,raw,recall,0.1188524590163934,0.1188524590163934,0.0,0.0,SUCCESS,101112
E5_DT1_PD20_SEED101112,1,0.2,0.2508276255707762,1.0,anomaly_detection,isolation_forest,isolation_forest,raw,f1,0.1176470588235294,0.1176470588235294,0.0,0.0,SUCCESS,101112
E5_DT1_PD20_SEED101112,1,0.2,0.2508276255707762,1.0,anomaly_detection,isolation_forest,isolation_forest,raw,false_positive_rate,0.0438946528332003,0.0438946528332003,0.0,0.0,SUCCESS,101112
E5_DT1_PD20_SEED101112,1,0.2,0.2508276255707762,1.0,anomaly_detection,isolation_forest,isolation_forest,raw,pr_auc,0.09385708598261,0.09385708598261,0.0,0.0,SUCCESS,101112
E5_DT1_PD20_SEED101112,1,0.2,0.2508276255707762,1.0,anomaly_detection,isolation_forest,isolation_forest,raw,roc_auc,0.7138596875695052,0.7138596875695052,0.0,0.0,SUCCESS,101112
E5_DT1_PD20_SEED101112,1,0.2,0.2508276255707762,1.0,anomaly_detection,isolation_forest,isolation_forest,raw,detection_latency,3.2459016393442623,3.2459016393442623,0.0,0.0,SUCCESS,101112
E5_DT1_PD20_SEED101112,1,0.2,0.2508276255707762,1.0,anomaly_detection,isolation_forest,isolation_forest,raw,threshold,0.5031683371451802,0.5031683371451802,0.0,0.0,SUCCESS,101112
E5_DT1_PD20_SEED101112,1,0.2,0.2508276255707762,1.0,anomaly_detection,isolation_forest,isolation_forest,residual,precision,0.0464231354642313,0.0464231354642313,0.0,0.0,SUCCESS,101112
E5_DT1_PD20_SEED101112,1,0.2,0.2508276255707762,1.0,anomaly_detection,isolation_forest,isolation_forest,residual,recall,1.0,1.0,0.0,0.0,SUCCESS,101112
E5_DT1_PD20_SEED101112,1,0.2,0.2508276255707762,1.0,anomaly_detection,isolation_forest,isolation_forest,residual,f1,0.0887272727272727,0.0887272727272727,0.0,0.0,SUCCESS,101112
E5_DT1_PD20_SEED101112,1,0.2,0.2508276255707762,1.0,anomaly_detection,isolation_forest,isolation_forest,residual,false_positive_rate,1.0,1.0,0.0,0.0,SUCCESS,101112
E5_DT1_PD20_SEED101112,1,0.2,0.2508276255707762,1.0,anomaly_detection,isolation_forest,isolation_forest,residual,pr_auc,0.0939425627585607,0.0848377809693776,0.0091047817891831,-0.1073198955129381,SUCCESS,101112
E5_DT1_PD20_SEED101112,1,0.2,0.2508276255707762,1.0,anomaly_detection,isolation_forest,isolation_forest,residual,roc_auc,0.6823942210825167,0.6919352570224903,-0.0095410359399735,0.0137889142707226,SUCCESS,101112
E5_DT1_PD20_SEED101112,1,0.2,0.2508276255707762,1.0,anomaly_detection,isolation_forest,isolation_forest,residual,detection_latency,0.0,0.0,0.0,0.0,SUCCESS,101112
E5_DT1_PD20_SEED101112,1,0.2,0.2508276255707762,1.0,anomaly_detection,isolation_forest,isolation_forest,residual,threshold,0.2937656541960819,0.2937656541960819,0.0,0.0,SUCCESS,101112
E5_DT1_PD20_SEED101112,1,0.2,0.2508276255707762,1.0,anomaly_detection,lstm_autoencoder,lstm_autoencoder,raw,precision,0.4982578397212543,0.4982578397212543,0.0,0.0,SUCCESS,101112
E5_DT1_PD20_SEED101112,1,0.2,0.2508276255707762,1.0,anomaly_detection,lstm_autoencoder,lstm_autoencoder,raw,recall,0.5860655737704918,0.5860655737704918,0.0,0.0,SUCCESS,101112
E5_DT1_PD20_SEED101112,1,0.2,0.2508276255707762,1.0,anomaly_detection,lstm_autoencoder,lstm_autoencoder,raw,f1,0.5386064030131827,0.5386064030131827,0.0,0.0,SUCCESS,101112
E5_DT1_PD20_SEED101112,1,0.2,0.2508276255707762,1.0,anomaly_detection,lstm_autoencoder,lstm_autoencoder,raw,false_positive_rate,0.028731045490822,0.028731045490822,0.0,0.0,SUCCESS,101112
E5_DT1_PD20_SEED101112,1,0.2,0.2508276255707762,1.0,anomaly_detection,lstm_autoencoder,lstm_autoencoder,raw,pr_auc,0.561001698584242,0.561001698584242,0.0,0.0,SUCCESS,101112
E5_DT1_PD20_SEED101112,1,0.2,0.2508276255707762,1.0,anomaly_detection,lstm_autoencoder,lstm_autoencoder,raw,roc_auc,0.9493396177043946,0.9493396177043946,0.0,0.0,SUCCESS,101112
E5_DT1_PD20_SEED101112,1,0.2,0.2508276255707762,1.0,anomaly_detection,lstm_autoencoder,lstm_autoencoder,raw,detection_latency,1.3442622950819672,1.3442622950819672,0.0,0.0,SUCCESS,101112
E5_DT1_PD20_SEED101112,1,0.2,0.2508276255707762,1.0,anomaly_detection,lstm_autoencoder,lstm_autoencoder,raw,threshold,0.0007370078528765,0.0007370078528765,0.0,0.0,SUCCESS,101112
E5_DT1_PD20_SEED101112,1,0.2,0.2508276255707762,1.0,anomaly_detection,lstm_autoencoder,lstm_autoencoder,residual,precision,0.0464231354642313,0.0464231354642313,0.0,0.0,SUCCESS,101112
E5_DT1_PD20_SEED101112,1,0.2,0.2508276255707762,1.0,anomaly_detection,lstm_autoencoder,lstm_autoencoder,residual,recall,1.0,1.0,0.0,0.0,SUCCESS,101112
E5_DT1_PD20_SEED101112,1,0.2,0.2508276255707762,1.0,anomaly_detection,lstm_autoencoder,lstm_autoencoder,residual,f1,0.0887272727272727,0.0887272727272727,0.0,0.0,SUCCESS,101112
E5_DT1_PD20_SEED101112,1,0.2,0.2508276255707762,1.0,anomaly_detection,lstm_autoencoder,lstm_autoencoder,residual,false_positive_rate,1.0,1.0,0.0,0.0,SUCCESS,101112
E5_DT1_PD20_SEED101112,1,0.2,0.2508276255707762,1.0,anomaly_detection,lstm_autoencoder,lstm_autoencoder,residual,pr_auc,0.1353981160977036,0.1319000209425614,0.0034980951551421,-0.026520808185963,SUCCESS,101112
E5_DT1_PD20_SEED101112,1,0.2,0.2508276255707762,1.0,anomaly_detection,lstm_autoencoder,lstm_autoencoder,residual,roc_auc,0.7443414493739616,0.7417419504664216,0.00259949890754,-0.0035045866098114,SUCCESS,101112
E5_DT1_PD20_SEED101112,1,0.2,0.2508276255707762,1.0,anomaly_detection,lstm_autoencoder,lstm_autoencoder,residual,detection_latency,0.0,0.0,0.0,0.0,SUCCESS,101112
E5_DT1_PD20_SEED101112,1,0.2,0.2508276255707762,1.0,anomaly_detection,lstm_autoencoder,lstm_autoencoder,residual,threshold,0.0003816792741417,0.0003816792741417,0.0,0.0,SUCCESS,101112
E5_DT5_PD00_SEED101112,5,0.0,2.0,4.0,load_estimation,persistence,,raw,mae,0.8313313724198116,0.4259453912122427,0.4053859812075688,0.95173228674652,SUCCESS,101112
E5_DT5_PD00_SEED101112,5,0.0,2.0,4.0,load_estimation,persistence,,raw,rmse,1.098393488787919,0.5819721564703912,0.5164213323175277,0.8873643293342015,SUCCESS,101112
E5_DT5_PD00_SEED101112,5,0.0,2.0,4.0,load_estimation,persistence,,raw,mape,24.00331914685436,13.286006475148488,10.717312671705873,0.8066617076961865,SUCCESS,101112
E5_DT5_PD00_SEED101112,5,0.0,2.0,4.0,load_estimation,persistence,,raw,r2,0.777230113620099,0.9374618546027488,-0.1602317409826498,-0.170920811546565,SUCCESS,101112
E5_DT5_PD00_SEED101112,5,0.0,2.0,4.0,load_estimation,xgboost,,raw,mae,0.4985454064798137,0.2731154812117145,0.2254299252680991,0.8254014904902066,SUCCESS,101112
E5_DT5_PD00_SEED101112,5,0.0,2.0,4.0,load_estimation,xgboost,,raw,rmse,0.6903464195119051,0.4076096387383497,0.2827367807735553,0.6936459639391599,SUCCESS,101112
E5_DT5_PD00_SEED101112,5,0.0,2.0,4.0,load_estimation,xgboost,,raw,mape,14.74498499773318,9.005682087543944,5.739302910189236,0.6372979697037557,SUCCESS,101112
E5_DT5_PD00_SEED101112,5,0.0,2.0,4.0,load_estimation,xgboost,,raw,r2,0.9120016078123858,0.9693218282677428,-0.057320220455357,-0.0591343543328565,SUCCESS,101112
E5_DT5_PD00_SEED101112,5,0.0,2.0,4.0,load_estimation,lstm,,raw,mae,0.5497740135807028,0.2762261204479895,0.2735478931327132,0.9903042213714888,SUCCESS,101112
E5_DT5_PD00_SEED101112,5,0.0,2.0,4.0,load_estimation,lstm,,raw,rmse,0.7166858951447286,0.4088705073983315,0.3078153877463971,0.7528432160711361,SUCCESS,101112
E5_DT5_PD00_SEED101112,5,0.0,2.0,4.0,load_estimation,lstm,,raw,mape,15.58599445405681,8.962657158047907,6.623337296008902,0.7389925977545128,SUCCESS,101112
E5_DT5_PD00_SEED101112,5,0.0,2.0,4.0,load_estimation,lstm,,raw,r2,0.9054168810685048,0.9692158273028284,-0.0637989462343234,-0.0658253243881351,SUCCESS,101112
E5_DT5_PD00_SEED101112,5,0.0,2.0,4.0,anomaly_detection,isolation_forest,isolation_forest,raw,precision,0.1164658634538152,0.1164658634538152,0.0,0.0,SUCCESS,101112
E5_DT5_PD00_SEED101112,5,0.0,2.0,4.0,anomaly_detection,isolation_forest,isolation_forest,raw,recall,0.1188524590163934,0.1188524590163934,0.0,0.0,SUCCESS,101112
E5_DT5_PD00_SEED101112,5,0.0,2.0,4.0,anomaly_detection,isolation_forest,isolation_forest,raw,f1,0.1176470588235294,0.1176470588235294,0.0,0.0,SUCCESS,101112
E5_DT5_PD00_SEED101112,5,0.0,2.0,4.0,anomaly_detection,isolation_forest,isolation_forest,raw,false_positive_rate,0.0438946528332003,0.0438946528332003,0.0,0.0,SUCCESS,101112
E5_DT5_PD00_SEED101112,5,0.0,2.0,4.0,anomaly_detection,isolation_forest,isolation_forest,raw,pr_auc,0.09385708598261,0.09385708598261,0.0,0.0,SUCCESS,101112
E5_DT5_PD00_SEED101112,5,0.0,2.0,4.0,anomaly_detection,isolation_forest,isolation_forest,raw,roc_auc,0.7138596875695052,0.7138596875695052,0.0,0.0,SUCCESS,101112
E5_DT5_PD00_SEED101112,5,0.0,2.0,4.0,anomaly_detection,isolation_forest,isolation_forest,raw,detection_latency,3.2459016393442623,3.2459016393442623,0.0,0.0,SUCCESS,101112
E5_DT5_PD00_SEED101112,5,0.0,2.0,4.0,anomaly_detection,isolation_forest,isolation_forest,raw,threshold,0.5031683371451802,0.5031683371451802,0.0,0.0,SUCCESS,101112
E5_DT5_PD00_SEED101112,5,0.0,2.0,4.0,anomaly_detection,isolation_forest,isolation_forest,residual,precision,0.0464231354642313,0.0464231354642313,0.0,0.0,SUCCESS,101112
E5_DT5_PD00_SEED101112,5,0.0,2.0,4.0,anomaly_detection,isolation_forest,isolation_forest,residual,recall,1.0,1.0,0.0,0.0,SUCCESS,101112
E5_DT5_PD00_SEED101112,5,0.0,2.0,4.0,anomaly_detection,isolation_forest,isolation_forest,residual,f1,0.0887272727272727,0.0887272727272727,0.0,0.0,SUCCESS,101112
E5_DT5_PD00_SEED101112,5,0.0,2.0,4.0,anomaly_detection,isolation_forest,isolation_forest,residual,false_positive_rate,1.0,1.0,0.0,0.0,SUCCESS,101112
E5_DT5_PD00_SEED101112,5,0.0,2.0,4.0,anomaly_detection,isolation_forest,isolation_forest,residual,pr_auc,0.0571165046848588,0.0848377809693776,-0.0277212762845187,0.3267562631621026,SUCCESS,101112
E5_DT5_PD00_SEED101112,5,0.0,2.0,4.0,anomaly_detection,isolation_forest,isolation_forest,residual,roc_auc,0.6021666852014183,0.6919352570224903,-0.089768571821072,0.1297355076360189,SUCCESS,101112
E5_DT5_PD00_SEED101112,5,0.0,2.0,4.0,anomaly_detection,isolation_forest,isolation_forest,residual,detection_latency,0.0,0.0,0.0,0.0,SUCCESS,101112
E5_DT5_PD00_SEED101112,5,0.0,2.0,4.0,anomaly_detection,isolation_forest,isolation_forest,residual,threshold,0.2937656541960819,0.2937656541960819,0.0,0.0,SUCCESS,101112
E5_DT5_PD00_SEED101112,5,0.0,2.0,4.0,anomaly_detection,lstm_autoencoder,lstm_autoencoder,raw,precision,0.4982578397212543,0.4982578397212543,0.0,0.0,SUCCESS,101112
E5_DT5_PD00_SEED101112,5,0.0,2.0,4.0,anomaly_detection,lstm_autoencoder,lstm_autoencoder,raw,recall,0.5860655737704918,0.5860655737704918,0.0,0.0,SUCCESS,101112
E5_DT5_PD00_SEED101112,5,0.0,2.0,4.0,anomaly_detection,lstm_autoencoder,lstm_autoencoder,raw,f1,0.5386064030131827,0.5386064030131827,0.0,0.0,SUCCESS,101112
E5_DT5_PD00_SEED101112,5,0.0,2.0,4.0,anomaly_detection,lstm_autoencoder,lstm_autoencoder,raw,false_positive_rate,0.028731045490822,0.028731045490822,0.0,0.0,SUCCESS,101112
E5_DT5_PD00_SEED101112,5,0.0,2.0,4.0,anomaly_detection,lstm_autoencoder,lstm_autoencoder,raw,pr_auc,0.561001698584242,0.561001698584242,0.0,0.0,SUCCESS,101112
E5_DT5_PD00_SEED101112,5,0.0,2.0,4.0,anomaly_detection,lstm_autoencoder,lstm_autoencoder,raw,roc_auc,0.9493396177043946,0.9493396177043946,0.0,0.0,SUCCESS,101112
E5_DT5_PD00_SEED101112,5,0.0,2.0,4.0,anomaly_detection,lstm_autoencoder,lstm_autoencoder,raw,detection_latency,1.3442622950819672,1.3442622950819672,0.0,0.0,SUCCESS,101112
E5_DT5_PD00_SEED101112,5,0.0,2.0,4.0,anomaly_detection,lstm_autoencoder,lstm_autoencoder,raw,threshold,0.0007370078528765,0.0007370078528765,0.0,0.0,SUCCESS,101112
E5_DT5_PD00_SEED101112,5,0.0,2.0,4.0,anomaly_detection,lstm_autoencoder,lstm_autoencoder,residual,precision,0.0464231354642313,0.0464231354642313,0.0,0.0,SUCCESS,101112
E5_DT5_PD00_SEED101112,5,0.0,2.0,4.0,anomaly_detection,lstm_autoencoder,lstm_autoencoder,residual,recall,1.0,1.0,0.0,0.0,SUCCESS,101112
E5_DT5_PD00_SEED101112,5,0.0,2.0,4.0,anomaly_detection,lstm_autoencoder,lstm_autoencoder,residual,f1,0.0887272727272727,0.0887272727272727,0.0,0.0,SUCCESS,101112
E5_DT5_PD00_SEED101112,5,0.0,2.0,4.0,anomaly_detection,lstm_autoencoder,lstm_autoencoder,residual,false_positive_rate,1.0,1.0,0.0,0.0,SUCCESS,101112
E5_DT5_PD00_SEED101112,5,0.0,2.0,4.0,anomaly_detection,lstm_autoencoder,lstm_autoencoder,residual,pr_auc,0.1244056932190602,0.1319000209425614,-0.0074943277235011,0.0568182451370855,SUCCESS,101112
E5_DT5_PD00_SEED101112,5,0.0,2.0,4.0,anomaly_detection,lstm_autoencoder,lstm_autoencoder,residual,roc_auc,0.6868679104575249,0.7417419504664216,-0.0548740400088966,0.0739799602468092,SUCCESS,101112
E5_DT5_PD00_SEED101112,5,0.0,2.0,4.0,anomaly_detection,lstm_autoencoder,lstm_autoencoder,residual,detection_latency,0.0,0.0,0.0,0.0,SUCCESS,101112
E5_DT5_PD00_SEED101112,5,0.0,2.0,4.0,anomaly_detection,lstm_autoencoder,lstm_autoencoder,residual,threshold,0.0003816792741417,0.0003816792741417,0.0,0.0,SUCCESS,101112
E5_DT5_PD05_SEED101112,5,0.05,2.0327910958904107,4.0,load_estimation,persistence,,raw,mae,0.8327933131877328,0.4259453912122427,0.40684792197549,0.9551645125625112,SUCCESS,101112
E5_DT5_PD05_SEED101112,5,0.05,2.0327910958904107,4.0,load_estimation,persistence,,raw,rmse,1.1019882651976125,0.5819721564703912,0.5200161087272213,0.8935412166126162,SUCCESS,101112
E5_DT5_PD05_SEED101112,5,0.05,2.0327910958904107,4.0,load_estimation,persistence,,raw,mape,23.86819522631294,13.286006475148488,10.582188751164454,0.7964913136959904,SUCCESS,101112
E5_DT5_PD05_SEED101112,5,0.05,2.0327910958904107,4.0,load_estimation,persistence,,raw,r2,0.7757695835533407,0.9374618546027488,-0.1616922710494081,-0.1724787736754638,SUCCESS,101112
E5_DT5_PD05_SEED101112,5,0.05,2.0327910958904107,4.0,load_estimation,xgboost,,raw,mae,0.5064168739128331,0.2731154812117145,0.2333013927011185,0.854222513004553,SUCCESS,101112
E5_DT5_PD05_SEED101112,5,0.05,2.0327910958904107,4.0,load_estimation,xgboost,,raw,rmse,0.7023947492978486,0.4076096387383497,0.2947851105594988,0.7232044646243645,SUCCESS,101112
E5_DT5_PD05_SEED101112,5,0.05,2.0327910958904107,4.0,load_estimation,xgboost,,raw,mape,14.808236313175364,9.005682087543944,5.80255422563142,0.6443214594102898,SUCCESS,101112
E5_DT5_PD05_SEED101112,5,0.05,2.0327910958904107,4.0,load_estimation,xgboost,,raw,r2,0.9089032052463816,0.9693218282677428,-0.0604186230213613,-0.0623308185779065,SUCCESS,101112
E5_DT5_PD05_SEED101112,5,0.05,2.0327910958904107,4.0,load_estimation,lstm,,raw,mae,0.561442257135611,0.2762261204479895,0.2852161366876215,1.0325458585344929,SUCCESS,101112
E5_DT5_PD05_SEED101112,5,0.05,2.0327910958904107,4.0,load_estimation,lstm,,raw,rmse,0.7297332638494236,0.4088705073983315,0.3208627564510921,0.784753976247301,SUCCESS,101112
E5_DT5_PD05_SEED101112,5,0.05,2.0327910958904107,4.0,load_estimation,lstm,,raw,mape,15.833465887095038,8.962657158047907,6.8708087290471305,0.7666039889607484,SUCCESS,101112
E5_DT5_PD05_SEED101112,5,0.05,2.0327910958904107,4.0,load_estimation,lstm,,raw,r2,0.9019417353712156,0.9692158273028284,-0.0672740919316128,-0.0694108474464617,SUCCESS,101112
E5_DT5_PD05_SEED101112,5,0.05,2.0327910958904107,4.0,anomaly_detection,isolation_forest,isolation_forest,raw,precision,0.1164658634538152,0.1164658634538152,0.0,0.0,SUCCESS,101112
E5_DT5_PD05_SEED101112,5,0.05,2.0327910958904107,4.0,anomaly_detection,isolation_forest,isolation_forest,raw,recall,0.1188524590163934,0.1188524590163934,0.0,0.0,SUCCESS,101112
E5_DT5_PD05_SEED101112,5,0.05,2.0327910958904107,4.0,anomaly_detection,isolation_forest,isolation_forest,raw,f1,0.1176470588235294,0.1176470588235294,0.0,0.0,SUCCESS,101112
E5_DT5_PD05_SEED101112,5,0.05,2.0327910958904107,4.0,anomaly_detection,isolation_forest,isolation_forest,raw,false_positive_rate,0.0438946528332003,0.0438946528332003,0.0,0.0,SUCCESS,101112
E5_DT5_PD05_SEED101112,5,0.05,2.0327910958904107,4.0,anomaly_detection,isolation_forest,isolation_forest,raw,pr_auc,0.09385708598261,0.09385708598261,0.0,0.0,SUCCESS,101112
E5_DT5_PD05_SEED101112,5,0.05,2.0327910958904107,4.0,anomaly_detection,isolation_forest,isolation_forest,raw,roc_auc,0.7138596875695052,0.7138596875695052,0.0,0.0,SUCCESS,101112
E5_DT5_PD05_SEED101112,5,0.05,2.0327910958904107,4.0,anomaly_detection,isolation_forest,isolation_forest,raw,detection_latency,3.2459016393442623,3.2459016393442623,0.0,0.0,SUCCESS,101112
E5_DT5_PD05_SEED101112,5,0.05,2.0327910958904107,4.0,anomaly_detection,isolation_forest,isolation_forest,raw,threshold,0.5031683371451802,0.5031683371451802,0.0,0.0,SUCCESS,101112
E5_DT5_PD05_SEED101112,5,0.05,2.0327910958904107,4.0,anomaly_detection,isolation_forest,isolation_forest,residual,precision,0.0464231354642313,0.0464231354642313,0.0,0.0,SUCCESS,101112
E5_DT5_PD05_SEED101112,5,0.05,2.0327910958904107,4.0,anomaly_detection,isolation_forest,isolation_forest,residual,recall,1.0,1.0,0.0,0.0,SUCCESS,101112
E5_DT5_PD05_SEED101112,5,0.05,2.0327910958904107,4.0,anomaly_detection,isolation_forest,isolation_forest,residual,f1,0.0887272727272727,0.0887272727272727,0.0,0.0,SUCCESS,101112
E5_DT5_PD05_SEED101112,5,0.05,2.0327910958904107,4.0,anomaly_detection,isolation_forest,isolation_forest,residual,false_positive_rate,1.0,1.0,0.0,0.0,SUCCESS,101112
E5_DT5_PD05_SEED101112,5,0.05,2.0327910958904107,4.0,anomaly_detection,isolation_forest,isolation_forest,residual,pr_auc,0.0570536254702976,0.0848377809693776,-0.02778415549908,0.3274974331201423,SUCCESS,101112
E5_DT5_PD05_SEED101112,5,0.05,2.0327910958904107,4.0,anomaly_detection,isolation_forest,isolation_forest,residual,roc_auc,0.6068398957256682,0.6919352570224903,-0.085095361296822,0.1229816813541214,SUCCESS,101112
E5_DT5_PD05_SEED101112,5,0.05,2.0327910958904107,4.0,anomaly_detection,isolation_forest,isolation_forest,residual,detection_latency,0.0,0.0,0.0,0.0,SUCCESS,101112
E5_DT5_PD05_SEED101112,5,0.05,2.0327910958904107,4.0,anomaly_detection,isolation_forest,isolation_forest,residual,threshold,0.2937656541960819,0.2937656541960819,0.0,0.0,SUCCESS,101112
E5_DT5_PD05_SEED101112,5,0.05,2.0327910958904107,4.0,anomaly_detection,lstm_autoencoder,lstm_autoencoder,raw,precision,0.4982578397212543,0.4982578397212543,0.0,0.0,SUCCESS,101112
E5_DT5_PD05_SEED101112,5,0.05,2.0327910958904107,4.0,anomaly_detection,lstm_autoencoder,lstm_autoencoder,raw,recall,0.5860655737704918,0.5860655737704918,0.0,0.0,SUCCESS,101112
E5_DT5_PD05_SEED101112,5,0.05,2.0327910958904107,4.0,anomaly_detection,lstm_autoencoder,lstm_autoencoder,raw,f1,0.5386064030131827,0.5386064030131827,0.0,0.0,SUCCESS,101112
E5_DT5_PD05_SEED101112,5,0.05,2.0327910958904107,4.0,anomaly_detection,lstm_autoencoder,lstm_autoencoder,raw,false_positive_rate,0.028731045490822,0.028731045490822,0.0,0.0,SUCCESS,101112
E5_DT5_PD05_SEED101112,5,0.05,2.0327910958904107,4.0,anomaly_detection,lstm_autoencoder,lstm_autoencoder,raw,pr_auc,0.561001698584242,0.561001698584242,0.0,0.0,SUCCESS,101112
E5_DT5_PD05_SEED101112,5,0.05,2.0327910958904107,4.0,anomaly_detection,lstm_autoencoder,lstm_autoencoder,raw,roc_auc,0.9493396177043946,0.9493396177043946,0.0,0.0,SUCCESS,101112
E5_DT5_PD05_SEED101112,5,0.05,2.0327910958904107,4.0,anomaly_detection,lstm_autoencoder,lstm_autoencoder,raw,detection_latency,1.3442622950819672,1.3442622950819672,0.0,0.0,SUCCESS,101112
E5_DT5_PD05_SEED101112,5,0.05,2.0327910958904107,4.0,anomaly_detection,lstm_autoencoder,lstm_autoencoder,raw,threshold,0.0007370078528765,0.0007370078528765,0.0,0.0,SUCCESS,101112
E5_DT5_PD05_SEED101112,5,0.05,2.0327910958904107,4.0,anomaly_detection,lstm_autoencoder,lstm_autoencoder,residual,precision,0.0464231354642313,0.0464231354642313,0.0,0.0,SUCCESS,101112
E5_DT5_PD05_SEED101112,5,0.05,2.0327910958904107,4.0,anomaly_detection,lstm_autoencoder,lstm_autoencoder,residual,recall,1.0,1.0,0.0,0.0,SUCCESS,101112
E5_DT5_PD05_SEED101112,5,0.05,2.0327910958904107,4.0,anomaly_detection,lstm_autoencoder,lstm_autoencoder,residual,f1,0.0887272727272727,0.0887272727272727,0.0,0.0,SUCCESS,101112
E5_DT5_PD05_SEED101112,5,0.05,2.0327910958904107,4.0,anomaly_detection,lstm_autoencoder,lstm_autoencoder,residual,false_positive_rate,1.0,1.0,0.0,0.0,SUCCESS,101112
E5_DT5_PD05_SEED101112,5,0.05,2.0327910958904107,4.0,anomaly_detection,lstm_autoencoder,lstm_autoencoder,residual,pr_auc,0.1481028592837289,0.1319000209425614,0.0162028383411675,-0.122841817805498,SUCCESS,101112
E5_DT5_PD05_SEED101112,5,0.05,2.0327910958904107,4.0,anomaly_detection,lstm_autoencoder,lstm_autoencoder,residual,roc_auc,0.7195525819999216,0.7417419504664216,-0.0221893684664999,0.0299152130367534,SUCCESS,101112
E5_DT5_PD05_SEED101112,5,0.05,2.0327910958904107,4.0,anomaly_detection,lstm_autoencoder,lstm_autoencoder,residual,detection_latency,0.0,0.0,0.0,0.0,SUCCESS,101112
E5_DT5_PD05_SEED101112,5,0.05,2.0327910958904107,4.0,anomaly_detection,lstm_autoencoder,lstm_autoencoder,residual,threshold,0.0003816792741417,0.0003816792741417,0.0,0.0,SUCCESS,101112
E5_DT5_PD10_SEED101112,5,0.1,2.064897260273973,4.0,load_estimation,persistence,,raw,mae,0.8564039817593051,0.4259453912122427,0.4304585905470623,1.0105957228976583,SUCCESS,101112
E5_DT5_PD10_SEED101112,5,0.1,2.064897260273973,4.0,load_estimation,persistence,,raw,rmse,1.1400501178637217,0.5819721564703912,0.5580779613933302,0.9589427177719684,SUCCESS,101112
E5_DT5_PD10_SEED101112,5,0.1,2.064897260273973,4.0,load_estimation,persistence,,raw,mape,24.47001752322711,13.286006475148488,11.184011048078622,0.8417887699361238,SUCCESS,101112
E5_DT5_PD10_SEED101112,5,0.1,2.064897260273973,4.0,load_estimation,persistence,,raw,r2,0.7600125829751563,0.9374618546027488,-0.1774492716275925,-0.1892869248560379,SUCCESS,101112
E5_DT5_PD10_SEED101112,5,0.1,2.064897260273973,4.0,load_estimation,xgboost,,raw,mae,0.5207300281188986,0.2731154812117145,0.247614546907184,0.906629480718588,SUCCESS,101112
E5_DT5_PD10_SEED101112,5,0.1,2.064897260273973,4.0,load_estimation,xgboost,,raw,rmse,0.7270270626084311,0.4076096387383497,0.3194174238700813,0.7836356001265214,SUCCESS,101112
E5_DT5_PD10_SEED101112,5,0.1,2.064897260273973,4.0,load_estimation,xgboost,,raw,mape,15.23735335652665,9.005682087543944,6.231671268982707,0.691971047656894,SUCCESS,101112
E5_DT5_PD10_SEED101112,5,0.1,2.064897260273973,4.0,load_estimation,xgboost,,raw,r2,0.902401815700562,0.9693218282677428,-0.0669200125671807,-0.0690379713069829,SUCCESS,101112
E5_DT5_PD10_SEED101112,5,0.1,2.064897260273973,4.0,load_estimation,lstm,,raw,mae,0.574380970789419,0.2762261204479895,0.2981548503414294,1.0793868800599866,SUCCESS,101112
E5_DT5_PD10_SEED101112,5,0.1,2.064897260273973,4.0,load_estimation,lstm,,raw,rmse,0.748046546042927,0.4088705073983315,0.3391760386445955,0.829543908174727,SUCCESS,101112
E5_DT5_PD10_SEED101112,5,0.1,2.064897260273973,4.0,load_estimation,lstm,,raw,mape,16.191969560807575,8.962657158047907,7.229312402759668,0.8066036974613267,SUCCESS,101112
E5_DT5_PD10_SEED101112,5,0.1,2.064897260273973,4.0,load_estimation,lstm,,raw,r2,0.896958265549551,0.9692158273028284,-0.0722575617532773,-0.0745526019259905,SUCCESS,101112
E5_DT5_PD10_SEED101112,5,0.1,2.064897260273973,4.0,anomaly_detection,isolation_forest,isolation_forest,raw,precision,0.1164658634538152,0.1164658634538152,0.0,0.0,SUCCESS,101112
E5_DT5_PD10_SEED101112,5,0.1,2.064897260273973,4.0,anomaly_detection,isolation_forest,isolation_forest,raw,recall,0.1188524590163934,0.1188524590163934,0.0,0.0,SUCCESS,101112
E5_DT5_PD10_SEED101112,5,0.1,2.064897260273973,4.0,anomaly_detection,isolation_forest,isolation_forest,raw,f1,0.1176470588235294,0.1176470588235294,0.0,0.0,SUCCESS,101112
E5_DT5_PD10_SEED101112,5,0.1,2.064897260273973,4.0,anomaly_detection,isolation_forest,isolation_forest,raw,false_positive_rate,0.0438946528332003,0.0438946528332003,0.0,0.0,SUCCESS,101112
E5_DT5_PD10_SEED101112,5,0.1,2.064897260273973,4.0,anomaly_detection,isolation_forest,isolation_forest,raw,pr_auc,0.09385708598261,0.09385708598261,0.0,0.0,SUCCESS,101112
E5_DT5_PD10_SEED101112,5,0.1,2.064897260273973,4.0,anomaly_detection,isolation_forest,isolation_forest,raw,roc_auc,0.7138596875695052,0.7138596875695052,0.0,0.0,SUCCESS,101112
E5_DT5_PD10_SEED101112,5,0.1,2.064897260273973,4.0,anomaly_detection,isolation_forest,isolation_forest,raw,detection_latency,3.2459016393442623,3.2459016393442623,0.0,0.0,SUCCESS,101112
E5_DT5_PD10_SEED101112,5,0.1,2.064897260273973,4.0,anomaly_detection,isolation_forest,isolation_forest,raw,threshold,0.5031683371451802,0.5031683371451802,0.0,0.0,SUCCESS,101112
E5_DT5_PD10_SEED101112,5,0.1,2.064897260273973,4.0,anomaly_detection,isolation_forest,isolation_forest,residual,precision,0.0464231354642313,0.0464231354642313,0.0,0.0,SUCCESS,101112
E5_DT5_PD10_SEED101112,5,0.1,2.064897260273973,4.0,anomaly_detection,isolation_forest,isolation_forest,residual,recall,1.0,1.0,0.0,0.0,SUCCESS,101112
E5_DT5_PD10_SEED101112,5,0.1,2.064897260273973,4.0,anomaly_detection,isolation_forest,isolation_forest,residual,f1,0.0887272727272727,0.0887272727272727,0.0,0.0,SUCCESS,101112
E5_DT5_PD10_SEED101112,5,0.1,2.064897260273973,4.0,anomaly_detection,isolation_forest,isolation_forest,residual,false_positive_rate,1.0,1.0,0.0,0.0,SUCCESS,101112
E5_DT5_PD10_SEED101112,5,0.1,2.064897260273973,4.0,anomaly_detection,isolation_forest,isolation_forest,residual,pr_auc,0.06127871968987,0.0848377809693776,-0.0235590612795075,0.2776953971487214,SUCCESS,101112
E5_DT5_PD10_SEED101112,5,0.1,2.064897260273973,4.0,anomaly_detection,isolation_forest,isolation_forest,residual,roc_auc,0.6102432031975717,0.6919352570224903,-0.0816920538249185,0.1180631467985208,SUCCESS,101112
E5_DT5_PD10_SEED101112,5,0.1,2.064897260273973,4.0,anomaly_detection,isolation_forest,isolation_forest,residual,detection_latency,0.0,0.0,0.0,0.0,SUCCESS,101112
E5_DT5_PD10_SEED101112,5,0.1,2.064897260273973,4.0,anomaly_detection,isolation_forest,isolation_forest,residual,threshold,0.2937656541960819,0.2937656541960819,0.0,0.0,SUCCESS,101112
E5_DT5_PD10_SEED101112,5,0.1,2.064897260273973,4.0,anomaly_detection,lstm_autoencoder,lstm_autoencoder,raw,precision,0.4982578397212543,0.4982578397212543,0.0,0.0,SUCCESS,101112
E5_DT5_PD10_SEED101112,5,0.1,2.064897260273973,4.0,anomaly_detection,lstm_autoencoder,lstm_autoencoder,raw,recall,0.5860655737704918,0.5860655737704918,0.0,0.0,SUCCESS,101112
E5_DT5_PD10_SEED101112,5,0.1,2.064897260273973,4.0,anomaly_detection,lstm_autoencoder,lstm_autoencoder,raw,f1,0.5386064030131827,0.5386064030131827,0.0,0.0,SUCCESS,101112
E5_DT5_PD10_SEED101112,5,0.1,2.064897260273973,4.0,anomaly_detection,lstm_autoencoder,lstm_autoencoder,raw,false_positive_rate,0.028731045490822,0.028731045490822,0.0,0.0,SUCCESS,101112
E5_DT5_PD10_SEED101112,5,0.1,2.064897260273973,4.0,anomaly_detection,lstm_autoencoder,lstm_autoencoder,raw,pr_auc,0.561001698584242,0.561001698584242,0.0,0.0,SUCCESS,101112
E5_DT5_PD10_SEED101112,5,0.1,2.064897260273973,4.0,anomaly_detection,lstm_autoencoder,lstm_autoencoder,raw,roc_auc,0.9493396177043946,0.9493396177043946,0.0,0.0,SUCCESS,101112
E5_DT5_PD10_SEED101112,5,0.1,2.064897260273973,4.0,anomaly_detection,lstm_autoencoder,lstm_autoencoder,raw,detection_latency,1.3442622950819672,1.3442622950819672,0.0,0.0,SUCCESS,101112
E5_DT5_PD10_SEED101112,5,0.1,2.064897260273973,4.0,anomaly_detection,lstm_autoencoder,lstm_autoencoder,raw,threshold,0.0007370078528765,0.0007370078528765,0.0,0.0,SUCCESS,101112
E5_DT5_PD10_SEED101112,5,0.1,2.064897260273973,4.0,anomaly_detection,lstm_autoencoder,lstm_autoencoder,residual,precision,0.0464231354642313,0.0464231354642313,0.0,0.0,SUCCESS,101112
E5_DT5_PD10_SEED101112,5,0.1,2.064897260273973,4.0,anomaly_detection,lstm_autoencoder,lstm_autoencoder,residual,recall,1.0,1.0,0.0,0.0,SUCCESS,101112
E5_DT5_PD10_SEED101112,5,0.1,2.064897260273973,4.0,anomaly_detection,lstm_autoencoder,lstm_autoencoder,residual,f1,0.0887272727272727,0.0887272727272727,0.0,0.0,SUCCESS,101112
E5_DT5_PD10_SEED101112,5,0.1,2.064897260273973,4.0,anomaly_detection,lstm_autoencoder,lstm_autoencoder,residual,false_positive_rate,1.0,1.0,0.0,0.0,SUCCESS,101112
E5_DT5_PD10_SEED101112,5,0.1,2.064897260273973,4.0,anomaly_detection,lstm_autoencoder,lstm_autoencoder,residual,pr_auc,0.1295237684355879,0.1319000209425614,-0.0023762525069735,0.0180155582235146,SUCCESS,101112
E5_DT5_PD10_SEED101112,5,0.1,2.064897260273973,4.0,anomaly_detection,lstm_autoencoder,lstm_autoencoder,residual,roc_auc,0.6888484031766384,0.7417419504664216,-0.0528935472897831,0.0713099040124704,SUCCESS,101112
E5_DT5_PD10_SEED101112,5,0.1,2.064897260273973,4.0,anomaly_detection,lstm_autoencoder,lstm_autoencoder,residual,detection_latency,0.0,0.0,0.0,0.0,SUCCESS,101112
E5_DT5_PD10_SEED101112,5,0.1,2.064897260273973,4.0,anomaly_detection,lstm_autoencoder,lstm_autoencoder,residual,threshold,0.0003816792741417,0.0003816792741417,0.0,0.0,SUCCESS,101112
E5_DT5_PD20_SEED101112,5,0.2,2.1507990867579907,4.0,load_estimation,persistence,,raw,mae,0.867679111738909,0.4259453912122427,0.4417337205266662,1.0370665574511555,SUCCESS,101112
E5_DT5_PD20_SEED101112,5,0.2,2.1507990867579907,4.0,load_estimation,persistence,,raw,rmse,1.153629707495855,0.5819721564703912,0.5716575510254638,0.9822764623182584,SUCCESS,101112
E5_DT5_PD20_SEED101112,5,0.2,2.1507990867579907,4.0,load_estimation,persistence,,raw,mape,24.732537105853588,13.286006475148488,11.4465306307051,0.8615478738562914,SUCCESS,101112
E5_DT5_PD20_SEED101112,5,0.2,2.1507990867579907,4.0,load_estimation,persistence,,raw,r2,0.7542613623978489,0.9374618546027488,-0.1832004922048998,-0.1954218097572956,SUCCESS,101112
E5_DT5_PD20_SEED101112,5,0.2,2.1507990867579907,4.0,load_estimation,xgboost,,raw,mae,0.5388765101699524,0.2731154812117145,0.2657610289582379,0.9730720052160808,SUCCESS,101112
E5_DT5_PD20_SEED101112,5,0.2,2.1507990867579907,4.0,load_estimation,xgboost,,raw,rmse,0.7501639557789546,0.4076096387383497,0.3425543170406048,0.8403979800401509,SUCCESS,101112
E5_DT5_PD20_SEED101112,5,0.2,2.1507990867579907,4.0,load_estimation,xgboost,,raw,mape,15.682233433027706,9.005682087543944,6.676551345483762,0.7413709789643054,SUCCESS,101112
E5_DT5_PD20_SEED101112,5,0.2,2.1507990867579907,4.0,load_estimation,xgboost,,raw,r2,0.8960910467001472,0.9693218282677428,-0.0732307815675956,-0.0755484705203276,SUCCESS,101112
E5_DT5_PD20_SEED101112,5,0.2,2.1507990867579907,4.0,load_estimation,lstm,,raw,mae,0.5877569914091939,0.2762261204479895,0.3115308709612044,1.1278110500772227,SUCCESS,101112
E5_DT5_PD20_SEED101112,5,0.2,2.1507990867579907,4.0,load_estimation,lstm,,raw,rmse,0.7608017341610299,0.4088705073983315,0.3519312267626984,0.8607400641392767,SUCCESS,101112
E5_DT5_PD20_SEED101112,5,0.2,2.1507990867579907,4.0,load_estimation,lstm,,raw,mape,16.592294440062073,8.962657158047907,7.629637282014166,0.8512695674366197,SUCCESS,101112
E5_DT5_PD20_SEED101112,5,0.2,2.1507990867579907,4.0,load_estimation,lstm,,raw,r2,0.8934143092608838,0.9692158273028284,-0.0758015180419445,-0.0782091211334094,SUCCESS,101112
E5_DT5_PD20_SEED101112,5,0.2,2.1507990867579907,4.0,anomaly_detection,isolation_forest,isolation_forest,raw,precision,0.1164658634538152,0.1164658634538152,0.0,0.0,SUCCESS,101112
E5_DT5_PD20_SEED101112,5,0.2,2.1507990867579907,4.0,anomaly_detection,isolation_forest,isolation_forest,raw,recall,0.1188524590163934,0.1188524590163934,0.0,0.0,SUCCESS,101112
E5_DT5_PD20_SEED101112,5,0.2,2.1507990867579907,4.0,anomaly_detection,isolation_forest,isolation_forest,raw,f1,0.1176470588235294,0.1176470588235294,0.0,0.0,SUCCESS,101112
E5_DT5_PD20_SEED101112,5,0.2,2.1507990867579907,4.0,anomaly_detection,isolation_forest,isolation_forest,raw,false_positive_rate,0.0438946528332003,0.0438946528332003,0.0,0.0,SUCCESS,101112
E5_DT5_PD20_SEED101112,5,0.2,2.1507990867579907,4.0,anomaly_detection,isolation_forest,isolation_forest,raw,pr_auc,0.09385708598261,0.09385708598261,0.0,0.0,SUCCESS,101112
E5_DT5_PD20_SEED101112,5,0.2,2.1507990867579907,4.0,anomaly_detection,isolation_forest,isolation_forest,raw,roc_auc,0.7138596875695052,0.7138596875695052,0.0,0.0,SUCCESS,101112
E5_DT5_PD20_SEED101112,5,0.2,2.1507990867579907,4.0,anomaly_detection,isolation_forest,isolation_forest,raw,detection_latency,3.2459016393442623,3.2459016393442623,0.0,0.0,SUCCESS,101112
E5_DT5_PD20_SEED101112,5,0.2,2.1507990867579907,4.0,anomaly_detection,isolation_forest,isolation_forest,raw,threshold,0.5031683371451802,0.5031683371451802,0.0,0.0,SUCCESS,101112
E5_DT5_PD20_SEED101112,5,0.2,2.1507990867579907,4.0,anomaly_detection,isolation_forest,isolation_forest,residual,precision,0.0464231354642313,0.0464231354642313,0.0,0.0,SUCCESS,101112
E5_DT5_PD20_SEED101112,5,0.2,2.1507990867579907,4.0,anomaly_detection,isolation_forest,isolation_forest,residual,recall,1.0,1.0,0.0,0.0,SUCCESS,101112
E5_DT5_PD20_SEED101112,5,0.2,2.1507990867579907,4.0,anomaly_detection,isolation_forest,isolation_forest,residual,f1,0.0887272727272727,0.0887272727272727,0.0,0.0,SUCCESS,101112
E5_DT5_PD20_SEED101112,5,0.2,2.1507990867579907,4.0,anomaly_detection,isolation_forest,isolation_forest,residual,false_positive_rate,1.0,1.0,0.0,0.0,SUCCESS,101112
E5_DT5_PD20_SEED101112,5,0.2,2.1507990867579907,4.0,anomaly_detection,isolation_forest,isolation_forest,residual,pr_auc,0.0573378860976772,0.0848377809693776,-0.0274998948717003,0.3241467958906956,SUCCESS,101112
E5_DT5_PD20_SEED101112,5,0.2,2.1507990867579907,4.0,anomaly_detection,isolation_forest,isolation_forest,residual,roc_auc,0.6134743827927727,0.6919352570224903,-0.0784608742297175,0.1133933752232072,SUCCESS,101112
E5_DT5_PD20_SEED101112,5,0.2,2.1507990867579907,4.0,anomaly_detection,isolation_forest,isolation_forest,residual,detection_latency,0.0,0.0,0.0,0.0,SUCCESS,101112
E5_DT5_PD20_SEED101112,5,0.2,2.1507990867579907,4.0,anomaly_detection,isolation_forest,isolation_forest,residual,threshold,0.2937656541960819,0.2937656541960819,0.0,0.0,SUCCESS,101112
E5_DT5_PD20_SEED101112,5,0.2,2.1507990867579907,4.0,anomaly_detection,lstm_autoencoder,lstm_autoencoder,raw,precision,0.4982578397212543,0.4982578397212543,0.0,0.0,SUCCESS,101112
E5_DT5_PD20_SEED101112,5,0.2,2.1507990867579907,4.0,anomaly_detection,lstm_autoencoder,lstm_autoencoder,raw,recall,0.5860655737704918,0.5860655737704918,0.0,0.0,SUCCESS,101112
E5_DT5_PD20_SEED101112,5,0.2,2.1507990867579907,4.0,anomaly_detection,lstm_autoencoder,lstm_autoencoder,raw,f1,0.5386064030131827,0.5386064030131827,0.0,0.0,SUCCESS,101112
E5_DT5_PD20_SEED101112,5,0.2,2.1507990867579907,4.0,anomaly_detection,lstm_autoencoder,lstm_autoencoder,raw,false_positive_rate,0.028731045490822,0.028731045490822,0.0,0.0,SUCCESS,101112
E5_DT5_PD20_SEED101112,5,0.2,2.1507990867579907,4.0,anomaly_detection,lstm_autoencoder,lstm_autoencoder,raw,pr_auc,0.561001698584242,0.561001698584242,0.0,0.0,SUCCESS,101112
E5_DT5_PD20_SEED101112,5,0.2,2.1507990867579907,4.0,anomaly_detection,lstm_autoencoder,lstm_autoencoder,raw,roc_auc,0.9493396177043946,0.9493396177043946,0.0,0.0,SUCCESS,101112
E5_DT5_PD20_SEED101112,5,0.2,2.1507990867579907,4.0,anomaly_detection,lstm_autoencoder,lstm_autoencoder,raw,detection_latency,1.3442622950819672,1.3442622950819672,0.0,0.0,SUCCESS,101112
E5_DT5_PD20_SEED101112,5,0.2,2.1507990867579907,4.0,anomaly_detection,lstm_autoencoder,lstm_autoencoder,raw,threshold,0.0007370078528765,0.0007370078528765,0.0,0.0,SUCCESS,101112
E5_DT5_PD20_SEED101112,5,0.2,2.1507990867579907,4.0,anomaly_detection,lstm_autoencoder,lstm_autoencoder,residual,precision,0.0464231354642313,0.0464231354642313,0.0,0.0,SUCCESS,101112
E5_DT5_PD20_SEED101112,5,0.2,2.1507990867579907,4.0,anomaly_detection,lstm_autoencoder,lstm_autoencoder,residual,recall,1.0,1.0,0.0,0.0,SUCCESS,101112
E5_DT5_PD20_SEED101112,5,0.2,2.1507990867579907,4.0,anomaly_detection,lstm_autoencoder,lstm_autoencoder,residual,f1,0.0887272727272727,0.0887272727272727,0.0,0.0,SUCCESS,101112
E5_DT5_PD20_SEED101112,5,0.2,2.1507990867579907,4.0,anomaly_detection,lstm_autoencoder,lstm_autoencoder,residual,false_positive_rate,1.0,1.0,0.0,0.0,SUCCESS,101112
E5_DT5_PD20_SEED101112,5,0.2,2.1507990867579907,4.0,anomaly_detection,lstm_autoencoder,lstm_autoencoder,residual,pr_auc,0.1205963899461716,0.1319000209425614,-0.0113036309963898,0.085698477647037,SUCCESS,101112
E5_DT5_PD20_SEED101112,5,0.2,2.1507990867579907,4.0,anomaly_detection,lstm_autoencoder,lstm_autoencoder,residual,roc_auc,0.6802027592793689,0.7417419504664216,-0.0615391911870526,0.0829657688207544,SUCCESS,101112
E5_DT5_PD20_SEED101112,5,0.2,2.1507990867579907,4.0,anomaly_detection,lstm_autoencoder,lstm_autoencoder,residual,detection_latency,0.0,0.0,0.0,0.0,SUCCESS,101112
E5_DT5_PD20_SEED101112,5,0.2,2.1507990867579907,4.0,anomaly_detection,lstm_autoencoder,lstm_autoencoder,residual,threshold,0.0003816792741417,0.0003816792741417,0.0,0.0,SUCCESS,101112
E5_DT15_PD00_SEED101112,15,0.0,7.0,14.0,load_estimation,persistence,,raw,mae,1.823007697724316,0.4259453912122427,1.3970623065120735,3.2799094328407383,SUCCESS,101112
E5_DT15_PD00_SEED101112,15,0.0,7.0,14.0,load_estimation,persistence,,raw,rmse,2.426760058794681,0.5819721564703912,1.8447879023242897,3.169890314878228,SUCCESS,101112
E5_DT15_PD00_SEED101112,15,0.0,7.0,14.0,load_estimation,persistence,,raw,mape,56.67863316764837,13.286006475148488,43.39262669249988,3.2660398573240133,SUCCESS,101112
E5_DT15_PD00_SEED101112,15,0.0,7.0,14.0,load_estimation,persistence,,raw,r2,-0.0874123489865088,0.9374618546027488,-1.0248742035892575,-1.0932436328553867,SUCCESS,101112
E5_DT15_PD00_SEED101112,15,0.0,7.0,14.0,load_estimation,xgboost,,raw,mae,1.4005737761701804,0.2731154812117145,1.127458294958466,4.128137628655621,SUCCESS,101112
E5_DT15_PD00_SEED101112,15,0.0,7.0,14.0,load_estimation,xgboost,,raw,rmse,1.8706178360920245,0.4076096387383497,1.4630081973536746,3.5892384730695723,SUCCESS,101112
E5_DT15_PD00_SEED101112,15,0.0,7.0,14.0,load_estimation,xgboost,,raw,mape,43.29749942970692,9.005682087543944,34.29181734216297,3.8077979001272,SUCCESS,101112
E5_DT15_PD00_SEED101112,15,0.0,7.0,14.0,load_estimation,xgboost,,raw,r2,0.3538836578279127,0.9693218282677428,-0.6154381704398301,-0.6349162398825458,SUCCESS,101112
E5_DT15_PD00_SEED101112,15,0.0,7.0,14.0,load_estimation,lstm,,raw,mae,1.5322381364167044,0.2762261204479895,1.256012015968715,4.547042886211077,SUCCESS,101112
E5_DT15_PD00_SEED101112,15,0.0,7.0,14.0,load_estimation,lstm,,raw,rmse,1.967482535910601,0.4088705073983315,1.5586120285122695,3.811994262999831,SUCCESS,101112
E5_DT15_PD00_SEED101112,15,0.0,7.0,14.0,load_estimation,lstm,,raw,mape,45.10452759742256,8.962657158047907,36.14187043937466,4.032495029325261,SUCCESS,101112
E5_DT15_PD00_SEED101112,15,0.0,7.0,14.0,load_estimation,lstm,,raw,r2,0.2871835911237013,0.9692158273028284,-0.6820322361791271,-0.7036949015547064,SUCCESS,101112
E5_DT15_PD00_SEED101112,15,0.0,7.0,14.0,anomaly_detection,isolation_forest,isolation_forest,raw,precision,0.1164658634538152,0.1164658634538152,0.0,0.0,SUCCESS,101112
E5_DT15_PD00_SEED101112,15,0.0,7.0,14.0,anomaly_detection,isolation_forest,isolation_forest,raw,recall,0.1188524590163934,0.1188524590163934,0.0,0.0,SUCCESS,101112
E5_DT15_PD00_SEED101112,15,0.0,7.0,14.0,anomaly_detection,isolation_forest,isolation_forest,raw,f1,0.1176470588235294,0.1176470588235294,0.0,0.0,SUCCESS,101112
E5_DT15_PD00_SEED101112,15,0.0,7.0,14.0,anomaly_detection,isolation_forest,isolation_forest,raw,false_positive_rate,0.0438946528332003,0.0438946528332003,0.0,0.0,SUCCESS,101112
E5_DT15_PD00_SEED101112,15,0.0,7.0,14.0,anomaly_detection,isolation_forest,isolation_forest,raw,pr_auc,0.09385708598261,0.09385708598261,0.0,0.0,SUCCESS,101112
E5_DT15_PD00_SEED101112,15,0.0,7.0,14.0,anomaly_detection,isolation_forest,isolation_forest,raw,roc_auc,0.7138596875695052,0.7138596875695052,0.0,0.0,SUCCESS,101112
E5_DT15_PD00_SEED101112,15,0.0,7.0,14.0,anomaly_detection,isolation_forest,isolation_forest,raw,detection_latency,3.2459016393442623,3.2459016393442623,0.0,0.0,SUCCESS,101112
E5_DT15_PD00_SEED101112,15,0.0,7.0,14.0,anomaly_detection,isolation_forest,isolation_forest,raw,threshold,0.5031683371451802,0.5031683371451802,0.0,0.0,SUCCESS,101112
E5_DT15_PD00_SEED101112,15,0.0,7.0,14.0,anomaly_detection,isolation_forest,isolation_forest,residual,precision,0.0464231354642313,0.0464231354642313,0.0,0.0,SUCCESS,101112
E5_DT15_PD00_SEED101112,15,0.0,7.0,14.0,anomaly_detection,isolation_forest,isolation_forest,residual,recall,1.0,1.0,0.0,0.0,SUCCESS,101112
E5_DT15_PD00_SEED101112,15,0.0,7.0,14.0,anomaly_detection,isolation_forest,isolation_forest,residual,f1,0.0887272727272727,0.0887272727272727,0.0,0.0,SUCCESS,101112
E5_DT15_PD00_SEED101112,15,0.0,7.0,14.0,anomaly_detection,isolation_forest,isolation_forest,residual,false_positive_rate,1.0,1.0,0.0,0.0,SUCCESS,101112
E5_DT15_PD00_SEED101112,15,0.0,7.0,14.0,anomaly_detection,isolation_forest,isolation_forest,residual,pr_auc,0.0472094011847243,0.0848377809693776,-0.0376283797846533,0.4435332861692287,SUCCESS,101112
E5_DT15_PD00_SEED101112,15,0.0,7.0,14.0,anomaly_detection,isolation_forest,isolation_forest,residual,roc_auc,0.5407652780866904,0.6919352570224903,-0.1511699789357998,0.218474167057636,SUCCESS,101112
E5_DT15_PD00_SEED101112,15,0.0,7.0,14.0,anomaly_detection,isolation_forest,isolation_forest,residual,detection_latency,0.0,0.0,0.0,0.0,SUCCESS,101112
E5_DT15_PD00_SEED101112,15,0.0,7.0,14.0,anomaly_detection,isolation_forest,isolation_forest,residual,threshold,0.2937656541960819,0.2937656541960819,0.0,0.0,SUCCESS,101112
E5_DT15_PD00_SEED101112,15,0.0,7.0,14.0,anomaly_detection,lstm_autoencoder,lstm_autoencoder,raw,precision,0.4982578397212543,0.4982578397212543,0.0,0.0,SUCCESS,101112
E5_DT15_PD00_SEED101112,15,0.0,7.0,14.0,anomaly_detection,lstm_autoencoder,lstm_autoencoder,raw,recall,0.5860655737704918,0.5860655737704918,0.0,0.0,SUCCESS,101112
E5_DT15_PD00_SEED101112,15,0.0,7.0,14.0,anomaly_detection,lstm_autoencoder,lstm_autoencoder,raw,f1,0.5386064030131827,0.5386064030131827,0.0,0.0,SUCCESS,101112
E5_DT15_PD00_SEED101112,15,0.0,7.0,14.0,anomaly_detection,lstm_autoencoder,lstm_autoencoder,raw,false_positive_rate,0.028731045490822,0.028731045490822,0.0,0.0,SUCCESS,101112
E5_DT15_PD00_SEED101112,15,0.0,7.0,14.0,anomaly_detection,lstm_autoencoder,lstm_autoencoder,raw,pr_auc,0.561001698584242,0.561001698584242,0.0,0.0,SUCCESS,101112
E5_DT15_PD00_SEED101112,15,0.0,7.0,14.0,anomaly_detection,lstm_autoencoder,lstm_autoencoder,raw,roc_auc,0.9493396177043946,0.9493396177043946,0.0,0.0,SUCCESS,101112
E5_DT15_PD00_SEED101112,15,0.0,7.0,14.0,anomaly_detection,lstm_autoencoder,lstm_autoencoder,raw,detection_latency,1.3442622950819672,1.3442622950819672,0.0,0.0,SUCCESS,101112
E5_DT15_PD00_SEED101112,15,0.0,7.0,14.0,anomaly_detection,lstm_autoencoder,lstm_autoencoder,raw,threshold,0.0007370078528765,0.0007370078528765,0.0,0.0,SUCCESS,101112
E5_DT15_PD00_SEED101112,15,0.0,7.0,14.0,anomaly_detection,lstm_autoencoder,lstm_autoencoder,residual,precision,0.0464231354642313,0.0464231354642313,0.0,0.0,SUCCESS,101112
E5_DT15_PD00_SEED101112,15,0.0,7.0,14.0,anomaly_detection,lstm_autoencoder,lstm_autoencoder,residual,recall,1.0,1.0,0.0,0.0,SUCCESS,101112
E5_DT15_PD00_SEED101112,15,0.0,7.0,14.0,anomaly_detection,lstm_autoencoder,lstm_autoencoder,residual,f1,0.0887272727272727,0.0887272727272727,0.0,0.0,SUCCESS,101112
E5_DT15_PD00_SEED101112,15,0.0,7.0,14.0,anomaly_detection,lstm_autoencoder,lstm_autoencoder,residual,false_positive_rate,1.0,1.0,0.0,0.0,SUCCESS,101112
E5_DT15_PD00_SEED101112,15,0.0,7.0,14.0,anomaly_detection,lstm_autoencoder,lstm_autoencoder,residual,pr_auc,0.1011689093082197,0.1319000209425614,-0.0307311116343416,0.2329879208110527,SUCCESS,101112
E5_DT15_PD00_SEED101112,15,0.0,7.0,14.0,anomaly_detection,lstm_autoencoder,lstm_autoencoder,residual,roc_auc,0.6180331139690971,0.7417419504664216,-0.1237088364973244,0.1667815018680472,SUCCESS,101112
E5_DT15_PD00_SEED101112,15,0.0,7.0,14.0,anomaly_detection,lstm_autoencoder,lstm_autoencoder,residual,detection_latency,0.0,0.0,0.0,0.0,SUCCESS,101112
E5_DT15_PD00_SEED101112,15,0.0,7.0,14.0,anomaly_detection,lstm_autoencoder,lstm_autoencoder,residual,threshold,0.0003816792741417,0.0003816792741417,0.0,0.0,SUCCESS,101112
E5_DT15_PD05_SEED101112,15,0.05,7.028053652968037,14.0,load_estimation,persistence,,raw,mae,1.824635691317068,0.4259453912122427,1.3986903001048248,3.283731503994315,SUCCESS,101112
E5_DT15_PD05_SEED101112,15,0.05,7.028053652968037,14.0,load_estimation,persistence,,raw,rmse,2.4272315708002896,0.5819721564703912,1.8452594143298984,3.1707005117241875,SUCCESS,101112
E5_DT15_PD05_SEED101112,15,0.05,7.028053652968037,14.0,load_estimation,persistence,,raw,mape,56.150269485255066,13.286006475148488,42.864263010106576,3.2262714225139284,SUCCESS,101112
E5_DT15_PD05_SEED101112,15,0.05,7.028053652968037,14.0,load_estimation,persistence,,raw,r2,-0.0878349517786305,0.9374618546027488,-1.0252968063813794,-1.0936944275091074,SUCCESS,101112
E5_DT15_PD05_SEED101112,15,0.05,7.028053652968037,14.0,load_estimation,xgboost,,raw,mae,1.4102524927898086,0.2731154812117145,1.137137011578094,4.163575812447646,SUCCESS,101112
E5_DT15_PD05_SEED101112,15,0.05,7.028053652968037,14.0,load_estimation,xgboost,,raw,rmse,1.8832389308365267,0.4076096387383497,1.4756292920981768,3.6202021538686022,SUCCESS,101112
E5_DT15_PD05_SEED101112,15,0.05,7.028053652968037,14.0,load_estimation,xgboost,,raw,mape,42.83408208204542,9.005682087543944,33.828399994501474,3.756339571578998,SUCCESS,101112
E5_DT15_PD05_SEED101112,15,0.05,7.028053652968037,14.0,load_estimation,xgboost,,raw,r2,0.3451355262137716,0.9693218282677428,-0.6241863020539712,-0.6439412420634776,SUCCESS,101112
E5_DT15_PD05_SEED101112,15,0.05,7.028053652968037,14.0,load_estimation,lstm,,raw,mae,1.5370891025866875,0.2762261204479895,1.260862982138698,4.564604462799547,SUCCESS,101112
E5_DT15_PD05_SEED101112,15,0.05,7.028053652968037,14.0,load_estimation,lstm,,raw,rmse,1.978959846291944,0.4088705073983315,1.5700893388936128,3.840065033998634,SUCCESS,101112
E5_DT15_PD05_SEED101112,15,0.05,7.028053652968037,14.0,load_estimation,lstm,,raw,mape,45.33246134582328,8.962657158047907,36.36980418777537,4.05792652183706,SUCCESS,101112
E5_DT15_PD05_SEED101112,15,0.05,7.028053652968037,14.0,load_estimation,lstm,,raw,r2,0.278842904402198,0.9692158273028284,-0.6903729229006303,-0.7123005046479968,SUCCESS,101112
E5_DT15_PD05_SEED101112,15,0.05,7.028053652968037,14.0,anomaly_detection,isolation_forest,isolation_forest,raw,precision,0.1164658634538152,0.1164658634538152,0.0,0.0,SUCCESS,101112
E5_DT15_PD05_SEED101112,15,0.05,7.028053652968037,14.0,anomaly_detection,isolation_forest,isolation_forest,raw,recall,0.1188524590163934,0.1188524590163934,0.0,0.0,SUCCESS,101112
E5_DT15_PD05_SEED101112,15,0.05,7.028053652968037,14.0,anomaly_detection,isolation_forest,isolation_forest,raw,f1,0.1176470588235294,0.1176470588235294,0.0,0.0,SUCCESS,101112
E5_DT15_PD05_SEED101112,15,0.05,7.028053652968037,14.0,anomaly_detection,isolation_forest,isolation_forest,raw,false_positive_rate,0.0438946528332003,0.0438946528332003,0.0,0.0,SUCCESS,101112
E5_DT15_PD05_SEED101112,15,0.05,7.028053652968037,14.0,anomaly_detection,isolation_forest,isolation_forest,raw,pr_auc,0.09385708598261,0.09385708598261,0.0,0.0,SUCCESS,101112
E5_DT15_PD05_SEED101112,15,0.05,7.028053652968037,14.0,anomaly_detection,isolation_forest,isolation_forest,raw,roc_auc,0.7138596875695052,0.7138596875695052,0.0,0.0,SUCCESS,101112
E5_DT15_PD05_SEED101112,15,0.05,7.028053652968037,14.0,anomaly_detection,isolation_forest,isolation_forest,raw,detection_latency,3.2459016393442623,3.2459016393442623,0.0,0.0,SUCCESS,101112
E5_DT15_PD05_SEED101112,15,0.05,7.028053652968037,14.0,anomaly_detection,isolation_forest,isolation_forest,raw,threshold,0.5031683371451802,0.5031683371451802,0.0,0.0,SUCCESS,101112
E5_DT15_PD05_SEED101112,15,0.05,7.028053652968037,14.0,anomaly_detection,isolation_forest,isolation_forest,residual,precision,0.0464231354642313,0.0464231354642313,0.0,0.0,SUCCESS,101112
E5_DT15_PD05_SEED101112,15,0.05,7.028053652968037,14.0,anomaly_detection,isolation_forest,isolation_forest,residual,recall,1.0,1.0,0.0,0.0,SUCCESS,101112
E5_DT15_PD05_SEED101112,15,0.05,7.028053652968037,14.0,anomaly_detection,isolation_forest,isolation_forest,residual,f1,0.0887272727272727,0.0887272727272727,0.0,0.0,SUCCESS,101112
E5_DT15_PD05_SEED101112,15,0.05,7.028053652968037,14.0,anomaly_detection,isolation_forest,isolation_forest,residual,false_positive_rate,1.0,1.0,0.0,0.0,SUCCESS,101112
E5_DT15_PD05_SEED101112,15,0.05,7.028053652968037,14.0,anomaly_detection,isolation_forest,isolation_forest,residual,pr_auc,0.043213258253825,0.0848377809693776,-0.0416245227155525,0.4906366272189159,SUCCESS,101112
E5_DT15_PD05_SEED101112,15,0.05,7.028053652968037,14.0,anomaly_detection,isolation_forest,isolation_forest,residual,roc_auc,0.5031792550338204,0.6919352570224903,-0.1887560019886698,0.2727943114228888,SUCCESS,101112
E5_DT15_PD05_SEED101112,15,0.05,7.028053652968037,14.0,anomaly_detection,isolation_forest,isolation_forest,residual,detection_latency,0.0,0.0,0.0,0.0,SUCCESS,101112
E5_DT15_PD05_SEED101112,15,0.05,7.028053652968037,14.0,anomaly_detection,isolation_forest,isolation_forest,residual,threshold,0.2937656541960819,0.2937656541960819,0.0,0.0,SUCCESS,101112
E5_DT15_PD05_SEED101112,15,0.05,7.028053652968037,14.0,anomaly_detection,lstm_autoencoder,lstm_autoencoder,raw,precision,0.4982578397212543,0.4982578397212543,0.0,0.0,SUCCESS,101112
E5_DT15_PD05_SEED101112,15,0.05,7.028053652968037,14.0,anomaly_detection,lstm_autoencoder,lstm_autoencoder,raw,recall,0.5860655737704918,0.5860655737704918,0.0,0.0,SUCCESS,101112
E5_DT15_PD05_SEED101112,15,0.05,7.028053652968037,14.0,anomaly_detection,lstm_autoencoder,lstm_autoencoder,raw,f1,0.5386064030131827,0.5386064030131827,0.0,0.0,SUCCESS,101112
E5_DT15_PD05_SEED101112,15,0.05,7.028053652968037,14.0,anomaly_detection,lstm_autoencoder,lstm_autoencoder,raw,false_positive_rate,0.028731045490822,0.028731045490822,0.0,0.0,SUCCESS,101112
E5_DT15_PD05_SEED101112,15,0.05,7.028053652968037,14.0,anomaly_detection,lstm_autoencoder,lstm_autoencoder,raw,pr_auc,0.561001698584242,0.561001698584242,0.0,0.0,SUCCESS,101112
E5_DT15_PD05_SEED101112,15,0.05,7.028053652968037,14.0,anomaly_detection,lstm_autoencoder,lstm_autoencoder,raw,roc_auc,0.9493396177043946,0.9493396177043946,0.0,0.0,SUCCESS,101112
E5_DT15_PD05_SEED101112,15,0.05,7.028053652968037,14.0,anomaly_detection,lstm_autoencoder,lstm_autoencoder,raw,detection_latency,1.3442622950819672,1.3442622950819672,0.0,0.0,SUCCESS,101112
E5_DT15_PD05_SEED101112,15,0.05,7.028053652968037,14.0,anomaly_detection,lstm_autoencoder,lstm_autoencoder,raw,threshold,0.0007370078528765,0.0007370078528765,0.0,0.0,SUCCESS,101112
E5_DT15_PD05_SEED101112,15,0.05,7.028053652968037,14.0,anomaly_detection,lstm_autoencoder,lstm_autoencoder,residual,precision,0.0464231354642313,0.0464231354642313,0.0,0.0,SUCCESS,101112
E5_DT15_PD05_SEED101112,15,0.05,7.028053652968037,14.0,anomaly_detection,lstm_autoencoder,lstm_autoencoder,residual,recall,1.0,1.0,0.0,0.0,SUCCESS,101112
E5_DT15_PD05_SEED101112,15,0.05,7.028053652968037,14.0,anomaly_detection,lstm_autoencoder,lstm_autoencoder,residual,f1,0.0887272727272727,0.0887272727272727,0.0,0.0,SUCCESS,101112
E5_DT15_PD05_SEED101112,15,0.05,7.028053652968037,14.0,anomaly_detection,lstm_autoencoder,lstm_autoencoder,residual,false_positive_rate,1.0,1.0,0.0,0.0,SUCCESS,101112
E5_DT15_PD05_SEED101112,15,0.05,7.028053652968037,14.0,anomaly_detection,lstm_autoencoder,lstm_autoencoder,residual,pr_auc,0.0891926562839235,0.1319000209425614,-0.0427073646586378,0.3237858823179086,SUCCESS,101112
E5_DT15_PD05_SEED101112,15,0.05,7.028053652968037,14.0,anomaly_detection,lstm_autoencoder,lstm_autoencoder,residual,roc_auc,0.5825265265003337,0.7417419504664216,-0.1592154239660879,0.214650693365759,SUCCESS,101112
E5_DT15_PD05_SEED101112,15,0.05,7.028053652968037,14.0,anomaly_detection,lstm_autoencoder,lstm_autoencoder,residual,detection_latency,0.0,0.0,0.0,0.0,SUCCESS,101112
E5_DT15_PD05_SEED101112,15,0.05,7.028053652968037,14.0,anomaly_detection,lstm_autoencoder,lstm_autoencoder,residual,threshold,0.0003816792741417,0.0003816792741417,0.0,0.0,SUCCESS,101112
E5_DT15_PD10_SEED101112,15,0.1,7.057277397260274,14.0,load_estimation,persistence,,raw,mae,1.837170937085805,0.4259453912122427,1.4112255458735623,3.3131607360680846,SUCCESS,101112
E5_DT15_PD10_SEED101112,15,0.1,7.057277397260274,14.0,load_estimation,persistence,,raw,rmse,2.4614223803619315,0.5819721564703912,1.8794502238915405,3.22945041785201,SUCCESS,101112
E5_DT15_PD10_SEED101112,15,0.1,7.057277397260274,14.0,load_estimation,persistence,,raw,mape,56.70756809738299,13.286006475148488,43.4215616222345,3.268217707364109,SUCCESS,101112
E5_DT15_PD10_SEED101112,15,0.1,7.057277397260274,14.0,load_estimation,persistence,,raw,r2,-0.118698031751093,0.9374618546027488,-1.056159886353842,-1.1266163856889857,SUCCESS,101112
E5_DT15_PD10_SEED101112,15,0.1,7.057277397260274,14.0,load_estimation,xgboost,,raw,mae,1.4198335576547336,0.2731154812117145,1.1467180764430192,4.19865644874998,SUCCESS,101112
E5_DT15_PD10_SEED101112,15,0.1,7.057277397260274,14.0,load_estimation,xgboost,,raw,rmse,1.908234024694923,0.4076096387383497,1.500624385956573,3.6815233089221535,SUCCESS,101112
E5_DT15_PD10_SEED101112,15,0.1,7.057277397260274,14.0,load_estimation,xgboost,,raw,mape,43.506069987803016,9.005682087543944,34.50038790025907,3.830957784749885,SUCCESS,101112
E5_DT15_PD10_SEED101112,15,0.1,7.057277397260274,14.0,load_estimation,xgboost,,raw,r2,0.3276369256294186,0.9693218282677428,-0.6416849026383242,-0.6619936577566478,SUCCESS,101112
E5_DT15_PD10_SEED101112,15,0.1,7.057277397260274,14.0,load_estimation,lstm,,raw,mae,1.5576997126080487,0.2762261204479895,1.2814735921600593,4.639219455718878,SUCCESS,101112
E5_DT15_PD10_SEED101112,15,0.1,7.057277397260274,14.0,load_estimation,lstm,,raw,rmse,2.0053994123582317,0.4088705073983315,1.5965289049599,3.904729923218754,SUCCESS,101112
E5_DT15_PD10_SEED101112,15,0.1,7.057277397260274,14.0,load_estimation,lstm,,raw,mape,46.14472270642403,8.962657158047907,37.18206554837612,4.148553815314573,SUCCESS,101112
E5_DT15_PD10_SEED101112,15,0.1,7.057277397260274,14.0,load_estimation,lstm,,raw,r2,0.2594443784545912,0.9692158273028284,-0.7097714488482372,-0.7323151653676734,SUCCESS,101112
E5_DT15_PD10_SEED101112,15,0.1,7.057277397260274,14.0,anomaly_detection,isolation_forest,isolation_forest,raw,precision,0.1164658634538152,0.1164658634538152,0.0,0.0,SUCCESS,101112
E5_DT15_PD10_SEED101112,15,0.1,7.057277397260274,14.0,anomaly_detection,isolation_forest,isolation_forest,raw,recall,0.1188524590163934,0.1188524590163934,0.0,0.0,SUCCESS,101112
E5_DT15_PD10_SEED101112,15,0.1,7.057277397260274,14.0,anomaly_detection,isolation_forest,isolation_forest,raw,f1,0.1176470588235294,0.1176470588235294,0.0,0.0,SUCCESS,101112
E5_DT15_PD10_SEED101112,15,0.1,7.057277397260274,14.0,anomaly_detection,isolation_forest,isolation_forest,raw,false_positive_rate,0.0438946528332003,0.0438946528332003,0.0,0.0,SUCCESS,101112
E5_DT15_PD10_SEED101112,15,0.1,7.057277397260274,14.0,anomaly_detection,isolation_forest,isolation_forest,raw,pr_auc,0.09385708598261,0.09385708598261,0.0,0.0,SUCCESS,101112
E5_DT15_PD10_SEED101112,15,0.1,7.057277397260274,14.0,anomaly_detection,isolation_forest,isolation_forest,raw,roc_auc,0.7138596875695052,0.7138596875695052,0.0,0.0,SUCCESS,101112
E5_DT15_PD10_SEED101112,15,0.1,7.057277397260274,14.0,anomaly_detection,isolation_forest,isolation_forest,raw,detection_latency,3.2459016393442623,3.2459016393442623,0.0,0.0,SUCCESS,101112
E5_DT15_PD10_SEED101112,15,0.1,7.057277397260274,14.0,anomaly_detection,isolation_forest,isolation_forest,raw,threshold,0.5031683371451802,0.5031683371451802,0.0,0.0,SUCCESS,101112
E5_DT15_PD10_SEED101112,15,0.1,7.057277397260274,14.0,anomaly_detection,isolation_forest,isolation_forest,residual,precision,0.0464231354642313,0.0464231354642313,0.0,0.0,SUCCESS,101112
E5_DT15_PD10_SEED101112,15,0.1,7.057277397260274,14.0,anomaly_detection,isolation_forest,isolation_forest,residual,recall,1.0,1.0,0.0,0.0,SUCCESS,101112
E5_DT15_PD10_SEED101112,15,0.1,7.057277397260274,14.0,anomaly_detection,isolation_forest,isolation_forest,residual,f1,0.0887272727272727,0.0887272727272727,0.0,0.0,SUCCESS,101112
E5_DT15_PD10_SEED101112,15,0.1,7.057277397260274,14.0,anomaly_detection,isolation_forest,isolation_forest,residual,false_positive_rate,1.0,1.0,0.0,0.0,SUCCESS,101112
E5_DT15_PD10_SEED101112,15,0.1,7.057277397260274,14.0,anomaly_detection,isolation_forest,isolation_forest,residual,pr_auc,0.0467240718465274,0.0848377809693776,-0.0381137091228501,0.449253960763158,SUCCESS,101112
E5_DT15_PD10_SEED101112,15,0.1,7.057277397260274,14.0,anomaly_detection,isolation_forest,isolation_forest,residual,roc_auc,0.5363741773841142,0.6919352570224903,-0.155561079638376,0.2248202820416763,SUCCESS,101112
E5_DT15_PD10_SEED101112,15,0.1,7.057277397260274,14.0,anomaly_detection,isolation_forest,isolation_forest,residual,detection_latency,0.0,0.0,0.0,0.0,SUCCESS,101112
E5_DT15_PD10_SEED101112,15,0.1,7.057277397260274,14.0,anomaly_detection,isolation_forest,isolation_forest,residual,threshold,0.2937656541960819,0.2937656541960819,0.0,0.0,SUCCESS,101112
E5_DT15_PD10_SEED101112,15,0.1,7.057277397260274,14.0,anomaly_detection,lstm_autoencoder,lstm_autoencoder,raw,precision,0.4982578397212543,0.4982578397212543,0.0,0.0,SUCCESS,101112
E5_DT15_PD10_SEED101112,15,0.1,7.057277397260274,14.0,anomaly_detection,lstm_autoencoder,lstm_autoencoder,raw,recall,0.5860655737704918,0.5860655737704918,0.0,0.0,SUCCESS,101112
E5_DT15_PD10_SEED101112,15,0.1,7.057277397260274,14.0,anomaly_detection,lstm_autoencoder,lstm_autoencoder,raw,f1,0.5386064030131827,0.5386064030131827,0.0,0.0,SUCCESS,101112
E5_DT15_PD10_SEED101112,15,0.1,7.057277397260274,14.0,anomaly_detection,lstm_autoencoder,lstm_autoencoder,raw,false_positive_rate,0.028731045490822,0.028731045490822,0.0,0.0,SUCCESS,101112
E5_DT15_PD10_SEED101112,15,0.1,7.057277397260274,14.0,anomaly_detection,lstm_autoencoder,lstm_autoencoder,raw,pr_auc,0.561001698584242,0.561001698584242,0.0,0.0,SUCCESS,101112
E5_DT15_PD10_SEED101112,15,0.1,7.057277397260274,14.0,anomaly_detection,lstm_autoencoder,lstm_autoencoder,raw,roc_auc,0.9493396177043946,0.9493396177043946,0.0,0.0,SUCCESS,101112
E5_DT15_PD10_SEED101112,15,0.1,7.057277397260274,14.0,anomaly_detection,lstm_autoencoder,lstm_autoencoder,raw,detection_latency,1.3442622950819672,1.3442622950819672,0.0,0.0,SUCCESS,101112
E5_DT15_PD10_SEED101112,15,0.1,7.057277397260274,14.0,anomaly_detection,lstm_autoencoder,lstm_autoencoder,raw,threshold,0.0007370078528765,0.0007370078528765,0.0,0.0,SUCCESS,101112
E5_DT15_PD10_SEED101112,15,0.1,7.057277397260274,14.0,anomaly_detection,lstm_autoencoder,lstm_autoencoder,residual,precision,0.0464231354642313,0.0464231354642313,0.0,0.0,SUCCESS,101112
E5_DT15_PD10_SEED101112,15,0.1,7.057277397260274,14.0,anomaly_detection,lstm_autoencoder,lstm_autoencoder,residual,recall,1.0,1.0,0.0,0.0,SUCCESS,101112
E5_DT15_PD10_SEED101112,15,0.1,7.057277397260274,14.0,anomaly_detection,lstm_autoencoder,lstm_autoencoder,residual,f1,0.0887272727272727,0.0887272727272727,0.0,0.0,SUCCESS,101112
E5_DT15_PD10_SEED101112,15,0.1,7.057277397260274,14.0,anomaly_detection,lstm_autoencoder,lstm_autoencoder,residual,false_positive_rate,1.0,1.0,0.0,0.0,SUCCESS,101112
E5_DT15_PD10_SEED101112,15,0.1,7.057277397260274,14.0,anomaly_detection,lstm_autoencoder,lstm_autoencoder,residual,pr_auc,0.0976640144814501,0.1319000209425614,-0.0342360064611112,0.2595602807070065,SUCCESS,101112
E5_DT15_PD10_SEED101112,15,0.1,7.057277397260274,14.0,anomaly_detection,lstm_autoencoder,lstm_autoencoder,residual,roc_auc,0.6361936270982429,0.7417419504664216,-0.1055483233681786,0.1422979019884312,SUCCESS,101112
E5_DT15_PD10_SEED101112,15,0.1,7.057277397260274,14.0,anomaly_detection,lstm_autoencoder,lstm_autoencoder,residual,detection_latency,0.0,0.0,0.0,0.0,SUCCESS,101112
E5_DT15_PD10_SEED101112,15,0.1,7.057277397260274,14.0,anomaly_detection,lstm_autoencoder,lstm_autoencoder,residual,threshold,0.0003816792741417,0.0003816792741417,0.0,0.0,SUCCESS,101112
E5_DT15_PD20_SEED101112,15,0.2,7.131107305936073,14.0,load_estimation,persistence,,raw,mae,1.8763758682134128,0.4259453912122427,1.45043047700117,3.4052028896785043,SUCCESS,101112
E5_DT15_PD20_SEED101112,15,0.2,7.131107305936073,14.0,load_estimation,persistence,,raw,rmse,2.465667481509107,0.5819721564703912,1.883695325038716,3.2367447550466304,SUCCESS,101112
E5_DT15_PD20_SEED101112,15,0.2,7.131107305936073,14.0,load_estimation,persistence,,raw,mape,59.54367761466221,13.286006475148488,46.25767113951372,3.48168362148843,SUCCESS,101112
E5_DT15_PD20_SEED101112,15,0.2,7.131107305936073,14.0,load_estimation,persistence,,raw,r2,-0.1225600925775325,0.9374618546027488,-1.0600219471802812,-1.1307360848612529,SUCCESS,101112
E5_DT15_PD20_SEED101112,15,0.2,7.131107305936073,14.0,load_estimation,xgboost,,raw,mae,1.452096836457151,0.2731154812117145,1.1789813552454365,4.316786987009023,SUCCESS,101112
E5_DT15_PD20_SEED101112,15,0.2,7.131107305936073,14.0,load_estimation,xgboost,,raw,rmse,1.9184594311253356,0.4076096387383497,1.5108497923869857,3.7066095813225375,SUCCESS,101112
E5_DT15_PD20_SEED101112,15,0.2,7.131107305936073,14.0,load_estimation,xgboost,,raw,mape,45.42830711104313,9.005682087543944,36.42262502349919,4.044404928958854,SUCCESS,101112
E5_DT15_PD20_SEED101112,15,0.2,7.131107305936073,14.0,load_estimation,xgboost,,raw,r2,0.3204118094241119,0.9693218282677428,-0.6489100188436309,-0.6694474424487954,SUCCESS,101112
E5_DT15_PD20_SEED101112,15,0.2,7.131107305936073,14.0,load_estimation,lstm,,raw,mae,1.593928386644312,0.2762261204479895,1.3177022661963225,4.770375314467888,SUCCESS,101112
E5_DT15_PD20_SEED101112,15,0.2,7.131107305936073,14.0,load_estimation,lstm,,raw,rmse,2.0453100948896847,0.4088705073983315,1.636439587491353,4.002341958837091,SUCCESS,101112
E5_DT15_PD20_SEED101112,15,0.2,7.131107305936073,14.0,load_estimation,lstm,,raw,mape,47.18913605596671,8.962657158047907,38.2264788979188,4.265083247504765,SUCCESS,101112
E5_DT15_PD20_SEED101112,15,0.2,7.131107305936073,14.0,load_estimation,lstm,,raw,r2,0.229674561073661,0.9692158273028284,-0.7395412662291674,-0.7630305298327532,SUCCESS,101112
E5_DT15_PD20_SEED101112,15,0.2,7.131107305936073,14.0,anomaly_detection,isolation_forest,isolation_forest,raw,precision,0.1164658634538152,0.1164658634538152,0.0,0.0,SUCCESS,101112
E5_DT15_PD20_SEED101112,15,0.2,7.131107305936073,14.0,anomaly_detection,isolation_forest,isolation_forest,raw,recall,0.1188524590163934,0.1188524590163934,0.0,0.0,SUCCESS,101112
E5_DT15_PD20_SEED101112,15,0.2,7.131107305936073,14.0,anomaly_detection,isolation_forest,isolation_forest,raw,f1,0.1176470588235294,0.1176470588235294,0.0,0.0,SUCCESS,101112
E5_DT15_PD20_SEED101112,15,0.2,7.131107305936073,14.0,anomaly_detection,isolation_forest,isolation_forest,raw,false_positive_rate,0.0438946528332003,0.0438946528332003,0.0,0.0,SUCCESS,101112
E5_DT15_PD20_SEED101112,15,0.2,7.131107305936073,14.0,anomaly_detection,isolation_forest,isolation_forest,raw,pr_auc,0.09385708598261,0.09385708598261,0.0,0.0,SUCCESS,101112
E5_DT15_PD20_SEED101112,15,0.2,7.131107305936073,14.0,anomaly_detection,isolation_forest,isolation_forest,raw,roc_auc,0.7138596875695052,0.7138596875695052,0.0,0.0,SUCCESS,101112
E5_DT15_PD20_SEED101112,15,0.2,7.131107305936073,14.0,anomaly_detection,isolation_forest,isolation_forest,raw,detection_latency,3.2459016393442623,3.2459016393442623,0.0,0.0,SUCCESS,101112
E5_DT15_PD20_SEED101112,15,0.2,7.131107305936073,14.0,anomaly_detection,isolation_forest,isolation_forest,raw,threshold,0.5031683371451802,0.5031683371451802,0.0,0.0,SUCCESS,101112
E5_DT15_PD20_SEED101112,15,0.2,7.131107305936073,14.0,anomaly_detection,isolation_forest,isolation_forest,residual,precision,0.0464231354642313,0.0464231354642313,0.0,0.0,SUCCESS,101112
E5_DT15_PD20_SEED101112,15,0.2,7.131107305936073,14.0,anomaly_detection,isolation_forest,isolation_forest,residual,recall,1.0,1.0,0.0,0.0,SUCCESS,101112
E5_DT15_PD20_SEED101112,15,0.2,7.131107305936073,14.0,anomaly_detection,isolation_forest,isolation_forest,residual,f1,0.0887272727272727,0.0887272727272727,0.0,0.0,SUCCESS,101112
E5_DT15_PD20_SEED101112,15,0.2,7.131107305936073,14.0,anomaly_detection,isolation_forest,isolation_forest,residual,false_positive_rate,1.0,1.0,0.0,0.0,SUCCESS,101112
E5_DT15_PD20_SEED101112,15,0.2,7.131107305936073,14.0,anomaly_detection,isolation_forest,isolation_forest,residual,pr_auc,0.0535274618709258,0.0848377809693776,-0.0313103190984517,0.3690610331940825,SUCCESS,101112
E5_DT15_PD20_SEED101112,15,0.2,7.131107305936073,14.0,anomaly_detection,isolation_forest,isolation_forest,residual,roc_auc,0.569165151178156,0.6919352570224903,-0.1227701058443342,0.1774300479681205,SUCCESS,101112
E5_DT15_PD20_SEED101112,15,0.2,7.131107305936073,14.0,anomaly_detection,isolation_forest,isolation_forest,residual,detection_latency,0.0,0.0,0.0,0.0,SUCCESS,101112
E5_DT15_PD20_SEED101112,15,0.2,7.131107305936073,14.0,anomaly_detection,isolation_forest,isolation_forest,residual,threshold,0.2937656541960819,0.2937656541960819,0.0,0.0,SUCCESS,101112
E5_DT15_PD20_SEED101112,15,0.2,7.131107305936073,14.0,anomaly_detection,lstm_autoencoder,lstm_autoencoder,raw,precision,0.4982578397212543,0.4982578397212543,0.0,0.0,SUCCESS,101112
E5_DT15_PD20_SEED101112,15,0.2,7.131107305936073,14.0,anomaly_detection,lstm_autoencoder,lstm_autoencoder,raw,recall,0.5860655737704918,0.5860655737704918,0.0,0.0,SUCCESS,101112
E5_DT15_PD20_SEED101112,15,0.2,7.131107305936073,14.0,anomaly_detection,lstm_autoencoder,lstm_autoencoder,raw,f1,0.5386064030131827,0.5386064030131827,0.0,0.0,SUCCESS,101112
E5_DT15_PD20_SEED101112,15,0.2,7.131107305936073,14.0,anomaly_detection,lstm_autoencoder,lstm_autoencoder,raw,false_positive_rate,0.028731045490822,0.028731045490822,0.0,0.0,SUCCESS,101112
E5_DT15_PD20_SEED101112,15,0.2,7.131107305936073,14.0,anomaly_detection,lstm_autoencoder,lstm_autoencoder,raw,pr_auc,0.561001698584242,0.561001698584242,0.0,0.0,SUCCESS,101112
E5_DT15_PD20_SEED101112,15,0.2,7.131107305936073,14.0,anomaly_detection,lstm_autoencoder,lstm_autoencoder,raw,roc_auc,0.9493396177043946,0.9493396177043946,0.0,0.0,SUCCESS,101112
E5_DT15_PD20_SEED101112,15,0.2,7.131107305936073,14.0,anomaly_detection,lstm_autoencoder,lstm_autoencoder,raw,detection_latency,1.3442622950819672,1.3442622950819672,0.0,0.0,SUCCESS,101112
E5_DT15_PD20_SEED101112,15,0.2,7.131107305936073,14.0,anomaly_detection,lstm_autoencoder,lstm_autoencoder,raw,threshold,0.0007370078528765,0.0007370078528765,0.0,0.0,SUCCESS,101112
E5_DT15_PD20_SEED101112,15,0.2,7.131107305936073,14.0,anomaly_detection,lstm_autoencoder,lstm_autoencoder,residual,precision,0.0464231354642313,0.0464231354642313,0.0,0.0,SUCCESS,101112
E5_DT15_PD20_SEED101112,15,0.2,7.131107305936073,14.0,anomaly_detection,lstm_autoencoder,lstm_autoencoder,residual,recall,1.0,1.0,0.0,0.0,SUCCESS,101112
E5_DT15_PD20_SEED101112,15,0.2,7.131107305936073,14.0,anomaly_detection,lstm_autoencoder,lstm_autoencoder,residual,f1,0.0887272727272727,0.0887272727272727,0.0,0.0,SUCCESS,101112
E5_DT15_PD20_SEED101112,15,0.2,7.131107305936073,14.0,anomaly_detection,lstm_autoencoder,lstm_autoencoder,residual,false_positive_rate,1.0,1.0,0.0,0.0,SUCCESS,101112
E5_DT15_PD20_SEED101112,15,0.2,7.131107305936073,14.0,anomaly_detection,lstm_autoencoder,lstm_autoencoder,residual,pr_auc,0.1123321833861554,0.1319000209425614,-0.0195678375564059,0.1483535591319367,SUCCESS,101112
E5_DT15_PD20_SEED101112,15,0.2,7.131107305936073,14.0,anomaly_detection,lstm_autoencoder,lstm_autoencoder,residual,roc_auc,0.6633464930069473,0.7417419504664216,-0.0783954574594743,0.1056910120968319,SUCCESS,101112
E5_DT15_PD20_SEED101112,15,0.2,7.131107305936073,14.0,anomaly_detection,lstm_autoencoder,lstm_autoencoder,residual,detection_latency,0.0,0.0,0.0,0.0,SUCCESS,101112
E5_DT15_PD20_SEED101112,15,0.2,7.131107305936073,14.0,anomaly_detection,lstm_autoencoder,lstm_autoencoder,residual,threshold,0.0003816792741417,0.0003816792741417,0.0,0.0,SUCCESS,101112
E5_DT60_PD00_SEED101112,60,0.0,29.5,56.049999999995634,load_estimation,persistence,,raw,mae,2.524485909775512,0.4259453912122427,2.098540518563269,4.926783014580372,SUCCESS,101112
E5_DT60_PD00_SEED101112,60,0.0,29.5,56.049999999995634,load_estimation,persistence,,raw,rmse,3.211927667480327,0.5819721564703912,2.629955511009936,4.519040098001216,SUCCESS,101112
E5_DT60_PD00_SEED101112,60,0.0,29.5,56.049999999995634,load_estimation,persistence,,raw,mape,83.38282869872045,13.286006475148488,70.09682222357196,5.275988865027897,SUCCESS,101112
E5_DT60_PD00_SEED101112,60,0.0,29.5,56.049999999995634,load_estimation,persistence,,raw,r2,-0.9048996265177228,0.9374618546027488,-1.842361481120472,-1.9652655434190185,SUCCESS,101112
E5_DT60_PD00_SEED101112,60,0.0,29.5,56.049999999995634,load_estimation,xgboost,,raw,mae,1.8579663265967117,0.2731154812117145,1.584850845384997,5.802859795254328,SUCCESS,101112
E5_DT60_PD00_SEED101112,60,0.0,29.5,56.049999999995634,load_estimation,xgboost,,raw,rmse,2.4502494739150404,0.4076096387383497,2.042639835176691,5.0112648010463,SUCCESS,101112
E5_DT60_PD00_SEED101112,60,0.0,29.5,56.049999999995634,load_estimation,xgboost,,raw,mape,61.53158486763907,9.005682087543944,52.52590278009512,5.832529093242746,SUCCESS,101112
E5_DT60_PD00_SEED101112,60,0.0,29.5,56.049999999995634,load_estimation,xgboost,,raw,r2,-0.1085650773029776,0.9693218282677428,-1.0778869055707203,-1.1120010652158658,SUCCESS,101112
E5_DT60_PD00_SEED101112,60,0.0,29.5,56.049999999995634,load_estimation,lstm,,raw,mae,1.7936290449697931,0.2762261204479895,1.5174029245218037,5.493336119194111,SUCCESS,101112
E5_DT60_PD00_SEED101112,60,0.0,29.5,56.049999999995634,load_estimation,lstm,,raw,rmse,2.274995617397672,0.4088705073983315,1.8661251099993408,4.564098109872515,SUCCESS,101112
E5_DT60_PD00_SEED101112,60,0.0,29.5,56.049999999995634,load_estimation,lstm,,raw,mape,58.27592001913866,8.962657158047907,49.31326286109075,5.502080687847188,SUCCESS,101112
E5_DT60_PD00_SEED101112,60,0.0,29.5,56.049999999995634,load_estimation,lstm,,raw,r2,0.0469470169306219,0.9692158273028284,-0.9222688103722064,-0.9515618548437575,SUCCESS,101112
E5_DT60_PD00_SEED101112,60,0.0,29.5,56.049999999995634,anomaly_detection,isolation_forest,isolation_forest,raw,precision,0.1164658634538152,0.1164658634538152,0.0,0.0,SUCCESS,101112
E5_DT60_PD00_SEED101112,60,0.0,29.5,56.049999999995634,anomaly_detection,isolation_forest,isolation_forest,raw,recall,0.1188524590163934,0.1188524590163934,0.0,0.0,SUCCESS,101112
E5_DT60_PD00_SEED101112,60,0.0,29.5,56.049999999995634,anomaly_detection,isolation_forest,isolation_forest,raw,f1,0.1176470588235294,0.1176470588235294,0.0,0.0,SUCCESS,101112
E5_DT60_PD00_SEED101112,60,0.0,29.5,56.049999999995634,anomaly_detection,isolation_forest,isolation_forest,raw,false_positive_rate,0.0438946528332003,0.0438946528332003,0.0,0.0,SUCCESS,101112
E5_DT60_PD00_SEED101112,60,0.0,29.5,56.049999999995634,anomaly_detection,isolation_forest,isolation_forest,raw,pr_auc,0.09385708598261,0.09385708598261,0.0,0.0,SUCCESS,101112
E5_DT60_PD00_SEED101112,60,0.0,29.5,56.049999999995634,anomaly_detection,isolation_forest,isolation_forest,raw,roc_auc,0.7138596875695052,0.7138596875695052,0.0,0.0,SUCCESS,101112
E5_DT60_PD00_SEED101112,60,0.0,29.5,56.049999999995634,anomaly_detection,isolation_forest,isolation_forest,raw,detection_latency,3.2459016393442623,3.2459016393442623,0.0,0.0,SUCCESS,101112
E5_DT60_PD00_SEED101112,60,0.0,29.5,56.049999999995634,anomaly_detection,isolation_forest,isolation_forest,raw,threshold,0.5031683371451802,0.5031683371451802,0.0,0.0,SUCCESS,101112
E5_DT60_PD00_SEED101112,60,0.0,29.5,56.049999999995634,anomaly_detection,isolation_forest,isolation_forest,residual,precision,0.0464231354642313,0.0464231354642313,0.0,0.0,SUCCESS,101112
E5_DT60_PD00_SEED101112,60,0.0,29.5,56.049999999995634,anomaly_detection,isolation_forest,isolation_forest,residual,recall,1.0,1.0,0.0,0.0,SUCCESS,101112
E5_DT60_PD00_SEED101112,60,0.0,29.5,56.049999999995634,anomaly_detection,isolation_forest,isolation_forest,residual,f1,0.0887272727272727,0.0887272727272727,0.0,0.0,SUCCESS,101112
E5_DT60_PD00_SEED101112,60,0.0,29.5,56.049999999995634,anomaly_detection,isolation_forest,isolation_forest,residual,false_positive_rate,1.0,1.0,0.0,0.0,SUCCESS,101112
E5_DT60_PD00_SEED101112,60,0.0,29.5,56.049999999995634,anomaly_detection,isolation_forest,isolation_forest,residual,pr_auc,0.046852790017781,0.0848377809693776,-0.0379849909515966,0.4477367337708584,SUCCESS,101112
E5_DT60_PD00_SEED101112,60,0.0,29.5,56.049999999995634,anomaly_detection,isolation_forest,isolation_forest,residual,roc_auc,0.5076255511362893,0.6919352570224903,-0.184309705886201,0.2663684268370939,SUCCESS,101112
E5_DT60_PD00_SEED101112,60,0.0,29.5,56.049999999995634,anomaly_detection,isolation_forest,isolation_forest,residual,detection_latency,0.0,0.0,0.0,0.0,SUCCESS,101112
E5_DT60_PD00_SEED101112,60,0.0,29.5,56.049999999995634,anomaly_detection,isolation_forest,isolation_forest,residual,threshold,0.2937656541960819,0.2937656541960819,0.0,0.0,SUCCESS,101112
E5_DT60_PD00_SEED101112,60,0.0,29.5,56.049999999995634,anomaly_detection,lstm_autoencoder,lstm_autoencoder,raw,precision,0.4982578397212543,0.4982578397212543,0.0,0.0,SUCCESS,101112
E5_DT60_PD00_SEED101112,60,0.0,29.5,56.049999999995634,anomaly_detection,lstm_autoencoder,lstm_autoencoder,raw,recall,0.5860655737704918,0.5860655737704918,0.0,0.0,SUCCESS,101112
E5_DT60_PD00_SEED101112,60,0.0,29.5,56.049999999995634,anomaly_detection,lstm_autoencoder,lstm_autoencoder,raw,f1,0.5386064030131827,0.5386064030131827,0.0,0.0,SUCCESS,101112
E5_DT60_PD00_SEED101112,60,0.0,29.5,56.049999999995634,anomaly_detection,lstm_autoencoder,lstm_autoencoder,raw,false_positive_rate,0.028731045490822,0.028731045490822,0.0,0.0,SUCCESS,101112
E5_DT60_PD00_SEED101112,60,0.0,29.5,56.049999999995634,anomaly_detection,lstm_autoencoder,lstm_autoencoder,raw,pr_auc,0.561001698584242,0.561001698584242,0.0,0.0,SUCCESS,101112
E5_DT60_PD00_SEED101112,60,0.0,29.5,56.049999999995634,anomaly_detection,lstm_autoencoder,lstm_autoencoder,raw,roc_auc,0.9493396177043946,0.9493396177043946,0.0,0.0,SUCCESS,101112
E5_DT60_PD00_SEED101112,60,0.0,29.5,56.049999999995634,anomaly_detection,lstm_autoencoder,lstm_autoencoder,raw,detection_latency,1.3442622950819672,1.3442622950819672,0.0,0.0,SUCCESS,101112
E5_DT60_PD00_SEED101112,60,0.0,29.5,56.049999999995634,anomaly_detection,lstm_autoencoder,lstm_autoencoder,raw,threshold,0.0007370078528765,0.0007370078528765,0.0,0.0,SUCCESS,101112
E5_DT60_PD00_SEED101112,60,0.0,29.5,56.049999999995634,anomaly_detection,lstm_autoencoder,lstm_autoencoder,residual,precision,0.0464231354642313,0.0464231354642313,0.0,0.0,SUCCESS,101112
E5_DT60_PD00_SEED101112,60,0.0,29.5,56.049999999995634,anomaly_detection,lstm_autoencoder,lstm_autoencoder,residual,recall,1.0,1.0,0.0,0.0,SUCCESS,101112
E5_DT60_PD00_SEED101112,60,0.0,29.5,56.049999999995634,anomaly_detection,lstm_autoencoder,lstm_autoencoder,residual,f1,0.0887272727272727,0.0887272727272727,0.0,0.0,SUCCESS,101112
E5_DT60_PD00_SEED101112,60,0.0,29.5,56.049999999995634,anomaly_detection,lstm_autoencoder,lstm_autoencoder,residual,false_positive_rate,1.0,1.0,0.0,0.0,SUCCESS,101112
E5_DT60_PD00_SEED101112,60,0.0,29.5,56.049999999995634,anomaly_detection,lstm_autoencoder,lstm_autoencoder,residual,pr_auc,0.107517641349339,0.1319000209425614,-0.0243823795932223,0.1848550092637226,SUCCESS,101112
E5_DT60_PD00_SEED101112,60,0.0,29.5,56.049999999995634,anomaly_detection,lstm_autoencoder,lstm_autoencoder,residual,roc_auc,0.5843074980702052,0.7417419504664216,-0.1574344523962163,0.2122496271071341,SUCCESS,101112
E5_DT60_PD00_SEED101112,60,0.0,29.5,56.049999999995634,anomaly_detection,lstm_autoencoder,lstm_autoencoder,residual,detection_latency,0.0,0.0,0.0,0.0,SUCCESS,101112
E5_DT60_PD00_SEED101112,60,0.0,29.5,56.049999999995634,anomaly_detection,lstm_autoencoder,lstm_autoencoder,residual,threshold,0.0003816792741417,0.0003816792741417,0.0,0.0,SUCCESS,101112
E5_DT60_PD05_SEED101112,60,0.05,29.51506849315069,57.0,load_estimation,persistence,,raw,mae,2.5152119513334568,0.4259453912122427,2.089266560121214,4.905010368054813,SUCCESS,101112
E5_DT60_PD05_SEED101112,60,0.05,29.51506849315069,57.0,load_estimation,persistence,,raw,rmse,3.2599438229312288,0.5819721564703912,2.677971666460837,4.601546030487944,SUCCESS,101112
E5_DT60_PD05_SEED101112,60,0.05,29.51506849315069,57.0,load_estimation,persistence,,raw,mape,83.81263323821354,13.286006475148488,70.52662676306505,5.308339032875327,SUCCESS,101112
E5_DT60_PD05_SEED101112,60,0.05,29.51506849315069,57.0,load_estimation,persistence,,raw,r2,-0.962279270986884,0.9374618546027488,-1.899741125589633,-2.026472987953896,SUCCESS,101112
E5_DT60_PD05_SEED101112,60,0.05,29.51506849315069,57.0,load_estimation,xgboost,,raw,mae,1.8862464147842457,0.2731154812117145,1.6131309335725312,5.906406060966054,SUCCESS,101112
E5_DT60_PD05_SEED101112,60,0.05,29.51506849315069,57.0,load_estimation,xgboost,,raw,rmse,2.48451492381745,0.4076096387383497,2.0769052850791003,5.095329176973399,SUCCESS,101112
E5_DT60_PD05_SEED101112,60,0.05,29.51506849315069,57.0,load_estimation,xgboost,,raw,mape,62.66376415832136,9.005682087543944,53.65808207077741,5.958247420813764,SUCCESS,101112
E5_DT60_PD05_SEED101112,60,0.05,29.51506849315069,57.0,load_estimation,xgboost,,raw,r2,-0.1397872732568323,0.9693218282677428,-1.109109101524575,-1.1442114158376515,SUCCESS,101112
E5_DT60_PD05_SEED101112,60,0.05,29.51506849315069,57.0,load_estimation,lstm,,raw,mae,1.7636247267806004,0.2762261204479895,1.487398606332611,5.384713813162621,SUCCESS,101112
E5_DT60_PD05_SEED101112,60,0.05,29.51506849315069,57.0,load_estimation,lstm,,raw,rmse,2.265270539101357,0.4088705073983315,1.856400031703026,4.540312881737093,SUCCESS,101112
E5_DT60_PD05_SEED101112,60,0.05,29.51506849315069,57.0,load_estimation,lstm,,raw,mape,55.06806319709264,8.962657158047907,46.10540603904474,5.144167095317816,SUCCESS,101112
E5_DT60_PD05_SEED101112,60,0.05,29.51506849315069,57.0,load_estimation,lstm,,raw,r2,0.0550777618297263,0.9692158273028284,-0.914138065473102,-0.9431728617319438,SUCCESS,101112
E5_DT60_PD05_SEED101112,60,0.05,29.51506849315069,57.0,anomaly_detection,isolation_forest,isolation_forest,raw,precision,0.1164658634538152,0.1164658634538152,0.0,0.0,SUCCESS,101112
E5_DT60_PD05_SEED101112,60,0.05,29.51506849315069,57.0,anomaly_detection,isolation_forest,isolation_forest,raw,recall,0.1188524590163934,0.1188524590163934,0.0,0.0,SUCCESS,101112
E5_DT60_PD05_SEED101112,60,0.05,29.51506849315069,57.0,anomaly_detection,isolation_forest,isolation_forest,raw,f1,0.1176470588235294,0.1176470588235294,0.0,0.0,SUCCESS,101112
E5_DT60_PD05_SEED101112,60,0.05,29.51506849315069,57.0,anomaly_detection,isolation_forest,isolation_forest,raw,false_positive_rate,0.0438946528332003,0.0438946528332003,0.0,0.0,SUCCESS,101112
E5_DT60_PD05_SEED101112,60,0.05,29.51506849315069,57.0,anomaly_detection,isolation_forest,isolation_forest,raw,pr_auc,0.09385708598261,0.09385708598261,0.0,0.0,SUCCESS,101112
E5_DT60_PD05_SEED101112,60,0.05,29.51506849315069,57.0,anomaly_detection,isolation_forest,isolation_forest,raw,roc_auc,0.7138596875695052,0.7138596875695052,0.0,0.0,SUCCESS,101112
E5_DT60_PD05_SEED101112,60,0.05,29.51506849315069,57.0,anomaly_detection,isolation_forest,isolation_forest,raw,detection_latency,3.2459016393442623,3.2459016393442623,0.0,0.0,SUCCESS,101112
E5_DT60_PD05_SEED101112,60,0.05,29.51506849315069,57.0,anomaly_detection,isolation_forest,isolation_forest,raw,threshold,0.5031683371451802,0.5031683371451802,0.0,0.0,SUCCESS,101112
E5_DT60_PD05_SEED101112,60,0.05,29.51506849315069,57.0,anomaly_detection,isolation_forest,isolation_forest,residual,precision,0.0464231354642313,0.0464231354642313,0.0,0.0,SUCCESS,101112
E5_DT60_PD05_SEED101112,60,0.05,29.51506849315069,57.0,anomaly_detection,isolation_forest,isolation_forest,residual,recall,1.0,1.0,0.0,0.0,SUCCESS,101112
E5_DT60_PD05_SEED101112,60,0.05,29.51506849315069,57.0,anomaly_detection,isolation_forest,isolation_forest,residual,f1,0.0887272727272727,0.0887272727272727,0.0,0.0,SUCCESS,101112
E5_DT60_PD05_SEED101112,60,0.05,29.51506849315069,57.0,anomaly_detection,isolation_forest,isolation_forest,residual,false_positive_rate,1.0,1.0,0.0,0.0,SUCCESS,101112
E5_DT60_PD05_SEED101112,60,0.05,29.51506849315069,57.0,anomaly_detection,isolation_forest,isolation_forest,residual,pr_auc,0.0434818655744806,0.0848377809693776,-0.041355915394897,0.4874704986664433,SUCCESS,101112
E5_DT60_PD05_SEED101112,60,0.05,29.51506849315069,57.0,anomaly_detection,isolation_forest,isolation_forest,residual,roc_auc,0.5074943087409889,0.6919352570224903,-0.1844409482815013,0.2665581012234883,SUCCESS,101112
E5_DT60_PD05_SEED101112,60,0.05,29.51506849315069,57.0,anomaly_detection,isolation_forest,isolation_forest,residual,detection_latency,0.0,0.0,0.0,0.0,SUCCESS,101112
E5_DT60_PD05_SEED101112,60,0.05,29.51506849315069,57.0,anomaly_detection,isolation_forest,isolation_forest,residual,threshold,0.2937656541960819,0.2937656541960819,0.0,0.0,SUCCESS,101112
E5_DT60_PD05_SEED101112,60,0.05,29.51506849315069,57.0,anomaly_detection,lstm_autoencoder,lstm_autoencoder,raw,precision,0.4982578397212543,0.4982578397212543,0.0,0.0,SUCCESS,101112
E5_DT60_PD05_SEED101112,60,0.05,29.51506849315069,57.0,anomaly_detection,lstm_autoencoder,lstm_autoencoder,raw,recall,0.5860655737704918,0.5860655737704918,0.0,0.0,SUCCESS,101112
E5_DT60_PD05_SEED101112,60,0.05,29.51506849315069,57.0,anomaly_detection,lstm_autoencoder,lstm_autoencoder,raw,f1,0.5386064030131827,0.5386064030131827,0.0,0.0,SUCCESS,101112
E5_DT60_PD05_SEED101112,60,0.05,29.51506849315069,57.0,anomaly_detection,lstm_autoencoder,lstm_autoencoder,raw,false_positive_rate,0.028731045490822,0.028731045490822,0.0,0.0,SUCCESS,101112
E5_DT60_PD05_SEED101112,60,0.05,29.51506849315069,57.0,anomaly_detection,lstm_autoencoder,lstm_autoencoder,raw,pr_auc,0.561001698584242,0.561001698584242,0.0,0.0,SUCCESS,101112
E5_DT60_PD05_SEED101112,60,0.05,29.51506849315069,57.0,anomaly_detection,lstm_autoencoder,lstm_autoencoder,raw,roc_auc,0.9493396177043946,0.9493396177043946,0.0,0.0,SUCCESS,101112
E5_DT60_PD05_SEED101112,60,0.05,29.51506849315069,57.0,anomaly_detection,lstm_autoencoder,lstm_autoencoder,raw,detection_latency,1.3442622950819672,1.3442622950819672,0.0,0.0,SUCCESS,101112
E5_DT60_PD05_SEED101112,60,0.05,29.51506849315069,57.0,anomaly_detection,lstm_autoencoder,lstm_autoencoder,raw,threshold,0.0007370078528765,0.0007370078528765,0.0,0.0,SUCCESS,101112
E5_DT60_PD05_SEED101112,60,0.05,29.51506849315069,57.0,anomaly_detection,lstm_autoencoder,lstm_autoencoder,residual,precision,0.0464231354642313,0.0464231354642313,0.0,0.0,SUCCESS,101112
E5_DT60_PD05_SEED101112,60,0.05,29.51506849315069,57.0,anomaly_detection,lstm_autoencoder,lstm_autoencoder,residual,recall,1.0,1.0,0.0,0.0,SUCCESS,101112
E5_DT60_PD05_SEED101112,60,0.05,29.51506849315069,57.0,anomaly_detection,lstm_autoencoder,lstm_autoencoder,residual,f1,0.0887272727272727,0.0887272727272727,0.0,0.0,SUCCESS,101112
E5_DT60_PD05_SEED101112,60,0.05,29.51506849315069,57.0,anomaly_detection,lstm_autoencoder,lstm_autoencoder,residual,false_positive_rate,1.0,1.0,0.0,0.0,SUCCESS,101112
E5_DT60_PD05_SEED101112,60,0.05,29.51506849315069,57.0,anomaly_detection,lstm_autoencoder,lstm_autoencoder,residual,pr_auc,0.0986833180929291,0.1319000209425614,-0.0332167028496323,0.2518324304443986,SUCCESS,101112
E5_DT60_PD05_SEED101112,60,0.05,29.51506849315069,57.0,anomaly_detection,lstm_autoencoder,lstm_autoencoder,residual,roc_auc,0.563777262438999,0.7417419504664216,-0.1779646880274226,0.2399280341573171,SUCCESS,101112
E5_DT60_PD05_SEED101112,60,0.05,29.51506849315069,57.0,anomaly_detection,lstm_autoencoder,lstm_autoencoder,residual,detection_latency,0.0,0.0,0.0,0.0,SUCCESS,101112
E5_DT60_PD05_SEED101112,60,0.05,29.51506849315069,57.0,anomaly_detection,lstm_autoencoder,lstm_autoencoder,residual,threshold,0.0003816792741417,0.0003816792741417,0.0,0.0,SUCCESS,101112
E5_DT60_PD10_SEED101112,60,0.1,29.54894406392694,57.0,load_estimation,persistence,,raw,mae,2.5071550339369653,0.4259453912122427,2.081209642724722,4.8860949916645176,SUCCESS,101112
E5_DT60_PD10_SEED101112,60,0.1,29.54894406392694,57.0,load_estimation,persistence,,raw,rmse,3.237939039704856,0.5819721564703912,2.6559668832344645,4.563735315693906,SUCCESS,101112
E5_DT60_PD10_SEED101112,60,0.1,29.54894406392694,57.0,load_estimation,persistence,,raw,mape,83.00596214860437,13.286006475148488,69.71995567345589,5.247623189396095,SUCCESS,101112
E5_DT60_PD10_SEED101112,60,0.1,29.54894406392694,57.0,load_estimation,persistence,,raw,r2,-0.9358777129627388,0.9374618546027488,-1.873339567565488,-1.998310180161217,SUCCESS,101112
E5_DT60_PD10_SEED101112,60,0.1,29.54894406392694,57.0,load_estimation,xgboost,,raw,mae,1.8786207606259,0.2731154812117145,1.6055052794141855,5.878485072655494,SUCCESS,101112
E5_DT60_PD10_SEED101112,60,0.1,29.54894406392694,57.0,load_estimation,xgboost,,raw,rmse,2.472436270138036,0.4076096387383497,2.0648266313996864,5.0656962818416735,SUCCESS,101112
E5_DT60_PD10_SEED101112,60,0.1,29.54894406392694,57.0,load_estimation,xgboost,,raw,mape,62.427520779455584,9.005682087543944,53.42183869191164,5.932014718330014,SUCCESS,101112
E5_DT60_PD10_SEED101112,60,0.1,29.54894406392694,57.0,load_estimation,xgboost,,raw,r2,-0.1287318911929851,0.9693218282677428,-1.098053719460728,-1.1328061407871517,SUCCESS,101112
E5_DT60_PD10_SEED101112,60,0.1,29.54894406392694,57.0,load_estimation,lstm,,raw,mae,1.7498305909109233,0.2762261204479895,1.473604470462934,5.334775972934819,SUCCESS,101112
E5_DT60_PD10_SEED101112,60,0.1,29.54894406392694,57.0,load_estimation,lstm,,raw,rmse,2.2421026671793047,0.4088705073983315,1.833232159780973,4.48364977813133,SUCCESS,101112
E5_DT60_PD10_SEED101112,60,0.1,29.54894406392694,57.0,load_estimation,lstm,,raw,mape,54.78101309179775,8.962657158047907,45.81835593374984,5.112139751168304,SUCCESS,101112
E5_DT60_PD10_SEED101112,60,0.1,29.54894406392694,57.0,load_estimation,lstm,,raw,r2,0.0743071549752755,0.9692158273028284,-0.8949086723275529,-0.923332705799842,SUCCESS,101112
E5_DT60_PD10_SEED101112,60,0.1,29.54894406392694,57.0,anomaly_detection,isolation_forest,isolation_forest,raw,precision,0.1164658634538152,0.1164658634538152,0.0,0.0,SUCCESS,101112
E5_DT60_PD10_SEED101112,60,0.1,29.54894406392694,57.0,anomaly_detection,isolation_forest,isolation_forest,raw,recall,0.1188524590163934,0.1188524590163934,0.0,0.0,SUCCESS,101112
E5_DT60_PD10_SEED101112,60,0.1,29.54894406392694,57.0,anomaly_detection,isolation_forest,isolation_forest,raw,f1,0.1176470588235294,0.1176470588235294,0.0,0.0,SUCCESS,101112
E5_DT60_PD10_SEED101112,60,0.1,29.54894406392694,57.0,anomaly_detection,isolation_forest,isolation_forest,raw,false_positive_rate,0.0438946528332003,0.0438946528332003,0.0,0.0,SUCCESS,101112
E5_DT60_PD10_SEED101112,60,0.1,29.54894406392694,57.0,anomaly_detection,isolation_forest,isolation_forest,raw,pr_auc,0.09385708598261,0.09385708598261,0.0,0.0,SUCCESS,101112
E5_DT60_PD10_SEED101112,60,0.1,29.54894406392694,57.0,anomaly_detection,isolation_forest,isolation_forest,raw,roc_auc,0.7138596875695052,0.7138596875695052,0.0,0.0,SUCCESS,101112
E5_DT60_PD10_SEED101112,60,0.1,29.54894406392694,57.0,anomaly_detection,isolation_forest,isolation_forest,raw,detection_latency,3.2459016393442623,3.2459016393442623,0.0,0.0,SUCCESS,101112
E5_DT60_PD10_SEED101112,60,0.1,29.54894406392694,57.0,anomaly_detection,isolation_forest,isolation_forest,raw,threshold,0.5031683371451802,0.5031683371451802,0.0,0.0,SUCCESS,101112
E5_DT60_PD10_SEED101112,60,0.1,29.54894406392694,57.0,anomaly_detection,isolation_forest,isolation_forest,residual,precision,0.0464231354642313,0.0464231354642313,0.0,0.0,SUCCESS,101112
E5_DT60_PD10_SEED101112,60,0.1,29.54894406392694,57.0,anomaly_detection,isolation_forest,isolation_forest,residual,recall,1.0,1.0,0.0,0.0,SUCCESS,101112
E5_DT60_PD10_SEED101112,60,0.1,29.54894406392694,57.0,anomaly_detection,isolation_forest,isolation_forest,residual,f1,0.0887272727272727,0.0887272727272727,0.0,0.0,SUCCESS,101112
E5_DT60_PD10_SEED101112,60,0.1,29.54894406392694,57.0,anomaly_detection,isolation_forest,isolation_forest,residual,false_positive_rate,1.0,1.0,0.0,0.0,SUCCESS,101112
E5_DT60_PD10_SEED101112,60,0.1,29.54894406392694,57.0,anomaly_detection,isolation_forest,isolation_forest,residual,pr_auc,0.0491569909571857,0.0848377809693776,-0.0356807900121919,0.4205766535203339,SUCCESS,101112
E5_DT60_PD10_SEED101112,60,0.1,29.54894406392694,57.0,anomaly_detection,isolation_forest,isolation_forest,residual,roc_auc,0.5042300119058521,0.6919352570224903,-0.1877052451166381,0.271275734559855,SUCCESS,101112
E5_DT60_PD10_SEED101112,60,0.1,29.54894406392694,57.0,anomaly_detection,isolation_forest,isolation_forest,residual,detection_latency,0.0,0.0,0.0,0.0,SUCCESS,101112
E5_DT60_PD10_SEED101112,60,0.1,29.54894406392694,57.0,anomaly_detection,isolation_forest,isolation_forest,residual,threshold,0.2937656541960819,0.2937656541960819,0.0,0.0,SUCCESS,101112
E5_DT60_PD10_SEED101112,60,0.1,29.54894406392694,57.0,anomaly_detection,lstm_autoencoder,lstm_autoencoder,raw,precision,0.4982578397212543,0.4982578397212543,0.0,0.0,SUCCESS,101112
E5_DT60_PD10_SEED101112,60,0.1,29.54894406392694,57.0,anomaly_detection,lstm_autoencoder,lstm_autoencoder,raw,recall,0.5860655737704918,0.5860655737704918,0.0,0.0,SUCCESS,101112
E5_DT60_PD10_SEED101112,60,0.1,29.54894406392694,57.0,anomaly_detection,lstm_autoencoder,lstm_autoencoder,raw,f1,0.5386064030131827,0.5386064030131827,0.0,0.0,SUCCESS,101112
E5_DT60_PD10_SEED101112,60,0.1,29.54894406392694,57.0,anomaly_detection,lstm_autoencoder,lstm_autoencoder,raw,false_positive_rate,0.028731045490822,0.028731045490822,0.0,0.0,SUCCESS,101112
E5_DT60_PD10_SEED101112,60,0.1,29.54894406392694,57.0,anomaly_detection,lstm_autoencoder,lstm_autoencoder,raw,pr_auc,0.561001698584242,0.561001698584242,0.0,0.0,SUCCESS,101112
E5_DT60_PD10_SEED101112,60,0.1,29.54894406392694,57.0,anomaly_detection,lstm_autoencoder,lstm_autoencoder,raw,roc_auc,0.9493396177043946,0.9493396177043946,0.0,0.0,SUCCESS,101112
E5_DT60_PD10_SEED101112,60,0.1,29.54894406392694,57.0,anomaly_detection,lstm_autoencoder,lstm_autoencoder,raw,detection_latency,1.3442622950819672,1.3442622950819672,0.0,0.0,SUCCESS,101112
E5_DT60_PD10_SEED101112,60,0.1,29.54894406392694,57.0,anomaly_detection,lstm_autoencoder,lstm_autoencoder,raw,threshold,0.0007370078528765,0.0007370078528765,0.0,0.0,SUCCESS,101112
E5_DT60_PD10_SEED101112,60,0.1,29.54894406392694,57.0,anomaly_detection,lstm_autoencoder,lstm_autoencoder,residual,precision,0.0464231354642313,0.0464231354642313,0.0,0.0,SUCCESS,101112
E5_DT60_PD10_SEED101112,60,0.1,29.54894406392694,57.0,anomaly_detection,lstm_autoencoder,lstm_autoencoder,residual,recall,1.0,1.0,0.0,0.0,SUCCESS,101112
E5_DT60_PD10_SEED101112,60,0.1,29.54894406392694,57.0,anomaly_detection,lstm_autoencoder,lstm_autoencoder,residual,f1,0.0887272727272727,0.0887272727272727,0.0,0.0,SUCCESS,101112
E5_DT60_PD10_SEED101112,60,0.1,29.54894406392694,57.0,anomaly_detection,lstm_autoencoder,lstm_autoencoder,residual,false_positive_rate,1.0,1.0,0.0,0.0,SUCCESS,101112
E5_DT60_PD10_SEED101112,60,0.1,29.54894406392694,57.0,anomaly_detection,lstm_autoencoder,lstm_autoencoder,residual,pr_auc,0.0976659753038346,0.1319000209425614,-0.0342340456387267,0.2595454147322286,SUCCESS,101112
E5_DT60_PD10_SEED101112,60,0.1,29.54894406392694,57.0,anomaly_detection,lstm_autoencoder,lstm_autoencoder,residual,roc_auc,0.5836794970758703,0.7417419504664216,-0.1580624533905512,0.2130962840798724,SUCCESS,101112
E5_DT60_PD10_SEED101112,60,0.1,29.54894406392694,57.0,anomaly_detection,lstm_autoencoder,lstm_autoencoder,residual,detection_latency,0.0,0.0,0.0,0.0,SUCCESS,101112
E5_DT60_PD10_SEED101112,60,0.1,29.54894406392694,57.0,anomaly_detection,lstm_autoencoder,lstm_autoencoder,residual,threshold,0.0003816792741417,0.0003816792741417,0.0,0.0,SUCCESS,101112
E5_DT60_PD20_SEED101112,60,0.2,29.609503424657536,57.0,load_estimation,persistence,,raw,mae,2.504717097162656,0.4259453912122427,2.0787717059504134,4.880371401681842,SUCCESS,101112
E5_DT60_PD20_SEED101112,60,0.2,29.609503424657536,57.0,load_estimation,persistence,,raw,rmse,3.2172569749811024,0.5819721564703912,2.635284818510711,4.528197421837973,SUCCESS,101112
E5_DT60_PD20_SEED101112,60,0.2,29.609503424657536,57.0,load_estimation,persistence,,raw,mape,82.19297796681218,13.286006475148488,68.9069714916637,5.186432177385611,SUCCESS,101112
E5_DT60_PD20_SEED101112,60,0.2,29.609503424657536,57.0,load_estimation,persistence,,raw,r2,-0.9112261811424812,0.9374618546027488,-1.84868803574523,-1.9720141429419704,SUCCESS,101112
E5_DT60_PD20_SEED101112,60,0.2,29.609503424657536,57.0,load_estimation,xgboost,,raw,mae,1.877615566100341,0.2731154812117145,1.6045000848886266,5.8748045982968105,SUCCESS,101112
E5_DT60_PD20_SEED101112,60,0.2,29.609503424657536,57.0,load_estimation,xgboost,,raw,rmse,2.465369398303101,0.4076096387383497,2.057759759564752,5.048358929720148,SUCCESS,101112
E5_DT60_PD20_SEED101112,60,0.2,29.609503424657536,57.0,load_estimation,xgboost,,raw,mape,61.78850701529942,9.005682087543944,52.78282492775548,5.861057987019234,SUCCESS,101112
E5_DT60_PD20_SEED101112,60,0.2,29.609503424657536,57.0,load_estimation,xgboost,,raw,r2,-0.1222886885156566,0.9693218282677428,-1.0916105167833994,-1.1261590164890811,SUCCESS,101112
E5_DT60_PD20_SEED101112,60,0.2,29.609503424657536,57.0,load_estimation,lstm,,raw,mae,1.764909324285156,0.2762261204479895,1.488683203837167,5.389364341876098,SUCCESS,101112
E5_DT60_PD20_SEED101112,60,0.2,29.609503424657536,57.0,load_estimation,lstm,,raw,rmse,2.238823844931144,0.4088705073983315,1.8299533375328128,4.475630558870386,SUCCESS,101112
E5_DT60_PD20_SEED101112,60,0.2,29.609503424657536,57.0,load_estimation,lstm,,raw,mape,56.50595369196098,8.962657158047907,47.54329653391308,5.3045983680433615,SUCCESS,101112
E5_DT60_PD20_SEED101112,60,0.2,29.609503424657536,57.0,load_estimation,lstm,,raw,r2,0.0770126180513014,0.9692158273028284,-0.892203209251527,-0.9205413119742224,SUCCESS,101112
E5_DT60_PD20_SEED101112,60,0.2,29.609503424657536,57.0,anomaly_detection,isolation_forest,isolation_forest,raw,precision,0.1164658634538152,0.1164658634538152,0.0,0.0,SUCCESS,101112
E5_DT60_PD20_SEED101112,60,0.2,29.609503424657536,57.0,anomaly_detection,isolation_forest,isolation_forest,raw,recall,0.1188524590163934,0.1188524590163934,0.0,0.0,SUCCESS,101112
E5_DT60_PD20_SEED101112,60,0.2,29.609503424657536,57.0,anomaly_detection,isolation_forest,isolation_forest,raw,f1,0.1176470588235294,0.1176470588235294,0.0,0.0,SUCCESS,101112
E5_DT60_PD20_SEED101112,60,0.2,29.609503424657536,57.0,anomaly_detection,isolation_forest,isolation_forest,raw,false_positive_rate,0.0438946528332003,0.0438946528332003,0.0,0.0,SUCCESS,101112
E5_DT60_PD20_SEED101112,60,0.2,29.609503424657536,57.0,anomaly_detection,isolation_forest,isolation_forest,raw,pr_auc,0.09385708598261,0.09385708598261,0.0,0.0,SUCCESS,101112
E5_DT60_PD20_SEED101112,60,0.2,29.609503424657536,57.0,anomaly_detection,isolation_forest,isolation_forest,raw,roc_auc,0.7138596875695052,0.7138596875695052,0.0,0.0,SUCCESS,101112
E5_DT60_PD20_SEED101112,60,0.2,29.609503424657536,57.0,anomaly_detection,isolation_forest,isolation_forest,raw,detection_latency,3.2459016393442623,3.2459016393442623,0.0,0.0,SUCCESS,101112
E5_DT60_PD20_SEED101112,60,0.2,29.609503424657536,57.0,anomaly_detection,isolation_forest,isolation_forest,raw,threshold,0.5031683371451802,0.5031683371451802,0.0,0.0,SUCCESS,101112
E5_DT60_PD20_SEED101112,60,0.2,29.609503424657536,57.0,anomaly_detection,isolation_forest,isolation_forest,residual,precision,0.0464231354642313,0.0464231354642313,0.0,0.0,SUCCESS,101112
E5_DT60_PD20_SEED101112,60,0.2,29.609503424657536,57.0,anomaly_detection,isolation_forest,isolation_forest,residual,recall,1.0,1.0,0.0,0.0,SUCCESS,101112
E5_DT60_PD20_SEED101112,60,0.2,29.609503424657536,57.0,anomaly_detection,isolation_forest,isolation_forest,residual,f1,0.0887272727272727,0.0887272727272727,0.0,0.0,SUCCESS,101112
E5_DT60_PD20_SEED101112,60,0.2,29.609503424657536,57.0,anomaly_detection,isolation_forest,isolation_forest,residual,false_positive_rate,1.0,1.0,0.0,0.0,SUCCESS,101112
E5_DT60_PD20_SEED101112,60,0.2,29.609503424657536,57.0,anomaly_detection,isolation_forest,isolation_forest,residual,pr_auc,0.0506253745595223,0.0848377809693776,-0.0342124064098552,0.4032685204508627,SUCCESS,101112
E5_DT60_PD20_SEED101112,60,0.2,29.609503424657536,57.0,anomaly_detection,isolation_forest,isolation_forest,residual,roc_auc,0.558619558960135,0.6919352570224903,-0.1333156980623552,0.1926707689907785,SUCCESS,101112
E5_DT60_PD20_SEED101112,60,0.2,29.609503424657536,57.0,anomaly_detection,isolation_forest,isolation_forest,residual,detection_latency,0.0,0.0,0.0,0.0,SUCCESS,101112
E5_DT60_PD20_SEED101112,60,0.2,29.609503424657536,57.0,anomaly_detection,isolation_forest,isolation_forest,residual,threshold,0.2937656541960819,0.2937656541960819,0.0,0.0,SUCCESS,101112
E5_DT60_PD20_SEED101112,60,0.2,29.609503424657536,57.0,anomaly_detection,lstm_autoencoder,lstm_autoencoder,raw,precision,0.4982578397212543,0.4982578397212543,0.0,0.0,SUCCESS,101112
E5_DT60_PD20_SEED101112,60,0.2,29.609503424657536,57.0,anomaly_detection,lstm_autoencoder,lstm_autoencoder,raw,recall,0.5860655737704918,0.5860655737704918,0.0,0.0,SUCCESS,101112
E5_DT60_PD20_SEED101112,60,0.2,29.609503424657536,57.0,anomaly_detection,lstm_autoencoder,lstm_autoencoder,raw,f1,0.5386064030131827,0.5386064030131827,0.0,0.0,SUCCESS,101112
E5_DT60_PD20_SEED101112,60,0.2,29.609503424657536,57.0,anomaly_detection,lstm_autoencoder,lstm_autoencoder,raw,false_positive_rate,0.028731045490822,0.028731045490822,0.0,0.0,SUCCESS,101112
E5_DT60_PD20_SEED101112,60,0.2,29.609503424657536,57.0,anomaly_detection,lstm_autoencoder,lstm_autoencoder,raw,pr_auc,0.561001698584242,0.561001698584242,0.0,0.0,SUCCESS,101112
E5_DT60_PD20_SEED101112,60,0.2,29.609503424657536,57.0,anomaly_detection,lstm_autoencoder,lstm_autoencoder,raw,roc_auc,0.9493396177043946,0.9493396177043946,0.0,0.0,SUCCESS,101112
E5_DT60_PD20_SEED101112,60,0.2,29.609503424657536,57.0,anomaly_detection,lstm_autoencoder,lstm_autoencoder,raw,detection_latency,1.3442622950819672,1.3442622950819672,0.0,0.0,SUCCESS,101112
E5_DT60_PD20_SEED101112,60,0.2,29.609503424657536,57.0,anomaly_detection,lstm_autoencoder,lstm_autoencoder,raw,threshold,0.0007370078528765,0.0007370078528765,0.0,0.0,SUCCESS,101112
E5_DT60_PD20_SEED101112,60,0.2,29.609503424657536,57.0,anomaly_detection,lstm_autoencoder,lstm_autoencoder,residual,precision,0.0464231354642313,0.0464231354642313,0.0,0.0,SUCCESS,101112
E5_DT60_PD20_SEED101112,60,0.2,29.609503424657536,57.0,anomaly_detection,lstm_autoencoder,lstm_autoencoder,residual,recall,1.0,1.0,0.0,0.0,SUCCESS,101112
E5_DT60_PD20_SEED101112,60,0.2,29.609503424657536,57.0,anomaly_detection,lstm_autoencoder,lstm_autoencoder,residual,f1,0.0887272727272727,0.0887272727272727,0.0,0.0,SUCCESS,101112
E5_DT60_PD20_SEED101112,60,0.2,29.609503424657536,57.0,anomaly_detection,lstm_autoencoder,lstm_autoencoder,residual,false_positive_rate,1.0,1.0,0.0,0.0,SUCCESS,101112
E5_DT60_PD20_SEED101112,60,0.2,29.609503424657536,57.0,anomaly_detection,lstm_autoencoder,lstm_autoencoder,residual,pr_auc,0.1182311211297405,0.1319000209425614,-0.0136688998128209,0.1036307630214351,SUCCESS,101112
E5_DT60_PD20_SEED101112,60,0.2,29.609503424657536,57.0,anomaly_detection,lstm_autoencoder,lstm_autoencoder,residual,roc_auc,0.5771222835686157,0.7417419504664216,-0.1646196668978058,0.2219365734866281,SUCCESS,101112
E5_DT60_PD20_SEED101112,60,0.2,29.609503424657536,57.0,anomaly_detection,lstm_autoencoder,lstm_autoencoder,residual,detection_latency,0.0,0.0,0.0,0.0,SUCCESS,101112
E5_DT60_PD20_SEED101112,60,0.2,29.609503424657536,57.0,anomaly_detection,lstm_autoencoder,lstm_autoencoder,residual,threshold,0.0003816792741417,0.0003816792741417,0.0,0.0,SUCCESS,101112
E5_DT300_PD00_SEED101112,300,0.0,149.2945205479452,284.0,load_estimation,persistence,,raw,mae,2.6202302605957017,0.4259453912122427,2.194284869383459,5.151563826382798,SUCCESS,101112
E5_DT300_PD00_SEED101112,300,0.0,149.2945205479452,284.0,load_estimation,persistence,,raw,rmse,3.315960306253912,0.5819721564703912,2.7339881497835203,4.697798888463861,SUCCESS,101112
E5_DT300_PD00_SEED101112,300,0.0,149.2945205479452,284.0,load_estimation,persistence,,raw,mape,86.64435962708488,13.286006475148488,73.3583531519364,5.5214750413642655,SUCCESS,101112
E5_DT300_PD00_SEED101112,300,0.0,149.2945205479452,284.0,load_estimation,persistence,,raw,r2,-1.0302953978078304,0.9374618546027488,-1.9677572524105795,-2.099026475316609,SUCCESS,101112
E5_DT300_PD00_SEED101112,300,0.0,149.2945205479452,284.0,load_estimation,xgboost,,raw,mae,1.925706461775067,0.2731154812117145,1.6525909805633523,6.050887240926089,SUCCESS,101112
E5_DT300_PD00_SEED101112,300,0.0,149.2945205479452,284.0,load_estimation,xgboost,,raw,rmse,2.501856059869087,0.4076096387383497,2.094246421130737,5.137872665653677,SUCCESS,101112
E5_DT300_PD00_SEED101112,300,0.0,149.2945205479452,284.0,load_estimation,xgboost,,raw,mape,63.93942829444133,9.005682087543944,54.93374620689738,6.099898449988376,SUCCESS,101112
E5_DT300_PD00_SEED101112,300,0.0,149.2945205479452,284.0,load_estimation,xgboost,,raw,r2,-0.155753515568189,0.9693218282677428,-1.125075343835932,-1.1606829754845545,SUCCESS,101112
E5_DT300_PD00_SEED101112,300,0.0,149.2945205479452,284.0,load_estimation,lstm,,raw,mae,1.820927751626974,0.2762261204479895,1.5447016311789843,5.5921635096411375,SUCCESS,101112
E5_DT300_PD00_SEED101112,300,0.0,149.2945205479452,284.0,load_estimation,lstm,,raw,rmse,2.311035036657489,0.4088705073983315,1.9021645292591576,4.652241956414878,SUCCESS,101112
E5_DT300_PD00_SEED101112,300,0.0,149.2945205479452,284.0,load_estimation,lstm,,raw,mape,57.070978241991085,8.962657158047907,48.10832108394318,5.367640448094671,SUCCESS,101112
E5_DT300_PD00_SEED101112,300,0.0,149.2945205479452,284.0,load_estimation,lstm,,raw,r2,0.0165122028019003,0.9692158273028284,-0.952703624500928,-0.982963337641884,SUCCESS,101112
E5_DT300_PD00_SEED101112,300,0.0,149.2945205479452,284.0,anomaly_detection,isolation_forest,isolation_forest,raw,precision,0.1164658634538152,0.1164658634538152,0.0,0.0,SUCCESS,101112
E5_DT300_PD00_SEED101112,300,0.0,149.2945205479452,284.0,anomaly_detection,isolation_forest,isolation_forest,raw,recall,0.1188524590163934,0.1188524590163934,0.0,0.0,SUCCESS,101112
E5_DT300_PD00_SEED101112,300,0.0,149.2945205479452,284.0,anomaly_detection,isolation_forest,isolation_forest,raw,f1,0.1176470588235294,0.1176470588235294,0.0,0.0,SUCCESS,101112
E5_DT300_PD00_SEED101112,300,0.0,149.2945205479452,284.0,anomaly_detection,isolation_forest,isolation_forest,raw,false_positive_rate,0.0438946528332003,0.0438946528332003,0.0,0.0,SUCCESS,101112
E5_DT300_PD00_SEED101112,300,0.0,149.2945205479452,284.0,anomaly_detection,isolation_forest,isolation_forest,raw,pr_auc,0.09385708598261,0.09385708598261,0.0,0.0,SUCCESS,101112
E5_DT300_PD00_SEED101112,300,0.0,149.2945205479452,284.0,anomaly_detection,isolation_forest,isolation_forest,raw,roc_auc,0.7138596875695052,0.7138596875695052,0.0,0.0,SUCCESS,101112
E5_DT300_PD00_SEED101112,300,0.0,149.2945205479452,284.0,anomaly_detection,isolation_forest,isolation_forest,raw,detection_latency,3.2459016393442623,3.2459016393442623,0.0,0.0,SUCCESS,101112
E5_DT300_PD00_SEED101112,300,0.0,149.2945205479452,284.0,anomaly_detection,isolation_forest,isolation_forest,raw,threshold,0.5031683371451802,0.5031683371451802,0.0,0.0,SUCCESS,101112
E5_DT300_PD00_SEED101112,300,0.0,149.2945205479452,284.0,anomaly_detection,isolation_forest,isolation_forest,residual,precision,0.0464231354642313,0.0464231354642313,0.0,0.0,SUCCESS,101112
E5_DT300_PD00_SEED101112,300,0.0,149.2945205479452,284.0,anomaly_detection,isolation_forest,isolation_forest,residual,recall,1.0,1.0,0.0,0.0,SUCCESS,101112
E5_DT300_PD00_SEED101112,300,0.0,149.2945205479452,284.0,anomaly_detection,isolation_forest,isolation_forest,residual,f1,0.0887272727272727,0.0887272727272727,0.0,0.0,SUCCESS,101112
E5_DT300_PD00_SEED101112,300,0.0,149.2945205479452,284.0,anomaly_detection,isolation_forest,isolation_forest,residual,false_positive_rate,1.0,1.0,0.0,0.0,SUCCESS,101112
E5_DT300_PD00_SEED101112,300,0.0,149.2945205479452,284.0,anomaly_detection,isolation_forest,isolation_forest,residual,pr_auc,0.0520402699290784,0.0848377809693776,-0.0327975110402991,0.3865908639470132,SUCCESS,101112
E5_DT300_PD00_SEED101112,300,0.0,149.2945205479452,284.0,anomaly_detection,isolation_forest,isolation_forest,residual,roc_auc,0.5526576380620937,0.6919352570224903,-0.1392776189603966,0.2012870677521634,SUCCESS,101112
E5_DT300_PD00_SEED101112,300,0.0,149.2945205479452,284.0,anomaly_detection,isolation_forest,isolation_forest,residual,detection_latency,0.0,0.0,0.0,0.0,SUCCESS,101112
E5_DT300_PD00_SEED101112,300,0.0,149.2945205479452,284.0,anomaly_detection,isolation_forest,isolation_forest,residual,threshold,0.2937656541960819,0.2937656541960819,0.0,0.0,SUCCESS,101112
E5_DT300_PD00_SEED101112,300,0.0,149.2945205479452,284.0,anomaly_detection,lstm_autoencoder,lstm_autoencoder,raw,precision,0.4982578397212543,0.4982578397212543,0.0,0.0,SUCCESS,101112
E5_DT300_PD00_SEED101112,300,0.0,149.2945205479452,284.0,anomaly_detection,lstm_autoencoder,lstm_autoencoder,raw,recall,0.5860655737704918,0.5860655737704918,0.0,0.0,SUCCESS,101112
E5_DT300_PD00_SEED101112,300,0.0,149.2945205479452,284.0,anomaly_detection,lstm_autoencoder,lstm_autoencoder,raw,f1,0.5386064030131827,0.5386064030131827,0.0,0.0,SUCCESS,101112
E5_DT300_PD00_SEED101112,300,0.0,149.2945205479452,284.0,anomaly_detection,lstm_autoencoder,lstm_autoencoder,raw,false_positive_rate,0.028731045490822,0.028731045490822,0.0,0.0,SUCCESS,101112
E5_DT300_PD00_SEED101112,300,0.0,149.2945205479452,284.0,anomaly_detection,lstm_autoencoder,lstm_autoencoder,raw,pr_auc,0.561001698584242,0.561001698584242,0.0,0.0,SUCCESS,101112
E5_DT300_PD00_SEED101112,300,0.0,149.2945205479452,284.0,anomaly_detection,lstm_autoencoder,lstm_autoencoder,raw,roc_auc,0.9493396177043946,0.9493396177043946,0.0,0.0,SUCCESS,101112
E5_DT300_PD00_SEED101112,300,0.0,149.2945205479452,284.0,anomaly_detection,lstm_autoencoder,lstm_autoencoder,raw,detection_latency,1.3442622950819672,1.3442622950819672,0.0,0.0,SUCCESS,101112
E5_DT300_PD00_SEED101112,300,0.0,149.2945205479452,284.0,anomaly_detection,lstm_autoencoder,lstm_autoencoder,raw,threshold,0.0007370078528765,0.0007370078528765,0.0,0.0,SUCCESS,101112
E5_DT300_PD00_SEED101112,300,0.0,149.2945205479452,284.0,anomaly_detection,lstm_autoencoder,lstm_autoencoder,residual,precision,0.0464231354642313,0.0464231354642313,0.0,0.0,SUCCESS,101112
E5_DT300_PD00_SEED101112,300,0.0,149.2945205479452,284.0,anomaly_detection,lstm_autoencoder,lstm_autoencoder,residual,recall,1.0,1.0,0.0,0.0,SUCCESS,101112
E5_DT300_PD00_SEED101112,300,0.0,149.2945205479452,284.0,anomaly_detection,lstm_autoencoder,lstm_autoencoder,residual,f1,0.0887272727272727,0.0887272727272727,0.0,0.0,SUCCESS,101112
E5_DT300_PD00_SEED101112,300,0.0,149.2945205479452,284.0,anomaly_detection,lstm_autoencoder,lstm_autoencoder,residual,false_positive_rate,1.0,1.0,0.0,0.0,SUCCESS,101112
E5_DT300_PD00_SEED101112,300,0.0,149.2945205479452,284.0,anomaly_detection,lstm_autoencoder,lstm_autoencoder,residual,pr_auc,0.108812822435722,0.1319000209425614,-0.0230871985068393,0.175035593943485,SUCCESS,101112
E5_DT300_PD00_SEED101112,300,0.0,149.2945205479452,284.0,anomaly_detection,lstm_autoencoder,lstm_autoencoder,residual,roc_auc,0.6371192743971845,0.7417419504664216,-0.104622676069237,0.1410499648879887,SUCCESS,101112
E5_DT300_PD00_SEED101112,300,0.0,149.2945205479452,284.0,anomaly_detection,lstm_autoencoder,lstm_autoencoder,residual,detection_latency,0.0,0.0,0.0,0.0,SUCCESS,101112
E5_DT300_PD00_SEED101112,300,0.0,149.2945205479452,284.0,anomaly_detection,lstm_autoencoder,lstm_autoencoder,residual,threshold,0.0003816792741417,0.0003816792741417,0.0,0.0,SUCCESS,101112
E5_DT300_PD05_SEED101112,300,0.05,149.30539383561643,284.0,load_estimation,persistence,,raw,mae,2.4751753509951877,0.4259453912122427,2.0492299597829446,4.811015689008457,SUCCESS,101112
E5_DT300_PD05_SEED101112,300,0.05,149.30539383561643,284.0,load_estimation,persistence,,raw,rmse,3.217434008569708,0.5819721564703912,2.6354618520993167,4.5285016178147695,SUCCESS,101112
E5_DT300_PD05_SEED101112,300,0.05,149.30539383561643,284.0,load_estimation,persistence,,raw,mape,80.55792196500187,13.286006475148488,67.27191548985338,5.063366152627254,SUCCESS,101112
E5_DT300_PD05_SEED101112,300,0.05,149.30539383561643,284.0,load_estimation,persistence,,raw,r2,-0.9114365221511208,0.9374618546027488,-1.8488983767538696,-1.9722385158138984,SUCCESS,101112
E5_DT300_PD05_SEED101112,300,0.05,149.30539383561643,284.0,load_estimation,xgboost,,raw,mae,1.9472564160823824,0.2731154812117145,1.6741409348706675,6.129791425382078,SUCCESS,101112
E5_DT300_PD05_SEED101112,300,0.05,149.30539383561643,284.0,load_estimation,xgboost,,raw,rmse,2.4923280848696616,0.4076096387383497,2.084718446131312,5.114497421071834,SUCCESS,101112
E5_DT300_PD05_SEED101112,300,0.05,149.30539383561643,284.0,load_estimation,xgboost,,raw,mape,64.82039004321676,9.005682087543944,55.814707955672816,6.19772132894542,SUCCESS,101112
E5_DT300_PD05_SEED101112,300,0.05,149.30539383561643,284.0,load_estimation,xgboost,,raw,r2,-0.1469672213031734,0.9693218282677428,-1.1162890495709163,-1.1516186028388693,SUCCESS,101112
E5_DT300_PD05_SEED101112,300,0.05,149.30539383561643,284.0,load_estimation,lstm,,raw,mae,1.7564635338984642,0.2762261204479895,1.4802374134504748,5.35878870198732,SUCCESS,101112
E5_DT300_PD05_SEED101112,300,0.05,149.30539383561643,284.0,load_estimation,lstm,,raw,rmse,2.2057224934720203,0.4088705073983315,1.796851986073689,4.394672527268279,SUCCESS,101112
E5_DT300_PD05_SEED101112,300,0.05,149.30539383561643,284.0,load_estimation,lstm,,raw,mape,56.37495499587944,8.962657158047907,47.41229783783153,5.289982312361267,SUCCESS,101112
E5_DT300_PD05_SEED101112,300,0.05,149.30539383561643,284.0,load_estimation,lstm,,raw,r2,0.1041038703137621,0.9692158273028284,-0.8651119569890663,-0.8925895890459544,SUCCESS,101112
E5_DT300_PD05_SEED101112,300,0.05,149.30539383561643,284.0,anomaly_detection,isolation_forest,isolation_forest,raw,precision,0.1164658634538152,0.1164658634538152,0.0,0.0,SUCCESS,101112
E5_DT300_PD05_SEED101112,300,0.05,149.30539383561643,284.0,anomaly_detection,isolation_forest,isolation_forest,raw,recall,0.1188524590163934,0.1188524590163934,0.0,0.0,SUCCESS,101112
E5_DT300_PD05_SEED101112,300,0.05,149.30539383561643,284.0,anomaly_detection,isolation_forest,isolation_forest,raw,f1,0.1176470588235294,0.1176470588235294,0.0,0.0,SUCCESS,101112
E5_DT300_PD05_SEED101112,300,0.05,149.30539383561643,284.0,anomaly_detection,isolation_forest,isolation_forest,raw,false_positive_rate,0.0438946528332003,0.0438946528332003,0.0,0.0,SUCCESS,101112
E5_DT300_PD05_SEED101112,300,0.05,149.30539383561643,284.0,anomaly_detection,isolation_forest,isolation_forest,raw,pr_auc,0.09385708598261,0.09385708598261,0.0,0.0,SUCCESS,101112
E5_DT300_PD05_SEED101112,300,0.05,149.30539383561643,284.0,anomaly_detection,isolation_forest,isolation_forest,raw,roc_auc,0.7138596875695052,0.7138596875695052,0.0,0.0,SUCCESS,101112
E5_DT300_PD05_SEED101112,300,0.05,149.30539383561643,284.0,anomaly_detection,isolation_forest,isolation_forest,raw,detection_latency,3.2459016393442623,3.2459016393442623,0.0,0.0,SUCCESS,101112
E5_DT300_PD05_SEED101112,300,0.05,149.30539383561643,284.0,anomaly_detection,isolation_forest,isolation_forest,raw,threshold,0.5031683371451802,0.5031683371451802,0.0,0.0,SUCCESS,101112
E5_DT300_PD05_SEED101112,300,0.05,149.30539383561643,284.0,anomaly_detection,isolation_forest,isolation_forest,residual,precision,0.0464231354642313,0.0464231354642313,0.0,0.0,SUCCESS,101112
E5_DT300_PD05_SEED101112,300,0.05,149.30539383561643,284.0,anomaly_detection,isolation_forest,isolation_forest,residual,recall,1.0,1.0,0.0,0.0,SUCCESS,101112
E5_DT300_PD05_SEED101112,300,0.05,149.30539383561643,284.0,anomaly_detection,isolation_forest,isolation_forest,residual,f1,0.0887272727272727,0.0887272727272727,0.0,0.0,SUCCESS,101112
E5_DT300_PD05_SEED101112,300,0.05,149.30539383561643,284.0,anomaly_detection,isolation_forest,isolation_forest,residual,false_positive_rate,1.0,1.0,0.0,0.0,SUCCESS,101112
E5_DT300_PD05_SEED101112,300,0.05,149.30539383561643,284.0,anomaly_detection,isolation_forest,isolation_forest,residual,pr_auc,0.0448067847152087,0.0848377809693776,-0.0400309962541689,0.4718534100817438,SUCCESS,101112
E5_DT300_PD05_SEED101112,300,0.05,149.30539383561643,284.0,anomaly_detection,isolation_forest,isolation_forest,residual,roc_auc,0.5056475115460599,0.6919352570224903,-0.1862877454764303,0.2692271330096066,SUCCESS,101112
E5_DT300_PD05_SEED101112,300,0.05,149.30539383561643,284.0,anomaly_detection,isolation_forest,isolation_forest,residual,detection_latency,0.0,0.0,0.0,0.0,SUCCESS,101112
E5_DT300_PD05_SEED101112,300,0.05,149.30539383561643,284.0,anomaly_detection,isolation_forest,isolation_forest,residual,threshold,0.2937656541960819,0.2937656541960819,0.0,0.0,SUCCESS,101112
E5_DT300_PD05_SEED101112,300,0.05,149.30539383561643,284.0,anomaly_detection,lstm_autoencoder,lstm_autoencoder,raw,precision,0.4982578397212543,0.4982578397212543,0.0,0.0,SUCCESS,101112
E5_DT300_PD05_SEED101112,300,0.05,149.30539383561643,284.0,anomaly_detection,lstm_autoencoder,lstm_autoencoder,raw,recall,0.5860655737704918,0.5860655737704918,0.0,0.0,SUCCESS,101112
E5_DT300_PD05_SEED101112,300,0.05,149.30539383561643,284.0,anomaly_detection,lstm_autoencoder,lstm_autoencoder,raw,f1,0.5386064030131827,0.5386064030131827,0.0,0.0,SUCCESS,101112
E5_DT300_PD05_SEED101112,300,0.05,149.30539383561643,284.0,anomaly_detection,lstm_autoencoder,lstm_autoencoder,raw,false_positive_rate,0.028731045490822,0.028731045490822,0.0,0.0,SUCCESS,101112
E5_DT300_PD05_SEED101112,300,0.05,149.30539383561643,284.0,anomaly_detection,lstm_autoencoder,lstm_autoencoder,raw,pr_auc,0.561001698584242,0.561001698584242,0.0,0.0,SUCCESS,101112
E5_DT300_PD05_SEED101112,300,0.05,149.30539383561643,284.0,anomaly_detection,lstm_autoencoder,lstm_autoencoder,raw,roc_auc,0.9493396177043946,0.9493396177043946,0.0,0.0,SUCCESS,101112
E5_DT300_PD05_SEED101112,300,0.05,149.30539383561643,284.0,anomaly_detection,lstm_autoencoder,lstm_autoencoder,raw,detection_latency,1.3442622950819672,1.3442622950819672,0.0,0.0,SUCCESS,101112
E5_DT300_PD05_SEED101112,300,0.05,149.30539383561643,284.0,anomaly_detection,lstm_autoencoder,lstm_autoencoder,raw,threshold,0.0007370078528765,0.0007370078528765,0.0,0.0,SUCCESS,101112
E5_DT300_PD05_SEED101112,300,0.05,149.30539383561643,284.0,anomaly_detection,lstm_autoencoder,lstm_autoencoder,residual,precision,0.0464231354642313,0.0464231354642313,0.0,0.0,SUCCESS,101112
E5_DT300_PD05_SEED101112,300,0.05,149.30539383561643,284.0,anomaly_detection,lstm_autoencoder,lstm_autoencoder,residual,recall,1.0,1.0,0.0,0.0,SUCCESS,101112
E5_DT300_PD05_SEED101112,300,0.05,149.30539383561643,284.0,anomaly_detection,lstm_autoencoder,lstm_autoencoder,residual,f1,0.0887272727272727,0.0887272727272727,0.0,0.0,SUCCESS,101112
E5_DT300_PD05_SEED101112,300,0.05,149.30539383561643,284.0,anomaly_detection,lstm_autoencoder,lstm_autoencoder,residual,false_positive_rate,1.0,1.0,0.0,0.0,SUCCESS,101112
E5_DT300_PD05_SEED101112,300,0.05,149.30539383561643,284.0,anomaly_detection,lstm_autoencoder,lstm_autoencoder,residual,pr_auc,0.0901468421323213,0.1319000209425614,-0.0417531788102401,0.3165517223717682,SUCCESS,101112
E5_DT300_PD05_SEED101112,300,0.05,149.30539383561643,284.0,anomaly_detection,lstm_autoencoder,lstm_autoencoder,residual,roc_auc,0.5683842384833775,0.7417419504664216,-0.173357711983044,0.2337170115213699,SUCCESS,101112
E5_DT300_PD05_SEED101112,300,0.05,149.30539383561643,284.0,anomaly_detection,lstm_autoencoder,lstm_autoencoder,residual,detection_latency,0.0,0.0,0.0,0.0,SUCCESS,101112
E5_DT300_PD05_SEED101112,300,0.05,149.30539383561643,284.0,anomaly_detection,lstm_autoencoder,lstm_autoencoder,residual,threshold,0.0003816792741417,0.0003816792741417,0.0,0.0,SUCCESS,101112
E5_DT300_PD10_SEED101112,300,0.1,149.31124429223743,284.0,load_estimation,persistence,,raw,mae,2.493160115347968,0.4259453912122427,2.067214724135725,4.853238858278105,SUCCESS,101112
E5_DT300_PD10_SEED101112,300,0.1,149.31124429223743,284.0,load_estimation,persistence,,raw,rmse,3.2231513690055245,0.5819721564703912,2.641179212535133,4.538325731171827,SUCCESS,101112
E5_DT300_PD10_SEED101112,300,0.1,149.31124429223743,284.0,load_estimation,persistence,,raw,mape,79.30486482658569,13.286006475148488,66.0188583514372,4.969052098154977,SUCCESS,101112
E5_DT300_PD10_SEED101112,300,0.1,149.31124429223743,284.0,load_estimation,persistence,,raw,r2,-0.9182357797848038,0.9374618546027488,-1.8556976343875524,-1.979491352396315,SUCCESS,101112
E5_DT300_PD10_SEED101112,300,0.1,149.31124429223743,284.0,load_estimation,xgboost,,raw,mae,1.9256244552416708,0.2731154812117145,1.6525089740299563,6.050586977707643,SUCCESS,101112
E5_DT300_PD10_SEED101112,300,0.1,149.31124429223743,284.0,load_estimation,xgboost,,raw,rmse,2.5309460998079483,0.4076096387383497,2.1233364610695986,5.209240065180592,SUCCESS,101112
E5_DT300_PD10_SEED101112,300,0.1,149.31124429223743,284.0,load_estimation,xgboost,,raw,mape,61.66942273405292,9.005682087543944,52.66374064650898,5.847834748613871,SUCCESS,101112
E5_DT300_PD10_SEED101112,300,0.1,149.31124429223743,284.0,load_estimation,xgboost,,raw,r2,-0.1827865476532923,0.9693218282677428,-1.152108375921035,-1.188571578935705,SUCCESS,101112
E5_DT300_PD10_SEED101112,300,0.1,149.31124429223743,284.0,load_estimation,lstm,,raw,mae,1.7960275769256484,0.2762261204479895,1.519801456477659,5.50201933840584,SUCCESS,101112
E5_DT300_PD10_SEED101112,300,0.1,149.31124429223743,284.0,load_estimation,lstm,,raw,rmse,2.2492480790029044,0.4088705073983315,1.840377571604573,4.501125755719116,SUCCESS,101112
E5_DT300_PD10_SEED101112,300,0.1,149.31124429223743,284.0,load_estimation,lstm,,raw,mape,58.27174552015715,8.962657158047907,49.30908836210924,5.501614922069484,SUCCESS,101112
E5_DT300_PD10_SEED101112,300,0.1,149.31124429223743,284.0,load_estimation,lstm,,raw,r2,0.0683975268537876,0.9692158273028284,-0.9008183004490408,-0.9294300351613872,SUCCESS,101112
E5_DT300_PD10_SEED101112,300,0.1,149.31124429223743,284.0,anomaly_detection,isolation_forest,isolation_forest,raw,precision,0.1164658634538152,0.1164658634538152,0.0,0.0,SUCCESS,101112
E5_DT300_PD10_SEED101112,300,0.1,149.31124429223743,284.0,anomaly_detection,isolation_forest,isolation_forest,raw,recall,0.1188524590163934,0.1188524590163934,0.0,0.0,SUCCESS,101112
E5_DT300_PD10_SEED101112,300,0.1,149.31124429223743,284.0,anomaly_detection,isolation_forest,isolation_forest,raw,f1,0.1176470588235294,0.1176470588235294,0.0,0.0,SUCCESS,101112
E5_DT300_PD10_SEED101112,300,0.1,149.31124429223743,284.0,anomaly_detection,isolation_forest,isolation_forest,raw,false_positive_rate,0.0438946528332003,0.0438946528332003,0.0,0.0,SUCCESS,101112
E5_DT300_PD10_SEED101112,300,0.1,149.31124429223743,284.0,anomaly_detection,isolation_forest,isolation_forest,raw,pr_auc,0.09385708598261,0.09385708598261,0.0,0.0,SUCCESS,101112
E5_DT300_PD10_SEED101112,300,0.1,149.31124429223743,284.0,anomaly_detection,isolation_forest,isolation_forest,raw,roc_auc,0.7138596875695052,0.7138596875695052,0.0,0.0,SUCCESS,101112
E5_DT300_PD10_SEED101112,300,0.1,149.31124429223743,284.0,anomaly_detection,isolation_forest,isolation_forest,raw,detection_latency,3.2459016393442623,3.2459016393442623,0.0,0.0,SUCCESS,101112
E5_DT300_PD10_SEED101112,300,0.1,149.31124429223743,284.0,anomaly_detection,isolation_forest,isolation_forest,raw,threshold,0.5031683371451802,0.5031683371451802,0.0,0.0,SUCCESS,101112
E5_DT300_PD10_SEED101112,300,0.1,149.31124429223743,284.0,anomaly_detection,isolation_forest,isolation_forest,residual,precision,0.0464231354642313,0.0464231354642313,0.0,0.0,SUCCESS,101112
E5_DT300_PD10_SEED101112,300,0.1,149.31124429223743,284.0,anomaly_detection,isolation_forest,isolation_forest,residual,recall,1.0,1.0,0.0,0.0,SUCCESS,101112
E5_DT300_PD10_SEED101112,300,0.1,149.31124429223743,284.0,anomaly_detection,isolation_forest,isolation_forest,residual,f1,0.0887272727272727,0.0887272727272727,0.0,0.0,SUCCESS,101112
E5_DT300_PD10_SEED101112,300,0.1,149.31124429223743,284.0,anomaly_detection,isolation_forest,isolation_forest,residual,false_positive_rate,1.0,1.0,0.0,0.0,SUCCESS,101112
E5_DT300_PD10_SEED101112,300,0.1,149.31124429223743,284.0,anomaly_detection,isolation_forest,isolation_forest,residual,pr_auc,0.0435623313741222,0.0848377809693776,-0.0412754495952554,0.4865220320903241,SUCCESS,101112
E5_DT300_PD10_SEED101112,300,0.1,149.31124429223743,284.0,anomaly_detection,isolation_forest,isolation_forest,residual,roc_auc,0.4937576046995408,0.6919352570224903,-0.1981776523229494,0.2864106869994457,SUCCESS,101112
E5_DT300_PD10_SEED101112,300,0.1,149.31124429223743,284.0,anomaly_detection,isolation_forest,isolation_forest,residual,detection_latency,0.0,0.0,0.0,0.0,SUCCESS,101112
E5_DT300_PD10_SEED101112,300,0.1,149.31124429223743,284.0,anomaly_detection,isolation_forest,isolation_forest,residual,threshold,0.2937656541960819,0.2937656541960819,0.0,0.0,SUCCESS,101112
E5_DT300_PD10_SEED101112,300,0.1,149.31124429223743,284.0,anomaly_detection,lstm_autoencoder,lstm_autoencoder,raw,precision,0.4982578397212543,0.4982578397212543,0.0,0.0,SUCCESS,101112
E5_DT300_PD10_SEED101112,300,0.1,149.31124429223743,284.0,anomaly_detection,lstm_autoencoder,lstm_autoencoder,raw,recall,0.5860655737704918,0.5860655737704918,0.0,0.0,SUCCESS,101112
E5_DT300_PD10_SEED101112,300,0.1,149.31124429223743,284.0,anomaly_detection,lstm_autoencoder,lstm_autoencoder,raw,f1,0.5386064030131827,0.5386064030131827,0.0,0.0,SUCCESS,101112
E5_DT300_PD10_SEED101112,300,0.1,149.31124429223743,284.0,anomaly_detection,lstm_autoencoder,lstm_autoencoder,raw,false_positive_rate,0.028731045490822,0.028731045490822,0.0,0.0,SUCCESS,101112
E5_DT300_PD10_SEED101112,300,0.1,149.31124429223743,284.0,anomaly_detection,lstm_autoencoder,lstm_autoencoder,raw,pr_auc,0.561001698584242,0.561001698584242,0.0,0.0,SUCCESS,101112
E5_DT300_PD10_SEED101112,300,0.1,149.31124429223743,284.0,anomaly_detection,lstm_autoencoder,lstm_autoencoder,raw,roc_auc,0.9493396177043946,0.9493396177043946,0.0,0.0,SUCCESS,101112
E5_DT300_PD10_SEED101112,300,0.1,149.31124429223743,284.0,anomaly_detection,lstm_autoencoder,lstm_autoencoder,raw,detection_latency,1.3442622950819672,1.3442622950819672,0.0,0.0,SUCCESS,101112
E5_DT300_PD10_SEED101112,300,0.1,149.31124429223743,284.0,anomaly_detection,lstm_autoencoder,lstm_autoencoder,raw,threshold,0.0007370078528765,0.0007370078528765,0.0,0.0,SUCCESS,101112
E5_DT300_PD10_SEED101112,300,0.1,149.31124429223743,284.0,anomaly_detection,lstm_autoencoder,lstm_autoencoder,residual,precision,0.0464231354642313,0.0464231354642313,0.0,0.0,SUCCESS,101112
E5_DT300_PD10_SEED101112,300,0.1,149.31124429223743,284.0,anomaly_detection,lstm_autoencoder,lstm_autoencoder,residual,recall,1.0,1.0,0.0,0.0,SUCCESS,101112
E5_DT300_PD10_SEED101112,300,0.1,149.31124429223743,284.0,anomaly_detection,lstm_autoencoder,lstm_autoencoder,residual,f1,0.0887272727272727,0.0887272727272727,0.0,0.0,SUCCESS,101112
E5_DT300_PD10_SEED101112,300,0.1,149.31124429223743,284.0,anomaly_detection,lstm_autoencoder,lstm_autoencoder,residual,false_positive_rate,1.0,1.0,0.0,0.0,SUCCESS,101112
E5_DT300_PD10_SEED101112,300,0.1,149.31124429223743,284.0,anomaly_detection,lstm_autoencoder,lstm_autoencoder,residual,pr_auc,0.1044576663180589,0.1319000209425614,-0.0274423546245024,0.2080542097597754,SUCCESS,101112
E5_DT300_PD10_SEED101112,300,0.1,149.31124429223743,284.0,anomaly_detection,lstm_autoencoder,lstm_autoencoder,residual,roc_auc,0.5752889785825495,0.7417419504664216,-0.1664529718838721,0.2244081944929813,SUCCESS,101112
E5_DT300_PD10_SEED101112,300,0.1,149.31124429223743,284.0,anomaly_detection,lstm_autoencoder,lstm_autoencoder,residual,detection_latency,0.0,0.0,0.0,0.0,SUCCESS,101112
E5_DT300_PD10_SEED101112,300,0.1,149.31124429223743,284.0,anomaly_detection,lstm_autoencoder,lstm_autoencoder,residual,threshold,0.0003816792741417,0.0003816792741417,0.0,0.0,SUCCESS,101112
E5_DT300_PD20_SEED101112,300,0.2,149.34183789954338,285.0,load_estimation,persistence,,raw,mae,2.516837464030293,0.4259453912122427,2.090892072818051,4.908826614762426,SUCCESS,101112
E5_DT300_PD20_SEED101112,300,0.2,149.34183789954338,285.0,load_estimation,persistence,,raw,rmse,3.245927028844123,0.5819721564703912,2.663954872373732,4.577461039597458,SUCCESS,101112
E5_DT300_PD20_SEED101112,300,0.2,149.34183789954338,285.0,load_estimation,persistence,,raw,mape,84.01151853076175,13.286006475148488,70.72551205561327,5.323308564383551,SUCCESS,101112
E5_DT300_PD20_SEED101112,300,0.2,149.34183789954338,285.0,load_estimation,persistence,,raw,r2,-0.9454411077649636,0.9374618546027488,-1.8829029623677125,-2.00851154969457,SUCCESS,101112
E5_DT300_PD20_SEED101112,300,0.2,149.34183789954338,285.0,load_estimation,xgboost,,raw,mae,1.9314523634573093,0.2731154812117145,1.658336882245595,6.071925600438886,SUCCESS,101112
E5_DT300_PD20_SEED101112,300,0.2,149.34183789954338,285.0,load_estimation,xgboost,,raw,rmse,2.510124644709947,0.4076096387383497,2.1025150059715974,5.158158213528485,SUCCESS,101112
E5_DT300_PD20_SEED101112,300,0.2,149.34183789954338,285.0,load_estimation,xgboost,,raw,mape,64.7615410319976,9.005682087543944,55.75585894445365,6.1911866755291545,SUCCESS,101112
E5_DT300_PD20_SEED101112,300,0.2,149.34183789954338,285.0,load_estimation,xgboost,,raw,r2,-0.1634056248039959,0.9693218282677428,-1.1327274530717388,-1.168577267155961,SUCCESS,101112
E5_DT300_PD20_SEED101112,300,0.2,149.34183789954338,285.0,load_estimation,lstm,,raw,mae,1.7917253188141076,0.2762261204479895,1.515499198366118,5.486444207044029,SUCCESS,101112
E5_DT300_PD20_SEED101112,300,0.2,149.34183789954338,285.0,load_estimation,lstm,,raw,rmse,2.26157126368265,0.4088705073983315,1.8527007562843183,4.531265334037343,SUCCESS,101112
E5_DT300_PD20_SEED101112,300,0.2,149.34183789954338,285.0,load_estimation,lstm,,raw,mape,56.60687321332658,8.962657158047907,47.64421605527868,5.315858368240399,SUCCESS,101112
E5_DT300_PD20_SEED101112,300,0.2,149.34183789954338,285.0,load_estimation,lstm,,raw,r2,0.058161431864976,0.9692158273028284,-0.9110543954378524,-0.9399912483612346,SUCCESS,101112
E5_DT300_PD20_SEED101112,300,0.2,149.34183789954338,285.0,anomaly_detection,isolation_forest,isolation_forest,raw,precision,0.1164658634538152,0.1164658634538152,0.0,0.0,SUCCESS,101112
E5_DT300_PD20_SEED101112,300,0.2,149.34183789954338,285.0,anomaly_detection,isolation_forest,isolation_forest,raw,recall,0.1188524590163934,0.1188524590163934,0.0,0.0,SUCCESS,101112
E5_DT300_PD20_SEED101112,300,0.2,149.34183789954338,285.0,anomaly_detection,isolation_forest,isolation_forest,raw,f1,0.1176470588235294,0.1176470588235294,0.0,0.0,SUCCESS,101112
E5_DT300_PD20_SEED101112,300,0.2,149.34183789954338,285.0,anomaly_detection,isolation_forest,isolation_forest,raw,false_positive_rate,0.0438946528332003,0.0438946528332003,0.0,0.0,SUCCESS,101112
E5_DT300_PD20_SEED101112,300,0.2,149.34183789954338,285.0,anomaly_detection,isolation_forest,isolation_forest,raw,pr_auc,0.09385708598261,0.09385708598261,0.0,0.0,SUCCESS,101112
E5_DT300_PD20_SEED101112,300,0.2,149.34183789954338,285.0,anomaly_detection,isolation_forest,isolation_forest,raw,roc_auc,0.7138596875695052,0.7138596875695052,0.0,0.0,SUCCESS,101112
E5_DT300_PD20_SEED101112,300,0.2,149.34183789954338,285.0,anomaly_detection,isolation_forest,isolation_forest,raw,detection_latency,3.2459016393442623,3.2459016393442623,0.0,0.0,SUCCESS,101112
E5_DT300_PD20_SEED101112,300,0.2,149.34183789954338,285.0,anomaly_detection,isolation_forest,isolation_forest,raw,threshold,0.5031683371451802,0.5031683371451802,0.0,0.0,SUCCESS,101112
E5_DT300_PD20_SEED101112,300,0.2,149.34183789954338,285.0,anomaly_detection,isolation_forest,isolation_forest,residual,precision,0.0464231354642313,0.0464231354642313,0.0,0.0,SUCCESS,101112
E5_DT300_PD20_SEED101112,300,0.2,149.34183789954338,285.0,anomaly_detection,isolation_forest,isolation_forest,residual,recall,1.0,1.0,0.0,0.0,SUCCESS,101112
E5_DT300_PD20_SEED101112,300,0.2,149.34183789954338,285.0,anomaly_detection,isolation_forest,isolation_forest,residual,f1,0.0887272727272727,0.0887272727272727,0.0,0.0,SUCCESS,101112
E5_DT300_PD20_SEED101112,300,0.2,149.34183789954338,285.0,anomaly_detection,isolation_forest,isolation_forest,residual,false_positive_rate,1.0,1.0,0.0,0.0,SUCCESS,101112
E5_DT300_PD20_SEED101112,300,0.2,149.34183789954338,285.0,anomaly_detection,isolation_forest,isolation_forest,residual,pr_auc,0.0458480734448947,0.0848377809693776,-0.0389897075244829,0.459579530239674,SUCCESS,101112
E5_DT300_PD20_SEED101112,300,0.2,149.34183789954338,285.0,anomaly_detection,isolation_forest,isolation_forest,residual,roc_auc,0.5061495852576766,0.6919352570224903,-0.1857856717648136,0.2685015250766084,SUCCESS,101112
E5_DT300_PD20_SEED101112,300,0.2,149.34183789954338,285.0,anomaly_detection,isolation_forest,isolation_forest,residual,detection_latency,0.0,0.0,0.0,0.0,SUCCESS,101112
E5_DT300_PD20_SEED101112,300,0.2,149.34183789954338,285.0,anomaly_detection,isolation_forest,isolation_forest,residual,threshold,0.2937656541960819,0.2937656541960819,0.0,0.0,SUCCESS,101112
E5_DT300_PD20_SEED101112,300,0.2,149.34183789954338,285.0,anomaly_detection,lstm_autoencoder,lstm_autoencoder,raw,precision,0.4982578397212543,0.4982578397212543,0.0,0.0,SUCCESS,101112
E5_DT300_PD20_SEED101112,300,0.2,149.34183789954338,285.0,anomaly_detection,lstm_autoencoder,lstm_autoencoder,raw,recall,0.5860655737704918,0.5860655737704918,0.0,0.0,SUCCESS,101112
E5_DT300_PD20_SEED101112,300,0.2,149.34183789954338,285.0,anomaly_detection,lstm_autoencoder,lstm_autoencoder,raw,f1,0.5386064030131827,0.5386064030131827,0.0,0.0,SUCCESS,101112
E5_DT300_PD20_SEED101112,300,0.2,149.34183789954338,285.0,anomaly_detection,lstm_autoencoder,lstm_autoencoder,raw,false_positive_rate,0.028731045490822,0.028731045490822,0.0,0.0,SUCCESS,101112
E5_DT300_PD20_SEED101112,300,0.2,149.34183789954338,285.0,anomaly_detection,lstm_autoencoder,lstm_autoencoder,raw,pr_auc,0.561001698584242,0.561001698584242,0.0,0.0,SUCCESS,101112
E5_DT300_PD20_SEED101112,300,0.2,149.34183789954338,285.0,anomaly_detection,lstm_autoencoder,lstm_autoencoder,raw,roc_auc,0.9493396177043946,0.9493396177043946,0.0,0.0,SUCCESS,101112
E5_DT300_PD20_SEED101112,300,0.2,149.34183789954338,285.0,anomaly_detection,lstm_autoencoder,lstm_autoencoder,raw,detection_latency,1.3442622950819672,1.3442622950819672,0.0,0.0,SUCCESS,101112
E5_DT300_PD20_SEED101112,300,0.2,149.34183789954338,285.0,anomaly_detection,lstm_autoencoder,lstm_autoencoder,raw,threshold,0.0007370078528765,0.0007370078528765,0.0,0.0,SUCCESS,101112
E5_DT300_PD20_SEED101112,300,0.2,149.34183789954338,285.0,anomaly_detection,lstm_autoencoder,lstm_autoencoder,residual,precision,0.0464231354642313,0.0464231354642313,0.0,0.0,SUCCESS,101112
E5_DT300_PD20_SEED101112,300,0.2,149.34183789954338,285.0,anomaly_detection,lstm_autoencoder,lstm_autoencoder,residual,recall,1.0,1.0,0.0,0.0,SUCCESS,101112
E5_DT300_PD20_SEED101112,300,0.2,149.34183789954338,285.0,anomaly_detection,lstm_autoencoder,lstm_autoencoder,residual,f1,0.0887272727272727,0.0887272727272727,0.0,0.0,SUCCESS,101112
E5_DT300_PD20_SEED101112,300,0.2,149.34183789954338,285.0,anomaly_detection,lstm_autoencoder,lstm_autoencoder,residual,false_positive_rate,1.0,1.0,0.0,0.0,SUCCESS,101112
E5_DT300_PD20_SEED101112,300,0.2,149.34183789954338,285.0,anomaly_detection,lstm_autoencoder,lstm_autoencoder,residual,pr_auc,0.1249586025592158,0.1319000209425614,-0.0069414183833455,0.052626363011484,SUCCESS,101112
E5_DT300_PD20_SEED101112,300,0.2,149.34183789954338,285.0,anomaly_detection,lstm_autoencoder,lstm_autoencoder,residual,roc_auc,0.5877623212486753,0.7417419504664216,-0.1539796292177462,0.2075919113391401,SUCCESS,101112
E5_DT300_PD20_SEED101112,300,0.2,149.34183789954338,285.0,anomaly_detection,lstm_autoencoder,lstm_autoencoder,residual,detection_latency,0.0,0.0,0.0,0.0,SUCCESS,101112
E5_DT300_PD20_SEED101112,300,0.2,149.34183789954338,285.0,anomaly_detection,lstm_autoencoder,lstm_autoencoder,residual,threshold,0.0003816792741417,0.0003816792741417,0.0,0.0,SUCCESS,101112
