staleness_seconds,packet_drop_rate,task,model,representation,metric,n_seeds,value_mean,value_sem,value_ci_lower,value_ci_upper,norm_deg_mean,norm_deg_sem,norm_deg_ci_lower,norm_deg_ci_upper,ci_level
0,0.0,anomaly_detection,isolation_forest,raw,detection_latency,5,3.2459016393442623,0.0,3.2459016393442623,3.2459016393442623,0.0,0.0,0.0,0.0,0.95
0,0.0,anomaly_detection,isolation_forest,raw,f1,5,0.1176470588235294,0.0,0.1176470588235294,0.1176470588235294,0.0,0.0,0.0,0.0,0.95
0,0.0,anomaly_detection,isolation_forest,raw,false_positive_rate,5,0.0438946528332003,0.0,0.0438946528332003,0.0438946528332003,0.0,0.0,0.0,0.0,0.95
0,0.0,anomaly_detection,isolation_forest,raw,pr_auc,5,0.09385708598261,0.0,0.09385708598261,0.09385708598261,0.0,0.0,0.0,0.0,0.95
0,0.0,anomaly_detection,isolation_forest,raw,precision,5,0.1164658634538152,0.0,0.1164658634538152,0.1164658634538152,0.0,0.0,0.0,0.0,0.95
0,0.0,anomaly_detection,isolation_forest,raw,recall,5,0.11885245901639338,6.938893903907228e-18,0.11885245901639338,0.11885245901639338,0.0,0.0,0.0,0.0,0.95
0,0.0,anomaly_detection,isolation_forest,raw,roc_auc,5,0.7138596875695052,0.0,0.7138596875695052,0.7138596875695052,0.0,0.0,0.0,0.0,0.95
0,0.0,anomaly_detection,isolation_forest,raw,threshold,5,0.5031683371451802,0.0,0.5031683371451802,0.5031683371451802,0.0,0.0,0.0,0.0,0.95
0,0.0,anomaly_detection,isolation_forest,residual,detection_latency,5,0.0,0.0,0.0,0.0,0.0,0.0,0.0,0.0,0.95
0,0.0,anomaly_detection,isolation_forest,residual,f1,5,0.0887272727272727,0.0,0.0887272727272727,0.0887272727272727,0.0,0.0,0.0,0.0,0.95
0,0.0,anomaly_detection,isolation_forest,residual,false_positive_rate,5,1.0,0.0,1.0,1.0,0.0,0.0,0.0,0.0,0.95
0,0.0,anomaly_detection,isolation_forest,residual,pr_auc,5,0.26922035048714105,0.18270193519580938,-0.23804154319742837,0.7764822441717105,0.0,0.0,0.0,0.0,0.95
0,0.0,anomaly_detection,isolation_forest,residual,precision,5,0.0464231354642313,0.0,0.0464231354642313,0.0464231354642313,0.0,0.0,0.0,0.0,0.95
0,0.0,anomaly_detection,isolation_forest,residual,recall,5,1.0,0.0,1.0,1.0,0.0,0.0,0.0,0.0,0.95
0,0.0,anomaly_detection,isolation_forest,residual,roc_auc,5,0.7501365575078827,0.06247747117559549,0.5766712884772643,0.923601826538501,0.0,0.0,0.0,0.0,0.95
0,0.0,anomaly_detection,isolation_forest,residual,threshold,5,0.2937656541960819,0.0,0.2937656541960819,0.2937656541960819,0.0,0.0,0.0,0.0,0.95
0,0.0,anomaly_detection,lstm_autoencoder,raw,detection_latency,5,1.3442622950819672,0.0,1.3442622950819672,1.3442622950819672,0.0,0.0,0.0,0.0,0.95
0,0.0,anomaly_detection,lstm_autoencoder,raw,f1,5,0.5386064030131827,0.0,0.5386064030131827,0.5386064030131827,0.0,0.0,0.0,0.0,0.95
0,0.0,anomaly_detection,lstm_autoencoder,raw,false_positive_rate,5,0.028731045490821998,1.734723475976807e-18,0.028731045490821998,0.028731045490821998,0.0,0.0,0.0,0.0,0.95
0,0.0,anomaly_detection,lstm_autoencoder,raw,pr_auc,5,0.561001698584242,0.0,0.561001698584242,0.561001698584242,0.0,0.0,0.0,0.0,0.95
0,0.0,anomaly_detection,lstm_autoencoder,raw,precision,5,0.4982578397212543,0.0,0.4982578397212543,0.4982578397212543,0.0,0.0,0.0,0.0,0.95
0,0.0,anomaly_detection,lstm_autoencoder,raw,recall,5,0.5860655737704918,0.0,0.5860655737704918,0.5860655737704918,0.0,0.0,0.0,0.0,0.95
0,0.0,anomaly_detection,lstm_autoencoder,raw,roc_auc,5,0.9493396177043947,5.551115123125783e-17,0.9493396177043947,0.9493396177043947,0.0,0.0,0.0,0.0,0.95
0,0.0,anomaly_detection,lstm_autoencoder,raw,threshold,5,0.0007370078528765,0.0,0.0007370078528765,0.0007370078528765,0.0,0.0,0.0,0.0,0.95
0,0.0,anomaly_detection,lstm_autoencoder,residual,detection_latency,5,0.0,0.0,0.0,0.0,0.0,0.0,0.0,0.0,0.95
0,0.0,anomaly_detection,lstm_autoencoder,residual,f1,5,0.26657300054654764,0.17784572781927485,-0.22720589993761703,0.7603519010307123,0.0,0.0,0.0,0.0,0.95
0,0.0,anomaly_detection,lstm_autoencoder,residual,false_positive_rate,5,0.8004389465283321,0.19956105347166797,0.24636863642880447,1.3545092566278598,0.0,0.0,0.0,0.0,0.95
0,0.0,anomaly_detection,lstm_autoencoder,residual,pr_auc,5,0.30478898546061217,0.1738182513681577,-0.17780784774454894,0.7873858186657733,0.0,0.0,0.0,0.0,0.95
0,0.0,anomaly_detection,lstm_autoencoder,residual,precision,5,0.22851105739099284,0.18208792192676157,-0.27704606215820227,0.734068176940188,0.0,0.0,0.0,0.0,0.95
0,0.0,anomaly_detection,lstm_autoencoder,residual,recall,5,1.0,0.0,1.0,1.0,0.0,0.0,0.0,0.0,0.95
0,0.0,anomaly_detection,lstm_autoencoder,residual,roc_auc,5,0.7900206716993967,0.05275734027662372,0.6435428125251104,0.9364985308736831,0.0,0.0,0.0,0.0,0.95
0,0.0,anomaly_detection,lstm_autoencoder,residual,threshold,5,0.0003816792741417,0.0,0.0003816792741417,0.0003816792741417,0.0,0.0,0.0,0.0,0.95
0,0.0,load_estimation,lstm,raw,mae,5,0.2773615319938886,0.0008524144276391893,0.27499485012866975,0.2797282138591074,0.0,0.0,0.0,0.0,0.95
0,0.0,load_estimation,lstm,raw,mape,5,8.970306625672242,0.04076615247378443,8.857121641178656,9.083491610165828,0.0,0.0,0.0,0.0,0.95
0,0.0,load_estimation,lstm,raw,r2,5,0.9679225420744973,0.00038374828174278665,0.9668570860360245,0.9689879981129702,0.0,0.0,0.0,0.0,0.95
0,0.0,load_estimation,lstm,raw,rmse,5,0.4173406710380522,0.002505520519764192,0.4103842308549803,0.4242971112211241,0.0,0.0,0.0,0.0,0.95
0,0.0,load_estimation,persistence,raw,mae,5,0.4445260534797266,0.005692348124740191,0.42872156139170986,0.4603305455677434,0.0,0.0,0.0,0.0,0.95
0,0.0,load_estimation,persistence,raw,mape,5,14.067555923930007,0.24015799873585206,13.400770423865753,14.73434142399426,0.0,0.0,0.0,0.0,0.95
0,0.0,load_estimation,persistence,raw,r2,5,0.9321201123482099,0.0018750313737147203,0.9269141906685674,0.9373260340278524,0.0,0.0,0.0,0.0,0.95
0,0.0,load_estimation,persistence,raw,rmse,5,0.6060858631608708,0.00838319461565511,0.5828103835043147,0.6293613428174268,0.0,0.0,0.0,0.0,0.95
0,0.0,load_estimation,xgboost,raw,mae,5,0.2738729743425886,0.00047907341607954945,0.27254285330148414,0.2752030953836931,0.0,0.0,0.0,0.0,0.95
0,0.0,load_estimation,xgboost,raw,mape,5,9.059663064081995,0.024708999293807793,8.991059883938368,9.128266244225623,0.0,0.0,0.0,0.0,0.95
0,0.0,load_estimation,xgboost,raw,r2,5,0.9687939977506609,0.00019842097748749488,0.9682430927989472,0.9693449027023746,0.0,0.0,0.0,0.0,0.95
0,0.0,load_estimation,xgboost,raw,rmse,5,0.4110929118211143,0.0013075628837073605,0.40746253525290665,0.41472328838932193,0.0,0.0,0.0,0.0,0.95
0,0.05,anomaly_detection,isolation_forest,raw,detection_latency,5,3.2459016393442623,0.0,3.2459016393442623,3.2459016393442623,0.0,0.0,0.0,0.0,0.95
0,0.05,anomaly_detection,isolation_forest,raw,f1,5,0.1176470588235294,0.0,0.1176470588235294,0.1176470588235294,0.0,0.0,0.0,0.0,0.95
0,0.05,anomaly_detection,isolation_forest,raw,false_positive_rate,5,0.0438946528332003,0.0,0.0438946528332003,0.0438946528332003,0.0,0.0,0.0,0.0,0.95
0,0.05,anomaly_detection,isolation_forest,raw,pr_auc,5,0.09385708598261,0.0,0.09385708598261,0.09385708598261,0.0,0.0,0.0,0.0,0.95
0,0.05,anomaly_detection,isolation_forest,raw,precision,5,0.1164658634538152,0.0,0.1164658634538152,0.1164658634538152,0.0,0.0,0.0,0.0,0.95
0,0.05,anomaly_detection,isolation_forest,raw,recall,5,0.11885245901639338,6.938893903907228e-18,0.11885245901639338,0.11885245901639338,0.0,0.0,0.0,0.0,0.95
0,0.05,anomaly_detection,isolation_forest,raw,roc_auc,5,0.7138596875695052,0.0,0.7138596875695052,0.7138596875695052,0.0,0.0,0.0,0.0,0.95
0,0.05,anomaly_detection,isolation_forest,raw,threshold,5,0.5031683371451802,0.0,0.5031683371451802,0.5031683371451802,0.0,0.0,0.0,0.0,0.95
0,0.05,anomaly_detection,isolation_forest,residual,detection_latency,5,0.0,0.0,0.0,0.0,0.0,0.0,0.0,0.0,0.95
0,0.05,anomaly_detection,isolation_forest,residual,f1,5,0.0887272727272727,0.0,0.0887272727272727,0.0887272727272727,0.0,0.0,0.0,0.0,0.95
0,0.05,anomaly_detection,isolation_forest,residual,false_positive_rate,5,1.0,0.0,1.0,1.0,0.0,0.0,0.0,0.0,0.95
0,0.05,anomaly_detection,isolation_forest,residual,pr_auc,5,0.12824243695168772,0.04415770686897444,0.00564098785856465,0.2508438860448108,0.16148525305336273,0.13365847398006295,-0.20961016279678965,0.5325806689035151,0.95
0,0.05,anomaly_detection,isolation_forest,residual,precision,5,0.0464231354642313,0.0,0.0464231354642313,0.0464231354642313,0.0,0.0,0.0,0.0,0.95
0,0.05,anomaly_detection,isolation_forest,residual,recall,5,1.0,0.0,1.0,1.0,0.0,0.0,0.0,0.0,0.95
0,0.05,anomaly_detection,isolation_forest,residual,roc_auc,5,0.7378471177371031,0.05347717657969935,0.5893706725825988,0.8863235628916074,0.013481324843233536,0.00887069888732205,-0.011147683662155282,0.038110333348622356,0.95
0,0.05,anomaly_detection,isolation_forest,residual,threshold,5,0.2937656541960819,0.0,0.2937656541960819,0.2937656541960819,0.0,0.0,0.0,0.0,0.95
0,0.05,anomaly_detection,lstm_autoencoder,raw,detection_latency,5,1.3442622950819672,0.0,1.3442622950819672,1.3442622950819672,0.0,0.0,0.0,0.0,0.95
0,0.05,anomaly_detection,lstm_autoencoder,raw,f1,5,0.5386064030131827,0.0,0.5386064030131827,0.5386064030131827,0.0,0.0,0.0,0.0,0.95
0,0.05,anomaly_detection,lstm_autoencoder,raw,false_positive_rate,5,0.028731045490821998,1.734723475976807e-18,0.028731045490821998,0.028731045490821998,0.0,0.0,0.0,0.0,0.95
0,0.05,anomaly_detection,lstm_autoencoder,raw,pr_auc,5,0.561001698584242,0.0,0.561001698584242,0.561001698584242,0.0,0.0,0.0,0.0,0.95
0,0.05,anomaly_detection,lstm_autoencoder,raw,precision,5,0.4982578397212543,0.0,0.4982578397212543,0.4982578397212543,0.0,0.0,0.0,0.0,0.95
0,0.05,anomaly_detection,lstm_autoencoder,raw,recall,5,0.5860655737704918,0.0,0.5860655737704918,0.5860655737704918,0.0,0.0,0.0,0.0,0.95
0,0.05,anomaly_detection,lstm_autoencoder,raw,roc_auc,5,0.9493396177043947,5.551115123125783e-17,0.9493396177043947,0.9493396177043947,0.0,0.0,0.0,0.0,0.95
0,0.05,anomaly_detection,lstm_autoencoder,raw,threshold,5,0.0007370078528765,0.0,0.0007370078528765,0.0007370078528765,0.0,0.0,0.0,0.0,0.95
0,0.05,anomaly_detection,lstm_autoencoder,residual,detection_latency,5,0.0,0.0,0.0,0.0,0.0,0.0,0.0,0.0,0.95
0,0.05,anomaly_detection,lstm_autoencoder,residual,f1,5,0.19940287081339708,0.1106755980861244,-0.1078818517576613,0.5066875933844555,0.06868421052631576,0.06868421052631575,-0.12201372959384835,0.25938215064647985,0.95
0,0.05,anomaly_detection,lstm_autoencoder,residual,false_positive_rate,5,0.8108539505187551,0.18914604948124503,0.2857003272690527,1.3360075737684576,4.745454545454578,4.745454545454578,-8.430039499211405,17.92094859012056,0.95
0,0.05,anomaly_detection,lstm_autoencoder,residual,pr_auc,5,0.21241487516806545,0.08167541142079986,-0.01435242108623025,0.43918217142236116,0.09338849569634414,0.09199597367992528,-0.16203327512518942,0.3488102665178777,0.95
0,0.05,anomaly_detection,lstm_autoencoder,residual,precision,5,0.13171215178223775,0.08528901631800645,-0.105088120101026,0.3685124236655015,0.10116279069767442,0.10116279069767439,-0.1797101443630325,0.38203572575838135,0.95
0,0.05,anomaly_detection,lstm_autoencoder,residual,recall,5,1.0,0.0,1.0,1.0,0.0,0.0,0.0,0.0,0.95
0,0.05,anomaly_detection,lstm_autoencoder,residual,roc_auc,5,0.7839514672981565,0.04767476901108656,0.6515850882358898,0.9163178463604231,0.006337274655331159,0.005157460803749175,-0.007982132148487715,0.020656681459150034,0.95
0,0.05,anomaly_detection,lstm_autoencoder,residual,threshold,5,0.0003816792741417,0.0,0.0003816792741417,0.0003816792741417,0.0,0.0,0.0,0.0,0.95
0,0.05,load_estimation,lstm,raw,mae,5,0.2785847869494347,0.0012940797079888113,0.2749918456784534,0.28217772822041604,0.004398661021585025,0.0025193374010006376,-0.0025961409737649257,0.011393463016934977,0.95
0,0.05,load_estimation,lstm,raw,mape,5,9.001818912346518,0.05409474540245276,8.851627821256958,9.152010003436079,0.0034875047290346983,0.0016111765562128505,-0.000985838534071908,0.007960847992141305,0.95
0,0.05,load_estimation,lstm,raw,r2,5,0.9677356006698992,0.0003382869398192617,0.9667963655516857,0.9686748357881126,-0.00019303797675994952,0.00011991300093398016,-0.0005259698412526772,0.0001398938877327781,0.95
0,0.05,load_estimation,lstm,raw,rmse,5,0.41856188242041836,0.002207492262302604,0.4124329013339863,0.4246908635068504,0.002949167852900738,0.0018194094226104025,-0.0021023225328566575,0.008000658238658132,0.95
0,0.05,load_estimation,persistence,raw,mae,5,0.4540882228875088,0.005453322806231743,0.43894737147508317,0.4692290742999344,0.02155457134858257,0.0012901125087336413,0.017972644788554606,0.025136497908610535,0.95
0,0.05,load_estimation,persistence,raw,mape,5,14.302282369501066,0.22451576326031114,13.678926677557229,14.925638061444904,0.01679005223428711,0.0022580968871019373,0.010520570185030562,0.02305953428354366,0.95
0,0.05,load_estimation,persistence,raw,r2,5,0.9293662886663011,0.0017546645587145338,0.9244945588409941,0.9342380184916081,-0.002953314259020907,0.00020851656904545616,-0.0035322490664998017,-0.0023743794515420124,0.95
0,0.05,load_estimation,persistence,raw,rmse,5,0.6183021655746753,0.007708205411108155,0.5969007563911449,0.6397035747582057,0.020234765802250247,0.0017922752753525212,0.015258611886830711,0.025210919717669783,0.95
0,0.05,load_estimation,xgboost,raw,mae,5,0.2761556960268107,0.0009094856120390579,0.2736305591510171,0.27868083290260437,0.008324645402475267,0.0016429381548934176,0.0037631178041787434,0.01288617300077179,0.95
0,0.05,load_estimation,xgboost,raw,mape,5,9.128556110574369,0.03530858549375192,9.030523761208784,9.226588459939954,0.007592717656721082,0.0013239155889140021,0.003916938700185746,0.011268496613256417,0.95
0,0.05,load_estimation,xgboost,raw,r2,5,0.9683367488773793,0.00022780338102024582,0.9677042652951982,0.9689692324595605,-0.00047197622401334556,0.00011818051470085289,-0.0008000979355842844,-0.00014385451244240671,0.95
0,0.05,load_estimation,xgboost,raw,rmse,5,0.41409139299087433,0.0014907611095948358,0.4099523766051205,0.41823040937662814,0.007294676170993183,0.0018109012019188009,0.0022668083929289276,0.012322543949057439,0.95
0,0.1,anomaly_detection,isolation_forest,raw,detection_latency,5,3.2459016393442623,0.0,3.2459016393442623,3.2459016393442623,0.0,0.0,0.0,0.0,0.95
0,0.1,anomaly_detection,isolation_forest,raw,f1,5,0.1176470588235294,0.0,0.1176470588235294,0.1176470588235294,0.0,0.0,0.0,0.0,0.95
0,0.1,anomaly_detection,isolation_forest,raw,false_positive_rate,5,0.0438946528332003,0.0,0.0438946528332003,0.0438946528332003,0.0,0.0,0.0,0.0,0.95
0,0.1,anomaly_detection,isolation_forest,raw,pr_auc,5,0.09385708598261,0.0,0.09385708598261,0.09385708598261,0.0,0.0,0.0,0.0,0.95
0,0.1,anomaly_detection,isolation_forest,raw,precision,5,0.1164658634538152,0.0,0.1164658634538152,0.1164658634538152,0.0,0.0,0.0,0.0,0.95
0,0.1,anomaly_detection,isolation_forest,raw,recall,5,0.11885245901639338,6.938893903907228e-18,0.11885245901639338,0.11885245901639338,0.0,0.0,0.0,0.0,0.95
0,0.1,anomaly_detection,isolation_forest,raw,roc_auc,5,0.7138596875695052,0.0,0.7138596875695052,0.7138596875695052,0.0,0.0,0.0,0.0,0.95
0,0.1,anomaly_detection,isolation_forest,raw,threshold,5,0.5031683371451802,0.0,0.5031683371451802,0.5031683371451802,0.0,0.0,0.0,0.0,0.95
0,0.1,anomaly_detection,isolation_forest,residual,detection_latency,5,0.0,0.0,0.0,0.0,0.0,0.0,0.0,0.0,0.95
0,0.1,anomaly_detection,isolation_forest,residual,f1,5,0.0887272727272727,0.0,0.0887272727272727,0.0887272727272727,0.0,0.0,0.0,0.0,0.95
0,0.1,anomaly_detection,isolation_forest,residual,false_positive_rate,5,1.0,0.0,1.0,1.0,0.0,0.0,0.0,0.0,0.95
0,0.1,anomaly_detection,isolation_forest,residual,pr_auc,5,0.10384701581900906,0.0229846761872151,0.04003132412445941,0.16766270751355872,0.21272464111115225,0.14812940974752148,-0.19854853351819207,0.6239978157404966,0.95
0,0.1,anomaly_detection,isolation_forest,residual,precision,5,0.0464231354642313,0.0,0.0464231354642313,0.0464231354642313,0.0,0.0,0.0,0.0,0.95
0,0.1,anomaly_detection,isolation_forest,residual,recall,5,1.0,0.0,1.0,1.0,0.0,0.0,0.0,0.0,0.95
0,0.1,anomaly_detection,isolation_forest,residual,roc_auc,5,0.7254913617154892,0.04608351519195254,0.5975430115304845,0.853439711900494,0.027632818152432882,0.01585402548249887,-0.016385013296132192,0.07165064960099796,0.95
0,0.1,anomaly_detection,isolation_forest,residual,threshold,5,0.2937656541960819,0.0,0.2937656541960819,0.2937656541960819,0.0,0.0,0.0,0.0,0.95
0,0.1,anomaly_detection,lstm_autoencoder,raw,detection_latency,5,1.3442622950819672,0.0,1.3442622950819672,1.3442622950819672,0.0,0.0,0.0,0.0,0.95
0,0.1,anomaly_detection,lstm_autoencoder,raw,f1,5,0.5386064030131827,0.0,0.5386064030131827,0.5386064030131827,0.0,0.0,0.0,0.0,0.95
0,0.1,anomaly_detection,lstm_autoencoder,raw,false_positive_rate,5,0.028731045490821998,1.734723475976807e-18,0.028731045490821998,0.028731045490821998,0.0,0.0,0.0,0.0,0.95
0,0.1,anomaly_detection,lstm_autoencoder,raw,pr_auc,5,0.561001698584242,0.0,0.561001698584242,0.561001698584242,0.0,0.0,0.0,0.0,0.95
0,0.1,anomaly_detection,lstm_autoencoder,raw,precision,5,0.4982578397212543,0.0,0.4982578397212543,0.4982578397212543,0.0,0.0,0.0,0.0,0.95
0,0.1,anomaly_detection,lstm_autoencoder,raw,recall,5,0.5860655737704918,0.0,0.5860655737704918,0.5860655737704918,0.0,0.0,0.0,0.0,0.95
0,0.1,anomaly_detection,lstm_autoencoder,raw,roc_auc,5,0.9493396177043947,5.551115123125783e-17,0.9493396177043947,0.9493396177043947,0.0,0.0,0.0,0.0,0.95
0,0.1,anomaly_detection,lstm_autoencoder,raw,threshold,5,0.0007370078528765,0.0,0.0007370078528765,0.0007370078528765,0.0,0.0,0.0,0.0,0.95
0,0.1,anomaly_detection,lstm_autoencoder,residual,detection_latency,5,0.0,0.0,0.0,0.0,0.0,0.0,0.0,0.0,0.95
0,0.1,anomaly_detection,lstm_autoencoder,residual,f1,5,0.16799971082595333,0.07927243809868065,-0.05209586191022364,0.3880952835621303,0.10079522862823061,0.1007952286282306,-0.17905719052391272,0.3806476477803739,0.95
0,0.1,anomaly_detection,lstm_autoencoder,residual,false_positive_rate,5,0.8206703910614526,0.17932960893854752,0.32277157610698787,1.3185692060159173,9.21818181818188,9.21818181818188,-16.3755939697325,34.81195760609626,0.95
0,0.1,anomaly_detection,lstm_autoencoder,residual,pr_auc,5,0.18466979228069344,0.05422270806445538,0.03412341988456738,0.3352161646768195,0.12247558200485475,0.1193088245478599,-0.20877881991795322,0.45372998392766273,0.95
0,0.1,anomaly_detection,lstm_autoencoder,residual,precision,5,0.10118050312204119,0.0547573676578099,-0.050850322285001054,0.25321132852908346,0.13307086614173227,0.1330708661417323,-0.23639308880191115,0.5025348210853757,0.95
0,0.1,anomaly_detection,lstm_autoencoder,residual,recall,5,1.0,0.0,1.0,1.0,0.0,0.0,0.0,0.0,0.95
0,0.1,anomaly_detection,lstm_autoencoder,residual,roc_auc,5,0.7791534742846676,0.043033405045573604,0.6596735874858908,0.8986333610834445,0.011156820146593647,0.010040847214736859,-0.016721040954801404,0.039034681247988694,0.95
0,0.1,anomaly_detection,lstm_autoencoder,residual,threshold,5,0.0003816792741417,0.0,0.0003816792741417,0.0003816792741417,0.0,0.0,0.0,0.0,0.95
0,0.1,load_estimation,lstm,raw,mae,5,0.28027284914418016,0.0016269565234467696,0.2757556936682868,0.28479000462007353,0.010488990818094608,0.0045604154570519076,-0.0021727523553055194,0.023150733991494733,0.95
0,0.1,load_estimation,lstm,raw,mape,5,9.040592606236435,0.06627522951139443,8.856583069663664,9.224602142809207,0.007788758903859763,0.003105275068638837,-0.0008328668607552776,0.016410384668474803,0.95
0,0.1,load_estimation,lstm,raw,r2,5,0.9675008466108437,0.0003513336992445122,0.9665253878812852,0.9684763053404022,-0.00043550411933932604,0.00024067955106193343,-0.0011037376808064334,0.00023272944212778142,0.95
0,0.1,load_estimation,lstm,raw,rmse,5,0.4200804325477199,0.002281235048031747,0.41374670866480645,0.4264141564306333,0.006604148429862053,0.0036345908723847764,-0.0034870936071672368,0.016695390466891342,0.95
0,0.1,load_estimation,persistence,raw,mae,5,0.46465249758106025,0.005676027776950696,0.44889331804277877,0.48041167711934174,0.04531199359211814,0.0014475317699831171,0.04129300109473022,0.04933098608950606,0.95
0,0.1,load_estimation,persistence,raw,mape,5,14.555879522929075,0.22321301862897525,13.936140829940232,15.175618215917918,0.03484894876155878,0.0027857471192468774,0.02711447480800693,0.042583422715110626,0.95
0,0.1,load_estimation,persistence,raw,r2,5,0.9262937856995068,0.0019043833470932948,0.9210063698770494,0.9315812015219642,-0.006250936041190397,0.00014541297519607248,-0.00665466718440578,-0.005847204897975014,0.95
0,0.1,load_estimation,persistence,raw,rmse,5,0.6315922888225298,0.008160166509527084,0.6089360344595544,0.6542485431855053,0.04213892307552721,0.001360803736452771,0.03836072620231805,0.045917119948736373,0.95
0,0.1,load_estimation,xgboost,raw,mae,5,0.2784630560983805,0.0007568058285836021,0.2763618262600244,0.2805642859367366,0.016755173349109732,0.0014424750337243303,0.012750220602355793,0.02076012609586367,0.95
0,0.1,load_estimation,xgboost,raw,mape,5,9.190897294131663,0.03073385357895603,9.105566436798505,9.27622815146482,0.014480443027025234,0.0011306135323520443,0.011341356619256013,0.017619529434794452,0.95
0,0.1,load_estimation,xgboost,raw,r2,5,0.9679255847084484,0.0002385549730173185,0.9672632499212939,0.9685879194956029,-0.0008963929527594488,0.0001229069134705036,-0.0012376372510595974,-0.0005551486544593003,0.95
0,0.1,load_estimation,xgboost,raw,rmse,5,0.41677055332693846,0.0015527067601436878,0.41245954824293,0.4210815584109469,0.01381027243306423,0.001866663805506045,0.008627582847217086,0.018992962018911375,0.95
0,0.2,anomaly_detection,isolation_forest,raw,detection_latency,5,3.2459016393442623,0.0,3.2459016393442623,3.2459016393442623,0.0,0.0,0.0,0.0,0.95
0,0.2,anomaly_detection,isolation_forest,raw,f1,5,0.1176470588235294,0.0,0.1176470588235294,0.1176470588235294,0.0,0.0,0.0,0.0,0.95
0,0.2,anomaly_detection,isolation_forest,raw,false_positive_rate,5,0.0438946528332003,0.0,0.0438946528332003,0.0438946528332003,0.0,0.0,0.0,0.0,0.95
0,0.2,anomaly_detection,isolation_forest,raw,pr_auc,5,0.09385708598261,0.0,0.09385708598261,0.09385708598261,0.0,0.0,0.0,0.0,0.95
0,0.2,anomaly_detection,isolation_forest,raw,precision,5,0.1164658634538152,0.0,0.1164658634538152,0.1164658634538152,0.0,0.0,0.0,0.0,0.95
0,0.2,anomaly_detection,isolation_forest,raw,recall,5,0.11885245901639338,6.938893903907228e-18,0.11885245901639338,0.11885245901639338,0.0,0.0,0.0,0.0,0.95
0,0.2,anomaly_detection,isolation_forest,raw,roc_auc,5,0.7138596875695052,0.0,0.7138596875695052,0.7138596875695052,0.0,0.0,0.0,0.0,0.95
0,0.2,anomaly_detection,isolation_forest,raw,threshold,5,0.5031683371451802,0.0,0.5031683371451802,0.5031683371451802,0.0,0.0,0.0,0.0,0.95
0,0.2,anomaly_detection,isolation_forest,residual,detection_latency,5,0.0,0.0,0.0,0.0,0.0,0.0,0.0,0.0,0.95
0,0.2,anomaly_detection,isolation_forest,residual,f1,5,0.0887272727272727,0.0,0.0887272727272727,0.0887272727272727,0.0,0.0,0.0,0.0,0.95
0,0.2,anomaly_detection,isolation_forest,residual,false_positive_rate,5,1.0,0.0,1.0,1.0,0.0,0.0,0.0,0.0,0.95
0,0.2,anomaly_detection,isolation_forest,residual,pr_auc,5,0.08787161877265523,0.00764377268019437,0.06664910352948496,0.1090941340158255,0.2259462940035888,0.1705777726659002,-0.2476535279701918,0.6995461159773694,0.95
0,0.2,anomaly_detection,isolation_forest,residual,precision,5,0.0464231354642313,0.0,0.0464231354642313,0.0464231354642313,0.0,0.0,0.0,0.0,0.95
0,0.2,anomaly_detection,isolation_forest,residual,recall,5,1.0,0.0,1.0,1.0,0.0,0.0,0.0,0.0,0.95
0,0.2,anomaly_detection,isolation_forest,residual,roc_auc,5,0.703926314549998,0.031484975673598224,0.6165100079537646,0.7913426211462313,0.051710932033373645,0.029860139926021195,-0.031194107304749107,0.1346159713714964,0.95
0,0.2,anomaly_detection,isolation_forest,residual,threshold,5,0.2937656541960819,0.0,0.2937656541960819,0.2937656541960819,0.0,0.0,0.0,0.0,0.95
0,0.2,anomaly_detection,lstm_autoencoder,raw,detection_latency,5,1.3442622950819672,0.0,1.3442622950819672,1.3442622950819672,0.0,0.0,0.0,0.0,0.95
0,0.2,anomaly_detection,lstm_autoencoder,raw,f1,5,0.5386064030131827,0.0,0.5386064030131827,0.5386064030131827,0.0,0.0,0.0,0.0,0.95
0,0.2,anomaly_detection,lstm_autoencoder,raw,false_positive_rate,5,0.028731045490821998,1.734723475976807e-18,0.028731045490821998,0.028731045490821998,0.0,0.0,0.0,0.0,0.95
0,0.2,anomaly_detection,lstm_autoencoder,raw,pr_auc,5,0.561001698584242,0.0,0.561001698584242,0.561001698584242,0.0,0.0,0.0,0.0,0.95
0,0.2,anomaly_detection,lstm_autoencoder,raw,precision,5,0.4982578397212543,0.0,0.4982578397212543,0.4982578397212543,0.0,0.0,0.0,0.0,0.95
0,0.2,anomaly_detection,lstm_autoencoder,raw,recall,5,0.5860655737704918,0.0,0.5860655737704918,0.5860655737704918,0.0,0.0,0.0,0.0,0.95
0,0.2,anomaly_detection,lstm_autoencoder,raw,roc_auc,5,0.9493396177043947,5.551115123125783e-17,0.9493396177043947,0.9493396177043947,0.0,0.0,0.0,0.0,0.95
0,0.2,anomaly_detection,lstm_autoencoder,raw,threshold,5,0.0007370078528765,0.0,0.0007370078528765,0.0007370078528765,0.0,0.0,0.0,0.0,0.95
0,0.2,anomaly_detection,lstm_autoencoder,residual,detection_latency,5,0.0,0.0,0.0,0.0,0.0,0.0,0.0,0.0,0.95
0,0.2,anomaly_detection,lstm_autoencoder,residual,f1,5,0.13566041327790826,0.04693314055063558,0.005353124924536046,0.2659677016312805,0.13386348575215373,0.13386348575215373,-0.23780113402912806,0.5055281055334355,0.95
0,0.2,anomaly_detection,lstm_autoencoder,residual,false_positive_rate,5,0.8407422186751795,0.15925778132482044,0.39857173125122125,1.2829127060991379,18.363636363636495,18.3636363636365,-32.621991931814264,69.34926465908725,0.95
0,0.2,anomaly_detection,lstm_autoencoder,residual,pr_auc,5,0.16120706823243167,0.030699716189527045,0.07597099148705785,0.24644314497780548,0.14520890684672616,0.14343404891717618,-0.2530278561880685,0.5434456698815209,0.95
0,0.2,anomaly_detection,lstm_autoencoder,residual,precision,5,0.07571558347019924,0.029292448005967954,-0.005613290415231342,0.15704445735562983,0.15968379446640316,0.15968379446640313,-0.2836694950592523,0.6030370839920586,0.95
0,0.2,anomaly_detection,lstm_autoencoder,residual,recall,5,1.0,0.0,1.0,1.0,0.0,0.0,0.0,0.0,0.95
0,0.2,anomaly_detection,lstm_autoencoder,residual,roc_auc,5,0.7673362618240811,0.03428088495714518,0.6721572665829667,0.8625152570651955,0.023809413199328035,0.018691259402254263,-0.02808584247804305,0.07570466887669912,0.95
0,0.2,anomaly_detection,lstm_autoencoder,residual,threshold,5,0.0003816792741417,0.0,0.0003816792741417,0.0003816792741417,0.0,0.0,0.0,0.0,0.95
0,0.2,load_estimation,lstm,raw,mae,5,0.28808951422973633,0.0031307230956322215,0.27939723341513856,0.2967817950443341,0.038664766442303,0.01043200408009057,0.009700879776732133,0.06762865310787387,0.95
0,0.2,load_estimation,lstm,raw,mape,5,9.217290977360546,0.10238615762584606,8.933021431180256,9.501560523540837,0.027423775098851532,0.007098564104346659,0.007715001537405494,0.04713254866029757,0.95
0,0.2,load_estimation,lstm,raw,r2,5,0.9663058279752936,0.0004800771749143293,0.9649729200528856,0.9676387358977017,-0.0016699582000073876,0.0005062792150650002,-0.0030756146485379885,-0.0002643017514767868,0.95
0,0.2,load_estimation,lstm,raw,rmse,5,0.42771602478093806,0.00304140302987373,0.4192717362257114,0.43616031333616473,0.02494170061770238,0.007548367143076982,0.003984073611070442,0.04589932762433432,0.95
0,0.2,load_estimation,persistence,raw,mae,5,0.49111725732661454,0.004627932253936064,0.4782680574729868,0.5039664571802424,0.10501630270352749,0.004500186879184549,0.09252178087034021,0.11751082453671477,0.95
0,0.2,load_estimation,persistence,raw,mape,5,15.25062643053326,0.19509644648900007,14.708951856637391,15.792301004429127,0.08445475348789522,0.006298756135648877,0.06696660284623833,0.1019429041295521,0.95
0,0.2,load_estimation,persistence,raw,r2,5,0.9179857937598589,0.0015822117417640788,0.9135928697140515,0.9223787178056663,-0.015161279592349785,0.00033438068340591514,-0.016089669204064832,-0.014232889980634739,0.95
0,0.2,load_estimation,persistence,raw,rmse,5,0.6663363725676157,0.006424605050591298,0.6484988093220725,0.6841739358131589,0.09966830354443561,0.004806983365764597,0.08632197810779127,0.11301462898107995,0.95
0,0.2,load_estimation,xgboost,raw,mae,5,0.28737321911065,0.0012813346593844365,0.2838156637674818,0.2909307744538182,0.04928570481502693,0.0037847320861706273,0.038777603939893455,0.0597938056901604,0.95
0,0.2,load_estimation,xgboost,raw,mape,5,9.428734041905804,0.03930887162846194,9.319595117682113,9.537872966129495,0.04072550351273278,0.0020977413514172705,0.0349012398056193,0.046549767219846265,0.95
0,0.2,load_estimation,xgboost,raw,r2,5,0.9660609424960445,0.0003775233697139334,0.9650127695841044,0.9671091154079845,-0.002821206009955094,0.00022880941393346878,-0.0034564827872938493,-0.002185929232616339,0.95
0,0.2,load_estimation,xgboost,raw,rmse,5,0.42869901225104334,0.0023952794024284627,0.42204865047858975,0.43534937402349694,0.04280386330121343,0.0032803419390563184,0.03369617398114547,0.05191155262128138,0.95
1,0.0,anomaly_detection,isolation_forest,raw,detection_latency,5,3.2459016393442623,0.0,3.2459016393442623,3.2459016393442623,0.0,0.0,0.0,0.0,0.95
1,0.0,anomaly_detection,isolation_forest,raw,f1,5,0.1176470588235294,0.0,0.1176470588235294,0.1176470588235294,0.0,0.0,0.0,0.0,0.95
1,0.0,anomaly_detection,isolation_forest,raw,false_positive_rate,5,0.0438946528332003,0.0,0.0438946528332003,0.0438946528332003,0.0,0.0,0.0,0.0,0.95
1,0.0,anomaly_detection,isolation_forest,raw,pr_auc,5,0.09385708598261,0.0,0.09385708598261,0.09385708598261,0.0,0.0,0.0,0.0,0.95
1,0.0,anomaly_detection,isolation_forest,raw,precision,5,0.1164658634538152,0.0,0.1164658634538152,0.1164658634538152,0.0,0.0,0.0,0.0,0.95
1,0.0,anomaly_detection,isolation_forest,raw,recall,5,0.11885245901639338,6.938893903907228e-18,0.11885245901639338,0.11885245901639338,0.0,0.0,0.0,0.0,0.95
1,0.0,anomaly_detection,isolation_forest,raw,roc_auc,5,0.7138596875695052,0.0,0.7138596875695052,0.7138596875695052,0.0,0.0,0.0,0.0,0.95
1,0.0,anomaly_detection,isolation_forest,raw,threshold,5,0.5031683371451802,0.0,0.5031683371451802,0.5031683371451802,0.0,0.0,0.0,0.0,0.95
1,0.0,anomaly_detection,isolation_forest,residual,detection_latency,5,0.0,0.0,0.0,0.0,0.0,0.0,0.0,0.0,0.95
1,0.0,anomaly_detection,isolation_forest,residual,f1,5,0.0887272727272727,0.0,0.0887272727272727,0.0887272727272727,0.0,0.0,0.0,0.0,0.95
1,0.0,anomaly_detection,isolation_forest,residual,false_positive_rate,5,1.0,0.0,1.0,1.0,0.0,0.0,0.0,0.0,0.95
1,0.0,anomaly_detection,isolation_forest,residual,pr_auc,5,0.26922035048714105,0.18270193519580938,-0.23804154319742837,0.7764822441717105,0.0,0.0,0.0,0.0,0.95
1,0.0,anomaly_detection,isolation_forest,residual,precision,5,0.0464231354642313,0.0,0.0464231354642313,0.0464231354642313,0.0,0.0,0.0,0.0,0.95
1,0.0,anomaly_detection,isolation_forest,residual,recall,5,1.0,0.0,1.0,1.0,0.0,0.0,0.0,0.0,0.95
1,0.0,anomaly_detection,isolation_forest,residual,roc_auc,5,0.7501365575078827,0.06247747117559549,0.5766712884772643,0.923601826538501,0.0,0.0,0.0,0.0,0.95
1,0.0,anomaly_detection,isolation_forest,residual,threshold,5,0.2937656541960819,0.0,0.2937656541960819,0.2937656541960819,0.0,0.0,0.0,0.0,0.95
1,0.0,anomaly_detection,lstm_autoencoder,raw,detection_latency,5,1.3442622950819672,0.0,1.3442622950819672,1.3442622950819672,0.0,0.0,0.0,0.0,0.95
1,0.0,anomaly_detection,lstm_autoencoder,raw,f1,5,0.5386064030131827,0.0,0.5386064030131827,0.5386064030131827,0.0,0.0,0.0,0.0,0.95
1,0.0,anomaly_detection,lstm_autoencoder,raw,false_positive_rate,5,0.028731045490821998,1.734723475976807e-18,0.028731045490821998,0.028731045490821998,0.0,0.0,0.0,0.0,0.95
1,0.0,anomaly_detection,lstm_autoencoder,raw,pr_auc,5,0.561001698584242,0.0,0.561001698584242,0.561001698584242,0.0,0.0,0.0,0.0,0.95
1,0.0,anomaly_detection,lstm_autoencoder,raw,precision,5,0.4982578397212543,0.0,0.4982578397212543,0.4982578397212543,0.0,0.0,0.0,0.0,0.95
1,0.0,anomaly_detection,lstm_autoencoder,raw,recall,5,0.5860655737704918,0.0,0.5860655737704918,0.5860655737704918,0.0,0.0,0.0,0.0,0.95
1,0.0,anomaly_detection,lstm_autoencoder,raw,roc_auc,5,0.9493396177043947,5.551115123125783e-17,0.9493396177043947,0.9493396177043947,0.0,0.0,0.0,0.0,0.95
1,0.0,anomaly_detection,lstm_autoencoder,raw,threshold,5,0.0007370078528765,0.0,0.0007370078528765,0.0007370078528765,0.0,0.0,0.0,0.0,0.95
1,0.0,anomaly_detection,lstm_autoencoder,residual,detection_latency,5,0.0,0.0,0.0,0.0,0.0,0.0,0.0,0.0,0.95
1,0.0,anomaly_detection,lstm_autoencoder,residual,f1,5,0.26657300054654764,0.17784572781927485,-0.22720589993761703,0.7603519010307123,0.0,0.0,0.0,0.0,0.95
1,0.0,anomaly_detection,lstm_autoencoder,residual,false_positive_rate,5,0.8004389465283321,0.19956105347166797,0.24636863642880447,1.3545092566278598,0.0,0.0,0.0,0.0,0.95
1,0.0,anomaly_detection,lstm_autoencoder,residual,pr_auc,5,0.30478898546061217,0.1738182513681577,-0.17780784774454894,0.7873858186657733,0.0,0.0,0.0,0.0,0.95
1,0.0,anomaly_detection,lstm_autoencoder,residual,precision,5,0.22851105739099284,0.18208792192676157,-0.27704606215820227,0.734068176940188,0.0,0.0,0.0,0.0,0.95
1,0.0,anomaly_detection,lstm_autoencoder,residual,recall,5,1.0,0.0,1.0,1.0,0.0,0.0,0.0,0.0,0.95
1,0.0,anomaly_detection,lstm_autoencoder,residual,roc_auc,5,0.7900206716993967,0.05275734027662372,0.6435428125251104,0.9364985308736831,0.0,0.0,0.0,0.0,0.95
1,0.0,anomaly_detection,lstm_autoencoder,residual,threshold,5,0.0003816792741417,0.0,0.0003816792741417,0.0003816792741417,0.0,0.0,0.0,0.0,0.95
1,0.0,load_estimation,lstm,raw,mae,5,0.2773615319938886,0.0008524144276391893,0.27499485012866975,0.2797282138591074,0.0,0.0,0.0,0.0,0.95
1,0.0,load_estimation,lstm,raw,mape,5,8.970306625672242,0.04076615247378443,8.857121641178656,9.083491610165828,0.0,0.0,0.0,0.0,0.95
1,0.0,load_estimation,lstm,raw,r2,5,0.9679225420744973,0.00038374828174278665,0.9668570860360245,0.9689879981129702,0.0,0.0,0.0,0.0,0.95
1,0.0,load_estimation,lstm,raw,rmse,5,0.4173406710380522,0.002505520519764192,0.4103842308549803,0.4242971112211241,0.0,0.0,0.0,0.0,0.95
1,0.0,load_estimation,persistence,raw,mae,5,0.4445260534797266,0.005692348124740191,0.42872156139170986,0.4603305455677434,0.0,0.0,0.0,0.0,0.95
1,0.0,load_estimation,persistence,raw,mape,5,14.067555923930007,0.24015799873585206,13.400770423865753,14.73434142399426,0.0,0.0,0.0,0.0,0.95
1,0.0,load_estimation,persistence,raw,r2,5,0.9321201123482099,0.0018750313737147203,0.9269141906685674,0.9373260340278524,0.0,0.0,0.0,0.0,0.95
1,0.0,load_estimation,persistence,raw,rmse,5,0.6060858631608708,0.00838319461565511,0.5828103835043147,0.6293613428174268,0.0,0.0,0.0,0.0,0.95
1,0.0,load_estimation,xgboost,raw,mae,5,0.2738729743425886,0.00047907341607954945,0.27254285330148414,0.2752030953836931,0.0,0.0,0.0,0.0,0.95
1,0.0,load_estimation,xgboost,raw,mape,5,9.059663064081995,0.024708999293807793,8.991059883938368,9.128266244225623,0.0,0.0,0.0,0.0,0.95
1,0.0,load_estimation,xgboost,raw,r2,5,0.9687939977506609,0.00019842097748749488,0.9682430927989472,0.9693449027023746,0.0,0.0,0.0,0.0,0.95
1,0.0,load_estimation,xgboost,raw,rmse,5,0.4110929118211143,0.0013075628837073605,0.40746253525290665,0.41472328838932193,0.0,0.0,0.0,0.0,0.95
1,0.05,anomaly_detection,isolation_forest,raw,detection_latency,5,3.2459016393442623,0.0,3.2459016393442623,3.2459016393442623,0.0,0.0,0.0,0.0,0.95
1,0.05,anomaly_detection,isolation_forest,raw,f1,5,0.1176470588235294,0.0,0.1176470588235294,0.1176470588235294,0.0,0.0,0.0,0.0,0.95
1,0.05,anomaly_detection,isolation_forest,raw,false_positive_rate,5,0.0438946528332003,0.0,0.0438946528332003,0.0438946528332003,0.0,0.0,0.0,0.0,0.95
1,0.05,anomaly_detection,isolation_forest,raw,pr_auc,5,0.09385708598261,0.0,0.09385708598261,0.09385708598261,0.0,0.0,0.0,0.0,0.95
1,0.05,anomaly_detection,isolation_forest,raw,precision,5,0.1164658634538152,0.0,0.1164658634538152,0.1164658634538152,0.0,0.0,0.0,0.0,0.95
1,0.05,anomaly_detection,isolation_forest,raw,recall,5,0.11885245901639338,6.938893903907228e-18,0.11885245901639338,0.11885245901639338,0.0,0.0,0.0,0.0,0.95
1,0.05,anomaly_detection,isolation_forest,raw,roc_auc,5,0.7138596875695052,0.0,0.7138596875695052,0.7138596875695052,0.0,0.0,0.0,0.0,0.95
1,0.05,anomaly_detection,isolation_forest,raw,threshold,5,0.5031683371451802,0.0,0.5031683371451802,0.5031683371451802,0.0,0.0,0.0,0.0,0.95
1,0.05,anomaly_detection,isolation_forest,residual,detection_latency,5,0.0,0.0,0.0,0.0,0.0,0.0,0.0,0.0,0.95
1,0.05,anomaly_detection,isolation_forest,residual,f1,5,0.0887272727272727,0.0,0.0887272727272727,0.0887272727272727,0.0,0.0,0.0,0.0,0.95
1,0.05,anomaly_detection,isolation_forest,residual,false_positive_rate,5,1.0,0.0,1.0,1.0,0.0,0.0,0.0,0.0,0.95
1,0.05,anomaly_detection,isolation_forest,residual,pr_auc,5,0.12824243695168772,0.04415770686897444,0.00564098785856465,0.2508438860448108,0.16148525305336273,0.13365847398006295,-0.20961016279678965,0.5325806689035151,0.95
1,0.05,anomaly_detection,isolation_forest,residual,precision,5,0.0464231354642313,0.0,0.0464231354642313,0.0464231354642313,0.0,0.0,0.0,0.0,0.95
1,0.05,anomaly_detection,isolation_forest,residual,recall,5,1.0,0.0,1.0,1.0,0.0,0.0,0.0,0.0,0.95
1,0.05,anomaly_detection,isolation_forest,residual,roc_auc,5,0.7378471177371031,0.05347717657969935,0.5893706725825988,0.8863235628916074,0.013481324843233536,0.00887069888732205,-0.011147683662155282,0.038110333348622356,0.95
1,0.05,anomaly_detection,isolation_forest,residual,threshold,5,0.2937656541960819,0.0,0.2937656541960819,0.2937656541960819,0.0,0.0,0.0,0.0,0.95
1,0.05,anomaly_detection,lstm_autoencoder,raw,detection_latency,5,1.3442622950819672,0.0,1.3442622950819672,1.3442622950819672,0.0,0.0,0.0,0.0,0.95
1,0.05,anomaly_detection,lstm_autoencoder,raw,f1,5,0.5386064030131827,0.0,0.5386064030131827,0.5386064030131827,0.0,0.0,0.0,0.0,0.95
1,0.05,anomaly_detection,lstm_autoencoder,raw,false_positive_rate,5,0.028731045490821998,1.734723475976807e-18,0.028731045490821998,0.028731045490821998,0.0,0.0,0.0,0.0,0.95
1,0.05,anomaly_detection,lstm_autoencoder,raw,pr_auc,5,0.561001698584242,0.0,0.561001698584242,0.561001698584242,0.0,0.0,0.0,0.0,0.95
1,0.05,anomaly_detection,lstm_autoencoder,raw,precision,5,0.4982578397212543,0.0,0.4982578397212543,0.4982578397212543,0.0,0.0,0.0,0.0,0.95
1,0.05,anomaly_detection,lstm_autoencoder,raw,recall,5,0.5860655737704918,0.0,0.5860655737704918,0.5860655737704918,0.0,0.0,0.0,0.0,0.95
1,0.05,anomaly_detection,lstm_autoencoder,raw,roc_auc,5,0.9493396177043947,5.551115123125783e-17,0.9493396177043947,0.9493396177043947,0.0,0.0,0.0,0.0,0.95
1,0.05,anomaly_detection,lstm_autoencoder,raw,threshold,5,0.0007370078528765,0.0,0.0007370078528765,0.0007370078528765,0.0,0.0,0.0,0.0,0.95
1,0.05,anomaly_detection,lstm_autoencoder,residual,detection_latency,5,0.0,0.0,0.0,0.0,0.0,0.0,0.0,0.0,0.95
1,0.05,anomaly_detection,lstm_autoencoder,residual,f1,5,0.19940287081339708,0.1106755980861244,-0.1078818517576613,0.5066875933844555,0.06868421052631576,0.06868421052631575,-0.12201372959384835,0.25938215064647985,0.95
1,0.05,anomaly_detection,lstm_autoencoder,residual,false_positive_rate,5,0.8108539505187551,0.18914604948124503,0.2857003272690527,1.3360075737684576,4.745454545454578,4.745454545454578,-8.430039499211405,17.92094859012056,0.95
1,0.05,anomaly_detection,lstm_autoencoder,residual,pr_auc,5,0.21241487516806545,0.08167541142079986,-0.01435242108623025,0.43918217142236116,0.09338849569634414,0.09199597367992528,-0.16203327512518942,0.3488102665178777,0.95
1,0.05,anomaly_detection,lstm_autoencoder,residual,precision,5,0.13171215178223775,0.08528901631800645,-0.105088120101026,0.3685124236655015,0.10116279069767442,0.10116279069767439,-0.1797101443630325,0.38203572575838135,0.95
1,0.05,anomaly_detection,lstm_autoencoder,residual,recall,5,1.0,0.0,1.0,1.0,0.0,0.0,0.0,0.0,0.95
1,0.05,anomaly_detection,lstm_autoencoder,residual,roc_auc,5,0.7839514672981565,0.04767476901108656,0.6515850882358898,0.9163178463604231,0.006337274655331159,0.005157460803749175,-0.007982132148487715,0.020656681459150034,0.95
1,0.05,anomaly_detection,lstm_autoencoder,residual,threshold,5,0.0003816792741417,0.0,0.0003816792741417,0.0003816792741417,0.0,0.0,0.0,0.0,0.95
1,0.05,load_estimation,lstm,raw,mae,5,0.2785847869494347,0.0012940797079888113,0.2749918456784534,0.28217772822041604,0.004398661021585025,0.0025193374010006376,-0.0025961409737649257,0.011393463016934977,0.95
1,0.05,load_estimation,lstm,raw,mape,5,9.001818912346518,0.05409474540245276,8.851627821256958,9.152010003436079,0.0034875047290346983,0.0016111765562128505,-0.000985838534071908,0.007960847992141305,0.95
1,0.05,load_estimation,lstm,raw,r2,5,0.9677356006698992,0.0003382869398192617,0.9667963655516857,0.9686748357881126,-0.00019303797675994952,0.00011991300093398016,-0.0005259698412526772,0.0001398938877327781,0.95
1,0.05,load_estimation,lstm,raw,rmse,5,0.41856188242041836,0.002207492262302604,0.4124329013339863,0.4246908635068504,0.002949167852900738,0.0018194094226104025,-0.0021023225328566575,0.008000658238658132,0.95
1,0.05,load_estimation,persistence,raw,mae,5,0.4540882228875088,0.005453322806231743,0.43894737147508317,0.4692290742999344,0.02155457134858257,0.0012901125087336413,0.017972644788554606,0.025136497908610535,0.95
1,0.05,load_estimation,persistence,raw,mape,5,14.302282369501066,0.22451576326031114,13.678926677557229,14.925638061444904,0.01679005223428711,0.0022580968871019373,0.010520570185030562,0.02305953428354366,0.95
1,0.05,load_estimation,persistence,raw,r2,5,0.9293662886663011,0.0017546645587145338,0.9244945588409941,0.9342380184916081,-0.002953314259020907,0.00020851656904545616,-0.0035322490664998017,-0.0023743794515420124,0.95
1,0.05,load_estimation,persistence,raw,rmse,5,0.6183021655746753,0.007708205411108155,0.5969007563911449,0.6397035747582057,0.020234765802250247,0.0017922752753525212,0.015258611886830711,0.025210919717669783,0.95
1,0.05,load_estimation,xgboost,raw,mae,5,0.2761556960268107,0.0009094856120390579,0.2736305591510171,0.27868083290260437,0.008324645402475267,0.0016429381548934176,0.0037631178041787434,0.01288617300077179,0.95
1,0.05,load_estimation,xgboost,raw,mape,5,9.128556110574369,0.03530858549375192,9.030523761208784,9.226588459939954,0.007592717656721082,0.0013239155889140021,0.003916938700185746,0.011268496613256417,0.95
1,0.05,load_estimation,xgboost,raw,r2,5,0.9683367488773793,0.00022780338102024582,0.9677042652951982,0.9689692324595605,-0.00047197622401334556,0.00011818051470085289,-0.0008000979355842844,-0.00014385451244240671,0.95
1,0.05,load_estimation,xgboost,raw,rmse,5,0.41409139299087433,0.0014907611095948358,0.4099523766051205,0.41823040937662814,0.007294676170993183,0.0018109012019188009,0.0022668083929289276,0.012322543949057439,0.95
1,0.1,anomaly_detection,isolation_forest,raw,detection_latency,5,3.2459016393442623,0.0,3.2459016393442623,3.2459016393442623,0.0,0.0,0.0,0.0,0.95
1,0.1,anomaly_detection,isolation_forest,raw,f1,5,0.1176470588235294,0.0,0.1176470588235294,0.1176470588235294,0.0,0.0,0.0,0.0,0.95
1,0.1,anomaly_detection,isolation_forest,raw,false_positive_rate,5,0.0438946528332003,0.0,0.0438946528332003,0.0438946528332003,0.0,0.0,0.0,0.0,0.95
1,0.1,anomaly_detection,isolation_forest,raw,pr_auc,5,0.09385708598261,0.0,0.09385708598261,0.09385708598261,0.0,0.0,0.0,0.0,0.95
1,0.1,anomaly_detection,isolation_forest,raw,precision,5,0.1164658634538152,0.0,0.1164658634538152,0.1164658634538152,0.0,0.0,0.0,0.0,0.95
1,0.1,anomaly_detection,isolation_forest,raw,recall,5,0.11885245901639338,6.938893903907228e-18,0.11885245901639338,0.11885245901639338,0.0,0.0,0.0,0.0,0.95
1,0.1,anomaly_detection,isolation_forest,raw,roc_auc,5,0.7138596875695052,0.0,0.7138596875695052,0.7138596875695052,0.0,0.0,0.0,0.0,0.95
1,0.1,anomaly_detection,isolation_forest,raw,threshold,5,0.5031683371451802,0.0,0.5031683371451802,0.5031683371451802,0.0,0.0,0.0,0.0,0.95
1,0.1,anomaly_detection,isolation_forest,residual,detection_latency,5,0.0,0.0,0.0,0.0,0.0,0.0,0.0,0.0,0.95
1,0.1,anomaly_detection,isolation_forest,residual,f1,5,0.0887272727272727,0.0,0.0887272727272727,0.0887272727272727,0.0,0.0,0.0,0.0,0.95
1,0.1,anomaly_detection,isolation_forest,residual,false_positive_rate,5,1.0,0.0,1.0,1.0,0.0,0.0,0.0,0.0,0.95
1,0.1,anomaly_detection,isolation_forest,residual,pr_auc,5,0.10384701581900906,0.0229846761872151,0.04003132412445941,0.16766270751355872,0.21272464111115225,0.14812940974752148,-0.19854853351819207,0.6239978157404966,0.95
1,0.1,anomaly_detection,isolation_forest,residual,precision,5,0.0464231354642313,0.0,0.0464231354642313,0.0464231354642313,0.0,0.0,0.0,0.0,0.95
1,0.1,anomaly_detection,isolation_forest,residual,recall,5,1.0,0.0,1.0,1.0,0.0,0.0,0.0,0.0,0.95
1,0.1,anomaly_detection,isolation_forest,residual,roc_auc,5,0.7254913617154892,0.04608351519195254,0.5975430115304845,0.853439711900494,0.027632818152432882,0.01585402548249887,-0.016385013296132192,0.07165064960099796,0.95
1,0.1,anomaly_detection,isolation_forest,residual,threshold,5,0.2937656541960819,0.0,0.2937656541960819,0.2937656541960819,0.0,0.0,0.0,0.0,0.95
1,0.1,anomaly_detection,lstm_autoencoder,raw,detection_latency,5,1.3442622950819672,0.0,1.3442622950819672,1.3442622950819672,0.0,0.0,0.0,0.0,0.95
1,0.1,anomaly_detection,lstm_autoencoder,raw,f1,5,0.5386064030131827,0.0,0.5386064030131827,0.5386064030131827,0.0,0.0,0.0,0.0,0.95
1,0.1,anomaly_detection,lstm_autoencoder,raw,false_positive_rate,5,0.028731045490821998,1.734723475976807e-18,0.028731045490821998,0.028731045490821998,0.0,0.0,0.0,0.0,0.95
1,0.1,anomaly_detection,lstm_autoencoder,raw,pr_auc,5,0.561001698584242,0.0,0.561001698584242,0.561001698584242,0.0,0.0,0.0,0.0,0.95
1,0.1,anomaly_detection,lstm_autoencoder,raw,precision,5,0.4982578397212543,0.0,0.4982578397212543,0.4982578397212543,0.0,0.0,0.0,0.0,0.95
1,0.1,anomaly_detection,lstm_autoencoder,raw,recall,5,0.5860655737704918,0.0,0.5860655737704918,0.5860655737704918,0.0,0.0,0.0,0.0,0.95
1,0.1,anomaly_detection,lstm_autoencoder,raw,roc_auc,5,0.9493396177043947,5.551115123125783e-17,0.9493396177043947,0.9493396177043947,0.0,0.0,0.0,0.0,0.95
1,0.1,anomaly_detection,lstm_autoencoder,raw,threshold,5,0.0007370078528765,0.0,0.0007370078528765,0.0007370078528765,0.0,0.0,0.0,0.0,0.95
1,0.1,anomaly_detection,lstm_autoencoder,residual,detection_latency,5,0.0,0.0,0.0,0.0,0.0,0.0,0.0,0.0,0.95
1,0.1,anomaly_detection,lstm_autoencoder,residual,f1,5,0.16799971082595333,0.07927243809868065,-0.05209586191022364,0.3880952835621303,0.10079522862823061,0.1007952286282306,-0.17905719052391272,0.3806476477803739,0.95
1,0.1,anomaly_detection,lstm_autoencoder,residual,false_positive_rate,5,0.8206703910614526,0.17932960893854752,0.32277157610698787,1.3185692060159173,9.21818181818188,9.21818181818188,-16.3755939697325,34.81195760609626,0.95
1,0.1,anomaly_detection,lstm_autoencoder,residual,pr_auc,5,0.18466979228069344,0.05422270806445538,0.03412341988456738,0.3352161646768195,0.12247558200485475,0.1193088245478599,-0.20877881991795322,0.45372998392766273,0.95
1,0.1,anomaly_detection,lstm_autoencoder,residual,precision,5,0.10118050312204119,0.0547573676578099,-0.050850322285001054,0.25321132852908346,0.13307086614173227,0.1330708661417323,-0.23639308880191115,0.5025348210853757,0.95
1,0.1,anomaly_detection,lstm_autoencoder,residual,recall,5,1.0,0.0,1.0,1.0,0.0,0.0,0.0,0.0,0.95
1,0.1,anomaly_detection,lstm_autoencoder,residual,roc_auc,5,0.7791534742846676,0.043033405045573604,0.6596735874858908,0.8986333610834445,0.011156820146593647,0.010040847214736859,-0.016721040954801404,0.039034681247988694,0.95
1,0.1,anomaly_detection,lstm_autoencoder,residual,threshold,5,0.0003816792741417,0.0,0.0003816792741417,0.0003816792741417,0.0,0.0,0.0,0.0,0.95
1,0.1,load_estimation,lstm,raw,mae,5,0.28027284914418016,0.0016269565234467696,0.2757556936682868,0.28479000462007353,0.010488990818094608,0.0045604154570519076,-0.0021727523553055194,0.023150733991494733,0.95
1,0.1,load_estimation,lstm,raw,mape,5,9.040592606236435,0.06627522951139443,8.856583069663664,9.224602142809207,0.007788758903859763,0.003105275068638837,-0.0008328668607552776,0.016410384668474803,0.95
1,0.1,load_estimation,lstm,raw,r2,5,0.9675008466108437,0.0003513336992445122,0.9665253878812852,0.9684763053404022,-0.00043550411933932604,0.00024067955106193343,-0.0011037376808064334,0.00023272944212778142,0.95
1,0.1,load_estimation,lstm,raw,rmse,5,0.4200804325477199,0.002281235048031747,0.41374670866480645,0.4264141564306333,0.006604148429862053,0.0036345908723847764,-0.0034870936071672368,0.016695390466891342,0.95
1,0.1,load_estimation,persistence,raw,mae,5,0.46465249758106025,0.005676027776950696,0.44889331804277877,0.48041167711934174,0.04531199359211814,0.0014475317699831171,0.04129300109473022,0.04933098608950606,0.95
1,0.1,load_estimation,persistence,raw,mape,5,14.555879522929075,0.22321301862897525,13.936140829940232,15.175618215917918,0.03484894876155878,0.0027857471192468774,0.02711447480800693,0.042583422715110626,0.95
1,0.1,load_estimation,persistence,raw,r2,5,0.9262937856995068,0.0019043833470932948,0.9210063698770494,0.9315812015219642,-0.006250936041190397,0.00014541297519607248,-0.00665466718440578,-0.005847204897975014,0.95
1,0.1,load_estimation,persistence,raw,rmse,5,0.6315922888225298,0.008160166509527084,0.6089360344595544,0.6542485431855053,0.04213892307552721,0.001360803736452771,0.03836072620231805,0.045917119948736373,0.95
1,0.1,load_estimation,xgboost,raw,mae,5,0.2784630560983805,0.0007568058285836021,0.2763618262600244,0.2805642859367366,0.016755173349109732,0.0014424750337243303,0.012750220602355793,0.02076012609586367,0.95
1,0.1,load_estimation,xgboost,raw,mape,5,9.190897294131663,0.03073385357895603,9.105566436798505,9.27622815146482,0.014480443027025234,0.0011306135323520443,0.011341356619256013,0.017619529434794452,0.95
1,0.1,load_estimation,xgboost,raw,r2,5,0.9679255847084484,0.0002385549730173185,0.9672632499212939,0.9685879194956029,-0.0008963929527594488,0.0001229069134705036,-0.0012376372510595974,-0.0005551486544593003,0.95
1,0.1,load_estimation,xgboost,raw,rmse,5,0.41677055332693846,0.0015527067601436878,0.41245954824293,0.4210815584109469,0.01381027243306423,0.001866663805506045,0.008627582847217086,0.018992962018911375,0.95
1,0.2,anomaly_detection,isolation_forest,raw,detection_latency,5,3.2459016393442623,0.0,3.2459016393442623,3.2459016393442623,0.0,0.0,0.0,0.0,0.95
1,0.2,anomaly_detection,isolation_forest,raw,f1,5,0.1176470588235294,0.0,0.1176470588235294,0.1176470588235294,0.0,0.0,0.0,0.0,0.95
1,0.2,anomaly_detection,isolation_forest,raw,false_positive_rate,5,0.0438946528332003,0.0,0.0438946528332003,0.0438946528332003,0.0,0.0,0.0,0.0,0.95
1,0.2,anomaly_detection,isolation_forest,raw,pr_auc,5,0.09385708598261,0.0,0.09385708598261,0.09385708598261,0.0,0.0,0.0,0.0,0.95
1,0.2,anomaly_detection,isolation_forest,raw,precision,5,0.1164658634538152,0.0,0.1164658634538152,0.1164658634538152,0.0,0.0,0.0,0.0,0.95
1,0.2,anomaly_detection,isolation_forest,raw,recall,5,0.11885245901639338,6.938893903907228e-18,0.11885245901639338,0.11885245901639338,0.0,0.0,0.0,0.0,0.95
1,0.2,anomaly_detection,isolation_forest,raw,roc_auc,5,0.7138596875695052,0.0,0.7138596875695052,0.7138596875695052,0.0,0.0,0.0,0.0,0.95
1,0.2,anomaly_detection,isolation_forest,raw,threshold,5,0.5031683371451802,0.0,0.5031683371451802,0.5031683371451802,0.0,0.0,0.0,0.0,0.95
1,0.2,anomaly_detection,isolation_forest,residual,detection_latency,5,0.0,0.0,0.0,0.0,0.0,0.0,0.0,0.0,0.95
1,0.2,anomaly_detection,isolation_forest,residual,f1,5,0.0887272727272727,0.0,0.0887272727272727,0.0887272727272727,0.0,0.0,0.0,0.0,0.95
1,0.2,anomaly_detection,isolation_forest,residual,false_positive_rate,5,1.0,0.0,1.0,1.0,0.0,0.0,0.0,0.0,0.95
1,0.2,anomaly_detection,isolation_forest,residual,pr_auc,5,0.08787161877265523,0.00764377268019437,0.06664910352948496,0.1090941340158255,0.2259462940035888,0.1705777726659002,-0.2476535279701918,0.6995461159773694,0.95
1,0.2,anomaly_detection,isolation_forest,residual,precision,5,0.0464231354642313,0.0,0.0464231354642313,0.0464231354642313,0.0,0.0,0.0,0.0,0.95
1,0.2,anomaly_detection,isolation_forest,residual,recall,5,1.0,0.0,1.0,1.0,0.0,0.0,0.0,0.0,0.95
1,0.2,anomaly_detection,isolation_forest,residual,roc_auc,5,0.703926314549998,0.031484975673598224,0.6165100079537646,0.7913426211462313,0.051710932033373645,0.029860139926021195,-0.031194107304749107,0.1346159713714964,0.95
1,0.2,anomaly_detection,isolation_forest,residual,threshold,5,0.2937656541960819,0.0,0.2937656541960819,0.2937656541960819,0.0,0.0,0.0,0.0,0.95
1,0.2,anomaly_detection,lstm_autoencoder,raw,detection_latency,5,1.3442622950819672,0.0,1.3442622950819672,1.3442622950819672,0.0,0.0,0.0,0.0,0.95
1,0.2,anomaly_detection,lstm_autoencoder,raw,f1,5,0.5386064030131827,0.0,0.5386064030131827,0.5386064030131827,0.0,0.0,0.0,0.0,0.95
1,0.2,anomaly_detection,lstm_autoencoder,raw,false_positive_rate,5,0.028731045490821998,1.734723475976807e-18,0.028731045490821998,0.028731045490821998,0.0,0.0,0.0,0.0,0.95
1,0.2,anomaly_detection,lstm_autoencoder,raw,pr_auc,5,0.561001698584242,0.0,0.561001698584242,0.561001698584242,0.0,0.0,0.0,0.0,0.95
1,0.2,anomaly_detection,lstm_autoencoder,raw,precision,5,0.4982578397212543,0.0,0.4982578397212543,0.4982578397212543,0.0,0.0,0.0,0.0,0.95
1,0.2,anomaly_detection,lstm_autoencoder,raw,recall,5,0.5860655737704918,0.0,0.5860655737704918,0.5860655737704918,0.0,0.0,0.0,0.0,0.95
1,0.2,anomaly_detection,lstm_autoencoder,raw,roc_auc,5,0.9493396177043947,5.551115123125783e-17,0.9493396177043947,0.9493396177043947,0.0,0.0,0.0,0.0,0.95
1,0.2,anomaly_detection,lstm_autoencoder,raw,threshold,5,0.0007370078528765,0.0,0.0007370078528765,0.0007370078528765,0.0,0.0,0.0,0.0,0.95
1,0.2,anomaly_detection,lstm_autoencoder,residual,detection_latency,5,0.0,0.0,0.0,0.0,0.0,0.0,0.0,0.0,0.95
1,0.2,anomaly_detection,lstm_autoencoder,residual,f1,5,0.13566041327790826,0.04693314055063558,0.005353124924536046,0.2659677016312805,0.13386348575215373,0.13386348575215373,-0.23780113402912806,0.5055281055334355,0.95
1,0.2,anomaly_detection,lstm_autoencoder,residual,false_positive_rate,5,0.8407422186751795,0.15925778132482044,0.39857173125122125,1.2829127060991379,18.363636363636495,18.3636363636365,-32.621991931814264,69.34926465908725,0.95
1,0.2,anomaly_detection,lstm_autoencoder,residual,pr_auc,5,0.16120706823243167,0.030699716189527045,0.07597099148705785,0.24644314497780548,0.14520890684672616,0.14343404891717618,-0.2530278561880685,0.5434456698815209,0.95
1,0.2,anomaly_detection,lstm_autoencoder,residual,precision,5,0.07571558347019924,0.029292448005967954,-0.005613290415231342,0.15704445735562983,0.15968379446640316,0.15968379446640313,-0.2836694950592523,0.6030370839920586,0.95
1,0.2,anomaly_detection,lstm_autoencoder,residual,recall,5,1.0,0.0,1.0,1.0,0.0,0.0,0.0,0.0,0.95
1,0.2,anomaly_detection,lstm_autoencoder,residual,roc_auc,5,0.7673362618240811,0.03428088495714518,0.6721572665829667,0.8625152570651955,0.023809413199328035,0.018691259402254263,-0.02808584247804305,0.07570466887669912,0.95
1,0.2,anomaly_detection,lstm_autoencoder,residual,threshold,5,0.0003816792741417,0.0,0.0003816792741417,0.0003816792741417,0.0,0.0,0.0,0.0,0.95
1,0.2,load_estimation,lstm,raw,mae,5,0.28808951422973633,0.0031307230956322215,0.27939723341513856,0.2967817950443341,0.038664766442303,0.01043200408009057,0.009700879776732133,0.06762865310787387,0.95
1,0.2,load_estimation,lstm,raw,mape,5,9.217290977360546,0.10238615762584606,8.933021431180256,9.501560523540837,0.027423775098851532,0.007098564104346659,0.007715001537405494,0.04713254866029757,0.95
1,0.2,load_estimation,lstm,raw,r2,5,0.9663058279752936,0.0004800771749143293,0.9649729200528856,0.9676387358977017,-0.0016699582000073876,0.0005062792150650002,-0.0030756146485379885,-0.0002643017514767868,0.95
1,0.2,load_estimation,lstm,raw,rmse,5,0.42771602478093806,0.00304140302987373,0.4192717362257114,0.43616031333616473,0.02494170061770238,0.007548367143076982,0.003984073611070442,0.04589932762433432,0.95
1,0.2,load_estimation,persistence,raw,mae,5,0.49111725732661454,0.004627932253936064,0.4782680574729868,0.5039664571802424,0.10501630270352749,0.004500186879184549,0.09252178087034021,0.11751082453671477,0.95
1,0.2,load_estimation,persistence,raw,mape,5,15.25062643053326,0.19509644648900007,14.708951856637391,15.792301004429127,0.08445475348789522,0.006298756135648877,0.06696660284623833,0.1019429041295521,0.95
1,0.2,load_estimation,persistence,raw,r2,5,0.9179857937598589,0.0015822117417640788,0.9135928697140515,0.9223787178056663,-0.015161279592349785,0.00033438068340591514,-0.016089669204064832,-0.014232889980634739,0.95
1,0.2,load_estimation,persistence,raw,rmse,5,0.6663363725676157,0.006424605050591298,0.6484988093220725,0.6841739358131589,0.09966830354443561,0.004806983365764597,0.08632197810779127,0.11301462898107995,0.95
1,0.2,load_estimation,xgboost,raw,mae,5,0.28737321911065,0.0012813346593844365,0.2838156637674818,0.2909307744538182,0.04928570481502693,0.0037847320861706273,0.038777603939893455,0.0597938056901604,0.95
1,0.2,load_estimation,xgboost,raw,mape,5,9.428734041905804,0.03930887162846194,9.319595117682113,9.537872966129495,0.04072550351273278,0.0020977413514172705,0.0349012398056193,0.046549767219846265,0.95
1,0.2,load_estimation,xgboost,raw,r2,5,0.9660609424960445,0.0003775233697139334,0.9650127695841044,0.9671091154079845,-0.002821206009955094,0.00022880941393346878,-0.0034564827872938493,-0.002185929232616339,0.95
1,0.2,load_estimation,xgboost,raw,rmse,5,0.42869901225104334,0.0023952794024284627,0.42204865047858975,0.43534937402349694,0.04280386330121343,0.0032803419390563184,0.03369617398114547,0.05191155262128138,0.95
5,0.0,anomaly_detection,isolation_forest,raw,detection_latency,5,3.2459016393442623,0.0,3.2459016393442623,3.2459016393442623,0.0,0.0,0.0,0.0,0.95
5,0.0,anomaly_detection,isolation_forest,raw,f1,5,0.1176470588235294,0.0,0.1176470588235294,0.1176470588235294,0.0,0.0,0.0,0.0,0.95
5,0.0,anomaly_detection,isolation_forest,raw,false_positive_rate,5,0.0438946528332003,0.0,0.0438946528332003,0.0438946528332003,0.0,0.0,0.0,0.0,0.95
5,0.0,anomaly_detection,isolation_forest,raw,pr_auc,5,0.09385708598261,0.0,0.09385708598261,0.09385708598261,0.0,0.0,0.0,0.0,0.95
5,0.0,anomaly_detection,isolation_forest,raw,precision,5,0.1164658634538152,0.0,0.1164658634538152,0.1164658634538152,0.0,0.0,0.0,0.0,0.95
5,0.0,anomaly_detection,isolation_forest,raw,recall,5,0.11885245901639338,6.938893903907228e-18,0.11885245901639338,0.11885245901639338,0.0,0.0,0.0,0.0,0.95
5,0.0,anomaly_detection,isolation_forest,raw,roc_auc,5,0.7138596875695052,0.0,0.7138596875695052,0.7138596875695052,0.0,0.0,0.0,0.0,0.95
5,0.0,anomaly_detection,isolation_forest,raw,threshold,5,0.5031683371451802,0.0,0.5031683371451802,0.5031683371451802,0.0,0.0,0.0,0.0,0.95
5,0.0,anomaly_detection,isolation_forest,residual,detection_latency,5,0.0,0.0,0.0,0.0,0.0,0.0,0.0,0.0,0.95
5,0.0,anomaly_detection,isolation_forest,residual,f1,5,0.0887272727272727,0.0,0.0887272727272727,0.0887272727272727,0.0,0.0,0.0,0.0,0.95
5,0.0,anomaly_detection,isolation_forest,residual,false_positive_rate,5,1.0,0.0,1.0,1.0,0.0,0.0,0.0,0.0,0.95
5,0.0,anomaly_detection,isolation_forest,residual,pr_auc,5,0.056457355132901975,0.0005655973832359827,0.05488700504670375,0.0580277052191002,0.4612530323973176,0.1216092103535938,0.12361173556411326,0.798894329230522,0.95
5,0.0,anomaly_detection,isolation_forest,residual,precision,5,0.0464231354642313,0.0,0.0464231354642313,0.0464231354642313,0.0,0.0,0.0,0.0,0.95
5,0.0,anomaly_detection,isolation_forest,residual,recall,5,1.0,0.0,1.0,1.0,0.0,0.0,0.0,0.0,0.95
5,0.0,anomaly_detection,isolation_forest,residual,roc_auc,5,0.5971467657948792,0.0045357481045472745,0.5845535101715988,0.6097400214181596,0.18434001032403247,0.058900635158223066,0.02080563014594297,0.347874390502122,0.95
5,0.0,anomaly_detection,isolation_forest,residual,threshold,5,0.2937656541960819,0.0,0.2937656541960819,0.2937656541960819,0.0,0.0,0.0,0.0,0.95
5,0.0,anomaly_detection,lstm_autoencoder,raw,detection_latency,5,1.3442622950819672,0.0,1.3442622950819672,1.3442622950819672,0.0,0.0,0.0,0.0,0.95
5,0.0,anomaly_detection,lstm_autoencoder,raw,f1,5,0.5386064030131827,0.0,0.5386064030131827,0.5386064030131827,0.0,0.0,0.0,0.0,0.95
5,0.0,anomaly_detection,lstm_autoencoder,raw,false_positive_rate,5,0.028731045490821998,1.734723475976807e-18,0.028731045490821998,0.028731045490821998,0.0,0.0,0.0,0.0,0.95
5,0.0,anomaly_detection,lstm_autoencoder,raw,pr_auc,5,0.561001698584242,0.0,0.561001698584242,0.561001698584242,0.0,0.0,0.0,0.0,0.95
5,0.0,anomaly_detection,lstm_autoencoder,raw,precision,5,0.4982578397212543,0.0,0.4982578397212543,0.4982578397212543,0.0,0.0,0.0,0.0,0.95
5,0.0,anomaly_detection,lstm_autoencoder,raw,recall,5,0.5860655737704918,0.0,0.5860655737704918,0.5860655737704918,0.0,0.0,0.0,0.0,0.95
5,0.0,anomaly_detection,lstm_autoencoder,raw,roc_auc,5,0.9493396177043947,5.551115123125783e-17,0.9493396177043947,0.9493396177043947,0.0,0.0,0.0,0.0,0.95
5,0.0,anomaly_detection,lstm_autoencoder,raw,threshold,5,0.0007370078528765,0.0,0.0007370078528765,0.0007370078528765,0.0,0.0,0.0,0.0,0.95
5,0.0,anomaly_detection,lstm_autoencoder,residual,detection_latency,5,0.0,0.0,0.0,0.0,0.0,0.0,0.0,0.0,0.95
5,0.0,anomaly_detection,lstm_autoencoder,residual,f1,5,0.0926851759759031,0.003957903248630401,0.08169627487439678,0.10367407707740943,0.17780742717367132,0.1778074271736713,-0.31586513367048147,0.6714799880178242,0.95
5,0.0,anomaly_detection,lstm_autoencoder,residual,false_positive_rate,5,0.9599760574620909,0.04002394253790902,0.8488517781119956,1.071100336812186,72.69090909090963,72.69090909090963,-129.1314096469242,274.5132278287434,0.95
5,0.0,anomaly_detection,lstm_autoencoder,residual,pr_auc,5,0.12260028049640911,0.0036174974767857683,0.1125564973339219,0.13264406365889633,0.22760371384260178,0.16529897849195124,-0.2313398258855716,0.6865472535707752,0.95
5,0.0,anomaly_detection,lstm_autoencoder,residual,precision,5,0.04861276183952516,0.0021896263752938616,0.042533384407628536,0.05469213927142179,0.18800846461321422,0.1880084646132142,-0.3339867166978969,0.7100036459243253,0.95
5,0.0,anomaly_detection,lstm_autoencoder,residual,recall,5,1.0,0.0,1.0,1.0,0.0,0.0,0.0,0.0,0.95
5,0.0,anomaly_detection,lstm_autoencoder,residual,roc_auc,5,0.6930803775855979,0.003600503649203586,0.6830837768525199,0.703076978318676,0.11008110363656429,0.04745693653251609,-0.021680475506822366,0.24184268277995094,0.95
5,0.0,anomaly_detection,lstm_autoencoder,residual,threshold,5,0.0003816792741417,0.0,0.0003816792741417,0.0003816792741417,0.0,0.0,0.0,0.0,0.95
5,0.0,load_estimation,lstm,raw,mae,5,0.5528407457748244,0.010768336373455634,0.5229430509596202,0.5827384405900287,0.9931586667719599,0.03741319064611699,0.8892829967327165,1.0970343368112032,0.95
5,0.0,load_estimation,lstm,raw,mape,5,15.559932801848698,0.25679366125400516,14.846959298014195,16.2729063056832,0.7342632997576657,0.021179527775486356,0.6754595035350159,0.7930670959803154,0.95
5,0.0,load_estimation,lstm,raw,r2,5,0.9030964823725913,0.00373219189722157,0.8927342564478916,0.913458708297291,-0.06697229507160908,0.003965022378018297,-0.0779809620450577,-0.05596362809816047,0.95
5,0.0,load_estimation,lstm,raw,rmse,5,0.7249100806710953,0.013648224482213566,0.6870165346128128,0.7628036267293778,0.7374224977219331,0.03679495507544279,0.6352633248067473,0.839581670637119,0.95
5,0.0,load_estimation,persistence,raw,mae,5,0.8492904758026973,0.0052501381977328905,0.8347137553019899,0.8638671963034048,0.9114218669506741,0.0192033762361765,0.8581047469964702,0.9647389869048779,0.95
5,0.0,load_estimation,persistence,raw,mape,5,24.655475418426857,0.20436202411795298,24.088075476876252,25.22287535997746,0.753938151003403,0.021020390609742947,0.6955761903856366,0.8123001116211694,0.95
5,0.0,load_estimation,persistence,raw,r2,5,0.7682547914027948,0.002634315541512463,0.7609407589120161,0.7755688238935736,-0.17580066317596202,0.0020782042584499595,-0.18157068321693662,-0.17003064313498742,0.95
5,0.0,load_estimation,persistence,raw,rmse,5,1.1202290743049068,0.006388838001271931,1.1024908163083738,1.1379673323014399,0.8493175572797529,0.019952626041160604,0.7939201863719305,0.9047149281875753,0.95
5,0.0,load_estimation,xgboost,raw,mae,5,0.5127310491860186,0.004052231310582795,0.5014802513986218,0.5239818469734154,0.872175120867601,0.015290706944006601,0.8297213124178999,0.914628929317302,0.95
5,0.0,load_estimation,xgboost,raw,mape,5,15.115543303284639,0.10409385938218403,14.826532416921827,15.40455418964745,0.6684464789394338,0.010678681707520251,0.6387977053826239,0.6980952524962436,0.95
5,0.0,load_estimation,xgboost,raw,r2,5,0.9079802385860638,0.0013507359703790994,0.9042299943126901,0.9117304828594375,-0.06277307116637326,0.0013059448972407258,-0.06639895548397531,-0.05914718684877121,0.95
5,0.0,load_estimation,xgboost,raw,rmse,5,0.7058673895863109,0.005200436227388784,0.691428663877884,0.7203061152947378,0.7170375386026231,0.010941204449745135,0.6866598850631599,0.7474151921420863,0.95
5,0.05,anomaly_detection,isolation_forest,raw,detection_latency,5,3.2459016393442623,0.0,3.2459016393442623,3.2459016393442623,0.0,0.0,0.0,0.0,0.95
5,0.05,anomaly_detection,isolation_forest,raw,f1,5,0.1176470588235294,0.0,0.1176470588235294,0.1176470588235294,0.0,0.0,0.0,0.0,0.95
5,0.05,anomaly_detection,isolation_forest,raw,false_positive_rate,5,0.0438946528332003,0.0,0.0438946528332003,0.0438946528332003,0.0,0.0,0.0,0.0,0.95
5,0.05,anomaly_detection,isolation_forest,raw,pr_auc,5,0.09385708598261,0.0,0.09385708598261,0.09385708598261,0.0,0.0,0.0,0.0,0.95
5,0.05,anomaly_detection,isolation_forest,raw,precision,5,0.1164658634538152,0.0,0.1164658634538152,0.1164658634538152,0.0,0.0,0.0,0.0,0.95
5,0.05,anomaly_detection,isolation_forest,raw,recall,5,0.11885245901639338,6.938893903907228e-18,0.11885245901639338,0.11885245901639338,0.0,0.0,0.0,0.0,0.95
5,0.05,anomaly_detection,isolation_forest,raw,roc_auc,5,0.7138596875695052,0.0,0.7138596875695052,0.7138596875695052,0.0,0.0,0.0,0.0,0.95
5,0.05,anomaly_detection,isolation_forest,raw,threshold,5,0.5031683371451802,0.0,0.5031683371451802,0.5031683371451802,0.0,0.0,0.0,0.0,0.95
5,0.05,anomaly_detection,isolation_forest,residual,detection_latency,5,0.0,0.0,0.0,0.0,0.0,0.0,0.0,0.0,0.95
5,0.05,anomaly_detection,isolation_forest,residual,f1,5,0.0887272727272727,0.0,0.0887272727272727,0.0887272727272727,0.0,0.0,0.0,0.0,0.95
5,0.05,anomaly_detection,isolation_forest,residual,false_positive_rate,5,1.0,0.0,1.0,1.0,0.0,0.0,0.0,0.0,0.95
5,0.05,anomaly_detection,isolation_forest,residual,pr_auc,5,0.05961340348333104,0.002400144201361329,0.052949534863692506,0.06627727210296956,0.42269526674705515,0.13160326922799603,0.0573060140709582,0.788084519423152,0.95
5,0.05,anomaly_detection,isolation_forest,residual,precision,5,0.0464231354642313,0.0,0.0464231354642313,0.0464231354642313,0.0,0.0,0.0,0.0,0.95
5,0.05,anomaly_detection,isolation_forest,residual,recall,5,1.0,0.0,1.0,1.0,0.0,0.0,0.0,0.0,0.95
5,0.05,anomaly_detection,isolation_forest,residual,roc_auc,5,0.611707639370429,0.015354138300977867,0.5690777172401491,0.654337561500709,0.1610817681728159,0.07125919470053803,-0.03676547415382947,0.35892901049946124,0.95
5,0.05,anomaly_detection,isolation_forest,residual,threshold,5,0.2937656541960819,0.0,0.2937656541960819,0.2937656541960819,0.0,0.0,0.0,0.0,0.95
5,0.05,anomaly_detection,lstm_autoencoder,raw,detection_latency,5,1.3442622950819672,0.0,1.3442622950819672,1.3442622950819672,0.0,0.0,0.0,0.0,0.95
5,0.05,anomaly_detection,lstm_autoencoder,raw,f1,5,0.5386064030131827,0.0,0.5386064030131827,0.5386064030131827,0.0,0.0,0.0,0.0,0.95
5,0.05,anomaly_detection,lstm_autoencoder,raw,false_positive_rate,5,0.028731045490821998,1.734723475976807e-18,0.028731045490821998,0.028731045490821998,0.0,0.0,0.0,0.0,0.95
5,0.05,anomaly_detection,lstm_autoencoder,raw,pr_auc,5,0.561001698584242,0.0,0.561001698584242,0.561001698584242,0.0,0.0,0.0,0.0,0.95
5,0.05,anomaly_detection,lstm_autoencoder,raw,precision,5,0.4982578397212543,0.0,0.4982578397212543,0.4982578397212543,0.0,0.0,0.0,0.0,0.95
5,0.05,anomaly_detection,lstm_autoencoder,raw,recall,5,0.5860655737704918,0.0,0.5860655737704918,0.5860655737704918,0.0,0.0,0.0,0.0,0.95
5,0.05,anomaly_detection,lstm_autoencoder,raw,roc_auc,5,0.9493396177043947,5.551115123125783e-17,0.9493396177043947,0.9493396177043947,0.0,0.0,0.0,0.0,0.95
5,0.05,anomaly_detection,lstm_autoencoder,raw,threshold,5,0.0007370078528765,0.0,0.0007370078528765,0.0007370078528765,0.0,0.0,0.0,0.0,0.95
5,0.05,anomaly_detection,lstm_autoencoder,residual,detection_latency,5,0.0,0.0,0.0,0.0,0.0,0.0,0.0,0.0,0.95
5,0.05,anomaly_detection,lstm_autoencoder,residual,f1,5,0.09258907963853721,0.00386180691126452,0.08186698474253783,0.1033111745345366,0.17790568961700243,0.17790568961700243,-0.3160396915069619,0.6718510707409667,0.95
5,0.05,anomaly_detection,lstm_autoencoder,residual,false_positive_rate,5,0.9607741420590582,0.03922585794094174,0.8518657007817465,1.06968258333637,73.054545454546,73.054545454546,-129.77738968517795,275.88648059427,0.95
5,0.05,anomaly_detection,lstm_autoencoder,residual,pr_auc,5,0.12976521654297674,0.005789353469954076,0.11369139443906288,0.1458390386468906,0.1712789232532767,0.17969945876532034,-0.3276467594423897,0.670204605948943,0.95
5,0.05,anomaly_detection,lstm_autoencoder,residual,precision,5,0.048559055996004734,0.0021359205317734403,0.0426287898904709,0.05448932210153857,0.18806459162181138,0.1880645916218114,-0.3340864232475888,0.7102156064912115,0.95
5,0.05,anomaly_detection,lstm_autoencoder,residual,recall,5,1.0,0.0,1.0,1.0,0.0,0.0,0.0,0.0,0.95
5,0.05,anomaly_detection,lstm_autoencoder,residual,roc_auc,5,0.7031053340834456,0.006530951658711969,0.6849725053183313,0.7212381628485598,0.0954948550236486,0.05464862668538744,-0.05623405704277687,0.24722376709007407,0.95
5,0.05,anomaly_detection,lstm_autoencoder,residual,threshold,5,0.0003816792741417,0.0,0.0003816792741417,0.0003816792741417,0.0,0.0,0.0,0.0,0.95
5,0.05,load_estimation,lstm,raw,mae,5,0.5613578233667844,0.013115380091344149,0.5249436905093634,0.5977719562242054,1.02397297427355,0.0471834555975885,0.8929706999333079,1.1549752486137919,0.95
5,0.05,load_estimation,lstm,raw,mape,5,15.759501334911965,0.3142184668856067,14.887091010564667,16.631911659259263,0.756568705276898,0.029983782262230134,0.6733203797796128,0.8398170307741832,0.95
5,0.05,load_estimation,lstm,raw,r2,5,0.9004268801652489,0.004208063284974925,0.8887434234553176,0.9121103368751801,-0.06972904714481434,0.0045135689965672765,-0.08226072369230608,-0.05719737059732261,0.95
5,0.05,load_estimation,lstm,raw,rmse,5,0.7347150433267731,0.015255683154988889,0.6923584765046558,0.7770716101488904,0.7610896301855355,0.042060618347276625,0.6443106322536468,0.8778686281174243,0.95
5,0.05,load_estimation,persistence,raw,mae,5,0.8588468085231664,0.007618816119408567,0.8376935838010324,0.8800000332453004,0.9327601218613866,0.01898449514421125,0.88005071324359,0.9854695304791832,0.95
5,0.05,load_estimation,persistence,raw,mape,5,24.910465754401763,0.3039363146853997,24.066603261201628,25.754328247601897,0.7717624187793775,0.02043707824937212,0.7150199929093639,0.828504844649391,0.95
5,0.05,load_estimation,persistence,raw,r2,5,0.7624258521301737,0.0036777090627270934,0.7522148948046234,0.7726368094557239,-0.18205536296721508,0.003374529754348063,-0.1914245595860191,-0.17268616634841108,0.95
5,0.05,load_estimation,persistence,raw,rmse,5,1.1341657404558245,0.00884106443352122,1.1096190103846362,1.1587124705270129,0.8722780582044832,0.021379280362112587,0.8129196598904445,0.931636456518522,0.95
5,0.05,load_estimation,xgboost,raw,mae,5,0.5170070879081976,0.005259660573127929,0.5024039290549347,0.5316102467614605,0.8877348340567707,0.0182400810712501,0.8370922502480874,0.9383774178654539,0.95
5,0.05,load_estimation,xgboost,raw,mape,5,15.199573684373775,0.17209455874792134,14.721762589106934,15.677384779640615,0.6776459823829477,0.016651995251177193,0.6314126316760399,0.7238793330898555,0.95
5,0.05,load_estimation,xgboost,raw,r2,5,0.9063127838915804,0.0015163883843437188,0.9021026147842905,0.9105229529988703,-0.06449372538269667,0.001565916924416029,-0.06884140776263793,-0.0601460430027554,0.95
5,0.05,load_estimation,xgboost,raw,rmse,5,0.7122172148596653,0.005790579533563973,0.6961399886574431,0.7282944410618875,0.7325569188163934,0.01481805191235863,0.6914154111157584,0.7736984265170284,0.95
5,0.1,anomaly_detection,isolation_forest,raw,detection_latency,5,3.2459016393442623,0.0,3.2459016393442623,3.2459016393442623,0.0,0.0,0.0,0.0,0.95
5,0.1,anomaly_detection,isolation_forest,raw,f1,5,0.1176470588235294,0.0,0.1176470588235294,0.1176470588235294,0.0,0.0,0.0,0.0,0.95
5,0.1,anomaly_detection,isolation_forest,raw,false_positive_rate,5,0.0438946528332003,0.0,0.0438946528332003,0.0438946528332003,0.0,0.0,0.0,0.0,0.95
5,0.1,anomaly_detection,isolation_forest,raw,pr_auc,5,0.09385708598261,0.0,0.09385708598261,0.09385708598261,0.0,0.0,0.0,0.0,0.95
5,0.1,anomaly_detection,isolation_forest,raw,precision,5,0.1164658634538152,0.0,0.1164658634538152,0.1164658634538152,0.0,0.0,0.0,0.0,0.95
5,0.1,anomaly_detection,isolation_forest,raw,recall,5,0.11885245901639338,6.938893903907228e-18,0.11885245901639338,0.11885245901639338,0.0,0.0,0.0,0.0,0.95
5,0.1,anomaly_detection,isolation_forest,raw,roc_auc,5,0.7138596875695052,0.0,0.7138596875695052,0.7138596875695052,0.0,0.0,0.0,0.0,0.95
5,0.1,anomaly_detection,isolation_forest,raw,threshold,5,0.5031683371451802,0.0,0.5031683371451802,0.5031683371451802,0.0,0.0,0.0,0.0,0.95
5,0.1,anomaly_detection,isolation_forest,residual,detection_latency,5,0.0,0.0,0.0,0.0,0.0,0.0,0.0,0.0,0.95
5,0.1,anomaly_detection,isolation_forest,residual,f1,5,0.0887272727272727,0.0,0.0887272727272727,0.0887272727272727,0.0,0.0,0.0,0.0,0.95
5,0.1,anomaly_detection,isolation_forest,residual,false_positive_rate,5,1.0,0.0,1.0,1.0,0.0,0.0,0.0,0.0,0.95
5,0.1,anomaly_detection,isolation_forest,residual,pr_auc,5,0.05852021810822282,0.001761719495687589,0.053628900637689485,0.06341153557875615,0.4349315859111912,0.1289700382306456,0.07685335454854292,0.7930098172738395,0.95
5,0.1,anomaly_detection,isolation_forest,residual,precision,5,0.0464231354642313,0.0,0.0464231354642313,0.0464231354642313,0.0,0.0,0.0,0.0,0.95
5,0.1,anomaly_detection,isolation_forest,residual,recall,5,1.0,0.0,1.0,1.0,0.0,0.0,0.0,0.0,0.95
5,0.1,anomaly_detection,isolation_forest,residual,roc_auc,5,0.6082785740452422,0.010679118539931871,0.5786285876472214,0.6379285604432631,0.16734160124632405,0.06584953371034898,-0.015486014303331463,0.35016921679597957,0.95
5,0.1,anomaly_detection,isolation_forest,residual,threshold,5,0.2937656541960819,0.0,0.2937656541960819,0.2937656541960819,0.0,0.0,0.0,0.0,0.95
5,0.1,anomaly_detection,lstm_autoencoder,raw,detection_latency,5,1.3442622950819672,0.0,1.3442622950819672,1.3442622950819672,0.0,0.0,0.0,0.0,0.95
5,0.1,anomaly_detection,lstm_autoencoder,raw,f1,5,0.5386064030131827,0.0,0.5386064030131827,0.5386064030131827,0.0,0.0,0.0,0.0,0.95
5,0.1,anomaly_detection,lstm_autoencoder,raw,false_positive_rate,5,0.028731045490821998,1.734723475976807e-18,0.028731045490821998,0.028731045490821998,0.0,0.0,0.0,0.0,0.95
5,0.1,anomaly_detection,lstm_autoencoder,raw,pr_auc,5,0.561001698584242,0.0,0.561001698584242,0.561001698584242,0.0,0.0,0.0,0.0,0.95
5,0.1,anomaly_detection,lstm_autoencoder,raw,precision,5,0.4982578397212543,0.0,0.4982578397212543,0.4982578397212543,0.0,0.0,0.0,0.0,0.95
5,0.1,anomaly_detection,lstm_autoencoder,raw,recall,5,0.5860655737704918,0.0,0.5860655737704918,0.5860655737704918,0.0,0.0,0.0,0.0,0.95
5,0.1,anomaly_detection,lstm_autoencoder,raw,roc_auc,5,0.9493396177043947,5.551115123125783e-17,0.9493396177043947,0.9493396177043947,0.0,0.0,0.0,0.0,0.95
5,0.1,anomaly_detection,lstm_autoencoder,raw,threshold,5,0.0007370078528765,0.0,0.0007370078528765,0.0007370078528765,0.0,0.0,0.0,0.0,0.95
5,0.1,anomaly_detection,lstm_autoencoder,residual,detection_latency,5,0.0,0.0,0.0,0.0,0.0,0.0,0.0,0.0,0.95
5,0.1,anomaly_detection,lstm_autoencoder,residual,f1,5,0.0925699623976996,0.003842689670426902,0.0819009454714487,0.1032389793239505,0.17792523777925237,0.1779252377792524,-0.3160744177441065,0.6719248933026112,0.95
5,0.1,anomaly_detection,lstm_autoencoder,residual,false_positive_rate,5,0.9609337589784517,0.03906624102154828,0.8524684853156967,1.0693990326412066,73.12727272727327,73.12727272727327,-129.90658569282868,276.1611311473752,0.95
5,0.1,anomaly_detection,lstm_autoencoder,residual,pr_auc,5,0.13372087732343343,0.0045718112499691455,0.1210274943565684,0.14641426029029847,0.14362889181425884,0.18566467717224266,-0.3718588923287428,0.6591166759572605,0.95
5,0.1,anomaly_detection,lstm_autoencoder,residual,precision,5,0.0485483751004007,0.0021252396361694003,0.04264776391518583,0.05444898628561557,0.18807575403320084,0.18807575403320081,-0.33410625265866367,0.7102577607250654,0.95
5,0.1,anomaly_detection,lstm_autoencoder,residual,recall,5,1.0,0.0,1.0,1.0,0.0,0.0,0.0,0.0,0.95
5,0.1,anomaly_detection,lstm_autoencoder,residual,roc_auc,5,0.6957449661795299,0.006012995960393264,0.6790502129777218,0.7124397193813379,0.10681749462291898,0.04746177550480261,-0.024957519661386762,0.23859250890722472,0.95
5,0.1,anomaly_detection,lstm_autoencoder,residual,threshold,5,0.0003816792741417,0.0,0.0003816792741417,0.0003816792741417,0.0,0.0,0.0,0.0,0.95
5,0.1,load_estimation,lstm,raw,mae,5,0.5662490474683433,0.009784753852675026,0.5390822155285184,0.5934158794081681,1.0417084071698053,0.03665907718110357,0.9399264917692621,1.1434903225703483,0.95
5,0.1,load_estimation,lstm,raw,mape,5,15.923682608600695,0.22204501869272333,15.30718680331773,16.54017841388366,0.7749435394617048,0.018853345733048605,0.7225982599845803,0.8272888189388293,0.95
5,0.1,load_estimation,lstm,raw,r2,5,0.8982926517185698,0.0032245944864739778,0.8893397421403513,0.9072455612967882,-0.07193494693874554,0.003483313594481931,-0.08160617591801383,-0.06226371795947725,0.95
5,0.1,load_estimation,lstm,raw,rmse,5,0.7428118247317804,0.011808607243211908,0.7100258749521615,0.7755977745113993,0.7803783937087223,0.03370532460589206,0.6867974101875906,0.8739593772298541,0.95
5,0.1,load_estimation,persistence,raw,mae,5,0.8640163805658958,0.005584827594202295,0.8485104133285992,0.8795223478031924,0.944473901611756,0.017536489807436554,0.8957848003235478,0.9931630028999643,0.95
5,0.1,load_estimation,persistence,raw,mape,5,25.001059581363286,0.2387132838449986,24.33828525288615,25.663833909840424,0.7782829483476965,0.017611038818894954,0.7293868658215272,0.8271790308738658,0.95
5,0.1,load_estimation,persistence,raw,r2,5,0.7570480930034862,0.0031654288254731222,0.7482594536351493,0.765836732371823,-0.18783103923038064,0.0022257939500482113,-0.19401083394817087,-0.1816512445125904,0.95
5,0.1,load_estimation,persistence,raw,rmse,5,1.1469734207399747,0.0074365614313167865,1.1263262161544925,1.1676206253254569,0.8933240087559546,0.01776983762111618,0.843987030072647,0.9426609874392623,0.95
5,0.1,load_estimation,xgboost,raw,mae,5,0.5267746231599485,0.0029849239156577887,0.5184871457649326,0.5350621005549644,0.9234491166736849,0.011364285306553796,0.8918968023602324,0.9550014309871374,0.95
5,0.1,load_estimation,xgboost,raw,mape,5,15.5001380195868,0.1362231918158151,15.12192180545536,15.87835423371824,0.7109254139815484,0.015148662190389503,0.6688659849927466,0.7529848429703502,0.95
5,0.1,load_estimation,xgboost,raw,r2,5,0.9017087701945069,0.0013798924425683574,0.8978775745766385,0.9055399658123753,-0.06924678820124752,0.0012971642287024365,-0.07284829347466608,-0.06564528292782897,0.95
5,0.1,load_estimation,xgboost,raw,rmse,5,0.7295320549914471,0.0051161187862717025,0.7153274320296926,0.7437366779532016,0.7745764360861228,0.009368861345863086,0.7485643068611244,0.8005885653111212,0.95
5,0.2,anomaly_detection,isolation_forest,raw,detection_latency,5,3.2459016393442623,0.0,3.2459016393442623,3.2459016393442623,0.0,0.0,0.0,0.0,0.95
5,0.2,anomaly_detection,isolation_forest,raw,f1,5,0.1176470588235294,0.0,0.1176470588235294,0.1176470588235294,0.0,0.0,0.0,0.0,0.95
5,0.2,anomaly_detection,isolation_forest,raw,false_positive_rate,5,0.0438946528332003,0.0,0.0438946528332003,0.0438946528332003,0.0,0.0,0.0,0.0,0.95
5,0.2,anomaly_detection,isolation_forest,raw,pr_auc,5,0.09385708598261,0.0,0.09385708598261,0.09385708598261,0.0,0.0,0.0,0.0,0.95
5,0.2,anomaly_detection,isolation_forest,raw,precision,5,0.1164658634538152,0.0,0.1164658634538152,0.1164658634538152,0.0,0.0,0.0,0.0,0.95
5,0.2,anomaly_detection,isolation_forest,raw,recall,5,0.11885245901639338,6.938893903907228e-18,0.11885245901639338,0.11885245901639338,0.0,0.0,0.0,0.0,0.95
5,0.2,anomaly_detection,isolation_forest,raw,roc_auc,5,0.7138596875695052,0.0,0.7138596875695052,0.7138596875695052,0.0,0.0,0.0,0.0,0.95
5,0.2,anomaly_detection,isolation_forest,raw,threshold,5,0.5031683371451802,0.0,0.5031683371451802,0.5031683371451802,0.0,0.0,0.0,0.0,0.95
5,0.2,anomaly_detection,isolation_forest,residual,detection_latency,5,0.0,0.0,0.0,0.0,0.0,0.0,0.0,0.0,0.95
5,0.2,anomaly_detection,isolation_forest,residual,f1,5,0.0887272727272727,0.0,0.0887272727272727,0.0887272727272727,0.0,0.0,0.0,0.0,0.95
5,0.2,anomaly_detection,isolation_forest,residual,false_positive_rate,5,1.0,0.0,1.0,1.0,0.0,0.0,0.0,0.0,0.95
5,0.2,anomaly_detection,isolation_forest,residual,pr_auc,5,0.060244548495010895,0.0015136002747024079,0.05604212042108736,0.06444697656893443,0.4286048100929799,0.12949951979534735,0.069056502231723,0.7881531179542368,0.95
5,0.2,anomaly_detection,isolation_forest,residual,precision,5,0.0464231354642313,0.0,0.0464231354642313,0.0464231354642313,0.0,0.0,0.0,0.0,0.95
5,0.2,anomaly_detection,isolation_forest,residual,recall,5,1.0,0.0,1.0,1.0,0.0,0.0,0.0,0.0,0.95
5,0.2,anomaly_detection,isolation_forest,residual,roc_auc,5,0.6159422304501982,0.006504900797172139,0.5978817304720925,0.634002730428304,0.1582349675403178,0.062238483256976763,-0.014566764653450165,0.3310366997340858,0.95
5,0.2,anomaly_detection,isolation_forest,residual,threshold,5,0.2937656541960819,0.0,0.2937656541960819,0.2937656541960819,0.0,0.0,0.0,0.0,0.95
5,0.2,anomaly_detection,lstm_autoencoder,raw,detection_latency,5,1.3442622950819672,0.0,1.3442622950819672,1.3442622950819672,0.0,0.0,0.0,0.0,0.95
5,0.2,anomaly_detection,lstm_autoencoder,raw,f1,5,0.5386064030131827,0.0,0.5386064030131827,0.5386064030131827,0.0,0.0,0.0,0.0,0.95
5,0.2,anomaly_detection,lstm_autoencoder,raw,false_positive_rate,5,0.028731045490821998,1.734723475976807e-18,0.028731045490821998,0.028731045490821998,0.0,0.0,0.0,0.0,0.95
5,0.2,anomaly_detection,lstm_autoencoder,raw,pr_auc,5,0.561001698584242,0.0,0.561001698584242,0.561001698584242,0.0,0.0,0.0,0.0,0.95
5,0.2,anomaly_detection,lstm_autoencoder,raw,precision,5,0.4982578397212543,0.0,0.4982578397212543,0.4982578397212543,0.0,0.0,0.0,0.0,0.95
5,0.2,anomaly_detection,lstm_autoencoder,raw,recall,5,0.5860655737704918,0.0,0.5860655737704918,0.5860655737704918,0.0,0.0,0.0,0.0,0.95
5,0.2,anomaly_detection,lstm_autoencoder,raw,roc_auc,5,0.9493396177043947,5.551115123125783e-17,0.9493396177043947,0.9493396177043947,0.0,0.0,0.0,0.0,0.95
5,0.2,anomaly_detection,lstm_autoencoder,raw,threshold,5,0.0007370078528765,0.0,0.0007370078528765,0.0007370078528765,0.0,0.0,0.0,0.0,0.95
5,0.2,anomaly_detection,lstm_autoencoder,residual,detection_latency,5,0.0,0.0,0.0,0.0,0.0,0.0,0.0,0.0,0.95
5,0.2,anomaly_detection,lstm_autoencoder,residual,f1,5,0.09246069142125478,0.0037334186939820793,0.08209505936269429,0.10282632347981527,0.1780369718309859,0.17803697183098588,-0.3162729071533923,0.672346850815364,0.95
5,0.2,anomaly_detection,lstm_autoencoder,residual,false_positive_rate,5,0.9618515562649641,0.03814844373503592,0.8559344963859102,1.067768616144018,73.54545454545509,73.54545454545509,-130.6494627368205,277.74037182773066,0.95
5,0.2,anomaly_detection,lstm_autoencoder,residual,pr_auc,5,0.12597465588704732,0.004013092974867638,0.11483252354027242,0.13711678823382223,0.21858083702351422,0.16187085784702682,-0.2308447139200312,0.6680063879670597,0.95
5,0.2,anomaly_detection,lstm_autoencoder,residual,precision,5,0.04848734558068736,0.002064210116456061,0.042756179506753166,0.054218511654621555,0.18813953488372093,0.18813953488372095,-0.3342195558383756,0.7104986256058174,0.95
5,0.2,anomaly_detection,lstm_autoencoder,residual,recall,5,1.0,0.0,1.0,1.0,0.0,0.0,0.0,0.0,0.95
5,0.2,anomaly_detection,lstm_autoencoder,residual,roc_auc,5,0.6964097641071264,0.006399410495787866,0.6786421521599448,0.714177376054308,0.10587203075787255,0.047763824568561,-0.026741606171034743,0.23848566768677984,0.95
5,0.2,anomaly_detection,lstm_autoencoder,residual,threshold,5,0.0003816792741417,0.0,0.0003816792741417,0.0003816792741417,0.0,0.0,0.0,0.0,0.95
5,0.2,load_estimation,lstm,raw,mae,5,0.5827561364583024,0.011792377442622933,0.5500152478290871,0.6154970250875177,1.1010584325965165,0.041659114822398265,0.9853941871609959,1.216722678032037,0.95
5,0.2,load_estimation,lstm,raw,mape,5,16.35717337331925,0.2809298761902915,15.577186993666892,17.137159752971606,0.8231053552190408,0.023647802336026584,0.7574485301744949,0.8887621802635868,0.95
5,0.2,load_estimation,lstm,raw,r2,5,0.8927087397594328,0.004402205692938903,0.8804862573111987,0.9049312222076669,-0.07770347052696355,0.00468080599655026,-0.09069947142446601,-0.0647074696294611,0.95
5,0.2,load_estimation,lstm,raw,rmse,5,0.7626981676390958,0.015349402221226669,0.7200813949742589,0.8053149403039327,0.8280765456711906,0.04177608689174006,0.7120875337063012,0.94406555763608,0.95
5,0.2,load_estimation,persistence,raw,mae,5,0.8785400117731891,0.004978149103268367,0.8647184540624748,0.8923615694839033,0.977458022432573,0.023995530226143567,0.910835749989571,1.044080294875575,0.95
5,0.2,load_estimation,persistence,raw,mape,5,25.410410043135766,0.24327944084256103,24.734958030413182,26.08586205585835,0.8077329932148098,0.025018193784693485,0.7382713515404078,0.8771946348892119,0.95
5,0.2,load_estimation,persistence,raw,r2,5,0.7502441815558006,0.0023129814429108356,0.7438223155502175,0.7566660475613838,-0.1951101150964046,0.00278944261430123,-0.20285484938911139,-0.18736538080369783,0.95
5,0.2,load_estimation,persistence,raw,rmse,5,1.1629710188992206,0.00538513763671097,1.148019479866958,1.1779225579314831,0.9202345421493184,0.02704009896248829,0.8451591917408539,0.995309892557783,0.95
5,0.2,load_estimation,xgboost,raw,mae,5,0.5437744421320237,0.0024044141681932134,0.5370987181838754,0.550450166080172,0.985538066668072,0.010204158026393004,0.9572067820630283,1.0138693512731156,0.95
5,0.2,load_estimation,xgboost,raw,mape,5,15.879398282679563,0.07612047358009381,15.668053966402773,16.090742598956354,0.7528315913839196,0.01060146141244914,0.7233972157373819,0.7822659670304574,0.95
5,0.2,load_estimation,xgboost,raw,r2,5,0.8956284743213425,0.0007385996743406898,0.8935777928708186,0.8976791557718664,-0.07552207133460445,0.0007987194628967264,-0.07773967207779028,-0.07330447059141862,0.95
5,0.2,load_estimation,xgboost,raw,rmse,5,0.7518130442991685,0.0026593228335732733,0.7444295804347533,0.7591965081635837,0.8288957521025159,0.00903534330679672,0.8038096174045785,0.8539818868004533,0.95
15,0.0,anomaly_detection,isolation_forest,raw,detection_latency,5,3.2459016393442623,0.0,3.2459016393442623,3.2459016393442623,0.0,0.0,0.0,0.0,0.95
15,0.0,anomaly_detection,isolation_forest,raw,f1,5,0.1176470588235294,0.0,0.1176470588235294,0.1176470588235294,0.0,0.0,0.0,0.0,0.95
15,0.0,anomaly_detection,isolation_forest,raw,false_positive_rate,5,0.0438946528332003,0.0,0.0438946528332003,0.0438946528332003,0.0,0.0,0.0,0.0,0.95
15,0.0,anomaly_detection,isolation_forest,raw,pr_auc,5,0.09385708598261,0.0,0.09385708598261,0.09385708598261,0.0,0.0,0.0,0.0,0.95
15,0.0,anomaly_detection,isolation_forest,raw,precision,5,0.1164658634538152,0.0,0.1164658634538152,0.1164658634538152,0.0,0.0,0.0,0.0,0.95
15,0.0,anomaly_detection,isolation_forest,raw,recall,5,0.11885245901639338,6.938893903907228e-18,0.11885245901639338,0.11885245901639338,0.0,0.0,0.0,0.0,0.95
15,0.0,anomaly_detection,isolation_forest,raw,roc_auc,5,0.7138596875695052,0.0,0.7138596875695052,0.7138596875695052,0.0,0.0,0.0,0.0,0.95
15,0.0,anomaly_detection,isolation_forest,raw,threshold,5,0.5031683371451802,0.0,0.5031683371451802,0.5031683371451802,0.0,0.0,0.0,0.0,0.95
15,0.0,anomaly_detection,isolation_forest,residual,detection_latency,5,0.0,0.0,0.0,0.0,0.0,0.0,0.0,0.0,0.95
15,0.0,anomaly_detection,isolation_forest,residual,f1,5,0.0887272727272727,0.0,0.0887272727272727,0.0887272727272727,0.0,0.0,0.0,0.0,0.95
15,0.0,anomaly_detection,isolation_forest,residual,false_positive_rate,5,1.0,0.0,1.0,1.0,0.0,0.0,0.0,0.0,0.95
15,0.0,anomaly_detection,isolation_forest,residual,pr_auc,5,0.047570576618940055,0.0005016230632407405,0.04617784772035098,0.04896330551752913,0.54972940305552,0.10167514122597011,0.2674339548783809,0.8320248512326591,0.95
15,0.0,anomaly_detection,isolation_forest,residual,precision,5,0.0464231354642313,0.0,0.0464231354642313,0.0464231354642313,0.0,0.0,0.0,0.0,0.95
15,0.0,anomaly_detection,isolation_forest,residual,recall,5,1.0,0.0,1.0,1.0,0.0,0.0,0.0,0.0,0.95
15,0.0,anomaly_detection,isolation_forest,residual,roc_auc,5,0.5387969692410347,0.002683262606907007,0.5313470379101275,0.5462469005719419,0.26521349646373993,0.04972176311100372,0.12716375065238944,0.4032632422750904,0.95
15,0.0,anomaly_detection,isolation_forest,residual,threshold,5,0.2937656541960819,0.0,0.2937656541960819,0.2937656541960819,0.0,0.0,0.0,0.0,0.95
15,0.0,anomaly_detection,lstm_autoencoder,raw,detection_latency,5,1.3442622950819672,0.0,1.3442622950819672,1.3442622950819672,0.0,0.0,0.0,0.0,0.95
15,0.0,anomaly_detection,lstm_autoencoder,raw,f1,5,0.5386064030131827,0.0,0.5386064030131827,0.5386064030131827,0.0,0.0,0.0,0.0,0.95
15,0.0,anomaly_detection,lstm_autoencoder,raw,false_positive_rate,5,0.028731045490821998,1.734723475976807e-18,0.028731045490821998,0.028731045490821998,0.0,0.0,0.0,0.0,0.95
15,0.0,anomaly_detection,lstm_autoencoder,raw,pr_auc,5,0.561001698584242,0.0,0.561001698584242,0.561001698584242,0.0,0.0,0.0,0.0,0.95
15,0.0,anomaly_detection,lstm_autoencoder,raw,precision,5,0.4982578397212543,0.0,0.4982578397212543,0.4982578397212543,0.0,0.0,0.0,0.0,0.95
15,0.0,anomaly_detection,lstm_autoencoder,raw,recall,5,0.5860655737704918,0.0,0.5860655737704918,0.5860655737704918,0.0,0.0,0.0,0.0,0.95
15,0.0,anomaly_detection,lstm_autoencoder,raw,roc_auc,5,0.9493396177043947,5.551115123125783e-17,0.9493396177043947,0.9493396177043947,0.0,0.0,0.0,0.0,0.95
15,0.0,anomaly_detection,lstm_autoencoder,raw,threshold,5,0.0007370078528765,0.0,0.0007370078528765,0.0007370078528765,0.0,0.0,0.0,0.0,0.95
15,0.0,anomaly_detection,lstm_autoencoder,residual,detection_latency,5,0.0,0.0,0.0,0.0,0.0,0.0,0.0,0.0,0.95
15,0.0,anomaly_detection,lstm_autoencoder,residual,f1,5,0.08985996131528044,0.001132688588007741,0.08671511362939295,0.09300480900116793,0.1806963249516441,0.18069632495164406,-0.3209971019875779,0.6823897518908661,0.95
15,0.0,anomaly_detection,lstm_autoencoder,residual,false_positive_rate,5,0.98683160415004,0.013168395849960077,0.9502702759491114,1.0233929323509685,84.92727272727335,84.92727272727333,-150.86863793416273,320.72318338870946,0.95
15,0.0,anomaly_detection,lstm_autoencoder,residual,pr_auc,5,0.10409494033560449,0.002326949694823654,0.09763429224536985,0.11055558842583912,0.34941034256305353,0.13740929059329773,-0.03209900971340918,0.7309196948395162,0.95
15,0.0,anomaly_detection,lstm_autoencoder,residual,precision,5,0.04704512631697984,0.0006219908527485413,0.04531820285838835,0.04877204977557133,0.18964677222898904,0.189646772228989,-0.33689708024274834,0.7161906247007265,0.95
15,0.0,anomaly_detection,lstm_autoencoder,residual,recall,5,1.0,0.0,1.0,1.0,0.0,0.0,0.0,0.0,0.95
15,0.0,anomaly_detection,lstm_autoencoder,residual,roc_auc,5,0.6175452684050085,0.006029346893356237,0.60080511773541,0.6342854190746069,0.20730845809464765,0.041903842205736445,0.09096474051355,0.32365217567574533,0.95
15,0.0,anomaly_detection,lstm_autoencoder,residual,threshold,5,0.0003816792741417,0.0,0.0003816792741417,0.0003816792741417,0.0,0.0,0.0,0.0,0.95
15,0.0,load_estimation,lstm,raw,mae,5,1.5042315028808597,0.014922302664493571,1.4628005486897466,1.5456624570719728,4.423652534575374,0.058499905796735384,4.261230757471496,4.586074311679252,0.95
15,0.0,load_estimation,lstm,raw,mape,5,44.155544369727686,0.6315519538780284,42.40207503870493,45.90901370075044,3.9229896223307343,0.07696908187217767,3.7092891917151585,4.13669005294631,0.95
15,0.0,load_estimation,lstm,raw,r2,5,0.30624562705141833,0.013831009406592884,0.26784458868453886,0.3446466654182978,-0.683587370889232,0.014391274248388184,-0.7235439538337285,-0.6436307879447356,0.95
15,0.0,load_estimation,lstm,raw,rmse,5,1.9406084685833018,0.01942226767163499,1.8866836085745495,1.9945333285920541,3.65148193663711,0.07040556363747039,3.4560047540971635,3.8469591191770567,0.95
15,0.0,load_estimation,persistence,raw,mae,5,1.822190732661992,0.0037063720694129982,1.8119001940718285,1.8324812712521554,3.1021020986605508,0.05744396543848839,2.9426120819957085,3.261592115325393,0.95
15,0.0,load_estimation,persistence,raw,mape,5,56.76803842147044,0.13713056166950371,56.387302944750125,57.14877389819076,3.04029292343577,0.07224338932746042,2.839713118754644,3.240872728116896,0.95
15,0.0,load_estimation,persistence,raw,r2,5,-0.08316892694885089,0.004087008973323211,-0.09451628300773358,-0.0718215708899682,-1.089199128636992,0.004259701661101945,-1.1010259564635614,-1.0773723008104226,0.95
15,0.0,load_estimation,persistence,raw,rmse,5,2.4220031323721782,0.004578594063489308,2.4092909172959156,2.434715347448441,2.9995274407656107,0.06134605070930606,2.8292034985505423,3.169851382980679,0.95
15,0.0,load_estimation,xgboost,raw,mae,5,1.4034924888402176,0.010051069313824532,1.3755862466418458,1.4313987310385894,4.1245843034267615,0.03465001343267488,4.028380443236574,4.220788163616949,0.95
15,0.0,load_estimation,xgboost,raw,mape,5,43.46207854138778,0.24271454645648843,42.788194926918365,44.1359621558572,3.797407413921448,0.027625382335384727,3.7207070563571514,3.8741077714857446,0.95
15,0.0,load_estimation,xgboost,raw,r2,5,0.3525196371215527,0.008732447603663956,0.3282744757159637,0.37676479852714173,-0.6361237869943258,0.00903054062606146,-0.6611965873128439,-0.6110509866758077,0.95
15,0.0,load_estimation,xgboost,raw,rmse,5,1.8724183639272511,0.012725643543628035,1.8370863132000532,1.907750414654449,3.5549956849820687,0.03662920259218777,3.4532967147376907,3.6566946552264468,0.95
15,0.05,anomaly_detection,isolation_forest,raw,detection_latency,5,3.2459016393442623,0.0,3.2459016393442623,3.2459016393442623,0.0,0.0,0.0,0.0,0.95
15,0.05,anomaly_detection,isolation_forest,raw,f1,5,0.1176470588235294,0.0,0.1176470588235294,0.1176470588235294,0.0,0.0,0.0,0.0,0.95
15,0.05,anomaly_detection,isolation_forest,raw,false_positive_rate,5,0.0438946528332003,0.0,0.0438946528332003,0.0438946528332003,0.0,0.0,0.0,0.0,0.95
15,0.05,anomaly_detection,isolation_forest,raw,pr_auc,5,0.09385708598261,0.0,0.09385708598261,0.09385708598261,0.0,0.0,0.0,0.0,0.95
15,0.05,anomaly_detection,isolation_forest,raw,precision,5,0.1164658634538152,0.0,0.1164658634538152,0.1164658634538152,0.0,0.0,0.0,0.0,0.95
15,0.05,anomaly_detection,isolation_forest,raw,recall,5,0.11885245901639338,6.938893903907228e-18,0.11885245901639338,0.11885245901639338,0.0,0.0,0.0,0.0,0.95
15,0.05,anomaly_detection,isolation_forest,raw,roc_auc,5,0.7138596875695052,0.0,0.7138596875695052,0.7138596875695052,0.0,0.0,0.0,0.0,0.95
15,0.05,anomaly_detection,isolation_forest,raw,threshold,5,0.5031683371451802,0.0,0.5031683371451802,0.5031683371451802,0.0,0.0,0.0,0.0,0.95
15,0.05,anomaly_detection,isolation_forest,residual,detection_latency,5,0.0,0.0,0.0,0.0,0.0,0.0,0.0,0.0,0.95
15,0.05,anomaly_detection,isolation_forest,residual,f1,5,0.0887272727272727,0.0,0.0887272727272727,0.0887272727272727,0.0,0.0,0.0,0.0,0.95
15,0.05,anomaly_detection,isolation_forest,residual,false_positive_rate,5,1.0,0.0,1.0,1.0,0.0,0.0,0.0,0.0,0.95
15,0.05,anomaly_detection,isolation_forest,residual,pr_auc,5,0.0516199894855073,0.0022087181129693727,0.04548760489199178,0.05775237407902282,0.5207835372424948,0.10784998524609656,0.22134397361031583,0.8202231008746739,0.95
15,0.05,anomaly_detection,isolation_forest,residual,precision,5,0.0464231354642313,0.0,0.0464231354642313,0.0464231354642313,0.0,0.0,0.0,0.0,0.95
15,0.05,anomaly_detection,isolation_forest,residual,recall,5,1.0,0.0,1.0,1.0,0.0,0.0,0.0,0.0,0.95
15,0.05,anomaly_detection,isolation_forest,residual,roc_auc,5,0.5619470647495193,0.016646293202205637,0.5157295454685681,0.6081645840304705,0.23503738304051272,0.05323410721253343,0.08723580664069971,0.38283895944032575,0.95
15,0.05,anomaly_detection,isolation_forest,residual,threshold,5,0.2937656541960819,0.0,0.2937656541960819,0.2937656541960819,0.0,0.0,0.0,0.0,0.95
15,0.05,anomaly_detection,lstm_autoencoder,raw,detection_latency,5,1.3442622950819672,0.0,1.3442622950819672,1.3442622950819672,0.0,0.0,0.0,0.0,0.95
15,0.05,anomaly_detection,lstm_autoencoder,raw,f1,5,0.5386064030131827,0.0,0.5386064030131827,0.5386064030131827,0.0,0.0,0.0,0.0,0.95
15,0.05,anomaly_detection,lstm_autoencoder,raw,false_positive_rate,5,0.028731045490821998,1.734723475976807e-18,0.028731045490821998,0.028731045490821998,0.0,0.0,0.0,0.0,0.95
15,0.05,anomaly_detection,lstm_autoencoder,raw,pr_auc,5,0.561001698584242,0.0,0.561001698584242,0.561001698584242,0.0,0.0,0.0,0.0,0.95
15,0.05,anomaly_detection,lstm_autoencoder,raw,precision,5,0.4982578397212543,0.0,0.4982578397212543,0.4982578397212543,0.0,0.0,0.0,0.0,0.95
15,0.05,anomaly_detection,lstm_autoencoder,raw,recall,5,0.5860655737704918,0.0,0.5860655737704918,0.5860655737704918,0.0,0.0,0.0,0.0,0.95
15,0.05,anomaly_detection,lstm_autoencoder,raw,roc_auc,5,0.9493396177043947,5.551115123125783e-17,0.9493396177043947,0.9493396177043947,0.0,0.0,0.0,0.0,0.95
15,0.05,anomaly_detection,lstm_autoencoder,raw,threshold,5,0.0007370078528765,0.0,0.0007370078528765,0.0007370078528765,0.0,0.0,0.0,0.0,0.95
15,0.05,anomaly_detection,lstm_autoencoder,residual,detection_latency,5,0.0,0.0,0.0,0.0,0.0,0.0,0.0,0.0,0.95
15,0.05,anomaly_detection,lstm_autoencoder,residual,f1,5,0.08986726709822682,0.00113999437095412,0.08670213530703821,0.09303239888941542,0.1806888544891641,0.18068885448916408,-0.3209838311210718,0.6823615400994001,0.95
15,0.05,anomaly_detection,lstm_autoencoder,residual,false_positive_rate,5,0.9867517956903431,0.01324820430965683,0.9499688836821361,1.0235347076985502,84.89090909090972,84.8909090909097,-150.8040399303374,320.5858581121568,0.95
15,0.05,anomaly_detection,lstm_autoencoder,residual,pr_auc,5,0.11355274482442212,0.007294054453139663,0.09330120304095633,0.1338042866078879,0.3078916508329764,0.14681948875707695,-0.09974460007425234,0.7155279017402052,0.95
15,0.05,anomaly_detection,lstm_autoencoder,residual,precision,5,0.04704915012605602,0.0006260146618247212,0.04531105478245072,0.04878724546966132,0.18964256701868404,0.18964256701868407,-0.3368896099174858,0.7161747439548538,0.95
15,0.05,anomaly_detection,lstm_autoencoder,residual,recall,5,1.0,0.0,1.0,1.0,0.0,0.0,0.0,0.0,0.95
15,0.05,anomaly_detection,lstm_autoencoder,residual,roc_auc,5,0.6392145735480749,0.01488455605686991,0.5978884207409363,0.6805407263552135,0.18015710288567266,0.0443294327293065,0.05707886636819477,0.30323533940315056,0.95
15,0.05,anomaly_detection,lstm_autoencoder,residual,threshold,5,0.0003816792741417,0.0,0.0003816792741417,0.0003816792741417,0.0,0.0,0.0,0.0,0.95
15,0.05,load_estimation,lstm,raw,mae,5,1.5207642708001483,0.009996035889596843,1.4930108258830956,1.548517715717201,4.48331548984358,0.04417614537372166,4.360662847254204,4.605968132432956,0.95
15,0.05,load_estimation,lstm,raw,mape,5,44.578093570774556,0.34973066678643305,43.6070855728378,45.54910156871131,3.969973048811897,0.046423369154579605,3.8410811127558744,4.0988649848679195,0.95
15,0.05,load_estimation,lstm,raw,r2,5,0.29275807111894975,0.010762948923725877,0.2628753342621772,0.3226408079757223,-0.6975277722979324,0.011201398288129633,-0.7286278397463809,-0.6664277048494839,0.95
15,0.05,load_estimation,lstm,raw,rmse,5,1.9595462706967552,0.014945159432558879,1.9180518559438264,2.001040685449684,3.69657370650702,0.05865874476850634,3.5337109217174536,3.859436491296586,0.95
15,0.05,load_estimation,persistence,raw,mae,5,1.833377162384116,0.011410969171241162,1.8016952328830604,1.8650590918851715,3.1263332295944695,0.044388276302576975,3.0030916171260125,3.2495748420629265,0.95
15,0.05,load_estimation,persistence,raw,mape,5,57.05623830941467,0.4749608248343907,55.73753565214252,58.374940966686815,3.0587607485927677,0.046596476648135356,2.929388189083589,3.1881333081019463,0.95
15,0.05,load_estimation,persistence,raw,r2,5,-0.09127427945809542,0.011241444253331859,-0.12248553233061252,-0.06006302658557832,-1.0979814984039318,0.012235235147998904,-1.1319519571415373,-1.0640110396663263,0.95
15,0.05,load_estimation,persistence,raw,rmse,5,2.4309382493465512,0.012438847206876002,2.3964024729047173,2.465474025788385,3.013307190212566,0.04716469618715036,2.8823570003456114,3.1442573800795204,0.95
15,0.05,load_estimation,xgboost,raw,mae,5,1.407147216869453,0.004283459307189479,1.3952544272426928,1.4190400064962132,4.137991526610422,0.015980388826845476,4.09362285427297,4.182360198947875,0.95
15,0.05,load_estimation,xgboost,raw,mape,5,43.37932928943843,0.30525372025469305,42.53180909199387,44.22684948688299,3.788225645763133,0.032596686877543135,3.6977227340363132,3.8787285574899526,0.95
15,0.05,load_estimation,xgboost,raw,r2,5,0.35276987348930733,0.003937727807876219,0.34183698839152815,0.3637027585870865,-0.6358675230399343,0.004052041294218981,-0.647117793257328,-0.6246172528225407,0.95
15,0.05,load_estimation,xgboost,raw,rmse,5,1.87219478077857,0.005696057462958707,1.856379989916613,1.888009571640527,3.5543430226630415,0.018286397677338126,3.5035718433400955,3.6051142019859874,0.95
15,0.1,anomaly_detection,isolation_forest,raw,detection_latency,5,3.2459016393442623,0.0,3.2459016393442623,3.2459016393442623,0.0,0.0,0.0,0.0,0.95
15,0.1,anomaly_detection,isolation_forest,raw,f1,5,0.1176470588235294,0.0,0.1176470588235294,0.1176470588235294,0.0,0.0,0.0,0.0,0.95
15,0.1,anomaly_detection,isolation_forest,raw,false_positive_rate,5,0.0438946528332003,0.0,0.0438946528332003,0.0438946528332003,0.0,0.0,0.0,0.0,0.95
15,0.1,anomaly_detection,isolation_forest,raw,pr_auc,5,0.09385708598261,0.0,0.09385708598261,0.09385708598261,0.0,0.0,0.0,0.0,0.95
15,0.1,anomaly_detection,isolation_forest,raw,precision,5,0.1164658634538152,0.0,0.1164658634538152,0.1164658634538152,0.0,0.0,0.0,0.0,0.95
15,0.1,anomaly_detection,isolation_forest,raw,recall,5,0.11885245901639338,6.938893903907228e-18,0.11885245901639338,0.11885245901639338,0.0,0.0,0.0,0.0,0.95
15,0.1,anomaly_detection,isolation_forest,raw,roc_auc,5,0.7138596875695052,0.0,0.7138596875695052,0.7138596875695052,0.0,0.0,0.0,0.0,0.95
15,0.1,anomaly_detection,isolation_forest,raw,threshold,5,0.5031683371451802,0.0,0.5031683371451802,0.5031683371451802,0.0,0.0,0.0,0.0,0.95
15,0.1,anomaly_detection,isolation_forest,residual,detection_latency,5,0.0,0.0,0.0,0.0,0.0,0.0,0.0,0.0,0.95
15,0.1,anomaly_detection,isolation_forest,residual,f1,5,0.0887272727272727,0.0,0.0887272727272727,0.0887272727272727,0.0,0.0,0.0,0.0,0.95
15,0.1,anomaly_detection,isolation_forest,residual,false_positive_rate,5,1.0,0.0,1.0,1.0,0.0,0.0,0.0,0.0,0.95
15,0.1,anomaly_detection,isolation_forest,residual,pr_auc,5,0.05105953071569673,0.001538951422436874,0.046786716571734686,0.05533234485965877,0.5218576895350587,0.10741566904472295,0.22362398099429154,0.820091398075826,0.95
15,0.1,anomaly_detection,isolation_forest,residual,precision,5,0.0464231354642313,0.0,0.0464231354642313,0.0464231354642313,0.0,0.0,0.0,0.0,0.95
15,0.1,anomaly_detection,isolation_forest,residual,recall,5,1.0,0.0,1.0,1.0,0.0,0.0,0.0,0.0,0.95
15,0.1,anomaly_detection,isolation_forest,residual,roc_auc,5,0.5672309408239897,0.012274653383895176,0.5331510395182745,0.601310842129705,0.22742683522371188,0.05239423170535039,0.08195712706479275,0.372896543382631,0.95
15,0.1,anomaly_detection,isolation_forest,residual,threshold,5,0.2937656541960819,0.0,0.2937656541960819,0.2937656541960819,0.0,0.0,0.0,0.0,0.95
15,0.1,anomaly_detection,lstm_autoencoder,raw,detection_latency,5,1.3442622950819672,0.0,1.3442622950819672,1.3442622950819672,0.0,0.0,0.0,0.0,0.95
15,0.1,anomaly_detection,lstm_autoencoder,raw,f1,5,0.5386064030131827,0.0,0.5386064030131827,0.5386064030131827,0.0,0.0,0.0,0.0,0.95
15,0.1,anomaly_detection,lstm_autoencoder,raw,false_positive_rate,5,0.028731045490821998,1.734723475976807e-18,0.028731045490821998,0.028731045490821998,0.0,0.0,0.0,0.0,0.95
15,0.1,anomaly_detection,lstm_autoencoder,raw,pr_auc,5,0.561001698584242,0.0,0.561001698584242,0.561001698584242,0.0,0.0,0.0,0.0,0.95
15,0.1,anomaly_detection,lstm_autoencoder,raw,precision,5,0.4982578397212543,0.0,0.4982578397212543,0.4982578397212543,0.0,0.0,0.0,0.0,0.95
15,0.1,anomaly_detection,lstm_autoencoder,raw,recall,5,0.5860655737704918,0.0,0.5860655737704918,0.5860655737704918,0.0,0.0,0.0,0.0,0.95
15,0.1,anomaly_detection,lstm_autoencoder,raw,roc_auc,5,0.9493396177043947,5.551115123125783e-17,0.9493396177043947,0.9493396177043947,0.0,0.0,0.0,0.0,0.95
15,0.1,anomaly_detection,lstm_autoencoder,raw,threshold,5,0.0007370078528765,0.0,0.0007370078528765,0.0007370078528765,0.0,0.0,0.0,0.0,0.95
15,0.1,anomaly_detection,lstm_autoencoder,residual,detection_latency,5,0.0,0.0,0.0,0.0,0.0,0.0,0.0,0.0,0.95
15,0.1,anomaly_detection,lstm_autoencoder,residual,f1,5,0.08985631054306356,0.001129037815790862,0.08672159902582781,0.09299102206029931,0.18070005801585767,0.18070005801585767,-0.3210037335712277,0.682403849602943,0.95
15,0.1,anomaly_detection,lstm_autoencoder,residual,false_positive_rate,5,0.9868715083798882,0.01312849162011176,0.9504209720825987,1.0233220446771778,84.94545454545515,84.94545454545515,-150.90093693607542,320.79184602698575,0.95
15,0.1,anomaly_detection,lstm_autoencoder,residual,pr_auc,5,0.10974657540169505,0.00646129422155325,0.09180714668702075,0.12768600411636935,0.3172354725536996,0.15292432131432224,-0.10735051082514496,0.7418214559325442,0.95
15,0.1,anomaly_detection,lstm_autoencoder,residual,precision,5,0.04704311563746986,0.0006199801732385601,0.04532177472016198,0.048764456554777735,0.18964887355388677,0.18964887355388674,-0.3369008131310773,0.7161985602388508,0.95
15,0.1,anomaly_detection,lstm_autoencoder,residual,recall,5,1.0,0.0,1.0,1.0,0.0,0.0,0.0,0.0,0.95
15,0.1,anomaly_detection,lstm_autoencoder,residual,roc_auc,5,0.6373580456085722,0.0038479160941547537,0.6266745178037445,0.6480415734134,0.18201854102199486,0.042038843948509805,0.06529999851298093,0.2987370835310088,0.95
15,0.1,anomaly_detection,lstm_autoencoder,residual,threshold,5,0.0003816792741417,0.0,0.0003816792741417,0.0003816792741417,0.0,0.0,0.0,0.0,0.95
15,0.1,load_estimation,lstm,raw,mae,5,1.5240747544179107,0.013322272609503805,1.4870861958411432,1.5610633129946783,4.495065573731056,0.04979044381369373,4.3568251397189,4.6333060077432116,0.95
15,0.1,load_estimation,lstm,raw,mape,5,44.937903125058625,0.5924913637206322,43.29288337838451,46.58292287173274,4.009982778256836,0.06896791029742641,3.818497161295826,4.201468395217846,0.95
15,0.1,load_estimation,lstm,raw,r2,5,0.2912132386090503,0.013041818980735446,0.2550033441371117,0.3274231330809889,-0.6991159138593493,0.013582180965301761,-0.736826093718372,-0.6614057340003267,0.95
15,0.1,load_estimation,lstm,raw,rmse,5,1.9615823277761262,0.018021409935146823,1.911546872372925,2.0116177831793274,3.701836334283673,0.07032750365001668,3.506575881013804,3.897096787553542,0.95
15,0.1,load_estimation,persistence,raw,mae,5,1.8362148404665732,0.003009828233392141,1.8278582176004856,1.8445714633326609,3.133543618131962,0.055422170397807495,2.979667004411531,3.287420231852393,0.95
15,0.1,load_estimation,persistence,raw,mape,5,56.7981722793946,0.18340688361655835,56.28895313511782,57.307391423671376,3.042573447018317,0.07466840134759281,2.835260729583849,3.249886164452785,0.95
15,0.1,load_estimation,persistence,raw,r2,5,-0.10375421873219,0.0055023209227585326,-0.11903111072541034,-0.08847732673896966,-1.111310259067381,0.0058911624699836485,-1.127666748271092,-1.0949537698636698,0.95
15,0.1,load_estimation,persistence,raw,rmse,5,2.4448966354372255,0.0060924273124163,2.4279813454468937,2.4618119254275572,3.037043524651213,0.05774223480815943,2.876725379454917,3.197361669847509,0.95
15,0.1,load_estimation,xgboost,raw,mae,5,1.417183468711975,0.008140185024707978,1.3945826918447202,1.43978424557923,4.1745686223563965,0.02678891791958702,4.100190662325014,4.248946582387779,0.95
15,0.1,load_estimation,xgboost,raw,mape,5,43.67523368830712,0.20980751801019687,43.092714631894005,44.25775274472023,3.820978150870207,0.02618952965853204,3.7482643594423433,3.893691942298071,0.95
15,0.1,load_estimation,xgboost,raw,r2,5,0.3419213600475682,0.006657966670304198,0.323435881075232,0.36040683901990433,-0.6470626983647205,0.006901097911218664,-0.6662232178808143,-0.6279021788486268,0.95
15,0.1,load_estimation,xgboost,raw,rmse,5,1.8877578897420524,0.00956782534238332,1.8611933479028049,1.9143224315812999,3.5923482252244794,0.0319440399991481,3.5036573517286023,3.6810390987203565,0.95
15,0.2,anomaly_detection,isolation_forest,raw,detection_latency,5,3.2459016393442623,0.0,3.2459016393442623,3.2459016393442623,0.0,0.0,0.0,0.0,0.95
15,0.2,anomaly_detection,isolation_forest,raw,f1,5,0.1176470588235294,0.0,0.1176470588235294,0.1176470588235294,0.0,0.0,0.0,0.0,0.95
15,0.2,anomaly_detection,isolation_forest,raw,false_positive_rate,5,0.0438946528332003,0.0,0.0438946528332003,0.0438946528332003,0.0,0.0,0.0,0.0,0.95
15,0.2,anomaly_detection,isolation_forest,raw,pr_auc,5,0.09385708598261,0.0,0.09385708598261,0.09385708598261,0.0,0.0,0.0,0.0,0.95
15,0.2,anomaly_detection,isolation_forest,raw,precision,5,0.1164658634538152,0.0,0.1164658634538152,0.1164658634538152,0.0,0.0,0.0,0.0,0.95
15,0.2,anomaly_detection,isolation_forest,raw,recall,5,0.11885245901639338,6.938893903907228e-18,0.11885245901639338,0.11885245901639338,0.0,0.0,0.0,0.0,0.95
15,0.2,anomaly_detection,isolation_forest,raw,roc_auc,5,0.7138596875695052,0.0,0.7138596875695052,0.7138596875695052,0.0,0.0,0.0,0.0,0.95
15,0.2,anomaly_detection,isolation_forest,raw,threshold,5,0.5031683371451802,0.0,0.5031683371451802,0.5031683371451802,0.0,0.0,0.0,0.0,0.95
15,0.2,anomaly_detection,isolation_forest,residual,detection_latency,5,0.0,0.0,0.0,0.0,0.0,0.0,0.0,0.0,0.95
15,0.2,anomaly_detection,isolation_forest,residual,f1,5,0.0887272727272727,0.0,0.0887272727272727,0.0887272727272727,0.0,0.0,0.0,0.0,0.95
15,0.2,anomaly_detection,isolation_forest,residual,false_positive_rate,5,1.0,0.0,1.0,1.0,0.0,0.0,0.0,0.0,0.95
15,0.2,anomaly_detection,isolation_forest,residual,pr_auc,5,0.05078920882835654,0.001754093656043449,0.045919064082976205,0.05565935357373687,0.5059430503349771,0.11300177226044805,0.19219983286378034,0.8196862678061738,0.95
15,0.2,anomaly_detection,isolation_forest,residual,precision,5,0.0464231354642313,0.0,0.0464231354642313,0.0464231354642313,0.0,0.0,0.0,0.0,0.95
15,0.2,anomaly_detection,isolation_forest,residual,recall,5,1.0,0.0,1.0,1.0,0.0,0.0,0.0,0.0,0.95
15,0.2,anomaly_detection,isolation_forest,residual,roc_auc,5,0.5647307936362566,0.014182787022991162,0.5253530640282099,0.6041085232443032,0.2252481478169938,0.06619029507448025,0.041474427045855466,0.4090218685881321,0.95
15,0.2,anomaly_detection,isolation_forest,residual,threshold,5,0.2937656541960819,0.0,0.2937656541960819,0.2937656541960819,0.0,0.0,0.0,0.0,0.95
15,0.2,anomaly_detection,lstm_autoencoder,raw,detection_latency,5,1.3442622950819672,0.0,1.3442622950819672,1.3442622950819672,0.0,0.0,0.0,0.0,0.95
15,0.2,anomaly_detection,lstm_autoencoder,raw,f1,5,0.5386064030131827,0.0,0.5386064030131827,0.5386064030131827,0.0,0.0,0.0,0.0,0.95
15,0.2,anomaly_detection,lstm_autoencoder,raw,false_positive_rate,5,0.028731045490821998,1.734723475976807e-18,0.028731045490821998,0.028731045490821998,0.0,0.0,0.0,0.0,0.95
15,0.2,anomaly_detection,lstm_autoencoder,raw,pr_auc,5,0.561001698584242,0.0,0.561001698584242,0.561001698584242,0.0,0.0,0.0,0.0,0.95
15,0.2,anomaly_detection,lstm_autoencoder,raw,precision,5,0.4982578397212543,0.0,0.4982578397212543,0.4982578397212543,0.0,0.0,0.0,0.0,0.95
15,0.2,anomaly_detection,lstm_autoencoder,raw,recall,5,0.5860655737704918,0.0,0.5860655737704918,0.5860655737704918,0.0,0.0,0.0,0.0,0.95
15,0.2,anomaly_detection,lstm_autoencoder,raw,roc_auc,5,0.9493396177043947,5.551115123125783e-17,0.9493396177043947,0.9493396177043947,0.0,0.0,0.0,0.0,0.95
15,0.2,anomaly_detection,lstm_autoencoder,raw,threshold,5,0.0007370078528765,0.0,0.0007370078528765,0.0007370078528765,0.0,0.0,0.0,0.0,0.95
15,0.2,anomaly_detection,lstm_autoencoder,residual,detection_latency,5,0.0,0.0,0.0,0.0,0.0,0.0,0.0,0.0,0.95
15,0.2,anomaly_detection,lstm_autoencoder,residual,f1,5,0.08983807784178724,0.0011108051145145403,0.08675398841876467,0.09292216726480981,0.18071870170015455,0.18071870170015455,-0.3210368530529397,0.6824742564532489,0.95
15,0.2,anomaly_detection,lstm_autoencoder,residual,false_positive_rate,5,0.98707102952913,0.012928970470869916,0.9511744527500363,1.0229676063082236,85.03636363636426,85.03636363636424,-151.06243194563888,321.1351592183674,0.95
15,0.2,anomaly_detection,lstm_autoencoder,residual,pr_auc,5,0.11352651052815199,0.0030993222105579923,0.10492141254721744,0.12213160850908654,0.27987595643863455,0.15320078090031305,-0.14547760180451924,0.7052295146817884,0.95
15,0.2,anomaly_detection,lstm_autoencoder,residual,precision,5,0.0470330744703307,0.0006099390060994011,0.04533961230237681,0.048726536638284586,0.18965936739659367,0.18965936739659364,-0.33691945486658875,0.716238189659776,0.95
15,0.2,anomaly_detection,lstm_autoencoder,residual,recall,5,1.0,0.0,1.0,1.0,0.0,0.0,0.0,0.0,0.95
15,0.2,anomaly_detection,lstm_autoencoder,residual,roc_auc,5,0.6443667983724307,0.005903526422720243,0.6279759813326633,0.6607576154121981,0.17102236911935614,0.05034485084786801,0.031242654410880033,0.31080208382783225,0.95
15,0.2,anomaly_detection,lstm_autoencoder,residual,threshold,5,0.0003816792741417,0.0,0.0003816792741417,0.0003816792741417,0.0,0.0,0.0,0.0,0.95
15,0.2,load_estimation,lstm,raw,mae,5,1.5426379096000027,0.02079025651408284,1.4849149036656708,1.6003609155343346,4.562710454989135,0.08798406463765501,4.318427529390512,4.806993380587759,0.95
15,0.2,load_estimation,lstm,raw,mape,5,45.60599186858131,0.6634474531333868,43.76396643477318,47.448017302389445,4.085063592462192,0.0860979525353149,3.846017353577965,4.324109831346419,0.95
15,0.2,load_estimation,lstm,raw,r2,5,0.2748628963542684,0.018165815660848853,0.2244265063807792,0.3252992863277576,-0.7160032526891558,0.018860509062705543,-0.7683684207578432,-0.6636380846204684,0.95
15,0.2,load_estimation,lstm,raw,rmse,5,1.9837829240127771,0.025005147589764614,1.9143575043824268,2.0532083436431274,3.7552671352732103,0.08518280615795683,3.5187617500689385,3.991772520477482,0.95
15,0.2,load_estimation,persistence,raw,mae,5,1.8536021250341217,0.00960349548026792,1.8269385470151427,1.8802657030531007,3.17301038989718,0.06541276292589318,2.99139544445412,3.35462533534024,0.95
15,0.2,load_estimation,persistence,raw,mape,5,58.331029851037044,0.5112805204712144,56.91148755259176,59.75057214948233,3.1522628012976526,0.09199939835634867,2.8968315220500265,3.4076940805452787,0.95
15,0.2,load_estimation,persistence,raw,r2,5,-0.10596795949397364,0.007574883592876952,-0.12699920796785993,-0.08493671102008735,-1.1136592343761256,0.008031599837548196,-1.1359585304319937,-1.0913599383202575,0.95
15,0.2,load_estimation,persistence,raw,rmse,5,2.447319956787665,0.008398609912379456,2.424001677405973,2.4706382361693566,3.041342018893546,0.0634098604161056,2.8652880223199744,3.2173960154671177,0.95
15,0.2,load_estimation,xgboost,raw,mae,5,1.4316684132478732,0.01025866118716865,1.4031858036088762,1.4601510228868702,4.22762503115799,0.04086069837395618,4.114177545162655,4.341072517153324,0.95
15,0.2,load_estimation,xgboost,raw,mape,5,44.68226549120115,0.38259979826503837,43.61999815405852,45.74453282834378,3.9324397168849865,0.0518674645137018,3.788432548916899,4.076446884853074,0.95
15,0.2,load_estimation,xgboost,raw,r2,5,0.33848797580250845,0.008654513629547366,0.31445919379788406,0.36251675780713283,-0.6506035524846382,0.008986107363180108,-0.6755529862879215,-0.6256541186813549,0.95
15,0.2,load_estimation,xgboost,raw,rmse,5,1.8926098952828423,0.012431743632667684,1.8580938415248482,1.9271259490408363,3.604314965623179,0.042068679302766275,3.487513586890878,3.7211163443554804,0.95
60,0.0,anomaly_detection,isolation_forest,raw,detection_latency,5,3.2459016393442623,0.0,3.2459016393442623,3.2459016393442623,0.0,0.0,0.0,0.0,0.95
60,0.0,anomaly_detection,isolation_forest,raw,f1,5,0.1176470588235294,0.0,0.1176470588235294,0.1176470588235294,0.0,0.0,0.0,0.0,0.95
60,0.0,anomaly_detection,isolation_forest,raw,false_positive_rate,5,0.0438946528332003,0.0,0.0438946528332003,0.0438946528332003,0.0,0.0,0.0,0.0,0.95
60,0.0,anomaly_detection,isolation_forest,raw,pr_auc,5,0.09385708598261,0.0,0.09385708598261,0.09385708598261,0.0,0.0,0.0,0.0,0.95
60,0.0,anomaly_detection,isolation_forest,raw,precision,5,0.1164658634538152,0.0,0.1164658634538152,0.1164658634538152,0.0,0.0,0.0,0.0,0.95
60,0.0,anomaly_detection,isolation_forest,raw,recall,5,0.11885245901639338,6.938893903907228e-18,0.11885245901639338,0.11885245901639338,0.0,0.0,0.0,0.0,0.95
60,0.0,anomaly_detection,isolation_forest,raw,roc_auc,5,0.7138596875695052,0.0,0.7138596875695052,0.7138596875695052,0.0,0.0,0.0,0.0,0.95
60,0.0,anomaly_detection,isolation_forest,raw,threshold,5,0.5031683371451802,0.0,0.5031683371451802,0.5031683371451802,0.0,0.0,0.0,0.0,0.95
60,0.0,anomaly_detection,isolation_forest,residual,detection_latency,5,0.0,0.0,0.0,0.0,0.0,0.0,0.0,0.0,0.95
60,0.0,anomaly_detection,isolation_forest,residual,f1,5,0.0887272727272727,0.0,0.0887272727272727,0.0887272727272727,0.0,0.0,0.0,0.0,0.95
60,0.0,anomaly_detection,isolation_forest,residual,false_positive_rate,5,1.0,0.0,1.0,1.0,0.0,0.0,0.0,0.0,0.95
60,0.0,anomaly_detection,isolation_forest,residual,pr_auc,5,0.046457706582803085,0.00015162462049862833,0.046036729147392194,0.046878684018213976,0.559443897500963,0.09922821366327558,0.2839422093780407,0.8349455856238853,0.95
60,0.0,anomaly_detection,isolation_forest,residual,precision,5,0.0464231354642313,0.0,0.0464231354642313,0.0464231354642313,0.0,0.0,0.0,0.0,0.95
60,0.0,anomaly_detection,isolation_forest,residual,recall,5,1.0,0.0,1.0,1.0,0.0,0.0,0.0,0.0,0.95
60,0.0,anomaly_detection,isolation_forest,residual,roc_auc,5,0.5106132168042599,0.0017865376094146142,0.5056529932033489,0.5155734404051708,0.30339571351988914,0.047811141677975,0.17065070323415724,0.4361407238056211,0.95
60,0.0,anomaly_detection,isolation_forest,residual,threshold,5,0.2937656541960819,0.0,0.2937656541960819,0.2937656541960819,0.0,0.0,0.0,0.0,0.95
60,0.0,anomaly_detection,lstm_autoencoder,raw,detection_latency,5,1.3442622950819672,0.0,1.3442622950819672,1.3442622950819672,0.0,0.0,0.0,0.0,0.95
60,0.0,anomaly_detection,lstm_autoencoder,raw,f1,5,0.5386064030131827,0.0,0.5386064030131827,0.5386064030131827,0.0,0.0,0.0,0.0,0.95
60,0.0,anomaly_detection,lstm_autoencoder,raw,false_positive_rate,5,0.028731045490821998,1.734723475976807e-18,0.028731045490821998,0.028731045490821998,0.0,0.0,0.0,0.0,0.95
60,0.0,anomaly_detection,lstm_autoencoder,raw,pr_auc,5,0.561001698584242,0.0,0.561001698584242,0.561001698584242,0.0,0.0,0.0,0.0,0.95
60,0.0,anomaly_detection,lstm_autoencoder,raw,precision,5,0.4982578397212543,0.0,0.4982578397212543,0.4982578397212543,0.0,0.0,0.0,0.0,0.95
60,0.0,anomaly_detection,lstm_autoencoder,raw,recall,5,0.5860655737704918,0.0,0.5860655737704918,0.5860655737704918,0.0,0.0,0.0,0.0,0.95
60,0.0,anomaly_detection,lstm_autoencoder,raw,roc_auc,5,0.9493396177043947,5.551115123125783e-17,0.9493396177043947,0.9493396177043947,0.0,0.0,0.0,0.0,0.95
60,0.0,anomaly_detection,lstm_autoencoder,raw,threshold,5,0.0007370078528765,0.0,0.0007370078528765,0.0007370078528765,0.0,0.0,0.0,0.0,0.95
60,0.0,anomaly_detection,lstm_autoencoder,residual,detection_latency,5,0.0,0.0,0.0,0.0,0.0,0.0,0.0,0.0,0.95
60,0.0,anomaly_detection,lstm_autoencoder,residual,f1,5,0.08899917096010872,0.0002718982328360208,0.08824426044243922,0.08975408147777822,0.18157651836810046,0.18157651836810046,-0.3225607172738693,0.6857137540100702,0.95
60,0.0,anomaly_detection,lstm_autoencoder,residual,false_positive_rate,5,0.9966879489225857,0.0033120510774142355,0.9874922209205339,1.0058836769246375,89.41818181818246,89.41818181818245,-158.84649140659653,337.6828550429615,0.95
60,0.0,anomaly_detection,lstm_autoencoder,residual,pr_auc,5,0.11235695338195932,0.001625028714749433,0.1078451503610874,0.11686875640283124,0.2908888965656472,0.1512197339527584,-0.1289643935768014,0.7107421867080959,0.95
60,0.0,anomaly_detection,lstm_autoencoder,residual,precision,5,0.0465721058969988,0.00014897043276750066,0.04615849766812227,0.04698571412587532,0.19014111734003478,0.19014111734003475,-0.3377752571955439,0.7180574918756135,0.95
60,0.0,anomaly_detection,lstm_autoencoder,residual,recall,5,1.0,0.0,1.0,1.0,0.0,0.0,0.0,0.0,0.95
60,0.0,anomaly_detection,lstm_autoencoder,residual,roc_auc,5,0.5888040833147986,0.0024930905713014696,0.5818821542012939,0.5957260124283034,0.24359738682526433,0.04163240613227287,0.12800729660170873,0.3591874770488199,0.95
60,0.0,anomaly_detection,lstm_autoencoder,residual,threshold,5,0.0003816792741417,0.0,0.0003816792741417,0.0003816792741417,0.0,0.0,0.0,0.0,0.95
60,0.0,load_estimation,lstm,raw,mae,5,1.8357491133797583,0.030009782046137575,1.752428600909707,1.9190696258498097,5.619463115082998,0.11841244202357107,5.2906974700321365,5.948228760133859,0.95
60,0.0,load_estimation,lstm,raw,mape,5,62.05121577348183,2.2573957493294894,55.78368039476166,68.318751152202,5.917729277567241,0.2529020537124585,5.215560608442816,6.619897946691665,0.95
60,0.0,load_estimation,lstm,raw,r2,5,0.025720580953178158,0.03108532778052916,-0.060586125206541025,0.11202728711289733,-0.9734208490299638,0.03212838028204324,-1.062623533201976,-0.8842181648579516,0.95
60,0.0,load_estimation,lstm,raw,rmse,5,2.298982881824179,0.0372627864776387,2.1955248007023087,2.4024409629460495,4.509709149062502,0.098465972308003,4.236323782219405,4.783094515905598,0.95
60,0.0,load_estimation,persistence,raw,mae,5,2.5157691672739193,0.005001196995761885,2.5018836183549062,2.5296547161929324,4.663130095538998,0.07311907354389417,4.460119001701456,4.86614118937654,0.95
60,0.0,load_estimation,persistence,raw,mape,5,83.05643306466713,0.23589213516764915,82.40149150062625,83.71137462870801,4.9109466402239095,0.10194609119397965,4.627898914334337,5.193994366113482,0.95
60,0.0,load_estimation,persistence,raw,r2,5,-0.8930274824005501,0.006522842593727647,-0.9111377967918809,-0.8749171680092193,-1.9580843181994119,0.007511383598822706,-1.9789392624256261,-1.9372293739731976,0.95
60,0.0,load_estimation,persistence,raw,rmse,5,3.2018839015319402,0.005525806294168041,3.1865418036942263,3.217225999369654,4.2868752318715915,0.07275462340619726,4.084876013834946,4.488874449908237,0.95
60,0.0,load_estimation,xgboost,raw,mae,5,1.8685579971272837,0.009679253222010329,1.841684081897063,1.8954319123575043,5.8226150207596294,0.027439215360214805,5.7464315455822925,5.898798495936966,0.95
60,0.0,load_estimation,xgboost,raw,mape,5,62.12731746006657,0.34544333411167794,61.168213005949,63.08642191418414,5.857371096381622,0.0200163871710243,5.801796696196888,5.912945496566357,0.95
60,0.0,load_estimation,xgboost,raw,r2,5,-0.1183045060909604,0.013555034473695986,-0.15593931520624096,-0.08066969697567983,-1.1221156221343402,0.01399486407270182,-1.1609715939869016,-1.0832596502817788,0.95
60,0.0,load_estimation,xgboost,raw,rmse,5,2.4608093846637202,0.014883433235949772,2.4194863493072294,2.502132420020211,4.986245434720379,0.04026780186951782,4.874444093322682,5.0980467761180766,0.95
60,0.05,anomaly_detection,isolation_forest,raw,detection_latency,5,3.2459016393442623,0.0,3.2459016393442623,3.2459016393442623,0.0,0.0,0.0,0.0,0.95
60,0.05,anomaly_detection,isolation_forest,raw,f1,5,0.1176470588235294,0.0,0.1176470588235294,0.1176470588235294,0.0,0.0,0.0,0.0,0.95
60,0.05,anomaly_detection,isolation_forest,raw,false_positive_rate,5,0.0438946528332003,0.0,0.0438946528332003,0.0438946528332003,0.0,0.0,0.0,0.0,0.95
60,0.05,anomaly_detection,isolation_forest,raw,pr_auc,5,0.09385708598261,0.0,0.09385708598261,0.09385708598261,0.0,0.0,0.0,0.0,0.95
60,0.05,anomaly_detection,isolation_forest,raw,precision,5,0.1164658634538152,0.0,0.1164658634538152,0.1164658634538152,0.0,0.0,0.0,0.0,0.95
60,0.05,anomaly_detection,isolation_forest,raw,recall,5,0.11885245901639338,6.938893903907228e-18,0.11885245901639338,0.11885245901639338,0.0,0.0,0.0,0.0,0.95
60,0.05,anomaly_detection,isolation_forest,raw,roc_auc,5,0.7138596875695052,0.0,0.7138596875695052,0.7138596875695052,0.0,0.0,0.0,0.0,0.95
60,0.05,anomaly_detection,isolation_forest,raw,threshold,5,0.5031683371451802,0.0,0.5031683371451802,0.5031683371451802,0.0,0.0,0.0,0.0,0.95
60,0.05,anomaly_detection,isolation_forest,residual,detection_latency,5,0.0,0.0,0.0,0.0,0.0,0.0,0.0,0.0,0.95
60,0.05,anomaly_detection,isolation_forest,residual,f1,5,0.0887272727272727,0.0,0.0887272727272727,0.0887272727272727,0.0,0.0,0.0,0.0,0.95
60,0.05,anomaly_detection,isolation_forest,residual,false_positive_rate,5,1.0,0.0,1.0,1.0,0.0,0.0,0.0,0.0,0.95
60,0.05,anomaly_detection,isolation_forest,residual,pr_auc,5,0.044806939692444425,0.001057180547761538,0.04187173593530158,0.04774214344958727,0.5722667553779373,0.09751368323835108,0.3015253668610093,0.8430081438948652,0.95
60,0.05,anomaly_detection,isolation_forest,residual,precision,5,0.0464231354642313,0.0,0.0464231354642313,0.0464231354642313,0.0,0.0,0.0,0.0,0.95
60,0.05,anomaly_detection,isolation_forest,residual,recall,5,1.0,0.0,1.0,1.0,0.0,0.0,0.0,0.0,0.95
60,0.05,anomaly_detection,isolation_forest,residual,roc_auc,5,0.5106756080488793,0.006845446526206793,0.49166960154829925,0.5296816145494594,0.3024913975879167,0.05093889995115462,0.16106233815437335,0.4439204570214601,0.95
60,0.05,anomaly_detection,isolation_forest,residual,threshold,5,0.2937656541960819,0.0,0.2937656541960819,0.2937656541960819,0.0,0.0,0.0,0.0,0.95
60,0.05,anomaly_detection,lstm_autoencoder,raw,detection_latency,5,1.3442622950819672,0.0,1.3442622950819672,1.3442622950819672,0.0,0.0,0.0,0.0,0.95
60,0.05,anomaly_detection,lstm_autoencoder,raw,f1,5,0.5386064030131827,0.0,0.5386064030131827,0.5386064030131827,0.0,0.0,0.0,0.0,0.95
60,0.05,anomaly_detection,lstm_autoencoder,raw,false_positive_rate,5,0.028731045490821998,1.734723475976807e-18,0.028731045490821998,0.028731045490821998,0.0,0.0,0.0,0.0,0.95
60,0.05,anomaly_detection,lstm_autoencoder,raw,pr_auc,5,0.561001698584242,0.0,0.561001698584242,0.561001698584242,0.0,0.0,0.0,0.0,0.95
60,0.05,anomaly_detection,lstm_autoencoder,raw,precision,5,0.4982578397212543,0.0,0.4982578397212543,0.4982578397212543,0.0,0.0,0.0,0.0,0.95
60,0.05,anomaly_detection,lstm_autoencoder,raw,recall,5,0.5860655737704918,0.0,0.5860655737704918,0.5860655737704918,0.0,0.0,0.0,0.0,0.95
60,0.05,anomaly_detection,lstm_autoencoder,raw,roc_auc,5,0.9493396177043947,5.551115123125783e-17,0.9493396177043947,0.9493396177043947,0.0,0.0,0.0,0.0,0.95
60,0.05,anomaly_detection,lstm_autoencoder,raw,threshold,5,0.0007370078528765,0.0,0.0007370078528765,0.0007370078528765,0.0,0.0,0.0,0.0,0.95
60,0.05,anomaly_detection,lstm_autoencoder,residual,detection_latency,5,0.0,0.0,0.0,0.0,0.0,0.0,0.0,0.0,0.95
60,0.05,anomaly_detection,lstm_autoencoder,residual,f1,5,0.08899252126356756,0.00026524853629485975,0.08825607326331082,0.0897289692638243,0.18158331795534233,0.1815833179553423,-0.3225727963673424,0.685739432278027,0.95
60,0.05,anomaly_detection,lstm_autoencoder,residual,false_positive_rate,5,0.9967677573822826,0.0032322426177174846,0.9877936131875092,1.0057419015770561,89.4545454545461,89.45454545454612,-158.911089410422,337.8201803195142,0.95
60,0.05,anomaly_detection,lstm_autoencoder,residual,pr_auc,5,0.09822780875227406,0.005891667399618018,0.0818699176391512,0.11458569986539692,0.37139289080861676,0.14403204333266367,-0.028504170893993763,0.7712899525112273,0.95
60,0.05,anomaly_detection,lstm_autoencoder,residual,precision,5,0.046568460062206274,0.00014532459797498009,0.0461649742934938,0.046971945830918745,0.1901449275362319,0.19014492753623194,-0.33778202579992833,0.7180718808723922,0.95
60,0.05,anomaly_detection,lstm_autoencoder,residual,recall,5,1.0,0.0,1.0,1.0,0.0,0.0,0.0,0.0,0.95
60,0.05,anomaly_detection,lstm_autoencoder,residual,roc_auc,5,0.565307687778839,0.00925301022489031,0.5396172128315971,0.5909981627260809,0.2724684102110936,0.04656210668579069,0.14319127701563258,0.40174554340655455,0.95
60,0.05,anomaly_detection,lstm_autoencoder,residual,threshold,5,0.0003816792741417,0.0,0.0003816792741417,0.0003816792741417,0.0,0.0,0.0,0.0,0.95
60,0.05,load_estimation,lstm,raw,mae,5,1.8283020232663698,0.03308255151867606,1.7364501350348878,1.9201539114978519,5.592310886195935,0.12463784785376567,5.24626074359996,5.93836102879191,0.95
60,0.05,load_estimation,lstm,raw,mape,5,60.67131779242241,2.569220003751232,53.53801948883104,67.80461609601377,5.763208301742251,0.2828959758991239,4.977763154176976,6.548653449307527,0.95
60,0.05,load_estimation,lstm,raw,r2,5,0.028818518291734718,0.025761078269339138,-0.042705701373789165,0.10034273795725861,-0.9702211444443843,0.026618894568889436,-1.0441270439759536,-0.8963152449128151,0.95
60,0.05,load_estimation,lstm,raw,rmse,5,2.295718863878202,0.030527594163614044,2.2109606744891708,2.380477053267233,4.501835382940824,0.08364007299531552,4.269613311674594,4.734057454207053,0.95
60,0.05,load_estimation,persistence,raw,mae,5,2.500153210278334,0.008151550757952425,2.4775208770766457,2.522785543480022,4.628706366971001,0.08682642966645855,4.387637551321762,4.8697751826202405,0.95
60,0.05,load_estimation,persistence,raw,mape,5,83.20851877753215,0.2268940607772169,82.57855987308879,83.8384776819755,4.92253439126066,0.11264515404129934,4.609781304698443,5.235287477822877,0.95
60,0.05,load_estimation,persistence,raw,r2,5,-0.9065049368687891,0.022492327285644702,-0.968953648865524,-0.8440562248720541,-1.972394902096341,0.022755238270824693,-2.0355735720109815,-1.9092162321817003,0.95
60,0.05,load_estimation,persistence,raw,rmse,5,3.2130564548149794,0.018983775981944572,3.160349042911738,3.265763866718221,4.306653789699917,0.09884230864732337,4.0322235456696065,4.581084033730227,0.95
60,0.05,load_estimation,xgboost,raw,mae,5,1.8846303493374195,0.010072053388674711,1.8566658460071428,1.9125948526676961,5.881384307192924,0.033835871520159655,5.787440867330676,5.9753277470551724,0.95
60,0.05,load_estimation,xgboost,raw,mape,5,63.054192351995724,0.1857116582429194,62.53857412748901,63.56981057650244,5.959911940474514,0.01270231438488912,5.924644661875905,5.9951792190731235,0.95
60,0.05,load_estimation,xgboost,raw,r2,5,-0.13722250725652294,0.01458254428043775,-0.1777101409452744,-0.09673487356777147,-1.1416395173846885,0.015048305803146974,-1.1834203123733555,-1.0998587223960214,0.95
60,0.05,load_estimation,xgboost,raw,rmse,5,2.4815108405620645,0.016032759763224613,2.436996763194647,2.526024917929482,5.036746454456866,0.04760859396786598,4.904563806769435,5.168929102144297,0.95
60,0.1,anomaly_detection,isolation_forest,raw,detection_latency,5,3.2459016393442623,0.0,3.2459016393442623,3.2459016393442623,0.0,0.0,0.0,0.0,0.95
60,0.1,anomaly_detection,isolation_forest,raw,f1,5,0.1176470588235294,0.0,0.1176470588235294,0.1176470588235294,0.0,0.0,0.0,0.0,0.95
60,0.1,anomaly_detection,isolation_forest,raw,false_positive_rate,5,0.0438946528332003,0.0,0.0438946528332003,0.0438946528332003,0.0,0.0,0.0,0.0,0.95
60,0.1,anomaly_detection,isolation_forest,raw,pr_auc,5,0.09385708598261,0.0,0.09385708598261,0.09385708598261,0.0,0.0,0.0,0.0,0.95
60,0.1,anomaly_detection,isolation_forest,raw,precision,5,0.1164658634538152,0.0,0.1164658634538152,0.1164658634538152,0.0,0.0,0.0,0.0,0.95
60,0.1,anomaly_detection,isolation_forest,raw,recall,5,0.11885245901639338,6.938893903907228e-18,0.11885245901639338,0.11885245901639338,0.0,0.0,0.0,0.0,0.95
60,0.1,anomaly_detection,isolation_forest,raw,roc_auc,5,0.7138596875695052,0.0,0.7138596875695052,0.7138596875695052,0.0,0.0,0.0,0.0,0.95
60,0.1,anomaly_detection,isolation_forest,raw,threshold,5,0.5031683371451802,0.0,0.5031683371451802,0.5031683371451802,0.0,0.0,0.0,0.0,0.95
60,0.1,anomaly_detection,isolation_forest,residual,detection_latency,5,0.0,0.0,0.0,0.0,0.0,0.0,0.0,0.0,0.95
60,0.1,anomaly_detection,isolation_forest,residual,f1,5,0.0887272727272727,0.0,0.0887272727272727,0.0887272727272727,0.0,0.0,0.0,0.0,0.95
60,0.1,anomaly_detection,isolation_forest,residual,false_positive_rate,5,1.0,0.0,1.0,1.0,0.0,0.0,0.0,0.0,0.95
60,0.1,anomaly_detection,isolation_forest,residual,pr_auc,5,0.04866985314879088,0.0024912476481669154,0.041753040810202334,0.05558666548737943,0.5328682444500801,0.10799518607856068,0.2330255386773354,0.8327109502228247,0.95
60,0.1,anomaly_detection,isolation_forest,residual,precision,5,0.0464231354642313,0.0,0.0464231354642313,0.0464231354642313,0.0,0.0,0.0,0.0,0.95
60,0.1,anomaly_detection,isolation_forest,residual,recall,5,1.0,0.0,1.0,1.0,0.0,0.0,0.0,0.0,0.95
60,0.1,anomaly_detection,isolation_forest,residual,roc_auc,5,0.5041108716130467,0.00827921045149137,0.48112409828010105,0.5270976449459923,0.3112248722827425,0.051344520698086524,0.16866962911181335,0.4537801154536716,0.95
60,0.1,anomaly_detection,isolation_forest,residual,threshold,5,0.2937656541960819,0.0,0.2937656541960819,0.2937656541960819,0.0,0.0,0.0,0.0,0.95
60,0.1,anomaly_detection,lstm_autoencoder,raw,detection_latency,5,1.3442622950819672,0.0,1.3442622950819672,1.3442622950819672,0.0,0.0,0.0,0.0,0.95
60,0.1,anomaly_detection,lstm_autoencoder,raw,f1,5,0.5386064030131827,0.0,0.5386064030131827,0.5386064030131827,0.0,0.0,0.0,0.0,0.95
60,0.1,anomaly_detection,lstm_autoencoder,raw,false_positive_rate,5,0.028731045490821998,1.734723475976807e-18,0.028731045490821998,0.028731045490821998,0.0,0.0,0.0,0.0,0.95
60,0.1,anomaly_detection,lstm_autoencoder,raw,pr_auc,5,0.561001698584242,0.0,0.561001698584242,0.561001698584242,0.0,0.0,0.0,0.0,0.95
60,0.1,anomaly_detection,lstm_autoencoder,raw,precision,5,0.4982578397212543,0.0,0.4982578397212543,0.4982578397212543,0.0,0.0,0.0,0.0,0.95
60,0.1,anomaly_detection,lstm_autoencoder,raw,recall,5,0.5860655737704918,0.0,0.5860655737704918,0.5860655737704918,0.0,0.0,0.0,0.0,0.95
60,0.1,anomaly_detection,lstm_autoencoder,raw,roc_auc,5,0.9493396177043947,5.551115123125783e-17,0.9493396177043947,0.9493396177043947,0.0,0.0,0.0,0.0,0.95
60,0.1,anomaly_detection,lstm_autoencoder,raw,threshold,5,0.0007370078528765,0.0,0.0007370078528765,0.0007370078528765,0.0,0.0,0.0,0.0,0.95
60,0.1,anomaly_detection,lstm_autoencoder,residual,detection_latency,5,0.0,0.0,0.0,0.0,0.0,0.0,0.0,0.0,0.95
60,0.1,anomaly_detection,lstm_autoencoder,residual,f1,5,0.08899584549817105,0.00026857277089833986,0.08825016794302094,0.08974152305332116,0.18157991878922114,0.18157991878922114,-0.3225667579353247,0.685726595513767,0.95
60,0.1,anomaly_detection,lstm_autoencoder,residual,false_positive_rate,5,0.9967278531524342,0.0032721468475658488,0.9876429170540216,1.0058127892508468,89.43636363636429,89.43636363636429,-158.87879040850927,337.75151768123783,0.95
60,0.1,anomaly_detection,lstm_autoencoder,residual,pr_auc,5,0.10234090615357783,0.005143401333554869,0.08806053469696161,0.11662127761019404,0.36165136781461416,0.13625076449950302,-0.0166414003594883,0.7399441359887167,0.95
60,0.1,anomaly_detection,lstm_autoencoder,residual,precision,5,0.04657028262727988,0.00014714716304858042,0.04616173660668991,0.04697882864786985,0.1901430228063394,0.1901430228063394,-0.33777864215183406,0.7180646877645129,0.95
60,0.1,anomaly_detection,lstm_autoencoder,residual,recall,5,1.0,0.0,1.0,1.0,0.0,0.0,0.0,0.0,0.95
60,0.1,anomaly_detection,lstm_autoencoder,residual,roc_auc,5,0.5850522679994243,0.0048706157928464,0.5715292706220769,0.5985752653767717,0.24730287241736545,0.045610557842164834,0.12066766235114607,0.37393808248358484,0.95
60,0.1,anomaly_detection,lstm_autoencoder,residual,threshold,5,0.0003816792741417,0.0,0.0003816792741417,0.0003816792741417,0.0,0.0,0.0,0.0,0.95
60,0.1,load_estimation,lstm,raw,mae,5,1.810539694746343,0.03725101549379144,1.7071142951149587,1.9139650943777273,5.528449786736715,0.14089358333964883,5.13726648691957,5.91963308655386,0.95
60,0.1,load_estimation,lstm,raw,mape,5,59.54622304676451,2.4124820133398326,52.84809916944941,66.24434692407961,5.637628928527592,0.26411169294864734,4.904337311414817,6.370920545640367,0.95
60,0.1,load_estimation,lstm,raw,r2,5,0.044582667698419995,0.03593002269407395,-0.055175067940187256,0.14434040333702725,-0.9539315465940092,0.037132662457258804,-1.0570283455164273,-0.8508347476715912,0.95
60,0.1,load_estimation,lstm,raw,rmse,5,2.276161256094922,0.043401382604203294,2.155659699804665,2.3966628123851788,4.455103315125131,0.11285803847346507,4.141759166623254,4.768447463627007,0.95
60,0.1,load_estimation,persistence,raw,mae,5,2.5047108875924957,0.014908374305487962,2.463318604725567,2.5461031704594244,4.638954177909255,0.09111527844067817,4.3859776090739,4.8919307467446105,0.95
60,0.1,load_estimation,persistence,raw,mape,5,83.10544326885383,0.46021086021808866,81.82769307864245,84.38319345906521,4.914990285320846,0.11293577682840882,4.6014303005439,5.2285502700977915,0.95
60,0.1,load_estimation,persistence,raw,r2,5,-0.9188886479626357,0.025839856630315697,-0.9906315914228885,-0.8471457045023829,-1.985714890974314,0.02681523000588197,-2.060165905068898,-1.91126387687973,0.95
60,0.1,load_estimation,persistence,raw,rmse,5,3.2234069511998116,0.021726434875610146,3.163084697436025,3.283729204963598,4.32344163265065,0.09660320089229235,4.055228148386806,4.591655116914494,0.95
60,0.1,load_estimation,xgboost,raw,mae,5,1.8897792795432031,0.007326597835858353,1.8694373828440816,1.9101211762423247,5.900254739482983,0.02736767192305203,5.824269900731566,5.9762395782343996,0.95
60,0.1,load_estimation,xgboost,raw,mape,5,62.86922604495012,0.20850451216915927,62.2903247127264,63.44812737717383,5.9395604188429365,0.022350423124312156,5.87750569596034,6.001615141725533,0.95
60,0.1,load_estimation,xgboost,raw,r2,5,-0.13187560408463553,0.007224061777188278,-0.1519328150455564,-0.11181839312371467,-1.1361205510474568,0.0074435617657664516,-1.1567871916772565,-1.115453910417657,0.95
60,0.1,load_estimation,xgboost,raw,rmse,5,2.47582647639627,0.007905115909047897,2.453878356024573,2.497774596767967,5.022908792206924,0.03302672940556596,4.931211891008148,5.1146056934057,0.95
60,0.2,anomaly_detection,isolation_forest,raw,detection_latency,5,3.2459016393442623,0.0,3.2459016393442623,3.2459016393442623,0.0,0.0,0.0,0.0,0.95
60,0.2,anomaly_detection,isolation_forest,raw,f1,5,0.1176470588235294,0.0,0.1176470588235294,0.1176470588235294,0.0,0.0,0.0,0.0,0.95
60,0.2,anomaly_detection,isolation_forest,raw,false_positive_rate,5,0.0438946528332003,0.0,0.0438946528332003,0.0438946528332003,0.0,0.0,0.0,0.0,0.95
60,0.2,anomaly_detection,isolation_forest,raw,pr_auc,5,0.09385708598261,0.0,0.09385708598261,0.09385708598261,0.0,0.0,0.0,0.0,0.95
60,0.2,anomaly_detection,isolation_forest,raw,precision,5,0.1164658634538152,0.0,0.1164658634538152,0.1164658634538152,0.0,0.0,0.0,0.0,0.95
60,0.2,anomaly_detection,isolation_forest,raw,recall,5,0.11885245901639338,6.938893903907228e-18,0.11885245901639338,0.11885245901639338,0.0,0.0,0.0,0.0,0.95
60,0.2,anomaly_detection,isolation_forest,raw,roc_auc,5,0.7138596875695052,0.0,0.7138596875695052,0.7138596875695052,0.0,0.0,0.0,0.0,0.95
60,0.2,anomaly_detection,isolation_forest,raw,threshold,5,0.5031683371451802,0.0,0.5031683371451802,0.5031683371451802,0.0,0.0,0.0,0.0,0.95
60,0.2,anomaly_detection,isolation_forest,residual,detection_latency,5,0.0,0.0,0.0,0.0,0.0,0.0,0.0,0.0,0.95
60,0.2,anomaly_detection,isolation_forest,residual,f1,5,0.0887272727272727,0.0,0.0887272727272727,0.0887272727272727,0.0,0.0,0.0,0.0,0.95
60,0.2,anomaly_detection,isolation_forest,residual,false_positive_rate,5,1.0,0.0,1.0,1.0,0.0,0.0,0.0,0.0,0.95
60,0.2,anomaly_detection,isolation_forest,residual,pr_auc,5,0.048401429177895465,0.0034281038818042716,0.03888348693515044,0.05791937142064049,0.5241324214666101,0.11086524017663105,0.2163211680416251,0.8319436748915952,0.95
60,0.2,anomaly_detection,isolation_forest,residual,precision,5,0.0464231354642313,0.0,0.0464231354642313,0.0464231354642313,0.0,0.0,0.0,0.0,0.95
60,0.2,anomaly_detection,isolation_forest,residual,recall,5,1.0,0.0,1.0,1.0,0.0,0.0,0.0,0.0,0.95
60,0.2,anomaly_detection,isolation_forest,residual,roc_auc,5,0.5264593663731635,0.02530647179517257,0.45619733662763057,0.5967213961186963,0.27515907617027496,0.0729564295990144,0.07259955431738402,0.4777185980231659,0.95
60,0.2,anomaly_detection,isolation_forest,residual,threshold,5,0.2937656541960819,0.0,0.2937656541960819,0.2937656541960819,0.0,0.0,0.0,0.0,0.95
60,0.2,anomaly_detection,lstm_autoencoder,raw,detection_latency,5,1.3442622950819672,0.0,1.3442622950819672,1.3442622950819672,0.0,0.0,0.0,0.0,0.95
60,0.2,anomaly_detection,lstm_autoencoder,raw,f1,5,0.5386064030131827,0.0,0.5386064030131827,0.5386064030131827,0.0,0.0,0.0,0.0,0.95
60,0.2,anomaly_detection,lstm_autoencoder,raw,false_positive_rate,5,0.028731045490821998,1.734723475976807e-18,0.028731045490821998,0.028731045490821998,0.0,0.0,0.0,0.0,0.95
60,0.2,anomaly_detection,lstm_autoencoder,raw,pr_auc,5,0.561001698584242,0.0,0.561001698584242,0.561001698584242,0.0,0.0,0.0,0.0,0.95
60,0.2,anomaly_detection,lstm_autoencoder,raw,precision,5,0.4982578397212543,0.0,0.4982578397212543,0.4982578397212543,0.0,0.0,0.0,0.0,0.95
60,0.2,anomaly_detection,lstm_autoencoder,raw,recall,5,0.5860655737704918,0.0,0.5860655737704918,0.5860655737704918,0.0,0.0,0.0,0.0,0.95
60,0.2,anomaly_detection,lstm_autoencoder,raw,roc_auc,5,0.9493396177043947,5.551115123125783e-17,0.9493396177043947,0.9493396177043947,0.0,0.0,0.0,0.0,0.95
60,0.2,anomaly_detection,lstm_autoencoder,raw,threshold,5,0.0007370078528765,0.0,0.0007370078528765,0.0007370078528765,0.0,0.0,0.0,0.0,0.95
60,0.2,anomaly_detection,lstm_autoencoder,residual,detection_latency,5,0.0,0.0,0.0,0.0,0.0,0.0,0.0,0.0,0.95
60,0.2,anomaly_detection,lstm_autoencoder,residual,f1,5,0.08897923658491606,0.00025196385764336134,0.0882796727656754,0.08967880040415672,0.18159690208371754,0.1815969020837175,-0.3225969278257029,0.685790731993138,0.95
60,0.2,anomaly_detection,lstm_autoencoder,residual,false_positive_rate,5,0.996927374301676,0.0030726256983240052,0.9883963977214594,1.0054583508818926,89.52727272727338,89.52727272727338,-159.0402854180727,338.09483087261947,0.95
60,0.2,anomaly_detection,lstm_autoencoder,residual,pr_auc,5,0.10620199678616152,0.00630171994254744,0.08870561729734835,0.12369837627497468,0.297485393948417,0.15601740317846627,-0.13568836143210633,0.7306591493289403,0.95
60,0.2,anomaly_detection,lstm_autoencoder,residual,precision,5,0.0465611768402014,0.00013804137597010074,0.046177912537574445,0.04694444114282835,0.1901525391002124,0.19015253910021238,-0.33779554732550426,0.718100625525929,0.95
60,0.2,anomaly_detection,lstm_autoencoder,residual,recall,5,1.0,0.0,1.0,1.0,0.0,0.0,0.0,0.0,0.95
60,0.2,anomaly_detection,lstm_autoencoder,residual,roc_auc,5,0.5794085179176534,0.014367977105443477,0.5395166182116509,0.6193004176236558,0.2522688853392406,0.05460877944385262,0.10065060695153011,0.40388716372695105,0.95
60,0.2,anomaly_detection,lstm_autoencoder,residual,threshold,5,0.0003816792741417,0.0,0.0003816792741417,0.0003816792741417,0.0,0.0,0.0,0.0,0.95
60,0.2,load_estimation,lstm,raw,mae,5,1.8168740446472313,0.03506767748872868,1.7195105631329957,1.914237526161467,5.551485535330564,0.13592839972758253,5.174087795249549,5.92888327541158,0.95
60,0.2,load_estimation,lstm,raw,mape,5,60.472708409477924,2.390918337229138,53.83445489515044,67.1109619238054,5.74164675942941,0.26703803481777316,5.000230314757966,6.483063204100855,0.95
60,0.2,load_estimation,lstm,raw,r2,5,0.0435836504742804,0.03379788262084246,-0.05025431529440722,0.13742161624296803,-0.9549697037072647,0.03492950153328731,-1.0519495472663591,-0.8579898601481704,0.95
60,0.2,load_estimation,lstm,raw,rmse,5,2.277540852930587,0.04085848550067335,2.1640995108564476,2.3909821950047268,4.458160039648193,0.10404161948265765,4.1692941944987165,4.747025884797669,0.95
60,0.2,load_estimation,persistence,raw,mae,5,2.4905091656533553,0.004677069398870349,2.477523539214191,2.5034947920925195,4.606779104784866,0.0815794938180506,4.380278118489225,4.833280091080506,0.95
60,0.2,load_estimation,persistence,raw,mape,5,81.70338183924076,0.1839321715590174,81.19270426182733,82.2140594166542,4.815206340933554,0.10756811465517262,4.516549375523845,5.113863306343263,0.95
60,0.2,load_estimation,persistence,raw,r2,5,-0.8984955162200998,0.007024046515393243,-0.917997395786445,-0.8789936366537546,-1.9638903164842727,0.005947799225449825,-1.9804040545304722,-1.9473765784380732,0.95
60,0.2,load_estimation,persistence,raw,rmse,5,3.2065020945163054,0.005927354651385199,3.1900451197076958,3.222959069324915,4.295035831394929,0.08202904399854237,4.067286693701122,4.522784969088737,0.95
60,0.2,load_estimation,xgboost,raw,mae,5,1.8783581823791,0.012116157678915067,1.8447183356976715,1.9119980290605285,5.858556208193324,0.04469878951331679,5.734452472840809,5.982659943545839,0.95
60,0.2,load_estimation,xgboost,raw,mape,5,61.885827084038965,0.3691734712883406,60.86083720671157,62.91081696136636,5.830845990371362,0.03236823882994454,5.740977352108089,5.920714628634634,0.95
60,0.2,load_estimation,xgboost,raw,r2,5,-0.12813604661112205,0.015606864362850284,-0.1714676487788436,-0.08480444444340049,-1.1322572567072113,0.01609793909843972,-1.1769523009208465,-1.0875622124935762,0.95
60,0.2,load_estimation,xgboost,raw,rmse,5,2.471546347328379,0.017123168554822953,2.424004809808864,2.519087884847894,5.012628555168886,0.05334576154716773,4.864516976638204,5.160740133699568,0.95
300,0.0,anomaly_detection,isolation_forest,raw,detection_latency,5,3.2459016393442623,0.0,3.2459016393442623,3.2459016393442623,0.0,0.0,0.0,0.0,0.95
300,0.0,anomaly_detection,isolation_forest,raw,f1,5,0.1176470588235294,0.0,0.1176470588235294,0.1176470588235294,0.0,0.0,0.0,0.0,0.95
300,0.0,anomaly_detection,isolation_forest,raw,false_positive_rate,5,0.0438946528332003,0.0,0.0438946528332003,0.0438946528332003,0.0,0.0,0.0,0.0,0.95
300,0.0,anomaly_detection,isolation_forest,raw,pr_auc,5,0.09385708598261,0.0,0.09385708598261,0.09385708598261,0.0,0.0,0.0,0.0,0.95
300,0.0,anomaly_detection,isolation_forest,raw,precision,5,0.1164658634538152,0.0,0.1164658634538152,0.1164658634538152,0.0,0.0,0.0,0.0,0.95
300,0.0,anomaly_detection,isolation_forest,raw,recall,5,0.11885245901639338,6.938893903907228e-18,0.11885245901639338,0.11885245901639338,0.0,0.0,0.0,0.0,0.95
300,0.0,anomaly_detection,isolation_forest,raw,roc_auc,5,0.7138596875695052,0.0,0.7138596875695052,0.7138596875695052,0.0,0.0,0.0,0.0,0.95
300,0.0,anomaly_detection,isolation_forest,raw,threshold,5,0.5031683371451802,0.0,0.5031683371451802,0.5031683371451802,0.0,0.0,0.0,0.0,0.95
300,0.0,anomaly_detection,isolation_forest,residual,detection_latency,5,0.0,0.0,0.0,0.0,0.0,0.0,0.0,0.0,0.95
300,0.0,anomaly_detection,isolation_forest,residual,f1,5,0.0887272727272727,0.0,0.0887272727272727,0.0887272727272727,0.0,0.0,0.0,0.0,0.95
300,0.0,anomaly_detection,isolation_forest,residual,false_positive_rate,5,1.0,0.0,1.0,1.0,0.0,0.0,0.0,0.0,0.95
300,0.0,anomaly_detection,isolation_forest,residual,pr_auc,5,0.05114130068365397,0.0007214752152037865,0.04913816435387989,0.053144437013428046,0.5158655760928456,0.10947408771639106,0.21191678110667772,0.8198143710790133,0.95
300,0.0,anomaly_detection,isolation_forest,residual,precision,5,0.0464231354642313,0.0,0.0464231354642313,0.0464231354642313,0.0,0.0,0.0,0.0,0.95
300,0.0,anomaly_detection,isolation_forest,residual,recall,5,1.0,0.0,1.0,1.0,0.0,0.0,0.0,0.0,0.95
300,0.0,anomaly_detection,isolation_forest,residual,roc_auc,5,0.5536840271872097,0.0040653835696222804,0.5423967128745804,0.564971341499839,0.2450860900803785,0.050807946461072014,0.10402061582338354,0.3861515643373734,0.95
300,0.0,anomaly_detection,isolation_forest,residual,threshold,5,0.2937656541960819,0.0,0.2937656541960819,0.2937656541960819,0.0,0.0,0.0,0.0,0.95
300,0.0,anomaly_detection,lstm_autoencoder,raw,detection_latency,5,1.3442622950819672,0.0,1.3442622950819672,1.3442622950819672,0.0,0.0,0.0,0.0,0.95
300,0.0,anomaly_detection,lstm_autoencoder,raw,f1,5,0.5386064030131827,0.0,0.5386064030131827,0.5386064030131827,0.0,0.0,0.0,0.0,0.95
300,0.0,anomaly_detection,lstm_autoencoder,raw,false_positive_rate,5,0.028731045490821998,1.734723475976807e-18,0.028731045490821998,0.028731045490821998,0.0,0.0,0.0,0.0,0.95
300,0.0,anomaly_detection,lstm_autoencoder,raw,pr_auc,5,0.561001698584242,0.0,0.561001698584242,0.561001698584242,0.0,0.0,0.0,0.0,0.95
300,0.0,anomaly_detection,lstm_autoencoder,raw,precision,5,0.4982578397212543,0.0,0.4982578397212543,0.4982578397212543,0.0,0.0,0.0,0.0,0.95
300,0.0,anomaly_detection,lstm_autoencoder,raw,recall,5,0.5860655737704918,0.0,0.5860655737704918,0.5860655737704918,0.0,0.0,0.0,0.0,0.95
300,0.0,anomaly_detection,lstm_autoencoder,raw,roc_auc,5,0.9493396177043947,5.551115123125783e-17,0.9493396177043947,0.9493396177043947,0.0,0.0,0.0,0.0,0.95
300,0.0,anomaly_detection,lstm_autoencoder,raw,threshold,5,0.0007370078528765,0.0,0.0007370078528765,0.0007370078528765,0.0,0.0,0.0,0.0,0.95
300,0.0,anomaly_detection,lstm_autoencoder,residual,detection_latency,5,0.0,0.0,0.0,0.0,0.0,0.0,0.0,0.0,0.95
300,0.0,anomaly_detection,lstm_autoencoder,residual,f1,5,0.08878229237477821,5.501964750549981e-05,0.08862953334377185,0.08893505140578456,0.1817982856100675,0.1817982856100675,-0.3229546746053549,0.6865512458254899,0.95
300,0.0,anomaly_detection,lstm_autoencoder,residual,false_positive_rate,5,0.9993216280925779,0.0006783719074221927,0.9974381657307119,1.0012050904544438,90.61818181818248,90.61818181818246,-160.9782255328339,342.21458916919886,0.95
300,0.0,anomaly_detection,lstm_autoencoder,residual,pr_auc,5,0.10053000549162476,0.00405351770642505,0.08927563609678835,0.11178437488646117,0.35684169745986677,0.14269189844287772,-0.03933452552324174,0.7530179204429752,0.95
300,0.0,anomaly_detection,lstm_autoencoder,residual,precision,5,0.04645326309556903,3.012763133774105e-05,0.04636961538101016,0.04653691081012791,0.19026531780874215,0.19026531780874215,-0.33799589251024253,0.7185265281277268,0.95
300,0.0,anomaly_detection,lstm_autoencoder,residual,recall,5,1.0,0.0,1.0,1.0,0.0,0.0,0.0,0.0,0.95
300,0.0,anomaly_detection,lstm_autoencoder,residual,roc_auc,5,0.6172773867308624,0.010761213196962023,0.5873994690241673,0.6471553044375575,0.2068717027853518,0.046555561927470304,0.07761274075209412,0.3361306648186095,0.95
300,0.0,anomaly_detection,lstm_autoencoder,residual,threshold,5,0.0003816792741417,0.0,0.0003816792741417,0.0003816792741417,0.0,0.0,0.0,0.0,0.95
300,0.0,load_estimation,lstm,raw,mae,5,1.8696192980222666,0.034677287445605734,1.7733397130323776,1.9658988830121555,5.741521627113626,0.13314385759508043,5.371855015406612,6.111188238820639,0.95
300,0.0,load_estimation,lstm,raw,mape,5,62.163281833742644,2.7332452988880913,54.57457630233992,69.75198736514537,5.930104550353554,0.3052428225444674,5.082614609803208,6.777594490903899,0.95
300,0.0,load_estimation,lstm,raw,r2,5,0.005551563024684081,0.03239210575480026,-0.08438334044528038,0.09548646649464855,-0.9942511513073266,0.033474822512660325,-1.0871921584199673,-0.9013101441946859,0.95
300,0.0,load_estimation,lstm,raw,rmse,5,2.3226198837163907,0.03821699674340736,2.2165124901727973,2.428727277259984,4.566643337296263,0.10472802591035993,4.275871722380416,4.8574149522121095,0.95
300,0.0,load_estimation,persistence,raw,mae,5,2.549298992068074,0.0199453950312625,2.493921697662289,2.6046762864738593,4.740958645071279,0.1195009842915608,4.409170722168657,5.072746567973901,0.95
300,0.0,load_estimation,persistence,raw,mape,5,83.96439947854093,0.9282184742543634,81.38725183914323,86.54154711793862,4.980200804029996,0.1691399810013409,4.510592931685576,5.449808676374417,0.95
300,0.0,load_estimation,persistence,raw,r2,5,-0.9333310395111092,0.025420637486008306,-1.0039100440301445,-0.8627520349920739,-2.0011217707128837,0.02543134031335079,-2.0717304910445056,-1.9305130503812615,0.95
300,0.0,load_estimation,persistence,raw,rmse,5,3.235532952438093,0.021116143899443968,3.1769051380678293,3.2941607668083566,4.344239675093422,0.10699317253242506,4.047179004926187,4.641300345260657,0.95
300,0.0,load_estimation,xgboost,raw,mae,5,1.9228961829453297,0.012672016248472591,1.887713025459271,1.9580793404313883,6.021144593088378,0.04546769139748258,5.894906043863194,6.147383142313562,0.95
300,0.0,load_estimation,xgboost,raw,mape,5,63.90009287275586,0.5852738380506588,62.27511218989979,65.52507355561194,6.053545719523992,0.06962708815469651,5.8602299314277095,6.246861507620275,0.95
300,0.0,load_estimation,xgboost,raw,r2,5,-0.14182893840866537,0.01599716728871707,-0.18624419522445412,-0.0974136815928766,-1.1463905273825965,0.01650019297749974,-1.1922024074097948,-1.1005786473553982,0.95
300,0.0,load_estimation,xgboost,raw,rmse,5,2.4864927413071856,0.01750301910281223,2.4378965695929993,2.535088913021372,5.049015217528275,0.0548651644190733,4.896685100331067,5.201345334725484,0.95
300,0.05,anomaly_detection,isolation_forest,raw,detection_latency,5,3.2459016393442623,0.0,3.2459016393442623,3.2459016393442623,0.0,0.0,0.0,0.0,0.95
300,0.05,anomaly_detection,isolation_forest,raw,f1,5,0.1176470588235294,0.0,0.1176470588235294,0.1176470588235294,0.0,0.0,0.0,0.0,0.95
300,0.05,anomaly_detection,isolation_forest,raw,false_positive_rate,5,0.0438946528332003,0.0,0.0438946528332003,0.0438946528332003,0.0,0.0,0.0,0.0,0.95
300,0.05,anomaly_detection,isolation_forest,raw,pr_auc,5,0.09385708598261,0.0,0.09385708598261,0.09385708598261,0.0,0.0,0.0,0.0,0.95
300,0.05,anomaly_detection,isolation_forest,raw,precision,5,0.1164658634538152,0.0,0.1164658634538152,0.1164658634538152,0.0,0.0,0.0,0.0,0.95
300,0.05,anomaly_detection,isolation_forest,raw,recall,5,0.11885245901639338,6.938893903907228e-18,0.11885245901639338,0.11885245901639338,0.0,0.0,0.0,0.0,0.95
300,0.05,anomaly_detection,isolation_forest,raw,roc_auc,5,0.7138596875695052,0.0,0.7138596875695052,0.7138596875695052,0.0,0.0,0.0,0.0,0.95
300,0.05,anomaly_detection,isolation_forest,raw,threshold,5,0.5031683371451802,0.0,0.5031683371451802,0.5031683371451802,0.0,0.0,0.0,0.0,0.95
300,0.05,anomaly_detection,isolation_forest,residual,detection_latency,5,0.0,0.0,0.0,0.0,0.0,0.0,0.0,0.0,0.95
300,0.05,anomaly_detection,isolation_forest,residual,f1,5,0.0887272727272727,0.0,0.0887272727272727,0.0887272727272727,0.0,0.0,0.0,0.0,0.95
300,0.05,anomaly_detection,isolation_forest,residual,false_positive_rate,5,1.0,0.0,1.0,1.0,0.0,0.0,0.0,0.0,0.95
300,0.05,anomaly_detection,isolation_forest,residual,pr_auc,5,0.04661059476088473,0.0009994891714122786,0.04383556794321891,0.049385621578550545,0.557760906573592,0.10037809444324318,0.27906663758756767,0.8364551755596163,0.95
300,0.05,anomaly_detection,isolation_forest,residual,precision,5,0.0464231354642313,0.0,0.0464231354642313,0.0464231354642313,0.0,0.0,0.0,0.0,0.95
300,0.05,anomaly_detection,isolation_forest,residual,recall,5,1.0,0.0,1.0,1.0,0.0,0.0,0.0,0.0,0.95
300,0.05,anomaly_detection,isolation_forest,residual,roc_auc,5,0.5186019945573247,0.005839828308739429,0.5023880318343296,0.5348159572803198,0.2927953167898828,0.04842147258472587,0.1583557562455515,0.42723487733421406,0.95
300,0.05,anomaly_detection,isolation_forest,residual,threshold,5,0.2937656541960819,0.0,0.2937656541960819,0.2937656541960819,0.0,0.0,0.0,0.0,0.95
300,0.05,anomaly_detection,lstm_autoencoder,raw,detection_latency,5,1.3442622950819672,0.0,1.3442622950819672,1.3442622950819672,0.0,0.0,0.0,0.0,0.95
300,0.05,anomaly_detection,lstm_autoencoder,raw,f1,5,0.5386064030131827,0.0,0.5386064030131827,0.5386064030131827,0.0,0.0,0.0,0.0,0.95
300,0.05,anomaly_detection,lstm_autoencoder,raw,false_positive_rate,5,0.028731045490821998,1.734723475976807e-18,0.028731045490821998,0.028731045490821998,0.0,0.0,0.0,0.0,0.95
300,0.05,anomaly_detection,lstm_autoencoder,raw,pr_auc,5,0.561001698584242,0.0,0.561001698584242,0.561001698584242,0.0,0.0,0.0,0.0,0.95
300,0.05,anomaly_detection,lstm_autoencoder,raw,precision,5,0.4982578397212543,0.0,0.4982578397212543,0.4982578397212543,0.0,0.0,0.0,0.0,0.95
300,0.05,anomaly_detection,lstm_autoencoder,raw,recall,5,0.5860655737704918,0.0,0.5860655737704918,0.5860655737704918,0.0,0.0,0.0,0.0,0.95
300,0.05,anomaly_detection,lstm_autoencoder,raw,roc_auc,5,0.9493396177043947,5.551115123125783e-17,0.9493396177043947,0.9493396177043947,0.0,0.0,0.0,0.0,0.95
300,0.05,anomaly_detection,lstm_autoencoder,raw,threshold,5,0.0007370078528765,0.0,0.0007370078528765,0.0007370078528765,0.0,0.0,0.0,0.0,0.95
300,0.05,anomaly_detection,lstm_autoencoder,residual,detection_latency,5,0.0,0.0,0.0,0.0,0.0,0.0,0.0,0.0,0.95
300,0.05,anomaly_detection,lstm_autoencoder,residual,f1,5,0.08877580177343164,4.8529046158940496e-05,0.08864106354076373,0.08891054000609955,0.1818049225159526,0.1818049225159526,-0.3229664647043281,0.6865763097362333,0.95
300,0.05,anomaly_detection,lstm_autoencoder,residual,false_positive_rate,5,0.9994014365522744,0.000598563447725442,0.9977395579976868,1.001063315106862,90.65454545454612,90.65454545454611,-161.04282353665928,342.35191444575156,0.95
300,0.05,anomaly_detection,lstm_autoencoder,residual,pr_auc,5,0.09356170539379291,0.002020402165154102,0.08795216969181978,0.09917124109576604,0.40789121638929293,0.12569106150504117,0.05891688390650657,0.7568655488720792,0.95
300,0.05,anomaly_detection,lstm_autoencoder,residual,precision,5,0.046449708524027654,2.65730597963601e-05,0.04637592988222592,0.04652348716582939,0.1902690326273612,0.1902690326273612,-0.33800249168159513,0.7185405569363175,0.95
300,0.05,anomaly_detection,lstm_autoencoder,residual,recall,5,1.0,0.0,1.0,1.0,0.0,0.0,0.0,0.0,0.95
300,0.05,anomaly_detection,lstm_autoencoder,residual,roc_auc,5,0.580408004396007,0.003578521489091211,0.5704724359237746,0.5903435728682395,0.2544837192083717,0.04090339077361358,0.1409177001089797,0.3680497383077637,0.95
300,0.05,anomaly_detection,lstm_autoencoder,residual,threshold,5,0.0003816792741417,0.0,0.0003816792741417,0.0003816792741417,0.0,0.0,0.0,0.0,0.95
300,0.05,load_estimation,lstm,raw,mae,5,1.8446224717184485,0.03958973630340486,1.7347037421427887,1.9545412012941084,5.650982529224865,0.14545659655253013,5.247130273707862,6.0548347847418675,0.95
300,0.05,load_estimation,lstm,raw,mape,5,62.317606046587386,3.0363173788168707,53.88743752234429,70.74777457083049,5.946146336043675,0.33193183028703405,5.024555830583894,6.867736841503456,0.95
300,0.05,load_estimation,lstm,raw,r2,5,0.04631200509220473,0.03214204727604672,-0.04292862473841125,0.13555263492282071,-0.9521536458885265,0.033202264314503,-1.0443379101260117,-0.8599693816510412,0.95
300,0.05,load_estimation,lstm,raw,rmse,5,2.2744632482388036,0.038309454606033015,2.1680991505150864,2.380827345962521,4.4506357775276415,0.09677070528594645,4.181957226509938,4.719314328545345,0.95
300,0.05,load_estimation,persistence,raw,mae,5,2.482093616512631,0.010571937433576496,2.4527412125727204,2.5114460204525417,4.587519070413906,0.07798800096656044,4.370989666866139,4.804048473961673,0.95
300,0.05,load_estimation,persistence,raw,mape,5,80.43744207300828,0.6181486197189594,78.72118636350481,82.15369778251176,4.724807972215409,0.10924925584227246,4.42148341058563,5.028132533845188,0.95
300,0.05,load_estimation,persistence,raw,r2,5,-0.899193872821525,0.01266409328183611,-0.9343550326256471,-0.8640327130174028,-1.9646117566432892,0.012290605629038477,-1.9987359484819496,-1.930487564804629,0.95
300,0.05,load_estimation,persistence,raw,rmse,5,3.2070419686529874,0.010725662770579562,3.1772627547536096,3.236821182552365,4.296155866351835,0.08662194172687139,4.055654800241535,4.536656932462136,0.95
300,0.05,load_estimation,xgboost,raw,mae,5,1.9436095647978817,0.01638854257367987,1.8981076759878626,1.9891114536079009,6.096692859876669,0.056627030037921154,5.939471019505995,6.253914700247344,0.95
300,0.05,load_estimation,xgboost,raw,mape,5,63.71686308261418,0.8477329677076171,61.36317903390757,66.0705471313208,6.0329975407915075,0.09100510097247974,5.780326873648435,6.28566820793458,0.95
300,0.05,load_estimation,xgboost,raw,r2,5,-0.16388957424921108,0.019029242150368518,-0.2167232204732253,-0.11105592802519687,-1.1691661735517427,0.019638428451885504,-1.2236911921007572,-1.1146411550027282,0.95
300,0.05,load_estimation,xgboost,raw,rmse,5,2.510308392284405,0.020606198640602865,2.45309641293197,2.5675203716368404,5.1067741893243515,0.05651799044293449,4.9498550914034505,5.263693287245252,0.95
300,0.1,anomaly_detection,isolation_forest,raw,detection_latency,5,3.2459016393442623,0.0,3.2459016393442623,3.2459016393442623,0.0,0.0,0.0,0.0,0.95
300,0.1,anomaly_detection,isolation_forest,raw,f1,5,0.1176470588235294,0.0,0.1176470588235294,0.1176470588235294,0.0,0.0,0.0,0.0,0.95
300,0.1,anomaly_detection,isolation_forest,raw,false_positive_rate,5,0.0438946528332003,0.0,0.0438946528332003,0.0438946528332003,0.0,0.0,0.0,0.0,0.95
300,0.1,anomaly_detection,isolation_forest,raw,pr_auc,5,0.09385708598261,0.0,0.09385708598261,0.09385708598261,0.0,0.0,0.0,0.0,0.95
300,0.1,anomaly_detection,isolation_forest,raw,precision,5,0.1164658634538152,0.0,0.1164658634538152,0.1164658634538152,0.0,0.0,0.0,0.0,0.95
300,0.1,anomaly_detection,isolation_forest,raw,recall,5,0.11885245901639338,6.938893903907228e-18,0.11885245901639338,0.11885245901639338,0.0,0.0,0.0,0.0,0.95
300,0.1,anomaly_detection,isolation_forest,raw,roc_auc,5,0.7138596875695052,0.0,0.7138596875695052,0.7138596875695052,0.0,0.0,0.0,0.0,0.95
300,0.1,anomaly_detection,isolation_forest,raw,threshold,5,0.5031683371451802,0.0,0.5031683371451802,0.5031683371451802,0.0,0.0,0.0,0.0,0.95
300,0.1,anomaly_detection,isolation_forest,residual,detection_latency,5,0.0,0.0,0.0,0.0,0.0,0.0,0.0,0.0,0.95
300,0.1,anomaly_detection,isolation_forest,residual,f1,5,0.0887272727272727,0.0,0.0887272727272727,0.0887272727272727,0.0,0.0,0.0,0.0,0.95
300,0.1,anomaly_detection,isolation_forest,residual,false_positive_rate,5,1.0,0.0,1.0,1.0,0.0,0.0,0.0,0.0,0.95
300,0.1,anomaly_detection,isolation_forest,residual,pr_auc,5,0.0445776697048149,0.0003020726049975171,0.0437389816992552,0.045416357710374604,0.5790058732630605,0.09463661993566981,0.31625249307020614,0.8417592534559148,0.95
300,0.1,anomaly_detection,isolation_forest,residual,precision,5,0.0464231354642313,0.0,0.0464231354642313,0.0464231354642313,0.0,0.0,0.0,0.0,0.95
300,0.1,anomaly_detection,isolation_forest,residual,recall,5,1.0,0.0,1.0,1.0,0.0,0.0,0.0,0.0,0.95
300,0.1,anomaly_detection,isolation_forest,residual,roc_auc,5,0.49845657307707397,0.0033517593729870234,0.4891505971721433,0.5077625489820046,0.3211981550406934,0.04314417742714187,0.2014107148053202,0.44098559527606657,0.95
300,0.1,anomaly_detection,isolation_forest,residual,threshold,5,0.2937656541960819,0.0,0.2937656541960819,0.2937656541960819,0.0,0.0,0.0,0.0,0.95
300,0.1,anomaly_detection,lstm_autoencoder,raw,detection_latency,5,1.3442622950819672,0.0,1.3442622950819672,1.3442622950819672,0.0,0.0,0.0,0.0,0.95
300,0.1,anomaly_detection,lstm_autoencoder,raw,f1,5,0.5386064030131827,0.0,0.5386064030131827,0.5386064030131827,0.0,0.0,0.0,0.0,0.95
300,0.1,anomaly_detection,lstm_autoencoder,raw,false_positive_rate,5,0.028731045490821998,1.734723475976807e-18,0.028731045490821998,0.028731045490821998,0.0,0.0,0.0,0.0,0.95
300,0.1,anomaly_detection,lstm_autoencoder,raw,pr_auc,5,0.561001698584242,0.0,0.561001698584242,0.561001698584242,0.0,0.0,0.0,0.0,0.95
300,0.1,anomaly_detection,lstm_autoencoder,raw,precision,5,0.4982578397212543,0.0,0.4982578397212543,0.4982578397212543,0.0,0.0,0.0,0.0,0.95
300,0.1,anomaly_detection,lstm_autoencoder,raw,recall,5,0.5860655737704918,0.0,0.5860655737704918,0.5860655737704918,0.0,0.0,0.0,0.0,0.95
300,0.1,anomaly_detection,lstm_autoencoder,raw,roc_auc,5,0.9493396177043947,5.551115123125783e-17,0.9493396177043947,0.9493396177043947,0.0,0.0,0.0,0.0,0.95
300,0.1,anomaly_detection,lstm_autoencoder,raw,threshold,5,0.0007370078528765,0.0,0.0007370078528765,0.0007370078528765,0.0,0.0,0.0,0.0,0.95
300,0.1,anomaly_detection,lstm_autoencoder,residual,detection_latency,5,0.0,0.0,0.0,0.0,0.0,0.0,0.0,0.0,0.95
300,0.1,anomaly_detection,lstm_autoencoder,residual,f1,5,0.08878229237477821,5.501964750549981e-05,0.08862953334377185,0.08893505140578456,0.1817982856100675,0.1817982856100675,-0.3229546746053549,0.6865512458254899,0.95
300,0.1,anomaly_detection,lstm_autoencoder,residual,false_positive_rate,5,0.9993216280925779,0.0006783719074221927,0.9974381657307119,1.0012050904544438,90.61818181818248,90.61818181818246,-160.9782255328339,342.21458916919886,0.95
300,0.1,anomaly_detection,lstm_autoencoder,residual,pr_auc,5,0.10804314527787877,0.005488728733675885,0.09280399125150587,0.12328229930425166,0.326157938795722,0.1470603599335349,-0.08214707771036661,0.7344629553018107,0.95
300,0.1,anomaly_detection,lstm_autoencoder,residual,precision,5,0.04645326309556903,3.012763133774105e-05,0.04636961538101016,0.04653691081012791,0.19026531780874215,0.19026531780874215,-0.33799589251024253,0.7185265281277268,0.95
300,0.1,anomaly_detection,lstm_autoencoder,residual,recall,5,1.0,0.0,1.0,1.0,0.0,0.0,0.0,0.0,0.95
300,0.1,anomaly_detection,lstm_autoencoder,residual,roc_auc,5,0.5769566155979747,0.007268230980520725,0.556776771268661,0.5971364599272885,0.2603690057782063,0.03544282970127943,0.1619639347397301,0.35877407681668255,0.95
300,0.1,anomaly_detection,lstm_autoencoder,residual,threshold,5,0.0003816792741417,0.0,0.0003816792741417,0.0003816792741417,0.0,0.0,0.0,0.0,0.95
300,0.1,load_estimation,lstm,raw,mae,5,1.8614892001774397,0.04058385423145198,1.7488103567464641,1.9741680436084152,5.711848794289447,0.1492019641497903,5.297597731239866,6.126099857339029,0.95
300,0.1,load_estimation,lstm,raw,mape,5,63.12836272700455,3.0680025173943326,54.61022215485055,71.64650329915855,6.036884882796319,0.33780037755853604,5.099000677989955,6.9747690876026835,0.95
300,0.1,load_estimation,lstm,raw,r2,5,0.028064233021292163,0.03925263678305179,-0.08091855824111885,0.13704702428370316,-0.9709971982496146,0.04055683477807957,-1.0836010236515292,-0.8583933728476999,0.95
300,0.1,load_estimation,lstm,raw,rmse,5,2.295549081614216,0.046377360537682995,2.166784885957373,2.424313277271059,4.501557613739585,0.1197200912614574,4.169161352362879,4.833953875116292,0.95
300,0.1,load_estimation,persistence,raw,mae,5,2.472682529719634,0.00995555106223249,2.4450414887033523,2.500323570735916,4.5663548995136525,0.07855016799367678,4.348264670075144,4.784445128952161,0.95
300,0.1,load_estimation,persistence,raw,mape,5,80.14639082302386,0.5831988785096369,78.52717115142894,81.76561049461878,4.701763583992227,0.07146937311473432,4.503332792836268,4.900194375148185,0.95
300,0.1,load_estimation,persistence,raw,r2,5,-0.8771193963245125,0.02142622425363776,-0.9366081317763953,-0.8176306608726297,-1.9409628732949993,0.022569251867992145,-2.003625162171862,-1.8783005844181364,0.95
300,0.1,load_estimation,persistence,raw,rmse,5,3.1882126084327282,0.018225278091104084,3.137611124285814,3.2388140925796427,4.264774606979677,0.08544980633114097,4.027527910451481,4.502021303507873,0.95
300,0.1,load_estimation,xgboost,raw,mae,5,1.949686421161373,0.010838718733319815,1.9195933135876315,1.9797795287351143,6.118822919331531,0.03125142155517491,6.032055062924193,6.205590775738869,0.95
300,0.1,load_estimation,xgboost,raw,mape,5,64.05148378689442,0.7943923706060578,61.84589697791876,66.25707059587009,6.069378894860052,0.07251809086033306,5.868036396452592,6.270721393267513,0.95
300,0.1,load_estimation,xgboost,raw,r2,5,-0.1866447358353006,0.010925595706881282,-0.21697905255704117,-0.15631041911356006,-1.1926548315738923,0.011271228596286662,-1.2239487790396177,-1.1613608841081668,0.95
300,0.1,load_estimation,xgboost,raw,rmse,5,2.5349620727853046,0.011731061171884409,2.5023914254158504,2.567532720154759,5.166725384668197,0.03792457295169528,5.061429889729746,5.272020879606648,0.95
300,0.2,anomaly_detection,isolation_forest,raw,detection_latency,5,3.2459016393442623,0.0,3.2459016393442623,3.2459016393442623,0.0,0.0,0.0,0.0,0.95
300,0.2,anomaly_detection,isolation_forest,raw,f1,5,0.1176470588235294,0.0,0.1176470588235294,0.1176470588235294,0.0,0.0,0.0,0.0,0.95
300,0.2,anomaly_detection,isolation_forest,raw,false_positive_rate,5,0.0438946528332003,0.0,0.0438946528332003,0.0438946528332003,0.0,0.0,0.0,0.0,0.95
300,0.2,anomaly_detection,isolation_forest,raw,pr_auc,5,0.09385708598261,0.0,0.09385708598261,0.09385708598261,0.0,0.0,0.0,0.0,0.95
300,0.2,anomaly_detection,isolation_forest,raw,precision,5,0.1164658634538152,0.0,0.1164658634538152,0.1164658634538152,0.0,0.0,0.0,0.0,0.95
300,0.2,anomaly_detection,isolation_forest,raw,recall,5,0.11885245901639338,6.938893903907228e-18,0.11885245901639338,0.11885245901639338,0.0,0.0,0.0,0.0,0.95
300,0.2,anomaly_detection,isolation_forest,raw,roc_auc,5,0.7138596875695052,0.0,0.7138596875695052,0.7138596875695052,0.0,0.0,0.0,0.0,0.95
300,0.2,anomaly_detection,isolation_forest,raw,threshold,5,0.5031683371451802,0.0,0.5031683371451802,0.5031683371451802,0.0,0.0,0.0,0.0,0.95
300,0.2,anomaly_detection,isolation_forest,residual,detection_latency,5,0.0,0.0,0.0,0.0,0.0,0.0,0.0,0.0,0.95
300,0.2,anomaly_detection,isolation_forest,residual,f1,5,0.0887272727272727,0.0,0.0887272727272727,0.0887272727272727,0.0,0.0,0.0,0.0,0.95
300,0.2,anomaly_detection,isolation_forest,residual,false_positive_rate,5,1.0,0.0,1.0,1.0,0.0,0.0,0.0,0.0,0.95
300,0.2,anomaly_detection,isolation_forest,residual,pr_auc,5,0.04201909613551344,0.0012987539267452935,0.03841317715274506,0.04562501511828182,0.5940494166940196,0.09366532810081508,0.3339927749617662,0.854106058426273,0.95
300,0.2,anomaly_detection,isolation_forest,residual,precision,5,0.0464231354642313,0.0,0.0464231354642313,0.0464231354642313,0.0,0.0,0.0,0.0,0.95
300,0.2,anomaly_detection,isolation_forest,residual,recall,5,1.0,0.0,1.0,1.0,0.0,0.0,0.0,0.0,0.95
300,0.2,anomaly_detection,isolation_forest,residual,roc_auc,5,0.4768782790156084,0.010619050908471806,0.4473950670989357,0.5063614909322811,0.3466708437117051,0.053501310792781795,0.1981273912394202,0.49521429618399,0.95
300,0.2,anomaly_detection,isolation_forest,residual,threshold,5,0.2937656541960819,0.0,0.2937656541960819,0.2937656541960819,0.0,0.0,0.0,0.0,0.95
300,0.2,anomaly_detection,lstm_autoencoder,raw,detection_latency,5,1.3442622950819672,0.0,1.3442622950819672,1.3442622950819672,0.0,0.0,0.0,0.0,0.95
300,0.2,anomaly_detection,lstm_autoencoder,raw,f1,5,0.5386064030131827,0.0,0.5386064030131827,0.5386064030131827,0.0,0.0,0.0,0.0,0.95
300,0.2,anomaly_detection,lstm_autoencoder,raw,false_positive_rate,5,0.028731045490821998,1.734723475976807e-18,0.028731045490821998,0.028731045490821998,0.0,0.0,0.0,0.0,0.95
300,0.2,anomaly_detection,lstm_autoencoder,raw,pr_auc,5,0.561001698584242,0.0,0.561001698584242,0.561001698584242,0.0,0.0,0.0,0.0,0.95
300,0.2,anomaly_detection,lstm_autoencoder,raw,precision,5,0.4982578397212543,0.0,0.4982578397212543,0.4982578397212543,0.0,0.0,0.0,0.0,0.95
300,0.2,anomaly_detection,lstm_autoencoder,raw,recall,5,0.5860655737704918,0.0,0.5860655737704918,0.5860655737704918,0.0,0.0,0.0,0.0,0.95
300,0.2,anomaly_detection,lstm_autoencoder,raw,roc_auc,5,0.9493396177043947,5.551115123125783e-17,0.9493396177043947,0.9493396177043947,0.0,0.0,0.0,0.0,0.95
300,0.2,anomaly_detection,lstm_autoencoder,raw,threshold,5,0.0007370078528765,0.0,0.0007370078528765,0.0007370078528765,0.0,0.0,0.0,0.0,0.95
300,0.2,anomaly_detection,lstm_autoencoder,residual,detection_latency,5,0.0,0.0,0.0,0.0,0.0,0.0,0.0,0.0,0.95
300,0.2,anomaly_detection,lstm_autoencoder,residual,f1,5,0.08877904648232873,5.1773755056019885e-05,0.08863529949352573,0.08892279347113173,0.18180160466812548,0.1818016046681255,-0.3229605707297959,0.6865637800660468,0.95
300,0.2,anomaly_detection,lstm_autoencoder,residual,false_positive_rate,5,0.9993615323224262,0.0006384676775738507,0.9975888618641993,1.0011342027806531,90.63636363636428,90.6363636363643,-161.01052453474665,342.2832518074752,0.95
300,0.2,anomaly_detection,lstm_autoencoder,residual,pr_auc,5,0.10108497066350139,0.006932003896924556,0.08183864237467317,0.12033129895232961,0.34056447905149523,0.15035571269294332,-0.076889903493353,0.7580188615963435,0.95
300,0.2,anomaly_detection,lstm_autoencoder,residual,precision,5,0.04645148547062168,2.835000639038049e-05,0.046372773234146784,0.04653019770709658,0.1902671755725191,0.19026717557251913,-0.3379991927256108,0.718533543870649,0.95
300,0.2,anomaly_detection,lstm_autoencoder,residual,recall,5,1.0,0.0,1.0,1.0,0.0,0.0,0.0,0.0,0.95
300,0.2,anomaly_detection,lstm_autoencoder,residual,roc_auc,5,0.5714069838943912,0.011794731164469406,0.5386595602856762,0.6041544075031061,0.26382600601543393,0.05055455668665879,0.12346405455731574,0.40418795747355213,0.95
300,0.2,anomaly_detection,lstm_autoencoder,residual,threshold,5,0.0003816792741417,0.0,0.0003816792741417,0.0003816792741417,0.0,0.0,0.0,0.0,0.95
300,0.2,load_estimation,lstm,raw,mae,5,1.8437607485729082,0.02866253230628088,1.764180801048561,1.9233406960972554,5.648181967914084,0.11167138385360975,5.338132500823066,5.958231435005103,0.95
300,0.2,load_estimation,lstm,raw,mape,5,60.720066551314666,2.597638386375352,53.50786616838892,67.9322669342404,5.769299600489921,0.2907574023898264,4.962027633824662,6.57657156715518,0.95
300,0.2,load_estimation,lstm,raw,r2,5,0.029524972409722683,0.023681341111814653,-0.03622497120469438,0.09527491602413975,-0.9694953415846455,0.02446994147796087,-1.0374347908256063,-0.9015558923436845,0.95
300,0.2,load_estimation,lstm,raw,rmse,5,2.295005854959289,0.028127064019341917,2.216912605739202,2.3730991041793756,4.499959740948414,0.07567156233716935,4.289861802094711,4.710057679802118,0.95
300,0.2,load_estimation,persistence,raw,mae,5,2.536640155265502,0.014507990134108244,2.4963595170713995,2.5769207934596046,4.7098676127904735,0.07477049027206206,4.502271451061367,4.91746377451958,0.95
300,0.2,load_estimation,persistence,raw,mape,5,85.93965050507535,0.6926320963569214,84.01659551144229,87.86270549870841,5.115224792417241,0.10072139693862228,4.835577362898319,5.394872221936162,0.95
300,0.2,load_estimation,persistence,raw,r2,5,-0.9386365090145177,0.013426684430599098,-0.97591496128089,-0.9013580567481454,-2.0070098486702603,0.014618225714895992,-2.04759654990306,-1.966423147437461,0.95
300,0.2,load_estimation,persistence,raw,rmse,5,3.240167011366432,0.011268771066545346,3.2088798870971273,3.2714541356357363,4.35015093273535,0.07651220013479068,4.137719009183196,4.562582856287503,0.95
300,0.2,load_estimation,xgboost,raw,mae,5,1.9484156186631458,0.009367618363146514,1.9224069405114268,1.9744242968148649,6.114239643420049,0.028041561838507135,6.036383786311425,6.192095500528674,0.95
300,0.2,load_estimation,xgboost,raw,mape,5,66.49035452871237,0.7070900098015448,64.52715793206461,68.45355112536014,6.338959104994222,0.07033332760141635,6.143682481842997,6.534235728145448,0.95
300,0.2,load_estimation,xgboost,raw,r2,5,-0.16333737045641894,0.010048450973669335,-0.19123634297708317,-0.1354383979357547,-1.1685983120728884,0.010372464318069288,-1.1973968898576306,-1.1397997342881463,0.95
300,0.2,load_estimation,xgboost,raw,rmse,5,2.5099576918384088,0.010822060697957754,2.4799108343854104,2.540004549291407,5.10583500790644,0.033339454948783265,5.013269841403928,5.198400174408952,0.95
