target_value,file,line_num,status,snippet,explanation
0.186,docs\github_reconciliation_report.md,117,CONSISTENT,"2. **Macro Operational Performance Cliff (Claim C14):** $\text{AoI}^* \approx 5.0\,$s marks the operational cliff where in-bin detection $F_",
0.978,docs\phase10_multiseed_analysis.md,104,CONSISTENT,"| **LSTM Load Forecaster (MAPE)** | 1,847.4 | **98.2%** | **1.8%** | 224.9 | $< 10^{-15}$ | **0.9787** | **CONDITION_DRIVEN** |","Anomaly detection F1 metrics across baseline, dt=5s, and AoI bins"
0.978,docs\phase10_multiseed_analysis.md,119,CONSISTENT,"- $\Delta F_1(0 \to 1\,\text{s})$: $-0.3298 \pm 0.052$ (Drop from $0.978$ to $0.648$ under $P_{\text{drop}} = 0.05$)","Anomaly detection F1 metrics across baseline, dt=5s, and AoI bins"
0.978,docs\phase10_multiseed_analysis.md,126,CONSISTENT,"- At $\Delta t = 0\,\text{s}, P_{\text{drop}} = 0.0$: Residual outperforms Raw by $+0.4393 \pm 0.000$ ($F_1 = 0.978$ vs. $0.539$).","Anomaly detection F1 metrics across baseline, dt=5s, and AoI bins"
0.978,docs\phase10_scientific_interpretation.md,34,CONSISTENT,"- In load forecasting (LSTM MAPE), variance decomposition reveals that **$98.2\%$ of total variance is condition-driven** ($\Delta t \times ","Anomaly detection F1 metrics across baseline, dt=5s, and AoI bins"
0.978,docs\phase10_scientific_interpretation.md,35,CONSISTENT,"- In anomaly detection, variability is virtually zero at continuous baseline ($\Delta t = 0\,\text{s}, F_1 = 0.978$) and at deep staleness (","Anomaly detection F1 metrics across baseline, dt=5s, and AoI bins"
8.95,docs\phase10_scientific_interpretation.md,46,CONSISTENT,"1. **Ideal Baseline Synchronization ($\Delta t = 0\,\text{s}, P_{\text{drop}} = 0.0$)**: Perfect cross-seed stability ($\text{CV} = 0.000$) ","Baseline load forecasting test MAPE at dt=0s, seed 42"
0.978,docs\phase10_scientific_interpretation.md,46,CONSISTENT,"1. **Ideal Baseline Synchronization ($\Delta t = 0\,\text{s}, P_{\text{drop}} = 0.0$)**: Perfect cross-seed stability ($\text{CV} = 0.000$) ","Anomaly detection F1 metrics across baseline, dt=5s, and AoI bins"
8.95,docs\phase10_scientific_interpretation.md,63,CONSISTENT,$$\text{MAPE: } 8.95\% \to 12.4\% \to 21.8\% \to 34.6\% \to 49.1\% \to 62.3\%$$,"Baseline load forecasting test MAPE at dt=0s, seed 42"
0.978,docs\phase10_scientific_interpretation.md,70,CONSISTENT,"- For low staleness ($\Delta t \le 1\,\text{s}$), the physics-based residual representation provides an overwhelming advantage over raw tele","Anomaly detection F1 metrics across baseline, dt=5s, and AoI bins"
0.978,docs\phase10_scientific_interpretation.md,77,CONSISTENT,"Under non-zero drop rates ($P_{\text{drop}} > 0$), consecutive dropped packets create bursts of Age of Information (AoI), accelerating the a","Anomaly detection F1 metrics across baseline, dt=5s, and AoI bins"
0.978,docs\phase11_preimplementation_audit.md,60,CONSISTENT,"| `E4_RAW_VS_RESIDUAL_SEED42_20260930` | 7 | FROZEN | Residual LSTM-AE $F_1 = 0.9780$, Raw LSTM-AE $F_1 = 0.5386$, Raw IF $F_1 = 0.1176$, Re","Anomaly detection F1 metrics across baseline, dt=5s, and AoI bins"
0.978,docs\phase11_scientific_interpretation.md,19,CONSISTENT,"Under continuous real-time telemetry synchronization ($\Delta t = 0\,$s, $P_{\text{drop}} = 0$), physics-based residual modeling ($r_t = y_t","Anomaly detection F1 metrics across baseline, dt=5s, and AoI bins"
0.978,docs\phase11_scientific_interpretation.md,26,CONSISTENT,"- At $\Delta t = 1\,$s: Residual LSTM-AE maintains $F_1 = 0.9780$.","Anomaly detection F1 metrics across baseline, dt=5s, and AoI bins"
0.1085,docs\phase11_scientific_interpretation.md,27,CONSISTENT,"- At $\Delta t = 5\,$s: Residual LSTM-AE collapses to $F_1 = 0.1085$ (an $88.9\%$ relative drop).","Anomaly detection F1 metrics across baseline, dt=5s, and AoI bins"
"67,284",docs\phase11_scientific_interpretation.md,46,CONSISTENT,"Analyzing 67,284 discrete timesteps across active staleness epochs demonstrates that degradation is not smooth or exponential, but exhibits ",Active transient timesteps audited across Phase 11
0.5752,docs\phase11_scientific_interpretation.md,50,CONSISTENT,"- Detection metrics: Precision $= 0.4037$, Recall $= 1.0000$, $F_1 = 0.5752$.","Anomaly detection F1 metrics across baseline, dt=5s, and AoI bins"
0.1856,docs\phase11_scientific_interpretation.md,54,CONSISTENT,"- Recall collapses precipitously from $1.0000$ to $0.1862$, reducing bin $F_1$ to $0.1856$.","Anomaly detection F1 metrics across baseline, dt=5s, and AoI bins"
0.186,docs\phase11_scientific_interpretation.md,54,CONSISTENT,"- Recall collapses precipitously from $1.0000$ to $0.1862$, reducing bin $F_1$ to $0.1856$.",
8.95,docs\phase11_scientific_interpretation.md,80,CONSISTENT,$$\text{MAPE}(\Delta t) \approx 8.95\% + 10.2\% \cdot \ln(1 + \Delta t)$$,"Baseline load forecasting test MAPE at dt=0s, seed 42"
8.95,docs\phase11_scientific_interpretation.md,81,CONSISTENT,"- At $\Delta t = 0\,$s, MAPE is $8.95\%$; at $\Delta t = 300\,$s, MAPE reaches $58.74\%$, representing a $6.5\times$ relative error expansio","Baseline load forecasting test MAPE at dt=0s, seed 42"
0.978,docs\phase11_scientific_interpretation.md,84,CONSISTENT,"- At $\Delta t \le 1\,$s, $F_1 = 0.9780$.","Anomaly detection F1 metrics across baseline, dt=5s, and AoI bins"
0.1085,docs\phase11_scientific_interpretation.md,85,CONSISTENT,"- At $\Delta t = 5\,$s, $F_1$ drops to $0.1085$, after which it hits a flat empirical floor ($F_1 \approx 0.088\text{--}0.090$ for $\Delta t","Anomaly detection F1 metrics across baseline, dt=5s, and AoI bins"
0.978,docs\phase11_validation_report.md,24,CONSISTENT,"- **A3 (Packet Loss):** Stochastic drop rate expands effective burst AoI, reducing residual LSTM-AE $F_1$ from $0.978$ to $0.323$ at $\Delta","Anomaly detection F1 metrics across baseline, dt=5s, and AoI bins"
8.95,docs\phase11_validation_report.md,28,CONSISTENT,- **A7 (Forecaster Architecture):** LSTM achieves lowest baseline MAPE ($8.95\%$) vs. XGBoost ($10.51\%$) and Persistence ($11.23\%$).,"Baseline load forecasting test MAPE at dt=0s, seed 42"
10.51,docs\phase11_validation_report.md,28,CONSISTENT,- **A7 (Forecaster Architecture):** LSTM achieves lowest baseline MAPE ($8.95\%$) vs. XGBoost ($10.51\%$) and Persistence ($11.23\%$).,
11.23,docs\phase11_validation_report.md,28,CONSISTENT,- **A7 (Forecaster Architecture):** LSTM achieves lowest baseline MAPE ($8.95\%$) vs. XGBoost ($10.51\%$) and Persistence ($11.23\%$).,
"67,284",docs\phase11_validation_report.md,31,CONSISTENT,"- Intra-epoch analysis of 67,284 timesteps shows that physical-virtual state drift $\|y_t - \hat{y}^{DT}_t\|_2$ and residual norm $\|r_t\|_2",Active transient timesteps audited across Phase 11
8.9504,docs\phase11_validation_report.md,51,CONSISTENT,| 0 s | 0.00 | 0.977956 | 8.9504% | VALID |,"Baseline load forecasting test MAPE at dt=0s, seed 42"
8.95,docs\phase11_validation_report.md,51,CONSISTENT,| 0 s | 0.00 | 0.977956 | 8.9504% | VALID |,"Baseline load forecasting test MAPE at dt=0s, seed 42"
8.9504,docs\phase11_validation_report.md,52,CONSISTENT,| 1 s | 0.00 | 0.977956 | 8.9504% | VALID |,"Baseline load forecasting test MAPE at dt=0s, seed 42"
8.95,docs\phase11_validation_report.md,52,CONSISTENT,| 1 s | 0.00 | 0.977956 | 8.9504% | VALID |,"Baseline load forecasting test MAPE at dt=0s, seed 42"
0.1085,docs\phase11_validation_report.md,53,CONSISTENT,| 5 s | 0.00 | 0.108517 | 15.2610% | VALID |,"Anomaly detection F1 metrics across baseline, dt=5s, and AoI bins"
0.978,docs\phase11_validation_report.md,69,CONSISTENT,"| **A1** | Representation | Residual ($\Delta t=0\,$s) | Raw ($\Delta t=0\,$s) | $F_1$ | 0.9780 | 0.5386 | -0.4393 | -44.9% |","Anomaly detection F1 metrics across baseline, dt=5s, and AoI bins"
0.978,docs\phase11_validation_report.md,71,CONSISTENT,"| **A2** | Staleness | $\Delta t = 0\,$s ($P_{\text{drop}}=0$) | $\Delta t = 5\,$s ($P_{\text{drop}}=0$) | $F_1$ | 0.9780 | 0.1085 | -0.8694","Anomaly detection F1 metrics across baseline, dt=5s, and AoI bins"
0.1085,docs\phase11_validation_report.md,71,CONSISTENT,"| **A2** | Staleness | $\Delta t = 0\,$s ($P_{\text{drop}}=0$) | $\Delta t = 5\,$s ($P_{\text{drop}}=0$) | $F_1$ | 0.9780 | 0.1085 | -0.8694","Anomaly detection F1 metrics across baseline, dt=5s, and AoI bins"
8.95,docs\phase11_validation_report.md,72,CONSISTENT,"| **A2** | Staleness | $\Delta t = 0\,$s ($P_{\text{drop}}=0$) | $\Delta t = 300\,$s ($P_{\text{drop}}=0$) | MAPE (%) | 8.95% | 58.74% | +49","Baseline load forecasting test MAPE at dt=0s, seed 42"
0.978,docs\phase11_validation_report.md,73,CONSISTENT,"| **A3** | Packet Loss | $P_{\text{drop}} = 0.00$ ($\Delta t=1\,$s) | $P_{\text{drop}} = 0.20$ ($\Delta t=1\,$s) | $F_1$ | 0.9780 | 0.3230 |","Anomaly detection F1 metrics across baseline, dt=5s, and AoI bins"
0.1085,docs\phase11_validation_report.md,75,CONSISTENT,"| **A5** | Missed Policy | Hold-Last-State ($\Delta t=5\,$s) | Zero-Input ($\Delta t=5\,$s) | $F_1$ | 0.1085 | 0.0887 | -0.0198 | -18.2% |","Anomaly detection F1 metrics across baseline, dt=5s, and AoI bins"
0.978,docs\phase11_validation_report.md,76,CONSISTENT,| **A6** | Detector | Residual LSTM-AE | Residual Isolation Forest | $F_1$ | 0.9780 | 0.0887 | -0.8892 | -90.9% |,"Anomaly detection F1 metrics across baseline, dt=5s, and AoI bins"
8.95,docs\phase11_validation_report.md,77,CONSISTENT,"| **A7** | Forecaster | Forecaster LSTM ($\Delta t=0\,$s) | Persistence Forecaster | MAPE (%) | 8.95% | 11.23% | +2.28% | +25.5% |","Baseline load forecasting test MAPE at dt=0s, seed 42"
11.23,docs\phase11_validation_report.md,77,CONSISTENT,"| **A7** | Forecaster | Forecaster LSTM ($\Delta t=0\,$s) | Persistence Forecaster | MAPE (%) | 8.95% | 11.23% | +2.28% | +25.5% |",
8.95,docs\phase11_validation_report.md,78,CONSISTENT,"| **A7** | Forecaster | Forecaster LSTM ($\Delta t=0\,$s) | XGBoost Forecaster | MAPE (%) | 8.95% | 10.51% | +1.56% | +17.4% |","Baseline load forecasting test MAPE at dt=0s, seed 42"
10.51,docs\phase11_validation_report.md,78,CONSISTENT,"| **A7** | Forecaster | Forecaster LSTM ($\Delta t=0\,$s) | XGBoost Forecaster | MAPE (%) | 8.95% | 10.51% | +1.56% | +17.4% |",
0.978,docs\phase11_validation_report.md,79,CONSISTENT,| **A8** | Threshold | 95th Percentile | 90th Percentile | $F_1$ | 0.9780 | 0.8421 | -0.1359 | -13.9% (Precision drop) |,"Anomaly detection F1 metrics across baseline, dt=5s, and AoI bins"
0.978,docs\phase11_validation_report.md,80,CONSISTENT,| **A8** | Threshold | 95th Percentile | 99th Percentile | $F_1$ | 0.9780 | 0.6052 | -0.3728 | -38.1% (Recall drop) |,"Anomaly detection F1 metrics across baseline, dt=5s, and AoI bins"
"67,284",docs\phase11_validation_report.md,86,CONSISTENT,"Detailed examination of 67,284 intra-epoch samples reveals the exact degradation mechanism during communication blackout periods.",Active transient timesteps audited across Phase 11
0.5752,docs\phase11_validation_report.md,91,CONSISTENT,"| 0s (Fresh) | 20,952 | 0.0124 | 0.0081 | 0.00018 | 0.5752 | 0.4037 | 1.0000 |","Anomaly detection F1 metrics across baseline, dt=5s, and AoI bins"
0.1856,docs\phase11_validation_report.md,92,CONSISTENT,"| 1–5s | 16,975 | 0.0389 | 0.0215 | 0.00054 | 0.1856 | 0.1849 | 0.1862 |","Anomaly detection F1 metrics across baseline, dt=5s, and AoI bins"
0.186,docs\phase11_validation_report.md,92,CONSISTENT,"| 1–5s | 16,975 | 0.0389 | 0.0215 | 0.00054 | 0.1856 | 0.1849 | 0.1862 |",
0.978,docs\phase13_manuscript_audit.md,19,CONSISTENT,"| `C01` | ""physics-residual representation paired with an LSTM autoencoder achieves an anomaly detection F1 score of 0.978"" | `0.977956` | P","Anomaly detection F1 metrics across baseline, dt=5s, and AoI bins"
0.978,docs\phase14_final_audit_report.md,58,CONSISTENT,"In binned operational analysis, between the fresh bin (`0s`) and the `1-5s` bin, mean residual norm expands by **$16\times$** ($11.50 \to 18","Anomaly detection F1 metrics across baseline, dt=5s, and AoI bins"
0.5752,docs\phase14_final_audit_report.md,58,CONSISTENT,"In binned operational analysis, between the fresh bin (`0s`) and the `1-5s` bin, mean residual norm expands by **$16\times$** ($11.50 \to 18","Anomaly detection F1 metrics across baseline, dt=5s, and AoI bins"
0.1856,docs\phase14_final_audit_report.md,58,CONSISTENT,"In binned operational analysis, between the fresh bin (`0s`) and the `1-5s` bin, mean residual norm expands by **$16\times$** ($11.50 \to 18","Anomaly detection F1 metrics across baseline, dt=5s, and AoI bins"
8.9504,docs\phase14_final_audit_report.md,86,CONSISTENT,| `C15` | Baseline LSTM Forecaster MAPE | 8.9504% | 8.9504% | E5 `comparison.csv` | $10^{-3}$ | **PASS** |,"Baseline load forecasting test MAPE at dt=0s, seed 42"
8.95,docs\phase14_final_audit_report.md,86,CONSISTENT,| `C15` | Baseline LSTM Forecaster MAPE | 8.9504% | 8.9504% | E5 `comparison.csv` | $10^{-3}$ | **PASS** |,"Baseline load forecasting test MAPE at dt=0s, seed 42"
9.0635,docs\phase14_final_audit_report.md,87,CONSISTENT,| `C16` | Baseline XGBoost Forecaster MAPE | 9.0635% | 9.0635% | E5 `comparison.csv` | $10^{-3}$ | **PASS** |,"Baseline load forecasting test MAPE at dt=0s, seed 42"
14.7321,docs\phase14_final_audit_report.md,88,CONSISTENT,| `C17` | Baseline Persistence Forecaster MAPE | 14.7321% | 14.7321% | E5 `comparison.csv` | $10^{-3}$ | **PASS** |,"Baseline load forecasting test MAPE at dt=0s, seed 42"
"73,584",docs\phase14_final_audit_report.md,89,CONSISTENT,"| `C18` | Total Audited Transient Timesteps | 73,584 | 73,584 | E11 `summary.md` | 0 | **PASS** |",Active transient timesteps audited across Phase 11
0.978,docs\phase15_accuracy_gap_analysis.md,12,CONSISTENT,"- **Ideal Sync ($\Delta t = 0\,$s, Seed 42):** Residual LSTM-AE achieves near-perfect performance ($F_1 = 0.978$, Precision = $0.957$, Recal","Anomaly detection F1 metrics across baseline, dt=5s, and AoI bins"
0.1085,docs\phase15_accuracy_gap_analysis.md,13,CONSISTENT,"- **Stale Sync ($\Delta t \ge 5\,$s, Seed 42):** Precision collapses to $0.057$, $\text{FPR}$ surges to $0.800$, causing $F_1$ to collapse t","Anomaly detection F1 metrics across baseline, dt=5s, and AoI bins"
0.978,docs\phase15_accuracy_gap_analysis.md,27,CONSISTENT,"- *Formulation:* When $\text{AoI} < \text{AoI}^* \approx 5.0\,$s, evaluate residuals $r_t$ (leveraging $F_1 = 0.978$ fidelity). When $\text{","Anomaly detection F1 metrics across baseline, dt=5s, and AoI bins"
8.95,docs\phase15_accuracy_gap_analysis.md,36,CONSISTENT,"- **Baseline ($\Delta t = 0\,$s):** LSTM MAPE is $8.95\%$, XGBoost is $9.06\%$, Persistence is $14.73\%$.","Baseline load forecasting test MAPE at dt=0s, seed 42"
0.978,docs\phase15_journal_readiness_audit.md,28,CONSISTENT,| LSTM-AE | Residual | 0.9569 | 1.0000 | 0.9780 | 1.0000 | 1.0000 | 0.0022 | 3.82e-4 | E4-4 |,"Anomaly detection F1 metrics across baseline, dt=5s, and AoI bins"
8.95,docs\phase15_journal_readiness_audit.md,36,CONSISTENT,| LSTM | 8.950 | 0.276 | 0.423 | 0.967 | E5 seed42 |,"Baseline load forecasting test MAPE at dt=0s, seed 42"
0.186,docs\phase15_journal_readiness_audit.md,42,CONSISTENT,| Anomaly (Residual) | LSTM-AE | F1 | 0.186 | -80.9% |,
12.31,docs\phase15_journal_readiness_audit.md,44,CONSISTENT,| Forecasting | LSTM | MAPE | 12.31% | +37.5% |,
13.44,docs\phase15_journal_readiness_audit.md,45,CONSISTENT,| Forecasting | XGBoost | MAPE | 13.44% | +48.3% |,
0.978,docs\phase15_journal_readiness_audit.md,120,CONSISTENT,| RQ1 | How does synchronization staleness affect anomaly detection? | Yes | E5/E10 | F1 drops from 0.978 → 0.186 | High |,"Anomaly detection F1 metrics across baseline, dt=5s, and AoI bins"
0.186,docs\phase15_journal_readiness_audit.md,120,CONSISTENT,| RQ1 | How does synchronization staleness affect anomaly detection? | Yes | E5/E10 | F1 drops from 0.978 → 0.186 | High |,
8.95,docs\phase15_journal_readiness_audit.md,121,CONSISTENT,| RQ2 | How does synchronization staleness affect load estimation? | Yes | E5/E10 | MAPE rises from 8.95% → 12.31% | High |,"Baseline load forecasting test MAPE at dt=0s, seed 42"
12.31,docs\phase15_journal_readiness_audit.md,121,CONSISTENT,| RQ2 | How does synchronization staleness affect load estimation? | Yes | E5/E10 | MAPE rises from 8.95% → 12.31% | High |,
0.186,docs\phase15_journal_readiness_audit.md,154,CONSISTENT,"- **F1** (bounded in [0,1], rapid floor effect at ~0.186)",
0.978,docs\phase15_journal_readiness_audit.md,275,CONSISTENT,"- **LSTM MAPE:** Condition variance = 98.2%, Seed variance = 1.8% (ICC = 0.978)","Anomaly detection F1 metrics across baseline, dt=5s, and AoI bins"
8.95,docs\phase15_journal_readiness_audit.md,376,CONSISTENT,- Baseline MAPE of 8.95% (LSTM) and 9.06% (XGBoost) are **higher than state-of-the-art** (literature shows 1.89–4.52%). This is likely becau,"Baseline load forecasting test MAPE at dt=0s, seed 42"
8.95,docs\phase15_reviewer_simulation.md,56,CONSISTENT,"3. **Metric Commensurability Artifact in $H_3$:** Comparing bounded $F_1 \in [0, 1]$ (which quickly hits an empirical floor of ~0.0887) agai","Baseline load forecasting test MAPE at dt=0s, seed 42"
0.978,docs\phase15_statistical_power_audit.md,29,CONSISTENT,"- **LSTM MAPE:** Condition variance = $98.22\%$, Seed variance = $1.78\%$ ($F = 230.69$, $p < 0.0001$, $\text{ICC} = 0.9787$).","Anomaly detection F1 metrics across baseline, dt=5s, and AoI bins"
0.978,docs\phase7_validation_report.md,140,CONSISTENT,| **E4-4** | LSTM Autoencoder | Residual | 0.0004 | 0.9569 | 1.0000 | **0.9780** | **1.0000** | **1.0000** | 0.0022 | 0.00 |,"Anomaly detection F1 metrics across baseline, dt=5s, and AoI bins"
0.978,docs\phase7_validation_report.md,145,CONSISTENT,"- On Physics-based Residuals (E4-4), normal background variation is effectively canceled out ($r_t \approx 0$), allowing the autoencoder to ","Anomaly detection F1 metrics across baseline, dt=5s, and AoI bins"
0.978,docs\phase8_baseline_reconciliation_audit.md,14,CONSISTENT,"A comprehensive scientific audit was conducted to investigate why the baseline condition of Experiment E5 ($\Delta t = 0\,\text{s}, P_{\text","Anomaly detection F1 metrics across baseline, dt=5s, and AoI bins"
0.978,docs\phase8_baseline_reconciliation_audit.md,36,CONSISTENT,| Residual + LSTM Autoencoder | 0.9780 | 0.7022 | **MISMATCH (-0.2758)** |,"Anomaly detection F1 metrics across baseline, dt=5s, and AoI bins"
0.978,docs\phase8_baseline_reconciliation_audit.md,207,CONSISTENT,| Residual + LSTM Autoencoder | 0.9780 | 0.7022 | **0.9780** | **MATCH** |,"Anomaly detection F1 metrics across baseline, dt=5s, and AoI bins"
0.978,docs\phase8_baseline_reconciliation_audit.md,220,CONSISTENT,- **Impact on Baseline**: **CRITICAL** (Reconciles baseline from F1 = 0.7022 back to true baseline 0.9780).,"Anomaly detection F1 metrics across baseline, dt=5s, and AoI bins"
0.978,docs\phase8_baseline_reconciliation_audit.md,221,CONSISTENT,"- **Impact on Degradation Trajectory**: The degradation slope $\Delta F_1(\Delta t)$ starts from $0.9780$ instead of $0.7022$, establishing ","Anomaly detection F1 metrics across baseline, dt=5s, and AoI bins"
8.95,docs\phase8_validation_report.md,116,CONSISTENT,"| **(0s, 0.00)** (Baseline) | 14.73% | 9.06% | **8.95%** |","Baseline load forecasting test MAPE at dt=0s, seed 42"
8.95,docs\phase8_validation_report.md,120,CONSISTENT,"| **(1s, 0.00)** | 14.73% | 9.06% | **8.95%** |","Baseline load forecasting test MAPE at dt=0s, seed 42"
62.29,docs\phase8_validation_report.md,136,CONSISTENT,"| **(300s, 0.00)** | 81.13% | 61.69% | 62.29% |",
0.978,docs\phase9_input_audit.md,11,CONSISTENT,| `experiments/runs/E5_STALENESS_SWEEP_CORRECTED_SEED42_20260930` | 2026-09-30 20:44 | **24** | **PASS** (Res LSTM-AE F1 = 0.9780) | Post-re,"Anomaly detection F1 metrics across baseline, dt=5s, and AoI bins"
0.978,docs\phase9_input_audit.md,12,CONSISTENT,| `experiments/runs/E5_BASELINE_RECONCILIATION_SEED42_20260930` | 2026-09-30 17:46 | 1 | **PASS** (Res LSTM-AE F1 = 0.9780) | Post-reconcili,"Anomaly detection F1 metrics across baseline, dt=5s, and AoI bins"
0.978,docs\phase9_joint_analysis.md,122,CONSISTENT,"- **Anomaly Detection Saturation Floor**: $F_1$-score is bounded in $[0, 1]$. In the residual domain, $F_1$ drops precipitously from $0.9780","Anomaly detection F1 metrics across baseline, dt=5s, and AoI bins"
0.1085,docs\phase9_joint_analysis.md,122,CONSISTENT,"- **Anomaly Detection Saturation Floor**: $F_1$-score is bounded in $[0, 1]$. In the residual domain, $F_1$ drops precipitously from $0.9780","Anomaly detection F1 metrics across baseline, dt=5s, and AoI bins"
0.978,docs\phase9_joint_analysis.md,123,CONSISTENT,$$D_{\text{norm}}^{\text{AD}} = \frac{0.9780 - 0.0887}{0.9780} \approx 0.909 \quad (\le 1.0)$$,"Anomaly detection F1 metrics across baseline, dt=5s, and AoI bins"
8.95,docs\phase9_joint_analysis.md,125,CONSISTENT,$$\text{MAPE: } 8.95\% \to 62.29\% \implies D_{\text{norm}}^{\text{LE}} = \frac{62.29 - 8.95}{8.95} \approx 5.96 \quad (596\% \text{ degrada,"Baseline load forecasting test MAPE at dt=0s, seed 42"
62.29,docs\phase9_joint_analysis.md,125,CONSISTENT,$$\text{MAPE: } 8.95\% \to 62.29\% \implies D_{\text{norm}}^{\text{LE}} = \frac{62.29 - 8.95}{8.95} \approx 5.96 \quad (596\% \text{ degrada,
0.978,docs\PROJECT_PHASE_STATUS.md,24,CONSISTENT,| **Phase 7** | Physics-Based Residual Engine & E4 Baseline | `ddc3375` | COMPLETED | Residual extraction; validated baseline $F_1 = 0.978$ ,"Anomaly detection F1 metrics across baseline, dt=5s, and AoI bins"
0.186,docs\PROJECT_PHASE_STATUS.md,50,CONSISTENT,"- Macro operational performance cliff: $\text{AoI}^* \approx 5.0\,$s (95% CI $[3.5, 7.5]\,$s, in-bin $F_1$ drops from $0.575$ to $0.186$)",
8.95,docs\research_timeline.md,40,CONSISTENT,- **Scientific Conclusion**: LSTM achieved lowest baseline MAPE (8.95%) at ideal synchronization.,"Baseline load forecasting test MAPE at dt=0s, seed 42"
"73,584",docs\research_timeline.md,82,CONSISTENT,"- **Key Output**: Max repro diff $4.03 \times 10^{-7}$, 88 ablation evaluations, 73,584 transient timesteps.",Active transient timesteps audited across Phase 11
0.978,docs\superpowers\specs\2026-10-06-ayush-frontend-webgl-design.md,17,CONSISTENT,"5. **Bidirectional Data Connectors**: Direct binding to verified research data (E4 baseline $F_1 = 0.9780$, AoI degradation surface $\Delta ","Anomaly detection F1 metrics across baseline, dt=5s, and AoI bins"
14.7321,experiments/runs\E10_MULTI_SEED_ANALYSIS_20261002\aggregated_metrics.csv,4,CONSISTENT,"E5_DT0_PD00_SEED42,0,0.0,0.0,0.0,load_estimation,persistence,,raw,mape,14.73210135971861,14.73210135971861,0.0,0.0,SUCCESS,42,lower_better,0","Baseline load forecasting test MAPE at dt=0s, seed 42"
8.9504,experiments/runs\E10_MULTI_SEED_ANALYSIS_20261002\aggregated_metrics.csv,12,CONSISTENT,"E5_DT0_PD00_SEED42,0,0.0,0.0,0.0,load_estimation,lstm,,raw,mape,8.95040488214452,8.95040488214452,0.0,0.0,SUCCESS,42,lower_better,0.0,0.0","Baseline load forecasting test MAPE at dt=0s, seed 42"
8.95,experiments/runs\E10_MULTI_SEED_ANALYSIS_20261002\aggregated_metrics.csv,12,CONSISTENT,"E5_DT0_PD00_SEED42,0,0.0,0.0,0.0,load_estimation,lstm,,raw,mape,8.95040488214452,8.95040488214452,0.0,0.0,SUCCESS,42,lower_better,0.0,0.0","Baseline load forecasting test MAPE at dt=0s, seed 42"
14.7321,experiments/runs\E10_MULTI_SEED_ANALYSIS_20261002\aggregated_metrics.csv,48,CONSISTENT,"E5_DT0_PD05_SEED42,0,0.05,0.0534531963470319,1.0,load_estimation,persistence,,raw,mape,14.953406180024844,14.73210135971861,0.22130482030623","Baseline load forecasting test MAPE at dt=0s, seed 42"
8.9504,experiments/runs\E10_MULTI_SEED_ANALYSIS_20261002\aggregated_metrics.csv,56,CONSISTENT,"E5_DT0_PD05_SEED42,0,0.05,0.0534531963470319,1.0,load_estimation,lstm,,raw,mape,8.959365985897191,8.95040488214452,0.0089611037526715,0.0010","Baseline load forecasting test MAPE at dt=0s, seed 42"
8.95,experiments/runs\E10_MULTI_SEED_ANALYSIS_20261002\aggregated_metrics.csv,56,CONSISTENT,"E5_DT0_PD05_SEED42,0,0.05,0.0534531963470319,1.0,load_estimation,lstm,,raw,mape,8.959365985897191,8.95040488214452,0.0089611037526715,0.0010","Baseline load forecasting test MAPE at dt=0s, seed 42"
14.7321,experiments/runs\E10_MULTI_SEED_ANALYSIS_20261002\aggregated_metrics.csv,92,CONSISTENT,"E5_DT0_PD10_SEED42,0,0.1,0.1089326484018264,1.0,load_estimation,persistence,,raw,mape,15.22745767394809,14.73210135971861,0.495356314229479,","Baseline load forecasting test MAPE at dt=0s, seed 42"
8.9504,experiments/runs\E10_MULTI_SEED_ANALYSIS_20261002\aggregated_metrics.csv,100,CONSISTENT,"E5_DT0_PD10_SEED42,0,0.1,0.1089326484018264,1.0,load_estimation,lstm,,raw,mape,9.013588747109727,8.95040488214452,0.0631838649652074,0.00705","Baseline load forecasting test MAPE at dt=0s, seed 42"
8.95,experiments/runs\E10_MULTI_SEED_ANALYSIS_20261002\aggregated_metrics.csv,100,CONSISTENT,"E5_DT0_PD10_SEED42,0,0.1,0.1089326484018264,1.0,load_estimation,lstm,,raw,mape,9.013588747109727,8.95040488214452,0.0631838649652074,0.00705","Baseline load forecasting test MAPE at dt=0s, seed 42"
14.7321,experiments/runs\E10_MULTI_SEED_ANALYSIS_20261002\aggregated_metrics.csv,136,CONSISTENT,"E5_DT0_PD20_SEED42,0,0.2,0.2509132420091324,1.0,load_estimation,persistence,,raw,mape,15.806540790489112,14.73210135971861,1.074439430770502","Baseline load forecasting test MAPE at dt=0s, seed 42"
8.9504,experiments/runs\E10_MULTI_SEED_ANALYSIS_20261002\aggregated_metrics.csv,144,CONSISTENT,"E5_DT0_PD20_SEED42,0,0.2,0.2509132420091324,1.0,load_estimation,lstm,,raw,mape,9.171423424412827,8.95040488214452,0.2210185422683075,0.02469","Baseline load forecasting test MAPE at dt=0s, seed 42"
8.95,experiments/runs\E10_MULTI_SEED_ANALYSIS_20261002\aggregated_metrics.csv,144,CONSISTENT,"E5_DT0_PD20_SEED42,0,0.2,0.2509132420091324,1.0,load_estimation,lstm,,raw,mape,9.171423424412827,8.95040488214452,0.2210185422683075,0.02469","Baseline load forecasting test MAPE at dt=0s, seed 42"
14.7321,experiments/runs\E10_MULTI_SEED_ANALYSIS_20261002\aggregated_metrics.csv,180,CONSISTENT,"E5_DT1_PD00_SEED42,1,0.0,0.0,0.0,load_estimation,persistence,,raw,mape,14.73210135971861,14.73210135971861,0.0,0.0,SUCCESS,42,lower_better,0","Baseline load forecasting test MAPE at dt=0s, seed 42"
8.9504,experiments/runs\E10_MULTI_SEED_ANALYSIS_20261002\aggregated_metrics.csv,188,CONSISTENT,"E5_DT1_PD00_SEED42,1,0.0,0.0,0.0,load_estimation,lstm,,raw,mape,8.95040488214452,8.95040488214452,0.0,0.0,SUCCESS,42,lower_better,0.0,0.0","Baseline load forecasting test MAPE at dt=0s, seed 42"
8.95,experiments/runs\E10_MULTI_SEED_ANALYSIS_20261002\aggregated_metrics.csv,188,CONSISTENT,"E5_DT1_PD00_SEED42,1,0.0,0.0,0.0,load_estimation,lstm,,raw,mape,8.95040488214452,8.95040488214452,0.0,0.0,SUCCESS,42,lower_better,0.0,0.0","Baseline load forecasting test MAPE at dt=0s, seed 42"
14.7321,experiments/runs\E10_MULTI_SEED_ANALYSIS_20261002\aggregated_metrics.csv,224,CONSISTENT,"E5_DT1_PD05_SEED42,1,0.05,0.0534531963470319,1.0,load_estimation,persistence,,raw,mape,14.953406180024844,14.73210135971861,0.22130482030623","Baseline load forecasting test MAPE at dt=0s, seed 42"
8.9504,experiments/runs\E10_MULTI_SEED_ANALYSIS_20261002\aggregated_metrics.csv,232,CONSISTENT,"E5_DT1_PD05_SEED42,1,0.05,0.0534531963470319,1.0,load_estimation,lstm,,raw,mape,8.959365985897191,8.95040488214452,0.0089611037526715,0.0010","Baseline load forecasting test MAPE at dt=0s, seed 42"
8.95,experiments/runs\E10_MULTI_SEED_ANALYSIS_20261002\aggregated_metrics.csv,232,CONSISTENT,"E5_DT1_PD05_SEED42,1,0.05,0.0534531963470319,1.0,load_estimation,lstm,,raw,mape,8.959365985897191,8.95040488214452,0.0089611037526715,0.0010","Baseline load forecasting test MAPE at dt=0s, seed 42"
14.7321,experiments/runs\E10_MULTI_SEED_ANALYSIS_20261002\aggregated_metrics.csv,268,CONSISTENT,"E5_DT1_PD10_SEED42,1,0.1,0.1089326484018264,1.0,load_estimation,persistence,,raw,mape,15.22745767394809,14.73210135971861,0.495356314229479,","Baseline load forecasting test MAPE at dt=0s, seed 42"
8.9504,experiments/runs\E10_MULTI_SEED_ANALYSIS_20261002\aggregated_metrics.csv,276,CONSISTENT,"E5_DT1_PD10_SEED42,1,0.1,0.1089326484018264,1.0,load_estimation,lstm,,raw,mape,9.013588747109727,8.95040488214452,0.0631838649652074,0.00705","Baseline load forecasting test MAPE at dt=0s, seed 42"
8.95,experiments/runs\E10_MULTI_SEED_ANALYSIS_20261002\aggregated_metrics.csv,276,CONSISTENT,"E5_DT1_PD10_SEED42,1,0.1,0.1089326484018264,1.0,load_estimation,lstm,,raw,mape,9.013588747109727,8.95040488214452,0.0631838649652074,0.00705","Baseline load forecasting test MAPE at dt=0s, seed 42"
14.7321,experiments/runs\E10_MULTI_SEED_ANALYSIS_20261002\aggregated_metrics.csv,312,CONSISTENT,"E5_DT1_PD20_SEED42,1,0.2,0.2509132420091324,1.0,load_estimation,persistence,,raw,mape,15.806540790489112,14.73210135971861,1.074439430770502","Baseline load forecasting test MAPE at dt=0s, seed 42"
8.9504,experiments/runs\E10_MULTI_SEED_ANALYSIS_20261002\aggregated_metrics.csv,320,CONSISTENT,"E5_DT1_PD20_SEED42,1,0.2,0.2509132420091324,1.0,load_estimation,lstm,,raw,mape,9.171423424412827,8.95040488214452,0.2210185422683075,0.02469","Baseline load forecasting test MAPE at dt=0s, seed 42"
8.95,experiments/runs\E10_MULTI_SEED_ANALYSIS_20261002\aggregated_metrics.csv,320,CONSISTENT,"E5_DT1_PD20_SEED42,1,0.2,0.2509132420091324,1.0,load_estimation,lstm,,raw,mape,9.171423424412827,8.95040488214452,0.2210185422683075,0.02469","Baseline load forecasting test MAPE at dt=0s, seed 42"
14.7321,experiments/runs\E10_MULTI_SEED_ANALYSIS_20261002\aggregated_metrics.csv,356,CONSISTENT,"E5_DT5_PD00_SEED42,5,0.0,2.0,4.0,load_estimation,persistence,,raw,mape,25.12380949883275,14.73210135971861,10.391708139114138,0.705378539379","Baseline load forecasting test MAPE at dt=0s, seed 42"
8.9504,experiments/runs\E10_MULTI_SEED_ANALYSIS_20261002\aggregated_metrics.csv,364,CONSISTENT,"E5_DT5_PD00_SEED42,5,0.0,2.0,4.0,load_estimation,lstm,,raw,mape,15.260972937471529,8.95040488214452,6.310568055327009,0.7050595071867849,SUC","Baseline load forecasting test MAPE at dt=0s, seed 42"
8.95,experiments/runs\E10_MULTI_SEED_ANALYSIS_20261002\aggregated_metrics.csv,364,CONSISTENT,"E5_DT5_PD00_SEED42,5,0.0,2.0,4.0,load_estimation,lstm,,raw,mape,15.260972937471529,8.95040488214452,6.310568055327009,0.7050595071867849,SUC","Baseline load forecasting test MAPE at dt=0s, seed 42"
0.1085,experiments/runs\E10_MULTI_SEED_ANALYSIS_20261002\aggregated_metrics.csv,392,CONSISTENT,"E5_DT5_PD00_SEED42,5,0.0,2.0,4.0,anomaly_detection,lstm_autoencoder,lstm_autoencoder,residual,f1,0.1085167889704247,0.9779559118236472,-0.86","Anomaly detection F1 metrics across baseline, dt=5s, and AoI bins"
14.7321,experiments/runs\E10_MULTI_SEED_ANALYSIS_20261002\aggregated_metrics.csv,400,CONSISTENT,"E5_DT5_PD05_SEED42,5,0.05,2.031563926940639,4.0,load_estimation,persistence,,raw,mape,25.004624510816114,14.73210135971861,10.27252315109750","Baseline load forecasting test MAPE at dt=0s, seed 42"
8.9504,experiments/runs\E10_MULTI_SEED_ANALYSIS_20261002\aggregated_metrics.csv,408,CONSISTENT,"E5_DT5_PD05_SEED42,5,0.05,2.031563926940639,4.0,load_estimation,lstm,,raw,mape,15.180048337165452,8.95040488214452,6.229643455020932,0.69601","Baseline load forecasting test MAPE at dt=0s, seed 42"
8.95,experiments/runs\E10_MULTI_SEED_ANALYSIS_20261002\aggregated_metrics.csv,408,CONSISTENT,"E5_DT5_PD05_SEED42,5,0.05,2.031563926940639,4.0,load_estimation,lstm,,raw,mape,15.180048337165452,8.95040488214452,6.229643455020932,0.69601","Baseline load forecasting test MAPE at dt=0s, seed 42"
14.7321,experiments/runs\E10_MULTI_SEED_ANALYSIS_20261002\aggregated_metrics.csv,444,CONSISTENT,"E5_DT5_PD10_SEED42,5,0.1,2.066923515981735,4.0,load_estimation,persistence,,raw,mape,25.865999021124107,14.73210135971861,11.133897661405497","Baseline load forecasting test MAPE at dt=0s, seed 42"
8.9504,experiments/runs\E10_MULTI_SEED_ANALYSIS_20261002\aggregated_metrics.csv,452,CONSISTENT,"E5_DT5_PD10_SEED42,5,0.1,2.066923515981735,4.0,load_estimation,lstm,,raw,mape,15.824929166731552,8.95040488214452,6.874524284587032,0.768068","Baseline load forecasting test MAPE at dt=0s, seed 42"
8.95,experiments/runs\E10_MULTI_SEED_ANALYSIS_20261002\aggregated_metrics.csv,452,CONSISTENT,"E5_DT5_PD10_SEED42,5,0.1,2.066923515981735,4.0,load_estimation,lstm,,raw,mape,15.824929166731552,8.95040488214452,6.874524284587032,0.768068","Baseline load forecasting test MAPE at dt=0s, seed 42"
14.7321,experiments/runs\E10_MULTI_SEED_ANALYSIS_20261002\aggregated_metrics.csv,488,CONSISTENT,"E5_DT5_PD20_SEED42,5,0.2,2.1592465753424657,4.0,load_estimation,persistence,,raw,mape,25.93840522970121,14.73210135971861,11.2063038699826,0","Baseline load forecasting test MAPE at dt=0s, seed 42"
8.9504,experiments/runs\E10_MULTI_SEED_ANALYSIS_20261002\aggregated_metrics.csv,496,CONSISTENT,"E5_DT5_PD20_SEED42,5,0.2,2.1592465753424657,4.0,load_estimation,lstm,,raw,mape,16.063561543394936,8.95040488214452,7.113156661250416,0.79473","Baseline load forecasting test MAPE at dt=0s, seed 42"
8.95,experiments/runs\E10_MULTI_SEED_ANALYSIS_20261002\aggregated_metrics.csv,496,CONSISTENT,"E5_DT5_PD20_SEED42,5,0.2,2.1592465753424657,4.0,load_estimation,lstm,,raw,mape,16.063561543394936,8.95040488214452,7.113156661250416,0.79473","Baseline load forecasting test MAPE at dt=0s, seed 42"
14.7321,experiments/runs\E10_MULTI_SEED_ANALYSIS_20261002\aggregated_metrics.csv,532,CONSISTENT,"E5_DT15_PD00_SEED42,15,0.0,7.0,14.0,load_estimation,persistence,,raw,mape,56.34353474468816,14.73210135971861,41.61143338496955,2.8245416162","Baseline load forecasting test MAPE at dt=0s, seed 42"
8.9504,experiments/runs\E10_MULTI_SEED_ANALYSIS_20261002\aggregated_metrics.csv,540,CONSISTENT,"E5_DT15_PD00_SEED42,15,0.0,7.0,14.0,load_estimation,lstm,,raw,mape,41.78158731932534,8.95040488214452,32.83118243718082,3.668122601098964,SU","Baseline load forecasting test MAPE at dt=0s, seed 42"
8.95,experiments/runs\E10_MULTI_SEED_ANALYSIS_20261002\aggregated_metrics.csv,540,CONSISTENT,"E5_DT15_PD00_SEED42,15,0.0,7.0,14.0,load_estimation,lstm,,raw,mape,41.78158731932534,8.95040488214452,32.83118243718082,3.668122601098964,SU","Baseline load forecasting test MAPE at dt=0s, seed 42"
14.7321,experiments/runs\E10_MULTI_SEED_ANALYSIS_20261002\aggregated_metrics.csv,576,CONSISTENT,"E5_DT15_PD05_SEED42,15,0.05,7.026369863013699,14.0,load_estimation,persistence,,raw,mape,58.87377257436558,14.73210135971861,44.141671214646","Baseline load forecasting test MAPE at dt=0s, seed 42"
8.9504,experiments/runs\E10_MULTI_SEED_ANALYSIS_20261002\aggregated_metrics.csv,584,CONSISTENT,"E5_DT15_PD05_SEED42,15,0.05,7.026369863013699,14.0,load_estimation,lstm,,raw,mape,43.29800891131623,8.95040488214452,34.34760402917171,3.837","Baseline load forecasting test MAPE at dt=0s, seed 42"
8.95,experiments/runs\E10_MULTI_SEED_ANALYSIS_20261002\aggregated_metrics.csv,584,CONSISTENT,"E5_DT15_PD05_SEED42,15,0.05,7.026369863013699,14.0,load_estimation,lstm,,raw,mape,43.29800891131623,8.95040488214452,34.34760402917171,3.837","Baseline load forecasting test MAPE at dt=0s, seed 42"
14.7321,experiments/runs\E10_MULTI_SEED_ANALYSIS_20261002\aggregated_metrics.csv,620,CONSISTENT,"E5_DT15_PD10_SEED42,15,0.1,7.058533105022831,14.0,load_estimation,persistence,,raw,mape,56.48856492914949,14.73210135971861,41.7564635694308","Baseline load forecasting test MAPE at dt=0s, seed 42"
8.9504,experiments/runs\E10_MULTI_SEED_ANALYSIS_20261002\aggregated_metrics.csv,628,CONSISTENT,"E5_DT15_PD10_SEED42,15,0.1,7.058533105022831,14.0,load_estimation,lstm,,raw,mape,42.66467023259599,8.95040488214452,33.71426535045147,3.7667","Baseline load forecasting test MAPE at dt=0s, seed 42"
8.95,experiments/runs\E10_MULTI_SEED_ANALYSIS_20261002\aggregated_metrics.csv,628,CONSISTENT,"E5_DT15_PD10_SEED42,15,0.1,7.058533105022831,14.0,load_estimation,lstm,,raw,mape,42.66467023259599,8.95040488214452,33.71426535045147,3.7667","Baseline load forecasting test MAPE at dt=0s, seed 42"
14.7321,experiments/runs\E10_MULTI_SEED_ANALYSIS_20261002\aggregated_metrics.csv,664,CONSISTENT,"E5_DT15_PD20_SEED42,15,0.2,7.138498858447488,14.0,load_estimation,persistence,,raw,mape,59.03404919488207,14.73210135971861,44.3019478351634","Baseline load forecasting test MAPE at dt=0s, seed 42"
8.9504,experiments/runs\E10_MULTI_SEED_ANALYSIS_20261002\aggregated_metrics.csv,672,CONSISTENT,"E5_DT15_PD20_SEED42,15,0.2,7.138498858447488,14.0,load_estimation,lstm,,raw,mape,44.2613627090222,8.95040488214452,35.31095782687768,3.94517","Baseline load forecasting test MAPE at dt=0s, seed 42"
8.95,experiments/runs\E10_MULTI_SEED_ANALYSIS_20261002\aggregated_metrics.csv,672,CONSISTENT,"E5_DT15_PD20_SEED42,15,0.2,7.138498858447488,14.0,load_estimation,lstm,,raw,mape,44.2613627090222,8.95040488214452,35.31095782687768,3.94517","Baseline load forecasting test MAPE at dt=0s, seed 42"
14.7321,experiments/runs\E10_MULTI_SEED_ANALYSIS_20261002\aggregated_metrics.csv,708,CONSISTENT,"E5_DT60_PD00_SEED42,60,0.0,29.5,56.049999999995634,load_estimation,persistence,,raw,mape,83.5484386233321,14.73210135971861,68.8163372636134","Baseline load forecasting test MAPE at dt=0s, seed 42"
8.9504,experiments/runs\E10_MULTI_SEED_ANALYSIS_20261002\aggregated_metrics.csv,716,CONSISTENT,"E5_DT60_PD00_SEED42,60,0.0,29.5,56.049999999995634,load_estimation,lstm,,raw,mape,61.327191212551945,8.95040488214452,52.37678633040743,5.85","Baseline load forecasting test MAPE at dt=0s, seed 42"
8.95,experiments/runs\E10_MULTI_SEED_ANALYSIS_20261002\aggregated_metrics.csv,716,CONSISTENT,"E5_DT60_PD00_SEED42,60,0.0,29.5,56.049999999995634,load_estimation,lstm,,raw,mape,61.327191212551945,8.95040488214452,52.37678633040743,5.85","Baseline load forecasting test MAPE at dt=0s, seed 42"
14.7321,experiments/runs\E10_MULTI_SEED_ANALYSIS_20261002\aggregated_metrics.csv,752,CONSISTENT,"E5_DT60_PD05_SEED42,60,0.05,29.51081621004566,57.0,load_estimation,persistence,,raw,mape,83.36288336429833,14.73210135971861,68.630782004579","Baseline load forecasting test MAPE at dt=0s, seed 42"
8.9504,experiments/runs\E10_MULTI_SEED_ANALYSIS_20261002\aggregated_metrics.csv,760,CONSISTENT,"E5_DT60_PD05_SEED42,60,0.05,29.51081621004566,57.0,load_estimation,lstm,,raw,mape,60.113276753312896,8.95040488214452,51.16287187116838,5.71","Baseline load forecasting test MAPE at dt=0s, seed 42"
8.95,experiments/runs\E10_MULTI_SEED_ANALYSIS_20261002\aggregated_metrics.csv,760,CONSISTENT,"E5_DT60_PD05_SEED42,60,0.05,29.51081621004566,57.0,load_estimation,lstm,,raw,mape,60.113276753312896,8.95040488214452,51.16287187116838,5.71","Baseline load forecasting test MAPE at dt=0s, seed 42"
14.7321,experiments/runs\E10_MULTI_SEED_ANALYSIS_20261002\aggregated_metrics.csv,796,CONSISTENT,"E5_DT60_PD10_SEED42,60,0.1,29.55236872146119,57.0,load_estimation,persistence,,raw,mape,83.31273650298479,14.73210135971861,68.5806351432661","Baseline load forecasting test MAPE at dt=0s, seed 42"
8.9504,experiments/runs\E10_MULTI_SEED_ANALYSIS_20261002\aggregated_metrics.csv,804,CONSISTENT,"E5_DT60_PD10_SEED42,60,0.1,29.55236872146119,57.0,load_estimation,lstm,,raw,mape,58.62408928672285,8.95040488214452,49.67368440457833,5.5498","Baseline load forecasting test MAPE at dt=0s, seed 42"
8.95,experiments/runs\E10_MULTI_SEED_ANALYSIS_20261002\aggregated_metrics.csv,804,CONSISTENT,"E5_DT60_PD10_SEED42,60,0.1,29.55236872146119,57.0,load_estimation,lstm,,raw,mape,58.62408928672285,8.95040488214452,49.67368440457833,5.5498","Baseline load forecasting test MAPE at dt=0s, seed 42"
0.978,experiments/runs\E10_MULTI_SEED_ANALYSIS_20261002\aggregated_metrics.csv,805,CONSISTENT,"E5_DT60_PD10_SEED42,60,0.1,29.55236872146119,57.0,load_estimation,lstm,,raw,r2,0.0210526086184624,0.9670456810550092,-0.9459930724365468,-0.","Anomaly detection F1 metrics across baseline, dt=5s, and AoI bins"
14.7321,experiments/runs\E10_MULTI_SEED_ANALYSIS_20261002\aggregated_metrics.csv,840,CONSISTENT,"E5_DT60_PD20_SEED42,60,0.2,29.63301940639269,57.0,load_estimation,persistence,,raw,mape,81.88915365005585,14.73210135971861,67.1570522903372","Baseline load forecasting test MAPE at dt=0s, seed 42"
8.9504,experiments/runs\E10_MULTI_SEED_ANALYSIS_20261002\aggregated_metrics.csv,848,CONSISTENT,"E5_DT60_PD20_SEED42,60,0.2,29.63301940639269,57.0,load_estimation,lstm,,raw,mape,60.10556436273332,8.95040488214452,51.1551594805888,5.71540","Baseline load forecasting test MAPE at dt=0s, seed 42"
8.95,experiments/runs\E10_MULTI_SEED_ANALYSIS_20261002\aggregated_metrics.csv,848,CONSISTENT,"E5_DT60_PD20_SEED42,60,0.2,29.63301940639269,57.0,load_estimation,lstm,,raw,mape,60.10556436273332,8.95040488214452,51.1551594805888,5.71540","Baseline load forecasting test MAPE at dt=0s, seed 42"
14.7321,experiments/runs\E10_MULTI_SEED_ANALYSIS_20261002\aggregated_metrics.csv,884,CONSISTENT,"E5_DT300_PD00_SEED42,300,0.0,149.2945205479452,284.0,load_estimation,persistence,,raw,mape,81.12563902637784,14.73210135971861,66.3935376666","Baseline load forecasting test MAPE at dt=0s, seed 42"
8.9504,experiments/runs\E10_MULTI_SEED_ANALYSIS_20261002\aggregated_metrics.csv,892,CONSISTENT,"E5_DT300_PD00_SEED42,300,0.0,149.2945205479452,284.0,load_estimation,lstm,,raw,mape,62.29242940740781,8.95040488214452,53.34202452526329,5.9","Baseline load forecasting test MAPE at dt=0s, seed 42"
8.95,experiments/runs\E10_MULTI_SEED_ANALYSIS_20261002\aggregated_metrics.csv,892,CONSISTENT,"E5_DT300_PD00_SEED42,300,0.0,149.2945205479452,284.0,load_estimation,lstm,,raw,mape,62.29242940740781,8.95040488214452,53.34202452526329,5.9","Baseline load forecasting test MAPE at dt=0s, seed 42"
62.29,experiments/runs\E10_MULTI_SEED_ANALYSIS_20261002\aggregated_metrics.csv,892,CONSISTENT,"E5_DT300_PD00_SEED42,300,0.0,149.2945205479452,284.0,load_estimation,lstm,,raw,mape,62.29242940740781,8.95040488214452,53.34202452526329,5.9",
14.7321,experiments/runs\E10_MULTI_SEED_ANALYSIS_20261002\aggregated_metrics.csv,928,CONSISTENT,"E5_DT300_PD05_SEED42,300,0.05,149.30165525114154,284.0,load_estimation,persistence,,raw,mape,79.22532657950369,14.73210135971861,64.49322521","Baseline load forecasting test MAPE at dt=0s, seed 42"
8.9504,experiments/runs\E10_MULTI_SEED_ANALYSIS_20261002\aggregated_metrics.csv,936,CONSISTENT,"E5_DT300_PD05_SEED42,300,0.05,149.30165525114154,284.0,load_estimation,lstm,,raw,mape,60.02009311561609,8.95040488214452,51.06968823347157,5","Baseline load forecasting test MAPE at dt=0s, seed 42"
8.95,experiments/runs\E10_MULTI_SEED_ANALYSIS_20261002\aggregated_metrics.csv,936,CONSISTENT,"E5_DT300_PD05_SEED42,300,0.05,149.30165525114154,284.0,load_estimation,lstm,,raw,mape,60.02009311561609,8.95040488214452,51.06968823347157,5","Baseline load forecasting test MAPE at dt=0s, seed 42"
14.7321,experiments/runs\E10_MULTI_SEED_ANALYSIS_20261002\aggregated_metrics.csv,972,CONSISTENT,"E5_DT300_PD10_SEED42,300,0.1,149.31732305936072,284.04999999999563,load_estimation,persistence,,raw,mape,82.38192373039603,14.73210135971861","Baseline load forecasting test MAPE at dt=0s, seed 42"
8.9504,experiments/runs\E10_MULTI_SEED_ANALYSIS_20261002\aggregated_metrics.csv,980,CONSISTENT,"E5_DT300_PD10_SEED42,300,0.1,149.31732305936072,284.04999999999563,load_estimation,lstm,,raw,mape,59.83106743972931,8.95040488214452,50.8806","Baseline load forecasting test MAPE at dt=0s, seed 42"
8.95,experiments/runs\E10_MULTI_SEED_ANALYSIS_20261002\aggregated_metrics.csv,980,CONSISTENT,"E5_DT300_PD10_SEED42,300,0.1,149.31732305936072,284.04999999999563,load_estimation,lstm,,raw,mape,59.83106743972931,8.95040488214452,50.8806","Baseline load forecasting test MAPE at dt=0s, seed 42"
14.7321,experiments/runs\E10_MULTI_SEED_ANALYSIS_20261002\aggregated_metrics.csv,1016,CONSISTENT,"E5_DT300_PD20_SEED42,300,0.2,149.3620719178082,285.0,load_estimation,persistence,,raw,mape,85.44861354939036,14.73210135971861,70.7165121896","Baseline load forecasting test MAPE at dt=0s, seed 42"
8.9504,experiments/runs\E10_MULTI_SEED_ANALYSIS_20261002\aggregated_metrics.csv,1024,CONSISTENT,"E5_DT300_PD20_SEED42,300,0.2,149.3620719178082,285.0,load_estimation,lstm,,raw,mape,59.52588344855144,8.95040488214452,50.57547856640692,5.6","Baseline load forecasting test MAPE at dt=0s, seed 42"
8.95,experiments/runs\E10_MULTI_SEED_ANALYSIS_20261002\aggregated_metrics.csv,1024,CONSISTENT,"E5_DT300_PD20_SEED42,300,0.2,149.3620719178082,285.0,load_estimation,lstm,,raw,mape,59.52588344855144,8.95040488214452,50.57547856640692,5.6","Baseline load forecasting test MAPE at dt=0s, seed 42"
0.1085,experiments/runs\E10_MULTI_SEED_ANALYSIS_20261002\aggregated_metrics.csv,1190,CONSISTENT,"E5_DT0_PD20_SEED123,0,0.2,0.2484874429223744,1.0,load_estimation,persistence,,raw,mae,0.4859828768210142,0.4383777854014386,0.04760509141957","Anomaly detection F1 metrics across baseline, dt=5s, and AoI bins"
0.1085,experiments/runs\E10_MULTI_SEED_ANALYSIS_20261002\aggregated_metrics.csv,1366,CONSISTENT,"E5_DT1_PD20_SEED123,1,0.2,0.2484874429223744,1.0,load_estimation,persistence,,raw,mae,0.4859828768210142,0.4383777854014386,0.04760509141957","Anomaly detection F1 metrics across baseline, dt=5s, and AoI bins"
0.186,experiments/runs\E10_MULTI_SEED_ANALYSIS_20261002\aggregated_metrics.csv,1935,CONSISTENT,"E5_DT60_PD20_SEED123,60,0.2,29.608561643835618,57.0,anomaly_detection,lstm_autoencoder,lstm_autoencoder,residual,roc_auc,0.6086511225517774,",
0.1085,experiments/runs\E10_MULTI_SEED_ANALYSIS_20261002\aggregated_metrics.csv,2506,CONSISTENT,"E5_DT5_PD00_SEED456,5,0.0,2.0,4.0,anomaly_detection,lstm_autoencoder,lstm_autoencoder,residual,pr_auc,0.1085084346012759,0.1306032392197611,","Anomaly detection F1 metrics across baseline, dt=5s, and AoI bins"
0.1085,experiments/runs\E10_MULTI_SEED_ANALYSIS_20261002\aggregated_metrics.csv,2815,CONSISTENT,"E5_DT15_PD20_SEED456,15,0.2,7.123944063926941,14.0,anomaly_detection,lstm_autoencoder,lstm_autoencoder,residual,roc_auc,0.6343153480826345,0","Anomaly detection F1 metrics across baseline, dt=5s, and AoI bins"
8.95,experiments/runs\E10_MULTI_SEED_ANALYSIS_20261002\aggregated_metrics.csv,3180,CONSISTENT,"E5_DT0_PD00_SEED789,0,0.0,0.0,0.0,load_estimation,lstm,,raw,mape,8.950627129882083,8.950627129882083,0.0,0.0,SUCCESS,789,lower_better,0.0,0.","Baseline load forecasting test MAPE at dt=0s, seed 42"
8.95,experiments/runs\E10_MULTI_SEED_ANALYSIS_20261002\aggregated_metrics.csv,3224,CONSISTENT,"E5_DT0_PD05_SEED789,0,0.05,0.0539098173515981,1.0,load_estimation,lstm,,raw,mape,8.958513201881122,8.950627129882083,0.0078860719990387,0.00","Baseline load forecasting test MAPE at dt=0s, seed 42"
8.95,experiments/runs\E10_MULTI_SEED_ANALYSIS_20261002\aggregated_metrics.csv,3268,CONSISTENT,"E5_DT0_PD10_SEED789,0,0.1,0.114783105022831,1.0,load_estimation,lstm,,raw,mape,8.950990848493975,8.950627129882083,0.0003637186118918,4.0636","Baseline load forecasting test MAPE at dt=0s, seed 42"
8.95,experiments/runs\E10_MULTI_SEED_ANALYSIS_20261002\aggregated_metrics.csv,3312,CONSISTENT,"E5_DT0_PD20_SEED789,0,0.2,0.2471746575342465,1.0,load_estimation,lstm,,raw,mape,9.048865167179498,8.950627129882083,0.0982380372974152,0.010","Baseline load forecasting test MAPE at dt=0s, seed 42"
8.95,experiments/runs\E10_MULTI_SEED_ANALYSIS_20261002\aggregated_metrics.csv,3356,CONSISTENT,"E5_DT1_PD00_SEED789,1,0.0,0.0,0.0,load_estimation,lstm,,raw,mape,8.950627129882083,8.950627129882083,0.0,0.0,SUCCESS,789,lower_better,0.0,0.","Baseline load forecasting test MAPE at dt=0s, seed 42"
8.95,experiments/runs\E10_MULTI_SEED_ANALYSIS_20261002\aggregated_metrics.csv,3400,CONSISTENT,"E5_DT1_PD05_SEED789,1,0.05,0.0539098173515981,1.0,load_estimation,lstm,,raw,mape,8.958513201881122,8.950627129882083,0.0078860719990387,0.00","Baseline load forecasting test MAPE at dt=0s, seed 42"
8.95,experiments/runs\E10_MULTI_SEED_ANALYSIS_20261002\aggregated_metrics.csv,3444,CONSISTENT,"E5_DT1_PD10_SEED789,1,0.1,0.114783105022831,1.0,load_estimation,lstm,,raw,mape,8.950990848493975,8.950627129882083,0.0003637186118918,4.0636","Baseline load forecasting test MAPE at dt=0s, seed 42"
8.95,experiments/runs\E10_MULTI_SEED_ANALYSIS_20261002\aggregated_metrics.csv,3488,CONSISTENT,"E5_DT1_PD20_SEED789,1,0.2,0.2471746575342465,1.0,load_estimation,lstm,,raw,mape,9.048865167179498,8.950627129882083,0.0982380372974152,0.010","Baseline load forecasting test MAPE at dt=0s, seed 42"
8.95,experiments/runs\E10_MULTI_SEED_ANALYSIS_20261002\aggregated_metrics.csv,3532,CONSISTENT,"E5_DT5_PD00_SEED789,5,0.0,2.0,4.0,load_estimation,lstm,,raw,mape,15.211325529490512,8.950627129882083,6.2606983996084296,0.6994703621053321,","Baseline load forecasting test MAPE at dt=0s, seed 42"
8.95,experiments/runs\E10_MULTI_SEED_ANALYSIS_20261002\aggregated_metrics.csv,3576,CONSISTENT,"E5_DT5_PD05_SEED789,5,0.05,2.033961187214612,4.0,load_estimation,lstm,,raw,mape,15.083951673878898,8.950627129882083,6.133324543996816,0.685","Baseline load forecasting test MAPE at dt=0s, seed 42"
8.95,experiments/runs\E10_MULTI_SEED_ANALYSIS_20261002\aggregated_metrics.csv,3620,CONSISTENT,"E5_DT5_PD10_SEED789,5,0.1,2.072631278538813,4.0,load_estimation,lstm,,raw,mape,15.34923777181389,8.950627129882083,6.398610641931807,0.71487","Baseline load forecasting test MAPE at dt=0s, seed 42"
8.95,experiments/runs\E10_MULTI_SEED_ANALYSIS_20261002\aggregated_metrics.csv,3664,CONSISTENT,"E5_DT5_PD20_SEED789,5,0.2,2.155736301369863,4.0,load_estimation,lstm,,raw,mape,15.932364468723495,8.950627129882083,6.981737338841413,0.7800","Baseline load forecasting test MAPE at dt=0s, seed 42"
8.95,experiments/runs\E10_MULTI_SEED_ANALYSIS_20261002\aggregated_metrics.csv,3708,CONSISTENT,"E5_DT15_PD00_SEED789,15,0.0,7.0,14.0,load_estimation,lstm,,raw,mape,44.29265147842308,8.950627129882083,35.342024348541,3.948552859558859,SU","Baseline load forecasting test MAPE at dt=0s, seed 42"
0.1085,experiments/runs\E10_MULTI_SEED_ANALYSIS_20261002\aggregated_metrics.csv,3738,CONSISTENT,"E5_DT15_PD00_SEED789,15,0.0,7.0,14.0,anomaly_detection,lstm_autoencoder,lstm_autoencoder,residual,pr_auc,0.1085081534200011,0.12341932050043","Anomaly detection F1 metrics across baseline, dt=5s, and AoI bins"
8.95,experiments/runs\E10_MULTI_SEED_ANALYSIS_20261002\aggregated_metrics.csv,3752,CONSISTENT,"E5_DT15_PD05_SEED789,15,0.05,7.028025114155251,14.0,load_estimation,lstm,,raw,mape,44.553023984187,8.950627129882083,35.602396854304914,3.97","Baseline load forecasting test MAPE at dt=0s, seed 42"
8.95,experiments/runs\E10_MULTI_SEED_ANALYSIS_20261002\aggregated_metrics.csv,3796,CONSISTENT,"E5_DT15_PD10_SEED789,15,0.1,7.0625,14.0,load_estimation,lstm,,raw,mape,45.268710849279245,8.950627129882083,36.318083719397166,4.05760213137","Baseline load forecasting test MAPE at dt=0s, seed 42"
8.95,experiments/runs\E10_MULTI_SEED_ANALYSIS_20261002\aggregated_metrics.csv,3840,CONSISTENT,"E5_DT15_PD20_SEED789,15,0.2,7.1341324200913245,14.0,load_estimation,lstm,,raw,mape,44.37875746429316,8.950627129882083,35.42813033441108,3.9","Baseline load forecasting test MAPE at dt=0s, seed 42"
8.95,experiments/runs\E10_MULTI_SEED_ANALYSIS_20261002\aggregated_metrics.csv,3884,CONSISTENT,"E5_DT60_PD00_SEED789,60,0.0,29.5,56.049999999995634,load_estimation,lstm,,raw,mape,56.348013770897545,8.950627129882083,47.39738664101546,5.","Baseline load forecasting test MAPE at dt=0s, seed 42"
8.95,experiments/runs\E10_MULTI_SEED_ANALYSIS_20261002\aggregated_metrics.csv,3928,CONSISTENT,"E5_DT60_PD05_SEED789,60,0.05,29.519206621004567,57.0,load_estimation,lstm,,raw,mape,55.08430561060605,8.950627129882083,46.13367848072397,5.","Baseline load forecasting test MAPE at dt=0s, seed 42"
8.95,experiments/runs\E10_MULTI_SEED_ANALYSIS_20261002\aggregated_metrics.csv,3972,CONSISTENT,"E5_DT60_PD10_SEED789,60,0.1,29.558761415525115,57.0,load_estimation,lstm,,raw,mape,54.04612892460412,8.950627129882083,45.09550179472204,5.0","Baseline load forecasting test MAPE at dt=0s, seed 42"
8.95,experiments/runs\E10_MULTI_SEED_ANALYSIS_20261002\aggregated_metrics.csv,4016,CONSISTENT,"E5_DT60_PD20_SEED789,60,0.2,29.62985159817352,57.0,load_estimation,lstm,,raw,mape,54.16944821884439,8.950627129882083,45.2188210889623,5.052","Baseline load forecasting test MAPE at dt=0s, seed 42"
8.95,experiments/runs\E10_MULTI_SEED_ANALYSIS_20261002\aggregated_metrics.csv,4060,CONSISTENT,"E5_DT300_PD00_SEED789,300,0.0,149.2945205479452,284.0,load_estimation,lstm,,raw,mape,55.15705794786649,8.950627129882083,46.20643081798441,5","Baseline load forecasting test MAPE at dt=0s, seed 42"
8.95,experiments/runs\E10_MULTI_SEED_ANALYSIS_20261002\aggregated_metrics.csv,4104,CONSISTENT,"E5_DT300_PD05_SEED789,300,0.05,149.30927511415524,284.0,load_estimation,lstm,,raw,mape,56.08515100795698,8.950627129882083,47.1345238780749,","Baseline load forecasting test MAPE at dt=0s, seed 42"
8.95,experiments/runs\E10_MULTI_SEED_ANALYSIS_20261002\aggregated_metrics.csv,4148,CONSISTENT,"E5_DT300_PD10_SEED789,300,0.1,149.32625570776256,285.0,load_estimation,lstm,,raw,mape,56.48685344047493,8.950627129882083,47.53622631059284,","Baseline load forecasting test MAPE at dt=0s, seed 42"
8.95,experiments/runs\E10_MULTI_SEED_ANALYSIS_20261002\aggregated_metrics.csv,4192,CONSISTENT,"E5_DT300_PD20_SEED789,300,0.2,149.3668093607306,285.0,load_estimation,lstm,,raw,mape,54.18067425088218,8.950627129882083,45.2300471210001,5.","Baseline load forecasting test MAPE at dt=0s, seed 42"
0.1085,experiments/runs\E10_MULTI_SEED_ANALYSIS_20261002\aggregated_metrics.csv,4937,CONSISTENT,"E5_DT60_PD00_SEED101112,60,0.0,29.5,56.049999999995634,load_estimation,xgboost,,raw,r2,-0.1085650773029776,0.9693218282677428,-1.07788690557","Anomaly detection F1 metrics across baseline, dt=5s, and AoI bins"
0.186,experiments/runs\E10_MULTI_SEED_ANALYSIS_20261002\aggregated_metrics.csv,5175,CONSISTENT,"E5_DT300_PD05_SEED101112,300,0.05,149.30539383561643,284.0,anomaly_detection,isolation_forest,isolation_forest,residual,roc_auc,0.5056475115",
0.5752,experiments/runs\E10_MULTI_SEED_ANALYSIS_20261002\aggregated_metrics.csv,5235,CONSISTENT,"E5_DT300_PD10_SEED101112,300,0.1,149.31124429223743,284.0,anomaly_detection,lstm_autoencoder,lstm_autoencoder,residual,roc_auc,0.57528897858","Anomaly detection F1 metrics across baseline, dt=5s, and AoI bins"
0.186,experiments/runs\E10_MULTI_SEED_ANALYSIS_20261002\condition_statistics.csv,16,CONSISTENT,"0,0.0,anomaly_detection,isolation_forest,residual,roc_auc,5,0.7501365575078827,0.6877706618868814,0.13970387261091521,0.019517172022486828,0",
8.95,experiments/runs\E10_MULTI_SEED_ANALYSIS_20261002\condition_statistics.csv,35,CONSISTENT,"0,0.0,load_estimation,lstm,raw,mape,5,8.970306625672242,8.950627129882083,0.0911558881125032,0.008309395937579204,8.868861318649634,9.118982","Baseline load forecasting test MAPE at dt=0s, seed 42"
14.7321,experiments/runs\E10_MULTI_SEED_ANALYSIS_20261002\condition_statistics.csv,39,CONSISTENT,"0,0.0,load_estimation,persistence,raw,mape,5,14.067555923930007,14.12149407205246,0.5370096105136738,0.28837932178404757,13.286006475148488,","Baseline load forecasting test MAPE at dt=0s, seed 42"
8.95,experiments/runs\E10_MULTI_SEED_ANALYSIS_20261002\condition_statistics.csv,79,CONSISTENT,"0,0.05,load_estimation,lstm,raw,mape,5,9.001818912346518,8.959365985897191,0.1209595279454286,0.01463120740078092,8.887366841945836,9.206101","Baseline load forecasting test MAPE at dt=0s, seed 42"
0.186,experiments/runs\E10_MULTI_SEED_ANALYSIS_20261002\condition_statistics.csv,192,CONSISTENT,"1,0.0,anomaly_detection,isolation_forest,residual,roc_auc,5,0.7501365575078827,0.6877706618868814,0.13970387261091521,0.019517172022486828,0",
8.95,experiments/runs\E10_MULTI_SEED_ANALYSIS_20261002\condition_statistics.csv,211,CONSISTENT,"1,0.0,load_estimation,lstm,raw,mape,5,8.970306625672242,8.950627129882083,0.0911558881125032,0.008309395937579204,8.868861318649634,9.118982","Baseline load forecasting test MAPE at dt=0s, seed 42"
14.7321,experiments/runs\E10_MULTI_SEED_ANALYSIS_20261002\condition_statistics.csv,215,CONSISTENT,"1,0.0,load_estimation,persistence,raw,mape,5,14.067555923930007,14.12149407205246,0.5370096105136738,0.28837932178404757,13.286006475148488,","Baseline load forecasting test MAPE at dt=0s, seed 42"
8.95,experiments/runs\E10_MULTI_SEED_ANALYSIS_20261002\condition_statistics.csv,255,CONSISTENT,"1,0.05,load_estimation,lstm,raw,mape,5,9.001818912346518,8.959365985897191,0.1209595279454286,0.01463120740078092,8.887366841945836,9.206101","Baseline load forecasting test MAPE at dt=0s, seed 42"
0.1085,experiments/runs\E10_MULTI_SEED_ANALYSIS_20261002\condition_statistics.csv,379,CONSISTENT,"5,0.0,anomaly_detection,lstm_autoencoder,residual,f1,5,0.0926851759759031,0.0887272727272727,0.008850140712304827,7.832499062759541e-05,0.08","Anomaly detection F1 metrics across baseline, dt=5s, and AoI bins"
0.1085,experiments/runs\E10_MULTI_SEED_ANALYSIS_20261002\condition_statistics.csv,381,CONSISTENT,"5,0.0,anomaly_detection,lstm_autoencoder,residual,pr_auc,5,0.12260028049640911,0.1244056932190602,0.008088970266526945,6.543143997275702e-05","Anomaly detection F1 metrics across baseline, dt=5s, and AoI bins"
0.186,experiments/runs\E10_MULTI_SEED_ANALYSIS_20261002\condition_statistics.csv,556,CONSISTENT,"15,0.0,anomaly_detection,lstm_autoencoder,residual,false_positive_rate,5,0.98683160415004,1.0,0.029445428275136857,0.0008670332463062291,0.9",
0.186,experiments/runs\E10_MULTI_SEED_ANALYSIS_20261002\condition_statistics.csv,600,CONSISTENT,"15,0.05,anomaly_detection,lstm_autoencoder,residual,false_positive_rate,5,0.9867517956903431,1.0,0.029623885416198346,0.000877574587152049,0",
0.186,experiments/runs\E10_MULTI_SEED_ANALYSIS_20261002\condition_statistics.csv,644,CONSISTENT,"15,0.1,anomaly_detection,lstm_autoencoder,residual,false_positive_rate,5,0.9868715083798882,1.0,0.02935619970460624,0.0008617864610967235,0.",
67284,experiments/runs\E10_MULTI_SEED_ANALYSIS_20261002\condition_statistics.csv,658,CONSISTENT,"15,0.1,load_estimation,xgboost,raw,mae,5,1.417183468711975,1.4204962215693937,0.018202007064672846,0.0003313130611824002,1.3864868881359491,",Active transient timesteps audited across Phase 11
0.186,experiments/runs\E10_MULTI_SEED_ANALYSIS_20261002\condition_statistics.csv,688,CONSISTENT,"15,0.2,anomaly_detection,lstm_autoencoder,residual,false_positive_rate,5,0.98707102952913,1.0,0.0289100568519526,0.0008357913871831314,0.935",
0.186,experiments/runs\E10_MULTI_SEED_ANALYSIS_20261002\condition_statistics.csv,852,CONSISTENT,"60,0.2,anomaly_detection,isolation_forest,residual,roc_auc,5,0.5264593663731635,0.558619558960135,0.05658699120468701,0.003202087573599325,0",
0.186,experiments/runs\E10_MULTI_SEED_ANALYSIS_20261002\condition_statistics.csv,872,CONSISTENT,"60,0.2,load_estimation,lstm,raw,r2,5,0.0435836504742804,0.0036068609047072,0.0755743630357625,0.005711484348261226,-0.0264560796888031,0.160",
62.29,experiments/runs\E10_MULTI_SEED_ANALYSIS_20261002\condition_statistics.csv,915,CONSISTENT,"300,0.0,load_estimation,lstm,raw,mape,5,62.163281833742644,62.29242940740781,6.111722287495503,37.35314931946927,55.15705794786649,69.319330",
0.5752,experiments/runs\E10_MULTI_SEED_ANALYSIS_20261002\condition_statistics.csv,1000,CONSISTENT,"300,0.1,anomaly_detection,lstm_autoencoder,residual,roc_auc,5,0.5769566155979747,0.5752889785825495,0.01625225854861429,0.000264135907931006","Anomaly detection F1 metrics across baseline, dt=5s, and AoI bins"
0.186,experiments/runs\E10_MULTI_SEED_ANALYSIS_20261002\condition_statistics.csv,1012,CONSISTENT,"300,0.1,load_estimation,xgboost,raw,r2,5,-0.1866447358353006,-0.1986632368838985,0.024430374695266415,0.0005968432077511136,-0.2055516882820",
0.186,experiments/runs\E10_MULTI_SEED_ANALYSIS_20261002\robustness_summary.csv,16,CONSISTENT,"roc_auc,0,0.0,anomaly_detection,isolation_forest,residual,0.7501365575078827,0.6877706618868814,0.13970387261091521,0.18623792056614594,0.68",
8.95,experiments/runs\E10_MULTI_SEED_ANALYSIS_20261002\robustness_summary.csv,35,CONSISTENT,"mape,0,0.0,load_estimation,lstm,raw,8.970306625672242,8.950627129882083,0.0911558881125032,0.010161958996097517,8.868861318649634,9.11898263","Baseline load forecasting test MAPE at dt=0s, seed 42"
14.7321,experiments/runs\E10_MULTI_SEED_ANALYSIS_20261002\robustness_summary.csv,39,CONSISTENT,"mape,0,0.0,load_estimation,persistence,raw,14.067555923930007,14.12149407205246,0.5370096105136738,0.03817362542701385,13.286006475148488,14","Baseline load forecasting test MAPE at dt=0s, seed 42"
8.95,experiments/runs\E10_MULTI_SEED_ANALYSIS_20261002\robustness_summary.csv,79,CONSISTENT,"mape,0,0.05,load_estimation,lstm,raw,9.001818912346518,8.959365985897191,0.1209595279454286,0.013437231866498176,8.887366841945836,9.2061014","Baseline load forecasting test MAPE at dt=0s, seed 42"
0.186,experiments/runs\E10_MULTI_SEED_ANALYSIS_20261002\robustness_summary.csv,192,CONSISTENT,"roc_auc,1,0.0,anomaly_detection,isolation_forest,residual,0.7501365575078827,0.6877706618868814,0.13970387261091521,0.18623792056614594,0.68",
8.95,experiments/runs\E10_MULTI_SEED_ANALYSIS_20261002\robustness_summary.csv,211,CONSISTENT,"mape,1,0.0,load_estimation,lstm,raw,8.970306625672242,8.950627129882083,0.0911558881125032,0.010161958996097517,8.868861318649634,9.11898263","Baseline load forecasting test MAPE at dt=0s, seed 42"
14.7321,experiments/runs\E10_MULTI_SEED_ANALYSIS_20261002\robustness_summary.csv,215,CONSISTENT,"mape,1,0.0,load_estimation,persistence,raw,14.067555923930007,14.12149407205246,0.5370096105136738,0.03817362542701385,13.286006475148488,14","Baseline load forecasting test MAPE at dt=0s, seed 42"
8.95,experiments/runs\E10_MULTI_SEED_ANALYSIS_20261002\robustness_summary.csv,255,CONSISTENT,"mape,1,0.05,load_estimation,lstm,raw,9.001818912346518,8.959365985897191,0.1209595279454286,0.013437231866498176,8.887366841945836,9.2061014","Baseline load forecasting test MAPE at dt=0s, seed 42"
0.1085,experiments/runs\E10_MULTI_SEED_ANALYSIS_20261002\robustness_summary.csv,379,CONSISTENT,"f1,5,0.0,anomaly_detection,lstm_autoencoder,residual,0.0926851759759031,0.0887272727272727,0.008850140712304827,0.09548604314681071,0.088727","Anomaly detection F1 metrics across baseline, dt=5s, and AoI bins"
0.1085,experiments/runs\E10_MULTI_SEED_ANALYSIS_20261002\robustness_summary.csv,381,CONSISTENT,"pr_auc,5,0.0,anomaly_detection,lstm_autoencoder,residual,0.12260028049640911,0.1244056932190602,0.008088970266526945,0.0659783993460265,0.10","Anomaly detection F1 metrics across baseline, dt=5s, and AoI bins"
67284,experiments/runs\E10_MULTI_SEED_ANALYSIS_20261002\robustness_summary.csv,658,CONSISTENT,"mae,15,0.1,load_estimation,xgboost,raw,1.417183468711975,1.4204962215693937,0.018202007064672846,0.012843790141876244,1.3864868881359491,1.4",Active transient timesteps audited across Phase 11
62.29,experiments/runs\E10_MULTI_SEED_ANALYSIS_20261002\robustness_summary.csv,835,CONSISTENT,"mape,60,0.1,load_estimation,xgboost,raw,62.86922604495012,62.7149608749476,0.46623026282567226,0.007415874063605107,62.427520779455584,63.48",
62.29,experiments/runs\E10_MULTI_SEED_ANALYSIS_20261002\robustness_summary.csv,915,CONSISTENT,"mape,300,0.0,load_estimation,lstm,raw,62.163281833742644,62.29242940740781,6.111722287495503,0.09831723981113911,55.15705794786649,69.319330",
0.186,experiments/runs\E10_MULTI_SEED_ANALYSIS_20261002\robustness_summary.csv,924,CONSISTENT,"r2,300,0.0,load_estimation,xgboost,raw,-0.14182893840866537,-0.155753515568189,0.03577075350500738,0.25221054254765457,-0.1798546640780187,-",
0.5752,experiments/runs\E10_MULTI_SEED_ANALYSIS_20261002\robustness_summary.csv,1000,CONSISTENT,"roc_auc,300,0.1,anomaly_detection,lstm_autoencoder,residual,0.5769566155979747,0.5752889785825495,0.01625225854861429,0.028168943919240748,0","Anomaly detection F1 metrics across baseline, dt=5s, and AoI bins"
0.186,experiments/runs\E10_MULTI_SEED_ANALYSIS_20261002\robustness_summary.csv,1012,CONSISTENT,"r2,300,0.1,load_estimation,xgboost,raw,-0.1866447358353006,-0.1986632368838985,0.024430374695266415,0.13089238539695172,-0.2055516882820822,",
14.7321,experiments/runs\E10_MULTI_SEED_ANALYSIS_20261002\seed_results.csv,4,CONSISTENT,"E5_DT0_PD00_SEED42,0,0.0,0.0,0.0,load_estimation,persistence,,raw,mape,14.73210135971861,14.73210135971861,0.0,0.0,SUCCESS,42","Baseline load forecasting test MAPE at dt=0s, seed 42"
8.9504,experiments/runs\E10_MULTI_SEED_ANALYSIS_20261002\seed_results.csv,12,CONSISTENT,"E5_DT0_PD00_SEED42,0,0.0,0.0,0.0,load_estimation,lstm,,raw,mape,8.95040488214452,8.95040488214452,0.0,0.0,SUCCESS,42","Baseline load forecasting test MAPE at dt=0s, seed 42"
8.95,experiments/runs\E10_MULTI_SEED_ANALYSIS_20261002\seed_results.csv,12,CONSISTENT,"E5_DT0_PD00_SEED42,0,0.0,0.0,0.0,load_estimation,lstm,,raw,mape,8.95040488214452,8.95040488214452,0.0,0.0,SUCCESS,42","Baseline load forecasting test MAPE at dt=0s, seed 42"
14.7321,experiments/runs\E10_MULTI_SEED_ANALYSIS_20261002\seed_results.csv,48,CONSISTENT,"E5_DT0_PD05_SEED42,0,0.05,0.0534531963470319,1.0,load_estimation,persistence,,raw,mape,14.953406180024844,14.73210135971861,0.22130482030623","Baseline load forecasting test MAPE at dt=0s, seed 42"
8.9504,experiments/runs\E10_MULTI_SEED_ANALYSIS_20261002\seed_results.csv,56,CONSISTENT,"E5_DT0_PD05_SEED42,0,0.05,0.0534531963470319,1.0,load_estimation,lstm,,raw,mape,8.959365985897191,8.95040488214452,0.0089611037526715,0.0010","Baseline load forecasting test MAPE at dt=0s, seed 42"
8.95,experiments/runs\E10_MULTI_SEED_ANALYSIS_20261002\seed_results.csv,56,CONSISTENT,"E5_DT0_PD05_SEED42,0,0.05,0.0534531963470319,1.0,load_estimation,lstm,,raw,mape,8.959365985897191,8.95040488214452,0.0089611037526715,0.0010","Baseline load forecasting test MAPE at dt=0s, seed 42"
14.7321,experiments/runs\E10_MULTI_SEED_ANALYSIS_20261002\seed_results.csv,92,CONSISTENT,"E5_DT0_PD10_SEED42,0,0.1,0.1089326484018264,1.0,load_estimation,persistence,,raw,mape,15.22745767394809,14.73210135971861,0.495356314229479,","Baseline load forecasting test MAPE at dt=0s, seed 42"
8.9504,experiments/runs\E10_MULTI_SEED_ANALYSIS_20261002\seed_results.csv,100,CONSISTENT,"E5_DT0_PD10_SEED42,0,0.1,0.1089326484018264,1.0,load_estimation,lstm,,raw,mape,9.013588747109727,8.95040488214452,0.0631838649652074,0.00705","Baseline load forecasting test MAPE at dt=0s, seed 42"
8.95,experiments/runs\E10_MULTI_SEED_ANALYSIS_20261002\seed_results.csv,100,CONSISTENT,"E5_DT0_PD10_SEED42,0,0.1,0.1089326484018264,1.0,load_estimation,lstm,,raw,mape,9.013588747109727,8.95040488214452,0.0631838649652074,0.00705","Baseline load forecasting test MAPE at dt=0s, seed 42"
14.7321,experiments/runs\E10_MULTI_SEED_ANALYSIS_20261002\seed_results.csv,136,CONSISTENT,"E5_DT0_PD20_SEED42,0,0.2,0.2509132420091324,1.0,load_estimation,persistence,,raw,mape,15.806540790489112,14.73210135971861,1.074439430770502","Baseline load forecasting test MAPE at dt=0s, seed 42"
8.9504,experiments/runs\E10_MULTI_SEED_ANALYSIS_20261002\seed_results.csv,144,CONSISTENT,"E5_DT0_PD20_SEED42,0,0.2,0.2509132420091324,1.0,load_estimation,lstm,,raw,mape,9.171423424412827,8.95040488214452,0.2210185422683075,0.02469","Baseline load forecasting test MAPE at dt=0s, seed 42"
8.95,experiments/runs\E10_MULTI_SEED_ANALYSIS_20261002\seed_results.csv,144,CONSISTENT,"E5_DT0_PD20_SEED42,0,0.2,0.2509132420091324,1.0,load_estimation,lstm,,raw,mape,9.171423424412827,8.95040488214452,0.2210185422683075,0.02469","Baseline load forecasting test MAPE at dt=0s, seed 42"
14.7321,experiments/runs\E10_MULTI_SEED_ANALYSIS_20261002\seed_results.csv,180,CONSISTENT,"E5_DT1_PD00_SEED42,1,0.0,0.0,0.0,load_estimation,persistence,,raw,mape,14.73210135971861,14.73210135971861,0.0,0.0,SUCCESS,42","Baseline load forecasting test MAPE at dt=0s, seed 42"
8.9504,experiments/runs\E10_MULTI_SEED_ANALYSIS_20261002\seed_results.csv,188,CONSISTENT,"E5_DT1_PD00_SEED42,1,0.0,0.0,0.0,load_estimation,lstm,,raw,mape,8.95040488214452,8.95040488214452,0.0,0.0,SUCCESS,42","Baseline load forecasting test MAPE at dt=0s, seed 42"
8.95,experiments/runs\E10_MULTI_SEED_ANALYSIS_20261002\seed_results.csv,188,CONSISTENT,"E5_DT1_PD00_SEED42,1,0.0,0.0,0.0,load_estimation,lstm,,raw,mape,8.95040488214452,8.95040488214452,0.0,0.0,SUCCESS,42","Baseline load forecasting test MAPE at dt=0s, seed 42"
14.7321,experiments/runs\E10_MULTI_SEED_ANALYSIS_20261002\seed_results.csv,224,CONSISTENT,"E5_DT1_PD05_SEED42,1,0.05,0.0534531963470319,1.0,load_estimation,persistence,,raw,mape,14.953406180024844,14.73210135971861,0.22130482030623","Baseline load forecasting test MAPE at dt=0s, seed 42"
8.9504,experiments/runs\E10_MULTI_SEED_ANALYSIS_20261002\seed_results.csv,232,CONSISTENT,"E5_DT1_PD05_SEED42,1,0.05,0.0534531963470319,1.0,load_estimation,lstm,,raw,mape,8.959365985897191,8.95040488214452,0.0089611037526715,0.0010","Baseline load forecasting test MAPE at dt=0s, seed 42"
8.95,experiments/runs\E10_MULTI_SEED_ANALYSIS_20261002\seed_results.csv,232,CONSISTENT,"E5_DT1_PD05_SEED42,1,0.05,0.0534531963470319,1.0,load_estimation,lstm,,raw,mape,8.959365985897191,8.95040488214452,0.0089611037526715,0.0010","Baseline load forecasting test MAPE at dt=0s, seed 42"
14.7321,experiments/runs\E10_MULTI_SEED_ANALYSIS_20261002\seed_results.csv,268,CONSISTENT,"E5_DT1_PD10_SEED42,1,0.1,0.1089326484018264,1.0,load_estimation,persistence,,raw,mape,15.22745767394809,14.73210135971861,0.495356314229479,","Baseline load forecasting test MAPE at dt=0s, seed 42"
8.9504,experiments/runs\E10_MULTI_SEED_ANALYSIS_20261002\seed_results.csv,276,CONSISTENT,"E5_DT1_PD10_SEED42,1,0.1,0.1089326484018264,1.0,load_estimation,lstm,,raw,mape,9.013588747109727,8.95040488214452,0.0631838649652074,0.00705","Baseline load forecasting test MAPE at dt=0s, seed 42"
8.95,experiments/runs\E10_MULTI_SEED_ANALYSIS_20261002\seed_results.csv,276,CONSISTENT,"E5_DT1_PD10_SEED42,1,0.1,0.1089326484018264,1.0,load_estimation,lstm,,raw,mape,9.013588747109727,8.95040488214452,0.0631838649652074,0.00705","Baseline load forecasting test MAPE at dt=0s, seed 42"
14.7321,experiments/runs\E10_MULTI_SEED_ANALYSIS_20261002\seed_results.csv,312,CONSISTENT,"E5_DT1_PD20_SEED42,1,0.2,0.2509132420091324,1.0,load_estimation,persistence,,raw,mape,15.806540790489112,14.73210135971861,1.074439430770502","Baseline load forecasting test MAPE at dt=0s, seed 42"
8.9504,experiments/runs\E10_MULTI_SEED_ANALYSIS_20261002\seed_results.csv,320,CONSISTENT,"E5_DT1_PD20_SEED42,1,0.2,0.2509132420091324,1.0,load_estimation,lstm,,raw,mape,9.171423424412827,8.95040488214452,0.2210185422683075,0.02469","Baseline load forecasting test MAPE at dt=0s, seed 42"
8.95,experiments/runs\E10_MULTI_SEED_ANALYSIS_20261002\seed_results.csv,320,CONSISTENT,"E5_DT1_PD20_SEED42,1,0.2,0.2509132420091324,1.0,load_estimation,lstm,,raw,mape,9.171423424412827,8.95040488214452,0.2210185422683075,0.02469","Baseline load forecasting test MAPE at dt=0s, seed 42"
14.7321,experiments/runs\E10_MULTI_SEED_ANALYSIS_20261002\seed_results.csv,356,CONSISTENT,"E5_DT5_PD00_SEED42,5,0.0,2.0,4.0,load_estimation,persistence,,raw,mape,25.12380949883275,14.73210135971861,10.391708139114138,0.705378539379","Baseline load forecasting test MAPE at dt=0s, seed 42"
8.9504,experiments/runs\E10_MULTI_SEED_ANALYSIS_20261002\seed_results.csv,364,CONSISTENT,"E5_DT5_PD00_SEED42,5,0.0,2.0,4.0,load_estimation,lstm,,raw,mape,15.260972937471529,8.95040488214452,6.310568055327009,0.7050595071867849,SUC","Baseline load forecasting test MAPE at dt=0s, seed 42"
8.95,experiments/runs\E10_MULTI_SEED_ANALYSIS_20261002\seed_results.csv,364,CONSISTENT,"E5_DT5_PD00_SEED42,5,0.0,2.0,4.0,load_estimation,lstm,,raw,mape,15.260972937471529,8.95040488214452,6.310568055327009,0.7050595071867849,SUC","Baseline load forecasting test MAPE at dt=0s, seed 42"
0.1085,experiments/runs\E10_MULTI_SEED_ANALYSIS_20261002\seed_results.csv,392,CONSISTENT,"E5_DT5_PD00_SEED42,5,0.0,2.0,4.0,anomaly_detection,lstm_autoencoder,lstm_autoencoder,residual,f1,0.1085167889704247,0.9779559118236472,-0.86","Anomaly detection F1 metrics across baseline, dt=5s, and AoI bins"
14.7321,experiments/runs\E10_MULTI_SEED_ANALYSIS_20261002\seed_results.csv,400,CONSISTENT,"E5_DT5_PD05_SEED42,5,0.05,2.031563926940639,4.0,load_estimation,persistence,,raw,mape,25.004624510816114,14.73210135971861,10.27252315109750","Baseline load forecasting test MAPE at dt=0s, seed 42"
8.9504,experiments/runs\E10_MULTI_SEED_ANALYSIS_20261002\seed_results.csv,408,CONSISTENT,"E5_DT5_PD05_SEED42,5,0.05,2.031563926940639,4.0,load_estimation,lstm,,raw,mape,15.180048337165452,8.95040488214452,6.229643455020932,0.69601","Baseline load forecasting test MAPE at dt=0s, seed 42"
8.95,experiments/runs\E10_MULTI_SEED_ANALYSIS_20261002\seed_results.csv,408,CONSISTENT,"E5_DT5_PD05_SEED42,5,0.05,2.031563926940639,4.0,load_estimation,lstm,,raw,mape,15.180048337165452,8.95040488214452,6.229643455020932,0.69601","Baseline load forecasting test MAPE at dt=0s, seed 42"
14.7321,experiments/runs\E10_MULTI_SEED_ANALYSIS_20261002\seed_results.csv,444,CONSISTENT,"E5_DT5_PD10_SEED42,5,0.1,2.066923515981735,4.0,load_estimation,persistence,,raw,mape,25.865999021124107,14.73210135971861,11.133897661405497","Baseline load forecasting test MAPE at dt=0s, seed 42"
8.9504,experiments/runs\E10_MULTI_SEED_ANALYSIS_20261002\seed_results.csv,452,CONSISTENT,"E5_DT5_PD10_SEED42,5,0.1,2.066923515981735,4.0,load_estimation,lstm,,raw,mape,15.824929166731552,8.95040488214452,6.874524284587032,0.768068","Baseline load forecasting test MAPE at dt=0s, seed 42"
8.95,experiments/runs\E10_MULTI_SEED_ANALYSIS_20261002\seed_results.csv,452,CONSISTENT,"E5_DT5_PD10_SEED42,5,0.1,2.066923515981735,4.0,load_estimation,lstm,,raw,mape,15.824929166731552,8.95040488214452,6.874524284587032,0.768068","Baseline load forecasting test MAPE at dt=0s, seed 42"
14.7321,experiments/runs\E10_MULTI_SEED_ANALYSIS_20261002\seed_results.csv,488,CONSISTENT,"E5_DT5_PD20_SEED42,5,0.2,2.1592465753424657,4.0,load_estimation,persistence,,raw,mape,25.93840522970121,14.73210135971861,11.2063038699826,0","Baseline load forecasting test MAPE at dt=0s, seed 42"
8.9504,experiments/runs\E10_MULTI_SEED_ANALYSIS_20261002\seed_results.csv,496,CONSISTENT,"E5_DT5_PD20_SEED42,5,0.2,2.1592465753424657,4.0,load_estimation,lstm,,raw,mape,16.063561543394936,8.95040488214452,7.113156661250416,0.79473","Baseline load forecasting test MAPE at dt=0s, seed 42"
8.95,experiments/runs\E10_MULTI_SEED_ANALYSIS_20261002\seed_results.csv,496,CONSISTENT,"E5_DT5_PD20_SEED42,5,0.2,2.1592465753424657,4.0,load_estimation,lstm,,raw,mape,16.063561543394936,8.95040488214452,7.113156661250416,0.79473","Baseline load forecasting test MAPE at dt=0s, seed 42"
14.7321,experiments/runs\E10_MULTI_SEED_ANALYSIS_20261002\seed_results.csv,532,CONSISTENT,"E5_DT15_PD00_SEED42,15,0.0,7.0,14.0,load_estimation,persistence,,raw,mape,56.34353474468816,14.73210135971861,41.61143338496955,2.8245416162","Baseline load forecasting test MAPE at dt=0s, seed 42"
8.9504,experiments/runs\E10_MULTI_SEED_ANALYSIS_20261002\seed_results.csv,540,CONSISTENT,"E5_DT15_PD00_SEED42,15,0.0,7.0,14.0,load_estimation,lstm,,raw,mape,41.78158731932534,8.95040488214452,32.83118243718082,3.668122601098964,SU","Baseline load forecasting test MAPE at dt=0s, seed 42"
8.95,experiments/runs\E10_MULTI_SEED_ANALYSIS_20261002\seed_results.csv,540,CONSISTENT,"E5_DT15_PD00_SEED42,15,0.0,7.0,14.0,load_estimation,lstm,,raw,mape,41.78158731932534,8.95040488214452,32.83118243718082,3.668122601098964,SU","Baseline load forecasting test MAPE at dt=0s, seed 42"
14.7321,experiments/runs\E10_MULTI_SEED_ANALYSIS_20261002\seed_results.csv,576,CONSISTENT,"E5_DT15_PD05_SEED42,15,0.05,7.026369863013699,14.0,load_estimation,persistence,,raw,mape,58.87377257436558,14.73210135971861,44.141671214646","Baseline load forecasting test MAPE at dt=0s, seed 42"
8.9504,experiments/runs\E10_MULTI_SEED_ANALYSIS_20261002\seed_results.csv,584,CONSISTENT,"E5_DT15_PD05_SEED42,15,0.05,7.026369863013699,14.0,load_estimation,lstm,,raw,mape,43.29800891131623,8.95040488214452,34.34760402917171,3.837","Baseline load forecasting test MAPE at dt=0s, seed 42"
8.95,experiments/runs\E10_MULTI_SEED_ANALYSIS_20261002\seed_results.csv,584,CONSISTENT,"E5_DT15_PD05_SEED42,15,0.05,7.026369863013699,14.0,load_estimation,lstm,,raw,mape,43.29800891131623,8.95040488214452,34.34760402917171,3.837","Baseline load forecasting test MAPE at dt=0s, seed 42"
14.7321,experiments/runs\E10_MULTI_SEED_ANALYSIS_20261002\seed_results.csv,620,CONSISTENT,"E5_DT15_PD10_SEED42,15,0.1,7.058533105022831,14.0,load_estimation,persistence,,raw,mape,56.48856492914949,14.73210135971861,41.7564635694308","Baseline load forecasting test MAPE at dt=0s, seed 42"
8.9504,experiments/runs\E10_MULTI_SEED_ANALYSIS_20261002\seed_results.csv,628,CONSISTENT,"E5_DT15_PD10_SEED42,15,0.1,7.058533105022831,14.0,load_estimation,lstm,,raw,mape,42.66467023259599,8.95040488214452,33.71426535045147,3.7667","Baseline load forecasting test MAPE at dt=0s, seed 42"
8.95,experiments/runs\E10_MULTI_SEED_ANALYSIS_20261002\seed_results.csv,628,CONSISTENT,"E5_DT15_PD10_SEED42,15,0.1,7.058533105022831,14.0,load_estimation,lstm,,raw,mape,42.66467023259599,8.95040488214452,33.71426535045147,3.7667","Baseline load forecasting test MAPE at dt=0s, seed 42"
14.7321,experiments/runs\E10_MULTI_SEED_ANALYSIS_20261002\seed_results.csv,664,CONSISTENT,"E5_DT15_PD20_SEED42,15,0.2,7.138498858447488,14.0,load_estimation,persistence,,raw,mape,59.03404919488207,14.73210135971861,44.3019478351634","Baseline load forecasting test MAPE at dt=0s, seed 42"
8.9504,experiments/runs\E10_MULTI_SEED_ANALYSIS_20261002\seed_results.csv,672,CONSISTENT,"E5_DT15_PD20_SEED42,15,0.2,7.138498858447488,14.0,load_estimation,lstm,,raw,mape,44.2613627090222,8.95040488214452,35.31095782687768,3.94517","Baseline load forecasting test MAPE at dt=0s, seed 42"
8.95,experiments/runs\E10_MULTI_SEED_ANALYSIS_20261002\seed_results.csv,672,CONSISTENT,"E5_DT15_PD20_SEED42,15,0.2,7.138498858447488,14.0,load_estimation,lstm,,raw,mape,44.2613627090222,8.95040488214452,35.31095782687768,3.94517","Baseline load forecasting test MAPE at dt=0s, seed 42"
14.7321,experiments/runs\E10_MULTI_SEED_ANALYSIS_20261002\seed_results.csv,708,CONSISTENT,"E5_DT60_PD00_SEED42,60,0.0,29.5,56.049999999995634,load_estimation,persistence,,raw,mape,83.5484386233321,14.73210135971861,68.8163372636134","Baseline load forecasting test MAPE at dt=0s, seed 42"
8.9504,experiments/runs\E10_MULTI_SEED_ANALYSIS_20261002\seed_results.csv,716,CONSISTENT,"E5_DT60_PD00_SEED42,60,0.0,29.5,56.049999999995634,load_estimation,lstm,,raw,mape,61.327191212551945,8.95040488214452,52.37678633040743,5.85","Baseline load forecasting test MAPE at dt=0s, seed 42"
8.95,experiments/runs\E10_MULTI_SEED_ANALYSIS_20261002\seed_results.csv,716,CONSISTENT,"E5_DT60_PD00_SEED42,60,0.0,29.5,56.049999999995634,load_estimation,lstm,,raw,mape,61.327191212551945,8.95040488214452,52.37678633040743,5.85","Baseline load forecasting test MAPE at dt=0s, seed 42"
14.7321,experiments/runs\E10_MULTI_SEED_ANALYSIS_20261002\seed_results.csv,752,CONSISTENT,"E5_DT60_PD05_SEED42,60,0.05,29.51081621004566,57.0,load_estimation,persistence,,raw,mape,83.36288336429833,14.73210135971861,68.630782004579","Baseline load forecasting test MAPE at dt=0s, seed 42"
8.9504,experiments/runs\E10_MULTI_SEED_ANALYSIS_20261002\seed_results.csv,760,CONSISTENT,"E5_DT60_PD05_SEED42,60,0.05,29.51081621004566,57.0,load_estimation,lstm,,raw,mape,60.113276753312896,8.95040488214452,51.16287187116838,5.71","Baseline load forecasting test MAPE at dt=0s, seed 42"
8.95,experiments/runs\E10_MULTI_SEED_ANALYSIS_20261002\seed_results.csv,760,CONSISTENT,"E5_DT60_PD05_SEED42,60,0.05,29.51081621004566,57.0,load_estimation,lstm,,raw,mape,60.113276753312896,8.95040488214452,51.16287187116838,5.71","Baseline load forecasting test MAPE at dt=0s, seed 42"
14.7321,experiments/runs\E10_MULTI_SEED_ANALYSIS_20261002\seed_results.csv,796,CONSISTENT,"E5_DT60_PD10_SEED42,60,0.1,29.55236872146119,57.0,load_estimation,persistence,,raw,mape,83.31273650298479,14.73210135971861,68.5806351432661","Baseline load forecasting test MAPE at dt=0s, seed 42"
8.9504,experiments/runs\E10_MULTI_SEED_ANALYSIS_20261002\seed_results.csv,804,CONSISTENT,"E5_DT60_PD10_SEED42,60,0.1,29.55236872146119,57.0,load_estimation,lstm,,raw,mape,58.62408928672285,8.95040488214452,49.67368440457833,5.5498","Baseline load forecasting test MAPE at dt=0s, seed 42"
8.95,experiments/runs\E10_MULTI_SEED_ANALYSIS_20261002\seed_results.csv,804,CONSISTENT,"E5_DT60_PD10_SEED42,60,0.1,29.55236872146119,57.0,load_estimation,lstm,,raw,mape,58.62408928672285,8.95040488214452,49.67368440457833,5.5498","Baseline load forecasting test MAPE at dt=0s, seed 42"
0.978,experiments/runs\E10_MULTI_SEED_ANALYSIS_20261002\seed_results.csv,805,CONSISTENT,"E5_DT60_PD10_SEED42,60,0.1,29.55236872146119,57.0,load_estimation,lstm,,raw,r2,0.0210526086184624,0.9670456810550092,-0.9459930724365468,-0.","Anomaly detection F1 metrics across baseline, dt=5s, and AoI bins"
14.7321,experiments/runs\E10_MULTI_SEED_ANALYSIS_20261002\seed_results.csv,840,CONSISTENT,"E5_DT60_PD20_SEED42,60,0.2,29.63301940639269,57.0,load_estimation,persistence,,raw,mape,81.88915365005585,14.73210135971861,67.1570522903372","Baseline load forecasting test MAPE at dt=0s, seed 42"
8.9504,experiments/runs\E10_MULTI_SEED_ANALYSIS_20261002\seed_results.csv,848,CONSISTENT,"E5_DT60_PD20_SEED42,60,0.2,29.63301940639269,57.0,load_estimation,lstm,,raw,mape,60.10556436273332,8.95040488214452,51.1551594805888,5.71540","Baseline load forecasting test MAPE at dt=0s, seed 42"
8.95,experiments/runs\E10_MULTI_SEED_ANALYSIS_20261002\seed_results.csv,848,CONSISTENT,"E5_DT60_PD20_SEED42,60,0.2,29.63301940639269,57.0,load_estimation,lstm,,raw,mape,60.10556436273332,8.95040488214452,51.1551594805888,5.71540","Baseline load forecasting test MAPE at dt=0s, seed 42"
14.7321,experiments/runs\E10_MULTI_SEED_ANALYSIS_20261002\seed_results.csv,884,CONSISTENT,"E5_DT300_PD00_SEED42,300,0.0,149.2945205479452,284.0,load_estimation,persistence,,raw,mape,81.12563902637784,14.73210135971861,66.3935376666","Baseline load forecasting test MAPE at dt=0s, seed 42"
8.9504,experiments/runs\E10_MULTI_SEED_ANALYSIS_20261002\seed_results.csv,892,CONSISTENT,"E5_DT300_PD00_SEED42,300,0.0,149.2945205479452,284.0,load_estimation,lstm,,raw,mape,62.29242940740781,8.95040488214452,53.34202452526329,5.9","Baseline load forecasting test MAPE at dt=0s, seed 42"
8.95,experiments/runs\E10_MULTI_SEED_ANALYSIS_20261002\seed_results.csv,892,CONSISTENT,"E5_DT300_PD00_SEED42,300,0.0,149.2945205479452,284.0,load_estimation,lstm,,raw,mape,62.29242940740781,8.95040488214452,53.34202452526329,5.9","Baseline load forecasting test MAPE at dt=0s, seed 42"
62.29,experiments/runs\E10_MULTI_SEED_ANALYSIS_20261002\seed_results.csv,892,CONSISTENT,"E5_DT300_PD00_SEED42,300,0.0,149.2945205479452,284.0,load_estimation,lstm,,raw,mape,62.29242940740781,8.95040488214452,53.34202452526329,5.9",
14.7321,experiments/runs\E10_MULTI_SEED_ANALYSIS_20261002\seed_results.csv,928,CONSISTENT,"E5_DT300_PD05_SEED42,300,0.05,149.30165525114154,284.0,load_estimation,persistence,,raw,mape,79.22532657950369,14.73210135971861,64.49322521","Baseline load forecasting test MAPE at dt=0s, seed 42"
8.9504,experiments/runs\E10_MULTI_SEED_ANALYSIS_20261002\seed_results.csv,936,CONSISTENT,"E5_DT300_PD05_SEED42,300,0.05,149.30165525114154,284.0,load_estimation,lstm,,raw,mape,60.02009311561609,8.95040488214452,51.06968823347157,5","Baseline load forecasting test MAPE at dt=0s, seed 42"
8.95,experiments/runs\E10_MULTI_SEED_ANALYSIS_20261002\seed_results.csv,936,CONSISTENT,"E5_DT300_PD05_SEED42,300,0.05,149.30165525114154,284.0,load_estimation,lstm,,raw,mape,60.02009311561609,8.95040488214452,51.06968823347157,5","Baseline load forecasting test MAPE at dt=0s, seed 42"
14.7321,experiments/runs\E10_MULTI_SEED_ANALYSIS_20261002\seed_results.csv,972,CONSISTENT,"E5_DT300_PD10_SEED42,300,0.1,149.31732305936072,284.04999999999563,load_estimation,persistence,,raw,mape,82.38192373039603,14.73210135971861","Baseline load forecasting test MAPE at dt=0s, seed 42"
8.9504,experiments/runs\E10_MULTI_SEED_ANALYSIS_20261002\seed_results.csv,980,CONSISTENT,"E5_DT300_PD10_SEED42,300,0.1,149.31732305936072,284.04999999999563,load_estimation,lstm,,raw,mape,59.83106743972931,8.95040488214452,50.8806","Baseline load forecasting test MAPE at dt=0s, seed 42"
8.95,experiments/runs\E10_MULTI_SEED_ANALYSIS_20261002\seed_results.csv,980,CONSISTENT,"E5_DT300_PD10_SEED42,300,0.1,149.31732305936072,284.04999999999563,load_estimation,lstm,,raw,mape,59.83106743972931,8.95040488214452,50.8806","Baseline load forecasting test MAPE at dt=0s, seed 42"
14.7321,experiments/runs\E10_MULTI_SEED_ANALYSIS_20261002\seed_results.csv,1016,CONSISTENT,"E5_DT300_PD20_SEED42,300,0.2,149.3620719178082,285.0,load_estimation,persistence,,raw,mape,85.44861354939036,14.73210135971861,70.7165121896","Baseline load forecasting test MAPE at dt=0s, seed 42"
8.9504,experiments/runs\E10_MULTI_SEED_ANALYSIS_20261002\seed_results.csv,1024,CONSISTENT,"E5_DT300_PD20_SEED42,300,0.2,149.3620719178082,285.0,load_estimation,lstm,,raw,mape,59.52588344855144,8.95040488214452,50.57547856640692,5.6","Baseline load forecasting test MAPE at dt=0s, seed 42"
8.95,experiments/runs\E10_MULTI_SEED_ANALYSIS_20261002\seed_results.csv,1024,CONSISTENT,"E5_DT300_PD20_SEED42,300,0.2,149.3620719178082,285.0,load_estimation,lstm,,raw,mape,59.52588344855144,8.95040488214452,50.57547856640692,5.6","Baseline load forecasting test MAPE at dt=0s, seed 42"
0.1085,experiments/runs\E10_MULTI_SEED_ANALYSIS_20261002\seed_results.csv,1190,CONSISTENT,"E5_DT0_PD20_SEED123,0,0.2,0.2484874429223744,1.0,load_estimation,persistence,,raw,mae,0.4859828768210142,0.4383777854014386,0.04760509141957","Anomaly detection F1 metrics across baseline, dt=5s, and AoI bins"
0.1085,experiments/runs\E10_MULTI_SEED_ANALYSIS_20261002\seed_results.csv,1366,CONSISTENT,"E5_DT1_PD20_SEED123,1,0.2,0.2484874429223744,1.0,load_estimation,persistence,,raw,mae,0.4859828768210142,0.4383777854014386,0.04760509141957","Anomaly detection F1 metrics across baseline, dt=5s, and AoI bins"
0.186,experiments/runs\E10_MULTI_SEED_ANALYSIS_20261002\seed_results.csv,1935,CONSISTENT,"E5_DT60_PD20_SEED123,60,0.2,29.608561643835618,57.0,anomaly_detection,lstm_autoencoder,lstm_autoencoder,residual,roc_auc,0.6086511225517774,",
0.1085,experiments/runs\E10_MULTI_SEED_ANALYSIS_20261002\seed_results.csv,2506,CONSISTENT,"E5_DT5_PD00_SEED456,5,0.0,2.0,4.0,anomaly_detection,lstm_autoencoder,lstm_autoencoder,residual,pr_auc,0.1085084346012759,0.1306032392197611,","Anomaly detection F1 metrics across baseline, dt=5s, and AoI bins"
0.1085,experiments/runs\E10_MULTI_SEED_ANALYSIS_20261002\seed_results.csv,2815,CONSISTENT,"E5_DT15_PD20_SEED456,15,0.2,7.123944063926941,14.0,anomaly_detection,lstm_autoencoder,lstm_autoencoder,residual,roc_auc,0.6343153480826345,0","Anomaly detection F1 metrics across baseline, dt=5s, and AoI bins"
8.95,experiments/runs\E10_MULTI_SEED_ANALYSIS_20261002\seed_results.csv,3180,CONSISTENT,"E5_DT0_PD00_SEED789,0,0.0,0.0,0.0,load_estimation,lstm,,raw,mape,8.950627129882083,8.950627129882083,0.0,0.0,SUCCESS,789","Baseline load forecasting test MAPE at dt=0s, seed 42"
8.95,experiments/runs\E10_MULTI_SEED_ANALYSIS_20261002\seed_results.csv,3224,CONSISTENT,"E5_DT0_PD05_SEED789,0,0.05,0.0539098173515981,1.0,load_estimation,lstm,,raw,mape,8.958513201881122,8.950627129882083,0.0078860719990387,0.00","Baseline load forecasting test MAPE at dt=0s, seed 42"
8.95,experiments/runs\E10_MULTI_SEED_ANALYSIS_20261002\seed_results.csv,3268,CONSISTENT,"E5_DT0_PD10_SEED789,0,0.1,0.114783105022831,1.0,load_estimation,lstm,,raw,mape,8.950990848493975,8.950627129882083,0.0003637186118918,4.0636","Baseline load forecasting test MAPE at dt=0s, seed 42"
8.95,experiments/runs\E10_MULTI_SEED_ANALYSIS_20261002\seed_results.csv,3312,CONSISTENT,"E5_DT0_PD20_SEED789,0,0.2,0.2471746575342465,1.0,load_estimation,lstm,,raw,mape,9.048865167179498,8.950627129882083,0.0982380372974152,0.010","Baseline load forecasting test MAPE at dt=0s, seed 42"
8.95,experiments/runs\E10_MULTI_SEED_ANALYSIS_20261002\seed_results.csv,3356,CONSISTENT,"E5_DT1_PD00_SEED789,1,0.0,0.0,0.0,load_estimation,lstm,,raw,mape,8.950627129882083,8.950627129882083,0.0,0.0,SUCCESS,789","Baseline load forecasting test MAPE at dt=0s, seed 42"
8.95,experiments/runs\E10_MULTI_SEED_ANALYSIS_20261002\seed_results.csv,3400,CONSISTENT,"E5_DT1_PD05_SEED789,1,0.05,0.0539098173515981,1.0,load_estimation,lstm,,raw,mape,8.958513201881122,8.950627129882083,0.0078860719990387,0.00","Baseline load forecasting test MAPE at dt=0s, seed 42"
8.95,experiments/runs\E10_MULTI_SEED_ANALYSIS_20261002\seed_results.csv,3444,CONSISTENT,"E5_DT1_PD10_SEED789,1,0.1,0.114783105022831,1.0,load_estimation,lstm,,raw,mape,8.950990848493975,8.950627129882083,0.0003637186118918,4.0636","Baseline load forecasting test MAPE at dt=0s, seed 42"
8.95,experiments/runs\E10_MULTI_SEED_ANALYSIS_20261002\seed_results.csv,3488,CONSISTENT,"E5_DT1_PD20_SEED789,1,0.2,0.2471746575342465,1.0,load_estimation,lstm,,raw,mape,9.048865167179498,8.950627129882083,0.0982380372974152,0.010","Baseline load forecasting test MAPE at dt=0s, seed 42"
8.95,experiments/runs\E10_MULTI_SEED_ANALYSIS_20261002\seed_results.csv,3532,CONSISTENT,"E5_DT5_PD00_SEED789,5,0.0,2.0,4.0,load_estimation,lstm,,raw,mape,15.211325529490512,8.950627129882083,6.2606983996084296,0.6994703621053321,","Baseline load forecasting test MAPE at dt=0s, seed 42"
8.95,experiments/runs\E10_MULTI_SEED_ANALYSIS_20261002\seed_results.csv,3576,CONSISTENT,"E5_DT5_PD05_SEED789,5,0.05,2.033961187214612,4.0,load_estimation,lstm,,raw,mape,15.083951673878898,8.950627129882083,6.133324543996816,0.685","Baseline load forecasting test MAPE at dt=0s, seed 42"
8.95,experiments/runs\E10_MULTI_SEED_ANALYSIS_20261002\seed_results.csv,3620,CONSISTENT,"E5_DT5_PD10_SEED789,5,0.1,2.072631278538813,4.0,load_estimation,lstm,,raw,mape,15.34923777181389,8.950627129882083,6.398610641931807,0.71487","Baseline load forecasting test MAPE at dt=0s, seed 42"
8.95,experiments/runs\E10_MULTI_SEED_ANALYSIS_20261002\seed_results.csv,3664,CONSISTENT,"E5_DT5_PD20_SEED789,5,0.2,2.155736301369863,4.0,load_estimation,lstm,,raw,mape,15.932364468723495,8.950627129882083,6.981737338841413,0.7800","Baseline load forecasting test MAPE at dt=0s, seed 42"
8.95,experiments/runs\E10_MULTI_SEED_ANALYSIS_20261002\seed_results.csv,3708,CONSISTENT,"E5_DT15_PD00_SEED789,15,0.0,7.0,14.0,load_estimation,lstm,,raw,mape,44.29265147842308,8.950627129882083,35.342024348541,3.948552859558859,SU","Baseline load forecasting test MAPE at dt=0s, seed 42"
0.1085,experiments/runs\E10_MULTI_SEED_ANALYSIS_20261002\seed_results.csv,3738,CONSISTENT,"E5_DT15_PD00_SEED789,15,0.0,7.0,14.0,anomaly_detection,lstm_autoencoder,lstm_autoencoder,residual,pr_auc,0.1085081534200011,0.12341932050043","Anomaly detection F1 metrics across baseline, dt=5s, and AoI bins"
8.95,experiments/runs\E10_MULTI_SEED_ANALYSIS_20261002\seed_results.csv,3752,CONSISTENT,"E5_DT15_PD05_SEED789,15,0.05,7.028025114155251,14.0,load_estimation,lstm,,raw,mape,44.553023984187,8.950627129882083,35.602396854304914,3.97","Baseline load forecasting test MAPE at dt=0s, seed 42"
8.95,experiments/runs\E10_MULTI_SEED_ANALYSIS_20261002\seed_results.csv,3796,CONSISTENT,"E5_DT15_PD10_SEED789,15,0.1,7.0625,14.0,load_estimation,lstm,,raw,mape,45.268710849279245,8.950627129882083,36.318083719397166,4.05760213137","Baseline load forecasting test MAPE at dt=0s, seed 42"
8.95,experiments/runs\E10_MULTI_SEED_ANALYSIS_20261002\seed_results.csv,3840,CONSISTENT,"E5_DT15_PD20_SEED789,15,0.2,7.1341324200913245,14.0,load_estimation,lstm,,raw,mape,44.37875746429316,8.950627129882083,35.42813033441108,3.9","Baseline load forecasting test MAPE at dt=0s, seed 42"
8.95,experiments/runs\E10_MULTI_SEED_ANALYSIS_20261002\seed_results.csv,3884,CONSISTENT,"E5_DT60_PD00_SEED789,60,0.0,29.5,56.049999999995634,load_estimation,lstm,,raw,mape,56.348013770897545,8.950627129882083,47.39738664101546,5.","Baseline load forecasting test MAPE at dt=0s, seed 42"
8.95,experiments/runs\E10_MULTI_SEED_ANALYSIS_20261002\seed_results.csv,3928,CONSISTENT,"E5_DT60_PD05_SEED789,60,0.05,29.519206621004567,57.0,load_estimation,lstm,,raw,mape,55.08430561060605,8.950627129882083,46.13367848072397,5.","Baseline load forecasting test MAPE at dt=0s, seed 42"
8.95,experiments/runs\E10_MULTI_SEED_ANALYSIS_20261002\seed_results.csv,3972,CONSISTENT,"E5_DT60_PD10_SEED789,60,0.1,29.558761415525115,57.0,load_estimation,lstm,,raw,mape,54.04612892460412,8.950627129882083,45.09550179472204,5.0","Baseline load forecasting test MAPE at dt=0s, seed 42"
8.95,experiments/runs\E10_MULTI_SEED_ANALYSIS_20261002\seed_results.csv,4016,CONSISTENT,"E5_DT60_PD20_SEED789,60,0.2,29.62985159817352,57.0,load_estimation,lstm,,raw,mape,54.16944821884439,8.950627129882083,45.2188210889623,5.052","Baseline load forecasting test MAPE at dt=0s, seed 42"
8.95,experiments/runs\E10_MULTI_SEED_ANALYSIS_20261002\seed_results.csv,4060,CONSISTENT,"E5_DT300_PD00_SEED789,300,0.0,149.2945205479452,284.0,load_estimation,lstm,,raw,mape,55.15705794786649,8.950627129882083,46.20643081798441,5","Baseline load forecasting test MAPE at dt=0s, seed 42"
8.95,experiments/runs\E10_MULTI_SEED_ANALYSIS_20261002\seed_results.csv,4104,CONSISTENT,"E5_DT300_PD05_SEED789,300,0.05,149.30927511415524,284.0,load_estimation,lstm,,raw,mape,56.08515100795698,8.950627129882083,47.1345238780749,","Baseline load forecasting test MAPE at dt=0s, seed 42"
8.95,experiments/runs\E10_MULTI_SEED_ANALYSIS_20261002\seed_results.csv,4148,CONSISTENT,"E5_DT300_PD10_SEED789,300,0.1,149.32625570776256,285.0,load_estimation,lstm,,raw,mape,56.48685344047493,8.950627129882083,47.53622631059284,","Baseline load forecasting test MAPE at dt=0s, seed 42"
8.95,experiments/runs\E10_MULTI_SEED_ANALYSIS_20261002\seed_results.csv,4192,CONSISTENT,"E5_DT300_PD20_SEED789,300,0.2,149.3668093607306,285.0,load_estimation,lstm,,raw,mape,54.18067425088218,8.950627129882083,45.2300471210001,5.","Baseline load forecasting test MAPE at dt=0s, seed 42"
0.1085,experiments/runs\E10_MULTI_SEED_ANALYSIS_20261002\seed_results.csv,4937,CONSISTENT,"E5_DT60_PD00_SEED101112,60,0.0,29.5,56.049999999995634,load_estimation,xgboost,,raw,r2,-0.1085650773029776,0.9693218282677428,-1.07788690557","Anomaly detection F1 metrics across baseline, dt=5s, and AoI bins"
0.186,experiments/runs\E10_MULTI_SEED_ANALYSIS_20261002\seed_results.csv,5175,CONSISTENT,"E5_DT300_PD05_SEED101112,300,0.05,149.30539383561643,284.0,anomaly_detection,isolation_forest,isolation_forest,residual,roc_auc,0.5056475115",
0.5752,experiments/runs\E10_MULTI_SEED_ANALYSIS_20261002\seed_results.csv,5235,CONSISTENT,"E5_DT300_PD10_SEED101112,300,0.1,149.31124429223743,284.0,anomaly_detection,lstm_autoencoder,lstm_autoencoder,residual,roc_auc,0.57528897858","Anomaly detection F1 metrics across baseline, dt=5s, and AoI bins"
0.978,experiments/runs\E10_MULTI_SEED_ANALYSIS_20261002\summary.md,53,CONSISTENT,"- **lstm (MAPE)**: Condition variance = `98.2%`, Seed variance = `1.8%` (ICC = `0.9787`, Primary: `CONDITION_DRIVEN`)","Anomaly detection F1 metrics across baseline, dt=5s, and AoI bins"
0.1856,experiments/runs\E10_MULTI_SEED_ANALYSIS_20261002\uncertainty_intervals.csv,469,CONSISTENT,"5,0.1,anomaly_detection,lstm_autoencoder,residual,pr_auc,5,0.13372087732343343,0.0045718112499691455,0.1210274943565684,0.14641426029029847,","Anomaly detection F1 metrics across baseline, dt=5s, and AoI bins"
62.29,experiments/runs\E10_MULTI_SEED_ANALYSIS_20261002\uncertainty_intervals.csv,835,CONSISTENT,"60,0.1,load_estimation,xgboost,raw,mape,5,62.86922604495012,0.20850451216915927,62.2903247127264,63.44812737717383,5.9395604188429365,0.0223",
0.978,experiments/runs\E10_MULTI_SEED_ANALYSIS_20261002\uncertainty_intervals.csv,908,CONSISTENT,"300,0.0,anomaly_detection,lstm_autoencoder,residual,false_positive_rate,5,0.9993216280925779,0.0006783719074221927,0.9974381657307119,1.0012","Anomaly detection F1 metrics across baseline, dt=5s, and AoI bins"
0.186,experiments/runs\E10_MULTI_SEED_ANALYSIS_20261002\uncertainty_intervals.csv,924,CONSISTENT,"300,0.0,load_estimation,xgboost,raw,r2,5,-0.14182893840866537,0.01599716728871707,-0.18624419522445412,-0.0974136815928766,-1.14639052738259",
0.978,experiments/runs\E10_MULTI_SEED_ANALYSIS_20261002\uncertainty_intervals.csv,996,CONSISTENT,"300,0.1,anomaly_detection,lstm_autoencoder,residual,false_positive_rate,5,0.9993216280925779,0.0006783719074221927,0.9974381657307119,1.0012","Anomaly detection F1 metrics across baseline, dt=5s, and AoI bins"
0.186,experiments/runs\E10_MULTI_SEED_ANALYSIS_20261002\uncertainty_intervals.csv,1012,CONSISTENT,"300,0.1,load_estimation,xgboost,raw,r2,5,-0.1866447358353006,0.010925595706881282,-0.21697905255704117,-0.15631041911356006,-1.1926548315738",
0.978,experiments/runs\E10_MULTI_SEED_ANALYSIS_20261002\variance_decomposition.csv,4,CONSISTENT,"load_estimation,lstm,raw,mape,63812.661388260036,1154.5542269316431,2774.4635386200016,12.026606530537949,230.69379808635847,0.0,98.22286638","Anomaly detection F1 metrics across baseline, dt=5s, and AoI bins"
73584,experiments/runs\E11_PHASE11_20261002\manifest.json,85,CONSISTENT,"""transient_timesteps"": 73584",Active transient timesteps audited across Phase 11
8.9504,experiments/runs\E11_PHASE11_20261002\reproducibility_report.json,46,CONSISTENT,"""lstm_forecaster_mape"": 8.95040488214452,","Baseline load forecasting test MAPE at dt=0s, seed 42"
8.95,experiments/runs\E11_PHASE11_20261002\reproducibility_report.json,46,CONSISTENT,"""lstm_forecaster_mape"": 8.95040488214452,","Baseline load forecasting test MAPE at dt=0s, seed 42"
8.9504,experiments/runs\E11_PHASE11_20261002\reproducibility_report.json,53,CONSISTENT,"""lstm_forecaster_mape"": 8.95040488214452,","Baseline load forecasting test MAPE at dt=0s, seed 42"
8.95,experiments/runs\E11_PHASE11_20261002\reproducibility_report.json,53,CONSISTENT,"""lstm_forecaster_mape"": 8.95040488214452,","Baseline load forecasting test MAPE at dt=0s, seed 42"
0.1085,experiments/runs\E11_PHASE11_20261002\reproducibility_report.json,59,CONSISTENT,"""residual_lstm_ae_f1"": 0.1085167889704247,","Anomaly detection F1 metrics across baseline, dt=5s, and AoI bins"
73584,experiments/runs\E11_PHASE11_20261002\summary.md,8,CONSISTENT,- **Transient Analysis Timesteps Audited**: `73584` timesteps across active staleness epochs,Active transient timesteps audited across Phase 11
0.978,experiments/runs\E11_PHASE11_20261002\summary.md,14,CONSISTENT,"- **Phase 7 E4 Baseline**: `PASS` (Residual LSTM-AE $F_1 = 0.9780$, Raw LSTM-AE $F_1 = 0.5386$, Raw IF $F_1 = 0.1176$, Res IF $F_1 = 0.0887$","Anomaly detection F1 metrics across baseline, dt=5s, and AoI bins"
0.978,experiments/runs\E11_PHASE11_20261002\summary.md,23,CONSISTENT,"2. **A2 (Synchronization Freshness)**: Deterministic staleness without packet loss induces a sharp phase transition between $\Delta t = 1\,$","Anomaly detection F1 metrics across baseline, dt=5s, and AoI bins"
0.978,experiments/runs\E11_PHASE11_20261002\summary.md,24,CONSISTENT,"3. **A3 (Packet Loss)**: Packet loss accelerates degradation by expanding realized AoI bursts. At $\Delta t = 1\,$s, $20\%$ loss reduces $F_","Anomaly detection F1 metrics across baseline, dt=5s, and AoI bins"
8.95,experiments/runs\E11_PHASE11_20261002\summary.md,28,CONSISTENT,7. **A7 (Forecasting Architecture)**: LSTM achieves lowest MAPE at baseline ($8.95\%$) vs. XGBoost ($10.51\%$) and Persistence ($11.23\%$). ,"Baseline load forecasting test MAPE at dt=0s, seed 42"
10.51,experiments/runs\E11_PHASE11_20261002\summary.md,28,LEGITIMATE_VARIANT,7. **A7 (Forecasting Architecture)**: LSTM achieves lowest MAPE at baseline ($8.95\%$) vs. XGBoost ($10.51\%$) and Persistence ($11.23\%$). ,Ablation A7 evaluated subset conditions showing XGBoost 10.51% and Persistence 11.23%
11.23,experiments/runs\E11_PHASE11_20261002\summary.md,28,LEGITIMATE_VARIANT,7. **A7 (Forecasting Architecture)**: LSTM achieves lowest MAPE at baseline ($8.95\%$) vs. XGBoost ($10.51\%$) and Persistence ($11.23\%$). ,Ablation A7 evaluated subset conditions showing XGBoost 10.51% and Persistence 11.23%
0.1085,experiments/runs\E11_PHASE11_20261002\table_02_ablation_results.csv,4,CONSISTENT,"A1_representation,input_representation,lstm_autoencoder,5,0.0,f1,residual,0.1085167889704247,raw,0.5386064030131827,-0.43008961404275803,-0.","Anomaly detection F1 metrics across baseline, dt=5s, and AoI bins"
0.1085,experiments/runs\E11_PHASE11_20261002\table_02_ablation_results.csv,16,CONSISTENT,"A2_freshness,staleness_seconds,lstm_autoencoder,5,0.0,f1,residual,0.9779559118236472,residual,0.1085167889704247,-0.8694391228532224,-0.8890","Anomaly detection F1 metrics across baseline, dt=5s, and AoI bins"
0.1085,experiments/runs\E11_PHASE11_20261002\table_02_ablation_results.csv,48,CONSISTENT,"A6_detector,detector_architecture,lstm_vs_if,5,0.0,f1,lstm_autoencoder,0.1085167889704247,isolation_forest,0.0887272727272727,-0.01978951624","Anomaly detection F1 metrics across baseline, dt=5s, and AoI bins"
8.9504,experiments/runs\E11_PHASE11_20261002\table_02_ablation_results.csv,51,CONSISTENT,"A7_forecaster,forecasting_model,lstm_vs_xgboost,0,0.0,mape,lstm,8.95040488214452,xgboost,9.063484965162122,0.11308008301760175,0.01263407460","Baseline load forecasting test MAPE at dt=0s, seed 42"
8.95,experiments/runs\E11_PHASE11_20261002\table_02_ablation_results.csv,51,CONSISTENT,"A7_forecaster,forecasting_model,lstm_vs_xgboost,0,0.0,mape,lstm,8.95040488214452,xgboost,9.063484965162122,0.11308008301760175,0.01263407460","Baseline load forecasting test MAPE at dt=0s, seed 42"
8.9504,experiments/runs\E11_PHASE11_20261002\table_02_ablation_results.csv,52,CONSISTENT,"A7_forecaster,forecasting_model,lstm_vs_persistence,0,0.0,mape,lstm,8.95040488214452,persistence,14.73210135971861,5.781696477574091,0.64597","Baseline load forecasting test MAPE at dt=0s, seed 42"
8.95,experiments/runs\E11_PHASE11_20261002\table_02_ablation_results.csv,52,CONSISTENT,"A7_forecaster,forecasting_model,lstm_vs_persistence,0,0.0,mape,lstm,8.95040488214452,persistence,14.73210135971861,5.781696477574091,0.64597","Baseline load forecasting test MAPE at dt=0s, seed 42"
14.7321,experiments/runs\E11_PHASE11_20261002\table_02_ablation_results.csv,52,CONSISTENT,"A7_forecaster,forecasting_model,lstm_vs_persistence,0,0.0,mape,lstm,8.95040488214452,persistence,14.73210135971861,5.781696477574091,0.64597","Baseline load forecasting test MAPE at dt=0s, seed 42"
8.9504,experiments/runs\E11_PHASE11_20261002\table_02_ablation_results.csv,53,CONSISTENT,"A7_forecaster,forecasting_model,lstm_vs_xgboost,1,0.0,mape,lstm,8.95040488214452,xgboost,9.063484965162122,0.11308008301760175,0.01263407460","Baseline load forecasting test MAPE at dt=0s, seed 42"
8.95,experiments/runs\E11_PHASE11_20261002\table_02_ablation_results.csv,53,CONSISTENT,"A7_forecaster,forecasting_model,lstm_vs_xgboost,1,0.0,mape,lstm,8.95040488214452,xgboost,9.063484965162122,0.11308008301760175,0.01263407460","Baseline load forecasting test MAPE at dt=0s, seed 42"
8.9504,experiments/runs\E11_PHASE11_20261002\table_02_ablation_results.csv,54,CONSISTENT,"A7_forecaster,forecasting_model,lstm_vs_persistence,1,0.0,mape,lstm,8.95040488214452,persistence,14.73210135971861,5.781696477574091,0.64597","Baseline load forecasting test MAPE at dt=0s, seed 42"
8.95,experiments/runs\E11_PHASE11_20261002\table_02_ablation_results.csv,54,CONSISTENT,"A7_forecaster,forecasting_model,lstm_vs_persistence,1,0.0,mape,lstm,8.95040488214452,persistence,14.73210135971861,5.781696477574091,0.64597","Baseline load forecasting test MAPE at dt=0s, seed 42"
14.7321,experiments/runs\E11_PHASE11_20261002\table_02_ablation_results.csv,54,CONSISTENT,"A7_forecaster,forecasting_model,lstm_vs_persistence,1,0.0,mape,lstm,8.95040488214452,persistence,14.73210135971861,5.781696477574091,0.64597","Baseline load forecasting test MAPE at dt=0s, seed 42"
62.29,experiments/runs\E11_PHASE11_20261002\table_02_ablation_results.csv,61,CONSISTENT,"A7_forecaster,forecasting_model,lstm_vs_xgboost,300,0.0,mape,lstm,62.29242940740781,xgboost,61.69410288075269,-0.5983265266551214,-0.0096051",
62.29,experiments/runs\E11_PHASE11_20261002\table_02_ablation_results.csv,62,CONSISTENT,"A7_forecaster,forecasting_model,lstm_vs_persistence,300,0.0,mape,lstm,62.29242940740781,persistence,81.12563902637784,18.83320961897003,0.30",
0.186,experiments/runs\E11_PHASE11_20261002\table_03_transient_statistics.csv,3,CONSISTENT,"1-5s,16975,184.89860933106146,320.0358138073692,18.489860933106147,0.7434637685657777,0.1855791962174941,0.18492343934040048,0.1862396204033",
0.1085,experiments/runs\E11_PHASE11_20261002\ablations\ablation_results.csv,4,CONSISTENT,"A1_representation,input_representation,lstm_autoencoder,5,0.0,f1,residual,0.1085167889704247,raw,0.5386064030131827,-0.43008961404275803,-0.","Anomaly detection F1 metrics across baseline, dt=5s, and AoI bins"
0.1085,experiments/runs\E11_PHASE11_20261002\ablations\ablation_results.csv,16,CONSISTENT,"A2_freshness,staleness_seconds,lstm_autoencoder,5,0.0,f1,residual,0.9779559118236472,residual,0.1085167889704247,-0.8694391228532224,-0.8890","Anomaly detection F1 metrics across baseline, dt=5s, and AoI bins"
0.1085,experiments/runs\E11_PHASE11_20261002\ablations\ablation_results.csv,48,CONSISTENT,"A6_detector,detector_architecture,lstm_vs_if,5,0.0,f1,lstm_autoencoder,0.1085167889704247,isolation_forest,0.0887272727272727,-0.01978951624","Anomaly detection F1 metrics across baseline, dt=5s, and AoI bins"
8.9504,experiments/runs\E11_PHASE11_20261002\ablations\ablation_results.csv,51,CONSISTENT,"A7_forecaster,forecasting_model,lstm_vs_xgboost,0,0.0,mape,lstm,8.95040488214452,xgboost,9.063484965162122,0.11308008301760175,0.01263407460","Baseline load forecasting test MAPE at dt=0s, seed 42"
8.95,experiments/runs\E11_PHASE11_20261002\ablations\ablation_results.csv,51,CONSISTENT,"A7_forecaster,forecasting_model,lstm_vs_xgboost,0,0.0,mape,lstm,8.95040488214452,xgboost,9.063484965162122,0.11308008301760175,0.01263407460","Baseline load forecasting test MAPE at dt=0s, seed 42"
8.9504,experiments/runs\E11_PHASE11_20261002\ablations\ablation_results.csv,52,CONSISTENT,"A7_forecaster,forecasting_model,lstm_vs_persistence,0,0.0,mape,lstm,8.95040488214452,persistence,14.73210135971861,5.781696477574091,0.64597","Baseline load forecasting test MAPE at dt=0s, seed 42"
8.95,experiments/runs\E11_PHASE11_20261002\ablations\ablation_results.csv,52,CONSISTENT,"A7_forecaster,forecasting_model,lstm_vs_persistence,0,0.0,mape,lstm,8.95040488214452,persistence,14.73210135971861,5.781696477574091,0.64597","Baseline load forecasting test MAPE at dt=0s, seed 42"
14.7321,experiments/runs\E11_PHASE11_20261002\ablations\ablation_results.csv,52,CONSISTENT,"A7_forecaster,forecasting_model,lstm_vs_persistence,0,0.0,mape,lstm,8.95040488214452,persistence,14.73210135971861,5.781696477574091,0.64597","Baseline load forecasting test MAPE at dt=0s, seed 42"
8.9504,experiments/runs\E11_PHASE11_20261002\ablations\ablation_results.csv,53,CONSISTENT,"A7_forecaster,forecasting_model,lstm_vs_xgboost,1,0.0,mape,lstm,8.95040488214452,xgboost,9.063484965162122,0.11308008301760175,0.01263407460","Baseline load forecasting test MAPE at dt=0s, seed 42"
8.95,experiments/runs\E11_PHASE11_20261002\ablations\ablation_results.csv,53,CONSISTENT,"A7_forecaster,forecasting_model,lstm_vs_xgboost,1,0.0,mape,lstm,8.95040488214452,xgboost,9.063484965162122,0.11308008301760175,0.01263407460","Baseline load forecasting test MAPE at dt=0s, seed 42"
8.9504,experiments/runs\E11_PHASE11_20261002\ablations\ablation_results.csv,54,CONSISTENT,"A7_forecaster,forecasting_model,lstm_vs_persistence,1,0.0,mape,lstm,8.95040488214452,persistence,14.73210135971861,5.781696477574091,0.64597","Baseline load forecasting test MAPE at dt=0s, seed 42"
8.95,experiments/runs\E11_PHASE11_20261002\ablations\ablation_results.csv,54,CONSISTENT,"A7_forecaster,forecasting_model,lstm_vs_persistence,1,0.0,mape,lstm,8.95040488214452,persistence,14.73210135971861,5.781696477574091,0.64597","Baseline load forecasting test MAPE at dt=0s, seed 42"
14.7321,experiments/runs\E11_PHASE11_20261002\ablations\ablation_results.csv,54,CONSISTENT,"A7_forecaster,forecasting_model,lstm_vs_persistence,1,0.0,mape,lstm,8.95040488214452,persistence,14.73210135971861,5.781696477574091,0.64597","Baseline load forecasting test MAPE at dt=0s, seed 42"
62.29,experiments/runs\E11_PHASE11_20261002\ablations\ablation_results.csv,61,CONSISTENT,"A7_forecaster,forecasting_model,lstm_vs_xgboost,300,0.0,mape,lstm,62.29242940740781,xgboost,61.69410288075269,-0.5983265266551214,-0.0096051",
62.29,experiments/runs\E11_PHASE11_20261002\ablations\ablation_results.csv,62,CONSISTENT,"A7_forecaster,forecasting_model,lstm_vs_persistence,300,0.0,mape,lstm,62.29242940740781,persistence,81.12563902637784,18.83320961897003,0.30",
8.9504,experiments/runs\E11_PHASE11_20261002\reproducibility\selected_condition_comparison.csv,2,CONSISTENT,"0,0.0,0.9779559118236472,8.95040488214452,VALID","Baseline load forecasting test MAPE at dt=0s, seed 42"
8.95,experiments/runs\E11_PHASE11_20261002\reproducibility\selected_condition_comparison.csv,2,CONSISTENT,"0,0.0,0.9779559118236472,8.95040488214452,VALID","Baseline load forecasting test MAPE at dt=0s, seed 42"
8.9504,experiments/runs\E11_PHASE11_20261002\reproducibility\selected_condition_comparison.csv,3,CONSISTENT,"1,0.0,0.9779559118236472,8.95040488214452,VALID","Baseline load forecasting test MAPE at dt=0s, seed 42"
8.95,experiments/runs\E11_PHASE11_20261002\reproducibility\selected_condition_comparison.csv,3,CONSISTENT,"1,0.0,0.9779559118236472,8.95040488214452,VALID","Baseline load forecasting test MAPE at dt=0s, seed 42"
0.1085,experiments/runs\E11_PHASE11_20261002\reproducibility\selected_condition_comparison.csv,4,CONSISTENT,"5,0.0,0.1085167889704247,15.260972937471529,VALID","Anomaly detection F1 metrics across baseline, dt=5s, and AoI bins"
0.186,experiments/runs\E11_PHASE11_20261002\transient\transient_by_aoi.csv,3,CONSISTENT,"1-5s,16975,184.89860933106146,320.0358138073692,18.489860933106147,0.7434637685657777,0.1855791962174941,0.18492343934040048,0.1862396204033",
73584,experiments/runs\E11_PHASE11_20261002\transient\transient_summary.csv,2,CONSISTENT,"73584,14,31.15530550119591,301.0,315.340739082584,0.0",Active transient timesteps audited across Phase 11
0.978,experiments/runs\E12_PUBLICATION_ARTIFACTS_20261002\summary.md,25,CONSISTENT,"- **[OBSERVED RESULT]:** At continuous zero-staleness baseline ($\Delta t = 0\,\text{s}, P_{\text{drop}} = 0\%$), Residual LSTM-AE achieves ","Anomaly detection F1 metrics across baseline, dt=5s, and AoI bins"
0.978,experiments/runs\E12_PUBLICATION_ARTIFACTS_20261002\summary.md,31,CONSISTENT,"- **[OBSERVED RESULT]:** Under deterministic staleness, residual LSTM-AE performance exhibits a sharp drop between $\Delta t = 1\,\text{s}$ ","Anomaly detection F1 metrics across baseline, dt=5s, and AoI bins"
0.1085,experiments/runs\E12_PUBLICATION_ARTIFACTS_20261002\summary.md,31,CONSISTENT,"- **[OBSERVED RESULT]:** Under deterministic staleness, residual LSTM-AE performance exhibits a sharp drop between $\Delta t = 1\,\text{s}$ ","Anomaly detection F1 metrics across baseline, dt=5s, and AoI bins"
8.95,experiments/runs\E12_PUBLICATION_ARTIFACTS_20261002\summary.md,32,CONSISTENT,"- **[OBSERVED RESULT]:** Active load estimation error scales continuously from $8.95\%$ MAPE at $\Delta t = 0\,\text{s}$ to $58.74\%$ at $\D","Baseline load forecasting test MAPE at dt=0s, seed 42"
0.978,experiments/runs\E12_PUBLICATION_ARTIFACTS_20261002\summary.md,45,CONSISTENT,"- **[OBSERVED RESULT - A3 Packet Loss]:** $20\%$ packet drop reduces $\Delta t = 1\,\text{s}$ residual $F_1$ from $0.9780$ to $0.3230$.","Anomaly detection F1 metrics across baseline, dt=5s, and AoI bins"
8.95,experiments/runs\E12_PUBLICATION_ARTIFACTS_20261002\summary.md,48,CONSISTENT,- **[OBSERVED RESULT - A7 Forecaster]:** Deep LSTM achieves lowest baseline error ($8.95\%$) vs. XGBoost ($10.51\%$) and Persistence ($11.23,"Baseline load forecasting test MAPE at dt=0s, seed 42"
10.51,experiments/runs\E12_PUBLICATION_ARTIFACTS_20261002\summary.md,48,CONSISTENT,- **[OBSERVED RESULT - A7 Forecaster]:** Deep LSTM achieves lowest baseline error ($8.95\%$) vs. XGBoost ($10.51\%$) and Persistence ($11.23,
11.23,experiments/runs\E12_PUBLICATION_ARTIFACTS_20261002\summary.md,48,CONSISTENT,- **[OBSERVED RESULT - A7 Forecaster]:** Deep LSTM achieves lowest baseline error ($8.95\%$) vs. XGBoost ($10.51\%$) and Persistence ($11.23,
0.978,experiments/runs\E12_PUBLICATION_ARTIFACTS_20261002\latex\publication_results.tex,6,CONSISTENT,"Under continuous real-time synchronization ($\Delta t = 0$\,s, $P_{\text{drop}} = 0\%$), the physics-based residual representation $r(t)$ ac","Anomaly detection F1 metrics across baseline, dt=5s, and AoI bins"
0.1085,experiments/runs\E12_PUBLICATION_ARTIFACTS_20261002\latex\publication_results.tex,8,CONSISTENT,"However, as synchronization staleness increased, zero-order hold state divergence induced rapid degradation. At $\Delta t \ge 5$\,s, hold-la","Anomaly detection F1 metrics across baseline, dt=5s, and AoI bins"
0.1085,experiments/runs\E12_PUBLICATION_ARTIFACTS_20261002\source_data\fig_03_source.csv,37,CONSISTENT,"E5_DT5_PD00_SEED42,5,0.0,lstm_autoencoder,residual,0.1085167889704247","Anomaly detection F1 metrics across baseline, dt=5s, and AoI bins"
14.7321,experiments/runs\E12_PUBLICATION_ARTIFACTS_20261002\source_data\fig_04_source.csv,2,CONSISTENT,"persistence,0.0,15.179876501045165,14.73210135971861,15.806540790489112","Baseline load forecasting test MAPE at dt=0s, seed 42"
14.7321,experiments/runs\E12_PUBLICATION_ARTIFACTS_20261002\source_data\fig_04_source.csv,3,CONSISTENT,"persistence,1.0,15.179876501045165,14.73210135971861,15.806540790489112","Baseline load forecasting test MAPE at dt=0s, seed 42"
8.9504,experiments/runs\E12_PUBLICATION_ARTIFACTS_20261002\source_data\fig_04_source.csv,14,CONSISTENT,"lstm,0.0,9.023695759891066,8.95040488214452,9.171423424412827","Baseline load forecasting test MAPE at dt=0s, seed 42"
8.95,experiments/runs\E12_PUBLICATION_ARTIFACTS_20261002\source_data\fig_04_source.csv,14,CONSISTENT,"lstm,0.0,9.023695759891066,8.95040488214452,9.171423424412827","Baseline load forecasting test MAPE at dt=0s, seed 42"
8.9504,experiments/runs\E12_PUBLICATION_ARTIFACTS_20261002\source_data\fig_04_source.csv,15,CONSISTENT,"lstm,1.0,9.023695759891066,8.95040488214452,9.171423424412827","Baseline load forecasting test MAPE at dt=0s, seed 42"
8.95,experiments/runs\E12_PUBLICATION_ARTIFACTS_20261002\source_data\fig_04_source.csv,15,CONSISTENT,"lstm,1.0,9.023695759891066,8.95040488214452,9.171423424412827","Baseline load forecasting test MAPE at dt=0s, seed 42"
62.29,experiments/runs\E12_PUBLICATION_ARTIFACTS_20261002\source_data\fig_04_source.csv,19,CONSISTENT,"lstm,300.0,60.41736835282616,59.52588344855144,62.29242940740781",
0.1085,experiments/runs\E12_PUBLICATION_ARTIFACTS_20261002\source_data\fig_05_source.csv,4,CONSISTENT,"5,0.1085167889704247,0.5386064030131827,-0.43008961404275803","Anomaly detection F1 metrics across baseline, dt=5s, and AoI bins"
0.186,experiments/runs\E12_PUBLICATION_ARTIFACTS_20261002\source_data\fig_07_source.csv,3,CONSISTENT,"1-5s,16975,184.89860933106144,320.0358138073692,18.489860933106147,0.7434637685657777,0.1855791962174941,0.1849234393404004,0.18623962040332",
8.9504,experiments/runs\E12_PUBLICATION_ARTIFACTS_20261002\tables\table_03_e5_condition_summary.csv,2,CONSISTENT,"0,0.0,0.0,0.1176470588235294,0.0887272727272727,0.5386064030131827,0.9779559118236472,14.73210135971861,9.063484965162122,8.95040488214452","Baseline load forecasting test MAPE at dt=0s, seed 42"
8.95,experiments/runs\E12_PUBLICATION_ARTIFACTS_20261002\tables\table_03_e5_condition_summary.csv,2,CONSISTENT,"0,0.0,0.0,0.1176470588235294,0.0887272727272727,0.5386064030131827,0.9779559118236472,14.73210135971861,9.063484965162122,8.95040488214452","Baseline load forecasting test MAPE at dt=0s, seed 42"
14.7321,experiments/runs\E12_PUBLICATION_ARTIFACTS_20261002\tables\table_03_e5_condition_summary.csv,2,CONSISTENT,"0,0.0,0.0,0.1176470588235294,0.0887272727272727,0.5386064030131827,0.9779559118236472,14.73210135971861,9.063484965162122,8.95040488214452","Baseline load forecasting test MAPE at dt=0s, seed 42"
8.95,experiments/runs\E12_PUBLICATION_ARTIFACTS_20261002\tables\table_03_e5_condition_summary.csv,3,CONSISTENT,"0,0.05,0.0534531963470319,0.1176470588235294,0.0887272727272727,0.5386064030131827,0.6421052631578947,14.953406180024844,9.125493651918465,8","Baseline load forecasting test MAPE at dt=0s, seed 42"
8.9504,experiments/runs\E12_PUBLICATION_ARTIFACTS_20261002\tables\table_03_e5_condition_summary.csv,6,CONSISTENT,"1,0.0,0.0,0.1176470588235294,0.0887272727272727,0.5386064030131827,0.9779559118236472,14.73210135971861,9.063484965162122,8.95040488214452","Baseline load forecasting test MAPE at dt=0s, seed 42"
8.95,experiments/runs\E12_PUBLICATION_ARTIFACTS_20261002\tables\table_03_e5_condition_summary.csv,6,CONSISTENT,"1,0.0,0.0,0.1176470588235294,0.0887272727272727,0.5386064030131827,0.9779559118236472,14.73210135971861,9.063484965162122,8.95040488214452","Baseline load forecasting test MAPE at dt=0s, seed 42"
14.7321,experiments/runs\E12_PUBLICATION_ARTIFACTS_20261002\tables\table_03_e5_condition_summary.csv,6,CONSISTENT,"1,0.0,0.0,0.1176470588235294,0.0887272727272727,0.5386064030131827,0.9779559118236472,14.73210135971861,9.063484965162122,8.95040488214452","Baseline load forecasting test MAPE at dt=0s, seed 42"
8.95,experiments/runs\E12_PUBLICATION_ARTIFACTS_20261002\tables\table_03_e5_condition_summary.csv,7,CONSISTENT,"1,0.05,0.0534531963470319,0.1176470588235294,0.0887272727272727,0.5386064030131827,0.6421052631578947,14.953406180024844,9.125493651918465,8","Baseline load forecasting test MAPE at dt=0s, seed 42"
0.1085,experiments/runs\E12_PUBLICATION_ARTIFACTS_20261002\tables\table_03_e5_condition_summary.csv,10,CONSISTENT,"5,0.0,2.0,0.1176470588235294,0.0887272727272727,0.5386064030131827,0.1085167889704247,25.12380949883275,15.351534295499333,15.26097293747152","Anomaly detection F1 metrics across baseline, dt=5s, and AoI bins"
62.29,experiments/runs\E12_PUBLICATION_ARTIFACTS_20261002\tables\table_03_e5_condition_summary.csv,22,CONSISTENT,"300,0.0,149.2945205479452,0.1176470588235294,0.0887272727272727,0.5386064030131827,0.0890023709648002,81.12563902637784,61.69410288075269,62",
8.95,experiments/runs\E12_PUBLICATION_ARTIFACTS_20261002\tables\table_03_e5_condition_summary.tex,11,CONSISTENT,0 & 0.00 & 0.00 & 0.1176 & 0.0887 & 0.5386 & 0.9780 & 14.73\% & 9.06\% & 8.95\% \\,"Baseline load forecasting test MAPE at dt=0s, seed 42"
0.978,experiments/runs\E12_PUBLICATION_ARTIFACTS_20261002\tables\table_03_e5_condition_summary.tex,11,CONSISTENT,0 & 0.00 & 0.00 & 0.1176 & 0.0887 & 0.5386 & 0.9780 & 14.73\% & 9.06\% & 8.95\% \\,"Anomaly detection F1 metrics across baseline, dt=5s, and AoI bins"
8.95,experiments/runs\E12_PUBLICATION_ARTIFACTS_20261002\tables\table_03_e5_condition_summary.tex,15,CONSISTENT,1 & 0.00 & 0.00 & 0.1176 & 0.0887 & 0.5386 & 0.9780 & 14.73\% & 9.06\% & 8.95\% \\,"Baseline load forecasting test MAPE at dt=0s, seed 42"
0.978,experiments/runs\E12_PUBLICATION_ARTIFACTS_20261002\tables\table_03_e5_condition_summary.tex,15,CONSISTENT,1 & 0.00 & 0.00 & 0.1176 & 0.0887 & 0.5386 & 0.9780 & 14.73\% & 9.06\% & 8.95\% \\,"Anomaly detection F1 metrics across baseline, dt=5s, and AoI bins"
0.1085,experiments/runs\E12_PUBLICATION_ARTIFACTS_20261002\tables\table_03_e5_condition_summary.tex,19,CONSISTENT,5 & 0.00 & 2.00 & 0.1176 & 0.0887 & 0.5386 & 0.1085 & 25.12\% & 15.35\% & 15.26\% \\,"Anomaly detection F1 metrics across baseline, dt=5s, and AoI bins"
62.29,experiments/runs\E12_PUBLICATION_ARTIFACTS_20261002\tables\table_03_e5_condition_summary.tex,31,CONSISTENT,300 & 0.00 & 149.29 & 0.1176 & 0.0887 & 0.5386 & 0.0890 & 81.13\% & 61.69\% & 62.29\% \\,
0.978,experiments/runs\E12_PUBLICATION_ARTIFACTS_20261002\tables\table_05_ablation_summary.csv,4,CONSISTENT,"A3: Stochastic Packet Loss,Packet drop rate Pdrop (0% to 20%),Pdrop = 0% vs. 20% at Δt = 1s,Residual LSTM-AE F1,-0.6550 F1 drop (0.9780 to 0","Anomaly detection F1 metrics across baseline, dt=5s, and AoI bins"
0.978,experiments/runs\E12_PUBLICATION_ARTIFACTS_20261002\tables\table_05_ablation_summary.csv,7,CONSISTENT,"A6: Detector Architecture,Sequential vs. spatial anomaly model,LSTM Autoencoder vs. Isolation Forest,Baseline Test F1,+0.8892 F1 advantage (","Anomaly detection F1 metrics across baseline, dt=5s, and AoI bins"
8.95,experiments/runs\E12_PUBLICATION_ARTIFACTS_20261002\tables\table_05_ablation_summary.csv,8,CONSISTENT,"A7: Forecaster Architecture,Temporal sequence vs. static gradient boosting,Deep LSTM vs. XGBoost / Persistence at Δt = 0s,Test MAPE (%),LSTM","Baseline load forecasting test MAPE at dt=0s, seed 42"
10.51,experiments/runs\E12_PUBLICATION_ARTIFACTS_20261002\tables\table_05_ablation_summary.csv,8,CONSISTENT,"A7: Forecaster Architecture,Temporal sequence vs. static gradient boosting,Deep LSTM vs. XGBoost / Persistence at Δt = 0s,Test MAPE (%),LSTM",
11.23,experiments/runs\E12_PUBLICATION_ARTIFACTS_20261002\tables\table_05_ablation_summary.csv,8,CONSISTENT,"A7: Forecaster Architecture,Temporal sequence vs. static gradient boosting,Deep LSTM vs. XGBoost / Persistence at Δt = 0s,Test MAPE (%),LSTM",
0.978,experiments/runs\E12_PUBLICATION_ARTIFACTS_20261002\tables\table_05_ablation_summary.csv,9,CONSISTENT,"A8: Threshold Calibration,Reconstruction percentile threshold,95th vs. 90th / 99th validation percentile,Test F1-Score,95th percentile yield","Anomaly detection F1 metrics across baseline, dt=5s, and AoI bins"
0.978,experiments/runs\E12_PUBLICATION_ARTIFACTS_20261002\tables\table_05_ablation_summary.tex,14,CONSISTENT,A3: Stochastic Packet Loss & Packet drop rate $P_{\text{drop}}$ (0\% to 20\%) & -0.6550 F1 drop (0.9780 to 0.3230) under 20\% loss & Stochas,"Anomaly detection F1 metrics across baseline, dt=5s, and AoI bins"
0.978,experiments/runs\E12_PUBLICATION_ARTIFACTS_20261002\tables\table_05_ablation_summary.tex,20,CONSISTENT,A6: Detector Architecture & Sequential vs. spatial anomaly model & +0.8892 F1 advantage (0.9780 vs. 0.0887) for LSTM-AE & Temporal sequence ,"Anomaly detection F1 metrics across baseline, dt=5s, and AoI bins"
8.95,experiments/runs\E12_PUBLICATION_ARTIFACTS_20261002\tables\table_05_ablation_summary.tex,22,CONSISTENT,A7: Forecaster Architecture & Temporal sequence vs. static gradient boosting & LSTM achieves 8.95\% vs. XGBoost 10.51\% and Persistence 11.2,"Baseline load forecasting test MAPE at dt=0s, seed 42"
10.51,experiments/runs\E12_PUBLICATION_ARTIFACTS_20261002\tables\table_05_ablation_summary.tex,22,CONSISTENT,A7: Forecaster Architecture & Temporal sequence vs. static gradient boosting & LSTM achieves 8.95\% vs. XGBoost 10.51\% and Persistence 11.2,
11.23,experiments/runs\E12_PUBLICATION_ARTIFACTS_20261002\tables\table_05_ablation_summary.tex,22,CONSISTENT,A7: Forecaster Architecture & Temporal sequence vs. static gradient boosting & LSTM achieves 8.95\% vs. XGBoost 10.51\% and Persistence 11.2,
0.978,experiments/runs\E12_PUBLICATION_ARTIFACTS_20261002\tables\table_05_ablation_summary.tex,24,CONSISTENT,A8: Threshold Calibration & Reconstruction percentile threshold & 95th percentile yields F1 = 0.9780; 90th yields 0.8421; 99th yields 0.6052,"Anomaly detection F1 metrics across baseline, dt=5s, and AoI bins"
0.978,experiments/runs\E13_MANUSCRIPT_SUBMISSION_20261002\audit_reports\claim_audit_report.json,105,CONSISTENT,"""value"": 0.978,","Anomaly detection F1 metrics across baseline, dt=5s, and AoI bins"
0.978,experiments/runs\E13_MANUSCRIPT_SUBMISSION_20261002\audit_reports\claim_audit_report.json,106,CONSISTENT,"""original_text"": ""0.978"",","Anomaly detection F1 metrics across baseline, dt=5s, and AoI bins"
0.978,experiments/runs\E13_MANUSCRIPT_SUBMISSION_20261002\audit_reports\claim_audit_report.json,481,CONSISTENT,"""value"": 0.978,","Anomaly detection F1 metrics across baseline, dt=5s, and AoI bins"
0.978,experiments/runs\E13_MANUSCRIPT_SUBMISSION_20261002\audit_reports\claim_audit_report.json,482,CONSISTENT,"""original_text"": ""0.978"",","Anomaly detection F1 metrics across baseline, dt=5s, and AoI bins"
0.978,experiments/runs\E13_MANUSCRIPT_SUBMISSION_20261002\manuscript\main.tex,47,CONSISTENT,"an anomaly detection F1~score of~0.978. As staleness increases, both","Anomaly detection F1 metrics across baseline, dt=5s, and AoI bins"
0.978,experiments/runs\E13_MANUSCRIPT_SUBMISSION_20261002\manuscript\main.tex,207,CONSISTENT,"achieves an anomaly detection F1~score of~0.978, substantially outperforming","Anomaly detection F1 metrics across baseline, dt=5s, and AoI bins"
8.9504,experiments/runs\E13_MANUSCRIPT_SUBMISSION_20261002\manuscript\tables\table_03_e5_condition_summary.csv,2,CONSISTENT,"0,0.0,0.0,0.1176470588235294,0.0887272727272727,0.5386064030131827,0.9779559118236472,14.73210135971861,9.063484965162122,8.95040488214452","Baseline load forecasting test MAPE at dt=0s, seed 42"
8.95,experiments/runs\E13_MANUSCRIPT_SUBMISSION_20261002\manuscript\tables\table_03_e5_condition_summary.csv,2,CONSISTENT,"0,0.0,0.0,0.1176470588235294,0.0887272727272727,0.5386064030131827,0.9779559118236472,14.73210135971861,9.063484965162122,8.95040488214452","Baseline load forecasting test MAPE at dt=0s, seed 42"
14.7321,experiments/runs\E13_MANUSCRIPT_SUBMISSION_20261002\manuscript\tables\table_03_e5_condition_summary.csv,2,CONSISTENT,"0,0.0,0.0,0.1176470588235294,0.0887272727272727,0.5386064030131827,0.9779559118236472,14.73210135971861,9.063484965162122,8.95040488214452","Baseline load forecasting test MAPE at dt=0s, seed 42"
8.95,experiments/runs\E13_MANUSCRIPT_SUBMISSION_20261002\manuscript\tables\table_03_e5_condition_summary.csv,3,CONSISTENT,"0,0.05,0.0534531963470319,0.1176470588235294,0.0887272727272727,0.5386064030131827,0.6421052631578947,14.953406180024844,9.125493651918465,8","Baseline load forecasting test MAPE at dt=0s, seed 42"
8.9504,experiments/runs\E13_MANUSCRIPT_SUBMISSION_20261002\manuscript\tables\table_03_e5_condition_summary.csv,6,CONSISTENT,"1,0.0,0.0,0.1176470588235294,0.0887272727272727,0.5386064030131827,0.9779559118236472,14.73210135971861,9.063484965162122,8.95040488214452","Baseline load forecasting test MAPE at dt=0s, seed 42"
8.95,experiments/runs\E13_MANUSCRIPT_SUBMISSION_20261002\manuscript\tables\table_03_e5_condition_summary.csv,6,CONSISTENT,"1,0.0,0.0,0.1176470588235294,0.0887272727272727,0.5386064030131827,0.9779559118236472,14.73210135971861,9.063484965162122,8.95040488214452","Baseline load forecasting test MAPE at dt=0s, seed 42"
14.7321,experiments/runs\E13_MANUSCRIPT_SUBMISSION_20261002\manuscript\tables\table_03_e5_condition_summary.csv,6,CONSISTENT,"1,0.0,0.0,0.1176470588235294,0.0887272727272727,0.5386064030131827,0.9779559118236472,14.73210135971861,9.063484965162122,8.95040488214452","Baseline load forecasting test MAPE at dt=0s, seed 42"
8.95,experiments/runs\E13_MANUSCRIPT_SUBMISSION_20261002\manuscript\tables\table_03_e5_condition_summary.csv,7,CONSISTENT,"1,0.05,0.0534531963470319,0.1176470588235294,0.0887272727272727,0.5386064030131827,0.6421052631578947,14.953406180024844,9.125493651918465,8","Baseline load forecasting test MAPE at dt=0s, seed 42"
0.1085,experiments/runs\E13_MANUSCRIPT_SUBMISSION_20261002\manuscript\tables\table_03_e5_condition_summary.csv,10,CONSISTENT,"5,0.0,2.0,0.1176470588235294,0.0887272727272727,0.5386064030131827,0.1085167889704247,25.12380949883275,15.351534295499333,15.26097293747152","Anomaly detection F1 metrics across baseline, dt=5s, and AoI bins"
62.29,experiments/runs\E13_MANUSCRIPT_SUBMISSION_20261002\manuscript\tables\table_03_e5_condition_summary.csv,22,CONSISTENT,"300,0.0,149.2945205479452,0.1176470588235294,0.0887272727272727,0.5386064030131827,0.0890023709648002,81.12563902637784,61.69410288075269,62",
8.95,experiments/runs\E13_MANUSCRIPT_SUBMISSION_20261002\manuscript\tables\table_03_e5_condition_summary.tex,11,CONSISTENT,0 & 0.00 & 0.00 & 0.1176 & 0.0887 & 0.5386 & 0.9780 & 14.73\% & 9.06\% & 8.95\% \\,"Baseline load forecasting test MAPE at dt=0s, seed 42"
0.978,experiments/runs\E13_MANUSCRIPT_SUBMISSION_20261002\manuscript\tables\table_03_e5_condition_summary.tex,11,CONSISTENT,0 & 0.00 & 0.00 & 0.1176 & 0.0887 & 0.5386 & 0.9780 & 14.73\% & 9.06\% & 8.95\% \\,"Anomaly detection F1 metrics across baseline, dt=5s, and AoI bins"
8.95,experiments/runs\E13_MANUSCRIPT_SUBMISSION_20261002\manuscript\tables\table_03_e5_condition_summary.tex,15,CONSISTENT,1 & 0.00 & 0.00 & 0.1176 & 0.0887 & 0.5386 & 0.9780 & 14.73\% & 9.06\% & 8.95\% \\,"Baseline load forecasting test MAPE at dt=0s, seed 42"
0.978,experiments/runs\E13_MANUSCRIPT_SUBMISSION_20261002\manuscript\tables\table_03_e5_condition_summary.tex,15,CONSISTENT,1 & 0.00 & 0.00 & 0.1176 & 0.0887 & 0.5386 & 0.9780 & 14.73\% & 9.06\% & 8.95\% \\,"Anomaly detection F1 metrics across baseline, dt=5s, and AoI bins"
0.1085,experiments/runs\E13_MANUSCRIPT_SUBMISSION_20261002\manuscript\tables\table_03_e5_condition_summary.tex,19,CONSISTENT,5 & 0.00 & 2.00 & 0.1176 & 0.0887 & 0.5386 & 0.1085 & 25.12\% & 15.35\% & 15.26\% \\,"Anomaly detection F1 metrics across baseline, dt=5s, and AoI bins"
62.29,experiments/runs\E13_MANUSCRIPT_SUBMISSION_20261002\manuscript\tables\table_03_e5_condition_summary.tex,31,CONSISTENT,300 & 0.00 & 149.29 & 0.1176 & 0.0887 & 0.5386 & 0.0890 & 81.13\% & 61.69\% & 62.29\% \\,
0.978,experiments/runs\E13_MANUSCRIPT_SUBMISSION_20261002\manuscript\tables\table_05_ablation_summary.csv,4,CONSISTENT,"A3: Stochastic Packet Loss,Packet drop rate Pdrop (0% to 20%),Pdrop = 0% vs. 20% at Δt = 1s,Residual LSTM-AE F1,-0.6550 F1 drop (0.9780 to 0","Anomaly detection F1 metrics across baseline, dt=5s, and AoI bins"
0.978,experiments/runs\E13_MANUSCRIPT_SUBMISSION_20261002\manuscript\tables\table_05_ablation_summary.csv,7,CONSISTENT,"A6: Detector Architecture,Sequential vs. spatial anomaly model,LSTM Autoencoder vs. Isolation Forest,Baseline Test F1,+0.8892 F1 advantage (","Anomaly detection F1 metrics across baseline, dt=5s, and AoI bins"
8.95,experiments/runs\E13_MANUSCRIPT_SUBMISSION_20261002\manuscript\tables\table_05_ablation_summary.csv,8,CONSISTENT,"A7: Forecaster Architecture,Temporal sequence vs. static gradient boosting,Deep LSTM vs. XGBoost / Persistence at Δt = 0s,Test MAPE (%),LSTM","Baseline load forecasting test MAPE at dt=0s, seed 42"
10.51,experiments/runs\E13_MANUSCRIPT_SUBMISSION_20261002\manuscript\tables\table_05_ablation_summary.csv,8,CONSISTENT,"A7: Forecaster Architecture,Temporal sequence vs. static gradient boosting,Deep LSTM vs. XGBoost / Persistence at Δt = 0s,Test MAPE (%),LSTM",
11.23,experiments/runs\E13_MANUSCRIPT_SUBMISSION_20261002\manuscript\tables\table_05_ablation_summary.csv,8,CONSISTENT,"A7: Forecaster Architecture,Temporal sequence vs. static gradient boosting,Deep LSTM vs. XGBoost / Persistence at Δt = 0s,Test MAPE (%),LSTM",
0.978,experiments/runs\E13_MANUSCRIPT_SUBMISSION_20261002\manuscript\tables\table_05_ablation_summary.csv,9,CONSISTENT,"A8: Threshold Calibration,Reconstruction percentile threshold,95th vs. 90th / 99th validation percentile,Test F1-Score,95th percentile yield","Anomaly detection F1 metrics across baseline, dt=5s, and AoI bins"
0.978,experiments/runs\E13_MANUSCRIPT_SUBMISSION_20261002\manuscript\tables\table_05_ablation_summary.tex,14,CONSISTENT,A3: Stochastic Packet Loss & Packet drop rate $P_{\text{drop}}$ (0\% to 20\%) & -0.6550 F1 drop (0.9780 to 0.3230) under 20\% loss & Stochas,"Anomaly detection F1 metrics across baseline, dt=5s, and AoI bins"
0.978,experiments/runs\E13_MANUSCRIPT_SUBMISSION_20261002\manuscript\tables\table_05_ablation_summary.tex,20,CONSISTENT,A6: Detector Architecture & Sequential vs. spatial anomaly model & +0.8892 F1 advantage (0.9780 vs. 0.0887) for LSTM-AE & Temporal sequence ,"Anomaly detection F1 metrics across baseline, dt=5s, and AoI bins"
8.95,experiments/runs\E13_MANUSCRIPT_SUBMISSION_20261002\manuscript\tables\table_05_ablation_summary.tex,22,CONSISTENT,A7: Forecaster Architecture & Temporal sequence vs. static gradient boosting & LSTM achieves 8.95\% vs. XGBoost 10.51\% and Persistence 11.2,"Baseline load forecasting test MAPE at dt=0s, seed 42"
10.51,experiments/runs\E13_MANUSCRIPT_SUBMISSION_20261002\manuscript\tables\table_05_ablation_summary.tex,22,CONSISTENT,A7: Forecaster Architecture & Temporal sequence vs. static gradient boosting & LSTM achieves 8.95\% vs. XGBoost 10.51\% and Persistence 11.2,
11.23,experiments/runs\E13_MANUSCRIPT_SUBMISSION_20261002\manuscript\tables\table_05_ablation_summary.tex,22,CONSISTENT,A7: Forecaster Architecture & Temporal sequence vs. static gradient boosting & LSTM achieves 8.95\% vs. XGBoost 10.51\% and Persistence 11.2,
0.978,experiments/runs\E13_MANUSCRIPT_SUBMISSION_20261002\manuscript\tables\table_05_ablation_summary.tex,24,CONSISTENT,A8: Threshold Calibration & Reconstruction percentile threshold & 95th percentile yields F1 = 0.9780; 90th yields 0.8421; 99th yields 0.6052,"Anomaly detection F1 metrics across baseline, dt=5s, and AoI bins"
8.9504,experiments/runs\E14_FINAL_SCIENTIFIC_AUDIT_20261002\claim_registry_final.json,216,CONSISTENT,"""expected_value"": 8.950405,","Baseline load forecasting test MAPE at dt=0s, seed 42"
8.95,experiments/runs\E14_FINAL_SCIENTIFIC_AUDIT_20261002\claim_registry_final.json,216,CONSISTENT,"""expected_value"": 8.950405,","Baseline load forecasting test MAPE at dt=0s, seed 42"
8.9504,experiments/runs\E14_FINAL_SCIENTIFIC_AUDIT_20261002\claim_registry_final.json,217,CONSISTENT,"""verified_value"": 8.95040488214452,","Baseline load forecasting test MAPE at dt=0s, seed 42"
8.95,experiments/runs\E14_FINAL_SCIENTIFIC_AUDIT_20261002\claim_registry_final.json,217,CONSISTENT,"""verified_value"": 8.95040488214452,","Baseline load forecasting test MAPE at dt=0s, seed 42"
14.7321,experiments/runs\E14_FINAL_SCIENTIFIC_AUDIT_20261002\claim_registry_final.json,246,CONSISTENT,"""expected_value"": 14.732101,","Baseline load forecasting test MAPE at dt=0s, seed 42"
14.7321,experiments/runs\E14_FINAL_SCIENTIFIC_AUDIT_20261002\claim_registry_final.json,247,CONSISTENT,"""verified_value"": 14.73210135971861,","Baseline load forecasting test MAPE at dt=0s, seed 42"
73584,experiments/runs\E14_FINAL_SCIENTIFIC_AUDIT_20261002\claim_registry_final.json,261,CONSISTENT,"""expected_value"": 73584,",Active transient timesteps audited across Phase 11
73584,experiments/runs\E14_FINAL_SCIENTIFIC_AUDIT_20261002\claim_registry_final.json,262,CONSISTENT,"""verified_value"": 73584,",Active transient timesteps audited across Phase 11
8.9504,experiments/runs\E14_FINAL_SCIENTIFIC_AUDIT_20261002\numerical_audit_final.json,222,CONSISTENT,"""expected_value"": 8.950405,","Baseline load forecasting test MAPE at dt=0s, seed 42"
8.95,experiments/runs\E14_FINAL_SCIENTIFIC_AUDIT_20261002\numerical_audit_final.json,222,CONSISTENT,"""expected_value"": 8.950405,","Baseline load forecasting test MAPE at dt=0s, seed 42"
8.9504,experiments/runs\E14_FINAL_SCIENTIFIC_AUDIT_20261002\numerical_audit_final.json,223,CONSISTENT,"""verified_value"": 8.95040488214452,","Baseline load forecasting test MAPE at dt=0s, seed 42"
8.95,experiments/runs\E14_FINAL_SCIENTIFIC_AUDIT_20261002\numerical_audit_final.json,223,CONSISTENT,"""verified_value"": 8.95040488214452,","Baseline load forecasting test MAPE at dt=0s, seed 42"
14.7321,experiments/runs\E14_FINAL_SCIENTIFIC_AUDIT_20261002\numerical_audit_final.json,252,CONSISTENT,"""expected_value"": 14.732101,","Baseline load forecasting test MAPE at dt=0s, seed 42"
14.7321,experiments/runs\E14_FINAL_SCIENTIFIC_AUDIT_20261002\numerical_audit_final.json,253,CONSISTENT,"""verified_value"": 14.73210135971861,","Baseline load forecasting test MAPE at dt=0s, seed 42"
73584,experiments/runs\E14_FINAL_SCIENTIFIC_AUDIT_20261002\numerical_audit_final.json,267,CONSISTENT,"""expected_value"": 73584,",Active transient timesteps audited across Phase 11
73584,experiments/runs\E14_FINAL_SCIENTIFIC_AUDIT_20261002\numerical_audit_final.json,268,CONSISTENT,"""verified_value"": 73584,",Active transient timesteps audited across Phase 11
8.9504,experiments/runs\E14_FINAL_SCIENTIFIC_AUDIT_20261002\claims\all_claims.csv,16,CONSISTENT,"C15,Baseline LSTM load estimation test MAPE under ideal synchronization,mape_percentage,8.950405,8.95040488214452,0.001,phase8_e5,comparison","Baseline load forecasting test MAPE at dt=0s, seed 42"
8.95,experiments/runs\E14_FINAL_SCIENTIFIC_AUDIT_20261002\claims\all_claims.csv,16,CONSISTENT,"C15,Baseline LSTM load estimation test MAPE under ideal synchronization,mape_percentage,8.950405,8.95040488214452,0.001,phase8_e5,comparison","Baseline load forecasting test MAPE at dt=0s, seed 42"
14.7321,experiments/runs\E14_FINAL_SCIENTIFIC_AUDIT_20261002\claims\all_claims.csv,18,CONSISTENT,"C17,Baseline Persistence load estimation test MAPE under ideal synchronization,mape_percentage,14.732101,14.73210135971861,0.001,phase8_e5,c","Baseline load forecasting test MAPE at dt=0s, seed 42"
73584,experiments/runs\E14_FINAL_SCIENTIFIC_AUDIT_20261002\claims\all_claims.csv,19,CONSISTENT,"C18,Total audited transient timesteps across active staleness epochs in Phase 11,timesteps_count,73584,73584,0.0,phase11_e11,summary.md,tran",Active transient timesteps audited across Phase 11
8.9504,experiments/runs\E14_FINAL_SCIENTIFIC_AUDIT_20261002\claims\verified_claims.csv,16,CONSISTENT,"C15,Baseline LSTM load estimation test MAPE under ideal synchronization,mape_percentage,8.950405,8.95040488214452,0.001,phase8_e5,comparison","Baseline load forecasting test MAPE at dt=0s, seed 42"
8.95,experiments/runs\E14_FINAL_SCIENTIFIC_AUDIT_20261002\claims\verified_claims.csv,16,CONSISTENT,"C15,Baseline LSTM load estimation test MAPE under ideal synchronization,mape_percentage,8.950405,8.95040488214452,0.001,phase8_e5,comparison","Baseline load forecasting test MAPE at dt=0s, seed 42"
14.7321,experiments/runs\E14_FINAL_SCIENTIFIC_AUDIT_20261002\claims\verified_claims.csv,18,CONSISTENT,"C17,Baseline Persistence load estimation test MAPE under ideal synchronization,mape_percentage,14.732101,14.73210135971861,0.001,phase8_e5,c","Baseline load forecasting test MAPE at dt=0s, seed 42"
73584,experiments/runs\E14_FINAL_SCIENTIFIC_AUDIT_20261002\claims\verified_claims.csv,19,CONSISTENT,"C18,Total audited transient timesteps across active staleness epochs in Phase 11,timesteps_count,73584,73584,0.0,phase11_e11,summary.md,tran",Active transient timesteps audited across Phase 11
0.5752,experiments/runs\E14_FINAL_SCIENTIFIC_AUDIT_20261002\discrepancies\c13_aoi_investigation.md,39,CONSISTENT,"| `0s (Fresh)` | 20,952 | 11.50 | 1.15 | 0.5752 |","Anomaly detection F1 metrics across baseline, dt=5s, and AoI bins"
0.1856,experiments/runs\E14_FINAL_SCIENTIFIC_AUDIT_20261002\discrepancies\c13_aoi_investigation.md,40,CONSISTENT,"| `1-5s` | 16,975 | 184.90 (16x jump) | 18.49 | 0.1856 (cliff) |","Anomaly detection F1 metrics across baseline, dt=5s, and AoI bins"
0.5752,experiments/runs\E14_FINAL_SCIENTIFIC_AUDIT_20261002\discrepancies\c13_aoi_investigation.md,48,CONSISTENT,2. Detection F1 score collapses precipitously from **0.5752 to 0.1856** (a 67.7% relative drop).,"Anomaly detection F1 metrics across baseline, dt=5s, and AoI bins"
0.1856,experiments/runs\E14_FINAL_SCIENTIFIC_AUDIT_20261002\discrepancies\c13_aoi_investigation.md,48,CONSISTENT,2. Detection F1 score collapses precipitously from **0.5752 to 0.1856** (a 67.7% relative drop).,"Anomaly detection F1 metrics across baseline, dt=5s, and AoI bins"
0.978,experiments/runs\E14_FINAL_SCIENTIFIC_AUDIT_20261002\discrepancies\c13_aoi_investigation.md,49,CONSISTENT,"3. In discrete staleness sweeping (E5), $F_1$ drops from $0.978$ at $\Delta t = 1\,$s to $0.108$ at $\Delta t = 5\,$s.","Anomaly detection F1 metrics across baseline, dt=5s, and AoI bins"
0.186,experiments/runs\E14_FINAL_SCIENTIFIC_AUDIT_20261002\discrepancies\discrepancy_register.csv,2,CONSISTENT,"DISC-001-C13-AOI,Phase 11 / Phase 12 / Phase 13,table_04_change_point_analysis.csv vs summary.md / figure_07,""AoI* ≈ 5.0 s (95% CI: [3.5, 7.",
0.186,experiments/runs\E14_FINAL_SCIENTIFIC_AUDIT_20261002\discrepancies\discrepancy_register.json,10,CONSISTENT,"""root_cause"": ""Methodological duality (Case B): The automated threshold algorithm ('residual_divergence_ratio_threshold') detects the first ",
0.186,experiments/runs\E14_FINAL_SCIENTIFIC_AUDIT_20261002\discrepancies\discrepancy_register.json,12,CONSISTENT,"""evidence"": ""table_04_change_point_analysis.csv (0.0 s, DETECTED); summary.md line 35 (5.0 s, [3.5, 7.5] s); table_03_transient_statistics.c",
0.978,experiments/runs\E14_FINAL_SCIENTIFIC_AUDIT_20261002\manuscript\main.tex,47,CONSISTENT,"an anomaly detection F1~score of~0.978. As staleness increases, both","Anomaly detection F1 metrics across baseline, dt=5s, and AoI bins"
0.978,experiments/runs\E14_FINAL_SCIENTIFIC_AUDIT_20261002\manuscript\main.tex,207,CONSISTENT,"achieves an anomaly detection F1~score of~0.978, substantially outperforming","Anomaly detection F1 metrics across baseline, dt=5s, and AoI bins"
8.9504,experiments/runs\E14_FINAL_SCIENTIFIC_AUDIT_20261002\manuscript\tables\table_03_e5_condition_summary.csv,2,CONSISTENT,"0,0.0,0.0,0.1176470588235294,0.0887272727272727,0.5386064030131827,0.9779559118236472,14.73210135971861,9.063484965162122,8.95040488214452","Baseline load forecasting test MAPE at dt=0s, seed 42"
8.95,experiments/runs\E14_FINAL_SCIENTIFIC_AUDIT_20261002\manuscript\tables\table_03_e5_condition_summary.csv,2,CONSISTENT,"0,0.0,0.0,0.1176470588235294,0.0887272727272727,0.5386064030131827,0.9779559118236472,14.73210135971861,9.063484965162122,8.95040488214452","Baseline load forecasting test MAPE at dt=0s, seed 42"
14.7321,experiments/runs\E14_FINAL_SCIENTIFIC_AUDIT_20261002\manuscript\tables\table_03_e5_condition_summary.csv,2,CONSISTENT,"0,0.0,0.0,0.1176470588235294,0.0887272727272727,0.5386064030131827,0.9779559118236472,14.73210135971861,9.063484965162122,8.95040488214452","Baseline load forecasting test MAPE at dt=0s, seed 42"
8.95,experiments/runs\E14_FINAL_SCIENTIFIC_AUDIT_20261002\manuscript\tables\table_03_e5_condition_summary.csv,3,CONSISTENT,"0,0.05,0.0534531963470319,0.1176470588235294,0.0887272727272727,0.5386064030131827,0.6421052631578947,14.953406180024844,9.125493651918465,8","Baseline load forecasting test MAPE at dt=0s, seed 42"
8.9504,experiments/runs\E14_FINAL_SCIENTIFIC_AUDIT_20261002\manuscript\tables\table_03_e5_condition_summary.csv,6,CONSISTENT,"1,0.0,0.0,0.1176470588235294,0.0887272727272727,0.5386064030131827,0.9779559118236472,14.73210135971861,9.063484965162122,8.95040488214452","Baseline load forecasting test MAPE at dt=0s, seed 42"
8.95,experiments/runs\E14_FINAL_SCIENTIFIC_AUDIT_20261002\manuscript\tables\table_03_e5_condition_summary.csv,6,CONSISTENT,"1,0.0,0.0,0.1176470588235294,0.0887272727272727,0.5386064030131827,0.9779559118236472,14.73210135971861,9.063484965162122,8.95040488214452","Baseline load forecasting test MAPE at dt=0s, seed 42"
14.7321,experiments/runs\E14_FINAL_SCIENTIFIC_AUDIT_20261002\manuscript\tables\table_03_e5_condition_summary.csv,6,CONSISTENT,"1,0.0,0.0,0.1176470588235294,0.0887272727272727,0.5386064030131827,0.9779559118236472,14.73210135971861,9.063484965162122,8.95040488214452","Baseline load forecasting test MAPE at dt=0s, seed 42"
8.95,experiments/runs\E14_FINAL_SCIENTIFIC_AUDIT_20261002\manuscript\tables\table_03_e5_condition_summary.csv,7,CONSISTENT,"1,0.05,0.0534531963470319,0.1176470588235294,0.0887272727272727,0.5386064030131827,0.6421052631578947,14.953406180024844,9.125493651918465,8","Baseline load forecasting test MAPE at dt=0s, seed 42"
0.1085,experiments/runs\E14_FINAL_SCIENTIFIC_AUDIT_20261002\manuscript\tables\table_03_e5_condition_summary.csv,10,CONSISTENT,"5,0.0,2.0,0.1176470588235294,0.0887272727272727,0.5386064030131827,0.1085167889704247,25.12380949883275,15.351534295499333,15.26097293747152","Anomaly detection F1 metrics across baseline, dt=5s, and AoI bins"
62.29,experiments/runs\E14_FINAL_SCIENTIFIC_AUDIT_20261002\manuscript\tables\table_03_e5_condition_summary.csv,22,CONSISTENT,"300,0.0,149.2945205479452,0.1176470588235294,0.0887272727272727,0.5386064030131827,0.0890023709648002,81.12563902637784,61.69410288075269,62",
8.95,experiments/runs\E14_FINAL_SCIENTIFIC_AUDIT_20261002\manuscript\tables\table_03_e5_condition_summary.tex,11,CONSISTENT,0 & 0.00 & 0.00 & 0.1176 & 0.0887 & 0.5386 & 0.9780 & 14.73\% & 9.06\% & 8.95\% \\,"Baseline load forecasting test MAPE at dt=0s, seed 42"
0.978,experiments/runs\E14_FINAL_SCIENTIFIC_AUDIT_20261002\manuscript\tables\table_03_e5_condition_summary.tex,11,CONSISTENT,0 & 0.00 & 0.00 & 0.1176 & 0.0887 & 0.5386 & 0.9780 & 14.73\% & 9.06\% & 8.95\% \\,"Anomaly detection F1 metrics across baseline, dt=5s, and AoI bins"
8.95,experiments/runs\E14_FINAL_SCIENTIFIC_AUDIT_20261002\manuscript\tables\table_03_e5_condition_summary.tex,15,CONSISTENT,1 & 0.00 & 0.00 & 0.1176 & 0.0887 & 0.5386 & 0.9780 & 14.73\% & 9.06\% & 8.95\% \\,"Baseline load forecasting test MAPE at dt=0s, seed 42"
0.978,experiments/runs\E14_FINAL_SCIENTIFIC_AUDIT_20261002\manuscript\tables\table_03_e5_condition_summary.tex,15,CONSISTENT,1 & 0.00 & 0.00 & 0.1176 & 0.0887 & 0.5386 & 0.9780 & 14.73\% & 9.06\% & 8.95\% \\,"Anomaly detection F1 metrics across baseline, dt=5s, and AoI bins"
0.1085,experiments/runs\E14_FINAL_SCIENTIFIC_AUDIT_20261002\manuscript\tables\table_03_e5_condition_summary.tex,19,CONSISTENT,5 & 0.00 & 2.00 & 0.1176 & 0.0887 & 0.5386 & 0.1085 & 25.12\% & 15.35\% & 15.26\% \\,"Anomaly detection F1 metrics across baseline, dt=5s, and AoI bins"
62.29,experiments/runs\E14_FINAL_SCIENTIFIC_AUDIT_20261002\manuscript\tables\table_03_e5_condition_summary.tex,31,CONSISTENT,300 & 0.00 & 149.29 & 0.1176 & 0.0887 & 0.5386 & 0.0890 & 81.13\% & 61.69\% & 62.29\% \\,
0.978,experiments/runs\E14_FINAL_SCIENTIFIC_AUDIT_20261002\manuscript\tables\table_05_ablation_summary.csv,4,CONSISTENT,"A3: Stochastic Packet Loss,Packet drop rate Pdrop (0% to 20%),Pdrop = 0% vs. 20% at Δt = 1s,Residual LSTM-AE F1,-0.6550 F1 drop (0.9780 to 0","Anomaly detection F1 metrics across baseline, dt=5s, and AoI bins"
0.978,experiments/runs\E14_FINAL_SCIENTIFIC_AUDIT_20261002\manuscript\tables\table_05_ablation_summary.csv,7,CONSISTENT,"A6: Detector Architecture,Sequential vs. spatial anomaly model,LSTM Autoencoder vs. Isolation Forest,Baseline Test F1,+0.8892 F1 advantage (","Anomaly detection F1 metrics across baseline, dt=5s, and AoI bins"
8.95,experiments/runs\E14_FINAL_SCIENTIFIC_AUDIT_20261002\manuscript\tables\table_05_ablation_summary.csv,8,CONSISTENT,"A7: Forecaster Architecture,Temporal sequence vs. static gradient boosting,Deep LSTM vs. XGBoost / Persistence at Δt = 0s,Test MAPE (%),LSTM","Baseline load forecasting test MAPE at dt=0s, seed 42"
10.51,experiments/runs\E14_FINAL_SCIENTIFIC_AUDIT_20261002\manuscript\tables\table_05_ablation_summary.csv,8,CONSISTENT,"A7: Forecaster Architecture,Temporal sequence vs. static gradient boosting,Deep LSTM vs. XGBoost / Persistence at Δt = 0s,Test MAPE (%),LSTM",
11.23,experiments/runs\E14_FINAL_SCIENTIFIC_AUDIT_20261002\manuscript\tables\table_05_ablation_summary.csv,8,CONSISTENT,"A7: Forecaster Architecture,Temporal sequence vs. static gradient boosting,Deep LSTM vs. XGBoost / Persistence at Δt = 0s,Test MAPE (%),LSTM",
0.978,experiments/runs\E14_FINAL_SCIENTIFIC_AUDIT_20261002\manuscript\tables\table_05_ablation_summary.csv,9,CONSISTENT,"A8: Threshold Calibration,Reconstruction percentile threshold,95th vs. 90th / 99th validation percentile,Test F1-Score,95th percentile yield","Anomaly detection F1 metrics across baseline, dt=5s, and AoI bins"
0.978,experiments/runs\E14_FINAL_SCIENTIFIC_AUDIT_20261002\manuscript\tables\table_05_ablation_summary.tex,14,CONSISTENT,A3: Stochastic Packet Loss & Packet drop rate $P_{\text{drop}}$ (0\% to 20\%) & -0.6550 F1 drop (0.9780 to 0.3230) under 20\% loss & Stochas,"Anomaly detection F1 metrics across baseline, dt=5s, and AoI bins"
0.978,experiments/runs\E14_FINAL_SCIENTIFIC_AUDIT_20261002\manuscript\tables\table_05_ablation_summary.tex,20,CONSISTENT,A6: Detector Architecture & Sequential vs. spatial anomaly model & +0.8892 F1 advantage (0.9780 vs. 0.0887) for LSTM-AE & Temporal sequence ,"Anomaly detection F1 metrics across baseline, dt=5s, and AoI bins"
8.95,experiments/runs\E14_FINAL_SCIENTIFIC_AUDIT_20261002\manuscript\tables\table_05_ablation_summary.tex,22,CONSISTENT,A7: Forecaster Architecture & Temporal sequence vs. static gradient boosting & LSTM achieves 8.95\% vs. XGBoost 10.51\% and Persistence 11.2,"Baseline load forecasting test MAPE at dt=0s, seed 42"
10.51,experiments/runs\E14_FINAL_SCIENTIFIC_AUDIT_20261002\manuscript\tables\table_05_ablation_summary.tex,22,CONSISTENT,A7: Forecaster Architecture & Temporal sequence vs. static gradient boosting & LSTM achieves 8.95\% vs. XGBoost 10.51\% and Persistence 11.2,
11.23,experiments/runs\E14_FINAL_SCIENTIFIC_AUDIT_20261002\manuscript\tables\table_05_ablation_summary.tex,22,CONSISTENT,A7: Forecaster Architecture & Temporal sequence vs. static gradient boosting & LSTM achieves 8.95\% vs. XGBoost 10.51\% and Persistence 11.2,
0.978,experiments/runs\E14_FINAL_SCIENTIFIC_AUDIT_20261002\manuscript\tables\table_05_ablation_summary.tex,24,CONSISTENT,A8: Threshold Calibration & Reconstruction percentile threshold & 95th percentile yields F1 = 0.9780; 90th yields 0.8421; 99th yields 0.6052,"Anomaly detection F1 metrics across baseline, dt=5s, and AoI bins"
0.978,experiments/runs\E4_RAW_VS_RESIDUAL_SEED42_20260930\summary.md,18,CONSISTENT,| E4-4 | lstm_autoencoder | residual | 0.0004 | 0.9569 | 1.0000 | 0.9780 | 1.0000 | 1.0000 | 0.0022 | 0.0000 | 5256 | 244 | 255 |,"Anomaly detection F1 metrics across baseline, dt=5s, and AoI bins"
14.7321,experiments/runs\E5_BASELINE_RECONCILIATION_SEED42_20260930\comparison.csv,4,CONSISTENT,"E5_DT0_PD00_SEED42,0,0.0,0.0,0.0,load_estimation,persistence,None,raw,mape,14.73210135971861,14.73210135971861,0.0,0.0,SUCCESS","Baseline load forecasting test MAPE at dt=0s, seed 42"
8.9504,experiments/runs\E5_BASELINE_RECONCILIATION_SEED42_20260930\comparison.csv,12,CONSISTENT,"E5_DT0_PD00_SEED42,0,0.0,0.0,0.0,load_estimation,lstm,None,raw,mape,8.95040488214452,8.95040488214452,0.0,0.0,SUCCESS","Baseline load forecasting test MAPE at dt=0s, seed 42"
8.95,experiments/runs\E5_BASELINE_RECONCILIATION_SEED42_20260930\comparison.csv,12,CONSISTENT,"E5_DT0_PD00_SEED42,0,0.0,0.0,0.0,load_estimation,lstm,None,raw,mape,8.95040488214452,8.95040488214452,0.0,0.0,SUCCESS","Baseline load forecasting test MAPE at dt=0s, seed 42"
14.7321,experiments/runs\E5_BASELINE_RECONCILIATION_SEED42_20260930\e5_after_metrics.json,30,CONSISTENT,"""mape"": 14.73210135971861,","Baseline load forecasting test MAPE at dt=0s, seed 42"
8.9504,experiments/runs\E5_BASELINE_RECONCILIATION_SEED42_20260930\e5_after_metrics.json,42,CONSISTENT,"""mape"": 8.95040488214452,","Baseline load forecasting test MAPE at dt=0s, seed 42"
8.95,experiments/runs\E5_BASELINE_RECONCILIATION_SEED42_20260930\e5_after_metrics.json,42,CONSISTENT,"""mape"": 8.95040488214452,","Baseline load forecasting test MAPE at dt=0s, seed 42"
14.7321,experiments/runs\E5_BASELINE_RECONCILIATION_SEED42_20260930\e5_before_metrics.json,444,CONSISTENT,"""mape"": 14.73210135971861,","Baseline load forecasting test MAPE at dt=0s, seed 42"
8.9504,experiments/runs\E5_BASELINE_RECONCILIATION_SEED42_20260930\e5_before_metrics.json,456,CONSISTENT,"""mape"": 8.95040488214452,","Baseline load forecasting test MAPE at dt=0s, seed 42"
8.95,experiments/runs\E5_BASELINE_RECONCILIATION_SEED42_20260930\e5_before_metrics.json,456,CONSISTENT,"""mape"": 8.95040488214452,","Baseline load forecasting test MAPE at dt=0s, seed 42"
8.95,experiments/runs\E5_BASELINE_RECONCILIATION_SEED42_20260930\e5_before_metrics.json,476,CONSISTENT,"""mape"": 8.959365985897191,","Baseline load forecasting test MAPE at dt=0s, seed 42"
14.7321,experiments/runs\E5_BASELINE_RECONCILIATION_SEED42_20260930\e5_before_metrics.json,524,CONSISTENT,"""mape"": 14.73210135971861,","Baseline load forecasting test MAPE at dt=0s, seed 42"
8.9504,experiments/runs\E5_BASELINE_RECONCILIATION_SEED42_20260930\e5_before_metrics.json,536,CONSISTENT,"""mape"": 8.95040488214452,","Baseline load forecasting test MAPE at dt=0s, seed 42"
8.95,experiments/runs\E5_BASELINE_RECONCILIATION_SEED42_20260930\e5_before_metrics.json,536,CONSISTENT,"""mape"": 8.95040488214452,","Baseline load forecasting test MAPE at dt=0s, seed 42"
8.95,experiments/runs\E5_BASELINE_RECONCILIATION_SEED42_20260930\e5_before_metrics.json,556,CONSISTENT,"""mape"": 8.959365985897191,","Baseline load forecasting test MAPE at dt=0s, seed 42"
62.29,experiments/runs\E5_BASELINE_RECONCILIATION_SEED42_20260930\e5_before_metrics.json,856,CONSISTENT,"""mape"": 62.29242940740781,",
14.7321,experiments/runs\E5_BASELINE_RECONCILIATION_SEED42_20260930\metrics.json,30,CONSISTENT,"""mape"": 14.73210135971861,","Baseline load forecasting test MAPE at dt=0s, seed 42"
8.9504,experiments/runs\E5_BASELINE_RECONCILIATION_SEED42_20260930\metrics.json,42,CONSISTENT,"""mape"": 8.95040488214452,","Baseline load forecasting test MAPE at dt=0s, seed 42"
8.95,experiments/runs\E5_BASELINE_RECONCILIATION_SEED42_20260930\metrics.json,42,CONSISTENT,"""mape"": 8.95040488214452,","Baseline load forecasting test MAPE at dt=0s, seed 42"
8.9504,experiments/runs\E5_BASELINE_RECONCILIATION_SEED42_20260930\summary.md,26,CONSISTENT,"| (0, 0.0) | 8.9504 |       14.7321 |   9.06348 |","Baseline load forecasting test MAPE at dt=0s, seed 42"
8.95,experiments/runs\E5_BASELINE_RECONCILIATION_SEED42_20260930\summary.md,26,CONSISTENT,"| (0, 0.0) | 8.9504 |       14.7321 |   9.06348 |","Baseline load forecasting test MAPE at dt=0s, seed 42"
14.7321,experiments/runs\E5_BASELINE_RECONCILIATION_SEED42_20260930\summary.md,26,CONSISTENT,"| (0, 0.0) | 8.9504 |       14.7321 |   9.06348 |","Baseline load forecasting test MAPE at dt=0s, seed 42"
0.1085,experiments/runs\E5_STALENESS_SWEEP_CORRECTED_SEED101112_20261002\comparison.csv,713,CONSISTENT,"E5_DT60_PD00_SEED101112,60,0.0,29.5,56.049999999995634,load_estimation,xgboost,None,raw,r2,-0.1085650773029776,0.9693218282677428,-1.0778869","Anomaly detection F1 metrics across baseline, dt=5s, and AoI bins"
0.186,experiments/runs\E5_STALENESS_SWEEP_CORRECTED_SEED101112_20261002\comparison.csv,951,CONSISTENT,"E5_DT300_PD05_SEED101112,300,0.05,149.30539383561643,284.0,anomaly_detection,None,isolation_forest,residual,roc_auc,0.5056475115460599,0.691",
0.5752,experiments/runs\E5_STALENESS_SWEEP_CORRECTED_SEED101112_20261002\comparison.csv,1011,CONSISTENT,"E5_DT300_PD10_SEED101112,300,0.1,149.31124429223743,284.0,anomaly_detection,None,lstm_autoencoder,residual,roc_auc,0.5752889785825495,0.7417","Anomaly detection F1 metrics across baseline, dt=5s, and AoI bins"
0.1085,experiments/runs\E5_STALENESS_SWEEP_CORRECTED_SEED101112_20261002\metrics.json,771,CONSISTENT,"""r2"": -0.1085650773029776","Anomaly detection F1 metrics across baseline, dt=5s, and AoI bins"
0.5752,experiments/runs\E5_STALENESS_SWEEP_CORRECTED_SEED101112_20261002\metrics.json,2015,CONSISTENT,"""roc_auc"": 0.5752889785825495,","Anomaly detection F1 metrics across baseline, dt=5s, and AoI bins"
0.1085,experiments/runs\E5_STALENESS_SWEEP_CORRECTED_SEED123_20261002\comparison.csv,134,CONSISTENT,"E5_DT0_PD20_SEED123,0,0.2,0.24848744292237443,1.0,load_estimation,persistence,None,raw,mae,0.48598287682101426,0.4383777854014386,0.04760509","Anomaly detection F1 metrics across baseline, dt=5s, and AoI bins"
0.1085,experiments/runs\E5_STALENESS_SWEEP_CORRECTED_SEED123_20261002\comparison.csv,310,CONSISTENT,"E5_DT1_PD20_SEED123,1,0.2,0.24848744292237443,1.0,load_estimation,persistence,None,raw,mae,0.48598287682101426,0.4383777854014386,0.04760509","Anomaly detection F1 metrics across baseline, dt=5s, and AoI bins"
0.186,experiments/runs\E5_STALENESS_SWEEP_CORRECTED_SEED123_20261002\comparison.csv,879,CONSISTENT,"E5_DT60_PD20_SEED123,60,0.2,29.608561643835618,57.0,anomaly_detection,None,lstm_autoencoder,residual,roc_auc,0.6086511225517774,0.7479148404",
14.7321,experiments/runs\E5_STALENESS_SWEEP_CORRECTED_SEED42_20260930\comparison.csv,4,CONSISTENT,"E5_DT0_PD00_SEED42,0,0.0,0.0,0.0,load_estimation,persistence,None,raw,mape,14.73210135971861,14.73210135971861,0.0,0.0,SUCCESS","Baseline load forecasting test MAPE at dt=0s, seed 42"
8.9504,experiments/runs\E5_STALENESS_SWEEP_CORRECTED_SEED42_20260930\comparison.csv,12,CONSISTENT,"E5_DT0_PD00_SEED42,0,0.0,0.0,0.0,load_estimation,lstm,None,raw,mape,8.95040488214452,8.95040488214452,0.0,0.0,SUCCESS","Baseline load forecasting test MAPE at dt=0s, seed 42"
8.95,experiments/runs\E5_STALENESS_SWEEP_CORRECTED_SEED42_20260930\comparison.csv,12,CONSISTENT,"E5_DT0_PD00_SEED42,0,0.0,0.0,0.0,load_estimation,lstm,None,raw,mape,8.95040488214452,8.95040488214452,0.0,0.0,SUCCESS","Baseline load forecasting test MAPE at dt=0s, seed 42"
14.7321,experiments/runs\E5_STALENESS_SWEEP_CORRECTED_SEED42_20260930\comparison.csv,48,CONSISTENT,"E5_DT0_PD05_SEED42,0,0.05,0.05345319634703196,1.0,load_estimation,persistence,None,raw,mape,14.953406180024844,14.73210135971861,0.221304820","Baseline load forecasting test MAPE at dt=0s, seed 42"
8.9504,experiments/runs\E5_STALENESS_SWEEP_CORRECTED_SEED42_20260930\comparison.csv,56,CONSISTENT,"E5_DT0_PD05_SEED42,0,0.05,0.05345319634703196,1.0,load_estimation,lstm,None,raw,mape,8.959365985897191,8.95040488214452,0.008961103752671562","Baseline load forecasting test MAPE at dt=0s, seed 42"
8.95,experiments/runs\E5_STALENESS_SWEEP_CORRECTED_SEED42_20260930\comparison.csv,56,CONSISTENT,"E5_DT0_PD05_SEED42,0,0.05,0.05345319634703196,1.0,load_estimation,lstm,None,raw,mape,8.959365985897191,8.95040488214452,0.008961103752671562","Baseline load forecasting test MAPE at dt=0s, seed 42"
14.7321,experiments/runs\E5_STALENESS_SWEEP_CORRECTED_SEED42_20260930\comparison.csv,92,CONSISTENT,"E5_DT0_PD10_SEED42,0,0.1,0.10893264840182648,1.0,load_estimation,persistence,None,raw,mape,15.22745767394809,14.73210135971861,0.49535631422","Baseline load forecasting test MAPE at dt=0s, seed 42"
8.9504,experiments/runs\E5_STALENESS_SWEEP_CORRECTED_SEED42_20260930\comparison.csv,100,CONSISTENT,"E5_DT0_PD10_SEED42,0,0.1,0.10893264840182648,1.0,load_estimation,lstm,None,raw,mape,9.013588747109727,8.95040488214452,0.06318386496520745,0","Baseline load forecasting test MAPE at dt=0s, seed 42"
8.95,experiments/runs\E5_STALENESS_SWEEP_CORRECTED_SEED42_20260930\comparison.csv,100,CONSISTENT,"E5_DT0_PD10_SEED42,0,0.1,0.10893264840182648,1.0,load_estimation,lstm,None,raw,mape,9.013588747109727,8.95040488214452,0.06318386496520745,0","Baseline load forecasting test MAPE at dt=0s, seed 42"
14.7321,experiments/runs\E5_STALENESS_SWEEP_CORRECTED_SEED42_20260930\comparison.csv,136,CONSISTENT,"E5_DT0_PD20_SEED42,0,0.2,0.2509132420091324,1.0,load_estimation,persistence,None,raw,mape,15.806540790489112,14.73210135971861,1.07443943077","Baseline load forecasting test MAPE at dt=0s, seed 42"
8.9504,experiments/runs\E5_STALENESS_SWEEP_CORRECTED_SEED42_20260930\comparison.csv,144,CONSISTENT,"E5_DT0_PD20_SEED42,0,0.2,0.2509132420091324,1.0,load_estimation,lstm,None,raw,mape,9.171423424412827,8.95040488214452,0.22101854226830753,0.","Baseline load forecasting test MAPE at dt=0s, seed 42"
8.95,experiments/runs\E5_STALENESS_SWEEP_CORRECTED_SEED42_20260930\comparison.csv,144,CONSISTENT,"E5_DT0_PD20_SEED42,0,0.2,0.2509132420091324,1.0,load_estimation,lstm,None,raw,mape,9.171423424412827,8.95040488214452,0.22101854226830753,0.","Baseline load forecasting test MAPE at dt=0s, seed 42"
14.7321,experiments/runs\E5_STALENESS_SWEEP_CORRECTED_SEED42_20260930\comparison.csv,180,CONSISTENT,"E5_DT1_PD00_SEED42,1,0.0,0.0,0.0,load_estimation,persistence,None,raw,mape,14.73210135971861,14.73210135971861,0.0,0.0,SUCCESS","Baseline load forecasting test MAPE at dt=0s, seed 42"
8.9504,experiments/runs\E5_STALENESS_SWEEP_CORRECTED_SEED42_20260930\comparison.csv,188,CONSISTENT,"E5_DT1_PD00_SEED42,1,0.0,0.0,0.0,load_estimation,lstm,None,raw,mape,8.95040488214452,8.95040488214452,0.0,0.0,SUCCESS","Baseline load forecasting test MAPE at dt=0s, seed 42"
8.95,experiments/runs\E5_STALENESS_SWEEP_CORRECTED_SEED42_20260930\comparison.csv,188,CONSISTENT,"E5_DT1_PD00_SEED42,1,0.0,0.0,0.0,load_estimation,lstm,None,raw,mape,8.95040488214452,8.95040488214452,0.0,0.0,SUCCESS","Baseline load forecasting test MAPE at dt=0s, seed 42"
14.7321,experiments/runs\E5_STALENESS_SWEEP_CORRECTED_SEED42_20260930\comparison.csv,224,CONSISTENT,"E5_DT1_PD05_SEED42,1,0.05,0.05345319634703196,1.0,load_estimation,persistence,None,raw,mape,14.953406180024844,14.73210135971861,0.221304820","Baseline load forecasting test MAPE at dt=0s, seed 42"
8.9504,experiments/runs\E5_STALENESS_SWEEP_CORRECTED_SEED42_20260930\comparison.csv,232,CONSISTENT,"E5_DT1_PD05_SEED42,1,0.05,0.05345319634703196,1.0,load_estimation,lstm,None,raw,mape,8.959365985897191,8.95040488214452,0.008961103752671562","Baseline load forecasting test MAPE at dt=0s, seed 42"
8.95,experiments/runs\E5_STALENESS_SWEEP_CORRECTED_SEED42_20260930\comparison.csv,232,CONSISTENT,"E5_DT1_PD05_SEED42,1,0.05,0.05345319634703196,1.0,load_estimation,lstm,None,raw,mape,8.959365985897191,8.95040488214452,0.008961103752671562","Baseline load forecasting test MAPE at dt=0s, seed 42"
14.7321,experiments/runs\E5_STALENESS_SWEEP_CORRECTED_SEED42_20260930\comparison.csv,268,CONSISTENT,"E5_DT1_PD10_SEED42,1,0.1,0.10893264840182648,1.0,load_estimation,persistence,None,raw,mape,15.22745767394809,14.73210135971861,0.49535631422","Baseline load forecasting test MAPE at dt=0s, seed 42"
8.9504,experiments/runs\E5_STALENESS_SWEEP_CORRECTED_SEED42_20260930\comparison.csv,276,CONSISTENT,"E5_DT1_PD10_SEED42,1,0.1,0.10893264840182648,1.0,load_estimation,lstm,None,raw,mape,9.013588747109727,8.95040488214452,0.06318386496520745,0","Baseline load forecasting test MAPE at dt=0s, seed 42"
8.95,experiments/runs\E5_STALENESS_SWEEP_CORRECTED_SEED42_20260930\comparison.csv,276,CONSISTENT,"E5_DT1_PD10_SEED42,1,0.1,0.10893264840182648,1.0,load_estimation,lstm,None,raw,mape,9.013588747109727,8.95040488214452,0.06318386496520745,0","Baseline load forecasting test MAPE at dt=0s, seed 42"
14.7321,experiments/runs\E5_STALENESS_SWEEP_CORRECTED_SEED42_20260930\comparison.csv,312,CONSISTENT,"E5_DT1_PD20_SEED42,1,0.2,0.2509132420091324,1.0,load_estimation,persistence,None,raw,mape,15.806540790489112,14.73210135971861,1.07443943077","Baseline load forecasting test MAPE at dt=0s, seed 42"
8.9504,experiments/runs\E5_STALENESS_SWEEP_CORRECTED_SEED42_20260930\comparison.csv,320,CONSISTENT,"E5_DT1_PD20_SEED42,1,0.2,0.2509132420091324,1.0,load_estimation,lstm,None,raw,mape,9.171423424412827,8.95040488214452,0.22101854226830753,0.","Baseline load forecasting test MAPE at dt=0s, seed 42"
8.95,experiments/runs\E5_STALENESS_SWEEP_CORRECTED_SEED42_20260930\comparison.csv,320,CONSISTENT,"E5_DT1_PD20_SEED42,1,0.2,0.2509132420091324,1.0,load_estimation,lstm,None,raw,mape,9.171423424412827,8.95040488214452,0.22101854226830753,0.","Baseline load forecasting test MAPE at dt=0s, seed 42"
14.7321,experiments/runs\E5_STALENESS_SWEEP_CORRECTED_SEED42_20260930\comparison.csv,356,CONSISTENT,"E5_DT5_PD00_SEED42,5,0.0,2.0,4.0,load_estimation,persistence,None,raw,mape,25.12380949883275,14.73210135971861,10.391708139114138,0.70537853","Baseline load forecasting test MAPE at dt=0s, seed 42"
8.9504,experiments/runs\E5_STALENESS_SWEEP_CORRECTED_SEED42_20260930\comparison.csv,364,CONSISTENT,"E5_DT5_PD00_SEED42,5,0.0,2.0,4.0,load_estimation,lstm,None,raw,mape,15.260972937471529,8.95040488214452,6.310568055327009,0.7050595071867849","Baseline load forecasting test MAPE at dt=0s, seed 42"
8.95,experiments/runs\E5_STALENESS_SWEEP_CORRECTED_SEED42_20260930\comparison.csv,364,CONSISTENT,"E5_DT5_PD00_SEED42,5,0.0,2.0,4.0,load_estimation,lstm,None,raw,mape,15.260972937471529,8.95040488214452,6.310568055327009,0.7050595071867849","Baseline load forecasting test MAPE at dt=0s, seed 42"
0.1085,experiments/runs\E5_STALENESS_SWEEP_CORRECTED_SEED42_20260930\comparison.csv,392,CONSISTENT,"E5_DT5_PD00_SEED42,5,0.0,2.0,4.0,anomaly_detection,None,lstm_autoencoder,residual,f1,0.10851678897042472,0.9779559118236473,-0.8694391228532","Anomaly detection F1 metrics across baseline, dt=5s, and AoI bins"
14.7321,experiments/runs\E5_STALENESS_SWEEP_CORRECTED_SEED42_20260930\comparison.csv,400,CONSISTENT,"E5_DT5_PD05_SEED42,5,0.05,2.031563926940639,4.0,load_estimation,persistence,None,raw,mape,25.004624510816114,14.73210135971861,10.2725231510","Baseline load forecasting test MAPE at dt=0s, seed 42"
8.9504,experiments/runs\E5_STALENESS_SWEEP_CORRECTED_SEED42_20260930\comparison.csv,408,CONSISTENT,"E5_DT5_PD05_SEED42,5,0.05,2.031563926940639,4.0,load_estimation,lstm,None,raw,mape,15.180048337165452,8.95040488214452,6.229643455020932,0.6","Baseline load forecasting test MAPE at dt=0s, seed 42"
8.95,experiments/runs\E5_STALENESS_SWEEP_CORRECTED_SEED42_20260930\comparison.csv,408,CONSISTENT,"E5_DT5_PD05_SEED42,5,0.05,2.031563926940639,4.0,load_estimation,lstm,None,raw,mape,15.180048337165452,8.95040488214452,6.229643455020932,0.6","Baseline load forecasting test MAPE at dt=0s, seed 42"
14.7321,experiments/runs\E5_STALENESS_SWEEP_CORRECTED_SEED42_20260930\comparison.csv,444,CONSISTENT,"E5_DT5_PD10_SEED42,5,0.1,2.066923515981735,4.0,load_estimation,persistence,None,raw,mape,25.865999021124107,14.73210135971861,11.13389766140","Baseline load forecasting test MAPE at dt=0s, seed 42"
8.9504,experiments/runs\E5_STALENESS_SWEEP_CORRECTED_SEED42_20260930\comparison.csv,452,CONSISTENT,"E5_DT5_PD10_SEED42,5,0.1,2.066923515981735,4.0,load_estimation,lstm,None,raw,mape,15.824929166731552,8.95040488214452,6.874524284587032,0.76","Baseline load forecasting test MAPE at dt=0s, seed 42"
8.95,experiments/runs\E5_STALENESS_SWEEP_CORRECTED_SEED42_20260930\comparison.csv,452,CONSISTENT,"E5_DT5_PD10_SEED42,5,0.1,2.066923515981735,4.0,load_estimation,lstm,None,raw,mape,15.824929166731552,8.95040488214452,6.874524284587032,0.76","Baseline load forecasting test MAPE at dt=0s, seed 42"
14.7321,experiments/runs\E5_STALENESS_SWEEP_CORRECTED_SEED42_20260930\comparison.csv,488,CONSISTENT,"E5_DT5_PD20_SEED42,5,0.2,2.1592465753424657,4.0,load_estimation,persistence,None,raw,mape,25.93840522970121,14.73210135971861,11.20630386998","Baseline load forecasting test MAPE at dt=0s, seed 42"
8.9504,experiments/runs\E5_STALENESS_SWEEP_CORRECTED_SEED42_20260930\comparison.csv,496,CONSISTENT,"E5_DT5_PD20_SEED42,5,0.2,2.1592465753424657,4.0,load_estimation,lstm,None,raw,mape,16.063561543394936,8.95040488214452,7.113156661250416,0.7","Baseline load forecasting test MAPE at dt=0s, seed 42"
8.95,experiments/runs\E5_STALENESS_SWEEP_CORRECTED_SEED42_20260930\comparison.csv,496,CONSISTENT,"E5_DT5_PD20_SEED42,5,0.2,2.1592465753424657,4.0,load_estimation,lstm,None,raw,mape,16.063561543394936,8.95040488214452,7.113156661250416,0.7","Baseline load forecasting test MAPE at dt=0s, seed 42"
14.7321,experiments/runs\E5_STALENESS_SWEEP_CORRECTED_SEED42_20260930\comparison.csv,532,CONSISTENT,"E5_DT15_PD00_SEED42,15,0.0,7.0,14.0,load_estimation,persistence,None,raw,mape,56.343534744688164,14.73210135971861,41.61143338496955,2.82454","Baseline load forecasting test MAPE at dt=0s, seed 42"
8.9504,experiments/runs\E5_STALENESS_SWEEP_CORRECTED_SEED42_20260930\comparison.csv,540,CONSISTENT,"E5_DT15_PD00_SEED42,15,0.0,7.0,14.0,load_estimation,lstm,None,raw,mape,41.78158731932534,8.95040488214452,32.83118243718082,3.66812260109896","Baseline load forecasting test MAPE at dt=0s, seed 42"
8.95,experiments/runs\E5_STALENESS_SWEEP_CORRECTED_SEED42_20260930\comparison.csv,540,CONSISTENT,"E5_DT15_PD00_SEED42,15,0.0,7.0,14.0,load_estimation,lstm,None,raw,mape,41.78158731932534,8.95040488214452,32.83118243718082,3.66812260109896","Baseline load forecasting test MAPE at dt=0s, seed 42"
14.7321,experiments/runs\E5_STALENESS_SWEEP_CORRECTED_SEED42_20260930\comparison.csv,576,CONSISTENT,"E5_DT15_PD05_SEED42,15,0.05,7.026369863013699,14.0,load_estimation,persistence,None,raw,mape,58.87377257436558,14.73210135971861,44.14167121","Baseline load forecasting test MAPE at dt=0s, seed 42"
8.9504,experiments/runs\E5_STALENESS_SWEEP_CORRECTED_SEED42_20260930\comparison.csv,584,CONSISTENT,"E5_DT15_PD05_SEED42,15,0.05,7.026369863013699,14.0,load_estimation,lstm,None,raw,mape,43.29800891131623,8.95040488214452,34.34760402917171,3","Baseline load forecasting test MAPE at dt=0s, seed 42"
8.95,experiments/runs\E5_STALENESS_SWEEP_CORRECTED_SEED42_20260930\comparison.csv,584,CONSISTENT,"E5_DT15_PD05_SEED42,15,0.05,7.026369863013699,14.0,load_estimation,lstm,None,raw,mape,43.29800891131623,8.95040488214452,34.34760402917171,3","Baseline load forecasting test MAPE at dt=0s, seed 42"
14.7321,experiments/runs\E5_STALENESS_SWEEP_CORRECTED_SEED42_20260930\comparison.csv,620,CONSISTENT,"E5_DT15_PD10_SEED42,15,0.1,7.058533105022831,14.0,load_estimation,persistence,None,raw,mape,56.48856492914949,14.73210135971861,41.756463569","Baseline load forecasting test MAPE at dt=0s, seed 42"
8.9504,experiments/runs\E5_STALENESS_SWEEP_CORRECTED_SEED42_20260930\comparison.csv,628,CONSISTENT,"E5_DT15_PD10_SEED42,15,0.1,7.058533105022831,14.0,load_estimation,lstm,None,raw,mape,42.66467023259599,8.95040488214452,33.71426535045147,3.","Baseline load forecasting test MAPE at dt=0s, seed 42"
8.95,experiments/runs\E5_STALENESS_SWEEP_CORRECTED_SEED42_20260930\comparison.csv,628,CONSISTENT,"E5_DT15_PD10_SEED42,15,0.1,7.058533105022831,14.0,load_estimation,lstm,None,raw,mape,42.66467023259599,8.95040488214452,33.71426535045147,3.","Baseline load forecasting test MAPE at dt=0s, seed 42"
14.7321,experiments/runs\E5_STALENESS_SWEEP_CORRECTED_SEED42_20260930\comparison.csv,664,CONSISTENT,"E5_DT15_PD20_SEED42,15,0.2,7.138498858447488,14.0,load_estimation,persistence,None,raw,mape,59.034049194882066,14.73210135971861,44.30194783","Baseline load forecasting test MAPE at dt=0s, seed 42"
8.9504,experiments/runs\E5_STALENESS_SWEEP_CORRECTED_SEED42_20260930\comparison.csv,672,CONSISTENT,"E5_DT15_PD20_SEED42,15,0.2,7.138498858447488,14.0,load_estimation,lstm,None,raw,mape,44.2613627090222,8.95040488214452,35.31095782687768,3.9","Baseline load forecasting test MAPE at dt=0s, seed 42"
8.95,experiments/runs\E5_STALENESS_SWEEP_CORRECTED_SEED42_20260930\comparison.csv,672,CONSISTENT,"E5_DT15_PD20_SEED42,15,0.2,7.138498858447488,14.0,load_estimation,lstm,None,raw,mape,44.2613627090222,8.95040488214452,35.31095782687768,3.9","Baseline load forecasting test MAPE at dt=0s, seed 42"
14.7321,experiments/runs\E5_STALENESS_SWEEP_CORRECTED_SEED42_20260930\comparison.csv,708,CONSISTENT,"E5_DT60_PD00_SEED42,60,0.0,29.5,56.049999999995634,load_estimation,persistence,None,raw,mape,83.5484386233321,14.73210135971861,68.816337263","Baseline load forecasting test MAPE at dt=0s, seed 42"
8.9504,experiments/runs\E5_STALENESS_SWEEP_CORRECTED_SEED42_20260930\comparison.csv,716,CONSISTENT,"E5_DT60_PD00_SEED42,60,0.0,29.5,56.049999999995634,load_estimation,lstm,None,raw,mape,61.327191212551945,8.95040488214452,52.37678633040743,","Baseline load forecasting test MAPE at dt=0s, seed 42"
8.95,experiments/runs\E5_STALENESS_SWEEP_CORRECTED_SEED42_20260930\comparison.csv,716,CONSISTENT,"E5_DT60_PD00_SEED42,60,0.0,29.5,56.049999999995634,load_estimation,lstm,None,raw,mape,61.327191212551945,8.95040488214452,52.37678633040743,","Baseline load forecasting test MAPE at dt=0s, seed 42"
14.7321,experiments/runs\E5_STALENESS_SWEEP_CORRECTED_SEED42_20260930\comparison.csv,752,CONSISTENT,"E5_DT60_PD05_SEED42,60,0.05,29.51081621004566,57.0,load_estimation,persistence,None,raw,mape,83.36288336429833,14.73210135971861,68.63078200","Baseline load forecasting test MAPE at dt=0s, seed 42"
8.9504,experiments/runs\E5_STALENESS_SWEEP_CORRECTED_SEED42_20260930\comparison.csv,760,CONSISTENT,"E5_DT60_PD05_SEED42,60,0.05,29.51081621004566,57.0,load_estimation,lstm,None,raw,mape,60.113276753312896,8.95040488214452,51.16287187116838,","Baseline load forecasting test MAPE at dt=0s, seed 42"
8.95,experiments/runs\E5_STALENESS_SWEEP_CORRECTED_SEED42_20260930\comparison.csv,760,CONSISTENT,"E5_DT60_PD05_SEED42,60,0.05,29.51081621004566,57.0,load_estimation,lstm,None,raw,mape,60.113276753312896,8.95040488214452,51.16287187116838,","Baseline load forecasting test MAPE at dt=0s, seed 42"
14.7321,experiments/runs\E5_STALENESS_SWEEP_CORRECTED_SEED42_20260930\comparison.csv,796,CONSISTENT,"E5_DT60_PD10_SEED42,60,0.1,29.55236872146119,57.0,load_estimation,persistence,None,raw,mape,83.31273650298479,14.73210135971861,68.580635143","Baseline load forecasting test MAPE at dt=0s, seed 42"
8.9504,experiments/runs\E5_STALENESS_SWEEP_CORRECTED_SEED42_20260930\comparison.csv,804,CONSISTENT,"E5_DT60_PD10_SEED42,60,0.1,29.55236872146119,57.0,load_estimation,lstm,None,raw,mape,58.62408928672285,8.95040488214452,49.67368440457833,5.","Baseline load forecasting test MAPE at dt=0s, seed 42"
8.95,experiments/runs\E5_STALENESS_SWEEP_CORRECTED_SEED42_20260930\comparison.csv,804,CONSISTENT,"E5_DT60_PD10_SEED42,60,0.1,29.55236872146119,57.0,load_estimation,lstm,None,raw,mape,58.62408928672285,8.95040488214452,49.67368440457833,5.","Baseline load forecasting test MAPE at dt=0s, seed 42"
0.978,experiments/runs\E5_STALENESS_SWEEP_CORRECTED_SEED42_20260930\comparison.csv,805,CONSISTENT,"E5_DT60_PD10_SEED42,60,0.1,29.55236872146119,57.0,load_estimation,lstm,None,raw,r2,0.021052608618462476,0.9670456810550092,-0.94599307243654","Anomaly detection F1 metrics across baseline, dt=5s, and AoI bins"
14.7321,experiments/runs\E5_STALENESS_SWEEP_CORRECTED_SEED42_20260930\comparison.csv,840,CONSISTENT,"E5_DT60_PD20_SEED42,60,0.2,29.633019406392695,57.0,load_estimation,persistence,None,raw,mape,81.88915365005585,14.73210135971861,67.15705229","Baseline load forecasting test MAPE at dt=0s, seed 42"
8.9504,experiments/runs\E5_STALENESS_SWEEP_CORRECTED_SEED42_20260930\comparison.csv,848,CONSISTENT,"E5_DT60_PD20_SEED42,60,0.2,29.633019406392695,57.0,load_estimation,lstm,None,raw,mape,60.10556436273332,8.95040488214452,51.1551594805888,5.","Baseline load forecasting test MAPE at dt=0s, seed 42"
8.95,experiments/runs\E5_STALENESS_SWEEP_CORRECTED_SEED42_20260930\comparison.csv,848,CONSISTENT,"E5_DT60_PD20_SEED42,60,0.2,29.633019406392695,57.0,load_estimation,lstm,None,raw,mape,60.10556436273332,8.95040488214452,51.1551594805888,5.","Baseline load forecasting test MAPE at dt=0s, seed 42"
14.7321,experiments/runs\E5_STALENESS_SWEEP_CORRECTED_SEED42_20260930\comparison.csv,884,CONSISTENT,"E5_DT300_PD00_SEED42,300,0.0,149.2945205479452,284.0,load_estimation,persistence,None,raw,mape,81.12563902637784,14.73210135971861,66.393537","Baseline load forecasting test MAPE at dt=0s, seed 42"
8.9504,experiments/runs\E5_STALENESS_SWEEP_CORRECTED_SEED42_20260930\comparison.csv,892,CONSISTENT,"E5_DT300_PD00_SEED42,300,0.0,149.2945205479452,284.0,load_estimation,lstm,None,raw,mape,62.29242940740781,8.95040488214452,53.34202452526329","Baseline load forecasting test MAPE at dt=0s, seed 42"
8.95,experiments/runs\E5_STALENESS_SWEEP_CORRECTED_SEED42_20260930\comparison.csv,892,CONSISTENT,"E5_DT300_PD00_SEED42,300,0.0,149.2945205479452,284.0,load_estimation,lstm,None,raw,mape,62.29242940740781,8.95040488214452,53.34202452526329","Baseline load forecasting test MAPE at dt=0s, seed 42"
62.29,experiments/runs\E5_STALENESS_SWEEP_CORRECTED_SEED42_20260930\comparison.csv,892,CONSISTENT,"E5_DT300_PD00_SEED42,300,0.0,149.2945205479452,284.0,load_estimation,lstm,None,raw,mape,62.29242940740781,8.95040488214452,53.34202452526329",
14.7321,experiments/runs\E5_STALENESS_SWEEP_CORRECTED_SEED42_20260930\comparison.csv,928,CONSISTENT,"E5_DT300_PD05_SEED42,300,0.05,149.30165525114154,284.0,load_estimation,persistence,None,raw,mape,79.22532657950369,14.73210135971861,64.4932","Baseline load forecasting test MAPE at dt=0s, seed 42"
8.9504,experiments/runs\E5_STALENESS_SWEEP_CORRECTED_SEED42_20260930\comparison.csv,936,CONSISTENT,"E5_DT300_PD05_SEED42,300,0.05,149.30165525114154,284.0,load_estimation,lstm,None,raw,mape,60.02009311561609,8.95040488214452,51.069688233471","Baseline load forecasting test MAPE at dt=0s, seed 42"
8.95,experiments/runs\E5_STALENESS_SWEEP_CORRECTED_SEED42_20260930\comparison.csv,936,CONSISTENT,"E5_DT300_PD05_SEED42,300,0.05,149.30165525114154,284.0,load_estimation,lstm,None,raw,mape,60.02009311561609,8.95040488214452,51.069688233471","Baseline load forecasting test MAPE at dt=0s, seed 42"
14.7321,experiments/runs\E5_STALENESS_SWEEP_CORRECTED_SEED42_20260930\comparison.csv,972,CONSISTENT,"E5_DT300_PD10_SEED42,300,0.1,149.31732305936072,284.04999999999563,load_estimation,persistence,None,raw,mape,82.38192373039603,14.7321013597","Baseline load forecasting test MAPE at dt=0s, seed 42"
8.9504,experiments/runs\E5_STALENESS_SWEEP_CORRECTED_SEED42_20260930\comparison.csv,980,CONSISTENT,"E5_DT300_PD10_SEED42,300,0.1,149.31732305936072,284.04999999999563,load_estimation,lstm,None,raw,mape,59.83106743972931,8.95040488214452,50.","Baseline load forecasting test MAPE at dt=0s, seed 42"
8.95,experiments/runs\E5_STALENESS_SWEEP_CORRECTED_SEED42_20260930\comparison.csv,980,CONSISTENT,"E5_DT300_PD10_SEED42,300,0.1,149.31732305936072,284.04999999999563,load_estimation,lstm,None,raw,mape,59.83106743972931,8.95040488214452,50.","Baseline load forecasting test MAPE at dt=0s, seed 42"
14.7321,experiments/runs\E5_STALENESS_SWEEP_CORRECTED_SEED42_20260930\comparison.csv,1016,CONSISTENT,"E5_DT300_PD20_SEED42,300,0.2,149.3620719178082,285.0,load_estimation,persistence,None,raw,mape,85.44861354939036,14.73210135971861,70.716512","Baseline load forecasting test MAPE at dt=0s, seed 42"
8.9504,experiments/runs\E5_STALENESS_SWEEP_CORRECTED_SEED42_20260930\comparison.csv,1024,CONSISTENT,"E5_DT300_PD20_SEED42,300,0.2,149.3620719178082,285.0,load_estimation,lstm,None,raw,mape,59.52588344855144,8.95040488214452,50.57547856640692","Baseline load forecasting test MAPE at dt=0s, seed 42"
8.95,experiments/runs\E5_STALENESS_SWEEP_CORRECTED_SEED42_20260930\comparison.csv,1024,CONSISTENT,"E5_DT300_PD20_SEED42,300,0.2,149.3620719178082,285.0,load_estimation,lstm,None,raw,mape,59.52588344855144,8.95040488214452,50.57547856640692","Baseline load forecasting test MAPE at dt=0s, seed 42"
14.7321,experiments/runs\E5_STALENESS_SWEEP_CORRECTED_SEED42_20260930\metrics.json,444,CONSISTENT,"""mape"": 14.73210135971861,","Baseline load forecasting test MAPE at dt=0s, seed 42"
8.9504,experiments/runs\E5_STALENESS_SWEEP_CORRECTED_SEED42_20260930\metrics.json,456,CONSISTENT,"""mape"": 8.95040488214452,","Baseline load forecasting test MAPE at dt=0s, seed 42"
8.95,experiments/runs\E5_STALENESS_SWEEP_CORRECTED_SEED42_20260930\metrics.json,456,CONSISTENT,"""mape"": 8.95040488214452,","Baseline load forecasting test MAPE at dt=0s, seed 42"
8.95,experiments/runs\E5_STALENESS_SWEEP_CORRECTED_SEED42_20260930\metrics.json,476,CONSISTENT,"""mape"": 8.959365985897191,","Baseline load forecasting test MAPE at dt=0s, seed 42"
14.7321,experiments/runs\E5_STALENESS_SWEEP_CORRECTED_SEED42_20260930\metrics.json,524,CONSISTENT,"""mape"": 14.73210135971861,","Baseline load forecasting test MAPE at dt=0s, seed 42"
8.9504,experiments/runs\E5_STALENESS_SWEEP_CORRECTED_SEED42_20260930\metrics.json,536,CONSISTENT,"""mape"": 8.95040488214452,","Baseline load forecasting test MAPE at dt=0s, seed 42"
8.95,experiments/runs\E5_STALENESS_SWEEP_CORRECTED_SEED42_20260930\metrics.json,536,CONSISTENT,"""mape"": 8.95040488214452,","Baseline load forecasting test MAPE at dt=0s, seed 42"
8.95,experiments/runs\E5_STALENESS_SWEEP_CORRECTED_SEED42_20260930\metrics.json,556,CONSISTENT,"""mape"": 8.959365985897191,","Baseline load forecasting test MAPE at dt=0s, seed 42"
62.29,experiments/runs\E5_STALENESS_SWEEP_CORRECTED_SEED42_20260930\metrics.json,856,CONSISTENT,"""mape"": 62.29242940740781,",
0.1085,experiments/runs\E5_STALENESS_SWEEP_CORRECTED_SEED42_20260930\metrics.json,1340,CONSISTENT,"""f1"": 0.10851678897042472,","Anomaly detection F1 metrics across baseline, dt=5s, and AoI bins"
0.1085,experiments/runs\E5_STALENESS_SWEEP_CORRECTED_SEED42_20260930\summary.md,51,CONSISTENT,"| (5, 0.0)    |                      0.117647 |                          0.0887273 |                      0.538606 |                        ","Anomaly detection F1 metrics across baseline, dt=5s, and AoI bins"
8.9504,experiments/runs\E5_STALENESS_SWEEP_CORRECTED_SEED42_20260930\summary.md,72,CONSISTENT,"| (0, 0.0)    |  8.9504  |       14.7321 |   9.06348 |","Baseline load forecasting test MAPE at dt=0s, seed 42"
8.95,experiments/runs\E5_STALENESS_SWEEP_CORRECTED_SEED42_20260930\summary.md,72,CONSISTENT,"| (0, 0.0)    |  8.9504  |       14.7321 |   9.06348 |","Baseline load forecasting test MAPE at dt=0s, seed 42"
14.7321,experiments/runs\E5_STALENESS_SWEEP_CORRECTED_SEED42_20260930\summary.md,72,CONSISTENT,"| (0, 0.0)    |  8.9504  |       14.7321 |   9.06348 |","Baseline load forecasting test MAPE at dt=0s, seed 42"
8.95,experiments/runs\E5_STALENESS_SWEEP_CORRECTED_SEED42_20260930\summary.md,73,CONSISTENT,"| (0, 0.05)   |  8.95937 |       14.9534 |   9.12549 |","Baseline load forecasting test MAPE at dt=0s, seed 42"
8.9504,experiments/runs\E5_STALENESS_SWEEP_CORRECTED_SEED42_20260930\summary.md,76,CONSISTENT,"| (1, 0.0)    |  8.9504  |       14.7321 |   9.06348 |","Baseline load forecasting test MAPE at dt=0s, seed 42"
8.95,experiments/runs\E5_STALENESS_SWEEP_CORRECTED_SEED42_20260930\summary.md,76,CONSISTENT,"| (1, 0.0)    |  8.9504  |       14.7321 |   9.06348 |","Baseline load forecasting test MAPE at dt=0s, seed 42"
14.7321,experiments/runs\E5_STALENESS_SWEEP_CORRECTED_SEED42_20260930\summary.md,76,CONSISTENT,"| (1, 0.0)    |  8.9504  |       14.7321 |   9.06348 |","Baseline load forecasting test MAPE at dt=0s, seed 42"
8.95,experiments/runs\E5_STALENESS_SWEEP_CORRECTED_SEED42_20260930\summary.md,77,CONSISTENT,"| (1, 0.05)   |  8.95937 |       14.9534 |   9.12549 |","Baseline load forecasting test MAPE at dt=0s, seed 42"
62.29,experiments/runs\E5_STALENESS_SWEEP_CORRECTED_SEED42_20260930\summary.md,92,CONSISTENT,"| (300, 0.0)  | 62.2924  |       81.1256 |  61.6941  |",
0.1085,experiments/runs\E5_STALENESS_SWEEP_CORRECTED_SEED456_20261002\comparison.csv,394,CONSISTENT,"E5_DT5_PD00_SEED456,5,0.0,2.0,4.0,anomaly_detection,None,lstm_autoencoder,residual,pr_auc,0.10850843460127596,0.13060323921976116,-0.0220948","Anomaly detection F1 metrics across baseline, dt=5s, and AoI bins"
0.1085,experiments/runs\E5_STALENESS_SWEEP_CORRECTED_SEED456_20261002\comparison.csv,703,CONSISTENT,"E5_DT15_PD20_SEED456,15,0.2,7.123944063926941,14.0,anomaly_detection,None,lstm_autoencoder,residual,roc_auc,0.6343153480826345,0.74287693143","Anomaly detection F1 metrics across baseline, dt=5s, and AoI bins"
0.1085,experiments/runs\E5_STALENESS_SWEEP_CORRECTED_SEED456_20261002\metrics.json,1342,CONSISTENT,"""pr_auc"": 0.10850843460127596,","Anomaly detection F1 metrics across baseline, dt=5s, and AoI bins"
8.95,experiments/runs\E5_STALENESS_SWEEP_CORRECTED_SEED789_20261002\comparison.csv,12,CONSISTENT,"E5_DT0_PD00_SEED789,0,0.0,0.0,0.0,load_estimation,lstm,None,raw,mape,8.950627129882083,8.950627129882083,0.0,0.0,SUCCESS","Baseline load forecasting test MAPE at dt=0s, seed 42"
8.95,experiments/runs\E5_STALENESS_SWEEP_CORRECTED_SEED789_20261002\comparison.csv,56,CONSISTENT,"E5_DT0_PD05_SEED789,0,0.05,0.05390981735159817,1.0,load_estimation,lstm,None,raw,mape,8.958513201881122,8.950627129882083,0.0078860719990387","Baseline load forecasting test MAPE at dt=0s, seed 42"
8.95,experiments/runs\E5_STALENESS_SWEEP_CORRECTED_SEED789_20261002\comparison.csv,100,CONSISTENT,"E5_DT0_PD10_SEED789,0,0.1,0.11478310502283105,1.0,load_estimation,lstm,None,raw,mape,8.950990848493975,8.950627129882083,0.00036371861189188","Baseline load forecasting test MAPE at dt=0s, seed 42"
8.95,experiments/runs\E5_STALENESS_SWEEP_CORRECTED_SEED789_20261002\comparison.csv,144,CONSISTENT,"E5_DT0_PD20_SEED789,0,0.2,0.24717465753424658,1.0,load_estimation,lstm,None,raw,mape,9.048865167179498,8.950627129882083,0.0982380372974152,","Baseline load forecasting test MAPE at dt=0s, seed 42"
8.95,experiments/runs\E5_STALENESS_SWEEP_CORRECTED_SEED789_20261002\comparison.csv,188,CONSISTENT,"E5_DT1_PD00_SEED789,1,0.0,0.0,0.0,load_estimation,lstm,None,raw,mape,8.950627129882083,8.950627129882083,0.0,0.0,SUCCESS","Baseline load forecasting test MAPE at dt=0s, seed 42"
8.95,experiments/runs\E5_STALENESS_SWEEP_CORRECTED_SEED789_20261002\comparison.csv,232,CONSISTENT,"E5_DT1_PD05_SEED789,1,0.05,0.05390981735159817,1.0,load_estimation,lstm,None,raw,mape,8.958513201881122,8.950627129882083,0.0078860719990387","Baseline load forecasting test MAPE at dt=0s, seed 42"
8.95,experiments/runs\E5_STALENESS_SWEEP_CORRECTED_SEED789_20261002\comparison.csv,276,CONSISTENT,"E5_DT1_PD10_SEED789,1,0.1,0.11478310502283105,1.0,load_estimation,lstm,None,raw,mape,8.950990848493975,8.950627129882083,0.00036371861189188","Baseline load forecasting test MAPE at dt=0s, seed 42"
8.95,experiments/runs\E5_STALENESS_SWEEP_CORRECTED_SEED789_20261002\comparison.csv,320,CONSISTENT,"E5_DT1_PD20_SEED789,1,0.2,0.24717465753424658,1.0,load_estimation,lstm,None,raw,mape,9.048865167179498,8.950627129882083,0.0982380372974152,","Baseline load forecasting test MAPE at dt=0s, seed 42"
8.95,experiments/runs\E5_STALENESS_SWEEP_CORRECTED_SEED789_20261002\comparison.csv,364,CONSISTENT,"E5_DT5_PD00_SEED789,5,0.0,2.0,4.0,load_estimation,lstm,None,raw,mape,15.211325529490512,8.950627129882083,6.2606983996084296,0.6994703621053","Baseline load forecasting test MAPE at dt=0s, seed 42"
8.95,experiments/runs\E5_STALENESS_SWEEP_CORRECTED_SEED789_20261002\comparison.csv,408,CONSISTENT,"E5_DT5_PD05_SEED789,5,0.05,2.033961187214612,4.0,load_estimation,lstm,None,raw,mape,15.083951673878898,8.950627129882083,6.133324543996816,0","Baseline load forecasting test MAPE at dt=0s, seed 42"
8.95,experiments/runs\E5_STALENESS_SWEEP_CORRECTED_SEED789_20261002\comparison.csv,452,CONSISTENT,"E5_DT5_PD10_SEED789,5,0.1,2.072631278538813,4.0,load_estimation,lstm,None,raw,mape,15.34923777181389,8.950627129882083,6.398610641931807,0.7","Baseline load forecasting test MAPE at dt=0s, seed 42"
8.95,experiments/runs\E5_STALENESS_SWEEP_CORRECTED_SEED789_20261002\comparison.csv,496,CONSISTENT,"E5_DT5_PD20_SEED789,5,0.2,2.155736301369863,4.0,load_estimation,lstm,None,raw,mape,15.932364468723495,8.950627129882083,6.981737338841413,0.","Baseline load forecasting test MAPE at dt=0s, seed 42"
8.95,experiments/runs\E5_STALENESS_SWEEP_CORRECTED_SEED789_20261002\comparison.csv,540,CONSISTENT,"E5_DT15_PD00_SEED789,15,0.0,7.0,14.0,load_estimation,lstm,None,raw,mape,44.29265147842308,8.950627129882083,35.342024348541,3.94855285955885","Baseline load forecasting test MAPE at dt=0s, seed 42"
0.1085,experiments/runs\E5_STALENESS_SWEEP_CORRECTED_SEED789_20261002\comparison.csv,570,CONSISTENT,"E5_DT15_PD00_SEED789,15,0.0,7.0,14.0,anomaly_detection,None,lstm_autoencoder,residual,pr_auc,0.1085081534200011,0.12341932050043224,-0.01491","Anomaly detection F1 metrics across baseline, dt=5s, and AoI bins"
8.95,experiments/runs\E5_STALENESS_SWEEP_CORRECTED_SEED789_20261002\comparison.csv,584,CONSISTENT,"E5_DT15_PD05_SEED789,15,0.05,7.028025114155251,14.0,load_estimation,lstm,None,raw,mape,44.553023984187,8.950627129882083,35.602396854304914,","Baseline load forecasting test MAPE at dt=0s, seed 42"
8.95,experiments/runs\E5_STALENESS_SWEEP_CORRECTED_SEED789_20261002\comparison.csv,628,CONSISTENT,"E5_DT15_PD10_SEED789,15,0.1,7.0625,14.0,load_estimation,lstm,None,raw,mape,45.268710849279245,8.950627129882083,36.318083719397166,4.0576021","Baseline load forecasting test MAPE at dt=0s, seed 42"
8.95,experiments/runs\E5_STALENESS_SWEEP_CORRECTED_SEED789_20261002\comparison.csv,672,CONSISTENT,"E5_DT15_PD20_SEED789,15,0.2,7.1341324200913245,14.0,load_estimation,lstm,None,raw,mape,44.37875746429316,8.950627129882083,35.42813033441108","Baseline load forecasting test MAPE at dt=0s, seed 42"
8.95,experiments/runs\E5_STALENESS_SWEEP_CORRECTED_SEED789_20261002\comparison.csv,716,CONSISTENT,"E5_DT60_PD00_SEED789,60,0.0,29.5,56.049999999995634,load_estimation,lstm,None,raw,mape,56.348013770897545,8.950627129882083,47.3973866410154","Baseline load forecasting test MAPE at dt=0s, seed 42"
8.95,experiments/runs\E5_STALENESS_SWEEP_CORRECTED_SEED789_20261002\comparison.csv,760,CONSISTENT,"E5_DT60_PD05_SEED789,60,0.05,29.519206621004567,57.0,load_estimation,lstm,None,raw,mape,55.08430561060605,8.950627129882083,46.1336784807239","Baseline load forecasting test MAPE at dt=0s, seed 42"
8.95,experiments/runs\E5_STALENESS_SWEEP_CORRECTED_SEED789_20261002\comparison.csv,804,CONSISTENT,"E5_DT60_PD10_SEED789,60,0.1,29.558761415525115,57.0,load_estimation,lstm,None,raw,mape,54.04612892460412,8.950627129882083,45.09550179472204","Baseline load forecasting test MAPE at dt=0s, seed 42"
8.95,experiments/runs\E5_STALENESS_SWEEP_CORRECTED_SEED789_20261002\comparison.csv,848,CONSISTENT,"E5_DT60_PD20_SEED789,60,0.2,29.629851598173516,57.0,load_estimation,lstm,None,raw,mape,54.16944821884439,8.950627129882083,45.2188210889623,","Baseline load forecasting test MAPE at dt=0s, seed 42"
8.95,experiments/runs\E5_STALENESS_SWEEP_CORRECTED_SEED789_20261002\comparison.csv,892,CONSISTENT,"E5_DT300_PD00_SEED789,300,0.0,149.2945205479452,284.0,load_estimation,lstm,None,raw,mape,55.15705794786649,8.950627129882083,46.206430817984","Baseline load forecasting test MAPE at dt=0s, seed 42"
8.95,experiments/runs\E5_STALENESS_SWEEP_CORRECTED_SEED789_20261002\comparison.csv,936,CONSISTENT,"E5_DT300_PD05_SEED789,300,0.05,149.30927511415524,284.0,load_estimation,lstm,None,raw,mape,56.08515100795698,8.950627129882083,47.1345238780","Baseline load forecasting test MAPE at dt=0s, seed 42"
8.95,experiments/runs\E5_STALENESS_SWEEP_CORRECTED_SEED789_20261002\comparison.csv,980,CONSISTENT,"E5_DT300_PD10_SEED789,300,0.1,149.32625570776256,285.0,load_estimation,lstm,None,raw,mape,56.486853440474924,8.950627129882083,47.5362263105","Baseline load forecasting test MAPE at dt=0s, seed 42"
8.95,experiments/runs\E5_STALENESS_SWEEP_CORRECTED_SEED789_20261002\comparison.csv,1024,CONSISTENT,"E5_DT300_PD20_SEED789,300,0.2,149.3668093607306,285.0,load_estimation,lstm,None,raw,mape,54.18067425088218,8.950627129882083,45.230047121000","Baseline load forecasting test MAPE at dt=0s, seed 42"
8.95,experiments/runs\E5_STALENESS_SWEEP_CORRECTED_SEED789_20261002\metrics.json,456,CONSISTENT,"""mape"": 8.950627129882083,","Baseline load forecasting test MAPE at dt=0s, seed 42"
8.95,experiments/runs\E5_STALENESS_SWEEP_CORRECTED_SEED789_20261002\metrics.json,476,CONSISTENT,"""mape"": 8.958513201881122,","Baseline load forecasting test MAPE at dt=0s, seed 42"
8.95,experiments/runs\E5_STALENESS_SWEEP_CORRECTED_SEED789_20261002\metrics.json,496,CONSISTENT,"""mape"": 8.950990848493975,","Baseline load forecasting test MAPE at dt=0s, seed 42"
8.95,experiments/runs\E5_STALENESS_SWEEP_CORRECTED_SEED789_20261002\metrics.json,536,CONSISTENT,"""mape"": 8.950627129882083,","Baseline load forecasting test MAPE at dt=0s, seed 42"
8.95,experiments/runs\E5_STALENESS_SWEEP_CORRECTED_SEED789_20261002\metrics.json,556,CONSISTENT,"""mape"": 8.958513201881122,","Baseline load forecasting test MAPE at dt=0s, seed 42"
8.95,experiments/runs\E5_STALENESS_SWEEP_CORRECTED_SEED789_20261002\metrics.json,576,CONSISTENT,"""mape"": 8.950990848493975,","Baseline load forecasting test MAPE at dt=0s, seed 42"
0.1085,experiments/runs\E5_STALENESS_SWEEP_CORRECTED_SEED789_20261002\metrics.json,1534,CONSISTENT,"""pr_auc"": 0.1085081534200011,","Anomaly detection F1 metrics across baseline, dt=5s, and AoI bins"
8.95,experiments/runs\E5_STALENESS_SWEEP_CORRECTED_SEED789_20261002\summary.md,72,CONSISTENT,"| (0, 0.0)    |  8.95063 |       14.1215 |   9.08556 |","Baseline load forecasting test MAPE at dt=0s, seed 42"
8.95,experiments/runs\E5_STALENESS_SWEEP_CORRECTED_SEED789_20261002\summary.md,73,CONSISTENT,"| (0, 0.05)   |  8.95851 |       14.2621 |   9.16671 |","Baseline load forecasting test MAPE at dt=0s, seed 42"
8.95,experiments/runs\E5_STALENESS_SWEEP_CORRECTED_SEED789_20261002\summary.md,74,CONSISTENT,"| (0, 0.1)    |  8.95099 |       14.5187 |   9.2174  |","Baseline load forecasting test MAPE at dt=0s, seed 42"
8.95,experiments/runs\E5_STALENESS_SWEEP_CORRECTED_SEED789_20261002\summary.md,76,CONSISTENT,"| (1, 0.0)    |  8.95063 |       14.1215 |   9.08556 |","Baseline load forecasting test MAPE at dt=0s, seed 42"
8.95,experiments/runs\E5_STALENESS_SWEEP_CORRECTED_SEED789_20261002\summary.md,77,CONSISTENT,"| (1, 0.05)   |  8.95851 |       14.2621 |   9.16671 |","Baseline load forecasting test MAPE at dt=0s, seed 42"
8.95,experiments/runs\E5_STALENESS_SWEEP_CORRECTED_SEED789_20261002\summary.md,78,CONSISTENT,"| (1, 0.1)    |  8.95099 |       14.5187 |   9.2174  |","Baseline load forecasting test MAPE at dt=0s, seed 42"
14.7321,experiments/runs\E5_STALENESS_SWEEP_SEED42_20260930\comparison.csv,4,CONSISTENT,"E5_DT0_PD00_SEED42,0,0.0,0.0,0.0,load_estimation,persistence,None,raw,mape,14.73210135971861,14.73210135971861,0.0,0.0,SUCCESS","Baseline load forecasting test MAPE at dt=0s, seed 42"
8.9504,experiments/runs\E5_STALENESS_SWEEP_SEED42_20260930\comparison.csv,12,CONSISTENT,"E5_DT0_PD00_SEED42,0,0.0,0.0,0.0,load_estimation,lstm,None,raw,mape,8.95040488214452,8.95040488214452,0.0,0.0,SUCCESS","Baseline load forecasting test MAPE at dt=0s, seed 42"
8.95,experiments/runs\E5_STALENESS_SWEEP_SEED42_20260930\comparison.csv,12,CONSISTENT,"E5_DT0_PD00_SEED42,0,0.0,0.0,0.0,load_estimation,lstm,None,raw,mape,8.95040488214452,8.95040488214452,0.0,0.0,SUCCESS","Baseline load forecasting test MAPE at dt=0s, seed 42"
14.7321,experiments/runs\E5_STALENESS_SWEEP_SEED42_20260930\comparison.csv,48,CONSISTENT,"E5_DT0_PD05_SEED42,0,0.05,0.05345319634703196,1.0,load_estimation,persistence,None,raw,mape,14.953406180024844,14.73210135971861,0.221304820","Baseline load forecasting test MAPE at dt=0s, seed 42"
8.9504,experiments/runs\E5_STALENESS_SWEEP_SEED42_20260930\comparison.csv,56,CONSISTENT,"E5_DT0_PD05_SEED42,0,0.05,0.05345319634703196,1.0,load_estimation,lstm,None,raw,mape,8.959365985897191,8.95040488214452,0.008961103752671562","Baseline load forecasting test MAPE at dt=0s, seed 42"
8.95,experiments/runs\E5_STALENESS_SWEEP_SEED42_20260930\comparison.csv,56,CONSISTENT,"E5_DT0_PD05_SEED42,0,0.05,0.05345319634703196,1.0,load_estimation,lstm,None,raw,mape,8.959365985897191,8.95040488214452,0.008961103752671562","Baseline load forecasting test MAPE at dt=0s, seed 42"
14.7321,experiments/runs\E5_STALENESS_SWEEP_SEED42_20260930\comparison.csv,92,CONSISTENT,"E5_DT0_PD10_SEED42,0,0.1,0.10893264840182648,1.0,load_estimation,persistence,None,raw,mape,15.22745767394809,14.73210135971861,0.49535631422","Baseline load forecasting test MAPE at dt=0s, seed 42"
8.9504,experiments/runs\E5_STALENESS_SWEEP_SEED42_20260930\comparison.csv,100,CONSISTENT,"E5_DT0_PD10_SEED42,0,0.1,0.10893264840182648,1.0,load_estimation,lstm,None,raw,mape,9.013588747109727,8.95040488214452,0.06318386496520745,0","Baseline load forecasting test MAPE at dt=0s, seed 42"
8.95,experiments/runs\E5_STALENESS_SWEEP_SEED42_20260930\comparison.csv,100,CONSISTENT,"E5_DT0_PD10_SEED42,0,0.1,0.10893264840182648,1.0,load_estimation,lstm,None,raw,mape,9.013588747109727,8.95040488214452,0.06318386496520745,0","Baseline load forecasting test MAPE at dt=0s, seed 42"
14.7321,experiments/runs\E5_STALENESS_SWEEP_SEED42_20260930\comparison.csv,136,CONSISTENT,"E5_DT0_PD20_SEED42,0,0.2,0.2509132420091324,1.0,load_estimation,persistence,None,raw,mape,15.806540790489112,14.73210135971861,1.07443943077","Baseline load forecasting test MAPE at dt=0s, seed 42"
8.9504,experiments/runs\E5_STALENESS_SWEEP_SEED42_20260930\comparison.csv,144,CONSISTENT,"E5_DT0_PD20_SEED42,0,0.2,0.2509132420091324,1.0,load_estimation,lstm,None,raw,mape,9.171423424412827,8.95040488214452,0.22101854226830753,0.","Baseline load forecasting test MAPE at dt=0s, seed 42"
8.95,experiments/runs\E5_STALENESS_SWEEP_SEED42_20260930\comparison.csv,144,CONSISTENT,"E5_DT0_PD20_SEED42,0,0.2,0.2509132420091324,1.0,load_estimation,lstm,None,raw,mape,9.171423424412827,8.95040488214452,0.22101854226830753,0.","Baseline load forecasting test MAPE at dt=0s, seed 42"
14.7321,experiments/runs\E5_STALENESS_SWEEP_SEED42_20260930\comparison.csv,180,CONSISTENT,"E5_DT1_PD00_SEED42,1,0.0,0.0,0.0,load_estimation,persistence,None,raw,mape,14.73210135971861,14.73210135971861,0.0,0.0,SUCCESS","Baseline load forecasting test MAPE at dt=0s, seed 42"
8.9504,experiments/runs\E5_STALENESS_SWEEP_SEED42_20260930\comparison.csv,188,CONSISTENT,"E5_DT1_PD00_SEED42,1,0.0,0.0,0.0,load_estimation,lstm,None,raw,mape,8.95040488214452,8.95040488214452,0.0,0.0,SUCCESS","Baseline load forecasting test MAPE at dt=0s, seed 42"
8.95,experiments/runs\E5_STALENESS_SWEEP_SEED42_20260930\comparison.csv,188,CONSISTENT,"E5_DT1_PD00_SEED42,1,0.0,0.0,0.0,load_estimation,lstm,None,raw,mape,8.95040488214452,8.95040488214452,0.0,0.0,SUCCESS","Baseline load forecasting test MAPE at dt=0s, seed 42"
14.7321,experiments/runs\E5_STALENESS_SWEEP_SEED42_20260930\comparison.csv,224,CONSISTENT,"E5_DT1_PD05_SEED42,1,0.05,0.05345319634703196,1.0,load_estimation,persistence,None,raw,mape,14.953406180024844,14.73210135971861,0.221304820","Baseline load forecasting test MAPE at dt=0s, seed 42"
8.9504,experiments/runs\E5_STALENESS_SWEEP_SEED42_20260930\comparison.csv,232,CONSISTENT,"E5_DT1_PD05_SEED42,1,0.05,0.05345319634703196,1.0,load_estimation,lstm,None,raw,mape,8.959365985897191,8.95040488214452,0.008961103752671562","Baseline load forecasting test MAPE at dt=0s, seed 42"
8.95,experiments/runs\E5_STALENESS_SWEEP_SEED42_20260930\comparison.csv,232,CONSISTENT,"E5_DT1_PD05_SEED42,1,0.05,0.05345319634703196,1.0,load_estimation,lstm,None,raw,mape,8.959365985897191,8.95040488214452,0.008961103752671562","Baseline load forecasting test MAPE at dt=0s, seed 42"
14.7321,experiments/runs\E5_STALENESS_SWEEP_SEED42_20260930\comparison.csv,268,CONSISTENT,"E5_DT1_PD10_SEED42,1,0.1,0.10893264840182648,1.0,load_estimation,persistence,None,raw,mape,15.22745767394809,14.73210135971861,0.49535631422","Baseline load forecasting test MAPE at dt=0s, seed 42"
8.9504,experiments/runs\E5_STALENESS_SWEEP_SEED42_20260930\comparison.csv,276,CONSISTENT,"E5_DT1_PD10_SEED42,1,0.1,0.10893264840182648,1.0,load_estimation,lstm,None,raw,mape,9.013588747109727,8.95040488214452,0.06318386496520745,0","Baseline load forecasting test MAPE at dt=0s, seed 42"
8.95,experiments/runs\E5_STALENESS_SWEEP_SEED42_20260930\comparison.csv,276,CONSISTENT,"E5_DT1_PD10_SEED42,1,0.1,0.10893264840182648,1.0,load_estimation,lstm,None,raw,mape,9.013588747109727,8.95040488214452,0.06318386496520745,0","Baseline load forecasting test MAPE at dt=0s, seed 42"
14.7321,experiments/runs\E5_STALENESS_SWEEP_SEED42_20260930\comparison.csv,312,CONSISTENT,"E5_DT1_PD20_SEED42,1,0.2,0.2509132420091324,1.0,load_estimation,persistence,None,raw,mape,15.806540790489112,14.73210135971861,1.07443943077","Baseline load forecasting test MAPE at dt=0s, seed 42"
8.9504,experiments/runs\E5_STALENESS_SWEEP_SEED42_20260930\comparison.csv,320,CONSISTENT,"E5_DT1_PD20_SEED42,1,0.2,0.2509132420091324,1.0,load_estimation,lstm,None,raw,mape,9.171423424412827,8.95040488214452,0.22101854226830753,0.","Baseline load forecasting test MAPE at dt=0s, seed 42"
8.95,experiments/runs\E5_STALENESS_SWEEP_SEED42_20260930\comparison.csv,320,CONSISTENT,"E5_DT1_PD20_SEED42,1,0.2,0.2509132420091324,1.0,load_estimation,lstm,None,raw,mape,9.171423424412827,8.95040488214452,0.22101854226830753,0.","Baseline load forecasting test MAPE at dt=0s, seed 42"
14.7321,experiments/runs\E5_STALENESS_SWEEP_SEED42_20260930\comparison.csv,356,CONSISTENT,"E5_DT5_PD00_SEED42,5,0.0,2.0,4.0,load_estimation,persistence,None,raw,mape,25.12380949883275,14.73210135971861,10.391708139114138,0.70537853","Baseline load forecasting test MAPE at dt=0s, seed 42"
8.9504,experiments/runs\E5_STALENESS_SWEEP_SEED42_20260930\comparison.csv,364,CONSISTENT,"E5_DT5_PD00_SEED42,5,0.0,2.0,4.0,load_estimation,lstm,None,raw,mape,15.260972937471529,8.95040488214452,6.310568055327009,0.7050595071867849","Baseline load forecasting test MAPE at dt=0s, seed 42"
8.95,experiments/runs\E5_STALENESS_SWEEP_SEED42_20260930\comparison.csv,364,CONSISTENT,"E5_DT5_PD00_SEED42,5,0.0,2.0,4.0,load_estimation,lstm,None,raw,mape,15.260972937471529,8.95040488214452,6.310568055327009,0.7050595071867849","Baseline load forecasting test MAPE at dt=0s, seed 42"
14.7321,experiments/runs\E5_STALENESS_SWEEP_SEED42_20260930\comparison.csv,400,CONSISTENT,"E5_DT5_PD05_SEED42,5,0.05,2.031563926940639,4.0,load_estimation,persistence,None,raw,mape,25.004624510816114,14.73210135971861,10.2725231510","Baseline load forecasting test MAPE at dt=0s, seed 42"
8.9504,experiments/runs\E5_STALENESS_SWEEP_SEED42_20260930\comparison.csv,408,CONSISTENT,"E5_DT5_PD05_SEED42,5,0.05,2.031563926940639,4.0,load_estimation,lstm,None,raw,mape,15.180048337165452,8.95040488214452,6.229643455020932,0.6","Baseline load forecasting test MAPE at dt=0s, seed 42"
8.95,experiments/runs\E5_STALENESS_SWEEP_SEED42_20260930\comparison.csv,408,CONSISTENT,"E5_DT5_PD05_SEED42,5,0.05,2.031563926940639,4.0,load_estimation,lstm,None,raw,mape,15.180048337165452,8.95040488214452,6.229643455020932,0.6","Baseline load forecasting test MAPE at dt=0s, seed 42"
14.7321,experiments/runs\E5_STALENESS_SWEEP_SEED42_20260930\comparison.csv,444,CONSISTENT,"E5_DT5_PD10_SEED42,5,0.1,2.066923515981735,4.0,load_estimation,persistence,None,raw,mape,25.865999021124107,14.73210135971861,11.13389766140","Baseline load forecasting test MAPE at dt=0s, seed 42"
8.9504,experiments/runs\E5_STALENESS_SWEEP_SEED42_20260930\comparison.csv,452,CONSISTENT,"E5_DT5_PD10_SEED42,5,0.1,2.066923515981735,4.0,load_estimation,lstm,None,raw,mape,15.824929166731552,8.95040488214452,6.874524284587032,0.76","Baseline load forecasting test MAPE at dt=0s, seed 42"
8.95,experiments/runs\E5_STALENESS_SWEEP_SEED42_20260930\comparison.csv,452,CONSISTENT,"E5_DT5_PD10_SEED42,5,0.1,2.066923515981735,4.0,load_estimation,lstm,None,raw,mape,15.824929166731552,8.95040488214452,6.874524284587032,0.76","Baseline load forecasting test MAPE at dt=0s, seed 42"
14.7321,experiments/runs\E5_STALENESS_SWEEP_SEED42_20260930\comparison.csv,488,CONSISTENT,"E5_DT5_PD20_SEED42,5,0.2,2.1592465753424657,4.0,load_estimation,persistence,None,raw,mape,25.93840522970121,14.73210135971861,11.20630386998","Baseline load forecasting test MAPE at dt=0s, seed 42"
8.9504,experiments/runs\E5_STALENESS_SWEEP_SEED42_20260930\comparison.csv,496,CONSISTENT,"E5_DT5_PD20_SEED42,5,0.2,2.1592465753424657,4.0,load_estimation,lstm,None,raw,mape,16.063561543394936,8.95040488214452,7.113156661250416,0.7","Baseline load forecasting test MAPE at dt=0s, seed 42"
8.95,experiments/runs\E5_STALENESS_SWEEP_SEED42_20260930\comparison.csv,496,CONSISTENT,"E5_DT5_PD20_SEED42,5,0.2,2.1592465753424657,4.0,load_estimation,lstm,None,raw,mape,16.063561543394936,8.95040488214452,7.113156661250416,0.7","Baseline load forecasting test MAPE at dt=0s, seed 42"
14.7321,experiments/runs\E5_STALENESS_SWEEP_SEED42_20260930\comparison.csv,532,CONSISTENT,"E5_DT15_PD00_SEED42,15,0.0,7.0,14.0,load_estimation,persistence,None,raw,mape,56.343534744688164,14.73210135971861,41.61143338496955,2.82454","Baseline load forecasting test MAPE at dt=0s, seed 42"
8.9504,experiments/runs\E5_STALENESS_SWEEP_SEED42_20260930\comparison.csv,540,CONSISTENT,"E5_DT15_PD00_SEED42,15,0.0,7.0,14.0,load_estimation,lstm,None,raw,mape,41.78158731932534,8.95040488214452,32.83118243718082,3.66812260109896","Baseline load forecasting test MAPE at dt=0s, seed 42"
8.95,experiments/runs\E5_STALENESS_SWEEP_SEED42_20260930\comparison.csv,540,CONSISTENT,"E5_DT15_PD00_SEED42,15,0.0,7.0,14.0,load_estimation,lstm,None,raw,mape,41.78158731932534,8.95040488214452,32.83118243718082,3.66812260109896","Baseline load forecasting test MAPE at dt=0s, seed 42"
14.7321,experiments/runs\E5_STALENESS_SWEEP_SEED42_20260930\comparison.csv,576,CONSISTENT,"E5_DT15_PD05_SEED42,15,0.05,7.026369863013699,14.0,load_estimation,persistence,None,raw,mape,58.87377257436558,14.73210135971861,44.14167121","Baseline load forecasting test MAPE at dt=0s, seed 42"
8.9504,experiments/runs\E5_STALENESS_SWEEP_SEED42_20260930\comparison.csv,584,CONSISTENT,"E5_DT15_PD05_SEED42,15,0.05,7.026369863013699,14.0,load_estimation,lstm,None,raw,mape,43.29800891131623,8.95040488214452,34.34760402917171,3","Baseline load forecasting test MAPE at dt=0s, seed 42"
8.95,experiments/runs\E5_STALENESS_SWEEP_SEED42_20260930\comparison.csv,584,CONSISTENT,"E5_DT15_PD05_SEED42,15,0.05,7.026369863013699,14.0,load_estimation,lstm,None,raw,mape,43.29800891131623,8.95040488214452,34.34760402917171,3","Baseline load forecasting test MAPE at dt=0s, seed 42"
14.7321,experiments/runs\E5_STALENESS_SWEEP_SEED42_20260930\comparison.csv,620,CONSISTENT,"E5_DT15_PD10_SEED42,15,0.1,7.058533105022831,14.0,load_estimation,persistence,None,raw,mape,56.48856492914949,14.73210135971861,41.756463569","Baseline load forecasting test MAPE at dt=0s, seed 42"
8.9504,experiments/runs\E5_STALENESS_SWEEP_SEED42_20260930\comparison.csv,628,CONSISTENT,"E5_DT15_PD10_SEED42,15,0.1,7.058533105022831,14.0,load_estimation,lstm,None,raw,mape,42.66467023259599,8.95040488214452,33.71426535045147,3.","Baseline load forecasting test MAPE at dt=0s, seed 42"
8.95,experiments/runs\E5_STALENESS_SWEEP_SEED42_20260930\comparison.csv,628,CONSISTENT,"E5_DT15_PD10_SEED42,15,0.1,7.058533105022831,14.0,load_estimation,lstm,None,raw,mape,42.66467023259599,8.95040488214452,33.71426535045147,3.","Baseline load forecasting test MAPE at dt=0s, seed 42"
14.7321,experiments/runs\E5_STALENESS_SWEEP_SEED42_20260930\comparison.csv,664,CONSISTENT,"E5_DT15_PD20_SEED42,15,0.2,7.138498858447488,14.0,load_estimation,persistence,None,raw,mape,59.034049194882066,14.73210135971861,44.30194783","Baseline load forecasting test MAPE at dt=0s, seed 42"
8.9504,experiments/runs\E5_STALENESS_SWEEP_SEED42_20260930\comparison.csv,672,CONSISTENT,"E5_DT15_PD20_SEED42,15,0.2,7.138498858447488,14.0,load_estimation,lstm,None,raw,mape,44.2613627090222,8.95040488214452,35.31095782687768,3.9","Baseline load forecasting test MAPE at dt=0s, seed 42"
8.95,experiments/runs\E5_STALENESS_SWEEP_SEED42_20260930\comparison.csv,672,CONSISTENT,"E5_DT15_PD20_SEED42,15,0.2,7.138498858447488,14.0,load_estimation,lstm,None,raw,mape,44.2613627090222,8.95040488214452,35.31095782687768,3.9","Baseline load forecasting test MAPE at dt=0s, seed 42"
14.7321,experiments/runs\E5_STALENESS_SWEEP_SEED42_20260930\comparison.csv,708,CONSISTENT,"E5_DT60_PD00_SEED42,60,0.0,29.5,56.049999999995634,load_estimation,persistence,None,raw,mape,83.5484386233321,14.73210135971861,68.816337263","Baseline load forecasting test MAPE at dt=0s, seed 42"
8.9504,experiments/runs\E5_STALENESS_SWEEP_SEED42_20260930\comparison.csv,716,CONSISTENT,"E5_DT60_PD00_SEED42,60,0.0,29.5,56.049999999995634,load_estimation,lstm,None,raw,mape,61.327191212551945,8.95040488214452,52.37678633040743,","Baseline load forecasting test MAPE at dt=0s, seed 42"
8.95,experiments/runs\E5_STALENESS_SWEEP_SEED42_20260930\comparison.csv,716,CONSISTENT,"E5_DT60_PD00_SEED42,60,0.0,29.5,56.049999999995634,load_estimation,lstm,None,raw,mape,61.327191212551945,8.95040488214452,52.37678633040743,","Baseline load forecasting test MAPE at dt=0s, seed 42"
14.7321,experiments/runs\E5_STALENESS_SWEEP_SEED42_20260930\comparison.csv,752,CONSISTENT,"E5_DT60_PD05_SEED42,60,0.05,29.51081621004566,57.0,load_estimation,persistence,None,raw,mape,83.36288336429833,14.73210135971861,68.63078200","Baseline load forecasting test MAPE at dt=0s, seed 42"
8.9504,experiments/runs\E5_STALENESS_SWEEP_SEED42_20260930\comparison.csv,760,CONSISTENT,"E5_DT60_PD05_SEED42,60,0.05,29.51081621004566,57.0,load_estimation,lstm,None,raw,mape,60.113276753312896,8.95040488214452,51.16287187116838,","Baseline load forecasting test MAPE at dt=0s, seed 42"
8.95,experiments/runs\E5_STALENESS_SWEEP_SEED42_20260930\comparison.csv,760,CONSISTENT,"E5_DT60_PD05_SEED42,60,0.05,29.51081621004566,57.0,load_estimation,lstm,None,raw,mape,60.113276753312896,8.95040488214452,51.16287187116838,","Baseline load forecasting test MAPE at dt=0s, seed 42"
14.7321,experiments/runs\E5_STALENESS_SWEEP_SEED42_20260930\comparison.csv,796,CONSISTENT,"E5_DT60_PD10_SEED42,60,0.1,29.55236872146119,57.0,load_estimation,persistence,None,raw,mape,83.31273650298479,14.73210135971861,68.580635143","Baseline load forecasting test MAPE at dt=0s, seed 42"
8.9504,experiments/runs\E5_STALENESS_SWEEP_SEED42_20260930\comparison.csv,804,CONSISTENT,"E5_DT60_PD10_SEED42,60,0.1,29.55236872146119,57.0,load_estimation,lstm,None,raw,mape,58.62408928672285,8.95040488214452,49.67368440457833,5.","Baseline load forecasting test MAPE at dt=0s, seed 42"
8.95,experiments/runs\E5_STALENESS_SWEEP_SEED42_20260930\comparison.csv,804,CONSISTENT,"E5_DT60_PD10_SEED42,60,0.1,29.55236872146119,57.0,load_estimation,lstm,None,raw,mape,58.62408928672285,8.95040488214452,49.67368440457833,5.","Baseline load forecasting test MAPE at dt=0s, seed 42"
0.978,experiments/runs\E5_STALENESS_SWEEP_SEED42_20260930\comparison.csv,805,CONSISTENT,"E5_DT60_PD10_SEED42,60,0.1,29.55236872146119,57.0,load_estimation,lstm,None,raw,r2,0.021052608618462476,0.9670456810550092,-0.94599307243654","Anomaly detection F1 metrics across baseline, dt=5s, and AoI bins"
14.7321,experiments/runs\E5_STALENESS_SWEEP_SEED42_20260930\comparison.csv,840,CONSISTENT,"E5_DT60_PD20_SEED42,60,0.2,29.633019406392695,57.0,load_estimation,persistence,None,raw,mape,81.88915365005585,14.73210135971861,67.15705229","Baseline load forecasting test MAPE at dt=0s, seed 42"
8.9504,experiments/runs\E5_STALENESS_SWEEP_SEED42_20260930\comparison.csv,848,CONSISTENT,"E5_DT60_PD20_SEED42,60,0.2,29.633019406392695,57.0,load_estimation,lstm,None,raw,mape,60.10556436273332,8.95040488214452,51.1551594805888,5.","Baseline load forecasting test MAPE at dt=0s, seed 42"
8.95,experiments/runs\E5_STALENESS_SWEEP_SEED42_20260930\comparison.csv,848,CONSISTENT,"E5_DT60_PD20_SEED42,60,0.2,29.633019406392695,57.0,load_estimation,lstm,None,raw,mape,60.10556436273332,8.95040488214452,51.1551594805888,5.","Baseline load forecasting test MAPE at dt=0s, seed 42"
14.7321,experiments/runs\E5_STALENESS_SWEEP_SEED42_20260930\comparison.csv,884,CONSISTENT,"E5_DT300_PD00_SEED42,300,0.0,149.2945205479452,284.0,load_estimation,persistence,None,raw,mape,81.12563902637784,14.73210135971861,66.393537","Baseline load forecasting test MAPE at dt=0s, seed 42"
8.9504,experiments/runs\E5_STALENESS_SWEEP_SEED42_20260930\comparison.csv,892,CONSISTENT,"E5_DT300_PD00_SEED42,300,0.0,149.2945205479452,284.0,load_estimation,lstm,None,raw,mape,62.29242940740781,8.95040488214452,53.34202452526329","Baseline load forecasting test MAPE at dt=0s, seed 42"
8.95,experiments/runs\E5_STALENESS_SWEEP_SEED42_20260930\comparison.csv,892,CONSISTENT,"E5_DT300_PD00_SEED42,300,0.0,149.2945205479452,284.0,load_estimation,lstm,None,raw,mape,62.29242940740781,8.95040488214452,53.34202452526329","Baseline load forecasting test MAPE at dt=0s, seed 42"
62.29,experiments/runs\E5_STALENESS_SWEEP_SEED42_20260930\comparison.csv,892,CONSISTENT,"E5_DT300_PD00_SEED42,300,0.0,149.2945205479452,284.0,load_estimation,lstm,None,raw,mape,62.29242940740781,8.95040488214452,53.34202452526329",
14.7321,experiments/runs\E5_STALENESS_SWEEP_SEED42_20260930\comparison.csv,928,CONSISTENT,"E5_DT300_PD05_SEED42,300,0.05,149.30165525114154,284.0,load_estimation,persistence,None,raw,mape,79.22532657950369,14.73210135971861,64.4932","Baseline load forecasting test MAPE at dt=0s, seed 42"
8.9504,experiments/runs\E5_STALENESS_SWEEP_SEED42_20260930\comparison.csv,936,CONSISTENT,"E5_DT300_PD05_SEED42,300,0.05,149.30165525114154,284.0,load_estimation,lstm,None,raw,mape,60.02009311561609,8.95040488214452,51.069688233471","Baseline load forecasting test MAPE at dt=0s, seed 42"
8.95,experiments/runs\E5_STALENESS_SWEEP_SEED42_20260930\comparison.csv,936,CONSISTENT,"E5_DT300_PD05_SEED42,300,0.05,149.30165525114154,284.0,load_estimation,lstm,None,raw,mape,60.02009311561609,8.95040488214452,51.069688233471","Baseline load forecasting test MAPE at dt=0s, seed 42"
14.7321,experiments/runs\E5_STALENESS_SWEEP_SEED42_20260930\comparison.csv,972,CONSISTENT,"E5_DT300_PD10_SEED42,300,0.1,149.31732305936072,284.04999999999563,load_estimation,persistence,None,raw,mape,82.38192373039603,14.7321013597","Baseline load forecasting test MAPE at dt=0s, seed 42"
8.9504,experiments/runs\E5_STALENESS_SWEEP_SEED42_20260930\comparison.csv,980,CONSISTENT,"E5_DT300_PD10_SEED42,300,0.1,149.31732305936072,284.04999999999563,load_estimation,lstm,None,raw,mape,59.83106743972931,8.95040488214452,50.","Baseline load forecasting test MAPE at dt=0s, seed 42"
8.95,experiments/runs\E5_STALENESS_SWEEP_SEED42_20260930\comparison.csv,980,CONSISTENT,"E5_DT300_PD10_SEED42,300,0.1,149.31732305936072,284.04999999999563,load_estimation,lstm,None,raw,mape,59.83106743972931,8.95040488214452,50.","Baseline load forecasting test MAPE at dt=0s, seed 42"
14.7321,experiments/runs\E5_STALENESS_SWEEP_SEED42_20260930\comparison.csv,1016,CONSISTENT,"E5_DT300_PD20_SEED42,300,0.2,149.3620719178082,285.0,load_estimation,persistence,None,raw,mape,85.44861354939036,14.73210135971861,70.716512","Baseline load forecasting test MAPE at dt=0s, seed 42"
8.9504,experiments/runs\E5_STALENESS_SWEEP_SEED42_20260930\comparison.csv,1024,CONSISTENT,"E5_DT300_PD20_SEED42,300,0.2,149.3620719178082,285.0,load_estimation,lstm,None,raw,mape,59.52588344855144,8.95040488214452,50.57547856640692","Baseline load forecasting test MAPE at dt=0s, seed 42"
8.95,experiments/runs\E5_STALENESS_SWEEP_SEED42_20260930\comparison.csv,1024,CONSISTENT,"E5_DT300_PD20_SEED42,300,0.2,149.3620719178082,285.0,load_estimation,lstm,None,raw,mape,59.52588344855144,8.95040488214452,50.57547856640692","Baseline load forecasting test MAPE at dt=0s, seed 42"
14.7321,experiments/runs\E5_STALENESS_SWEEP_SEED42_20260930\metrics.json,444,CONSISTENT,"""mape"": 14.73210135971861,","Baseline load forecasting test MAPE at dt=0s, seed 42"
8.9504,experiments/runs\E5_STALENESS_SWEEP_SEED42_20260930\metrics.json,456,CONSISTENT,"""mape"": 8.95040488214452,","Baseline load forecasting test MAPE at dt=0s, seed 42"
8.95,experiments/runs\E5_STALENESS_SWEEP_SEED42_20260930\metrics.json,456,CONSISTENT,"""mape"": 8.95040488214452,","Baseline load forecasting test MAPE at dt=0s, seed 42"
8.95,experiments/runs\E5_STALENESS_SWEEP_SEED42_20260930\metrics.json,476,CONSISTENT,"""mape"": 8.959365985897191,","Baseline load forecasting test MAPE at dt=0s, seed 42"
14.7321,experiments/runs\E5_STALENESS_SWEEP_SEED42_20260930\metrics.json,524,CONSISTENT,"""mape"": 14.73210135971861,","Baseline load forecasting test MAPE at dt=0s, seed 42"
8.9504,experiments/runs\E5_STALENESS_SWEEP_SEED42_20260930\metrics.json,536,CONSISTENT,"""mape"": 8.95040488214452,","Baseline load forecasting test MAPE at dt=0s, seed 42"
8.95,experiments/runs\E5_STALENESS_SWEEP_SEED42_20260930\metrics.json,536,CONSISTENT,"""mape"": 8.95040488214452,","Baseline load forecasting test MAPE at dt=0s, seed 42"
8.95,experiments/runs\E5_STALENESS_SWEEP_SEED42_20260930\metrics.json,556,CONSISTENT,"""mape"": 8.959365985897191,","Baseline load forecasting test MAPE at dt=0s, seed 42"
62.29,experiments/runs\E5_STALENESS_SWEEP_SEED42_20260930\metrics.json,856,CONSISTENT,"""mape"": 62.29242940740781,",
8.9504,experiments/runs\E5_STALENESS_SWEEP_SEED42_20260930\summary.md,72,CONSISTENT,"| (0, 0.0)    |  8.9504  |       14.7321 |   9.06348 |","Baseline load forecasting test MAPE at dt=0s, seed 42"
8.95,experiments/runs\E5_STALENESS_SWEEP_SEED42_20260930\summary.md,72,CONSISTENT,"| (0, 0.0)    |  8.9504  |       14.7321 |   9.06348 |","Baseline load forecasting test MAPE at dt=0s, seed 42"
14.7321,experiments/runs\E5_STALENESS_SWEEP_SEED42_20260930\summary.md,72,CONSISTENT,"| (0, 0.0)    |  8.9504  |       14.7321 |   9.06348 |","Baseline load forecasting test MAPE at dt=0s, seed 42"
8.95,experiments/runs\E5_STALENESS_SWEEP_SEED42_20260930\summary.md,73,CONSISTENT,"| (0, 0.05)   |  8.95937 |       14.9534 |   9.12549 |","Baseline load forecasting test MAPE at dt=0s, seed 42"
8.9504,experiments/runs\E5_STALENESS_SWEEP_SEED42_20260930\summary.md,76,CONSISTENT,"| (1, 0.0)    |  8.9504  |       14.7321 |   9.06348 |","Baseline load forecasting test MAPE at dt=0s, seed 42"
8.95,experiments/runs\E5_STALENESS_SWEEP_SEED42_20260930\summary.md,76,CONSISTENT,"| (1, 0.0)    |  8.9504  |       14.7321 |   9.06348 |","Baseline load forecasting test MAPE at dt=0s, seed 42"
14.7321,experiments/runs\E5_STALENESS_SWEEP_SEED42_20260930\summary.md,76,CONSISTENT,"| (1, 0.0)    |  8.9504  |       14.7321 |   9.06348 |","Baseline load forecasting test MAPE at dt=0s, seed 42"
8.95,experiments/runs\E5_STALENESS_SWEEP_SEED42_20260930\summary.md,77,CONSISTENT,"| (1, 0.05)   |  8.95937 |       14.9534 |   9.12549 |","Baseline load forecasting test MAPE at dt=0s, seed 42"
62.29,experiments/runs\E5_STALENESS_SWEEP_SEED42_20260930\summary.md,92,CONSISTENT,"| (300, 0.0)  | 62.2924  |       81.1256 |  61.6941  |",
14.7321,experiments/runs\E6_JOINT_ANALYSIS_SEED42_20261002\degradation_metrics.csv,4,CONSISTENT,"E5_DT0_PD00_SEED42,0,0.0,0.0,0.0,load_estimation,persistence,,raw,mape,14.73210135971861,14.73210135971861,0.0,0.0,SUCCESS,lower_better,0.0,","Baseline load forecasting test MAPE at dt=0s, seed 42"
8.9504,experiments/runs\E6_JOINT_ANALYSIS_SEED42_20261002\degradation_metrics.csv,12,CONSISTENT,"E5_DT0_PD00_SEED42,0,0.0,0.0,0.0,load_estimation,lstm,,raw,mape,8.95040488214452,8.95040488214452,0.0,0.0,SUCCESS,lower_better,0.0,0.0","Baseline load forecasting test MAPE at dt=0s, seed 42"
8.95,experiments/runs\E6_JOINT_ANALYSIS_SEED42_20261002\degradation_metrics.csv,12,CONSISTENT,"E5_DT0_PD00_SEED42,0,0.0,0.0,0.0,load_estimation,lstm,,raw,mape,8.95040488214452,8.95040488214452,0.0,0.0,SUCCESS,lower_better,0.0,0.0","Baseline load forecasting test MAPE at dt=0s, seed 42"
14.7321,experiments/runs\E6_JOINT_ANALYSIS_SEED42_20261002\degradation_metrics.csv,48,CONSISTENT,"E5_DT0_PD05_SEED42,0,0.05,0.0534531963470319,1.0,load_estimation,persistence,,raw,mape,14.953406180024844,14.73210135971861,0.22130482030623","Baseline load forecasting test MAPE at dt=0s, seed 42"
8.9504,experiments/runs\E6_JOINT_ANALYSIS_SEED42_20261002\degradation_metrics.csv,56,CONSISTENT,"E5_DT0_PD05_SEED42,0,0.05,0.0534531963470319,1.0,load_estimation,lstm,,raw,mape,8.959365985897191,8.95040488214452,0.0089611037526715,0.0010","Baseline load forecasting test MAPE at dt=0s, seed 42"
8.95,experiments/runs\E6_JOINT_ANALYSIS_SEED42_20261002\degradation_metrics.csv,56,CONSISTENT,"E5_DT0_PD05_SEED42,0,0.05,0.0534531963470319,1.0,load_estimation,lstm,,raw,mape,8.959365985897191,8.95040488214452,0.0089611037526715,0.0010","Baseline load forecasting test MAPE at dt=0s, seed 42"
14.7321,experiments/runs\E6_JOINT_ANALYSIS_SEED42_20261002\degradation_metrics.csv,92,CONSISTENT,"E5_DT0_PD10_SEED42,0,0.1,0.1089326484018264,1.0,load_estimation,persistence,,raw,mape,15.22745767394809,14.73210135971861,0.495356314229479,","Baseline load forecasting test MAPE at dt=0s, seed 42"
8.9504,experiments/runs\E6_JOINT_ANALYSIS_SEED42_20261002\degradation_metrics.csv,100,CONSISTENT,"E5_DT0_PD10_SEED42,0,0.1,0.1089326484018264,1.0,load_estimation,lstm,,raw,mape,9.013588747109727,8.95040488214452,0.0631838649652074,0.00705","Baseline load forecasting test MAPE at dt=0s, seed 42"
8.95,experiments/runs\E6_JOINT_ANALYSIS_SEED42_20261002\degradation_metrics.csv,100,CONSISTENT,"E5_DT0_PD10_SEED42,0,0.1,0.1089326484018264,1.0,load_estimation,lstm,,raw,mape,9.013588747109727,8.95040488214452,0.0631838649652074,0.00705","Baseline load forecasting test MAPE at dt=0s, seed 42"
14.7321,experiments/runs\E6_JOINT_ANALYSIS_SEED42_20261002\degradation_metrics.csv,136,CONSISTENT,"E5_DT0_PD20_SEED42,0,0.2,0.2509132420091324,1.0,load_estimation,persistence,,raw,mape,15.806540790489112,14.73210135971861,1.074439430770502","Baseline load forecasting test MAPE at dt=0s, seed 42"
8.9504,experiments/runs\E6_JOINT_ANALYSIS_SEED42_20261002\degradation_metrics.csv,144,CONSISTENT,"E5_DT0_PD20_SEED42,0,0.2,0.2509132420091324,1.0,load_estimation,lstm,,raw,mape,9.171423424412827,8.95040488214452,0.2210185422683075,0.02469","Baseline load forecasting test MAPE at dt=0s, seed 42"
8.95,experiments/runs\E6_JOINT_ANALYSIS_SEED42_20261002\degradation_metrics.csv,144,CONSISTENT,"E5_DT0_PD20_SEED42,0,0.2,0.2509132420091324,1.0,load_estimation,lstm,,raw,mape,9.171423424412827,8.95040488214452,0.2210185422683075,0.02469","Baseline load forecasting test MAPE at dt=0s, seed 42"
14.7321,experiments/runs\E6_JOINT_ANALYSIS_SEED42_20261002\degradation_metrics.csv,180,CONSISTENT,"E5_DT1_PD00_SEED42,1,0.0,0.0,0.0,load_estimation,persistence,,raw,mape,14.73210135971861,14.73210135971861,0.0,0.0,SUCCESS,lower_better,0.0,","Baseline load forecasting test MAPE at dt=0s, seed 42"
8.9504,experiments/runs\E6_JOINT_ANALYSIS_SEED42_20261002\degradation_metrics.csv,188,CONSISTENT,"E5_DT1_PD00_SEED42,1,0.0,0.0,0.0,load_estimation,lstm,,raw,mape,8.95040488214452,8.95040488214452,0.0,0.0,SUCCESS,lower_better,0.0,0.0","Baseline load forecasting test MAPE at dt=0s, seed 42"
8.95,experiments/runs\E6_JOINT_ANALYSIS_SEED42_20261002\degradation_metrics.csv,188,CONSISTENT,"E5_DT1_PD00_SEED42,1,0.0,0.0,0.0,load_estimation,lstm,,raw,mape,8.95040488214452,8.95040488214452,0.0,0.0,SUCCESS,lower_better,0.0,0.0","Baseline load forecasting test MAPE at dt=0s, seed 42"
14.7321,experiments/runs\E6_JOINT_ANALYSIS_SEED42_20261002\degradation_metrics.csv,224,CONSISTENT,"E5_DT1_PD05_SEED42,1,0.05,0.0534531963470319,1.0,load_estimation,persistence,,raw,mape,14.953406180024844,14.73210135971861,0.22130482030623","Baseline load forecasting test MAPE at dt=0s, seed 42"
8.9504,experiments/runs\E6_JOINT_ANALYSIS_SEED42_20261002\degradation_metrics.csv,232,CONSISTENT,"E5_DT1_PD05_SEED42,1,0.05,0.0534531963470319,1.0,load_estimation,lstm,,raw,mape,8.959365985897191,8.95040488214452,0.0089611037526715,0.0010","Baseline load forecasting test MAPE at dt=0s, seed 42"
8.95,experiments/runs\E6_JOINT_ANALYSIS_SEED42_20261002\degradation_metrics.csv,232,CONSISTENT,"E5_DT1_PD05_SEED42,1,0.05,0.0534531963470319,1.0,load_estimation,lstm,,raw,mape,8.959365985897191,8.95040488214452,0.0089611037526715,0.0010","Baseline load forecasting test MAPE at dt=0s, seed 42"
14.7321,experiments/runs\E6_JOINT_ANALYSIS_SEED42_20261002\degradation_metrics.csv,268,CONSISTENT,"E5_DT1_PD10_SEED42,1,0.1,0.1089326484018264,1.0,load_estimation,persistence,,raw,mape,15.22745767394809,14.73210135971861,0.495356314229479,","Baseline load forecasting test MAPE at dt=0s, seed 42"
8.9504,experiments/runs\E6_JOINT_ANALYSIS_SEED42_20261002\degradation_metrics.csv,276,CONSISTENT,"E5_DT1_PD10_SEED42,1,0.1,0.1089326484018264,1.0,load_estimation,lstm,,raw,mape,9.013588747109727,8.95040488214452,0.0631838649652074,0.00705","Baseline load forecasting test MAPE at dt=0s, seed 42"
8.95,experiments/runs\E6_JOINT_ANALYSIS_SEED42_20261002\degradation_metrics.csv,276,CONSISTENT,"E5_DT1_PD10_SEED42,1,0.1,0.1089326484018264,1.0,load_estimation,lstm,,raw,mape,9.013588747109727,8.95040488214452,0.0631838649652074,0.00705","Baseline load forecasting test MAPE at dt=0s, seed 42"
14.7321,experiments/runs\E6_JOINT_ANALYSIS_SEED42_20261002\degradation_metrics.csv,312,CONSISTENT,"E5_DT1_PD20_SEED42,1,0.2,0.2509132420091324,1.0,load_estimation,persistence,,raw,mape,15.806540790489112,14.73210135971861,1.074439430770502","Baseline load forecasting test MAPE at dt=0s, seed 42"
8.9504,experiments/runs\E6_JOINT_ANALYSIS_SEED42_20261002\degradation_metrics.csv,320,CONSISTENT,"E5_DT1_PD20_SEED42,1,0.2,0.2509132420091324,1.0,load_estimation,lstm,,raw,mape,9.171423424412827,8.95040488214452,0.2210185422683075,0.02469","Baseline load forecasting test MAPE at dt=0s, seed 42"
8.95,experiments/runs\E6_JOINT_ANALYSIS_SEED42_20261002\degradation_metrics.csv,320,CONSISTENT,"E5_DT1_PD20_SEED42,1,0.2,0.2509132420091324,1.0,load_estimation,lstm,,raw,mape,9.171423424412827,8.95040488214452,0.2210185422683075,0.02469","Baseline load forecasting test MAPE at dt=0s, seed 42"
14.7321,experiments/runs\E6_JOINT_ANALYSIS_SEED42_20261002\degradation_metrics.csv,356,CONSISTENT,"E5_DT5_PD00_SEED42,5,0.0,2.0,4.0,load_estimation,persistence,,raw,mape,25.12380949883275,14.73210135971861,10.391708139114138,0.705378539379","Baseline load forecasting test MAPE at dt=0s, seed 42"
8.9504,experiments/runs\E6_JOINT_ANALYSIS_SEED42_20261002\degradation_metrics.csv,364,CONSISTENT,"E5_DT5_PD00_SEED42,5,0.0,2.0,4.0,load_estimation,lstm,,raw,mape,15.260972937471529,8.95040488214452,6.310568055327009,0.7050595071867849,SUC","Baseline load forecasting test MAPE at dt=0s, seed 42"
8.95,experiments/runs\E6_JOINT_ANALYSIS_SEED42_20261002\degradation_metrics.csv,364,CONSISTENT,"E5_DT5_PD00_SEED42,5,0.0,2.0,4.0,load_estimation,lstm,,raw,mape,15.260972937471529,8.95040488214452,6.310568055327009,0.7050595071867849,SUC","Baseline load forecasting test MAPE at dt=0s, seed 42"
0.1085,experiments/runs\E6_JOINT_ANALYSIS_SEED42_20261002\degradation_metrics.csv,392,CONSISTENT,"E5_DT5_PD00_SEED42,5,0.0,2.0,4.0,anomaly_detection,lstm_autoencoder,lstm_autoencoder,residual,f1,0.1085167889704247,0.9779559118236472,-0.86","Anomaly detection F1 metrics across baseline, dt=5s, and AoI bins"
14.7321,experiments/runs\E6_JOINT_ANALYSIS_SEED42_20261002\degradation_metrics.csv,400,CONSISTENT,"E5_DT5_PD05_SEED42,5,0.05,2.031563926940639,4.0,load_estimation,persistence,,raw,mape,25.004624510816114,14.73210135971861,10.27252315109750","Baseline load forecasting test MAPE at dt=0s, seed 42"
8.9504,experiments/runs\E6_JOINT_ANALYSIS_SEED42_20261002\degradation_metrics.csv,408,CONSISTENT,"E5_DT5_PD05_SEED42,5,0.05,2.031563926940639,4.0,load_estimation,lstm,,raw,mape,15.180048337165452,8.95040488214452,6.229643455020932,0.69601","Baseline load forecasting test MAPE at dt=0s, seed 42"
8.95,experiments/runs\E6_JOINT_ANALYSIS_SEED42_20261002\degradation_metrics.csv,408,CONSISTENT,"E5_DT5_PD05_SEED42,5,0.05,2.031563926940639,4.0,load_estimation,lstm,,raw,mape,15.180048337165452,8.95040488214452,6.229643455020932,0.69601","Baseline load forecasting test MAPE at dt=0s, seed 42"
14.7321,experiments/runs\E6_JOINT_ANALYSIS_SEED42_20261002\degradation_metrics.csv,444,CONSISTENT,"E5_DT5_PD10_SEED42,5,0.1,2.066923515981735,4.0,load_estimation,persistence,,raw,mape,25.865999021124107,14.73210135971861,11.133897661405497","Baseline load forecasting test MAPE at dt=0s, seed 42"
8.9504,experiments/runs\E6_JOINT_ANALYSIS_SEED42_20261002\degradation_metrics.csv,452,CONSISTENT,"E5_DT5_PD10_SEED42,5,0.1,2.066923515981735,4.0,load_estimation,lstm,,raw,mape,15.824929166731552,8.95040488214452,6.874524284587032,0.768068","Baseline load forecasting test MAPE at dt=0s, seed 42"
8.95,experiments/runs\E6_JOINT_ANALYSIS_SEED42_20261002\degradation_metrics.csv,452,CONSISTENT,"E5_DT5_PD10_SEED42,5,0.1,2.066923515981735,4.0,load_estimation,lstm,,raw,mape,15.824929166731552,8.95040488214452,6.874524284587032,0.768068","Baseline load forecasting test MAPE at dt=0s, seed 42"
14.7321,experiments/runs\E6_JOINT_ANALYSIS_SEED42_20261002\degradation_metrics.csv,488,CONSISTENT,"E5_DT5_PD20_SEED42,5,0.2,2.1592465753424657,4.0,load_estimation,persistence,,raw,mape,25.93840522970121,14.73210135971861,11.2063038699826,0","Baseline load forecasting test MAPE at dt=0s, seed 42"
8.9504,experiments/runs\E6_JOINT_ANALYSIS_SEED42_20261002\degradation_metrics.csv,496,CONSISTENT,"E5_DT5_PD20_SEED42,5,0.2,2.1592465753424657,4.0,load_estimation,lstm,,raw,mape,16.063561543394936,8.95040488214452,7.113156661250416,0.79473","Baseline load forecasting test MAPE at dt=0s, seed 42"
8.95,experiments/runs\E6_JOINT_ANALYSIS_SEED42_20261002\degradation_metrics.csv,496,CONSISTENT,"E5_DT5_PD20_SEED42,5,0.2,2.1592465753424657,4.0,load_estimation,lstm,,raw,mape,16.063561543394936,8.95040488214452,7.113156661250416,0.79473","Baseline load forecasting test MAPE at dt=0s, seed 42"
14.7321,experiments/runs\E6_JOINT_ANALYSIS_SEED42_20261002\degradation_metrics.csv,532,CONSISTENT,"E5_DT15_PD00_SEED42,15,0.0,7.0,14.0,load_estimation,persistence,,raw,mape,56.34353474468816,14.73210135971861,41.61143338496955,2.8245416162","Baseline load forecasting test MAPE at dt=0s, seed 42"
8.9504,experiments/runs\E6_JOINT_ANALYSIS_SEED42_20261002\degradation_metrics.csv,540,CONSISTENT,"E5_DT15_PD00_SEED42,15,0.0,7.0,14.0,load_estimation,lstm,,raw,mape,41.78158731932534,8.95040488214452,32.83118243718082,3.668122601098964,SU","Baseline load forecasting test MAPE at dt=0s, seed 42"
8.95,experiments/runs\E6_JOINT_ANALYSIS_SEED42_20261002\degradation_metrics.csv,540,CONSISTENT,"E5_DT15_PD00_SEED42,15,0.0,7.0,14.0,load_estimation,lstm,,raw,mape,41.78158731932534,8.95040488214452,32.83118243718082,3.668122601098964,SU","Baseline load forecasting test MAPE at dt=0s, seed 42"
14.7321,experiments/runs\E6_JOINT_ANALYSIS_SEED42_20261002\degradation_metrics.csv,576,CONSISTENT,"E5_DT15_PD05_SEED42,15,0.05,7.026369863013699,14.0,load_estimation,persistence,,raw,mape,58.87377257436558,14.73210135971861,44.141671214646","Baseline load forecasting test MAPE at dt=0s, seed 42"
8.9504,experiments/runs\E6_JOINT_ANALYSIS_SEED42_20261002\degradation_metrics.csv,584,CONSISTENT,"E5_DT15_PD05_SEED42,15,0.05,7.026369863013699,14.0,load_estimation,lstm,,raw,mape,43.29800891131623,8.95040488214452,34.34760402917171,3.837","Baseline load forecasting test MAPE at dt=0s, seed 42"
8.95,experiments/runs\E6_JOINT_ANALYSIS_SEED42_20261002\degradation_metrics.csv,584,CONSISTENT,"E5_DT15_PD05_SEED42,15,0.05,7.026369863013699,14.0,load_estimation,lstm,,raw,mape,43.29800891131623,8.95040488214452,34.34760402917171,3.837","Baseline load forecasting test MAPE at dt=0s, seed 42"
14.7321,experiments/runs\E6_JOINT_ANALYSIS_SEED42_20261002\degradation_metrics.csv,620,CONSISTENT,"E5_DT15_PD10_SEED42,15,0.1,7.058533105022831,14.0,load_estimation,persistence,,raw,mape,56.48856492914949,14.73210135971861,41.7564635694308","Baseline load forecasting test MAPE at dt=0s, seed 42"
8.9504,experiments/runs\E6_JOINT_ANALYSIS_SEED42_20261002\degradation_metrics.csv,628,CONSISTENT,"E5_DT15_PD10_SEED42,15,0.1,7.058533105022831,14.0,load_estimation,lstm,,raw,mape,42.66467023259599,8.95040488214452,33.71426535045147,3.7667","Baseline load forecasting test MAPE at dt=0s, seed 42"
8.95,experiments/runs\E6_JOINT_ANALYSIS_SEED42_20261002\degradation_metrics.csv,628,CONSISTENT,"E5_DT15_PD10_SEED42,15,0.1,7.058533105022831,14.0,load_estimation,lstm,,raw,mape,42.66467023259599,8.95040488214452,33.71426535045147,3.7667","Baseline load forecasting test MAPE at dt=0s, seed 42"
14.7321,experiments/runs\E6_JOINT_ANALYSIS_SEED42_20261002\degradation_metrics.csv,664,CONSISTENT,"E5_DT15_PD20_SEED42,15,0.2,7.138498858447488,14.0,load_estimation,persistence,,raw,mape,59.03404919488207,14.73210135971861,44.3019478351634","Baseline load forecasting test MAPE at dt=0s, seed 42"
8.9504,experiments/runs\E6_JOINT_ANALYSIS_SEED42_20261002\degradation_metrics.csv,672,CONSISTENT,"E5_DT15_PD20_SEED42,15,0.2,7.138498858447488,14.0,load_estimation,lstm,,raw,mape,44.2613627090222,8.95040488214452,35.31095782687768,3.94517","Baseline load forecasting test MAPE at dt=0s, seed 42"
8.95,experiments/runs\E6_JOINT_ANALYSIS_SEED42_20261002\degradation_metrics.csv,672,CONSISTENT,"E5_DT15_PD20_SEED42,15,0.2,7.138498858447488,14.0,load_estimation,lstm,,raw,mape,44.2613627090222,8.95040488214452,35.31095782687768,3.94517","Baseline load forecasting test MAPE at dt=0s, seed 42"
14.7321,experiments/runs\E6_JOINT_ANALYSIS_SEED42_20261002\degradation_metrics.csv,708,CONSISTENT,"E5_DT60_PD00_SEED42,60,0.0,29.5,56.049999999995634,load_estimation,persistence,,raw,mape,83.5484386233321,14.73210135971861,68.8163372636134","Baseline load forecasting test MAPE at dt=0s, seed 42"
8.9504,experiments/runs\E6_JOINT_ANALYSIS_SEED42_20261002\degradation_metrics.csv,716,CONSISTENT,"E5_DT60_PD00_SEED42,60,0.0,29.5,56.049999999995634,load_estimation,lstm,,raw,mape,61.327191212551945,8.95040488214452,52.37678633040743,5.85","Baseline load forecasting test MAPE at dt=0s, seed 42"
8.95,experiments/runs\E6_JOINT_ANALYSIS_SEED42_20261002\degradation_metrics.csv,716,CONSISTENT,"E5_DT60_PD00_SEED42,60,0.0,29.5,56.049999999995634,load_estimation,lstm,,raw,mape,61.327191212551945,8.95040488214452,52.37678633040743,5.85","Baseline load forecasting test MAPE at dt=0s, seed 42"
14.7321,experiments/runs\E6_JOINT_ANALYSIS_SEED42_20261002\degradation_metrics.csv,752,CONSISTENT,"E5_DT60_PD05_SEED42,60,0.05,29.51081621004566,57.0,load_estimation,persistence,,raw,mape,83.36288336429833,14.73210135971861,68.630782004579","Baseline load forecasting test MAPE at dt=0s, seed 42"
8.9504,experiments/runs\E6_JOINT_ANALYSIS_SEED42_20261002\degradation_metrics.csv,760,CONSISTENT,"E5_DT60_PD05_SEED42,60,0.05,29.51081621004566,57.0,load_estimation,lstm,,raw,mape,60.113276753312896,8.95040488214452,51.16287187116838,5.71","Baseline load forecasting test MAPE at dt=0s, seed 42"
8.95,experiments/runs\E6_JOINT_ANALYSIS_SEED42_20261002\degradation_metrics.csv,760,CONSISTENT,"E5_DT60_PD05_SEED42,60,0.05,29.51081621004566,57.0,load_estimation,lstm,,raw,mape,60.113276753312896,8.95040488214452,51.16287187116838,5.71","Baseline load forecasting test MAPE at dt=0s, seed 42"
14.7321,experiments/runs\E6_JOINT_ANALYSIS_SEED42_20261002\degradation_metrics.csv,796,CONSISTENT,"E5_DT60_PD10_SEED42,60,0.1,29.55236872146119,57.0,load_estimation,persistence,,raw,mape,83.31273650298479,14.73210135971861,68.5806351432661","Baseline load forecasting test MAPE at dt=0s, seed 42"
8.9504,experiments/runs\E6_JOINT_ANALYSIS_SEED42_20261002\degradation_metrics.csv,804,CONSISTENT,"E5_DT60_PD10_SEED42,60,0.1,29.55236872146119,57.0,load_estimation,lstm,,raw,mape,58.62408928672285,8.95040488214452,49.67368440457833,5.5498","Baseline load forecasting test MAPE at dt=0s, seed 42"
8.95,experiments/runs\E6_JOINT_ANALYSIS_SEED42_20261002\degradation_metrics.csv,804,CONSISTENT,"E5_DT60_PD10_SEED42,60,0.1,29.55236872146119,57.0,load_estimation,lstm,,raw,mape,58.62408928672285,8.95040488214452,49.67368440457833,5.5498","Baseline load forecasting test MAPE at dt=0s, seed 42"
0.978,experiments/runs\E6_JOINT_ANALYSIS_SEED42_20261002\degradation_metrics.csv,805,CONSISTENT,"E5_DT60_PD10_SEED42,60,0.1,29.55236872146119,57.0,load_estimation,lstm,,raw,r2,0.0210526086184624,0.9670456810550092,-0.9459930724365468,-0.","Anomaly detection F1 metrics across baseline, dt=5s, and AoI bins"
14.7321,experiments/runs\E6_JOINT_ANALYSIS_SEED42_20261002\degradation_metrics.csv,840,CONSISTENT,"E5_DT60_PD20_SEED42,60,0.2,29.63301940639269,57.0,load_estimation,persistence,,raw,mape,81.88915365005585,14.73210135971861,67.1570522903372","Baseline load forecasting test MAPE at dt=0s, seed 42"
8.9504,experiments/runs\E6_JOINT_ANALYSIS_SEED42_20261002\degradation_metrics.csv,848,CONSISTENT,"E5_DT60_PD20_SEED42,60,0.2,29.63301940639269,57.0,load_estimation,lstm,,raw,mape,60.10556436273332,8.95040488214452,51.1551594805888,5.71540","Baseline load forecasting test MAPE at dt=0s, seed 42"
8.95,experiments/runs\E6_JOINT_ANALYSIS_SEED42_20261002\degradation_metrics.csv,848,CONSISTENT,"E5_DT60_PD20_SEED42,60,0.2,29.63301940639269,57.0,load_estimation,lstm,,raw,mape,60.10556436273332,8.95040488214452,51.1551594805888,5.71540","Baseline load forecasting test MAPE at dt=0s, seed 42"
14.7321,experiments/runs\E6_JOINT_ANALYSIS_SEED42_20261002\degradation_metrics.csv,884,CONSISTENT,"E5_DT300_PD00_SEED42,300,0.0,149.2945205479452,284.0,load_estimation,persistence,,raw,mape,81.12563902637784,14.73210135971861,66.3935376666","Baseline load forecasting test MAPE at dt=0s, seed 42"
8.9504,experiments/runs\E6_JOINT_ANALYSIS_SEED42_20261002\degradation_metrics.csv,892,CONSISTENT,"E5_DT300_PD00_SEED42,300,0.0,149.2945205479452,284.0,load_estimation,lstm,,raw,mape,62.29242940740781,8.95040488214452,53.34202452526329,5.9","Baseline load forecasting test MAPE at dt=0s, seed 42"
8.95,experiments/runs\E6_JOINT_ANALYSIS_SEED42_20261002\degradation_metrics.csv,892,CONSISTENT,"E5_DT300_PD00_SEED42,300,0.0,149.2945205479452,284.0,load_estimation,lstm,,raw,mape,62.29242940740781,8.95040488214452,53.34202452526329,5.9","Baseline load forecasting test MAPE at dt=0s, seed 42"
62.29,experiments/runs\E6_JOINT_ANALYSIS_SEED42_20261002\degradation_metrics.csv,892,CONSISTENT,"E5_DT300_PD00_SEED42,300,0.0,149.2945205479452,284.0,load_estimation,lstm,,raw,mape,62.29242940740781,8.95040488214452,53.34202452526329,5.9",
14.7321,experiments/runs\E6_JOINT_ANALYSIS_SEED42_20261002\degradation_metrics.csv,928,CONSISTENT,"E5_DT300_PD05_SEED42,300,0.05,149.30165525114154,284.0,load_estimation,persistence,,raw,mape,79.22532657950369,14.73210135971861,64.49322521","Baseline load forecasting test MAPE at dt=0s, seed 42"
8.9504,experiments/runs\E6_JOINT_ANALYSIS_SEED42_20261002\degradation_metrics.csv,936,CONSISTENT,"E5_DT300_PD05_SEED42,300,0.05,149.30165525114154,284.0,load_estimation,lstm,,raw,mape,60.02009311561609,8.95040488214452,51.06968823347157,5","Baseline load forecasting test MAPE at dt=0s, seed 42"
8.95,experiments/runs\E6_JOINT_ANALYSIS_SEED42_20261002\degradation_metrics.csv,936,CONSISTENT,"E5_DT300_PD05_SEED42,300,0.05,149.30165525114154,284.0,load_estimation,lstm,,raw,mape,60.02009311561609,8.95040488214452,51.06968823347157,5","Baseline load forecasting test MAPE at dt=0s, seed 42"
14.7321,experiments/runs\E6_JOINT_ANALYSIS_SEED42_20261002\degradation_metrics.csv,972,CONSISTENT,"E5_DT300_PD10_SEED42,300,0.1,149.31732305936072,284.04999999999563,load_estimation,persistence,,raw,mape,82.38192373039603,14.73210135971861","Baseline load forecasting test MAPE at dt=0s, seed 42"
8.9504,experiments/runs\E6_JOINT_ANALYSIS_SEED42_20261002\degradation_metrics.csv,980,CONSISTENT,"E5_DT300_PD10_SEED42,300,0.1,149.31732305936072,284.04999999999563,load_estimation,lstm,,raw,mape,59.83106743972931,8.95040488214452,50.8806","Baseline load forecasting test MAPE at dt=0s, seed 42"
8.95,experiments/runs\E6_JOINT_ANALYSIS_SEED42_20261002\degradation_metrics.csv,980,CONSISTENT,"E5_DT300_PD10_SEED42,300,0.1,149.31732305936072,284.04999999999563,load_estimation,lstm,,raw,mape,59.83106743972931,8.95040488214452,50.8806","Baseline load forecasting test MAPE at dt=0s, seed 42"
14.7321,experiments/runs\E6_JOINT_ANALYSIS_SEED42_20261002\degradation_metrics.csv,1016,CONSISTENT,"E5_DT300_PD20_SEED42,300,0.2,149.3620719178082,285.0,load_estimation,persistence,,raw,mape,85.44861354939036,14.73210135971861,70.7165121896","Baseline load forecasting test MAPE at dt=0s, seed 42"
8.9504,experiments/runs\E6_JOINT_ANALYSIS_SEED42_20261002\degradation_metrics.csv,1024,CONSISTENT,"E5_DT300_PD20_SEED42,300,0.2,149.3620719178082,285.0,load_estimation,lstm,,raw,mape,59.52588344855144,8.95040488214452,50.57547856640692,5.6","Baseline load forecasting test MAPE at dt=0s, seed 42"
8.95,experiments/runs\E6_JOINT_ANALYSIS_SEED42_20261002\degradation_metrics.csv,1024,CONSISTENT,"E5_DT300_PD20_SEED42,300,0.2,149.3620719178082,285.0,load_estimation,lstm,,raw,mape,59.52588344855144,8.95040488214452,50.57547856640692,5.6","Baseline load forecasting test MAPE at dt=0s, seed 42"
8.9504,experiments/runs\E6_JOINT_ANALYSIS_SEED42_20261002\descriptive_statistics.csv,35,CONSISTENT,"load_estimation,lstm,raw,mape,32.84851259428239,22.989962111731142,8.95040488214452,62.29242940740781,28.92257443136014,23.89810771213787,22","Baseline load forecasting test MAPE at dt=0s, seed 42"
8.95,experiments/runs\E6_JOINT_ANALYSIS_SEED42_20261002\descriptive_statistics.csv,35,CONSISTENT,"load_estimation,lstm,raw,mape,32.84851259428239,22.989962111731142,8.95040488214452,62.29242940740781,28.92257443136014,23.89810771213787,22","Baseline load forecasting test MAPE at dt=0s, seed 42"
62.29,experiments/runs\E6_JOINT_ANALYSIS_SEED42_20261002\descriptive_statistics.csv,35,CONSISTENT,"load_estimation,lstm,raw,mape,32.84851259428239,22.989962111731142,8.95040488214452,62.29242940740781,28.92257443136014,23.89810771213787,22",
14.7321,experiments/runs\E6_JOINT_ANALYSIS_SEED42_20261002\descriptive_statistics.csv,39,CONSISTENT,"load_estimation,persistence,raw,mape,46.43360361409415,29.88137378438728,14.73210135971861,85.44861354939036,41.14096998719468,31.7015022543","Baseline load forecasting test MAPE at dt=0s, seed 42"
0.978,experiments/runs\E6_JOINT_ANALYSIS_SEED42_20261002\H3_summary.md,38,CONSISTENT,"- **Staleness Thresholding Effect:** Anomaly detection exhibits a steep cliff at $\Delta t = 5\,\text{s}$ ($F_1$ drops from 0.9780 to 0.1085","Anomaly detection F1 metrics across baseline, dt=5s, and AoI bins"
0.1085,experiments/runs\E6_JOINT_ANALYSIS_SEED42_20261002\H3_summary.md,38,CONSISTENT,"- **Staleness Thresholding Effect:** Anomaly detection exhibits a steep cliff at $\Delta t = 5\,\text{s}$ ($F_1$ drops from 0.9780 to 0.1085","Anomaly detection F1 metrics across baseline, dt=5s, and AoI bins"
8.9504,experiments/runs\VERIFY_REPRODUCIBILITY_20261002_154829\reproducibility_report.json,46,CONSISTENT,"""lstm_forecaster_mape"": 8.95040488214452,","Baseline load forecasting test MAPE at dt=0s, seed 42"
8.95,experiments/runs\VERIFY_REPRODUCIBILITY_20261002_154829\reproducibility_report.json,46,CONSISTENT,"""lstm_forecaster_mape"": 8.95040488214452,","Baseline load forecasting test MAPE at dt=0s, seed 42"
8.9504,experiments/runs\VERIFY_REPRODUCIBILITY_20261002_154829\reproducibility_report.json,53,CONSISTENT,"""lstm_forecaster_mape"": 8.95040488214452,","Baseline load forecasting test MAPE at dt=0s, seed 42"
8.95,experiments/runs\VERIFY_REPRODUCIBILITY_20261002_154829\reproducibility_report.json,53,CONSISTENT,"""lstm_forecaster_mape"": 8.95040488214452,","Baseline load forecasting test MAPE at dt=0s, seed 42"
0.1085,experiments/runs\VERIFY_REPRODUCIBILITY_20261002_154829\reproducibility_report.json,59,CONSISTENT,"""residual_lstm_ae_f1"": 0.1085167889704247,","Anomaly detection F1 metrics across baseline, dt=5s, and AoI bins"
8.9504,experiments/runs\VERIFY_REPRODUCIBILITY_20261002_154829\reproducibility\selected_condition_comparison.csv,2,CONSISTENT,"0,0.0,0.9779559118236472,8.95040488214452,VALID","Baseline load forecasting test MAPE at dt=0s, seed 42"
8.95,experiments/runs\VERIFY_REPRODUCIBILITY_20261002_154829\reproducibility\selected_condition_comparison.csv,2,CONSISTENT,"0,0.0,0.9779559118236472,8.95040488214452,VALID","Baseline load forecasting test MAPE at dt=0s, seed 42"
8.9504,experiments/runs\VERIFY_REPRODUCIBILITY_20261002_154829\reproducibility\selected_condition_comparison.csv,3,CONSISTENT,"1,0.0,0.9779559118236472,8.95040488214452,VALID","Baseline load forecasting test MAPE at dt=0s, seed 42"
8.95,experiments/runs\VERIFY_REPRODUCIBILITY_20261002_154829\reproducibility\selected_condition_comparison.csv,3,CONSISTENT,"1,0.0,0.9779559118236472,8.95040488214452,VALID","Baseline load forecasting test MAPE at dt=0s, seed 42"
0.1085,experiments/runs\VERIFY_REPRODUCIBILITY_20261002_154829\reproducibility\selected_condition_comparison.csv,4,CONSISTENT,"5,0.0,0.1085167889704247,15.260972937471529,VALID","Anomaly detection F1 metrics across baseline, dt=5s, and AoI bins"
0.978,src\anomaly_detection\dual_mode.py,8,CONSISTENT,discrimination (F1 ~ 0.978 vs 0.539).,"Anomaly detection F1 metrics across baseline, dt=5s, and AoI bins"
0.186,src\audit\aoi_investigator.py,100,CONSISTENT,"""steps (E5 sweep), where in-bin F1 collapses from 0.575 to 0.186 and residual norm expands 16x. """,
0.5752,src\audit\aoi_investigator.py,159,CONSISTENT,"| `0s (Fresh)` | 20,952 | 11.50 | 1.15 | 0.5752 |","Anomaly detection F1 metrics across baseline, dt=5s, and AoI bins"
0.1856,src\audit\aoi_investigator.py,160,CONSISTENT,"| `1-5s` | 16,975 | 184.90 (16x jump) | 18.49 | 0.1856 (cliff) |","Anomaly detection F1 metrics across baseline, dt=5s, and AoI bins"
0.5752,src\audit\aoi_investigator.py,168,CONSISTENT,2. Detection F1 score collapses precipitously from **0.5752 to 0.1856** (a 67.7% relative drop).,"Anomaly detection F1 metrics across baseline, dt=5s, and AoI bins"
0.1856,src\audit\aoi_investigator.py,168,CONSISTENT,2. Detection F1 score collapses precipitously from **0.5752 to 0.1856** (a 67.7% relative drop).,"Anomaly detection F1 metrics across baseline, dt=5s, and AoI bins"
0.978,src\audit\aoi_investigator.py,169,CONSISTENT,"3. In discrete staleness sweeping (E5), $F_1$ drops from $0.978$ at $\\Delta t = 1\\,$s to $0.108$ at $\\Delta t = 5\\,$s.","Anomaly detection F1 metrics across baseline, dt=5s, and AoI bins"
0.186,src\audit\discrepancy_register.py,62,CONSISTENT,"""from 0.575 to 0.186 and residual norm jumps 16x.""",
0.186,src\audit\discrepancy_register.py,72,CONSISTENT,"""table_03_transient_statistics.csv (F1 drop 0.575 -> 0.186 between 0s and 1-5s); """,
73584,src\audit\final_claims.py,223,CONSISTENT,# Check 73584 timesteps,Active transient timesteps audited across Phase 11
73584,src\audit\final_claims.py,224,CONSISTENT,"if ""73584"" in text:",Active transient timesteps audited across Phase 11
73584,src\audit\final_claims.py,225,CONSISTENT,return 73584,Active transient timesteps audited across Phase 11
0.186,src\digital_twin\topology.py,26,CONSISTENT,"(3, 4, 0.3660, 0.1864),",
0.978,src\experiments\phase11_runner.py,380,CONSISTENT,"- **Phase 7 E4 Baseline**: `{repro_report.get(""phase7_e4_status"", ""PASS"")}` (Residual LSTM-AE $F_1 = 0.9780$, Raw LSTM-AE $F_1 = 0.5386$, Ra","Anomaly detection F1 metrics across baseline, dt=5s, and AoI bins"
0.978,src\experiments\phase11_runner.py,389,CONSISTENT,2. **A2 (Synchronization Freshness)**: Deterministic staleness without packet loss induces a sharp phase transition between $\\Delta t = 1\\,"Anomaly detection F1 metrics across baseline, dt=5s, and AoI bins"
0.978,src\experiments\phase11_runner.py,390,CONSISTENT,"3. **A3 (Packet Loss)**: Packet loss accelerates degradation by expanding realized AoI bursts. At $\\Delta t = 1\\,$s, $20\\%$ loss reduces ","Anomaly detection F1 metrics across baseline, dt=5s, and AoI bins"
8.95,src\experiments\phase11_runner.py,394,CONSISTENT,7. **A7 (Forecasting Architecture)**: LSTM achieves lowest MAPE at baseline ($8.95\\%$) vs. XGBoost ($10.51\\%$) and Persistence ($11.23\\%$,"Baseline load forecasting test MAPE at dt=0s, seed 42"
10.51,src\experiments\phase11_runner.py,394,CONSISTENT,7. **A7 (Forecasting Architecture)**: LSTM achieves lowest MAPE at baseline ($8.95\\%$) vs. XGBoost ($10.51\\%$) and Persistence ($11.23\\%$,
11.23,src\experiments\phase11_runner.py,394,CONSISTENT,7. **A7 (Forecasting Architecture)**: LSTM achieves lowest MAPE at baseline ($8.95\\%$) vs. XGBoost ($10.51\\%$) and Persistence ($11.23\\%$,
0.978,src\publication\latex.py,135,CONSISTENT,"Under continuous real-time synchronization ($\Delta t = 0$\,s, $P_{\text{drop}} = 0\%$), the physics-based residual representation $r(t)$ ac","Anomaly detection F1 metrics across baseline, dt=5s, and AoI bins"
0.1085,src\publication\latex.py,137,CONSISTENT,"However, as synchronization staleness increased, zero-order hold state divergence induced rapid degradation. At $\Delta t \ge 5$\,s, hold-la","Anomaly detection F1 metrics across baseline, dt=5s, and AoI bins"
0.978,src\publication\manuscript_generator.py,83,CONSISTENT,"an anomaly detection F1~score of~0.978. As staleness increases, both","Anomaly detection F1 metrics across baseline, dt=5s, and AoI bins"
0.978,src\publication\manuscript_generator.py,259,CONSISTENT,"achieves an anomaly detection F1~score of~0.978, substantially outperforming","Anomaly detection F1 metrics across baseline, dt=5s, and AoI bins"
0.978,src\publication\publication_runner.py,175,CONSISTENT,"- **[OBSERVED RESULT]:** At continuous zero-staleness baseline ($\\Delta t = 0\\,\\text{{s}}, P_{{\\text{{drop}}}} = 0\\%$), Residual LSTM-A","Anomaly detection F1 metrics across baseline, dt=5s, and AoI bins"
0.978,src\publication\publication_runner.py,181,CONSISTENT,"- **[OBSERVED RESULT]:** Under deterministic staleness, residual LSTM-AE performance exhibits a sharp drop between $\\Delta t = 1\\,\\text{{","Anomaly detection F1 metrics across baseline, dt=5s, and AoI bins"
0.1085,src\publication\publication_runner.py,181,CONSISTENT,"- **[OBSERVED RESULT]:** Under deterministic staleness, residual LSTM-AE performance exhibits a sharp drop between $\\Delta t = 1\\,\\text{{","Anomaly detection F1 metrics across baseline, dt=5s, and AoI bins"
8.95,src\publication\publication_runner.py,182,CONSISTENT,"- **[OBSERVED RESULT]:** Active load estimation error scales continuously from $8.95\\%$ MAPE at $\\Delta t = 0\\,\\text{{s}}$ to $58.74\\%$","Baseline load forecasting test MAPE at dt=0s, seed 42"
0.978,src\publication\publication_runner.py,195,CONSISTENT,"- **[OBSERVED RESULT - A3 Packet Loss]:** $20\\%$ packet drop reduces $\\Delta t = 1\\,\\text{{s}}$ residual $F_1$ from $0.9780$ to $0.3230$","Anomaly detection F1 metrics across baseline, dt=5s, and AoI bins"
8.95,src\publication\publication_runner.py,198,CONSISTENT,- **[OBSERVED RESULT - A7 Forecaster]:** Deep LSTM achieves lowest baseline error ($8.95\\%$) vs. XGBoost ($10.51\\%$) and Persistence ($11.,"Baseline load forecasting test MAPE at dt=0s, seed 42"
10.51,src\publication\publication_runner.py,198,CONSISTENT,- **[OBSERVED RESULT - A7 Forecaster]:** Deep LSTM achieves lowest baseline error ($8.95\\%$) vs. XGBoost ($10.51\\%$) and Persistence ($11.,
11.23,src\publication\publication_runner.py,198,CONSISTENT,- **[OBSERVED RESULT - A7 Forecaster]:** Deep LSTM achieves lowest baseline error ($8.95\\%$) vs. XGBoost ($10.51\\%$) and Persistence ($11.,
0.978,src\publication\table_factory.py,353,CONSISTENT,"""Observed Effect"": ""-0.6550 F1 drop (0.9780 to 0.3230) under 20% loss"",","Anomaly detection F1 metrics across baseline, dt=5s, and AoI bins"
0.978,src\publication\table_factory.py,377,CONSISTENT,"""Observed Effect"": ""+0.8892 F1 advantage (0.9780 vs. 0.0887) for LSTM-AE"",","Anomaly detection F1 metrics across baseline, dt=5s, and AoI bins"
8.95,src\publication\table_factory.py,385,CONSISTENT,"""Observed Effect"": ""LSTM achieves 8.95% vs. XGBoost 10.51% and Persistence 11.23%"",","Baseline load forecasting test MAPE at dt=0s, seed 42"
10.51,src\publication\table_factory.py,385,CONSISTENT,"""Observed Effect"": ""LSTM achieves 8.95% vs. XGBoost 10.51% and Persistence 11.23%"",",
11.23,src\publication\table_factory.py,385,CONSISTENT,"""Observed Effect"": ""LSTM achieves 8.95% vs. XGBoost 10.51% and Persistence 11.23%"",",
0.978,src\publication\table_factory.py,393,CONSISTENT,"""Observed Effect"": ""95th percentile yields F1 = 0.9780; 90th yields 0.8421; 99th yields 0.6052"",","Anomaly detection F1 metrics across baseline, dt=5s, and AoI bins"
0.978,src\statistics\analysis_runner.py,710,CONSISTENT,"""- **Staleness Thresholding Effect:** Anomaly detection exhibits a steep cliff at $\\Delta t = 5\\,\\text{s}$ ($F_1$ drops from 0.9780 to 0.","Anomaly detection F1 metrics across baseline, dt=5s, and AoI bins"
0.1085,src\statistics\analysis_runner.py,710,CONSISTENT,"""- **Staleness Thresholding Effect:** Anomaly detection exhibits a steep cliff at $\\Delta t = 5\\,\\text{s}$ ($F_1$ drops from 0.9780 to 0.","Anomaly detection F1 metrics across baseline, dt=5s, and AoI bins"
0.978,README.md,59,CONSISTENT,"Under ideal synchronization ($\Delta t = 0\,$s), physics-derived state residuals empower the **LSTM Autoencoder** to achieve near-perfect an","Anomaly detection F1 metrics across baseline, dt=5s, and AoI bins"
0.186,README.md,59,STALE_TEXT,"Under ideal synchronization ($\Delta t = 0\,$s), physics-derived state residuals empower the **LSTM Autoencoder** to achieve near-perfect an","README claims DT300 MAPE 12.31% and F1 0.186, whereas actual E5/E10 data shows LSTM MAPE 59.5-62.3% and F1 0.089"
0.186,README.md,75,STALE_TEXT,| **Residual Anomaly Detection** | LSTM-AE $F_1$ Score | **$0.977956$** | **$0.186214$** | **$-80.9\%$** catastrophic collapse |,"README claims DT300 MAPE 12.31% and F1 0.186, whereas actual E5/E10 data shows LSTM MAPE 59.5-62.3% and F1 0.089"
8.95,README.md,78,CONSISTENT,| **Short-Term Load Forecasting** | LSTM Model MAPE | **$8.95\%$** | **$12.31\%$** | $+37.5\%$ relative error inflation |,"Baseline load forecasting test MAPE at dt=0s, seed 42"
12.31,README.md,78,STALE_TEXT,| **Short-Term Load Forecasting** | LSTM Model MAPE | **$8.95\%$** | **$12.31\%$** | $+37.5\%$ relative error inflation |,"README claims DT300 MAPE 12.31% and F1 0.186, whereas actual E5/E10 data shows LSTM MAPE 59.5-62.3% and F1 0.089"
10.51,README.md,79,CONSISTENT,| **Forecasting Baseline** | XGBoost Model MAPE | **$10.51\%$** | **$13.44\%$** | Robust baseline under drift |,
13.44,README.md,79,STALE_TEXT,| **Forecasting Baseline** | XGBoost Model MAPE | **$10.51\%$** | **$13.44\%$** | Robust baseline under drift |,"README claims DT300 MAPE 12.31% and F1 0.186, whereas actual E5/E10 data shows LSTM MAPE 59.5-62.3% and F1 0.089"
0.978,README.md,129,CONSISTENT,| **7** | **Physics-Residual Engine (E4)** | Residual state transformation ($F_1 = 0.978$ vs Raw $F_1 = 0.539$) | `FROZEN` |,"Anomaly detection F1 metrics across baseline, dt=5s, and AoI bins"
0.978,README.md,210,CONSISTENT,- **Figure 2**: Baseline reconciliation ($F_1 = 0.978$ vs $F_1 = 0.539$) comparing raw and residual spaces.,"Anomaly detection F1 metrics across baseline, dt=5s, and AoI bins"
