condition_id,staleness_seconds,packet_drop_rate,realized_mean_aoi,realized_p95_aoi,task,model,detector,representation,metric,value,baseline_value,absolute_delta,relative_degradation,status
E5_DT0_PD00_SEED123,0,0.0,0.0,0.0,load_estimation,persistence,None,raw,mae,0.4383777854014386,0.4383777854014386,0.0,0.0,SUCCESS
E5_DT0_PD00_SEED123,0,0.0,0.0,0.0,load_estimation,persistence,None,raw,rmse,0.5934701818230634,0.5934701818230634,0.0,0.0,SUCCESS
E5_DT0_PD00_SEED123,0,0.0,0.0,0.0,load_estimation,persistence,None,raw,mape,13.879795520238472,13.879795520238472,0.0,0.0,SUCCESS
E5_DT0_PD00_SEED123,0,0.0,0.0,0.0,load_estimation,persistence,None,raw,r2,0.9349663109259363,0.9349663109259363,0.0,0.0,SUCCESS
E5_DT0_PD00_SEED123,0,0.0,0.0,0.0,load_estimation,xgboost,None,raw,mae,0.2727781880981483,0.2727781880981483,0.0,0.0,SUCCESS
E5_DT0_PD00_SEED123,0,0.0,0.0,0.0,load_estimation,xgboost,None,raw,rmse,0.40856251653233305,0.40856251653233305,0.0,0.0,SUCCESS
E5_DT0_PD00_SEED123,0,0.0,0.0,0.0,load_estimation,xgboost,None,raw,mape,9.007307051437575,9.007307051437575,0.0,0.0,SUCCESS
E5_DT0_PD00_SEED123,0,0.0,0.0,0.0,load_estimation,xgboost,None,raw,r2,0.9691782265733759,0.9691782265733759,0.0,0.0,SUCCESS
E5_DT0_PD00_SEED123,0,0.0,0.0,0.0,load_estimation,lstm,None,raw,mae,0.27887399652686284,0.27887399652686284,0.0,0.0,SUCCESS
E5_DT0_PD00_SEED123,0,0.0,0.0,0.0,load_estimation,lstm,None,raw,rmse,0.41518036195795865,0.41518036195795865,0.0,0.0,SUCCESS
E5_DT0_PD00_SEED123,0,0.0,0.0,0.0,load_estimation,lstm,None,raw,mape,9.118982639637075,9.118982639637075,0.0,0.0,SUCCESS
E5_DT0_PD00_SEED123,0,0.0,0.0,0.0,load_estimation,lstm,None,raw,r2,0.9682583482374255,0.9682583482374255,0.0,0.0,SUCCESS
E5_DT0_PD00_SEED123,0,0.0,0.0,0.0,anomaly_detection,None,isolation_forest,raw,precision,0.11646586345381527,0.11646586345381527,0.0,0.0,SUCCESS
E5_DT0_PD00_SEED123,0,0.0,0.0,0.0,anomaly_detection,None,isolation_forest,raw,recall,0.11885245901639344,0.11885245901639344,0.0,0.0,SUCCESS
E5_DT0_PD00_SEED123,0,0.0,0.0,0.0,anomaly_detection,None,isolation_forest,raw,f1,0.11764705882352941,0.11764705882352941,0.0,0.0,SUCCESS
E5_DT0_PD00_SEED123,0,0.0,0.0,0.0,anomaly_detection,None,isolation_forest,raw,false_positive_rate,0.04389465283320032,0.04389465283320032,0.0,0.0,SUCCESS
E5_DT0_PD00_SEED123,0,0.0,0.0,0.0,anomaly_detection,None,isolation_forest,raw,pr_auc,0.09385708598261007,0.09385708598261007,0.0,0.0,SUCCESS
E5_DT0_PD00_SEED123,0,0.0,0.0,0.0,anomaly_detection,None,isolation_forest,raw,roc_auc,0.7138596875695052,0.7138596875695052,0.0,0.0,SUCCESS
E5_DT0_PD00_SEED123,0,0.0,0.0,0.0,anomaly_detection,None,isolation_forest,raw,detection_latency,3.2459016393442623,3.2459016393442623,0.0,0.0,SUCCESS
E5_DT0_PD00_SEED123,0,0.0,0.0,0.0,anomaly_detection,None,isolation_forest,raw,threshold,0.5031683371451802,0.5031683371451802,0.0,0.0,SUCCESS
E5_DT0_PD00_SEED123,0,0.0,0.0,0.0,anomaly_detection,None,isolation_forest,residual,precision,0.04642313546423135,0.04642313546423135,0.0,0.0,SUCCESS
E5_DT0_PD00_SEED123,0,0.0,0.0,0.0,anomaly_detection,None,isolation_forest,residual,recall,1.0,1.0,0.0,0.0,SUCCESS
E5_DT0_PD00_SEED123,0,0.0,0.0,0.0,anomaly_detection,None,isolation_forest,residual,f1,0.08872727272727272,0.08872727272727272,0.0,0.0,SUCCESS
E5_DT0_PD00_SEED123,0,0.0,0.0,0.0,anomaly_detection,None,isolation_forest,residual,false_positive_rate,1.0,1.0,0.0,0.0,SUCCESS
E5_DT0_PD00_SEED123,0,0.0,0.0,0.0,anomaly_detection,None,isolation_forest,residual,pr_auc,0.09188515062218422,0.09188515062218422,0.0,0.0,SUCCESS
E5_DT0_PD00_SEED123,0,0.0,0.0,0.0,anomaly_detection,None,isolation_forest,residual,roc_auc,0.6877706618868814,0.6877706618868814,0.0,0.0,SUCCESS
E5_DT0_PD00_SEED123,0,0.0,0.0,0.0,anomaly_detection,None,isolation_forest,residual,detection_latency,0.0,0.0,0.0,0.0,SUCCESS
E5_DT0_PD00_SEED123,0,0.0,0.0,0.0,anomaly_detection,None,isolation_forest,residual,threshold,0.29376565419608197,0.29376565419608197,0.0,0.0,SUCCESS
E5_DT0_PD00_SEED123,0,0.0,0.0,0.0,anomaly_detection,None,lstm_autoencoder,raw,precision,0.49825783972125437,0.49825783972125437,0.0,0.0,SUCCESS
E5_DT0_PD00_SEED123,0,0.0,0.0,0.0,anomaly_detection,None,lstm_autoencoder,raw,recall,0.5860655737704918,0.5860655737704918,0.0,0.0,SUCCESS
E5_DT0_PD00_SEED123,0,0.0,0.0,0.0,anomaly_detection,None,lstm_autoencoder,raw,f1,0.5386064030131827,0.5386064030131827,0.0,0.0,SUCCESS
E5_DT0_PD00_SEED123,0,0.0,0.0,0.0,anomaly_detection,None,lstm_autoencoder,raw,false_positive_rate,0.028731045490822026,0.028731045490822026,0.0,0.0,SUCCESS
E5_DT0_PD00_SEED123,0,0.0,0.0,0.0,anomaly_detection,None,lstm_autoencoder,raw,pr_auc,0.561001698584242,0.561001698584242,0.0,0.0,SUCCESS
E5_DT0_PD00_SEED123,0,0.0,0.0,0.0,anomaly_detection,None,lstm_autoencoder,raw,roc_auc,0.9493396177043946,0.9493396177043946,0.0,0.0,SUCCESS
E5_DT0_PD00_SEED123,0,0.0,0.0,0.0,anomaly_detection,None,lstm_autoencoder,raw,detection_latency,1.3442622950819672,1.3442622950819672,0.0,0.0,SUCCESS
E5_DT0_PD00_SEED123,0,0.0,0.0,0.0,anomaly_detection,None,lstm_autoencoder,raw,threshold,0.0007370078528765589,0.0007370078528765589,0.0,0.0,SUCCESS
E5_DT0_PD00_SEED123,0,0.0,0.0,0.0,anomaly_detection,None,lstm_autoencoder,residual,precision,0.04642313546423135,0.04642313546423135,0.0,0.0,SUCCESS
E5_DT0_PD00_SEED123,0,0.0,0.0,0.0,anomaly_detection,None,lstm_autoencoder,residual,recall,1.0,1.0,0.0,0.0,SUCCESS
E5_DT0_PD00_SEED123,0,0.0,0.0,0.0,anomaly_detection,None,lstm_autoencoder,residual,f1,0.08872727272727272,0.08872727272727272,0.0,0.0,SUCCESS
E5_DT0_PD00_SEED123,0,0.0,0.0,0.0,anomaly_detection,None,lstm_autoencoder,residual,false_positive_rate,1.0,1.0,0.0,0.0,SUCCESS
E5_DT0_PD00_SEED123,0,0.0,0.0,0.0,anomaly_detection,None,lstm_autoencoder,residual,pr_auc,0.138022346640306,0.138022346640306,0.0,0.0,SUCCESS
E5_DT0_PD00_SEED123,0,0.0,0.0,0.0,anomaly_detection,None,lstm_autoencoder,residual,roc_auc,0.7479148404484972,0.7479148404484972,0.0,0.0,SUCCESS
E5_DT0_PD00_SEED123,0,0.0,0.0,0.0,anomaly_detection,None,lstm_autoencoder,residual,detection_latency,0.0,0.0,0.0,0.0,SUCCESS
E5_DT0_PD00_SEED123,0,0.0,0.0,0.0,anomaly_detection,None,lstm_autoencoder,residual,threshold,0.0003816792741417885,0.0003816792741417885,0.0,0.0,SUCCESS
E5_DT0_PD05_SEED123,0,0.05,0.051341324200913245,0.0,load_estimation,persistence,None,raw,mae,0.4497905890918032,0.4383777854014386,0.01141280369036457,0.02603417433644236,SUCCESS
E5_DT0_PD05_SEED123,0,0.05,0.051341324200913245,0.0,load_estimation,persistence,None,raw,rmse,0.6086361202658392,0.5934701818230634,0.015165938442775806,0.025554676388606434,SUCCESS
E5_DT0_PD05_SEED123,0,0.05,0.051341324200913245,0.0,load_estimation,persistence,None,raw,mape,14.161339743362777,13.879795520238472,0.28154422312430505,0.020284464761298426,SUCCESS
E5_DT0_PD05_SEED123,0,0.05,0.051341324200913245,0.0,load_estimation,persistence,None,raw,r2,0.9316000114717371,0.9349663109259363,-0.0033662994541991953,-0.00360045000002771,SUCCESS
E5_DT0_PD05_SEED123,0,0.05,0.051341324200913245,0.0,load_estimation,xgboost,None,raw,mae,0.27419732862593016,0.2727781880981483,0.0014191405277818592,0.0052025440071888675,SUCCESS
E5_DT0_PD05_SEED123,0,0.05,0.051341324200913245,0.0,load_estimation,xgboost,None,raw,rmse,0.4115813176006305,0.40856251653233305,0.0030188010682974387,0.00738883511370416,SUCCESS
E5_DT0_PD05_SEED123,0,0.05,0.051341324200913245,0.0,load_estimation,xgboost,None,raw,mape,9.035813246854515,9.007307051437575,0.02850619541693966,0.003164785573995731,SUCCESS
E5_DT0_PD05_SEED123,0,0.05,0.051341324200913245,0.0,load_estimation,xgboost,None,raw,r2,0.9687210698586981,0.9691782265733759,-0.00045715671467783103,-0.00047169519717147706,SUCCESS
E5_DT0_PD05_SEED123,0,0.05,0.051341324200913245,0.0,load_estimation,lstm,None,raw,mae,0.2828327607133524,0.27887399652686284,0.0039587641864895495,0.014195530009224855,SUCCESS
E5_DT0_PD05_SEED123,0,0.05,0.051341324200913245,0.0,load_estimation,lstm,None,raw,rmse,0.4191594256792073,0.41518036195795865,0.003979063721248621,0.009583940103726638,SUCCESS
E5_DT0_PD05_SEED123,0,0.05,0.051341324200913245,0.0,load_estimation,lstm,None,raw,mape,9.206101408408946,9.118982639637075,0.0871187687718713,0.009553562301258919,SUCCESS
E5_DT0_PD05_SEED123,0,0.05,0.051341324200913245,0.0,load_estimation,lstm,None,raw,r2,0.9676470125275791,0.9682583482374255,-0.0006113357098463945,-0.0006313766475230943,SUCCESS
E5_DT0_PD05_SEED123,0,0.05,0.051341324200913245,0.0,anomaly_detection,None,isolation_forest,raw,precision,0.11646586345381527,0.11646586345381527,0.0,0.0,SUCCESS
E5_DT0_PD05_SEED123,0,0.05,0.051341324200913245,0.0,anomaly_detection,None,isolation_forest,raw,recall,0.11885245901639344,0.11885245901639344,0.0,0.0,SUCCESS
E5_DT0_PD05_SEED123,0,0.05,0.051341324200913245,0.0,anomaly_detection,None,isolation_forest,raw,f1,0.11764705882352941,0.11764705882352941,0.0,0.0,SUCCESS
E5_DT0_PD05_SEED123,0,0.05,0.051341324200913245,0.0,anomaly_detection,None,isolation_forest,raw,false_positive_rate,0.04389465283320032,0.04389465283320032,0.0,0.0,SUCCESS
E5_DT0_PD05_SEED123,0,0.05,0.051341324200913245,0.0,anomaly_detection,None,isolation_forest,raw,pr_auc,0.09385708598261007,0.09385708598261007,0.0,0.0,SUCCESS
E5_DT0_PD05_SEED123,0,0.05,0.051341324200913245,0.0,anomaly_detection,None,isolation_forest,raw,roc_auc,0.7138596875695052,0.7138596875695052,0.0,0.0,SUCCESS
E5_DT0_PD05_SEED123,0,0.05,0.051341324200913245,0.0,anomaly_detection,None,isolation_forest,raw,detection_latency,3.2459016393442623,3.2459016393442623,0.0,0.0,SUCCESS
E5_DT0_PD05_SEED123,0,0.05,0.051341324200913245,0.0,anomaly_detection,None,isolation_forest,raw,threshold,0.5031683371451802,0.5031683371451802,0.0,0.0,SUCCESS
E5_DT0_PD05_SEED123,0,0.05,0.051341324200913245,0.0,anomaly_detection,None,isolation_forest,residual,precision,0.04642313546423135,0.04642313546423135,0.0,0.0,SUCCESS
E5_DT0_PD05_SEED123,0,0.05,0.051341324200913245,0.0,anomaly_detection,None,isolation_forest,residual,recall,1.0,1.0,0.0,0.0,SUCCESS
E5_DT0_PD05_SEED123,0,0.05,0.051341324200913245,0.0,anomaly_detection,None,isolation_forest,residual,f1,0.08872727272727272,0.08872727272727272,0.0,0.0,SUCCESS
E5_DT0_PD05_SEED123,0,0.05,0.051341324200913245,0.0,anomaly_detection,None,isolation_forest,residual,false_positive_rate,1.0,1.0,0.0,0.0,SUCCESS
E5_DT0_PD05_SEED123,0,0.05,0.051341324200913245,0.0,anomaly_detection,None,isolation_forest,residual,pr_auc,0.09132171950382018,0.09188515062218422,-0.0005634311183640439,0.006131906130085968,SUCCESS
E5_DT0_PD05_SEED123,0,0.05,0.051341324200913245,0.0,anomaly_detection,None,isolation_forest,residual,roc_auc,0.687461158792668,0.6877706618868814,-0.0003095030942134036,0.00045000915474395156,SUCCESS
E5_DT0_PD05_SEED123,0,0.05,0.051341324200913245,0.0,anomaly_detection,None,isolation_forest,residual,detection_latency,0.0,0.0,0.0,0.0,SUCCESS
E5_DT0_PD05_SEED123,0,0.05,0.051341324200913245,0.0,anomaly_detection,None,isolation_forest,residual,threshold,0.29376565419608197,0.29376565419608197,0.0,0.0,SUCCESS
E5_DT0_PD05_SEED123,0,0.05,0.051341324200913245,0.0,anomaly_detection,None,lstm_autoencoder,raw,precision,0.49825783972125437,0.49825783972125437,0.0,0.0,SUCCESS
E5_DT0_PD05_SEED123,0,0.05,0.051341324200913245,0.0,anomaly_detection,None,lstm_autoencoder,raw,recall,0.5860655737704918,0.5860655737704918,0.0,0.0,SUCCESS
E5_DT0_PD05_SEED123,0,0.05,0.051341324200913245,0.0,anomaly_detection,None,lstm_autoencoder,raw,f1,0.5386064030131827,0.5386064030131827,0.0,0.0,SUCCESS
E5_DT0_PD05_SEED123,0,0.05,0.051341324200913245,0.0,anomaly_detection,None,lstm_autoencoder,raw,false_positive_rate,0.028731045490822026,0.028731045490822026,0.0,0.0,SUCCESS
E5_DT0_PD05_SEED123,0,0.05,0.051341324200913245,0.0,anomaly_detection,None,lstm_autoencoder,raw,pr_auc,0.561001698584242,0.561001698584242,0.0,0.0,SUCCESS
E5_DT0_PD05_SEED123,0,0.05,0.051341324200913245,0.0,anomaly_detection,None,lstm_autoencoder,raw,roc_auc,0.9493396177043946,0.9493396177043946,0.0,0.0,SUCCESS
E5_DT0_PD05_SEED123,0,0.05,0.051341324200913245,0.0,anomaly_detection,None,lstm_autoencoder,raw,detection_latency,1.3442622950819672,1.3442622950819672,0.0,0.0,SUCCESS
E5_DT0_PD05_SEED123,0,0.05,0.051341324200913245,0.0,anomaly_detection,None,lstm_autoencoder,raw,threshold,0.0007370078528765589,0.0007370078528765589,0.0,0.0,SUCCESS
E5_DT0_PD05_SEED123,0,0.05,0.051341324200913245,0.0,anomaly_detection,None,lstm_autoencoder,residual,precision,0.04642313546423135,0.04642313546423135,0.0,0.0,SUCCESS
E5_DT0_PD05_SEED123,0,0.05,0.051341324200913245,0.0,anomaly_detection,None,lstm_autoencoder,residual,recall,1.0,1.0,0.0,0.0,SUCCESS
E5_DT0_PD05_SEED123,0,0.05,0.051341324200913245,0.0,anomaly_detection,None,lstm_autoencoder,residual,f1,0.08872727272727272,0.08872727272727272,0.0,0.0,SUCCESS
E5_DT0_PD05_SEED123,0,0.05,0.051341324200913245,0.0,anomaly_detection,None,lstm_autoencoder,residual,false_positive_rate,1.0,1.0,0.0,0.0,SUCCESS
E5_DT0_PD05_SEED123,0,0.05,0.051341324200913245,0.0,anomaly_detection,None,lstm_autoencoder,residual,pr_auc,0.13708897957072877,0.138022346640306,-0.0009333670695772234,0.006762434433966193,SUCCESS
E5_DT0_PD05_SEED123,0,0.05,0.051341324200913245,0.0,anomaly_detection,None,lstm_autoencoder,residual,roc_auc,0.7473448968377534,0.7479148404484972,-0.0005699436107438061,0.000762043457249801,SUCCESS
E5_DT0_PD05_SEED123,0,0.05,0.051341324200913245,0.0,anomaly_detection,None,lstm_autoencoder,residual,detection_latency,0.0,0.0,0.0,0.0,SUCCESS
E5_DT0_PD05_SEED123,0,0.05,0.051341324200913245,0.0,anomaly_detection,None,lstm_autoencoder,residual,threshold,0.0003816792741417885,0.0003816792741417885,0.0,0.0,SUCCESS
E5_DT0_PD10_SEED123,0,0.1,0.11001712328767123,1.0,load_estimation,persistence,None,raw,mae,0.45977939685730085,0.4383777854014386,0.021401611455862224,0.04882001818651459,SUCCESS
E5_DT0_PD10_SEED123,0,0.1,0.11001712328767123,1.0,load_estimation,persistence,None,raw,rmse,0.6207617965191485,0.5934701818230634,0.027291614696085098,0.04598649693275035,SUCCESS
E5_DT0_PD10_SEED123,0,0.1,0.11001712328767123,1.0,load_estimation,persistence,None,raw,mape,14.358109226060051,13.879795520238472,0.47831370582157895,0.03446114931045907,SUCCESS
E5_DT0_PD10_SEED123,0,0.1,0.11001712328767123,1.0,load_estimation,persistence,None,raw,r2,0.9288474373319315,0.9349663109259363,-0.006118873594004759,-0.006544485638145595,SUCCESS
E5_DT0_PD10_SEED123,0,0.1,0.11001712328767123,1.0,load_estimation,xgboost,None,raw,mae,0.27642806647756507,0.2727781880981483,0.003649878379416771,0.013380389410400763,SUCCESS
E5_DT0_PD10_SEED123,0,0.1,0.11001712328767123,1.0,load_estimation,xgboost,None,raw,rmse,0.414262644955824,0.40856251653233305,0.0057001284234909355,0.013951667597582549,SUCCESS
E5_DT0_PD10_SEED123,0,0.1,0.11001712328767123,1.0,load_estimation,xgboost,None,raw,mape,9.102831471917636,9.007307051437575,0.09552442048006071,0.01060521418161435,SUCCESS
E5_DT0_PD10_SEED123,0,0.1,0.11001712328767123,1.0,load_estimation,xgboost,None,raw,r2,0.9683121968698815,0.9691782265733759,-0.0008660297034944753,-0.0008935711510527921,SUCCESS
E5_DT0_PD10_SEED123,0,0.1,0.11001712328767123,1.0,load_estimation,lstm,None,raw,mae,0.28657657843166434,0.27887399652686284,0.007702581904801498,0.02762029447252368,SUCCESS
E5_DT0_PD10_SEED123,0,0.1,0.11001712328767123,1.0,load_estimation,lstm,None,raw,rmse,0.4232674496528388,0.41518036195795865,0.008087087694880146,0.019478492809106053,SUCCESS
E5_DT0_PD10_SEED123,0,0.1,0.11001712328767123,1.0,load_estimation,lstm,None,raw,mape,9.292334234355447,9.118982639637075,0.17335159471837258,0.019009970911105033,SUCCESS
E5_DT0_PD10_SEED123,0,0.1,0.11001712328767123,1.0,load_estimation,lstm,None,raw,r2,0.9670097460127243,0.9682583482374255,-0.0012486022247012452,-0.0012895341692371104,SUCCESS
E5_DT0_PD10_SEED123,0,0.1,0.11001712328767123,1.0,anomaly_detection,None,isolation_forest,raw,precision,0.11646586345381527,0.11646586345381527,0.0,0.0,SUCCESS
E5_DT0_PD10_SEED123,0,0.1,0.11001712328767123,1.0,anomaly_detection,None,isolation_forest,raw,recall,0.11885245901639344,0.11885245901639344,0.0,0.0,SUCCESS
E5_DT0_PD10_SEED123,0,0.1,0.11001712328767123,1.0,anomaly_detection,None,isolation_forest,raw,f1,0.11764705882352941,0.11764705882352941,0.0,0.0,SUCCESS
E5_DT0_PD10_SEED123,0,0.1,0.11001712328767123,1.0,anomaly_detection,None,isolation_forest,raw,false_positive_rate,0.04389465283320032,0.04389465283320032,0.0,0.0,SUCCESS
E5_DT0_PD10_SEED123,0,0.1,0.11001712328767123,1.0,anomaly_detection,None,isolation_forest,raw,pr_auc,0.09385708598261007,0.09385708598261007,0.0,0.0,SUCCESS
E5_DT0_PD10_SEED123,0,0.1,0.11001712328767123,1.0,anomaly_detection,None,isolation_forest,raw,roc_auc,0.7138596875695052,0.7138596875695052,0.0,0.0,SUCCESS
E5_DT0_PD10_SEED123,0,0.1,0.11001712328767123,1.0,anomaly_detection,None,isolation_forest,raw,detection_latency,3.2459016393442623,3.2459016393442623,0.0,0.0,SUCCESS
E5_DT0_PD10_SEED123,0,0.1,0.11001712328767123,1.0,anomaly_detection,None,isolation_forest,raw,threshold,0.5031683371451802,0.5031683371451802,0.0,0.0,SUCCESS
E5_DT0_PD10_SEED123,0,0.1,0.11001712328767123,1.0,anomaly_detection,None,isolation_forest,residual,precision,0.04642313546423135,0.04642313546423135,0.0,0.0,SUCCESS
E5_DT0_PD10_SEED123,0,0.1,0.11001712328767123,1.0,anomaly_detection,None,isolation_forest,residual,recall,1.0,1.0,0.0,0.0,SUCCESS
E5_DT0_PD10_SEED123,0,0.1,0.11001712328767123,1.0,anomaly_detection,None,isolation_forest,residual,f1,0.08872727272727272,0.08872727272727272,0.0,0.0,SUCCESS
E5_DT0_PD10_SEED123,0,0.1,0.11001712328767123,1.0,anomaly_detection,None,isolation_forest,residual,false_positive_rate,1.0,1.0,0.0,0.0,SUCCESS
E5_DT0_PD10_SEED123,0,0.1,0.11001712328767123,1.0,anomaly_detection,None,isolation_forest,residual,pr_auc,0.08723813426319692,0.09188515062218422,-0.004647016358987302,0.050574182308249414,SUCCESS
E5_DT0_PD10_SEED123,0,0.1,0.11001712328767123,1.0,anomaly_detection,None,isolation_forest,residual,roc_auc,0.6837029653421951,0.6877706618868814,-0.004067696544686306,0.0059143211103635665,SUCCESS
E5_DT0_PD10_SEED123,0,0.1,0.11001712328767123,1.0,anomaly_detection,None,isolation_forest,residual,detection_latency,0.0,0.0,0.0,0.0,SUCCESS
E5_DT0_PD10_SEED123,0,0.1,0.11001712328767123,1.0,anomaly_detection,None,isolation_forest,residual,threshold,0.29376565419608197,0.29376565419608197,0.0,0.0,SUCCESS
E5_DT0_PD10_SEED123,0,0.1,0.11001712328767123,1.0,anomaly_detection,None,lstm_autoencoder,raw,precision,0.49825783972125437,0.49825783972125437,0.0,0.0,SUCCESS
E5_DT0_PD10_SEED123,0,0.1,0.11001712328767123,1.0,anomaly_detection,None,lstm_autoencoder,raw,recall,0.5860655737704918,0.5860655737704918,0.0,0.0,SUCCESS
E5_DT0_PD10_SEED123,0,0.1,0.11001712328767123,1.0,anomaly_detection,None,lstm_autoencoder,raw,f1,0.5386064030131827,0.5386064030131827,0.0,0.0,SUCCESS
E5_DT0_PD10_SEED123,0,0.1,0.11001712328767123,1.0,anomaly_detection,None,lstm_autoencoder,raw,false_positive_rate,0.028731045490822026,0.028731045490822026,0.0,0.0,SUCCESS
E5_DT0_PD10_SEED123,0,0.1,0.11001712328767123,1.0,anomaly_detection,None,lstm_autoencoder,raw,pr_auc,0.561001698584242,0.561001698584242,0.0,0.0,SUCCESS
E5_DT0_PD10_SEED123,0,0.1,0.11001712328767123,1.0,anomaly_detection,None,lstm_autoencoder,raw,roc_auc,0.9493396177043946,0.9493396177043946,0.0,0.0,SUCCESS
E5_DT0_PD10_SEED123,0,0.1,0.11001712328767123,1.0,anomaly_detection,None,lstm_autoencoder,raw,detection_latency,1.3442622950819672,1.3442622950819672,0.0,0.0,SUCCESS
E5_DT0_PD10_SEED123,0,0.1,0.11001712328767123,1.0,anomaly_detection,None,lstm_autoencoder,raw,threshold,0.0007370078528765589,0.0007370078528765589,0.0,0.0,SUCCESS
E5_DT0_PD10_SEED123,0,0.1,0.11001712328767123,1.0,anomaly_detection,None,lstm_autoencoder,residual,precision,0.04642313546423135,0.04642313546423135,0.0,0.0,SUCCESS
E5_DT0_PD10_SEED123,0,0.1,0.11001712328767123,1.0,anomaly_detection,None,lstm_autoencoder,residual,recall,1.0,1.0,0.0,0.0,SUCCESS
E5_DT0_PD10_SEED123,0,0.1,0.11001712328767123,1.0,anomaly_detection,None,lstm_autoencoder,residual,f1,0.08872727272727272,0.08872727272727272,0.0,0.0,SUCCESS
E5_DT0_PD10_SEED123,0,0.1,0.11001712328767123,1.0,anomaly_detection,None,lstm_autoencoder,residual,false_positive_rate,1.0,1.0,0.0,0.0,SUCCESS
E5_DT0_PD10_SEED123,0,0.1,0.11001712328767123,1.0,anomaly_detection,None,lstm_autoencoder,residual,pr_auc,0.13681729986460958,0.138022346640306,-0.0012050467756964112,0.008730809213357536,SUCCESS
E5_DT0_PD10_SEED123,0,0.1,0.11001712328767123,1.0,anomaly_detection,None,lstm_autoencoder,residual,roc_auc,0.7471756309447489,0.7479148404484972,-0.0007392095037482838,0.0009883605241808103,SUCCESS
E5_DT0_PD10_SEED123,0,0.1,0.11001712328767123,1.0,anomaly_detection,None,lstm_autoencoder,residual,detection_latency,0.0,0.0,0.0,0.0,SUCCESS
E5_DT0_PD10_SEED123,0,0.1,0.11001712328767123,1.0,anomaly_detection,None,lstm_autoencoder,residual,threshold,0.0003816792741417885,0.0003816792741417885,0.0,0.0,SUCCESS
E5_DT0_PD20_SEED123,0,0.2,0.24848744292237443,1.0,load_estimation,persistence,None,raw,mae,0.48598287682101426,0.4383777854014386,0.04760509141957564,0.1085937586367017,SUCCESS
E5_DT0_PD20_SEED123,0,0.2,0.24848744292237443,1.0,load_estimation,persistence,None,raw,rmse,0.6574935229378739,0.5934701818230634,0.06402334111481045,0.10787962576003238,SUCCESS
E5_DT0_PD20_SEED123,0,0.2,0.24848744292237443,1.0,load_estimation,persistence,None,raw,mape,15.072650929158934,13.879795520238472,1.1928554089204617,0.08594185751376018,SUCCESS
E5_DT0_PD20_SEED123,0,0.2,0.24848744292237443,1.0,load_estimation,persistence,None,raw,r2,0.9201778278863055,0.9349663109259363,-0.014788483039630762,-0.015817129309167417,SUCCESS
E5_DT0_PD20_SEED123,0,0.2,0.24848744292237443,1.0,load_estimation,xgboost,None,raw,mae,0.2861227719977929,0.2727781880981483,0.013344583899644602,0.0489210079174039,SUCCESS
E5_DT0_PD20_SEED123,0,0.2,0.24848744292237443,1.0,load_estimation,xgboost,None,raw,rmse,0.42701773786358255,0.40856251653233305,0.018455221331249494,0.045171107442473796,SUCCESS
E5_DT0_PD20_SEED123,0,0.2,0.24848744292237443,1.0,load_estimation,xgboost,None,raw,mape,9.382379965050113,9.007307051437575,0.3750729136125379,0.041640960108346246,SUCCESS
E5_DT0_PD20_SEED123,0,0.2,0.24848744292237443,1.0,load_estimation,xgboost,None,raw,r2,0.9663308296566172,0.9691782265733759,-0.0028473969167587265,-0.002937949737919697,SUCCESS
E5_DT0_PD20_SEED123,0,0.2,0.24848744292237443,1.0,load_estimation,lstm,None,raw,mae,0.3004847857684677,0.27887399652686284,0.021610789241604866,0.07749302376969085,SUCCESS
E5_DT0_PD20_SEED123,0,0.2,0.24848744292237443,1.0,load_estimation,lstm,None,raw,rmse,0.43702762940539014,0.41518036195795865,0.021847267447431484,0.052621148419451855,SUCCESS
E5_DT0_PD20_SEED123,0,0.2,0.24848744292237443,1.0,load_estimation,lstm,None,raw,mape,9.608616446476796,9.118982639637075,0.4896338068397217,0.053693907115411346,SUCCESS
E5_DT0_PD20_SEED123,0,0.2,0.24848744292237443,1.0,load_estimation,lstm,None,raw,r2,0.9648298917345818,0.9682583482374255,-0.0034284565028437353,-0.003540848895426252,SUCCESS
E5_DT0_PD20_SEED123,0,0.2,0.24848744292237443,1.0,anomaly_detection,None,isolation_forest,raw,precision,0.11646586345381527,0.11646586345381527,0.0,0.0,SUCCESS
E5_DT0_PD20_SEED123,0,0.2,0.24848744292237443,1.0,anomaly_detection,None,isolation_forest,raw,recall,0.11885245901639344,0.11885245901639344,0.0,0.0,SUCCESS
E5_DT0_PD20_SEED123,0,0.2,0.24848744292237443,1.0,anomaly_detection,None,isolation_forest,raw,f1,0.11764705882352941,0.11764705882352941,0.0,0.0,SUCCESS
E5_DT0_PD20_SEED123,0,0.2,0.24848744292237443,1.0,anomaly_detection,None,isolation_forest,raw,false_positive_rate,0.04389465283320032,0.04389465283320032,0.0,0.0,SUCCESS
E5_DT0_PD20_SEED123,0,0.2,0.24848744292237443,1.0,anomaly_detection,None,isolation_forest,raw,pr_auc,0.09385708598261007,0.09385708598261007,0.0,0.0,SUCCESS
E5_DT0_PD20_SEED123,0,0.2,0.24848744292237443,1.0,anomaly_detection,None,isolation_forest,raw,roc_auc,0.7138596875695052,0.7138596875695052,0.0,0.0,SUCCESS
E5_DT0_PD20_SEED123,0,0.2,0.24848744292237443,1.0,anomaly_detection,None,isolation_forest,raw,detection_latency,3.2459016393442623,3.2459016393442623,0.0,0.0,SUCCESS
E5_DT0_PD20_SEED123,0,0.2,0.24848744292237443,1.0,anomaly_detection,None,isolation_forest,raw,threshold,0.5031683371451802,0.5031683371451802,0.0,0.0,SUCCESS
E5_DT0_PD20_SEED123,0,0.2,0.24848744292237443,1.0,anomaly_detection,None,isolation_forest,residual,precision,0.04642313546423135,0.04642313546423135,0.0,0.0,SUCCESS
E5_DT0_PD20_SEED123,0,0.2,0.24848744292237443,1.0,anomaly_detection,None,isolation_forest,residual,recall,1.0,1.0,0.0,0.0,SUCCESS
E5_DT0_PD20_SEED123,0,0.2,0.24848744292237443,1.0,anomaly_detection,None,isolation_forest,residual,f1,0.08872727272727272,0.08872727272727272,0.0,0.0,SUCCESS
E5_DT0_PD20_SEED123,0,0.2,0.24848744292237443,1.0,anomaly_detection,None,isolation_forest,residual,false_positive_rate,1.0,1.0,0.0,0.0,SUCCESS
E5_DT0_PD20_SEED123,0,0.2,0.24848744292237443,1.0,anomaly_detection,None,isolation_forest,residual,pr_auc,0.08220972657522926,0.09188515062218422,-0.009675424046954956,0.10529910416905795,SUCCESS
E5_DT0_PD20_SEED123,0,0.2,0.24848744292237443,1.0,anomaly_detection,None,isolation_forest,residual,roc_auc,0.6744043803069355,0.6877706618868814,-0.013366281579945904,0.01943421306060926,SUCCESS
E5_DT0_PD20_SEED123,0,0.2,0.24848744292237443,1.0,anomaly_detection,None,isolation_forest,residual,detection_latency,0.0,0.0,0.0,0.0,SUCCESS
E5_DT0_PD20_SEED123,0,0.2,0.24848744292237443,1.0,anomaly_detection,None,isolation_forest,residual,threshold,0.29376565419608197,0.29376565419608197,0.0,0.0,SUCCESS
E5_DT0_PD20_SEED123,0,0.2,0.24848744292237443,1.0,anomaly_detection,None,lstm_autoencoder,raw,precision,0.49825783972125437,0.49825783972125437,0.0,0.0,SUCCESS
E5_DT0_PD20_SEED123,0,0.2,0.24848744292237443,1.0,anomaly_detection,None,lstm_autoencoder,raw,recall,0.5860655737704918,0.5860655737704918,0.0,0.0,SUCCESS
E5_DT0_PD20_SEED123,0,0.2,0.24848744292237443,1.0,anomaly_detection,None,lstm_autoencoder,raw,f1,0.5386064030131827,0.5386064030131827,0.0,0.0,SUCCESS
E5_DT0_PD20_SEED123,0,0.2,0.24848744292237443,1.0,anomaly_detection,None,lstm_autoencoder,raw,false_positive_rate,0.028731045490822026,0.028731045490822026,0.0,0.0,SUCCESS
E5_DT0_PD20_SEED123,0,0.2,0.24848744292237443,1.0,anomaly_detection,None,lstm_autoencoder,raw,pr_auc,0.561001698584242,0.561001698584242,0.0,0.0,SUCCESS
E5_DT0_PD20_SEED123,0,0.2,0.24848744292237443,1.0,anomaly_detection,None,lstm_autoencoder,raw,roc_auc,0.9493396177043946,0.9493396177043946,0.0,0.0,SUCCESS
E5_DT0_PD20_SEED123,0,0.2,0.24848744292237443,1.0,anomaly_detection,None,lstm_autoencoder,raw,detection_latency,1.3442622950819672,1.3442622950819672,0.0,0.0,SUCCESS
E5_DT0_PD20_SEED123,0,0.2,0.24848744292237443,1.0,anomaly_detection,None,lstm_autoencoder,raw,threshold,0.0007370078528765589,0.0007370078528765589,0.0,0.0,SUCCESS
E5_DT0_PD20_SEED123,0,0.2,0.24848744292237443,1.0,anomaly_detection,None,lstm_autoencoder,residual,precision,0.04642313546423135,0.04642313546423135,0.0,0.0,SUCCESS
E5_DT0_PD20_SEED123,0,0.2,0.24848744292237443,1.0,anomaly_detection,None,lstm_autoencoder,residual,recall,1.0,1.0,0.0,0.0,SUCCESS
E5_DT0_PD20_SEED123,0,0.2,0.24848744292237443,1.0,anomaly_detection,None,lstm_autoencoder,residual,f1,0.08872727272727272,0.08872727272727272,0.0,0.0,SUCCESS
E5_DT0_PD20_SEED123,0,0.2,0.24848744292237443,1.0,anomaly_detection,None,lstm_autoencoder,residual,false_positive_rate,1.0,1.0,0.0,0.0,SUCCESS
E5_DT0_PD20_SEED123,0,0.2,0.24848744292237443,1.0,anomaly_detection,None,lstm_autoencoder,residual,pr_auc,0.13393070336530005,0.138022346640306,-0.004091643275005941,0.029644788504205,SUCCESS
E5_DT0_PD20_SEED123,0,0.2,0.24848744292237443,1.0,anomaly_detection,None,lstm_autoencoder,residual,roc_auc,0.7393558737718001,0.7479148404484972,-0.008558966676697088,0.011443771688718716,SUCCESS
E5_DT0_PD20_SEED123,0,0.2,0.24848744292237443,1.0,anomaly_detection,None,lstm_autoencoder,residual,detection_latency,0.0,0.0,0.0,0.0,SUCCESS
E5_DT0_PD20_SEED123,0,0.2,0.24848744292237443,1.0,anomaly_detection,None,lstm_autoencoder,residual,threshold,0.0003816792741417885,0.0003816792741417885,0.0,0.0,SUCCESS
E5_DT1_PD00_SEED123,1,0.0,0.0,0.0,load_estimation,persistence,None,raw,mae,0.4383777854014386,0.4383777854014386,0.0,0.0,SUCCESS
E5_DT1_PD00_SEED123,1,0.0,0.0,0.0,load_estimation,persistence,None,raw,rmse,0.5934701818230634,0.5934701818230634,0.0,0.0,SUCCESS
E5_DT1_PD00_SEED123,1,0.0,0.0,0.0,load_estimation,persistence,None,raw,mape,13.879795520238472,13.879795520238472,0.0,0.0,SUCCESS
E5_DT1_PD00_SEED123,1,0.0,0.0,0.0,load_estimation,persistence,None,raw,r2,0.9349663109259363,0.9349663109259363,0.0,0.0,SUCCESS
E5_DT1_PD00_SEED123,1,0.0,0.0,0.0,load_estimation,xgboost,None,raw,mae,0.2727781880981483,0.2727781880981483,0.0,0.0,SUCCESS
E5_DT1_PD00_SEED123,1,0.0,0.0,0.0,load_estimation,xgboost,None,raw,rmse,0.40856251653233305,0.40856251653233305,0.0,0.0,SUCCESS
E5_DT1_PD00_SEED123,1,0.0,0.0,0.0,load_estimation,xgboost,None,raw,mape,9.007307051437575,9.007307051437575,0.0,0.0,SUCCESS
E5_DT1_PD00_SEED123,1,0.0,0.0,0.0,load_estimation,xgboost,None,raw,r2,0.9691782265733759,0.9691782265733759,0.0,0.0,SUCCESS
E5_DT1_PD00_SEED123,1,0.0,0.0,0.0,load_estimation,lstm,None,raw,mae,0.27887399652686284,0.27887399652686284,0.0,0.0,SUCCESS
E5_DT1_PD00_SEED123,1,0.0,0.0,0.0,load_estimation,lstm,None,raw,rmse,0.41518036195795865,0.41518036195795865,0.0,0.0,SUCCESS
E5_DT1_PD00_SEED123,1,0.0,0.0,0.0,load_estimation,lstm,None,raw,mape,9.118982639637075,9.118982639637075,0.0,0.0,SUCCESS
E5_DT1_PD00_SEED123,1,0.0,0.0,0.0,load_estimation,lstm,None,raw,r2,0.9682583482374255,0.9682583482374255,0.0,0.0,SUCCESS
E5_DT1_PD00_SEED123,1,0.0,0.0,0.0,anomaly_detection,None,isolation_forest,raw,precision,0.11646586345381527,0.11646586345381527,0.0,0.0,SUCCESS
E5_DT1_PD00_SEED123,1,0.0,0.0,0.0,anomaly_detection,None,isolation_forest,raw,recall,0.11885245901639344,0.11885245901639344,0.0,0.0,SUCCESS
E5_DT1_PD00_SEED123,1,0.0,0.0,0.0,anomaly_detection,None,isolation_forest,raw,f1,0.11764705882352941,0.11764705882352941,0.0,0.0,SUCCESS
E5_DT1_PD00_SEED123,1,0.0,0.0,0.0,anomaly_detection,None,isolation_forest,raw,false_positive_rate,0.04389465283320032,0.04389465283320032,0.0,0.0,SUCCESS
E5_DT1_PD00_SEED123,1,0.0,0.0,0.0,anomaly_detection,None,isolation_forest,raw,pr_auc,0.09385708598261007,0.09385708598261007,0.0,0.0,SUCCESS
E5_DT1_PD00_SEED123,1,0.0,0.0,0.0,anomaly_detection,None,isolation_forest,raw,roc_auc,0.7138596875695052,0.7138596875695052,0.0,0.0,SUCCESS
E5_DT1_PD00_SEED123,1,0.0,0.0,0.0,anomaly_detection,None,isolation_forest,raw,detection_latency,3.2459016393442623,3.2459016393442623,0.0,0.0,SUCCESS
E5_DT1_PD00_SEED123,1,0.0,0.0,0.0,anomaly_detection,None,isolation_forest,raw,threshold,0.5031683371451802,0.5031683371451802,0.0,0.0,SUCCESS
E5_DT1_PD00_SEED123,1,0.0,0.0,0.0,anomaly_detection,None,isolation_forest,residual,precision,0.04642313546423135,0.04642313546423135,0.0,0.0,SUCCESS
E5_DT1_PD00_SEED123,1,0.0,0.0,0.0,anomaly_detection,None,isolation_forest,residual,recall,1.0,1.0,0.0,0.0,SUCCESS
E5_DT1_PD00_SEED123,1,0.0,0.0,0.0,anomaly_detection,None,isolation_forest,residual,f1,0.08872727272727272,0.08872727272727272,0.0,0.0,SUCCESS
E5_DT1_PD00_SEED123,1,0.0,0.0,0.0,anomaly_detection,None,isolation_forest,residual,false_positive_rate,1.0,1.0,0.0,0.0,SUCCESS
E5_DT1_PD00_SEED123,1,0.0,0.0,0.0,anomaly_detection,None,isolation_forest,residual,pr_auc,0.09188515062218422,0.09188515062218422,0.0,0.0,SUCCESS
E5_DT1_PD00_SEED123,1,0.0,0.0,0.0,anomaly_detection,None,isolation_forest,residual,roc_auc,0.6877706618868814,0.6877706618868814,0.0,0.0,SUCCESS
E5_DT1_PD00_SEED123,1,0.0,0.0,0.0,anomaly_detection,None,isolation_forest,residual,detection_latency,0.0,0.0,0.0,0.0,SUCCESS
E5_DT1_PD00_SEED123,1,0.0,0.0,0.0,anomaly_detection,None,isolation_forest,residual,threshold,0.29376565419608197,0.29376565419608197,0.0,0.0,SUCCESS
E5_DT1_PD00_SEED123,1,0.0,0.0,0.0,anomaly_detection,None,lstm_autoencoder,raw,precision,0.49825783972125437,0.49825783972125437,0.0,0.0,SUCCESS
E5_DT1_PD00_SEED123,1,0.0,0.0,0.0,anomaly_detection,None,lstm_autoencoder,raw,recall,0.5860655737704918,0.5860655737704918,0.0,0.0,SUCCESS
E5_DT1_PD00_SEED123,1,0.0,0.0,0.0,anomaly_detection,None,lstm_autoencoder,raw,f1,0.5386064030131827,0.5386064030131827,0.0,0.0,SUCCESS
E5_DT1_PD00_SEED123,1,0.0,0.0,0.0,anomaly_detection,None,lstm_autoencoder,raw,false_positive_rate,0.028731045490822026,0.028731045490822026,0.0,0.0,SUCCESS
E5_DT1_PD00_SEED123,1,0.0,0.0,0.0,anomaly_detection,None,lstm_autoencoder,raw,pr_auc,0.561001698584242,0.561001698584242,0.0,0.0,SUCCESS
E5_DT1_PD00_SEED123,1,0.0,0.0,0.0,anomaly_detection,None,lstm_autoencoder,raw,roc_auc,0.9493396177043946,0.9493396177043946,0.0,0.0,SUCCESS
E5_DT1_PD00_SEED123,1,0.0,0.0,0.0,anomaly_detection,None,lstm_autoencoder,raw,detection_latency,1.3442622950819672,1.3442622950819672,0.0,0.0,SUCCESS
E5_DT1_PD00_SEED123,1,0.0,0.0,0.0,anomaly_detection,None,lstm_autoencoder,raw,threshold,0.0007370078528765589,0.0007370078528765589,0.0,0.0,SUCCESS
E5_DT1_PD00_SEED123,1,0.0,0.0,0.0,anomaly_detection,None,lstm_autoencoder,residual,precision,0.04642313546423135,0.04642313546423135,0.0,0.0,SUCCESS
E5_DT1_PD00_SEED123,1,0.0,0.0,0.0,anomaly_detection,None,lstm_autoencoder,residual,recall,1.0,1.0,0.0,0.0,SUCCESS
E5_DT1_PD00_SEED123,1,0.0,0.0,0.0,anomaly_detection,None,lstm_autoencoder,residual,f1,0.08872727272727272,0.08872727272727272,0.0,0.0,SUCCESS
E5_DT1_PD00_SEED123,1,0.0,0.0,0.0,anomaly_detection,None,lstm_autoencoder,residual,false_positive_rate,1.0,1.0,0.0,0.0,SUCCESS
E5_DT1_PD00_SEED123,1,0.0,0.0,0.0,anomaly_detection,None,lstm_autoencoder,residual,pr_auc,0.138022346640306,0.138022346640306,0.0,0.0,SUCCESS
E5_DT1_PD00_SEED123,1,0.0,0.0,0.0,anomaly_detection,None,lstm_autoencoder,residual,roc_auc,0.7479148404484972,0.7479148404484972,0.0,0.0,SUCCESS
E5_DT1_PD00_SEED123,1,0.0,0.0,0.0,anomaly_detection,None,lstm_autoencoder,residual,detection_latency,0.0,0.0,0.0,0.0,SUCCESS
E5_DT1_PD00_SEED123,1,0.0,0.0,0.0,anomaly_detection,None,lstm_autoencoder,residual,threshold,0.0003816792741417885,0.0003816792741417885,0.0,0.0,SUCCESS
E5_DT1_PD05_SEED123,1,0.05,0.051341324200913245,0.0,load_estimation,persistence,None,raw,mae,0.4497905890918032,0.4383777854014386,0.01141280369036457,0.02603417433644236,SUCCESS
E5_DT1_PD05_SEED123,1,0.05,0.051341324200913245,0.0,load_estimation,persistence,None,raw,rmse,0.6086361202658392,0.5934701818230634,0.015165938442775806,0.025554676388606434,SUCCESS
E5_DT1_PD05_SEED123,1,0.05,0.051341324200913245,0.0,load_estimation,persistence,None,raw,mape,14.161339743362777,13.879795520238472,0.28154422312430505,0.020284464761298426,SUCCESS
E5_DT1_PD05_SEED123,1,0.05,0.051341324200913245,0.0,load_estimation,persistence,None,raw,r2,0.9316000114717371,0.9349663109259363,-0.0033662994541991953,-0.00360045000002771,SUCCESS
E5_DT1_PD05_SEED123,1,0.05,0.051341324200913245,0.0,load_estimation,xgboost,None,raw,mae,0.27419732862593016,0.2727781880981483,0.0014191405277818592,0.0052025440071888675,SUCCESS
E5_DT1_PD05_SEED123,1,0.05,0.051341324200913245,0.0,load_estimation,xgboost,None,raw,rmse,0.4115813176006305,0.40856251653233305,0.0030188010682974387,0.00738883511370416,SUCCESS
E5_DT1_PD05_SEED123,1,0.05,0.051341324200913245,0.0,load_estimation,xgboost,None,raw,mape,9.035813246854515,9.007307051437575,0.02850619541693966,0.003164785573995731,SUCCESS
E5_DT1_PD05_SEED123,1,0.05,0.051341324200913245,0.0,load_estimation,xgboost,None,raw,r2,0.9687210698586981,0.9691782265733759,-0.00045715671467783103,-0.00047169519717147706,SUCCESS
E5_DT1_PD05_SEED123,1,0.05,0.051341324200913245,0.0,load_estimation,lstm,None,raw,mae,0.2828327607133524,0.27887399652686284,0.0039587641864895495,0.014195530009224855,SUCCESS
E5_DT1_PD05_SEED123,1,0.05,0.051341324200913245,0.0,load_estimation,lstm,None,raw,rmse,0.4191594256792073,0.41518036195795865,0.003979063721248621,0.009583940103726638,SUCCESS
E5_DT1_PD05_SEED123,1,0.05,0.051341324200913245,0.0,load_estimation,lstm,None,raw,mape,9.206101408408946,9.118982639637075,0.0871187687718713,0.009553562301258919,SUCCESS
E5_DT1_PD05_SEED123,1,0.05,0.051341324200913245,0.0,load_estimation,lstm,None,raw,r2,0.9676470125275791,0.9682583482374255,-0.0006113357098463945,-0.0006313766475230943,SUCCESS
E5_DT1_PD05_SEED123,1,0.05,0.051341324200913245,0.0,anomaly_detection,None,isolation_forest,raw,precision,0.11646586345381527,0.11646586345381527,0.0,0.0,SUCCESS
E5_DT1_PD05_SEED123,1,0.05,0.051341324200913245,0.0,anomaly_detection,None,isolation_forest,raw,recall,0.11885245901639344,0.11885245901639344,0.0,0.0,SUCCESS
E5_DT1_PD05_SEED123,1,0.05,0.051341324200913245,0.0,anomaly_detection,None,isolation_forest,raw,f1,0.11764705882352941,0.11764705882352941,0.0,0.0,SUCCESS
E5_DT1_PD05_SEED123,1,0.05,0.051341324200913245,0.0,anomaly_detection,None,isolation_forest,raw,false_positive_rate,0.04389465283320032,0.04389465283320032,0.0,0.0,SUCCESS
E5_DT1_PD05_SEED123,1,0.05,0.051341324200913245,0.0,anomaly_detection,None,isolation_forest,raw,pr_auc,0.09385708598261007,0.09385708598261007,0.0,0.0,SUCCESS
E5_DT1_PD05_SEED123,1,0.05,0.051341324200913245,0.0,anomaly_detection,None,isolation_forest,raw,roc_auc,0.7138596875695052,0.7138596875695052,0.0,0.0,SUCCESS
E5_DT1_PD05_SEED123,1,0.05,0.051341324200913245,0.0,anomaly_detection,None,isolation_forest,raw,detection_latency,3.2459016393442623,3.2459016393442623,0.0,0.0,SUCCESS
E5_DT1_PD05_SEED123,1,0.05,0.051341324200913245,0.0,anomaly_detection,None,isolation_forest,raw,threshold,0.5031683371451802,0.5031683371451802,0.0,0.0,SUCCESS
E5_DT1_PD05_SEED123,1,0.05,0.051341324200913245,0.0,anomaly_detection,None,isolation_forest,residual,precision,0.04642313546423135,0.04642313546423135,0.0,0.0,SUCCESS
E5_DT1_PD05_SEED123,1,0.05,0.051341324200913245,0.0,anomaly_detection,None,isolation_forest,residual,recall,1.0,1.0,0.0,0.0,SUCCESS
E5_DT1_PD05_SEED123,1,0.05,0.051341324200913245,0.0,anomaly_detection,None,isolation_forest,residual,f1,0.08872727272727272,0.08872727272727272,0.0,0.0,SUCCESS
E5_DT1_PD05_SEED123,1,0.05,0.051341324200913245,0.0,anomaly_detection,None,isolation_forest,residual,false_positive_rate,1.0,1.0,0.0,0.0,SUCCESS
E5_DT1_PD05_SEED123,1,0.05,0.051341324200913245,0.0,anomaly_detection,None,isolation_forest,residual,pr_auc,0.09132171950382018,0.09188515062218422,-0.0005634311183640439,0.006131906130085968,SUCCESS
E5_DT1_PD05_SEED123,1,0.05,0.051341324200913245,0.0,anomaly_detection,None,isolation_forest,residual,roc_auc,0.687461158792668,0.6877706618868814,-0.0003095030942134036,0.00045000915474395156,SUCCESS
E5_DT1_PD05_SEED123,1,0.05,0.051341324200913245,0.0,anomaly_detection,None,isolation_forest,residual,detection_latency,0.0,0.0,0.0,0.0,SUCCESS
E5_DT1_PD05_SEED123,1,0.05,0.051341324200913245,0.0,anomaly_detection,None,isolation_forest,residual,threshold,0.29376565419608197,0.29376565419608197,0.0,0.0,SUCCESS
E5_DT1_PD05_SEED123,1,0.05,0.051341324200913245,0.0,anomaly_detection,None,lstm_autoencoder,raw,precision,0.49825783972125437,0.49825783972125437,0.0,0.0,SUCCESS
E5_DT1_PD05_SEED123,1,0.05,0.051341324200913245,0.0,anomaly_detection,None,lstm_autoencoder,raw,recall,0.5860655737704918,0.5860655737704918,0.0,0.0,SUCCESS
E5_DT1_PD05_SEED123,1,0.05,0.051341324200913245,0.0,anomaly_detection,None,lstm_autoencoder,raw,f1,0.5386064030131827,0.5386064030131827,0.0,0.0,SUCCESS
E5_DT1_PD05_SEED123,1,0.05,0.051341324200913245,0.0,anomaly_detection,None,lstm_autoencoder,raw,false_positive_rate,0.028731045490822026,0.028731045490822026,0.0,0.0,SUCCESS
E5_DT1_PD05_SEED123,1,0.05,0.051341324200913245,0.0,anomaly_detection,None,lstm_autoencoder,raw,pr_auc,0.561001698584242,0.561001698584242,0.0,0.0,SUCCESS
E5_DT1_PD05_SEED123,1,0.05,0.051341324200913245,0.0,anomaly_detection,None,lstm_autoencoder,raw,roc_auc,0.9493396177043946,0.9493396177043946,0.0,0.0,SUCCESS
E5_DT1_PD05_SEED123,1,0.05,0.051341324200913245,0.0,anomaly_detection,None,lstm_autoencoder,raw,detection_latency,1.3442622950819672,1.3442622950819672,0.0,0.0,SUCCESS
E5_DT1_PD05_SEED123,1,0.05,0.051341324200913245,0.0,anomaly_detection,None,lstm_autoencoder,raw,threshold,0.0007370078528765589,0.0007370078528765589,0.0,0.0,SUCCESS
E5_DT1_PD05_SEED123,1,0.05,0.051341324200913245,0.0,anomaly_detection,None,lstm_autoencoder,residual,precision,0.04642313546423135,0.04642313546423135,0.0,0.0,SUCCESS
E5_DT1_PD05_SEED123,1,0.05,0.051341324200913245,0.0,anomaly_detection,None,lstm_autoencoder,residual,recall,1.0,1.0,0.0,0.0,SUCCESS
E5_DT1_PD05_SEED123,1,0.05,0.051341324200913245,0.0,anomaly_detection,None,lstm_autoencoder,residual,f1,0.08872727272727272,0.08872727272727272,0.0,0.0,SUCCESS
E5_DT1_PD05_SEED123,1,0.05,0.051341324200913245,0.0,anomaly_detection,None,lstm_autoencoder,residual,false_positive_rate,1.0,1.0,0.0,0.0,SUCCESS
E5_DT1_PD05_SEED123,1,0.05,0.051341324200913245,0.0,anomaly_detection,None,lstm_autoencoder,residual,pr_auc,0.13708897957072877,0.138022346640306,-0.0009333670695772234,0.006762434433966193,SUCCESS
E5_DT1_PD05_SEED123,1,0.05,0.051341324200913245,0.0,anomaly_detection,None,lstm_autoencoder,residual,roc_auc,0.7473448968377534,0.7479148404484972,-0.0005699436107438061,0.000762043457249801,SUCCESS
E5_DT1_PD05_SEED123,1,0.05,0.051341324200913245,0.0,anomaly_detection,None,lstm_autoencoder,residual,detection_latency,0.0,0.0,0.0,0.0,SUCCESS
E5_DT1_PD05_SEED123,1,0.05,0.051341324200913245,0.0,anomaly_detection,None,lstm_autoencoder,residual,threshold,0.0003816792741417885,0.0003816792741417885,0.0,0.0,SUCCESS
E5_DT1_PD10_SEED123,1,0.1,0.11001712328767123,1.0,load_estimation,persistence,None,raw,mae,0.45977939685730085,0.4383777854014386,0.021401611455862224,0.04882001818651459,SUCCESS
E5_DT1_PD10_SEED123,1,0.1,0.11001712328767123,1.0,load_estimation,persistence,None,raw,rmse,0.6207617965191485,0.5934701818230634,0.027291614696085098,0.04598649693275035,SUCCESS
E5_DT1_PD10_SEED123,1,0.1,0.11001712328767123,1.0,load_estimation,persistence,None,raw,mape,14.358109226060051,13.879795520238472,0.47831370582157895,0.03446114931045907,SUCCESS
E5_DT1_PD10_SEED123,1,0.1,0.11001712328767123,1.0,load_estimation,persistence,None,raw,r2,0.9288474373319315,0.9349663109259363,-0.006118873594004759,-0.006544485638145595,SUCCESS
E5_DT1_PD10_SEED123,1,0.1,0.11001712328767123,1.0,load_estimation,xgboost,None,raw,mae,0.27642806647756507,0.2727781880981483,0.003649878379416771,0.013380389410400763,SUCCESS
E5_DT1_PD10_SEED123,1,0.1,0.11001712328767123,1.0,load_estimation,xgboost,None,raw,rmse,0.414262644955824,0.40856251653233305,0.0057001284234909355,0.013951667597582549,SUCCESS
E5_DT1_PD10_SEED123,1,0.1,0.11001712328767123,1.0,load_estimation,xgboost,None,raw,mape,9.102831471917636,9.007307051437575,0.09552442048006071,0.01060521418161435,SUCCESS
E5_DT1_PD10_SEED123,1,0.1,0.11001712328767123,1.0,load_estimation,xgboost,None,raw,r2,0.9683121968698815,0.9691782265733759,-0.0008660297034944753,-0.0008935711510527921,SUCCESS
E5_DT1_PD10_SEED123,1,0.1,0.11001712328767123,1.0,load_estimation,lstm,None,raw,mae,0.28657657843166434,0.27887399652686284,0.007702581904801498,0.02762029447252368,SUCCESS
E5_DT1_PD10_SEED123,1,0.1,0.11001712328767123,1.0,load_estimation,lstm,None,raw,rmse,0.4232674496528388,0.41518036195795865,0.008087087694880146,0.019478492809106053,SUCCESS
E5_DT1_PD10_SEED123,1,0.1,0.11001712328767123,1.0,load_estimation,lstm,None,raw,mape,9.292334234355447,9.118982639637075,0.17335159471837258,0.019009970911105033,SUCCESS
E5_DT1_PD10_SEED123,1,0.1,0.11001712328767123,1.0,load_estimation,lstm,None,raw,r2,0.9670097460127243,0.9682583482374255,-0.0012486022247012452,-0.0012895341692371104,SUCCESS
E5_DT1_PD10_SEED123,1,0.1,0.11001712328767123,1.0,anomaly_detection,None,isolation_forest,raw,precision,0.11646586345381527,0.11646586345381527,0.0,0.0,SUCCESS
E5_DT1_PD10_SEED123,1,0.1,0.11001712328767123,1.0,anomaly_detection,None,isolation_forest,raw,recall,0.11885245901639344,0.11885245901639344,0.0,0.0,SUCCESS
E5_DT1_PD10_SEED123,1,0.1,0.11001712328767123,1.0,anomaly_detection,None,isolation_forest,raw,f1,0.11764705882352941,0.11764705882352941,0.0,0.0,SUCCESS
E5_DT1_PD10_SEED123,1,0.1,0.11001712328767123,1.0,anomaly_detection,None,isolation_forest,raw,false_positive_rate,0.04389465283320032,0.04389465283320032,0.0,0.0,SUCCESS
E5_DT1_PD10_SEED123,1,0.1,0.11001712328767123,1.0,anomaly_detection,None,isolation_forest,raw,pr_auc,0.09385708598261007,0.09385708598261007,0.0,0.0,SUCCESS
E5_DT1_PD10_SEED123,1,0.1,0.11001712328767123,1.0,anomaly_detection,None,isolation_forest,raw,roc_auc,0.7138596875695052,0.7138596875695052,0.0,0.0,SUCCESS
E5_DT1_PD10_SEED123,1,0.1,0.11001712328767123,1.0,anomaly_detection,None,isolation_forest,raw,detection_latency,3.2459016393442623,3.2459016393442623,0.0,0.0,SUCCESS
E5_DT1_PD10_SEED123,1,0.1,0.11001712328767123,1.0,anomaly_detection,None,isolation_forest,raw,threshold,0.5031683371451802,0.5031683371451802,0.0,0.0,SUCCESS
E5_DT1_PD10_SEED123,1,0.1,0.11001712328767123,1.0,anomaly_detection,None,isolation_forest,residual,precision,0.04642313546423135,0.04642313546423135,0.0,0.0,SUCCESS
E5_DT1_PD10_SEED123,1,0.1,0.11001712328767123,1.0,anomaly_detection,None,isolation_forest,residual,recall,1.0,1.0,0.0,0.0,SUCCESS
E5_DT1_PD10_SEED123,1,0.1,0.11001712328767123,1.0,anomaly_detection,None,isolation_forest,residual,f1,0.08872727272727272,0.08872727272727272,0.0,0.0,SUCCESS
E5_DT1_PD10_SEED123,1,0.1,0.11001712328767123,1.0,anomaly_detection,None,isolation_forest,residual,false_positive_rate,1.0,1.0,0.0,0.0,SUCCESS
E5_DT1_PD10_SEED123,1,0.1,0.11001712328767123,1.0,anomaly_detection,None,isolation_forest,residual,pr_auc,0.08723813426319692,0.09188515062218422,-0.004647016358987302,0.050574182308249414,SUCCESS
E5_DT1_PD10_SEED123,1,0.1,0.11001712328767123,1.0,anomaly_detection,None,isolation_forest,residual,roc_auc,0.6837029653421951,0.6877706618868814,-0.004067696544686306,0.0059143211103635665,SUCCESS
E5_DT1_PD10_SEED123,1,0.1,0.11001712328767123,1.0,anomaly_detection,None,isolation_forest,residual,detection_latency,0.0,0.0,0.0,0.0,SUCCESS
E5_DT1_PD10_SEED123,1,0.1,0.11001712328767123,1.0,anomaly_detection,None,isolation_forest,residual,threshold,0.29376565419608197,0.29376565419608197,0.0,0.0,SUCCESS
E5_DT1_PD10_SEED123,1,0.1,0.11001712328767123,1.0,anomaly_detection,None,lstm_autoencoder,raw,precision,0.49825783972125437,0.49825783972125437,0.0,0.0,SUCCESS
E5_DT1_PD10_SEED123,1,0.1,0.11001712328767123,1.0,anomaly_detection,None,lstm_autoencoder,raw,recall,0.5860655737704918,0.5860655737704918,0.0,0.0,SUCCESS
E5_DT1_PD10_SEED123,1,0.1,0.11001712328767123,1.0,anomaly_detection,None,lstm_autoencoder,raw,f1,0.5386064030131827,0.5386064030131827,0.0,0.0,SUCCESS
E5_DT1_PD10_SEED123,1,0.1,0.11001712328767123,1.0,anomaly_detection,None,lstm_autoencoder,raw,false_positive_rate,0.028731045490822026,0.028731045490822026,0.0,0.0,SUCCESS
E5_DT1_PD10_SEED123,1,0.1,0.11001712328767123,1.0,anomaly_detection,None,lstm_autoencoder,raw,pr_auc,0.561001698584242,0.561001698584242,0.0,0.0,SUCCESS
E5_DT1_PD10_SEED123,1,0.1,0.11001712328767123,1.0,anomaly_detection,None,lstm_autoencoder,raw,roc_auc,0.9493396177043946,0.9493396177043946,0.0,0.0,SUCCESS
E5_DT1_PD10_SEED123,1,0.1,0.11001712328767123,1.0,anomaly_detection,None,lstm_autoencoder,raw,detection_latency,1.3442622950819672,1.3442622950819672,0.0,0.0,SUCCESS
E5_DT1_PD10_SEED123,1,0.1,0.11001712328767123,1.0,anomaly_detection,None,lstm_autoencoder,raw,threshold,0.0007370078528765589,0.0007370078528765589,0.0,0.0,SUCCESS
E5_DT1_PD10_SEED123,1,0.1,0.11001712328767123,1.0,anomaly_detection,None,lstm_autoencoder,residual,precision,0.04642313546423135,0.04642313546423135,0.0,0.0,SUCCESS
E5_DT1_PD10_SEED123,1,0.1,0.11001712328767123,1.0,anomaly_detection,None,lstm_autoencoder,residual,recall,1.0,1.0,0.0,0.0,SUCCESS
E5_DT1_PD10_SEED123,1,0.1,0.11001712328767123,1.0,anomaly_detection,None,lstm_autoencoder,residual,f1,0.08872727272727272,0.08872727272727272,0.0,0.0,SUCCESS
E5_DT1_PD10_SEED123,1,0.1,0.11001712328767123,1.0,anomaly_detection,None,lstm_autoencoder,residual,false_positive_rate,1.0,1.0,0.0,0.0,SUCCESS
E5_DT1_PD10_SEED123,1,0.1,0.11001712328767123,1.0,anomaly_detection,None,lstm_autoencoder,residual,pr_auc,0.13681729986460958,0.138022346640306,-0.0012050467756964112,0.008730809213357536,SUCCESS
E5_DT1_PD10_SEED123,1,0.1,0.11001712328767123,1.0,anomaly_detection,None,lstm_autoencoder,residual,roc_auc,0.7471756309447489,0.7479148404484972,-0.0007392095037482838,0.0009883605241808103,SUCCESS
E5_DT1_PD10_SEED123,1,0.1,0.11001712328767123,1.0,anomaly_detection,None,lstm_autoencoder,residual,detection_latency,0.0,0.0,0.0,0.0,SUCCESS
E5_DT1_PD10_SEED123,1,0.1,0.11001712328767123,1.0,anomaly_detection,None,lstm_autoencoder,residual,threshold,0.0003816792741417885,0.0003816792741417885,0.0,0.0,SUCCESS
E5_DT1_PD20_SEED123,1,0.2,0.24848744292237443,1.0,load_estimation,persistence,None,raw,mae,0.48598287682101426,0.4383777854014386,0.04760509141957564,0.1085937586367017,SUCCESS
E5_DT1_PD20_SEED123,1,0.2,0.24848744292237443,1.0,load_estimation,persistence,None,raw,rmse,0.6574935229378739,0.5934701818230634,0.06402334111481045,0.10787962576003238,SUCCESS
E5_DT1_PD20_SEED123,1,0.2,0.24848744292237443,1.0,load_estimation,persistence,None,raw,mape,15.072650929158934,13.879795520238472,1.1928554089204617,0.08594185751376018,SUCCESS
E5_DT1_PD20_SEED123,1,0.2,0.24848744292237443,1.0,load_estimation,persistence,None,raw,r2,0.9201778278863055,0.9349663109259363,-0.014788483039630762,-0.015817129309167417,SUCCESS
E5_DT1_PD20_SEED123,1,0.2,0.24848744292237443,1.0,load_estimation,xgboost,None,raw,mae,0.2861227719977929,0.2727781880981483,0.013344583899644602,0.0489210079174039,SUCCESS
E5_DT1_PD20_SEED123,1,0.2,0.24848744292237443,1.0,load_estimation,xgboost,None,raw,rmse,0.42701773786358255,0.40856251653233305,0.018455221331249494,0.045171107442473796,SUCCESS
E5_DT1_PD20_SEED123,1,0.2,0.24848744292237443,1.0,load_estimation,xgboost,None,raw,mape,9.382379965050113,9.007307051437575,0.3750729136125379,0.041640960108346246,SUCCESS
E5_DT1_PD20_SEED123,1,0.2,0.24848744292237443,1.0,load_estimation,xgboost,None,raw,r2,0.9663308296566172,0.9691782265733759,-0.0028473969167587265,-0.002937949737919697,SUCCESS
E5_DT1_PD20_SEED123,1,0.2,0.24848744292237443,1.0,load_estimation,lstm,None,raw,mae,0.3004847857684677,0.27887399652686284,0.021610789241604866,0.07749302376969085,SUCCESS
E5_DT1_PD20_SEED123,1,0.2,0.24848744292237443,1.0,load_estimation,lstm,None,raw,rmse,0.43702762940539014,0.41518036195795865,0.021847267447431484,0.052621148419451855,SUCCESS
E5_DT1_PD20_SEED123,1,0.2,0.24848744292237443,1.0,load_estimation,lstm,None,raw,mape,9.608616446476796,9.118982639637075,0.4896338068397217,0.053693907115411346,SUCCESS
E5_DT1_PD20_SEED123,1,0.2,0.24848744292237443,1.0,load_estimation,lstm,None,raw,r2,0.9648298917345818,0.9682583482374255,-0.0034284565028437353,-0.003540848895426252,SUCCESS
E5_DT1_PD20_SEED123,1,0.2,0.24848744292237443,1.0,anomaly_detection,None,isolation_forest,raw,precision,0.11646586345381527,0.11646586345381527,0.0,0.0,SUCCESS
E5_DT1_PD20_SEED123,1,0.2,0.24848744292237443,1.0,anomaly_detection,None,isolation_forest,raw,recall,0.11885245901639344,0.11885245901639344,0.0,0.0,SUCCESS
E5_DT1_PD20_SEED123,1,0.2,0.24848744292237443,1.0,anomaly_detection,None,isolation_forest,raw,f1,0.11764705882352941,0.11764705882352941,0.0,0.0,SUCCESS
E5_DT1_PD20_SEED123,1,0.2,0.24848744292237443,1.0,anomaly_detection,None,isolation_forest,raw,false_positive_rate,0.04389465283320032,0.04389465283320032,0.0,0.0,SUCCESS
E5_DT1_PD20_SEED123,1,0.2,0.24848744292237443,1.0,anomaly_detection,None,isolation_forest,raw,pr_auc,0.09385708598261007,0.09385708598261007,0.0,0.0,SUCCESS
E5_DT1_PD20_SEED123,1,0.2,0.24848744292237443,1.0,anomaly_detection,None,isolation_forest,raw,roc_auc,0.7138596875695052,0.7138596875695052,0.0,0.0,SUCCESS
E5_DT1_PD20_SEED123,1,0.2,0.24848744292237443,1.0,anomaly_detection,None,isolation_forest,raw,detection_latency,3.2459016393442623,3.2459016393442623,0.0,0.0,SUCCESS
E5_DT1_PD20_SEED123,1,0.2,0.24848744292237443,1.0,anomaly_detection,None,isolation_forest,raw,threshold,0.5031683371451802,0.5031683371451802,0.0,0.0,SUCCESS
E5_DT1_PD20_SEED123,1,0.2,0.24848744292237443,1.0,anomaly_detection,None,isolation_forest,residual,precision,0.04642313546423135,0.04642313546423135,0.0,0.0,SUCCESS
E5_DT1_PD20_SEED123,1,0.2,0.24848744292237443,1.0,anomaly_detection,None,isolation_forest,residual,recall,1.0,1.0,0.0,0.0,SUCCESS
E5_DT1_PD20_SEED123,1,0.2,0.24848744292237443,1.0,anomaly_detection,None,isolation_forest,residual,f1,0.08872727272727272,0.08872727272727272,0.0,0.0,SUCCESS
E5_DT1_PD20_SEED123,1,0.2,0.24848744292237443,1.0,anomaly_detection,None,isolation_forest,residual,false_positive_rate,1.0,1.0,0.0,0.0,SUCCESS
E5_DT1_PD20_SEED123,1,0.2,0.24848744292237443,1.0,anomaly_detection,None,isolation_forest,residual,pr_auc,0.08220972657522926,0.09188515062218422,-0.009675424046954956,0.10529910416905795,SUCCESS
E5_DT1_PD20_SEED123,1,0.2,0.24848744292237443,1.0,anomaly_detection,None,isolation_forest,residual,roc_auc,0.6744043803069355,0.6877706618868814,-0.013366281579945904,0.01943421306060926,SUCCESS
E5_DT1_PD20_SEED123,1,0.2,0.24848744292237443,1.0,anomaly_detection,None,isolation_forest,residual,detection_latency,0.0,0.0,0.0,0.0,SUCCESS
E5_DT1_PD20_SEED123,1,0.2,0.24848744292237443,1.0,anomaly_detection,None,isolation_forest,residual,threshold,0.29376565419608197,0.29376565419608197,0.0,0.0,SUCCESS
E5_DT1_PD20_SEED123,1,0.2,0.24848744292237443,1.0,anomaly_detection,None,lstm_autoencoder,raw,precision,0.49825783972125437,0.49825783972125437,0.0,0.0,SUCCESS
E5_DT1_PD20_SEED123,1,0.2,0.24848744292237443,1.0,anomaly_detection,None,lstm_autoencoder,raw,recall,0.5860655737704918,0.5860655737704918,0.0,0.0,SUCCESS
E5_DT1_PD20_SEED123,1,0.2,0.24848744292237443,1.0,anomaly_detection,None,lstm_autoencoder,raw,f1,0.5386064030131827,0.5386064030131827,0.0,0.0,SUCCESS
E5_DT1_PD20_SEED123,1,0.2,0.24848744292237443,1.0,anomaly_detection,None,lstm_autoencoder,raw,false_positive_rate,0.028731045490822026,0.028731045490822026,0.0,0.0,SUCCESS
E5_DT1_PD20_SEED123,1,0.2,0.24848744292237443,1.0,anomaly_detection,None,lstm_autoencoder,raw,pr_auc,0.561001698584242,0.561001698584242,0.0,0.0,SUCCESS
E5_DT1_PD20_SEED123,1,0.2,0.24848744292237443,1.0,anomaly_detection,None,lstm_autoencoder,raw,roc_auc,0.9493396177043946,0.9493396177043946,0.0,0.0,SUCCESS
E5_DT1_PD20_SEED123,1,0.2,0.24848744292237443,1.0,anomaly_detection,None,lstm_autoencoder,raw,detection_latency,1.3442622950819672,1.3442622950819672,0.0,0.0,SUCCESS
E5_DT1_PD20_SEED123,1,0.2,0.24848744292237443,1.0,anomaly_detection,None,lstm_autoencoder,raw,threshold,0.0007370078528765589,0.0007370078528765589,0.0,0.0,SUCCESS
E5_DT1_PD20_SEED123,1,0.2,0.24848744292237443,1.0,anomaly_detection,None,lstm_autoencoder,residual,precision,0.04642313546423135,0.04642313546423135,0.0,0.0,SUCCESS
E5_DT1_PD20_SEED123,1,0.2,0.24848744292237443,1.0,anomaly_detection,None,lstm_autoencoder,residual,recall,1.0,1.0,0.0,0.0,SUCCESS
E5_DT1_PD20_SEED123,1,0.2,0.24848744292237443,1.0,anomaly_detection,None,lstm_autoencoder,residual,f1,0.08872727272727272,0.08872727272727272,0.0,0.0,SUCCESS
E5_DT1_PD20_SEED123,1,0.2,0.24848744292237443,1.0,anomaly_detection,None,lstm_autoencoder,residual,false_positive_rate,1.0,1.0,0.0,0.0,SUCCESS
E5_DT1_PD20_SEED123,1,0.2,0.24848744292237443,1.0,anomaly_detection,None,lstm_autoencoder,residual,pr_auc,0.13393070336530005,0.138022346640306,-0.004091643275005941,0.029644788504205,SUCCESS
E5_DT1_PD20_SEED123,1,0.2,0.24848744292237443,1.0,anomaly_detection,None,lstm_autoencoder,residual,roc_auc,0.7393558737718001,0.7479148404484972,-0.008558966676697088,0.011443771688718716,SUCCESS
E5_DT1_PD20_SEED123,1,0.2,0.24848744292237443,1.0,anomaly_detection,None,lstm_autoencoder,residual,detection_latency,0.0,0.0,0.0,0.0,SUCCESS
E5_DT1_PD20_SEED123,1,0.2,0.24848744292237443,1.0,anomaly_detection,None,lstm_autoencoder,residual,threshold,0.0003816792741417885,0.0003816792741417885,0.0,0.0,SUCCESS
E5_DT5_PD00_SEED123,5,0.0,2.0,4.0,load_estimation,persistence,None,raw,mae,0.8607347878645907,0.4383777854014386,0.42235700246315205,0.963454391459148,SUCCESS
E5_DT5_PD00_SEED123,5,0.0,2.0,4.0,load_estimation,persistence,None,raw,rmse,1.130667675400816,0.5934701818230634,0.5371974935777526,0.905180260156545,SUCCESS
E5_DT5_PD00_SEED123,5,0.0,2.0,4.0,load_estimation,persistence,None,raw,mape,25.013536511064466,13.879795520238472,11.133740990825993,0.8021545399996427,SUCCESS
E5_DT5_PD00_SEED123,5,0.0,2.0,4.0,load_estimation,persistence,None,raw,r2,0.7639464498296812,0.9349663109259363,-0.1710198610962551,-0.182915532995929,SUCCESS
E5_DT5_PD00_SEED123,5,0.0,2.0,4.0,load_estimation,xgboost,None,raw,mae,0.5226819838653779,0.2727781880981483,0.2499037957672296,0.9161428833793401,SUCCESS
E5_DT5_PD00_SEED123,5,0.0,2.0,4.0,load_estimation,xgboost,None,raw,rmse,0.7146570755432405,0.40856251653233305,0.3060945590109075,0.749198829126273,SUCCESS
E5_DT5_PD00_SEED123,5,0.0,2.0,4.0,load_estimation,xgboost,None,raw,mape,15.231311001971504,9.007307051437575,6.224003950533929,0.6909949794084761,SUCCESS
E5_DT5_PD00_SEED123,5,0.0,2.0,4.0,load_estimation,xgboost,None,raw,r2,0.9056947263722561,0.9691782265733759,-0.06348350020111981,-0.06550240034340424,SUCCESS
E5_DT5_PD00_SEED123,5,0.0,2.0,4.0,load_estimation,lstm,None,raw,mae,0.5946790087002084,0.27887399652686284,0.31580501217334556,1.1324290400196035,SUCCESS
E5_DT5_PD00_SEED123,5,0.0,2.0,4.0,load_estimation,lstm,None,raw,rmse,0.777885839324871,0.41518036195795865,0.36270547736691233,0.8736094252060025,SUCCESS
E5_DT5_PD00_SEED123,5,0.0,2.0,4.0,load_estimation,lstm,None,raw,mape,16.546755775297946,9.118982639637075,7.427773135660871,0.8145396728111863,SUCCESS
E5_DT5_PD00_SEED123,5,0.0,2.0,4.0,load_estimation,lstm,None,raw,r2,0.8885737159216507,0.9682583482374255,-0.07968463231577483,-0.08229687093411504,SUCCESS
E5_DT5_PD00_SEED123,5,0.0,2.0,4.0,anomaly_detection,None,isolation_forest,raw,precision,0.11646586345381527,0.11646586345381527,0.0,0.0,SUCCESS
E5_DT5_PD00_SEED123,5,0.0,2.0,4.0,anomaly_detection,None,isolation_forest,raw,recall,0.11885245901639344,0.11885245901639344,0.0,0.0,SUCCESS
E5_DT5_PD00_SEED123,5,0.0,2.0,4.0,anomaly_detection,None,isolation_forest,raw,f1,0.11764705882352941,0.11764705882352941,0.0,0.0,SUCCESS
E5_DT5_PD00_SEED123,5,0.0,2.0,4.0,anomaly_detection,None,isolation_forest,raw,false_positive_rate,0.04389465283320032,0.04389465283320032,0.0,0.0,SUCCESS
E5_DT5_PD00_SEED123,5,0.0,2.0,4.0,anomaly_detection,None,isolation_forest,raw,pr_auc,0.09385708598261007,0.09385708598261007,0.0,0.0,SUCCESS
E5_DT5_PD00_SEED123,5,0.0,2.0,4.0,anomaly_detection,None,isolation_forest,raw,roc_auc,0.7138596875695052,0.7138596875695052,0.0,0.0,SUCCESS
E5_DT5_PD00_SEED123,5,0.0,2.0,4.0,anomaly_detection,None,isolation_forest,raw,detection_latency,3.2459016393442623,3.2459016393442623,0.0,0.0,SUCCESS
E5_DT5_PD00_SEED123,5,0.0,2.0,4.0,anomaly_detection,None,isolation_forest,raw,threshold,0.5031683371451802,0.5031683371451802,0.0,0.0,SUCCESS
E5_DT5_PD00_SEED123,5,0.0,2.0,4.0,anomaly_detection,None,isolation_forest,residual,precision,0.04642313546423135,0.04642313546423135,0.0,0.0,SUCCESS
E5_DT5_PD00_SEED123,5,0.0,2.0,4.0,anomaly_detection,None,isolation_forest,residual,recall,1.0,1.0,0.0,0.0,SUCCESS
E5_DT5_PD00_SEED123,5,0.0,2.0,4.0,anomaly_detection,None,isolation_forest,residual,f1,0.08872727272727272,0.08872727272727272,0.0,0.0,SUCCESS
E5_DT5_PD00_SEED123,5,0.0,2.0,4.0,anomaly_detection,None,isolation_forest,residual,false_positive_rate,1.0,1.0,0.0,0.0,SUCCESS
E5_DT5_PD00_SEED123,5,0.0,2.0,4.0,anomaly_detection,None,isolation_forest,residual,pr_auc,0.05739027290081823,0.09188515062218422,-0.03449487772136599,0.3754129746513986,SUCCESS
E5_DT5_PD00_SEED123,5,0.0,2.0,4.0,anomaly_detection,None,isolation_forest,residual,roc_auc,0.604823014928107,0.6877706618868814,-0.08294764695877443,0.12060364239906608,SUCCESS
E5_DT5_PD00_SEED123,5,0.0,2.0,4.0,anomaly_detection,None,isolation_forest,residual,detection_latency,0.0,0.0,0.0,0.0,SUCCESS
E5_DT5_PD00_SEED123,5,0.0,2.0,4.0,anomaly_detection,None,isolation_forest,residual,threshold,0.29376565419608197,0.29376565419608197,0.0,0.0,SUCCESS
E5_DT5_PD00_SEED123,5,0.0,2.0,4.0,anomaly_detection,None,lstm_autoencoder,raw,precision,0.49825783972125437,0.49825783972125437,0.0,0.0,SUCCESS
E5_DT5_PD00_SEED123,5,0.0,2.0,4.0,anomaly_detection,None,lstm_autoencoder,raw,recall,0.5860655737704918,0.5860655737704918,0.0,0.0,SUCCESS
E5_DT5_PD00_SEED123,5,0.0,2.0,4.0,anomaly_detection,None,lstm_autoencoder,raw,f1,0.5386064030131827,0.5386064030131827,0.0,0.0,SUCCESS
E5_DT5_PD00_SEED123,5,0.0,2.0,4.0,anomaly_detection,None,lstm_autoencoder,raw,false_positive_rate,0.028731045490822026,0.028731045490822026,0.0,0.0,SUCCESS
E5_DT5_PD00_SEED123,5,0.0,2.0,4.0,anomaly_detection,None,lstm_autoencoder,raw,pr_auc,0.561001698584242,0.561001698584242,0.0,0.0,SUCCESS
E5_DT5_PD00_SEED123,5,0.0,2.0,4.0,anomaly_detection,None,lstm_autoencoder,raw,roc_auc,0.9493396177043946,0.9493396177043946,0.0,0.0,SUCCESS
E5_DT5_PD00_SEED123,5,0.0,2.0,4.0,anomaly_detection,None,lstm_autoencoder,raw,detection_latency,1.3442622950819672,1.3442622950819672,0.0,0.0,SUCCESS
E5_DT5_PD00_SEED123,5,0.0,2.0,4.0,anomaly_detection,None,lstm_autoencoder,raw,threshold,0.0007370078528765589,0.0007370078528765589,0.0,0.0,SUCCESS
E5_DT5_PD00_SEED123,5,0.0,2.0,4.0,anomaly_detection,None,lstm_autoencoder,residual,precision,0.04642313546423135,0.04642313546423135,0.0,0.0,SUCCESS
E5_DT5_PD00_SEED123,5,0.0,2.0,4.0,anomaly_detection,None,lstm_autoencoder,residual,recall,1.0,1.0,0.0,0.0,SUCCESS
E5_DT5_PD00_SEED123,5,0.0,2.0,4.0,anomaly_detection,None,lstm_autoencoder,residual,f1,0.08872727272727272,0.08872727272727272,0.0,0.0,SUCCESS
E5_DT5_PD00_SEED123,5,0.0,2.0,4.0,anomaly_detection,None,lstm_autoencoder,residual,false_positive_rate,1.0,1.0,0.0,0.0,SUCCESS
E5_DT5_PD00_SEED123,5,0.0,2.0,4.0,anomaly_detection,None,lstm_autoencoder,residual,pr_auc,0.12801977463098801,0.138022346640306,-0.010002572009317978,0.07247067053123828,SUCCESS
E5_DT5_PD00_SEED123,5,0.0,2.0,4.0,anomaly_detection,None,lstm_autoencoder,residual,roc_auc,0.6992562113223347,0.7479148404484972,-0.04865862912616248,0.06505905016804277,SUCCESS
E5_DT5_PD00_SEED123,5,0.0,2.0,4.0,anomaly_detection,None,lstm_autoencoder,residual,detection_latency,0.0,0.0,0.0,0.0,SUCCESS
E5_DT5_PD00_SEED123,5,0.0,2.0,4.0,anomaly_detection,None,lstm_autoencoder,residual,threshold,0.0003816792741417885,0.0003816792741417885,0.0,0.0,SUCCESS
E5_DT5_PD05_SEED123,5,0.05,2.033076484018265,4.0,load_estimation,persistence,None,raw,mae,0.8636784940459049,0.4383777854014386,0.4253007086444663,0.9701693899817547,SUCCESS
E5_DT5_PD05_SEED123,5,0.05,2.033076484018265,4.0,load_estimation,persistence,None,raw,rmse,1.140635023053319,0.5934701818230634,0.5471648412302557,0.921975287030321,SUCCESS
E5_DT5_PD05_SEED123,5,0.05,2.033076484018265,4.0,load_estimation,persistence,None,raw,mape,25.090597079614408,13.879795520238472,11.210801559375936,0.8077065359521464,SUCCESS
E5_DT5_PD05_SEED123,5,0.05,2.033076484018265,4.0,load_estimation,persistence,None,raw,r2,0.7597662676737615,0.9349663109259363,-0.17520004325217475,-0.18738647714340298,SUCCESS
E5_DT5_PD05_SEED123,5,0.05,2.033076484018265,4.0,load_estimation,xgboost,None,raw,mae,0.5271801408295218,0.2727781880981483,0.2544019527313735,0.9326330470376069,SUCCESS
E5_DT5_PD05_SEED123,5,0.05,2.033076484018265,4.0,load_estimation,xgboost,None,raw,rmse,0.7228160216734454,0.40856251653233305,0.31425350514111233,0.7691687132934594,SUCCESS
E5_DT5_PD05_SEED123,5,0.05,2.033076484018265,4.0,load_estimation,xgboost,None,raw,mape,15.387694966372914,9.007307051437575,6.380387914935339,0.7083568794201395,SUCCESS
E5_DT5_PD05_SEED123,5,0.05,2.033076484018265,4.0,load_estimation,xgboost,None,raw,r2,0.9035291456587717,0.9691782265733759,-0.0656490809146042,-0.06773685078204132,SUCCESS
E5_DT5_PD05_SEED123,5,0.05,2.033076484018265,4.0,load_estimation,lstm,None,raw,mae,0.6064283768077802,0.27887399652686284,0.3275543802809173,1.1745604981472888,SUCCESS
E5_DT5_PD05_SEED123,5,0.05,2.033076484018265,4.0,load_estimation,lstm,None,raw,rmse,0.7907342841605756,0.41518036195795865,0.3755539222026169,0.9045560836055286,SUCCESS
E5_DT5_PD05_SEED123,5,0.05,2.033076484018265,4.0,load_estimation,lstm,None,raw,mape,16.839732302463556,9.118982639637075,7.720749662826481,0.8466678760048345,SUCCESS
E5_DT5_PD05_SEED123,5,0.05,2.033076484018265,4.0,load_estimation,lstm,None,raw,r2,0.8848624312941523,0.9682583482374255,-0.0833959169432732,-0.08612981968612346,SUCCESS
E5_DT5_PD05_SEED123,5,0.05,2.033076484018265,4.0,anomaly_detection,None,isolation_forest,raw,precision,0.11646586345381527,0.11646586345381527,0.0,0.0,SUCCESS
E5_DT5_PD05_SEED123,5,0.05,2.033076484018265,4.0,anomaly_detection,None,isolation_forest,raw,recall,0.11885245901639344,0.11885245901639344,0.0,0.0,SUCCESS
E5_DT5_PD05_SEED123,5,0.05,2.033076484018265,4.0,anomaly_detection,None,isolation_forest,raw,f1,0.11764705882352941,0.11764705882352941,0.0,0.0,SUCCESS
E5_DT5_PD05_SEED123,5,0.05,2.033076484018265,4.0,anomaly_detection,None,isolation_forest,raw,false_positive_rate,0.04389465283320032,0.04389465283320032,0.0,0.0,SUCCESS
E5_DT5_PD05_SEED123,5,0.05,2.033076484018265,4.0,anomaly_detection,None,isolation_forest,raw,pr_auc,0.09385708598261007,0.09385708598261007,0.0,0.0,SUCCESS
E5_DT5_PD05_SEED123,5,0.05,2.033076484018265,4.0,anomaly_detection,None,isolation_forest,raw,roc_auc,0.7138596875695052,0.7138596875695052,0.0,0.0,SUCCESS
E5_DT5_PD05_SEED123,5,0.05,2.033076484018265,4.0,anomaly_detection,None,isolation_forest,raw,detection_latency,3.2459016393442623,3.2459016393442623,0.0,0.0,SUCCESS
E5_DT5_PD05_SEED123,5,0.05,2.033076484018265,4.0,anomaly_detection,None,isolation_forest,raw,threshold,0.5031683371451802,0.5031683371451802,0.0,0.0,SUCCESS
E5_DT5_PD05_SEED123,5,0.05,2.033076484018265,4.0,anomaly_detection,None,isolation_forest,residual,precision,0.04642313546423135,0.04642313546423135,0.0,0.0,SUCCESS
E5_DT5_PD05_SEED123,5,0.05,2.033076484018265,4.0,anomaly_detection,None,isolation_forest,residual,recall,1.0,1.0,0.0,0.0,SUCCESS
E5_DT5_PD05_SEED123,5,0.05,2.033076484018265,4.0,anomaly_detection,None,isolation_forest,residual,f1,0.08872727272727272,0.08872727272727272,0.0,0.0,SUCCESS
E5_DT5_PD05_SEED123,5,0.05,2.033076484018265,4.0,anomaly_detection,None,isolation_forest,residual,false_positive_rate,1.0,1.0,0.0,0.0,SUCCESS
E5_DT5_PD05_SEED123,5,0.05,2.033076484018265,4.0,anomaly_detection,None,isolation_forest,residual,pr_auc,0.0653421925885572,0.09188515062218422,-0.026542958033627023,0.28887102925658853,SUCCESS
E5_DT5_PD05_SEED123,5,0.05,2.033076484018265,4.0,anomaly_detection,None,isolation_forest,residual,roc_auc,0.6325891630578415,0.6877706618868814,-0.05518149882903989,0.08023241159727698,SUCCESS
E5_DT5_PD05_SEED123,5,0.05,2.033076484018265,4.0,anomaly_detection,None,isolation_forest,residual,detection_latency,0.0,0.0,0.0,0.0,SUCCESS
E5_DT5_PD05_SEED123,5,0.05,2.033076484018265,4.0,anomaly_detection,None,isolation_forest,residual,threshold,0.29376565419608197,0.29376565419608197,0.0,0.0,SUCCESS
E5_DT5_PD05_SEED123,5,0.05,2.033076484018265,4.0,anomaly_detection,None,lstm_autoencoder,raw,precision,0.49825783972125437,0.49825783972125437,0.0,0.0,SUCCESS
E5_DT5_PD05_SEED123,5,0.05,2.033076484018265,4.0,anomaly_detection,None,lstm_autoencoder,raw,recall,0.5860655737704918,0.5860655737704918,0.0,0.0,SUCCESS
E5_DT5_PD05_SEED123,5,0.05,2.033076484018265,4.0,anomaly_detection,None,lstm_autoencoder,raw,f1,0.5386064030131827,0.5386064030131827,0.0,0.0,SUCCESS
E5_DT5_PD05_SEED123,5,0.05,2.033076484018265,4.0,anomaly_detection,None,lstm_autoencoder,raw,false_positive_rate,0.028731045490822026,0.028731045490822026,0.0,0.0,SUCCESS
E5_DT5_PD05_SEED123,5,0.05,2.033076484018265,4.0,anomaly_detection,None,lstm_autoencoder,raw,pr_auc,0.561001698584242,0.561001698584242,0.0,0.0,SUCCESS
E5_DT5_PD05_SEED123,5,0.05,2.033076484018265,4.0,anomaly_detection,None,lstm_autoencoder,raw,roc_auc,0.9493396177043946,0.9493396177043946,0.0,0.0,SUCCESS
E5_DT5_PD05_SEED123,5,0.05,2.033076484018265,4.0,anomaly_detection,None,lstm_autoencoder,raw,detection_latency,1.3442622950819672,1.3442622950819672,0.0,0.0,SUCCESS
E5_DT5_PD05_SEED123,5,0.05,2.033076484018265,4.0,anomaly_detection,None,lstm_autoencoder,raw,threshold,0.0007370078528765589,0.0007370078528765589,0.0,0.0,SUCCESS
E5_DT5_PD05_SEED123,5,0.05,2.033076484018265,4.0,anomaly_detection,None,lstm_autoencoder,residual,precision,0.04642313546423135,0.04642313546423135,0.0,0.0,SUCCESS
E5_DT5_PD05_SEED123,5,0.05,2.033076484018265,4.0,anomaly_detection,None,lstm_autoencoder,residual,recall,1.0,1.0,0.0,0.0,SUCCESS
E5_DT5_PD05_SEED123,5,0.05,2.033076484018265,4.0,anomaly_detection,None,lstm_autoencoder,residual,f1,0.08872727272727272,0.08872727272727272,0.0,0.0,SUCCESS
E5_DT5_PD05_SEED123,5,0.05,2.033076484018265,4.0,anomaly_detection,None,lstm_autoencoder,residual,false_positive_rate,1.0,1.0,0.0,0.0,SUCCESS
E5_DT5_PD05_SEED123,5,0.05,2.033076484018265,4.0,anomaly_detection,None,lstm_autoencoder,residual,pr_auc,0.13856649831773019,0.138022346640306,0.0005441516774241928,-0.003942489681343288,SUCCESS
E5_DT5_PD05_SEED123,5,0.05,2.033076484018265,4.0,anomaly_detection,None,lstm_autoencoder,residual,roc_auc,0.7109568183899624,0.7479148404484972,-0.03695802205853482,0.04941474625155512,SUCCESS
E5_DT5_PD05_SEED123,5,0.05,2.033076484018265,4.0,anomaly_detection,None,lstm_autoencoder,residual,detection_latency,0.0,0.0,0.0,0.0,SUCCESS
E5_DT5_PD05_SEED123,5,0.05,2.033076484018265,4.0,anomaly_detection,None,lstm_autoencoder,residual,threshold,0.0003816792741417885,0.0003816792741417885,0.0,0.0,SUCCESS
E5_DT5_PD10_SEED123,5,0.1,2.0680650684931505,4.0,load_estimation,persistence,None,raw,mae,0.853465763469265,0.4383777854014386,0.4150879780678263,0.9468727474128622,SUCCESS
E5_DT5_PD10_SEED123,5,0.1,2.0680650684931505,4.0,load_estimation,persistence,None,raw,rmse,1.1287260167182627,0.5934701818230634,0.5352558348951992,0.9019085563001038,SUCCESS
E5_DT5_PD10_SEED123,5,0.1,2.0680650684931505,4.0,load_estimation,persistence,None,raw,mape,24.86846057410549,13.879795520238472,10.988665053867019,0.791702229175075,SUCCESS
E5_DT5_PD10_SEED123,5,0.1,2.0680650684931505,4.0,load_estimation,persistence,None,raw,r2,0.7647564878151447,0.9349663109259363,-0.17020982311079158,-0.1820491509926445,SUCCESS
E5_DT5_PD10_SEED123,5,0.1,2.0680650684931505,4.0,load_estimation,xgboost,None,raw,mae,0.5241741480665846,0.2727781880981483,0.2513959599684363,0.9216131308782707,SUCCESS
E5_DT5_PD10_SEED123,5,0.1,2.0680650684931505,4.0,load_estimation,xgboost,None,raw,rmse,0.7156064402989154,0.40856251653233305,0.30704392376658235,0.751522499843138,SUCCESS
E5_DT5_PD10_SEED123,5,0.1,2.0680650684931505,4.0,load_estimation,xgboost,None,raw,mape,15.40775711312773,9.007307051437575,6.4004500616901545,0.7105841984890074,SUCCESS
E5_DT5_PD10_SEED123,5,0.1,2.0680650684931505,4.0,load_estimation,xgboost,None,raw,r2,0.9054440059276896,0.9691782265733759,-0.06373422064568635,-0.06576109419113231,SUCCESS
E5_DT5_PD10_SEED123,5,0.1,2.0680650684931505,4.0,load_estimation,lstm,None,raw,mae,0.5957344773392957,0.27887399652686284,0.3168604808124329,1.136213791026267,SUCCESS
E5_DT5_PD10_SEED123,5,0.1,2.0680650684931505,4.0,load_estimation,lstm,None,raw,rmse,0.7771036954941578,0.41518036195795865,0.36192333353619915,0.8717255600178114,SUCCESS
E5_DT5_PD10_SEED123,5,0.1,2.0680650684931505,4.0,load_estimation,lstm,None,raw,mape,16.62231677491922,9.118982639637075,7.503334135282145,0.8228257944770876,SUCCESS
E5_DT5_PD10_SEED123,5,0.1,2.0680650684931505,4.0,load_estimation,lstm,None,raw,r2,0.8887976756906879,0.9682583482374255,-0.07946067254673761,-0.08206556926814448,SUCCESS
E5_DT5_PD10_SEED123,5,0.1,2.0680650684931505,4.0,anomaly_detection,None,isolation_forest,raw,precision,0.11646586345381527,0.11646586345381527,0.0,0.0,SUCCESS
E5_DT5_PD10_SEED123,5,0.1,2.0680650684931505,4.0,anomaly_detection,None,isolation_forest,raw,recall,0.11885245901639344,0.11885245901639344,0.0,0.0,SUCCESS
E5_DT5_PD10_SEED123,5,0.1,2.0680650684931505,4.0,anomaly_detection,None,isolation_forest,raw,f1,0.11764705882352941,0.11764705882352941,0.0,0.0,SUCCESS
E5_DT5_PD10_SEED123,5,0.1,2.0680650684931505,4.0,anomaly_detection,None,isolation_forest,raw,false_positive_rate,0.04389465283320032,0.04389465283320032,0.0,0.0,SUCCESS
E5_DT5_PD10_SEED123,5,0.1,2.0680650684931505,4.0,anomaly_detection,None,isolation_forest,raw,pr_auc,0.09385708598261007,0.09385708598261007,0.0,0.0,SUCCESS
E5_DT5_PD10_SEED123,5,0.1,2.0680650684931505,4.0,anomaly_detection,None,isolation_forest,raw,roc_auc,0.7138596875695052,0.7138596875695052,0.0,0.0,SUCCESS
E5_DT5_PD10_SEED123,5,0.1,2.0680650684931505,4.0,anomaly_detection,None,isolation_forest,raw,detection_latency,3.2459016393442623,3.2459016393442623,0.0,0.0,SUCCESS
E5_DT5_PD10_SEED123,5,0.1,2.0680650684931505,4.0,anomaly_detection,None,isolation_forest,raw,threshold,0.5031683371451802,0.5031683371451802,0.0,0.0,SUCCESS
E5_DT5_PD10_SEED123,5,0.1,2.0680650684931505,4.0,anomaly_detection,None,isolation_forest,residual,precision,0.04642313546423135,0.04642313546423135,0.0,0.0,SUCCESS
E5_DT5_PD10_SEED123,5,0.1,2.0680650684931505,4.0,anomaly_detection,None,isolation_forest,residual,recall,1.0,1.0,0.0,0.0,SUCCESS
E5_DT5_PD10_SEED123,5,0.1,2.0680650684931505,4.0,anomaly_detection,None,isolation_forest,residual,f1,0.08872727272727272,0.08872727272727272,0.0,0.0,SUCCESS
E5_DT5_PD10_SEED123,5,0.1,2.0680650684931505,4.0,anomaly_detection,None,isolation_forest,residual,false_positive_rate,1.0,1.0,0.0,0.0,SUCCESS
E5_DT5_PD10_SEED123,5,0.1,2.0680650684931505,4.0,anomaly_detection,None,isolation_forest,residual,pr_auc,0.058509403797431414,0.09188515062218422,-0.033375746824752806,0.36323330373574814,SUCCESS
E5_DT5_PD10_SEED123,5,0.1,2.0680650684931505,4.0,anomaly_detection,None,isolation_forest,residual,roc_auc,0.6210058973218374,0.6877706618868814,-0.06676476456504399,0.0970741676911262,SUCCESS
E5_DT5_PD10_SEED123,5,0.1,2.0680650684931505,4.0,anomaly_detection,None,isolation_forest,residual,detection_latency,0.0,0.0,0.0,0.0,SUCCESS
E5_DT5_PD10_SEED123,5,0.1,2.0680650684931505,4.0,anomaly_detection,None,isolation_forest,residual,threshold,0.29376565419608197,0.29376565419608197,0.0,0.0,SUCCESS
E5_DT5_PD10_SEED123,5,0.1,2.0680650684931505,4.0,anomaly_detection,None,lstm_autoencoder,raw,precision,0.49825783972125437,0.49825783972125437,0.0,0.0,SUCCESS
E5_DT5_PD10_SEED123,5,0.1,2.0680650684931505,4.0,anomaly_detection,None,lstm_autoencoder,raw,recall,0.5860655737704918,0.5860655737704918,0.0,0.0,SUCCESS
E5_DT5_PD10_SEED123,5,0.1,2.0680650684931505,4.0,anomaly_detection,None,lstm_autoencoder,raw,f1,0.5386064030131827,0.5386064030131827,0.0,0.0,SUCCESS
E5_DT5_PD10_SEED123,5,0.1,2.0680650684931505,4.0,anomaly_detection,None,lstm_autoencoder,raw,false_positive_rate,0.028731045490822026,0.028731045490822026,0.0,0.0,SUCCESS
E5_DT5_PD10_SEED123,5,0.1,2.0680650684931505,4.0,anomaly_detection,None,lstm_autoencoder,raw,pr_auc,0.561001698584242,0.561001698584242,0.0,0.0,SUCCESS
E5_DT5_PD10_SEED123,5,0.1,2.0680650684931505,4.0,anomaly_detection,None,lstm_autoencoder,raw,roc_auc,0.9493396177043946,0.9493396177043946,0.0,0.0,SUCCESS
E5_DT5_PD10_SEED123,5,0.1,2.0680650684931505,4.0,anomaly_detection,None,lstm_autoencoder,raw,detection_latency,1.3442622950819672,1.3442622950819672,0.0,0.0,SUCCESS
E5_DT5_PD10_SEED123,5,0.1,2.0680650684931505,4.0,anomaly_detection,None,lstm_autoencoder,raw,threshold,0.0007370078528765589,0.0007370078528765589,0.0,0.0,SUCCESS
E5_DT5_PD10_SEED123,5,0.1,2.0680650684931505,4.0,anomaly_detection,None,lstm_autoencoder,residual,precision,0.04642313546423135,0.04642313546423135,0.0,0.0,SUCCESS
E5_DT5_PD10_SEED123,5,0.1,2.0680650684931505,4.0,anomaly_detection,None,lstm_autoencoder,residual,recall,1.0,1.0,0.0,0.0,SUCCESS
E5_DT5_PD10_SEED123,5,0.1,2.0680650684931505,4.0,anomaly_detection,None,lstm_autoencoder,residual,f1,0.08872727272727272,0.08872727272727272,0.0,0.0,SUCCESS
E5_DT5_PD10_SEED123,5,0.1,2.0680650684931505,4.0,anomaly_detection,None,lstm_autoencoder,residual,false_positive_rate,1.0,1.0,0.0,0.0,SUCCESS
E5_DT5_PD10_SEED123,5,0.1,2.0680650684931505,4.0,anomaly_detection,None,lstm_autoencoder,residual,pr_auc,0.13515345015494779,0.138022346640306,-0.0028688964853582077,0.020785739086401085,SUCCESS
E5_DT5_PD10_SEED123,5,0.1,2.0680650684931505,4.0,anomaly_detection,None,lstm_autoencoder,residual,roc_auc,0.6781699331440608,0.7479148404484972,-0.06974490730443639,0.09325247144796982,SUCCESS
E5_DT5_PD10_SEED123,5,0.1,2.0680650684931505,4.0,anomaly_detection,None,lstm_autoencoder,residual,detection_latency,0.0,0.0,0.0,0.0,SUCCESS
E5_DT5_PD10_SEED123,5,0.1,2.0680650684931505,4.0,anomaly_detection,None,lstm_autoencoder,residual,threshold,0.0003816792741417885,0.0003816792741417885,0.0,0.0,SUCCESS
E5_DT5_PD20_SEED123,5,0.2,2.156050228310502,4.0,load_estimation,persistence,None,raw,mae,0.8917527594794966,0.4383777854014386,0.453374974078058,1.0342106492984946,SUCCESS
E5_DT5_PD20_SEED123,5,0.2,2.156050228310502,4.0,load_estimation,persistence,None,raw,rmse,1.1783846266120914,0.5934701818230634,0.584914444789028,0.9855835435442547,SUCCESS
E5_DT5_PD20_SEED123,5,0.2,2.156050228310502,4.0,load_estimation,persistence,None,raw,mape,25.99490908180516,13.879795520238472,12.11511356156669,0.8728596573271806,SUCCESS
E5_DT5_PD20_SEED123,5,0.2,2.156050228310502,4.0,load_estimation,persistence,None,raw,r2,0.7436019488646854,0.9349663109259363,-0.19136436206125085,-0.20467514157995137,SUCCESS
E5_DT5_PD20_SEED123,5,0.2,2.156050228310502,4.0,load_estimation,xgboost,None,raw,mae,0.5501988045927959,0.2727781880981483,0.2774206164946476,1.0170190601707088,SUCCESS
E5_DT5_PD20_SEED123,5,0.2,2.156050228310502,4.0,load_estimation,xgboost,None,raw,rmse,0.7586847805225405,0.40856251653233305,0.35012226399020746,0.8569612967970333,SUCCESS
E5_DT5_PD20_SEED123,5,0.2,2.156050228310502,4.0,load_estimation,xgboost,None,raw,mape,16.105193365613207,9.007307051437575,7.097886314175632,0.7880142503904985,SUCCESS
E5_DT5_PD20_SEED123,5,0.2,2.156050228310502,4.0,load_estimation,xgboost,None,raw,r2,0.8937171166381865,0.9691782265733759,-0.0754611099351894,-0.07786092162015391,SUCCESS
E5_DT5_PD20_SEED123,5,0.2,2.156050228310502,4.0,load_estimation,lstm,None,raw,mae,0.6255684913787973,0.27887399652686284,0.3466944948519345,1.2431940559884318,SUCCESS
E5_DT5_PD20_SEED123,5,0.2,2.156050228310502,4.0,load_estimation,lstm,None,raw,rmse,0.8200124590297674,0.41518036195795865,0.4048320970718087,0.9750752544331618,SUCCESS
E5_DT5_PD20_SEED123,5,0.2,2.156050228310502,4.0,load_estimation,lstm,None,raw,mape,17.353704056801842,9.118982639637075,8.234721417164767,0.9030307154409167,SUCCESS
E5_DT5_PD20_SEED123,5,0.2,2.156050228310502,4.0,load_estimation,lstm,None,raw,r2,0.8761782840488042,0.9682583482374255,-0.09208006418862136,-0.09509865249934567,SUCCESS
E5_DT5_PD20_SEED123,5,0.2,2.156050228310502,4.0,anomaly_detection,None,isolation_forest,raw,precision,0.11646586345381527,0.11646586345381527,0.0,0.0,SUCCESS
E5_DT5_PD20_SEED123,5,0.2,2.156050228310502,4.0,anomaly_detection,None,isolation_forest,raw,recall,0.11885245901639344,0.11885245901639344,0.0,0.0,SUCCESS
E5_DT5_PD20_SEED123,5,0.2,2.156050228310502,4.0,anomaly_detection,None,isolation_forest,raw,f1,0.11764705882352941,0.11764705882352941,0.0,0.0,SUCCESS
E5_DT5_PD20_SEED123,5,0.2,2.156050228310502,4.0,anomaly_detection,None,isolation_forest,raw,false_positive_rate,0.04389465283320032,0.04389465283320032,0.0,0.0,SUCCESS
E5_DT5_PD20_SEED123,5,0.2,2.156050228310502,4.0,anomaly_detection,None,isolation_forest,raw,pr_auc,0.09385708598261007,0.09385708598261007,0.0,0.0,SUCCESS
E5_DT5_PD20_SEED123,5,0.2,2.156050228310502,4.0,anomaly_detection,None,isolation_forest,raw,roc_auc,0.7138596875695052,0.7138596875695052,0.0,0.0,SUCCESS
E5_DT5_PD20_SEED123,5,0.2,2.156050228310502,4.0,anomaly_detection,None,isolation_forest,raw,detection_latency,3.2459016393442623,3.2459016393442623,0.0,0.0,SUCCESS
E5_DT5_PD20_SEED123,5,0.2,2.156050228310502,4.0,anomaly_detection,None,isolation_forest,raw,threshold,0.5031683371451802,0.5031683371451802,0.0,0.0,SUCCESS
E5_DT5_PD20_SEED123,5,0.2,2.156050228310502,4.0,anomaly_detection,None,isolation_forest,residual,precision,0.04642313546423135,0.04642313546423135,0.0,0.0,SUCCESS
E5_DT5_PD20_SEED123,5,0.2,2.156050228310502,4.0,anomaly_detection,None,isolation_forest,residual,recall,1.0,1.0,0.0,0.0,SUCCESS
E5_DT5_PD20_SEED123,5,0.2,2.156050228310502,4.0,anomaly_detection,None,isolation_forest,residual,f1,0.08872727272727272,0.08872727272727272,0.0,0.0,SUCCESS
E5_DT5_PD20_SEED123,5,0.2,2.156050228310502,4.0,anomaly_detection,None,isolation_forest,residual,false_positive_rate,1.0,1.0,0.0,0.0,SUCCESS
E5_DT5_PD20_SEED123,5,0.2,2.156050228310502,4.0,anomaly_detection,None,isolation_forest,residual,pr_auc,0.058931234330276965,0.09188515062218422,-0.032953916291907255,0.35864245820750773,SUCCESS
E5_DT5_PD20_SEED123,5,0.2,2.156050228310502,4.0,anomaly_detection,None,isolation_forest,residual,roc_auc,0.6276910823858803,0.6877706618868814,-0.06007957950100107,0.08735408884143774,SUCCESS
E5_DT5_PD20_SEED123,5,0.2,2.156050228310502,4.0,anomaly_detection,None,isolation_forest,residual,detection_latency,0.0,0.0,0.0,0.0,SUCCESS
E5_DT5_PD20_SEED123,5,0.2,2.156050228310502,4.0,anomaly_detection,None,isolation_forest,residual,threshold,0.29376565419608197,0.29376565419608197,0.0,0.0,SUCCESS
E5_DT5_PD20_SEED123,5,0.2,2.156050228310502,4.0,anomaly_detection,None,lstm_autoencoder,raw,precision,0.49825783972125437,0.49825783972125437,0.0,0.0,SUCCESS
E5_DT5_PD20_SEED123,5,0.2,2.156050228310502,4.0,anomaly_detection,None,lstm_autoencoder,raw,recall,0.5860655737704918,0.5860655737704918,0.0,0.0,SUCCESS
E5_DT5_PD20_SEED123,5,0.2,2.156050228310502,4.0,anomaly_detection,None,lstm_autoencoder,raw,f1,0.5386064030131827,0.5386064030131827,0.0,0.0,SUCCESS
E5_DT5_PD20_SEED123,5,0.2,2.156050228310502,4.0,anomaly_detection,None,lstm_autoencoder,raw,false_positive_rate,0.028731045490822026,0.028731045490822026,0.0,0.0,SUCCESS
E5_DT5_PD20_SEED123,5,0.2,2.156050228310502,4.0,anomaly_detection,None,lstm_autoencoder,raw,pr_auc,0.561001698584242,0.561001698584242,0.0,0.0,SUCCESS
E5_DT5_PD20_SEED123,5,0.2,2.156050228310502,4.0,anomaly_detection,None,lstm_autoencoder,raw,roc_auc,0.9493396177043946,0.9493396177043946,0.0,0.0,SUCCESS
E5_DT5_PD20_SEED123,5,0.2,2.156050228310502,4.0,anomaly_detection,None,lstm_autoencoder,raw,detection_latency,1.3442622950819672,1.3442622950819672,0.0,0.0,SUCCESS
E5_DT5_PD20_SEED123,5,0.2,2.156050228310502,4.0,anomaly_detection,None,lstm_autoencoder,raw,threshold,0.0007370078528765589,0.0007370078528765589,0.0,0.0,SUCCESS
E5_DT5_PD20_SEED123,5,0.2,2.156050228310502,4.0,anomaly_detection,None,lstm_autoencoder,residual,precision,0.04642313546423135,0.04642313546423135,0.0,0.0,SUCCESS
E5_DT5_PD20_SEED123,5,0.2,2.156050228310502,4.0,anomaly_detection,None,lstm_autoencoder,residual,recall,1.0,1.0,0.0,0.0,SUCCESS
E5_DT5_PD20_SEED123,5,0.2,2.156050228310502,4.0,anomaly_detection,None,lstm_autoencoder,residual,f1,0.08872727272727272,0.08872727272727272,0.0,0.0,SUCCESS
E5_DT5_PD20_SEED123,5,0.2,2.156050228310502,4.0,anomaly_detection,None,lstm_autoencoder,residual,false_positive_rate,1.0,1.0,0.0,0.0,SUCCESS
E5_DT5_PD20_SEED123,5,0.2,2.156050228310502,4.0,anomaly_detection,None,lstm_autoencoder,residual,pr_auc,0.13278889408554373,0.138022346640306,-0.0052334525547622635,0.03791742918558642,SUCCESS
E5_DT5_PD20_SEED123,5,0.2,2.156050228310502,4.0,anomaly_detection,None,lstm_autoencoder,residual,roc_auc,0.7126200397733963,0.7479148404484972,-0.035294800675100935,0.047190935072147965,SUCCESS
E5_DT5_PD20_SEED123,5,0.2,2.156050228310502,4.0,anomaly_detection,None,lstm_autoencoder,residual,detection_latency,0.0,0.0,0.0,0.0,SUCCESS
E5_DT5_PD20_SEED123,5,0.2,2.156050228310502,4.0,anomaly_detection,None,lstm_autoencoder,residual,threshold,0.0003816792741417885,0.0003816792741417885,0.0,0.0,SUCCESS
E5_DT15_PD00_SEED123,15,0.0,7.0,14.0,load_estimation,persistence,None,raw,mae,1.827183006606327,0.4383777854014386,1.3888052212048885,3.1680556530324835,SUCCESS
E5_DT15_PD00_SEED123,15,0.0,7.0,14.0,load_estimation,persistence,None,raw,rmse,2.4298888056900623,0.5934701818230634,1.8364186238669988,3.0943738710271154,SUCCESS
E5_DT15_PD00_SEED123,15,0.0,7.0,14.0,load_estimation,persistence,None,raw,mape,56.94936312689074,13.879795520238472,43.069567606652264,3.103040498244478,SUCCESS
E5_DT15_PD00_SEED123,15,0.0,7.0,14.0,load_estimation,persistence,None,raw,r2,-0.09021809090468436,0.9349663109259363,-1.0251844018306207,-1.0964934135598294,SUCCESS
E5_DT15_PD00_SEED123,15,0.0,7.0,14.0,load_estimation,xgboost,None,raw,mae,1.4174214283761368,0.2727781880981483,1.1446432402779885,4.196241819254751,SUCCESS
E5_DT15_PD00_SEED123,15,0.0,7.0,14.0,load_estimation,xgboost,None,raw,rmse,1.8939158877797706,0.40856251653233305,1.4853533712474376,3.635559580585971,SUCCESS
E5_DT15_PD00_SEED123,15,0.0,7.0,14.0,load_estimation,xgboost,None,raw,mape,43.77899236601598,9.007307051437575,34.771685314578406,3.8603863636500337,SUCCESS
E5_DT15_PD00_SEED123,15,0.0,7.0,14.0,load_estimation,xgboost,None,raw,r2,0.3376890147694366,0.9691782265733759,-0.6314892118039394,-0.651571810518929,SUCCESS
E5_DT15_PD00_SEED123,15,0.0,7.0,14.0,load_estimation,lstm,None,raw,mae,1.5212401025682067,0.27887399652686284,1.2423661060413438,4.454937073782251,SUCCESS
E5_DT15_PD00_SEED123,15,0.0,7.0,14.0,load_estimation,lstm,None,raw,rmse,1.9824588923550113,0.41518036195795865,1.5672785303970527,3.7749341587494354,SUCCESS
E5_DT15_PD00_SEED123,15,0.0,7.0,14.0,load_estimation,lstm,None,raw,mape,44.255043401237536,9.118982639637075,35.13606076160046,3.853068061438796,SUCCESS
E5_DT15_PD00_SEED123,15,0.0,7.0,14.0,load_estimation,lstm,None,raw,r2,0.27629045978429734,0.9682583482374255,-0.6919678884531282,-0.7146521274128499,SUCCESS
E5_DT15_PD00_SEED123,15,0.0,7.0,14.0,anomaly_detection,None,isolation_forest,raw,precision,0.11646586345381527,0.11646586345381527,0.0,0.0,SUCCESS
E5_DT15_PD00_SEED123,15,0.0,7.0,14.0,anomaly_detection,None,isolation_forest,raw,recall,0.11885245901639344,0.11885245901639344,0.0,0.0,SUCCESS
E5_DT15_PD00_SEED123,15,0.0,7.0,14.0,anomaly_detection,None,isolation_forest,raw,f1,0.11764705882352941,0.11764705882352941,0.0,0.0,SUCCESS
E5_DT15_PD00_SEED123,15,0.0,7.0,14.0,anomaly_detection,None,isolation_forest,raw,false_positive_rate,0.04389465283320032,0.04389465283320032,0.0,0.0,SUCCESS
E5_DT15_PD00_SEED123,15,0.0,7.0,14.0,anomaly_detection,None,isolation_forest,raw,pr_auc,0.09385708598261007,0.09385708598261007,0.0,0.0,SUCCESS
E5_DT15_PD00_SEED123,15,0.0,7.0,14.0,anomaly_detection,None,isolation_forest,raw,roc_auc,0.7138596875695052,0.7138596875695052,0.0,0.0,SUCCESS
E5_DT15_PD00_SEED123,15,0.0,7.0,14.0,anomaly_detection,None,isolation_forest,raw,detection_latency,3.2459016393442623,3.2459016393442623,0.0,0.0,SUCCESS
E5_DT15_PD00_SEED123,15,0.0,7.0,14.0,anomaly_detection,None,isolation_forest,raw,threshold,0.5031683371451802,0.5031683371451802,0.0,0.0,SUCCESS
E5_DT15_PD00_SEED123,15,0.0,7.0,14.0,anomaly_detection,None,isolation_forest,residual,precision,0.04642313546423135,0.04642313546423135,0.0,0.0,SUCCESS
E5_DT15_PD00_SEED123,15,0.0,7.0,14.0,anomaly_detection,None,isolation_forest,residual,recall,1.0,1.0,0.0,0.0,SUCCESS
E5_DT15_PD00_SEED123,15,0.0,7.0,14.0,anomaly_detection,None,isolation_forest,residual,f1,0.08872727272727272,0.08872727272727272,0.0,0.0,SUCCESS
E5_DT15_PD00_SEED123,15,0.0,7.0,14.0,anomaly_detection,None,isolation_forest,residual,false_positive_rate,1.0,1.0,0.0,0.0,SUCCESS
E5_DT15_PD00_SEED123,15,0.0,7.0,14.0,anomaly_detection,None,isolation_forest,residual,pr_auc,0.04751793669080876,0.09188515062218422,-0.04436721393137546,0.4828551036914086,SUCCESS
E5_DT15_PD00_SEED123,15,0.0,7.0,14.0,anomaly_detection,None,isolation_forest,residual,roc_auc,0.5464835215155757,0.6877706618868814,-0.14128714037130574,0.2054276929808085,SUCCESS
E5_DT15_PD00_SEED123,15,0.0,7.0,14.0,anomaly_detection,None,isolation_forest,residual,detection_latency,0.0,0.0,0.0,0.0,SUCCESS
E5_DT15_PD00_SEED123,15,0.0,7.0,14.0,anomaly_detection,None,isolation_forest,residual,threshold,0.29376565419608197,0.29376565419608197,0.0,0.0,SUCCESS
E5_DT15_PD00_SEED123,15,0.0,7.0,14.0,anomaly_detection,None,lstm_autoencoder,raw,precision,0.49825783972125437,0.49825783972125437,0.0,0.0,SUCCESS
E5_DT15_PD00_SEED123,15,0.0,7.0,14.0,anomaly_detection,None,lstm_autoencoder,raw,recall,0.5860655737704918,0.5860655737704918,0.0,0.0,SUCCESS
E5_DT15_PD00_SEED123,15,0.0,7.0,14.0,anomaly_detection,None,lstm_autoencoder,raw,f1,0.5386064030131827,0.5386064030131827,0.0,0.0,SUCCESS
E5_DT15_PD00_SEED123,15,0.0,7.0,14.0,anomaly_detection,None,lstm_autoencoder,raw,false_positive_rate,0.028731045490822026,0.028731045490822026,0.0,0.0,SUCCESS
E5_DT15_PD00_SEED123,15,0.0,7.0,14.0,anomaly_detection,None,lstm_autoencoder,raw,pr_auc,0.561001698584242,0.561001698584242,0.0,0.0,SUCCESS
E5_DT15_PD00_SEED123,15,0.0,7.0,14.0,anomaly_detection,None,lstm_autoencoder,raw,roc_auc,0.9493396177043946,0.9493396177043946,0.0,0.0,SUCCESS
E5_DT15_PD00_SEED123,15,0.0,7.0,14.0,anomaly_detection,None,lstm_autoencoder,raw,detection_latency,1.3442622950819672,1.3442622950819672,0.0,0.0,SUCCESS
E5_DT15_PD00_SEED123,15,0.0,7.0,14.0,anomaly_detection,None,lstm_autoencoder,raw,threshold,0.0007370078528765589,0.0007370078528765589,0.0,0.0,SUCCESS
E5_DT15_PD00_SEED123,15,0.0,7.0,14.0,anomaly_detection,None,lstm_autoencoder,residual,precision,0.04642313546423135,0.04642313546423135,0.0,0.0,SUCCESS
E5_DT15_PD00_SEED123,15,0.0,7.0,14.0,anomaly_detection,None,lstm_autoencoder,residual,recall,1.0,1.0,0.0,0.0,SUCCESS
E5_DT15_PD00_SEED123,15,0.0,7.0,14.0,anomaly_detection,None,lstm_autoencoder,residual,f1,0.08872727272727272,0.08872727272727272,0.0,0.0,SUCCESS
E5_DT15_PD00_SEED123,15,0.0,7.0,14.0,anomaly_detection,None,lstm_autoencoder,residual,false_positive_rate,1.0,1.0,0.0,0.0,SUCCESS
E5_DT15_PD00_SEED123,15,0.0,7.0,14.0,anomaly_detection,None,lstm_autoencoder,residual,pr_auc,0.10401917903434371,0.138022346640306,-0.03400316760596228,0.24635987167046544,SUCCESS
E5_DT15_PD00_SEED123,15,0.0,7.0,14.0,anomaly_detection,None,lstm_autoencoder,residual,roc_auc,0.6250948543168527,0.7479148404484972,-0.12281998613164447,0.16421653842032846,SUCCESS
E5_DT15_PD00_SEED123,15,0.0,7.0,14.0,anomaly_detection,None,lstm_autoencoder,residual,detection_latency,0.0,0.0,0.0,0.0,SUCCESS
E5_DT15_PD00_SEED123,15,0.0,7.0,14.0,anomaly_detection,None,lstm_autoencoder,residual,threshold,0.0003816792741417885,0.0003816792741417885,0.0,0.0,SUCCESS
E5_DT15_PD05_SEED123,15,0.05,7.027654109589041,14.0,load_estimation,persistence,None,raw,mae,1.8236460850844827,0.4383777854014386,1.385268299683044,3.159987448758388,SUCCESS
E5_DT15_PD05_SEED123,15,0.05,7.027654109589041,14.0,load_estimation,persistence,None,raw,rmse,2.4177061057440783,0.5934701818230634,1.8242359239210149,3.073845965297193,SUCCESS
E5_DT15_PD05_SEED123,15,0.05,7.027654109589041,14.0,load_estimation,persistence,None,raw,mape,56.598401316656265,13.879795520238472,42.71860579641779,3.077754692720706,SUCCESS
E5_DT15_PD05_SEED123,15,0.05,7.027654109589041,14.0,load_estimation,persistence,None,raw,r2,-0.0793134729996623,0.9349663109259363,-1.0142797839255986,-1.0848303003785398,SUCCESS
E5_DT15_PD05_SEED123,15,0.05,7.027654109589041,14.0,load_estimation,xgboost,None,raw,mae,1.3957525183484978,0.2727781880981483,1.1229743302503494,4.116803979379363,SUCCESS
E5_DT15_PD05_SEED123,15,0.05,7.027654109589041,14.0,load_estimation,xgboost,None,raw,rmse,1.861526870606602,0.40856251653233305,1.452964354074269,3.5562840331175694,SUCCESS
E5_DT15_PD05_SEED123,15,0.05,7.027654109589041,14.0,load_estimation,xgboost,None,raw,mape,42.88665666683041,9.007307051437575,33.87934961539284,3.761318385386414,SUCCESS
E5_DT15_PD05_SEED123,15,0.05,7.027654109589041,14.0,load_estimation,xgboost,None,raw,r2,0.3601484846029862,0.9691782265733759,-0.6090297419703897,-0.6283980853796868,SUCCESS
E5_DT15_PD05_SEED123,15,0.05,7.027654109589041,14.0,load_estimation,lstm,None,raw,mae,1.5441230989518504,0.27887399652686284,1.2652491024249874,4.536992040070365,SUCCESS
E5_DT15_PD05_SEED123,15,0.05,7.027654109589041,14.0,load_estimation,lstm,None,raw,rmse,2.0004290912629386,0.41518036195795865,1.58524872930498,3.818217031819783,SUCCESS
E5_DT15_PD05_SEED123,15,0.05,7.027654109589041,14.0,load_estimation,lstm,None,raw,mape,44.64584293095203,9.118982639637075,35.526860291314954,3.89592366772275,SUCCESS
E5_DT15_PD05_SEED123,15,0.05,7.027654109589041,14.0,load_estimation,lstm,None,raw,r2,0.26311071826820376,0.9682583482374255,-0.7051476299692218,-0.7282639300273952,SUCCESS
E5_DT15_PD05_SEED123,15,0.05,7.027654109589041,14.0,anomaly_detection,None,isolation_forest,raw,precision,0.11646586345381527,0.11646586345381527,0.0,0.0,SUCCESS
E5_DT15_PD05_SEED123,15,0.05,7.027654109589041,14.0,anomaly_detection,None,isolation_forest,raw,recall,0.11885245901639344,0.11885245901639344,0.0,0.0,SUCCESS
E5_DT15_PD05_SEED123,15,0.05,7.027654109589041,14.0,anomaly_detection,None,isolation_forest,raw,f1,0.11764705882352941,0.11764705882352941,0.0,0.0,SUCCESS
E5_DT15_PD05_SEED123,15,0.05,7.027654109589041,14.0,anomaly_detection,None,isolation_forest,raw,false_positive_rate,0.04389465283320032,0.04389465283320032,0.0,0.0,SUCCESS
E5_DT15_PD05_SEED123,15,0.05,7.027654109589041,14.0,anomaly_detection,None,isolation_forest,raw,pr_auc,0.09385708598261007,0.09385708598261007,0.0,0.0,SUCCESS
E5_DT15_PD05_SEED123,15,0.05,7.027654109589041,14.0,anomaly_detection,None,isolation_forest,raw,roc_auc,0.7138596875695052,0.7138596875695052,0.0,0.0,SUCCESS
E5_DT15_PD05_SEED123,15,0.05,7.027654109589041,14.0,anomaly_detection,None,isolation_forest,raw,detection_latency,3.2459016393442623,3.2459016393442623,0.0,0.0,SUCCESS
E5_DT15_PD05_SEED123,15,0.05,7.027654109589041,14.0,anomaly_detection,None,isolation_forest,raw,threshold,0.5031683371451802,0.5031683371451802,0.0,0.0,SUCCESS
E5_DT15_PD05_SEED123,15,0.05,7.027654109589041,14.0,anomaly_detection,None,isolation_forest,residual,precision,0.04642313546423135,0.04642313546423135,0.0,0.0,SUCCESS
E5_DT15_PD05_SEED123,15,0.05,7.027654109589041,14.0,anomaly_detection,None,isolation_forest,residual,recall,1.0,1.0,0.0,0.0,SUCCESS
E5_DT15_PD05_SEED123,15,0.05,7.027654109589041,14.0,anomaly_detection,None,isolation_forest,residual,f1,0.08872727272727272,0.08872727272727272,0.0,0.0,SUCCESS
E5_DT15_PD05_SEED123,15,0.05,7.027654109589041,14.0,anomaly_detection,None,isolation_forest,residual,false_positive_rate,1.0,1.0,0.0,0.0,SUCCESS
E5_DT15_PD05_SEED123,15,0.05,7.027654109589041,14.0,anomaly_detection,None,isolation_forest,residual,pr_auc,0.054249477803445266,0.09188515062218422,-0.037635672818738954,0.4095947230199394,SUCCESS
E5_DT15_PD05_SEED123,15,0.05,7.027654109589041,14.0,anomaly_detection,None,isolation_forest,residual,roc_auc,0.5940169821935551,0.6877706618868814,-0.09375367969332626,0.13631532266310314,SUCCESS
E5_DT15_PD05_SEED123,15,0.05,7.027654109589041,14.0,anomaly_detection,None,isolation_forest,residual,detection_latency,0.0,0.0,0.0,0.0,SUCCESS
E5_DT15_PD05_SEED123,15,0.05,7.027654109589041,14.0,anomaly_detection,None,isolation_forest,residual,threshold,0.29376565419608197,0.29376565419608197,0.0,0.0,SUCCESS
E5_DT15_PD05_SEED123,15,0.05,7.027654109589041,14.0,anomaly_detection,None,lstm_autoencoder,raw,precision,0.49825783972125437,0.49825783972125437,0.0,0.0,SUCCESS
E5_DT15_PD05_SEED123,15,0.05,7.027654109589041,14.0,anomaly_detection,None,lstm_autoencoder,raw,recall,0.5860655737704918,0.5860655737704918,0.0,0.0,SUCCESS
E5_DT15_PD05_SEED123,15,0.05,7.027654109589041,14.0,anomaly_detection,None,lstm_autoencoder,raw,f1,0.5386064030131827,0.5386064030131827,0.0,0.0,SUCCESS
E5_DT15_PD05_SEED123,15,0.05,7.027654109589041,14.0,anomaly_detection,None,lstm_autoencoder,raw,false_positive_rate,0.028731045490822026,0.028731045490822026,0.0,0.0,SUCCESS
E5_DT15_PD05_SEED123,15,0.05,7.027654109589041,14.0,anomaly_detection,None,lstm_autoencoder,raw,pr_auc,0.561001698584242,0.561001698584242,0.0,0.0,SUCCESS
E5_DT15_PD05_SEED123,15,0.05,7.027654109589041,14.0,anomaly_detection,None,lstm_autoencoder,raw,roc_auc,0.9493396177043946,0.9493396177043946,0.0,0.0,SUCCESS
E5_DT15_PD05_SEED123,15,0.05,7.027654109589041,14.0,anomaly_detection,None,lstm_autoencoder,raw,detection_latency,1.3442622950819672,1.3442622950819672,0.0,0.0,SUCCESS
E5_DT15_PD05_SEED123,15,0.05,7.027654109589041,14.0,anomaly_detection,None,lstm_autoencoder,raw,threshold,0.0007370078528765589,0.0007370078528765589,0.0,0.0,SUCCESS
E5_DT15_PD05_SEED123,15,0.05,7.027654109589041,14.0,anomaly_detection,None,lstm_autoencoder,residual,precision,0.04642313546423135,0.04642313546423135,0.0,0.0,SUCCESS
E5_DT15_PD05_SEED123,15,0.05,7.027654109589041,14.0,anomaly_detection,None,lstm_autoencoder,residual,recall,1.0,1.0,0.0,0.0,SUCCESS
E5_DT15_PD05_SEED123,15,0.05,7.027654109589041,14.0,anomaly_detection,None,lstm_autoencoder,residual,f1,0.08872727272727272,0.08872727272727272,0.0,0.0,SUCCESS
E5_DT15_PD05_SEED123,15,0.05,7.027654109589041,14.0,anomaly_detection,None,lstm_autoencoder,residual,false_positive_rate,1.0,1.0,0.0,0.0,SUCCESS
E5_DT15_PD05_SEED123,15,0.05,7.027654109589041,14.0,anomaly_detection,None,lstm_autoencoder,residual,pr_auc,0.1135811015230124,0.138022346640306,-0.024441245117293592,0.17708179662376594,SUCCESS
E5_DT15_PD05_SEED123,15,0.05,7.027654109589041,14.0,anomaly_detection,None,lstm_autoencoder,residual,roc_auc,0.6643702654612538,0.7479148404484972,-0.08354457498724344,0.11170332565823243,SUCCESS
E5_DT15_PD05_SEED123,15,0.05,7.027654109589041,14.0,anomaly_detection,None,lstm_autoencoder,residual,detection_latency,0.0,0.0,0.0,0.0,SUCCESS
E5_DT15_PD05_SEED123,15,0.05,7.027654109589041,14.0,anomaly_detection,None,lstm_autoencoder,residual,threshold,0.0003816792741417885,0.0003816792741417885,0.0,0.0,SUCCESS
E5_DT15_PD10_SEED123,15,0.1,7.055764840182649,14.0,load_estimation,persistence,None,raw,mae,1.8401565634088428,0.4383777854014386,1.4017787780074042,3.1976501198019056,SUCCESS
E5_DT15_PD10_SEED123,15,0.1,7.055764840182649,14.0,load_estimation,persistence,None,raw,rmse,2.430843772553818,0.5934701818230634,1.8373735907307547,3.0959829946073807,SUCCESS
E5_DT15_PD10_SEED123,15,0.1,7.055764840182649,14.0,load_estimation,persistence,None,raw,mape,57.148127368014,13.879795520238472,43.26833184777553,3.1173608994948743,SUCCESS
E5_DT15_PD10_SEED123,15,0.1,7.055764840182649,14.0,load_estimation,persistence,None,raw,r2,-0.09107518916658908,0.9349663109259363,-1.0260415000925254,-1.097410129223152,SUCCESS
E5_DT15_PD10_SEED123,15,0.1,7.055764840182649,14.0,load_estimation,xgboost,None,raw,mae,1.4204962215693937,0.2727781880981483,1.1477180334712453,4.207513956571502,SUCCESS
E5_DT15_PD10_SEED123,15,0.1,7.055764840182649,14.0,load_estimation,xgboost,None,raw,rmse,1.8790819344952707,0.40856251653233305,1.4705194179629377,3.599251909949901,SUCCESS
E5_DT15_PD10_SEED123,15,0.1,7.055764840182649,14.0,load_estimation,xgboost,None,raw,mape,44.12923198992794,9.007307051437575,35.121924938490366,3.8992703077536226,SUCCESS
E5_DT15_PD10_SEED123,15,0.1,7.055764840182649,14.0,load_estimation,xgboost,None,raw,r2,0.34802338569422353,0.9691782265733759,-0.6211548408791524,-0.6409087862769121,SUCCESS
E5_DT15_PD10_SEED123,15,0.1,7.055764840182649,14.0,load_estimation,lstm,None,raw,mae,1.5448870855012862,0.27887399652686284,1.2660130889744234,4.539731580360786,SUCCESS
E5_DT15_PD10_SEED123,15,0.1,7.055764840182649,14.0,load_estimation,lstm,None,raw,rmse,2.0027751779271834,0.41518036195795865,1.5875948159692248,3.823867796834729,SUCCESS
E5_DT15_PD10_SEED123,15,0.1,7.055764840182649,14.0,load_estimation,lstm,None,raw,mape,45.213707287519064,9.118982639637075,36.09472464788199,3.958196442988131,SUCCESS
E5_DT15_PD10_SEED123,15,0.1,7.055764840182649,14.0,load_estimation,lstm,None,raw,r2,0.26138126943225526,0.9682583482374255,-0.7068770788051703,-0.7300500740240845,SUCCESS
E5_DT15_PD10_SEED123,15,0.1,7.055764840182649,14.0,anomaly_detection,None,isolation_forest,raw,precision,0.11646586345381527,0.11646586345381527,0.0,0.0,SUCCESS
E5_DT15_PD10_SEED123,15,0.1,7.055764840182649,14.0,anomaly_detection,None,isolation_forest,raw,recall,0.11885245901639344,0.11885245901639344,0.0,0.0,SUCCESS
E5_DT15_PD10_SEED123,15,0.1,7.055764840182649,14.0,anomaly_detection,None,isolation_forest,raw,f1,0.11764705882352941,0.11764705882352941,0.0,0.0,SUCCESS
E5_DT15_PD10_SEED123,15,0.1,7.055764840182649,14.0,anomaly_detection,None,isolation_forest,raw,false_positive_rate,0.04389465283320032,0.04389465283320032,0.0,0.0,SUCCESS
E5_DT15_PD10_SEED123,15,0.1,7.055764840182649,14.0,anomaly_detection,None,isolation_forest,raw,pr_auc,0.09385708598261007,0.09385708598261007,0.0,0.0,SUCCESS
E5_DT15_PD10_SEED123,15,0.1,7.055764840182649,14.0,anomaly_detection,None,isolation_forest,raw,roc_auc,0.7138596875695052,0.7138596875695052,0.0,0.0,SUCCESS
E5_DT15_PD10_SEED123,15,0.1,7.055764840182649,14.0,anomaly_detection,None,isolation_forest,raw,detection_latency,3.2459016393442623,3.2459016393442623,0.0,0.0,SUCCESS
E5_DT15_PD10_SEED123,15,0.1,7.055764840182649,14.0,anomaly_detection,None,isolation_forest,raw,threshold,0.5031683371451802,0.5031683371451802,0.0,0.0,SUCCESS
E5_DT15_PD10_SEED123,15,0.1,7.055764840182649,14.0,anomaly_detection,None,isolation_forest,residual,precision,0.04642313546423135,0.04642313546423135,0.0,0.0,SUCCESS
E5_DT15_PD10_SEED123,15,0.1,7.055764840182649,14.0,anomaly_detection,None,isolation_forest,residual,recall,1.0,1.0,0.0,0.0,SUCCESS
E5_DT15_PD10_SEED123,15,0.1,7.055764840182649,14.0,anomaly_detection,None,isolation_forest,residual,f1,0.08872727272727272,0.08872727272727272,0.0,0.0,SUCCESS
E5_DT15_PD10_SEED123,15,0.1,7.055764840182649,14.0,anomaly_detection,None,isolation_forest,residual,false_positive_rate,1.0,1.0,0.0,0.0,SUCCESS
E5_DT15_PD10_SEED123,15,0.1,7.055764840182649,14.0,anomaly_detection,None,isolation_forest,residual,pr_auc,0.050806205367124616,0.09188515062218422,-0.041078945255059604,0.44706837804477345,SUCCESS
E5_DT15_PD10_SEED123,15,0.1,7.055764840182649,14.0,anomaly_detection,None,isolation_forest,residual,roc_auc,0.566501870919629,0.6877706618868814,-0.1212687909672524,0.17632155264453203,SUCCESS
E5_DT15_PD10_SEED123,15,0.1,7.055764840182649,14.0,anomaly_detection,None,isolation_forest,residual,detection_latency,0.0,0.0,0.0,0.0,SUCCESS
E5_DT15_PD10_SEED123,15,0.1,7.055764840182649,14.0,anomaly_detection,None,isolation_forest,residual,threshold,0.29376565419608197,0.29376565419608197,0.0,0.0,SUCCESS
E5_DT15_PD10_SEED123,15,0.1,7.055764840182649,14.0,anomaly_detection,None,lstm_autoencoder,raw,precision,0.49825783972125437,0.49825783972125437,0.0,0.0,SUCCESS
E5_DT15_PD10_SEED123,15,0.1,7.055764840182649,14.0,anomaly_detection,None,lstm_autoencoder,raw,recall,0.5860655737704918,0.5860655737704918,0.0,0.0,SUCCESS
E5_DT15_PD10_SEED123,15,0.1,7.055764840182649,14.0,anomaly_detection,None,lstm_autoencoder,raw,f1,0.5386064030131827,0.5386064030131827,0.0,0.0,SUCCESS
E5_DT15_PD10_SEED123,15,0.1,7.055764840182649,14.0,anomaly_detection,None,lstm_autoencoder,raw,false_positive_rate,0.028731045490822026,0.028731045490822026,0.0,0.0,SUCCESS
E5_DT15_PD10_SEED123,15,0.1,7.055764840182649,14.0,anomaly_detection,None,lstm_autoencoder,raw,pr_auc,0.561001698584242,0.561001698584242,0.0,0.0,SUCCESS
E5_DT15_PD10_SEED123,15,0.1,7.055764840182649,14.0,anomaly_detection,None,lstm_autoencoder,raw,roc_auc,0.9493396177043946,0.9493396177043946,0.0,0.0,SUCCESS
E5_DT15_PD10_SEED123,15,0.1,7.055764840182649,14.0,anomaly_detection,None,lstm_autoencoder,raw,detection_latency,1.3442622950819672,1.3442622950819672,0.0,0.0,SUCCESS
E5_DT15_PD10_SEED123,15,0.1,7.055764840182649,14.0,anomaly_detection,None,lstm_autoencoder,raw,threshold,0.0007370078528765589,0.0007370078528765589,0.0,0.0,SUCCESS
E5_DT15_PD10_SEED123,15,0.1,7.055764840182649,14.0,anomaly_detection,None,lstm_autoencoder,residual,precision,0.04642313546423135,0.04642313546423135,0.0,0.0,SUCCESS
E5_DT15_PD10_SEED123,15,0.1,7.055764840182649,14.0,anomaly_detection,None,lstm_autoencoder,residual,recall,1.0,1.0,0.0,0.0,SUCCESS
E5_DT15_PD10_SEED123,15,0.1,7.055764840182649,14.0,anomaly_detection,None,lstm_autoencoder,residual,f1,0.08872727272727272,0.08872727272727272,0.0,0.0,SUCCESS
E5_DT15_PD10_SEED123,15,0.1,7.055764840182649,14.0,anomaly_detection,None,lstm_autoencoder,residual,false_positive_rate,1.0,1.0,0.0,0.0,SUCCESS
E5_DT15_PD10_SEED123,15,0.1,7.055764840182649,14.0,anomaly_detection,None,lstm_autoencoder,residual,pr_auc,0.10304733119305996,0.138022346640306,-0.03497501544724603,0.25340110712936137,SUCCESS
E5_DT15_PD10_SEED123,15,0.1,7.055764840182649,14.0,anomaly_detection,None,lstm_autoencoder,residual,roc_auc,0.6325482775764395,0.7479148404484972,-0.11536656287205771,0.15425093424122538,SUCCESS
E5_DT15_PD10_SEED123,15,0.1,7.055764840182649,14.0,anomaly_detection,None,lstm_autoencoder,residual,detection_latency,0.0,0.0,0.0,0.0,SUCCESS
E5_DT15_PD10_SEED123,15,0.1,7.055764840182649,14.0,anomaly_detection,None,lstm_autoencoder,residual,threshold,0.0003816792741417885,0.0003816792741417885,0.0,0.0,SUCCESS
E5_DT15_PD20_SEED123,15,0.2,7.13310502283105,14.0,load_estimation,persistence,None,raw,mae,1.84872201581796,0.4383777854014386,1.4103442304165215,3.2171890943903954,SUCCESS
E5_DT15_PD20_SEED123,15,0.2,7.13310502283105,14.0,load_estimation,persistence,None,raw,rmse,2.446016815945967,0.5934701818230634,1.8525466341229035,3.121549642868527,SUCCESS
E5_DT15_PD20_SEED123,15,0.2,7.13310502283105,14.0,load_estimation,persistence,None,raw,mape,58.68267790596002,13.879795520238472,44.802882385721546,3.2279209243676075,SUCCESS
E5_DT15_PD20_SEED123,15,0.2,7.13310502283105,14.0,load_estimation,persistence,None,raw,r2,-0.1047384268883329,0.9349663109259363,-1.0397047378142692,-1.11202374424016,SUCCESS
E5_DT15_PD20_SEED123,15,0.2,7.13310502283105,14.0,load_estimation,xgboost,None,raw,mae,1.4437455910752717,0.2727781880981483,1.1709674029771233,4.292745732865553,SUCCESS
E5_DT15_PD20_SEED123,15,0.2,7.13310502283105,14.0,load_estimation,xgboost,None,raw,rmse,1.9039264038120725,0.40856251653233305,1.4953638872797395,3.660061378052038,SUCCESS
E5_DT15_PD20_SEED123,15,0.2,7.13310502283105,14.0,load_estimation,xgboost,None,raw,mape,45.49999159116828,9.007307051437575,36.4926845397307,4.051453373503731,SUCCESS
E5_DT15_PD20_SEED123,15,0.2,7.13310502283105,14.0,load_estimation,xgboost,None,raw,r2,0.3306690654672365,0.9691782265733759,-0.6385091611061394,-0.6588150080131812,SUCCESS
E5_DT15_PD20_SEED123,15,0.2,7.13310502283105,14.0,load_estimation,lstm,None,raw,mae,1.5386112167984218,0.27887399652686284,1.259737220271559,4.517227263784035,SUCCESS
E5_DT15_PD20_SEED123,15,0.2,7.13310502283105,14.0,load_estimation,lstm,None,raw,rmse,2.0030143624746204,0.41518036195795865,1.5878340005166618,3.8244438947655395,SUCCESS
E5_DT15_PD20_SEED123,15,0.2,7.13310502283105,14.0,load_estimation,lstm,None,raw,mape,44.983662235463065,9.118982639637075,35.86467959582599,3.93296939067902,SUCCESS
E5_DT15_PD20_SEED123,15,0.2,7.13310502283105,14.0,load_estimation,lstm,None,raw,r2,0.261204837511125,0.9682583482374255,-0.7070535107263005,-0.7302322897740973,SUCCESS
E5_DT15_PD20_SEED123,15,0.2,7.13310502283105,14.0,anomaly_detection,None,isolation_forest,raw,precision,0.11646586345381527,0.11646586345381527,0.0,0.0,SUCCESS
E5_DT15_PD20_SEED123,15,0.2,7.13310502283105,14.0,anomaly_detection,None,isolation_forest,raw,recall,0.11885245901639344,0.11885245901639344,0.0,0.0,SUCCESS
E5_DT15_PD20_SEED123,15,0.2,7.13310502283105,14.0,anomaly_detection,None,isolation_forest,raw,f1,0.11764705882352941,0.11764705882352941,0.0,0.0,SUCCESS
E5_DT15_PD20_SEED123,15,0.2,7.13310502283105,14.0,anomaly_detection,None,isolation_forest,raw,false_positive_rate,0.04389465283320032,0.04389465283320032,0.0,0.0,SUCCESS
E5_DT15_PD20_SEED123,15,0.2,7.13310502283105,14.0,anomaly_detection,None,isolation_forest,raw,pr_auc,0.09385708598261007,0.09385708598261007,0.0,0.0,SUCCESS
E5_DT15_PD20_SEED123,15,0.2,7.13310502283105,14.0,anomaly_detection,None,isolation_forest,raw,roc_auc,0.7138596875695052,0.7138596875695052,0.0,0.0,SUCCESS
E5_DT15_PD20_SEED123,15,0.2,7.13310502283105,14.0,anomaly_detection,None,isolation_forest,raw,detection_latency,3.2459016393442623,3.2459016393442623,0.0,0.0,SUCCESS
E5_DT15_PD20_SEED123,15,0.2,7.13310502283105,14.0,anomaly_detection,None,isolation_forest,raw,threshold,0.5031683371451802,0.5031683371451802,0.0,0.0,SUCCESS
E5_DT15_PD20_SEED123,15,0.2,7.13310502283105,14.0,anomaly_detection,None,isolation_forest,residual,precision,0.04642313546423135,0.04642313546423135,0.0,0.0,SUCCESS
E5_DT15_PD20_SEED123,15,0.2,7.13310502283105,14.0,anomaly_detection,None,isolation_forest,residual,recall,1.0,1.0,0.0,0.0,SUCCESS
E5_DT15_PD20_SEED123,15,0.2,7.13310502283105,14.0,anomaly_detection,None,isolation_forest,residual,f1,0.08872727272727272,0.08872727272727272,0.0,0.0,SUCCESS
E5_DT15_PD20_SEED123,15,0.2,7.13310502283105,14.0,anomaly_detection,None,isolation_forest,residual,false_positive_rate,1.0,1.0,0.0,0.0,SUCCESS
E5_DT15_PD20_SEED123,15,0.2,7.13310502283105,14.0,anomaly_detection,None,isolation_forest,residual,pr_auc,0.054029468420514475,0.09188515062218422,-0.037855682201669745,0.411989118430308,SUCCESS
E5_DT15_PD20_SEED123,15,0.2,7.13310502283105,14.0,anomaly_detection,None,isolation_forest,residual,roc_auc,0.5936297966846781,0.6877706618868814,-0.09414086520220333,0.1368782799544404,SUCCESS
E5_DT15_PD20_SEED123,15,0.2,7.13310502283105,14.0,anomaly_detection,None,isolation_forest,residual,detection_latency,0.0,0.0,0.0,0.0,SUCCESS
E5_DT15_PD20_SEED123,15,0.2,7.13310502283105,14.0,anomaly_detection,None,isolation_forest,residual,threshold,0.29376565419608197,0.29376565419608197,0.0,0.0,SUCCESS
E5_DT15_PD20_SEED123,15,0.2,7.13310502283105,14.0,anomaly_detection,None,lstm_autoencoder,raw,precision,0.49825783972125437,0.49825783972125437,0.0,0.0,SUCCESS
E5_DT15_PD20_SEED123,15,0.2,7.13310502283105,14.0,anomaly_detection,None,lstm_autoencoder,raw,recall,0.5860655737704918,0.5860655737704918,0.0,0.0,SUCCESS
E5_DT15_PD20_SEED123,15,0.2,7.13310502283105,14.0,anomaly_detection,None,lstm_autoencoder,raw,f1,0.5386064030131827,0.5386064030131827,0.0,0.0,SUCCESS
E5_DT15_PD20_SEED123,15,0.2,7.13310502283105,14.0,anomaly_detection,None,lstm_autoencoder,raw,false_positive_rate,0.028731045490822026,0.028731045490822026,0.0,0.0,SUCCESS
E5_DT15_PD20_SEED123,15,0.2,7.13310502283105,14.0,anomaly_detection,None,lstm_autoencoder,raw,pr_auc,0.561001698584242,0.561001698584242,0.0,0.0,SUCCESS
E5_DT15_PD20_SEED123,15,0.2,7.13310502283105,14.0,anomaly_detection,None,lstm_autoencoder,raw,roc_auc,0.9493396177043946,0.9493396177043946,0.0,0.0,SUCCESS
E5_DT15_PD20_SEED123,15,0.2,7.13310502283105,14.0,anomaly_detection,None,lstm_autoencoder,raw,detection_latency,1.3442622950819672,1.3442622950819672,0.0,0.0,SUCCESS
E5_DT15_PD20_SEED123,15,0.2,7.13310502283105,14.0,anomaly_detection,None,lstm_autoencoder,raw,threshold,0.0007370078528765589,0.0007370078528765589,0.0,0.0,SUCCESS
E5_DT15_PD20_SEED123,15,0.2,7.13310502283105,14.0,anomaly_detection,None,lstm_autoencoder,residual,precision,0.04642313546423135,0.04642313546423135,0.0,0.0,SUCCESS
E5_DT15_PD20_SEED123,15,0.2,7.13310502283105,14.0,anomaly_detection,None,lstm_autoencoder,residual,recall,1.0,1.0,0.0,0.0,SUCCESS
E5_DT15_PD20_SEED123,15,0.2,7.13310502283105,14.0,anomaly_detection,None,lstm_autoencoder,residual,f1,0.08872727272727272,0.08872727272727272,0.0,0.0,SUCCESS
E5_DT15_PD20_SEED123,15,0.2,7.13310502283105,14.0,anomaly_detection,None,lstm_autoencoder,residual,false_positive_rate,1.0,1.0,0.0,0.0,SUCCESS
E5_DT15_PD20_SEED123,15,0.2,7.13310502283105,14.0,anomaly_detection,None,lstm_autoencoder,residual,pr_auc,0.11913335952174689,0.138022346640306,-0.018888987118559103,0.13685455709418465,SUCCESS
E5_DT15_PD20_SEED123,15,0.2,7.13310502283105,14.0,anomaly_detection,None,lstm_autoencoder,residual,roc_auc,0.6502034461554564,0.7479148404484972,-0.09771139429304077,0.13064508017309406,SUCCESS
E5_DT15_PD20_SEED123,15,0.2,7.13310502283105,14.0,anomaly_detection,None,lstm_autoencoder,residual,detection_latency,0.0,0.0,0.0,0.0,SUCCESS
E5_DT15_PD20_SEED123,15,0.2,7.13310502283105,14.0,anomaly_detection,None,lstm_autoencoder,residual,threshold,0.0003816792741417885,0.0003816792741417885,0.0,0.0,SUCCESS
E5_DT60_PD00_SEED123,60,0.0,29.5,56.049999999995634,load_estimation,persistence,None,raw,mae,2.49722502805871,0.4383777854014386,2.0588472426572713,4.69651362641907,SUCCESS
E5_DT60_PD00_SEED123,60,0.0,29.5,56.049999999995634,load_estimation,persistence,None,raw,rmse,3.1815452722126523,0.5934701818230634,2.588075090389589,4.3609184920451405,SUCCESS
E5_DT60_PD00_SEED123,60,0.0,29.5,56.049999999995634,load_estimation,persistence,None,raw,mape,82.2635610789638,13.879795520238472,68.38376555872533,4.926856844469595,SUCCESS
E5_DT60_PD00_SEED123,60,0.0,29.5,56.049999999995634,load_estimation,persistence,None,raw,r2,-0.8690322654540237,0.9349663109259363,-1.80399857637996,-1.929479763386752,SUCCESS
E5_DT60_PD00_SEED123,60,0.0,29.5,56.049999999995634,load_estimation,xgboost,None,raw,mae,1.863472614454352,0.2727781880981483,1.5906944263562037,5.83145755695047,SUCCESS
E5_DT60_PD00_SEED123,60,0.0,29.5,56.049999999995634,load_estimation,xgboost,None,raw,rmse,2.459209708713853,0.40856251653233305,2.0506471921815197,5.0191760359867335,SUCCESS
E5_DT60_PD00_SEED123,60,0.0,29.5,56.049999999995634,load_estimation,xgboost,None,raw,mape,61.35763348665816,9.007307051437575,52.35032643522058,5.811984218620084,SUCCESS
E5_DT60_PD00_SEED123,60,0.0,29.5,56.049999999995634,load_estimation,xgboost,None,raw,r2,-0.11668765038881612,0.9691782265733759,-1.085865876962192,-1.1203985471293312,SUCCESS
E5_DT60_PD00_SEED123,60,0.0,29.5,56.049999999995634,load_estimation,lstm,None,raw,mae,1.8868379352791187,0.27887399652686284,1.6079639387522557,5.765915642111031,SUCCESS
E5_DT60_PD00_SEED123,60,0.0,29.5,56.049999999995634,load_estimation,lstm,None,raw,rmse,2.3727852747307097,0.41518036195795865,1.957604912772751,4.715071068248115,SUCCESS
E5_DT60_PD00_SEED123,60,0.0,29.5,56.049999999995634,load_estimation,lstm,None,raw,mape,66.01947254610914,9.118982639637075,56.90048990647207,6.239784870205285,SUCCESS
E5_DT60_PD00_SEED123,60,0.0,29.5,56.049999999995634,load_estimation,lstm,None,raw,r2,-0.03674701431296312,0.9682583482374255,-1.0050053625503885,-1.0379516627766294,SUCCESS
E5_DT60_PD00_SEED123,60,0.0,29.5,56.049999999995634,anomaly_detection,None,isolation_forest,raw,precision,0.11646586345381527,0.11646586345381527,0.0,0.0,SUCCESS
E5_DT60_PD00_SEED123,60,0.0,29.5,56.049999999995634,anomaly_detection,None,isolation_forest,raw,recall,0.11885245901639344,0.11885245901639344,0.0,0.0,SUCCESS
E5_DT60_PD00_SEED123,60,0.0,29.5,56.049999999995634,anomaly_detection,None,isolation_forest,raw,f1,0.11764705882352941,0.11764705882352941,0.0,0.0,SUCCESS
E5_DT60_PD00_SEED123,60,0.0,29.5,56.049999999995634,anomaly_detection,None,isolation_forest,raw,false_positive_rate,0.04389465283320032,0.04389465283320032,0.0,0.0,SUCCESS
E5_DT60_PD00_SEED123,60,0.0,29.5,56.049999999995634,anomaly_detection,None,isolation_forest,raw,pr_auc,0.09385708598261007,0.09385708598261007,0.0,0.0,SUCCESS
E5_DT60_PD00_SEED123,60,0.0,29.5,56.049999999995634,anomaly_detection,None,isolation_forest,raw,roc_auc,0.7138596875695052,0.7138596875695052,0.0,0.0,SUCCESS
E5_DT60_PD00_SEED123,60,0.0,29.5,56.049999999995634,anomaly_detection,None,isolation_forest,raw,detection_latency,3.2459016393442623,3.2459016393442623,0.0,0.0,SUCCESS
E5_DT60_PD00_SEED123,60,0.0,29.5,56.049999999995634,anomaly_detection,None,isolation_forest,raw,threshold,0.5031683371451802,0.5031683371451802,0.0,0.0,SUCCESS
E5_DT60_PD00_SEED123,60,0.0,29.5,56.049999999995634,anomaly_detection,None,isolation_forest,residual,precision,0.04642313546423135,0.04642313546423135,0.0,0.0,SUCCESS
E5_DT60_PD00_SEED123,60,0.0,29.5,56.049999999995634,anomaly_detection,None,isolation_forest,residual,recall,1.0,1.0,0.0,0.0,SUCCESS
E5_DT60_PD00_SEED123,60,0.0,29.5,56.049999999995634,anomaly_detection,None,isolation_forest,residual,f1,0.08872727272727272,0.08872727272727272,0.0,0.0,SUCCESS
E5_DT60_PD00_SEED123,60,0.0,29.5,56.049999999995634,anomaly_detection,None,isolation_forest,residual,false_positive_rate,1.0,1.0,0.0,0.0,SUCCESS
E5_DT60_PD00_SEED123,60,0.0,29.5,56.049999999995634,anomaly_detection,None,isolation_forest,residual,pr_auc,0.04620354043279897,0.09188515062218422,-0.04568161018938525,0.4971598770863433,SUCCESS
E5_DT60_PD00_SEED123,60,0.0,29.5,56.049999999995634,anomaly_detection,None,isolation_forest,residual,roc_auc,0.5127096607486294,0.6877706618868814,-0.17506100113825196,0.25453397598841526,SUCCESS
E5_DT60_PD00_SEED123,60,0.0,29.5,56.049999999995634,anomaly_detection,None,isolation_forest,residual,detection_latency,0.0,0.0,0.0,0.0,SUCCESS
E5_DT60_PD00_SEED123,60,0.0,29.5,56.049999999995634,anomaly_detection,None,isolation_forest,residual,threshold,0.29376565419608197,0.29376565419608197,0.0,0.0,SUCCESS
E5_DT60_PD00_SEED123,60,0.0,29.5,56.049999999995634,anomaly_detection,None,lstm_autoencoder,raw,precision,0.49825783972125437,0.49825783972125437,0.0,0.0,SUCCESS
E5_DT60_PD00_SEED123,60,0.0,29.5,56.049999999995634,anomaly_detection,None,lstm_autoencoder,raw,recall,0.5860655737704918,0.5860655737704918,0.0,0.0,SUCCESS
E5_DT60_PD00_SEED123,60,0.0,29.5,56.049999999995634,anomaly_detection,None,lstm_autoencoder,raw,f1,0.5386064030131827,0.5386064030131827,0.0,0.0,SUCCESS
E5_DT60_PD00_SEED123,60,0.0,29.5,56.049999999995634,anomaly_detection,None,lstm_autoencoder,raw,false_positive_rate,0.028731045490822026,0.028731045490822026,0.0,0.0,SUCCESS
E5_DT60_PD00_SEED123,60,0.0,29.5,56.049999999995634,anomaly_detection,None,lstm_autoencoder,raw,pr_auc,0.561001698584242,0.561001698584242,0.0,0.0,SUCCESS
E5_DT60_PD00_SEED123,60,0.0,29.5,56.049999999995634,anomaly_detection,None,lstm_autoencoder,raw,roc_auc,0.9493396177043946,0.9493396177043946,0.0,0.0,SUCCESS
E5_DT60_PD00_SEED123,60,0.0,29.5,56.049999999995634,anomaly_detection,None,lstm_autoencoder,raw,detection_latency,1.3442622950819672,1.3442622950819672,0.0,0.0,SUCCESS
E5_DT60_PD00_SEED123,60,0.0,29.5,56.049999999995634,anomaly_detection,None,lstm_autoencoder,raw,threshold,0.0007370078528765589,0.0007370078528765589,0.0,0.0,SUCCESS
E5_DT60_PD00_SEED123,60,0.0,29.5,56.049999999995634,anomaly_detection,None,lstm_autoencoder,residual,precision,0.04642313546423135,0.04642313546423135,0.0,0.0,SUCCESS
E5_DT60_PD00_SEED123,60,0.0,29.5,56.049999999995634,anomaly_detection,None,lstm_autoencoder,residual,recall,1.0,1.0,0.0,0.0,SUCCESS
E5_DT60_PD00_SEED123,60,0.0,29.5,56.049999999995634,anomaly_detection,None,lstm_autoencoder,residual,f1,0.08872727272727272,0.08872727272727272,0.0,0.0,SUCCESS
E5_DT60_PD00_SEED123,60,0.0,29.5,56.049999999995634,anomaly_detection,None,lstm_autoencoder,residual,false_positive_rate,1.0,1.0,0.0,0.0,SUCCESS
E5_DT60_PD00_SEED123,60,0.0,29.5,56.049999999995634,anomaly_detection,None,lstm_autoencoder,residual,pr_auc,0.11072296207804432,0.138022346640306,-0.027299384562261678,0.1977895987626222,SUCCESS
E5_DT60_PD00_SEED123,60,0.0,29.5,56.049999999995634,anomaly_detection,None,lstm_autoencoder,residual,roc_auc,0.5908058364842411,0.7479148404484972,-0.1571090039642561,0.2100626909208588,SUCCESS
E5_DT60_PD00_SEED123,60,0.0,29.5,56.049999999995634,anomaly_detection,None,lstm_autoencoder,residual,detection_latency,0.0,0.0,0.0,0.0,SUCCESS
E5_DT60_PD00_SEED123,60,0.0,29.5,56.049999999995634,anomaly_detection,None,lstm_autoencoder,residual,threshold,0.0003816792741417885,0.0003816792741417885,0.0,0.0,SUCCESS
E5_DT60_PD05_SEED123,60,0.05,29.51007420091324,57.0,load_estimation,persistence,None,raw,mae,2.5192734090160562,0.4383777854014386,2.0808956236146177,4.746809014761241,SUCCESS
E5_DT60_PD05_SEED123,60,0.05,29.51007420091324,57.0,load_estimation,persistence,None,raw,rmse,3.226887143416609,0.5934701818230634,2.6334169615935457,4.437319754640461,SUCCESS
E5_DT60_PD05_SEED123,60,0.05,29.51007420091324,57.0,load_estimation,persistence,None,raw,mape,83.5028272187026,13.879795520238472,69.62303169846413,5.0161424638385395,SUCCESS
E5_DT60_PD05_SEED123,60,0.05,29.51007420091324,57.0,load_estimation,persistence,None,raw,r2,-0.9226849962380161,0.9349663109259363,-1.8576513071639524,-1.9868644307881453,SUCCESS
E5_DT60_PD05_SEED123,60,0.05,29.51007420091324,57.0,load_estimation,xgboost,None,raw,mae,1.8929988251519894,0.2727781880981483,1.620220637053841,5.939700121737261,SUCCESS
E5_DT60_PD05_SEED123,60,0.05,29.51007420091324,57.0,load_estimation,xgboost,None,raw,rmse,2.508893510589779,0.40856251653233305,2.1003309940574457,5.140782399432936,SUCCESS
E5_DT60_PD05_SEED123,60,0.05,29.51007420091324,57.0,load_estimation,xgboost,None,raw,mape,62.86106728245419,9.007307051437575,53.85376023101661,5.978896902645447,SUCCESS
E5_DT60_PD05_SEED123,60,0.05,29.51007420091324,57.0,load_estimation,xgboost,None,raw,r2,-0.1622646797811389,0.9691782265733759,-1.1314429063545148,-1.167425015680389,SUCCESS
E5_DT60_PD05_SEED123,60,0.05,29.51007420091324,57.0,load_estimation,lstm,None,raw,mae,1.9092180487669017,0.27887399652686284,1.630344052240039,5.846167346344872,SUCCESS
E5_DT60_PD05_SEED123,60,0.05,29.51007420091324,57.0,load_estimation,lstm,None,raw,rmse,2.3849183293369802,0.41518036195795865,1.9697379673790216,4.744294643633646,SUCCESS
E5_DT60_PD05_SEED123,60,0.05,29.51007420091324,57.0,load_estimation,lstm,None,raw,mape,66.34067509464006,9.118982639637075,57.22169245500299,6.275008377171376,SUCCESS
E5_DT60_PD05_SEED123,60,0.05,29.51007420091324,57.0,load_estimation,lstm,None,raw,r2,-0.04737677412345653,0.9682583482374255,-1.015635122360882,-1.0489298896412296,SUCCESS
E5_DT60_PD05_SEED123,60,0.05,29.51007420091324,57.0,anomaly_detection,None,isolation_forest,raw,precision,0.11646586345381527,0.11646586345381527,0.0,0.0,SUCCESS
E5_DT60_PD05_SEED123,60,0.05,29.51007420091324,57.0,anomaly_detection,None,isolation_forest,raw,recall,0.11885245901639344,0.11885245901639344,0.0,0.0,SUCCESS
E5_DT60_PD05_SEED123,60,0.05,29.51007420091324,57.0,anomaly_detection,None,isolation_forest,raw,f1,0.11764705882352941,0.11764705882352941,0.0,0.0,SUCCESS
E5_DT60_PD05_SEED123,60,0.05,29.51007420091324,57.0,anomaly_detection,None,isolation_forest,raw,false_positive_rate,0.04389465283320032,0.04389465283320032,0.0,0.0,SUCCESS
E5_DT60_PD05_SEED123,60,0.05,29.51007420091324,57.0,anomaly_detection,None,isolation_forest,raw,pr_auc,0.09385708598261007,0.09385708598261007,0.0,0.0,SUCCESS
E5_DT60_PD05_SEED123,60,0.05,29.51007420091324,57.0,anomaly_detection,None,isolation_forest,raw,roc_auc,0.7138596875695052,0.7138596875695052,0.0,0.0,SUCCESS
E5_DT60_PD05_SEED123,60,0.05,29.51007420091324,57.0,anomaly_detection,None,isolation_forest,raw,detection_latency,3.2459016393442623,3.2459016393442623,0.0,0.0,SUCCESS
E5_DT60_PD05_SEED123,60,0.05,29.51007420091324,57.0,anomaly_detection,None,isolation_forest,raw,threshold,0.5031683371451802,0.5031683371451802,0.0,0.0,SUCCESS
E5_DT60_PD05_SEED123,60,0.05,29.51007420091324,57.0,anomaly_detection,None,isolation_forest,residual,precision,0.04642313546423135,0.04642313546423135,0.0,0.0,SUCCESS
E5_DT60_PD05_SEED123,60,0.05,29.51007420091324,57.0,anomaly_detection,None,isolation_forest,residual,recall,1.0,1.0,0.0,0.0,SUCCESS
E5_DT60_PD05_SEED123,60,0.05,29.51007420091324,57.0,anomaly_detection,None,isolation_forest,residual,f1,0.08872727272727272,0.08872727272727272,0.0,0.0,SUCCESS
E5_DT60_PD05_SEED123,60,0.05,29.51007420091324,57.0,anomaly_detection,None,isolation_forest,residual,false_positive_rate,1.0,1.0,0.0,0.0,SUCCESS
E5_DT60_PD05_SEED123,60,0.05,29.51007420091324,57.0,anomaly_detection,None,isolation_forest,residual,pr_auc,0.046592642083184116,0.09188515062218422,-0.045292508539000104,0.4929252249390659,SUCCESS
E5_DT60_PD05_SEED123,60,0.05,29.51007420091324,57.0,anomaly_detection,None,isolation_forest,residual,roc_auc,0.5329124036738058,0.6877706618868814,-0.15485825821307564,0.2251597324436985,SUCCESS
E5_DT60_PD05_SEED123,60,0.05,29.51007420091324,57.0,anomaly_detection,None,isolation_forest,residual,detection_latency,0.0,0.0,0.0,0.0,SUCCESS
E5_DT60_PD05_SEED123,60,0.05,29.51007420091324,57.0,anomaly_detection,None,isolation_forest,residual,threshold,0.29376565419608197,0.29376565419608197,0.0,0.0,SUCCESS
E5_DT60_PD05_SEED123,60,0.05,29.51007420091324,57.0,anomaly_detection,None,lstm_autoencoder,raw,precision,0.49825783972125437,0.49825783972125437,0.0,0.0,SUCCESS
E5_DT60_PD05_SEED123,60,0.05,29.51007420091324,57.0,anomaly_detection,None,lstm_autoencoder,raw,recall,0.5860655737704918,0.5860655737704918,0.0,0.0,SUCCESS
E5_DT60_PD05_SEED123,60,0.05,29.51007420091324,57.0,anomaly_detection,None,lstm_autoencoder,raw,f1,0.5386064030131827,0.5386064030131827,0.0,0.0,SUCCESS
E5_DT60_PD05_SEED123,60,0.05,29.51007420091324,57.0,anomaly_detection,None,lstm_autoencoder,raw,false_positive_rate,0.028731045490822026,0.028731045490822026,0.0,0.0,SUCCESS
E5_DT60_PD05_SEED123,60,0.05,29.51007420091324,57.0,anomaly_detection,None,lstm_autoencoder,raw,pr_auc,0.561001698584242,0.561001698584242,0.0,0.0,SUCCESS
E5_DT60_PD05_SEED123,60,0.05,29.51007420091324,57.0,anomaly_detection,None,lstm_autoencoder,raw,roc_auc,0.9493396177043946,0.9493396177043946,0.0,0.0,SUCCESS
E5_DT60_PD05_SEED123,60,0.05,29.51007420091324,57.0,anomaly_detection,None,lstm_autoencoder,raw,detection_latency,1.3442622950819672,1.3442622950819672,0.0,0.0,SUCCESS
E5_DT60_PD05_SEED123,60,0.05,29.51007420091324,57.0,anomaly_detection,None,lstm_autoencoder,raw,threshold,0.0007370078528765589,0.0007370078528765589,0.0,0.0,SUCCESS
E5_DT60_PD05_SEED123,60,0.05,29.51007420091324,57.0,anomaly_detection,None,lstm_autoencoder,residual,precision,0.04642313546423135,0.04642313546423135,0.0,0.0,SUCCESS
E5_DT60_PD05_SEED123,60,0.05,29.51007420091324,57.0,anomaly_detection,None,lstm_autoencoder,residual,recall,1.0,1.0,0.0,0.0,SUCCESS
E5_DT60_PD05_SEED123,60,0.05,29.51007420091324,57.0,anomaly_detection,None,lstm_autoencoder,residual,f1,0.08872727272727272,0.08872727272727272,0.0,0.0,SUCCESS
E5_DT60_PD05_SEED123,60,0.05,29.51007420091324,57.0,anomaly_detection,None,lstm_autoencoder,residual,false_positive_rate,1.0,1.0,0.0,0.0,SUCCESS
E5_DT60_PD05_SEED123,60,0.05,29.51007420091324,57.0,anomaly_detection,None,lstm_autoencoder,residual,pr_auc,0.10110225807144024,0.138022346640306,-0.03692008856886575,0.26749355787350565,SUCCESS
E5_DT60_PD05_SEED123,60,0.05,29.51007420091324,57.0,anomaly_detection,None,lstm_autoencoder,residual,roc_auc,0.5776497062787016,0.7479148404484972,-0.1702651341697956,0.22765310294911895,SUCCESS
E5_DT60_PD05_SEED123,60,0.05,29.51007420091324,57.0,anomaly_detection,None,lstm_autoencoder,residual,detection_latency,0.0,0.0,0.0,0.0,SUCCESS
E5_DT60_PD05_SEED123,60,0.05,29.51007420091324,57.0,anomaly_detection,None,lstm_autoencoder,residual,threshold,0.0003816792741417885,0.0003816792741417885,0.0,0.0,SUCCESS
E5_DT60_PD10_SEED123,60,0.1,29.552511415525114,57.0,load_estimation,persistence,None,raw,mae,2.5548572575664954,0.4383777854014386,2.116479472165057,4.827980665641894,SUCCESS
E5_DT60_PD10_SEED123,60,0.1,29.552511415525114,57.0,load_estimation,persistence,None,raw,rmse,3.2889704715467087,0.5934701818230634,2.695500289723645,4.541930449552525,SUCCESS
E5_DT60_PD10_SEED123,60,0.1,29.552511415525114,57.0,load_estimation,persistence,None,raw,mape,84.68264192504104,13.879795520238472,70.80284640480257,5.1011447756246255,SUCCESS
E5_DT60_PD10_SEED123,60,0.1,29.552511415525114,57.0,load_estimation,persistence,None,raw,r2,-0.9973792442985587,0.9349663109259363,-1.932345555224495,-2.0667542056256685,SUCCESS
E5_DT60_PD10_SEED123,60,0.1,29.552511415525114,57.0,load_estimation,xgboost,None,raw,mae,1.9074991632088498,0.2727781880981483,1.6347209751107015,5.992858103898368,SUCCESS
E5_DT60_PD10_SEED123,60,0.1,29.552511415525114,57.0,load_estimation,xgboost,None,raw,rmse,2.4967370309888626,0.40856251653233305,2.0881745144565294,5.11102812901162,SUCCESS
E5_DT60_PD10_SEED123,60,0.1,29.552511415525114,57.0,load_estimation,xgboost,None,raw,mape,63.232159501541254,9.007307051437575,54.22485245010368,6.020095922171249,SUCCESS
E5_DT60_PD10_SEED123,60,0.1,29.552511415525114,57.0,load_estimation,xgboost,None,raw,r2,-0.15102879696067895,0.9691782265733759,-1.1202070235340549,-1.155831809691656,SUCCESS
E5_DT60_PD10_SEED123,60,0.1,29.552511415525114,57.0,load_estimation,lstm,None,raw,mae,1.9004386001897091,0.27887399652686284,1.6215646036628462,5.81468557075255,SUCCESS
E5_DT60_PD10_SEED123,60,0.1,29.552511415525114,57.0,load_estimation,lstm,None,raw,rmse,2.3787543615218123,0.41518036195795865,1.9635739995638537,4.729448161526209,SUCCESS
E5_DT60_PD10_SEED123,60,0.1,29.552511415525114,57.0,load_estimation,lstm,None,raw,mape,65.2218403003744,9.118982639637075,56.10285766073732,6.152315436688906,SUCCESS
E5_DT60_PD10_SEED123,60,0.1,29.552511415525114,57.0,load_estimation,lstm,None,raw,r2,-0.04196975142852777,0.9682583482374255,-1.0102280996659534,-1.0433456127746563,SUCCESS
E5_DT60_PD10_SEED123,60,0.1,29.552511415525114,57.0,anomaly_detection,None,isolation_forest,raw,precision,0.11646586345381527,0.11646586345381527,0.0,0.0,SUCCESS
E5_DT60_PD10_SEED123,60,0.1,29.552511415525114,57.0,anomaly_detection,None,isolation_forest,raw,recall,0.11885245901639344,0.11885245901639344,0.0,0.0,SUCCESS
E5_DT60_PD10_SEED123,60,0.1,29.552511415525114,57.0,anomaly_detection,None,isolation_forest,raw,f1,0.11764705882352941,0.11764705882352941,0.0,0.0,SUCCESS
E5_DT60_PD10_SEED123,60,0.1,29.552511415525114,57.0,anomaly_detection,None,isolation_forest,raw,false_positive_rate,0.04389465283320032,0.04389465283320032,0.0,0.0,SUCCESS
E5_DT60_PD10_SEED123,60,0.1,29.552511415525114,57.0,anomaly_detection,None,isolation_forest,raw,pr_auc,0.09385708598261007,0.09385708598261007,0.0,0.0,SUCCESS
E5_DT60_PD10_SEED123,60,0.1,29.552511415525114,57.0,anomaly_detection,None,isolation_forest,raw,roc_auc,0.7138596875695052,0.7138596875695052,0.0,0.0,SUCCESS
E5_DT60_PD10_SEED123,60,0.1,29.552511415525114,57.0,anomaly_detection,None,isolation_forest,raw,detection_latency,3.2459016393442623,3.2459016393442623,0.0,0.0,SUCCESS
E5_DT60_PD10_SEED123,60,0.1,29.552511415525114,57.0,anomaly_detection,None,isolation_forest,raw,threshold,0.5031683371451802,0.5031683371451802,0.0,0.0,SUCCESS
E5_DT60_PD10_SEED123,60,0.1,29.552511415525114,57.0,anomaly_detection,None,isolation_forest,residual,precision,0.04642313546423135,0.04642313546423135,0.0,0.0,SUCCESS
E5_DT60_PD10_SEED123,60,0.1,29.552511415525114,57.0,anomaly_detection,None,isolation_forest,residual,recall,1.0,1.0,0.0,0.0,SUCCESS
E5_DT60_PD10_SEED123,60,0.1,29.552511415525114,57.0,anomaly_detection,None,isolation_forest,residual,f1,0.08872727272727272,0.08872727272727272,0.0,0.0,SUCCESS
E5_DT60_PD10_SEED123,60,0.1,29.552511415525114,57.0,anomaly_detection,None,isolation_forest,residual,false_positive_rate,1.0,1.0,0.0,0.0,SUCCESS
E5_DT60_PD10_SEED123,60,0.1,29.552511415525114,57.0,anomaly_detection,None,isolation_forest,residual,pr_auc,0.057201125895602736,0.09188515062218422,-0.03468402472658148,0.3774714901344198,SUCCESS
E5_DT60_PD10_SEED123,60,0.1,29.552511415525114,57.0,anomaly_detection,None,isolation_forest,residual,roc_auc,0.516235215809925,0.6877706618868814,-0.17153544607695637,0.24940791397869924,SUCCESS
E5_DT60_PD10_SEED123,60,0.1,29.552511415525114,57.0,anomaly_detection,None,isolation_forest,residual,detection_latency,0.0,0.0,0.0,0.0,SUCCESS
E5_DT60_PD10_SEED123,60,0.1,29.552511415525114,57.0,anomaly_detection,None,isolation_forest,residual,threshold,0.29376565419608197,0.29376565419608197,0.0,0.0,SUCCESS
E5_DT60_PD10_SEED123,60,0.1,29.552511415525114,57.0,anomaly_detection,None,lstm_autoencoder,raw,precision,0.49825783972125437,0.49825783972125437,0.0,0.0,SUCCESS
E5_DT60_PD10_SEED123,60,0.1,29.552511415525114,57.0,anomaly_detection,None,lstm_autoencoder,raw,recall,0.5860655737704918,0.5860655737704918,0.0,0.0,SUCCESS
E5_DT60_PD10_SEED123,60,0.1,29.552511415525114,57.0,anomaly_detection,None,lstm_autoencoder,raw,f1,0.5386064030131827,0.5386064030131827,0.0,0.0,SUCCESS
E5_DT60_PD10_SEED123,60,0.1,29.552511415525114,57.0,anomaly_detection,None,lstm_autoencoder,raw,false_positive_rate,0.028731045490822026,0.028731045490822026,0.0,0.0,SUCCESS
E5_DT60_PD10_SEED123,60,0.1,29.552511415525114,57.0,anomaly_detection,None,lstm_autoencoder,raw,pr_auc,0.561001698584242,0.561001698584242,0.0,0.0,SUCCESS
E5_DT60_PD10_SEED123,60,0.1,29.552511415525114,57.0,anomaly_detection,None,lstm_autoencoder,raw,roc_auc,0.9493396177043946,0.9493396177043946,0.0,0.0,SUCCESS
E5_DT60_PD10_SEED123,60,0.1,29.552511415525114,57.0,anomaly_detection,None,lstm_autoencoder,raw,detection_latency,1.3442622950819672,1.3442622950819672,0.0,0.0,SUCCESS
E5_DT60_PD10_SEED123,60,0.1,29.552511415525114,57.0,anomaly_detection,None,lstm_autoencoder,raw,threshold,0.0007370078528765589,0.0007370078528765589,0.0,0.0,SUCCESS
E5_DT60_PD10_SEED123,60,0.1,29.552511415525114,57.0,anomaly_detection,None,lstm_autoencoder,residual,precision,0.04642313546423135,0.04642313546423135,0.0,0.0,SUCCESS
E5_DT60_PD10_SEED123,60,0.1,29.552511415525114,57.0,anomaly_detection,None,lstm_autoencoder,residual,recall,1.0,1.0,0.0,0.0,SUCCESS
E5_DT60_PD10_SEED123,60,0.1,29.552511415525114,57.0,anomaly_detection,None,lstm_autoencoder,residual,f1,0.08872727272727272,0.08872727272727272,0.0,0.0,SUCCESS
E5_DT60_PD10_SEED123,60,0.1,29.552511415525114,57.0,anomaly_detection,None,lstm_autoencoder,residual,false_positive_rate,1.0,1.0,0.0,0.0,SUCCESS
E5_DT60_PD10_SEED123,60,0.1,29.552511415525114,57.0,anomaly_detection,None,lstm_autoencoder,residual,pr_auc,0.11931198288317041,0.138022346640306,-0.018710363757135584,0.1355603944765252,SUCCESS
E5_DT60_PD10_SEED123,60,0.1,29.552511415525114,57.0,anomaly_detection,None,lstm_autoencoder,residual,roc_auc,0.5998971321287925,0.7479148404484972,-0.14801770831970473,0.19790716845643003,SUCCESS
E5_DT60_PD10_SEED123,60,0.1,29.552511415525114,57.0,anomaly_detection,None,lstm_autoencoder,residual,detection_latency,0.0,0.0,0.0,0.0,SUCCESS
E5_DT60_PD10_SEED123,60,0.1,29.552511415525114,57.0,anomaly_detection,None,lstm_autoencoder,residual,threshold,0.0003816792741417885,0.0003816792741417885,0.0,0.0,SUCCESS
E5_DT60_PD20_SEED123,60,0.2,29.608561643835618,57.0,load_estimation,persistence,None,raw,mae,2.49395076674232,0.4383777854014386,2.0555729813408816,4.689044586186132,SUCCESS
E5_DT60_PD20_SEED123,60,0.2,29.608561643835618,57.0,load_estimation,persistence,None,raw,rmse,3.223831043449164,0.5934701818230634,2.6303608616261007,4.432170212066886,SUCCESS
E5_DT60_PD20_SEED123,60,0.2,29.608561643835618,57.0,load_estimation,persistence,None,raw,mape,81.85081927978743,13.879795520238472,67.97102375954896,4.897119965523896,SUCCESS
E5_DT60_PD20_SEED123,60,0.2,29.608561643835618,57.0,load_estimation,persistence,None,raw,r2,-0.9190448719759183,0.9349663109259363,-1.8540111829018546,-1.9829711094785327,SUCCESS
E5_DT60_PD20_SEED123,60,0.2,29.608561643835618,57.0,load_estimation,xgboost,None,raw,mae,1.8969937497622347,0.2727781880981483,1.6242155616640863,5.954345444510679,SUCCESS
E5_DT60_PD20_SEED123,60,0.2,29.608561643835618,57.0,load_estimation,xgboost,None,raw,rmse,2.5120134244607732,0.40856251653233305,2.10345090792844,5.148418718832656,SUCCESS
E5_DT60_PD20_SEED123,60,0.2,29.608561643835618,57.0,load_estimation,xgboost,None,raw,mape,61.52121045292341,9.007307051437575,52.513903401485834,5.830144692703083,SUCCESS
E5_DT60_PD20_SEED123,60,0.2,29.608561643835618,57.0,load_estimation,xgboost,None,raw,r2,-0.16515712645147418,0.9691782265733759,-1.1343353530248501,-1.1704094478426361,SUCCESS
E5_DT60_PD20_SEED123,60,0.2,29.608561643835618,57.0,load_estimation,lstm,None,raw,mae,1.882675555042571,0.27887399652686284,1.6038015585157082,5.750989975722675,SUCCESS
E5_DT60_PD20_SEED123,60,0.2,29.608561643835618,57.0,load_estimation,lstm,None,raw,rmse,2.360979561664432,0.41518036195795865,1.9457991997064732,4.68663592499952,SUCCESS
E5_DT60_PD20_SEED123,60,0.2,29.608561643835618,57.0,load_estimation,lstm,None,raw,mape,64.7534517198715,9.118982639637075,55.63446908023443,6.100951309898384,SUCCESS
E5_DT60_PD20_SEED123,60,0.2,29.608561643835618,57.0,load_estimation,lstm,None,raw,r2,-0.026456079688803147,0.9682583482374255,-0.9947144279262287,-1.0273233685379142,SUCCESS
E5_DT60_PD20_SEED123,60,0.2,29.608561643835618,57.0,anomaly_detection,None,isolation_forest,raw,precision,0.11646586345381527,0.11646586345381527,0.0,0.0,SUCCESS
E5_DT60_PD20_SEED123,60,0.2,29.608561643835618,57.0,anomaly_detection,None,isolation_forest,raw,recall,0.11885245901639344,0.11885245901639344,0.0,0.0,SUCCESS
E5_DT60_PD20_SEED123,60,0.2,29.608561643835618,57.0,anomaly_detection,None,isolation_forest,raw,f1,0.11764705882352941,0.11764705882352941,0.0,0.0,SUCCESS
E5_DT60_PD20_SEED123,60,0.2,29.608561643835618,57.0,anomaly_detection,None,isolation_forest,raw,false_positive_rate,0.04389465283320032,0.04389465283320032,0.0,0.0,SUCCESS
E5_DT60_PD20_SEED123,60,0.2,29.608561643835618,57.0,anomaly_detection,None,isolation_forest,raw,pr_auc,0.09385708598261007,0.09385708598261007,0.0,0.0,SUCCESS
E5_DT60_PD20_SEED123,60,0.2,29.608561643835618,57.0,anomaly_detection,None,isolation_forest,raw,roc_auc,0.7138596875695052,0.7138596875695052,0.0,0.0,SUCCESS
E5_DT60_PD20_SEED123,60,0.2,29.608561643835618,57.0,anomaly_detection,None,isolation_forest,raw,detection_latency,3.2459016393442623,3.2459016393442623,0.0,0.0,SUCCESS
E5_DT60_PD20_SEED123,60,0.2,29.608561643835618,57.0,anomaly_detection,None,isolation_forest,raw,threshold,0.5031683371451802,0.5031683371451802,0.0,0.0,SUCCESS
E5_DT60_PD20_SEED123,60,0.2,29.608561643835618,57.0,anomaly_detection,None,isolation_forest,residual,precision,0.04642313546423135,0.04642313546423135,0.0,0.0,SUCCESS
E5_DT60_PD20_SEED123,60,0.2,29.608561643835618,57.0,anomaly_detection,None,isolation_forest,residual,recall,1.0,1.0,0.0,0.0,SUCCESS
E5_DT60_PD20_SEED123,60,0.2,29.608561643835618,57.0,anomaly_detection,None,isolation_forest,residual,f1,0.08872727272727272,0.08872727272727272,0.0,0.0,SUCCESS
E5_DT60_PD20_SEED123,60,0.2,29.608561643835618,57.0,anomaly_detection,None,isolation_forest,residual,false_positive_rate,1.0,1.0,0.0,0.0,SUCCESS
E5_DT60_PD20_SEED123,60,0.2,29.608561643835618,57.0,anomaly_detection,None,isolation_forest,residual,pr_auc,0.05780577212436548,0.09188515062218422,-0.03407937849781874,0.3708910337204237,SUCCESS
E5_DT60_PD20_SEED123,60,0.2,29.608561643835618,57.0,anomaly_detection,None,isolation_forest,residual,roc_auc,0.5663955686679838,0.6877706618868814,-0.12137509321889761,0.1764761132525021,SUCCESS
E5_DT60_PD20_SEED123,60,0.2,29.608561643835618,57.0,anomaly_detection,None,isolation_forest,residual,detection_latency,0.0,0.0,0.0,0.0,SUCCESS
E5_DT60_PD20_SEED123,60,0.2,29.608561643835618,57.0,anomaly_detection,None,isolation_forest,residual,threshold,0.29376565419608197,0.29376565419608197,0.0,0.0,SUCCESS
E5_DT60_PD20_SEED123,60,0.2,29.608561643835618,57.0,anomaly_detection,None,lstm_autoencoder,raw,precision,0.49825783972125437,0.49825783972125437,0.0,0.0,SUCCESS
E5_DT60_PD20_SEED123,60,0.2,29.608561643835618,57.0,anomaly_detection,None,lstm_autoencoder,raw,recall,0.5860655737704918,0.5860655737704918,0.0,0.0,SUCCESS
E5_DT60_PD20_SEED123,60,0.2,29.608561643835618,57.0,anomaly_detection,None,lstm_autoencoder,raw,f1,0.5386064030131827,0.5386064030131827,0.0,0.0,SUCCESS
E5_DT60_PD20_SEED123,60,0.2,29.608561643835618,57.0,anomaly_detection,None,lstm_autoencoder,raw,false_positive_rate,0.028731045490822026,0.028731045490822026,0.0,0.0,SUCCESS
E5_DT60_PD20_SEED123,60,0.2,29.608561643835618,57.0,anomaly_detection,None,lstm_autoencoder,raw,pr_auc,0.561001698584242,0.561001698584242,0.0,0.0,SUCCESS
E5_DT60_PD20_SEED123,60,0.2,29.608561643835618,57.0,anomaly_detection,None,lstm_autoencoder,raw,roc_auc,0.9493396177043946,0.9493396177043946,0.0,0.0,SUCCESS
E5_DT60_PD20_SEED123,60,0.2,29.608561643835618,57.0,anomaly_detection,None,lstm_autoencoder,raw,detection_latency,1.3442622950819672,1.3442622950819672,0.0,0.0,SUCCESS
E5_DT60_PD20_SEED123,60,0.2,29.608561643835618,57.0,anomaly_detection,None,lstm_autoencoder,raw,threshold,0.0007370078528765589,0.0007370078528765589,0.0,0.0,SUCCESS
E5_DT60_PD20_SEED123,60,0.2,29.608561643835618,57.0,anomaly_detection,None,lstm_autoencoder,residual,precision,0.04642313546423135,0.04642313546423135,0.0,0.0,SUCCESS
E5_DT60_PD20_SEED123,60,0.2,29.608561643835618,57.0,anomaly_detection,None,lstm_autoencoder,residual,recall,1.0,1.0,0.0,0.0,SUCCESS
E5_DT60_PD20_SEED123,60,0.2,29.608561643835618,57.0,anomaly_detection,None,lstm_autoencoder,residual,f1,0.08872727272727272,0.08872727272727272,0.0,0.0,SUCCESS
E5_DT60_PD20_SEED123,60,0.2,29.608561643835618,57.0,anomaly_detection,None,lstm_autoencoder,residual,false_positive_rate,1.0,1.0,0.0,0.0,SUCCESS
E5_DT60_PD20_SEED123,60,0.2,29.608561643835618,57.0,anomaly_detection,None,lstm_autoencoder,residual,pr_auc,0.10966566266576444,0.138022346640306,-0.028356683974541552,0.2054499482496169,SUCCESS
E5_DT60_PD20_SEED123,60,0.2,29.608561643835618,57.0,anomaly_detection,None,lstm_autoencoder,residual,roc_auc,0.6086511225517774,0.7479148404484972,-0.13926371789671976,0.18620264014711674,SUCCESS
E5_DT60_PD20_SEED123,60,0.2,29.608561643835618,57.0,anomaly_detection,None,lstm_autoencoder,residual,detection_latency,0.0,0.0,0.0,0.0,SUCCESS
E5_DT60_PD20_SEED123,60,0.2,29.608561643835618,57.0,anomaly_detection,None,lstm_autoencoder,residual,threshold,0.0003816792741417885,0.0003816792741417885,0.0,0.0,SUCCESS
E5_DT300_PD00_SEED123,300,0.0,149.2945205479452,284.0,load_estimation,persistence,None,raw,mae,2.5638496218932456,0.4383777854014386,2.125471836491807,4.848493485009589,SUCCESS
E5_DT300_PD00_SEED123,300,0.0,149.2945205479452,284.0,load_estimation,persistence,None,raw,rmse,3.2333669543911223,0.5934701818230634,2.6398967725680587,4.44823826608885,SUCCESS
E5_DT300_PD00_SEED123,300,0.0,149.2945205479452,284.0,load_estimation,persistence,None,raw,mape,85.09615099658723,13.879795520238472,71.21635547634875,5.130936934373883,SUCCESS
E5_DT300_PD00_SEED123,300,0.0,149.2945205479452,284.0,load_estimation,persistence,None,raw,r2,-0.9304145161638973,0.9349663109259363,-1.8653808270898335,-1.9951315948940116,SUCCESS
E5_DT300_PD00_SEED123,300,0.0,149.2945205479452,284.0,load_estimation,xgboost,None,raw,mae,1.9431294250660653,0.2727781880981483,1.670351236967917,6.123478011984258,SUCCESS
E5_DT300_PD00_SEED123,300,0.0,149.2945205479452,284.0,load_estimation,xgboost,None,raw,rmse,2.504715872534861,0.40856251653233305,2.0961533560025276,5.13055718814734,SUCCESS
E5_DT300_PD00_SEED123,300,0.0,149.2945205479452,284.0,load_estimation,xgboost,None,raw,mape,65.12087781030785,9.007307051437575,56.11357075887027,6.229783268009553,SUCCESS
E5_DT300_PD00_SEED123,300,0.0,149.2945205479452,284.0,load_estimation,xgboost,None,raw,r2,-0.158397254882773,0.9691782265733759,-1.127575481456149,-1.1634345990652328,SUCCESS
E5_DT300_PD00_SEED123,300,0.0,149.2945205479452,284.0,load_estimation,lstm,None,raw,mae,1.9482749505774732,0.27887399652686284,1.6694009540506105,5.9862194928231816,SUCCESS
E5_DT300_PD00_SEED123,300,0.0,149.2945205479452,284.0,load_estimation,lstm,None,raw,rmse,2.4248268613935404,0.41518036195795865,2.009646499435582,4.840418005221258,SUCCESS
E5_DT300_PD00_SEED123,300,0.0,149.2945205479452,284.0,load_estimation,lstm,None,raw,mape,66.9766132731808,9.118982639637075,57.85763063354373,6.34474622005053,SUCCESS
E5_DT300_PD00_SEED123,300,0.0,149.2945205479452,284.0,load_estimation,lstm,None,raw,r2,-0.08272305619747033,0.9682583482374255,-1.050981404434896,-1.0854349010757882,SUCCESS
E5_DT300_PD00_SEED123,300,0.0,149.2945205479452,284.0,anomaly_detection,None,isolation_forest,raw,precision,0.11646586345381527,0.11646586345381527,0.0,0.0,SUCCESS
E5_DT300_PD00_SEED123,300,0.0,149.2945205479452,284.0,anomaly_detection,None,isolation_forest,raw,recall,0.11885245901639344,0.11885245901639344,0.0,0.0,SUCCESS
E5_DT300_PD00_SEED123,300,0.0,149.2945205479452,284.0,anomaly_detection,None,isolation_forest,raw,f1,0.11764705882352941,0.11764705882352941,0.0,0.0,SUCCESS
E5_DT300_PD00_SEED123,300,0.0,149.2945205479452,284.0,anomaly_detection,None,isolation_forest,raw,false_positive_rate,0.04389465283320032,0.04389465283320032,0.0,0.0,SUCCESS
E5_DT300_PD00_SEED123,300,0.0,149.2945205479452,284.0,anomaly_detection,None,isolation_forest,raw,pr_auc,0.09385708598261007,0.09385708598261007,0.0,0.0,SUCCESS
E5_DT300_PD00_SEED123,300,0.0,149.2945205479452,284.0,anomaly_detection,None,isolation_forest,raw,roc_auc,0.7138596875695052,0.7138596875695052,0.0,0.0,SUCCESS
E5_DT300_PD00_SEED123,300,0.0,149.2945205479452,284.0,anomaly_detection,None,isolation_forest,raw,detection_latency,3.2459016393442623,3.2459016393442623,0.0,0.0,SUCCESS
E5_DT300_PD00_SEED123,300,0.0,149.2945205479452,284.0,anomaly_detection,None,isolation_forest,raw,threshold,0.5031683371451802,0.5031683371451802,0.0,0.0,SUCCESS
E5_DT300_PD00_SEED123,300,0.0,149.2945205479452,284.0,anomaly_detection,None,isolation_forest,residual,precision,0.04642313546423135,0.04642313546423135,0.0,0.0,SUCCESS
E5_DT300_PD00_SEED123,300,0.0,149.2945205479452,284.0,anomaly_detection,None,isolation_forest,residual,recall,1.0,1.0,0.0,0.0,SUCCESS
E5_DT300_PD00_SEED123,300,0.0,149.2945205479452,284.0,anomaly_detection,None,isolation_forest,residual,f1,0.08872727272727272,0.08872727272727272,0.0,0.0,SUCCESS
E5_DT300_PD00_SEED123,300,0.0,149.2945205479452,284.0,anomaly_detection,None,isolation_forest,residual,false_positive_rate,1.0,1.0,0.0,0.0,SUCCESS
E5_DT300_PD00_SEED123,300,0.0,149.2945205479452,284.0,anomaly_detection,None,isolation_forest,residual,pr_auc,0.04864528654639287,0.09188515062218422,-0.04323986407579135,0.470585984601431,SUCCESS
E5_DT300_PD00_SEED123,300,0.0,149.2945205479452,284.0,anomaly_detection,None,isolation_forest,residual,roc_auc,0.5400048081326129,0.6877706618868814,-0.14776585375426854,0.21484756757270898,SUCCESS
E5_DT300_PD00_SEED123,300,0.0,149.2945205479452,284.0,anomaly_detection,None,isolation_forest,residual,detection_latency,0.0,0.0,0.0,0.0,SUCCESS
E5_DT300_PD00_SEED123,300,0.0,149.2945205479452,284.0,anomaly_detection,None,isolation_forest,residual,threshold,0.29376565419608197,0.29376565419608197,0.0,0.0,SUCCESS
E5_DT300_PD00_SEED123,300,0.0,149.2945205479452,284.0,anomaly_detection,None,lstm_autoencoder,raw,precision,0.49825783972125437,0.49825783972125437,0.0,0.0,SUCCESS
E5_DT300_PD00_SEED123,300,0.0,149.2945205479452,284.0,anomaly_detection,None,lstm_autoencoder,raw,recall,0.5860655737704918,0.5860655737704918,0.0,0.0,SUCCESS
E5_DT300_PD00_SEED123,300,0.0,149.2945205479452,284.0,anomaly_detection,None,lstm_autoencoder,raw,f1,0.5386064030131827,0.5386064030131827,0.0,0.0,SUCCESS
E5_DT300_PD00_SEED123,300,0.0,149.2945205479452,284.0,anomaly_detection,None,lstm_autoencoder,raw,false_positive_rate,0.028731045490822026,0.028731045490822026,0.0,0.0,SUCCESS
E5_DT300_PD00_SEED123,300,0.0,149.2945205479452,284.0,anomaly_detection,None,lstm_autoencoder,raw,pr_auc,0.561001698584242,0.561001698584242,0.0,0.0,SUCCESS
E5_DT300_PD00_SEED123,300,0.0,149.2945205479452,284.0,anomaly_detection,None,lstm_autoencoder,raw,roc_auc,0.9493396177043946,0.9493396177043946,0.0,0.0,SUCCESS
E5_DT300_PD00_SEED123,300,0.0,149.2945205479452,284.0,anomaly_detection,None,lstm_autoencoder,raw,detection_latency,1.3442622950819672,1.3442622950819672,0.0,0.0,SUCCESS
E5_DT300_PD00_SEED123,300,0.0,149.2945205479452,284.0,anomaly_detection,None,lstm_autoencoder,raw,threshold,0.0007370078528765589,0.0007370078528765589,0.0,0.0,SUCCESS
E5_DT300_PD00_SEED123,300,0.0,149.2945205479452,284.0,anomaly_detection,None,lstm_autoencoder,residual,precision,0.04642313546423135,0.04642313546423135,0.0,0.0,SUCCESS
E5_DT300_PD00_SEED123,300,0.0,149.2945205479452,284.0,anomaly_detection,None,lstm_autoencoder,residual,recall,1.0,1.0,0.0,0.0,SUCCESS
E5_DT300_PD00_SEED123,300,0.0,149.2945205479452,284.0,anomaly_detection,None,lstm_autoencoder,residual,f1,0.08872727272727272,0.08872727272727272,0.0,0.0,SUCCESS
E5_DT300_PD00_SEED123,300,0.0,149.2945205479452,284.0,anomaly_detection,None,lstm_autoencoder,residual,false_positive_rate,1.0,1.0,0.0,0.0,SUCCESS
E5_DT300_PD00_SEED123,300,0.0,149.2945205479452,284.0,anomaly_detection,None,lstm_autoencoder,residual,pr_auc,0.08716319358151983,0.138022346640306,-0.05085915305878616,0.36848491781789494,SUCCESS
E5_DT300_PD00_SEED123,300,0.0,149.2945205479452,284.0,anomaly_detection,None,lstm_autoencoder,residual,roc_auc,0.5768581633587586,0.7479148404484972,-0.1710566770897386,0.22871143589979062,SUCCESS
E5_DT300_PD00_SEED123,300,0.0,149.2945205479452,284.0,anomaly_detection,None,lstm_autoencoder,residual,detection_latency,0.0,0.0,0.0,0.0,SUCCESS
E5_DT300_PD00_SEED123,300,0.0,149.2945205479452,284.0,anomaly_detection,None,lstm_autoencoder,residual,threshold,0.0003816792741417885,0.0003816792741417885,0.0,0.0,SUCCESS
E5_DT300_PD05_SEED123,300,0.05,149.30733447488583,284.0,load_estimation,persistence,None,raw,mae,2.4797595431815544,0.4383777854014386,2.041381757780116,4.65667245412709,SUCCESS
E5_DT300_PD05_SEED123,300,0.05,149.30733447488583,284.0,load_estimation,persistence,None,raw,rmse,3.222474999988314,0.5934701818230634,2.6290048181652503,4.429885272566329,SUCCESS
E5_DT300_PD05_SEED123,300,0.05,149.30733447488583,284.0,load_estimation,persistence,None,raw,mape,78.87693007771576,13.879795520238472,64.99713455747728,4.682859661923935,SUCCESS
E5_DT300_PD05_SEED123,300,0.05,149.30733447488583,284.0,load_estimation,persistence,None,raw,r2,-0.9174307917658704,0.9349663109259363,-1.8523971026918067,-1.9812447582815045,SUCCESS
E5_DT300_PD05_SEED123,300,0.05,149.30733447488583,284.0,load_estimation,xgboost,None,raw,mae,1.957989171873126,0.2727781880981483,1.6852109837749776,6.177953580249686,SUCCESS
E5_DT300_PD05_SEED123,300,0.05,149.30733447488583,284.0,load_estimation,xgboost,None,raw,rmse,2.560574120729321,0.40856251653233305,2.152011604196988,5.267276162439343,SUCCESS
E5_DT300_PD05_SEED123,300,0.05,149.30733447488583,284.0,load_estimation,xgboost,None,raw,mape,62.531668575863385,9.007307051437575,53.524361524425814,5.942326737477354,SUCCESS
E5_DT300_PD05_SEED123,300,0.05,149.30733447488583,284.0,load_estimation,xgboost,None,raw,r2,-0.21064074827725365,0.9691782265733759,-1.1798189748506296,-1.217339538282855,SUCCESS
E5_DT300_PD05_SEED123,300,0.05,149.30733447488583,284.0,load_estimation,lstm,None,raw,mae,1.9436221960145383,0.27887399652686284,1.6647481994876756,5.9695354182200235,SUCCESS
E5_DT300_PD05_SEED123,300,0.05,149.30733447488583,284.0,load_estimation,lstm,None,raw,rmse,2.384975028857385,0.41518036195795865,1.9697946668994266,4.744431209631464,SUCCESS
E5_DT300_PD05_SEED123,300,0.05,149.30733447488583,284.0,load_estimation,lstm,None,raw,mape,69.88478626984804,9.118982639637075,60.76580363021096,6.663660413836403,SUCCESS
E5_DT300_PD05_SEED123,300,0.05,149.30733447488583,284.0,load_estimation,lstm,None,raw,r2,-0.04742657580091447,0.9682583482374255,-1.0156849240383399,-1.0489813239279038,SUCCESS
E5_DT300_PD05_SEED123,300,0.05,149.30733447488583,284.0,anomaly_detection,None,isolation_forest,raw,precision,0.11646586345381527,0.11646586345381527,0.0,0.0,SUCCESS
E5_DT300_PD05_SEED123,300,0.05,149.30733447488583,284.0,anomaly_detection,None,isolation_forest,raw,recall,0.11885245901639344,0.11885245901639344,0.0,0.0,SUCCESS
E5_DT300_PD05_SEED123,300,0.05,149.30733447488583,284.0,anomaly_detection,None,isolation_forest,raw,f1,0.11764705882352941,0.11764705882352941,0.0,0.0,SUCCESS
E5_DT300_PD05_SEED123,300,0.05,149.30733447488583,284.0,anomaly_detection,None,isolation_forest,raw,false_positive_rate,0.04389465283320032,0.04389465283320032,0.0,0.0,SUCCESS
E5_DT300_PD05_SEED123,300,0.05,149.30733447488583,284.0,anomaly_detection,None,isolation_forest,raw,pr_auc,0.09385708598261007,0.09385708598261007,0.0,0.0,SUCCESS
E5_DT300_PD05_SEED123,300,0.05,149.30733447488583,284.0,anomaly_detection,None,isolation_forest,raw,roc_auc,0.7138596875695052,0.7138596875695052,0.0,0.0,SUCCESS
E5_DT300_PD05_SEED123,300,0.05,149.30733447488583,284.0,anomaly_detection,None,isolation_forest,raw,detection_latency,3.2459016393442623,3.2459016393442623,0.0,0.0,SUCCESS
E5_DT300_PD05_SEED123,300,0.05,149.30733447488583,284.0,anomaly_detection,None,isolation_forest,raw,threshold,0.5031683371451802,0.5031683371451802,0.0,0.0,SUCCESS
E5_DT300_PD05_SEED123,300,0.05,149.30733447488583,284.0,anomaly_detection,None,isolation_forest,residual,precision,0.04642313546423135,0.04642313546423135,0.0,0.0,SUCCESS
E5_DT300_PD05_SEED123,300,0.05,149.30733447488583,284.0,anomaly_detection,None,isolation_forest,residual,recall,1.0,1.0,0.0,0.0,SUCCESS
E5_DT300_PD05_SEED123,300,0.05,149.30733447488583,284.0,anomaly_detection,None,isolation_forest,residual,f1,0.08872727272727272,0.08872727272727272,0.0,0.0,SUCCESS
E5_DT300_PD05_SEED123,300,0.05,149.30733447488583,284.0,anomaly_detection,None,isolation_forest,residual,false_positive_rate,1.0,1.0,0.0,0.0,SUCCESS
E5_DT300_PD05_SEED123,300,0.05,149.30733447488583,284.0,anomaly_detection,None,isolation_forest,residual,pr_auc,0.044760269317158374,0.09188515062218422,-0.047124881305025845,0.5128672150606268,SUCCESS
E5_DT300_PD05_SEED123,300,0.05,149.30733447488583,284.0,anomaly_detection,None,isolation_forest,residual,roc_auc,0.506684776209229,0.6877706618868814,-0.18108588567765238,0.26329399567705875,SUCCESS
E5_DT300_PD05_SEED123,300,0.05,149.30733447488583,284.0,anomaly_detection,None,isolation_forest,residual,detection_latency,0.0,0.0,0.0,0.0,SUCCESS
E5_DT300_PD05_SEED123,300,0.05,149.30733447488583,284.0,anomaly_detection,None,isolation_forest,residual,threshold,0.29376565419608197,0.29376565419608197,0.0,0.0,SUCCESS
E5_DT300_PD05_SEED123,300,0.05,149.30733447488583,284.0,anomaly_detection,None,lstm_autoencoder,raw,precision,0.49825783972125437,0.49825783972125437,0.0,0.0,SUCCESS
E5_DT300_PD05_SEED123,300,0.05,149.30733447488583,284.0,anomaly_detection,None,lstm_autoencoder,raw,recall,0.5860655737704918,0.5860655737704918,0.0,0.0,SUCCESS
E5_DT300_PD05_SEED123,300,0.05,149.30733447488583,284.0,anomaly_detection,None,lstm_autoencoder,raw,f1,0.5386064030131827,0.5386064030131827,0.0,0.0,SUCCESS
E5_DT300_PD05_SEED123,300,0.05,149.30733447488583,284.0,anomaly_detection,None,lstm_autoencoder,raw,false_positive_rate,0.028731045490822026,0.028731045490822026,0.0,0.0,SUCCESS
E5_DT300_PD05_SEED123,300,0.05,149.30733447488583,284.0,anomaly_detection,None,lstm_autoencoder,raw,pr_auc,0.561001698584242,0.561001698584242,0.0,0.0,SUCCESS
E5_DT300_PD05_SEED123,300,0.05,149.30733447488583,284.0,anomaly_detection,None,lstm_autoencoder,raw,roc_auc,0.9493396177043946,0.9493396177043946,0.0,0.0,SUCCESS
E5_DT300_PD05_SEED123,300,0.05,149.30733447488583,284.0,anomaly_detection,None,lstm_autoencoder,raw,detection_latency,1.3442622950819672,1.3442622950819672,0.0,0.0,SUCCESS
E5_DT300_PD05_SEED123,300,0.05,149.30733447488583,284.0,anomaly_detection,None,lstm_autoencoder,raw,threshold,0.0007370078528765589,0.0007370078528765589,0.0,0.0,SUCCESS
E5_DT300_PD05_SEED123,300,0.05,149.30733447488583,284.0,anomaly_detection,None,lstm_autoencoder,residual,precision,0.04642313546423135,0.04642313546423135,0.0,0.0,SUCCESS
E5_DT300_PD05_SEED123,300,0.05,149.30733447488583,284.0,anomaly_detection,None,lstm_autoencoder,residual,recall,1.0,1.0,0.0,0.0,SUCCESS
E5_DT300_PD05_SEED123,300,0.05,149.30733447488583,284.0,anomaly_detection,None,lstm_autoencoder,residual,f1,0.08872727272727272,0.08872727272727272,0.0,0.0,SUCCESS
E5_DT300_PD05_SEED123,300,0.05,149.30733447488583,284.0,anomaly_detection,None,lstm_autoencoder,residual,false_positive_rate,1.0,1.0,0.0,0.0,SUCCESS
E5_DT300_PD05_SEED123,300,0.05,149.30733447488583,284.0,anomaly_detection,None,lstm_autoencoder,residual,pr_auc,0.10122545243931463,0.138022346640306,-0.03679689420099136,0.26660098959834483,SUCCESS
E5_DT300_PD05_SEED123,300,0.05,149.30733447488583,284.0,anomaly_detection,None,lstm_autoencoder,residual,roc_auc,0.5889283751782608,0.7479148404484972,-0.1589864652702364,0.21257295172121204,SUCCESS
E5_DT300_PD05_SEED123,300,0.05,149.30733447488583,284.0,anomaly_detection,None,lstm_autoencoder,residual,detection_latency,0.0,0.0,0.0,0.0,SUCCESS
E5_DT300_PD05_SEED123,300,0.05,149.30733447488583,284.0,anomaly_detection,None,lstm_autoencoder,residual,threshold,0.0003816792741417885,0.0003816792741417885,0.0,0.0,SUCCESS
E5_DT300_PD10_SEED123,300,0.1,149.31526826484017,284.0,load_estimation,persistence,None,raw,mae,2.441895165218429,0.4383777854014386,2.0035173798169903,4.570298602111637,SUCCESS
E5_DT300_PD10_SEED123,300,0.1,149.31526826484017,284.0,load_estimation,persistence,None,raw,rmse,3.1382103044885374,0.5934701818230634,2.5447401226654742,4.28789887109132,SUCCESS
E5_DT300_PD10_SEED123,300,0.1,149.31526826484017,284.0,load_estimation,persistence,None,raw,mape,79.56149897513497,13.879795520238472,65.68170345489649,4.732180914273872,SUCCESS
E5_DT300_PD10_SEED123,300,0.1,149.31526826484017,284.0,load_estimation,persistence,None,raw,r2,-0.818463850267787,0.9349663109259363,-1.7534301611937233,-1.8753939481062456,SUCCESS
E5_DT300_PD10_SEED123,300,0.1,149.31526826484017,284.0,load_estimation,xgboost,None,raw,mae,1.950032852964314,0.2727781880981483,1.6772546648661657,6.148785856230824,SUCCESS
E5_DT300_PD10_SEED123,300,0.1,149.31526826484017,284.0,load_estimation,xgboost,None,raw,rmse,2.555186627198835,0.40856251653233305,2.146624110666502,5.254089701830543,SUCCESS
E5_DT300_PD10_SEED123,300,0.1,149.31526826484017,284.0,load_estimation,xgboost,None,raw,mape,63.18104086416988,9.007307051437575,54.17373381273231,6.014420681271893,SUCCESS
E5_DT300_PD10_SEED123,300,0.1,149.31526826484017,284.0,load_estimation,xgboost,None,raw,r2,-0.20555168828208226,0.9691782265733759,-1.1747299148554582,-1.2120886361725545,SUCCESS
E5_DT300_PD10_SEED123,300,0.1,149.31526826484017,284.0,load_estimation,lstm,None,raw,mae,1.9803491871602537,0.27887399652686284,1.7014751906333907,6.101232857217989,SUCCESS
E5_DT300_PD10_SEED123,300,0.1,149.31526826484017,284.0,load_estimation,lstm,None,raw,rmse,2.438942516592889,0.41518036195795865,2.0237621546349303,4.874416856064732,SUCCESS
E5_DT300_PD10_SEED123,300,0.1,149.31526826484017,284.0,load_estimation,lstm,None,raw,mape,70.18548325291393,9.118982639637075,61.06650061327685,6.696635252691657,SUCCESS
E5_DT300_PD10_SEED123,300,0.1,149.31526826484017,284.0,load_estimation,lstm,None,raw,r2,-0.09536546797885692,0.9682583482374255,-1.0636238162162823,-1.0984917590976166,SUCCESS
E5_DT300_PD10_SEED123,300,0.1,149.31526826484017,284.0,anomaly_detection,None,isolation_forest,raw,precision,0.11646586345381527,0.11646586345381527,0.0,0.0,SUCCESS
E5_DT300_PD10_SEED123,300,0.1,149.31526826484017,284.0,anomaly_detection,None,isolation_forest,raw,recall,0.11885245901639344,0.11885245901639344,0.0,0.0,SUCCESS
E5_DT300_PD10_SEED123,300,0.1,149.31526826484017,284.0,anomaly_detection,None,isolation_forest,raw,f1,0.11764705882352941,0.11764705882352941,0.0,0.0,SUCCESS
E5_DT300_PD10_SEED123,300,0.1,149.31526826484017,284.0,anomaly_detection,None,isolation_forest,raw,false_positive_rate,0.04389465283320032,0.04389465283320032,0.0,0.0,SUCCESS
E5_DT300_PD10_SEED123,300,0.1,149.31526826484017,284.0,anomaly_detection,None,isolation_forest,raw,pr_auc,0.09385708598261007,0.09385708598261007,0.0,0.0,SUCCESS
E5_DT300_PD10_SEED123,300,0.1,149.31526826484017,284.0,anomaly_detection,None,isolation_forest,raw,roc_auc,0.7138596875695052,0.7138596875695052,0.0,0.0,SUCCESS
E5_DT300_PD10_SEED123,300,0.1,149.31526826484017,284.0,anomaly_detection,None,isolation_forest,raw,detection_latency,3.2459016393442623,3.2459016393442623,0.0,0.0,SUCCESS
E5_DT300_PD10_SEED123,300,0.1,149.31526826484017,284.0,anomaly_detection,None,isolation_forest,raw,threshold,0.5031683371451802,0.5031683371451802,0.0,0.0,SUCCESS
E5_DT300_PD10_SEED123,300,0.1,149.31526826484017,284.0,anomaly_detection,None,isolation_forest,residual,precision,0.04642313546423135,0.04642313546423135,0.0,0.0,SUCCESS
E5_DT300_PD10_SEED123,300,0.1,149.31526826484017,284.0,anomaly_detection,None,isolation_forest,residual,recall,1.0,1.0,0.0,0.0,SUCCESS
E5_DT300_PD10_SEED123,300,0.1,149.31526826484017,284.0,anomaly_detection,None,isolation_forest,residual,f1,0.08872727272727272,0.08872727272727272,0.0,0.0,SUCCESS
E5_DT300_PD10_SEED123,300,0.1,149.31526826484017,284.0,anomaly_detection,None,isolation_forest,residual,false_positive_rate,1.0,1.0,0.0,0.0,SUCCESS
E5_DT300_PD10_SEED123,300,0.1,149.31526826484017,284.0,anomaly_detection,None,isolation_forest,residual,pr_auc,0.044450781222987415,0.09188515062218422,-0.047434369399196805,0.5162354208270137,SUCCESS
E5_DT300_PD10_SEED123,300,0.1,149.31526826484017,284.0,anomaly_detection,None,isolation_forest,residual,roc_auc,0.4982811743618594,0.6877706618868814,-0.18948948752502198,0.2755126062009717,SUCCESS
E5_DT300_PD10_SEED123,300,0.1,149.31526826484017,284.0,anomaly_detection,None,isolation_forest,residual,detection_latency,0.0,0.0,0.0,0.0,SUCCESS
E5_DT300_PD10_SEED123,300,0.1,149.31526826484017,284.0,anomaly_detection,None,isolation_forest,residual,threshold,0.29376565419608197,0.29376565419608197,0.0,0.0,SUCCESS
E5_DT300_PD10_SEED123,300,0.1,149.31526826484017,284.0,anomaly_detection,None,lstm_autoencoder,raw,precision,0.49825783972125437,0.49825783972125437,0.0,0.0,SUCCESS
E5_DT300_PD10_SEED123,300,0.1,149.31526826484017,284.0,anomaly_detection,None,lstm_autoencoder,raw,recall,0.5860655737704918,0.5860655737704918,0.0,0.0,SUCCESS
E5_DT300_PD10_SEED123,300,0.1,149.31526826484017,284.0,anomaly_detection,None,lstm_autoencoder,raw,f1,0.5386064030131827,0.5386064030131827,0.0,0.0,SUCCESS
E5_DT300_PD10_SEED123,300,0.1,149.31526826484017,284.0,anomaly_detection,None,lstm_autoencoder,raw,false_positive_rate,0.028731045490822026,0.028731045490822026,0.0,0.0,SUCCESS
E5_DT300_PD10_SEED123,300,0.1,149.31526826484017,284.0,anomaly_detection,None,lstm_autoencoder,raw,pr_auc,0.561001698584242,0.561001698584242,0.0,0.0,SUCCESS
E5_DT300_PD10_SEED123,300,0.1,149.31526826484017,284.0,anomaly_detection,None,lstm_autoencoder,raw,roc_auc,0.9493396177043946,0.9493396177043946,0.0,0.0,SUCCESS
E5_DT300_PD10_SEED123,300,0.1,149.31526826484017,284.0,anomaly_detection,None,lstm_autoencoder,raw,detection_latency,1.3442622950819672,1.3442622950819672,0.0,0.0,SUCCESS
E5_DT300_PD10_SEED123,300,0.1,149.31526826484017,284.0,anomaly_detection,None,lstm_autoencoder,raw,threshold,0.0007370078528765589,0.0007370078528765589,0.0,0.0,SUCCESS
E5_DT300_PD10_SEED123,300,0.1,149.31526826484017,284.0,anomaly_detection,None,lstm_autoencoder,residual,precision,0.04642313546423135,0.04642313546423135,0.0,0.0,SUCCESS
E5_DT300_PD10_SEED123,300,0.1,149.31526826484017,284.0,anomaly_detection,None,lstm_autoencoder,residual,recall,1.0,1.0,0.0,0.0,SUCCESS
E5_DT300_PD10_SEED123,300,0.1,149.31526826484017,284.0,anomaly_detection,None,lstm_autoencoder,residual,f1,0.08872727272727272,0.08872727272727272,0.0,0.0,SUCCESS
E5_DT300_PD10_SEED123,300,0.1,149.31526826484017,284.0,anomaly_detection,None,lstm_autoencoder,residual,false_positive_rate,1.0,1.0,0.0,0.0,SUCCESS
E5_DT300_PD10_SEED123,300,0.1,149.31526826484017,284.0,anomaly_detection,None,lstm_autoencoder,residual,pr_auc,0.11354398532222455,0.138022346640306,-0.02447836131808144,0.17735071105459052,SUCCESS
E5_DT300_PD10_SEED123,300,0.1,149.31526826484017,284.0,anomaly_detection,None,lstm_autoencoder,residual,roc_auc,0.5711309251239648,0.7479148404484972,-0.17678391532453241,0.236369043323865,SUCCESS
E5_DT300_PD10_SEED123,300,0.1,149.31526826484017,284.0,anomaly_detection,None,lstm_autoencoder,residual,detection_latency,0.0,0.0,0.0,0.0,SUCCESS
E5_DT300_PD10_SEED123,300,0.1,149.31526826484017,284.0,anomaly_detection,None,lstm_autoencoder,residual,threshold,0.0003816792741417885,0.0003816792741417885,0.0,0.0,SUCCESS
E5_DT300_PD20_SEED123,300,0.2,149.35933219178082,285.0,load_estimation,persistence,None,raw,mae,2.5524510178527877,0.4383777854014386,2.114073232451349,4.822491702026859,SUCCESS
E5_DT300_PD20_SEED123,300,0.2,149.35933219178082,285.0,load_estimation,persistence,None,raw,rmse,3.2431553636348216,0.5934701818230634,2.6496851818117584,4.464731780916556,SUCCESS
E5_DT300_PD20_SEED123,300,0.2,149.35933219178082,285.0,load_estimation,persistence,None,raw,mape,86.93544843991106,13.879795520238472,73.05565291967258,5.263453111621733,SUCCESS
E5_DT300_PD20_SEED123,300,0.2,149.35933219178082,285.0,load_estimation,persistence,None,raw,r2,-0.9421201401327621,0.9349663109259363,-1.8770864510586984,-2.0076514299212995,SUCCESS
E5_DT300_PD20_SEED123,300,0.2,149.35933219178082,285.0,load_estimation,xgboost,None,raw,mae,1.9562272906666296,0.2727781880981483,1.6834491025684812,6.171494554992643,SUCCESS
E5_DT300_PD20_SEED123,300,0.2,149.35933219178082,285.0,load_estimation,xgboost,None,raw,rmse,2.503096179477037,0.40856251653233305,2.0945336629447038,5.126592817965829,SUCCESS
E5_DT300_PD20_SEED123,300,0.2,149.35933219178082,285.0,load_estimation,xgboost,None,raw,mape,67.36893603944762,9.007307051437575,58.36162898801004,6.479364881726272,SUCCESS
E5_DT300_PD20_SEED123,300,0.2,149.35933219178082,285.0,load_estimation,xgboost,None,raw,r2,-0.1568995669672073,0.9691782265733759,-1.1260777935405832,-1.1618892817288529,SUCCESS
E5_DT300_PD20_SEED123,300,0.2,149.35933219178082,285.0,load_estimation,lstm,None,raw,mae,1.9005308628264517,0.27887399652686284,1.6216568662995887,5.815016410622497,SUCCESS
E5_DT300_PD20_SEED123,300,0.2,149.35933219178082,285.0,load_estimation,lstm,None,raw,rmse,2.3698832287354255,0.41518036195795865,1.9547028667774669,4.708081224167826,SUCCESS
E5_DT300_PD20_SEED123,300,0.2,149.35933219178082,285.0,load_estimation,lstm,None,raw,mape,65.28819180529457,9.118982639637075,56.1692091656575,6.159591632679429,SUCCESS
E5_DT300_PD20_SEED123,300,0.2,149.35933219178082,285.0,load_estimation,lstm,None,raw,r2,-0.034212568690391354,0.9682583482374255,-1.002470916927817,-1.0353341324169014,SUCCESS
E5_DT300_PD20_SEED123,300,0.2,149.35933219178082,285.0,anomaly_detection,None,isolation_forest,raw,precision,0.11646586345381527,0.11646586345381527,0.0,0.0,SUCCESS
E5_DT300_PD20_SEED123,300,0.2,149.35933219178082,285.0,anomaly_detection,None,isolation_forest,raw,recall,0.11885245901639344,0.11885245901639344,0.0,0.0,SUCCESS
E5_DT300_PD20_SEED123,300,0.2,149.35933219178082,285.0,anomaly_detection,None,isolation_forest,raw,f1,0.11764705882352941,0.11764705882352941,0.0,0.0,SUCCESS
E5_DT300_PD20_SEED123,300,0.2,149.35933219178082,285.0,anomaly_detection,None,isolation_forest,raw,false_positive_rate,0.04389465283320032,0.04389465283320032,0.0,0.0,SUCCESS
E5_DT300_PD20_SEED123,300,0.2,149.35933219178082,285.0,anomaly_detection,None,isolation_forest,raw,pr_auc,0.09385708598261007,0.09385708598261007,0.0,0.0,SUCCESS
E5_DT300_PD20_SEED123,300,0.2,149.35933219178082,285.0,anomaly_detection,None,isolation_forest,raw,roc_auc,0.7138596875695052,0.7138596875695052,0.0,0.0,SUCCESS
E5_DT300_PD20_SEED123,300,0.2,149.35933219178082,285.0,anomaly_detection,None,isolation_forest,raw,detection_latency,3.2459016393442623,3.2459016393442623,0.0,0.0,SUCCESS
E5_DT300_PD20_SEED123,300,0.2,149.35933219178082,285.0,anomaly_detection,None,isolation_forest,raw,threshold,0.5031683371451802,0.5031683371451802,0.0,0.0,SUCCESS
E5_DT300_PD20_SEED123,300,0.2,149.35933219178082,285.0,anomaly_detection,None,isolation_forest,residual,precision,0.04642313546423135,0.04642313546423135,0.0,0.0,SUCCESS
E5_DT300_PD20_SEED123,300,0.2,149.35933219178082,285.0,anomaly_detection,None,isolation_forest,residual,recall,1.0,1.0,0.0,0.0,SUCCESS
E5_DT300_PD20_SEED123,300,0.2,149.35933219178082,285.0,anomaly_detection,None,isolation_forest,residual,f1,0.08872727272727272,0.08872727272727272,0.0,0.0,SUCCESS
E5_DT300_PD20_SEED123,300,0.2,149.35933219178082,285.0,anomaly_detection,None,isolation_forest,residual,false_positive_rate,1.0,1.0,0.0,0.0,SUCCESS
E5_DT300_PD20_SEED123,300,0.2,149.35933219178082,285.0,anomaly_detection,None,isolation_forest,residual,pr_auc,0.041000936421251105,0.09188515062218422,-0.050884214200933114,0.5537806038993196,SUCCESS
E5_DT300_PD20_SEED123,300,0.2,149.35933219178082,285.0,anomaly_detection,None,isolation_forest,residual,roc_auc,0.47373271361846325,0.6877706618868814,-0.21403794826841815,0.3112054062922813,SUCCESS
E5_DT300_PD20_SEED123,300,0.2,149.35933219178082,285.0,anomaly_detection,None,isolation_forest,residual,detection_latency,0.0,0.0,0.0,0.0,SUCCESS
E5_DT300_PD20_SEED123,300,0.2,149.35933219178082,285.0,anomaly_detection,None,isolation_forest,residual,threshold,0.29376565419608197,0.29376565419608197,0.0,0.0,SUCCESS
E5_DT300_PD20_SEED123,300,0.2,149.35933219178082,285.0,anomaly_detection,None,lstm_autoencoder,raw,precision,0.49825783972125437,0.49825783972125437,0.0,0.0,SUCCESS
E5_DT300_PD20_SEED123,300,0.2,149.35933219178082,285.0,anomaly_detection,None,lstm_autoencoder,raw,recall,0.5860655737704918,0.5860655737704918,0.0,0.0,SUCCESS
E5_DT300_PD20_SEED123,300,0.2,149.35933219178082,285.0,anomaly_detection,None,lstm_autoencoder,raw,f1,0.5386064030131827,0.5386064030131827,0.0,0.0,SUCCESS
E5_DT300_PD20_SEED123,300,0.2,149.35933219178082,285.0,anomaly_detection,None,lstm_autoencoder,raw,false_positive_rate,0.028731045490822026,0.028731045490822026,0.0,0.0,SUCCESS
E5_DT300_PD20_SEED123,300,0.2,149.35933219178082,285.0,anomaly_detection,None,lstm_autoencoder,raw,pr_auc,0.561001698584242,0.561001698584242,0.0,0.0,SUCCESS
E5_DT300_PD20_SEED123,300,0.2,149.35933219178082,285.0,anomaly_detection,None,lstm_autoencoder,raw,roc_auc,0.9493396177043946,0.9493396177043946,0.0,0.0,SUCCESS
E5_DT300_PD20_SEED123,300,0.2,149.35933219178082,285.0,anomaly_detection,None,lstm_autoencoder,raw,detection_latency,1.3442622950819672,1.3442622950819672,0.0,0.0,SUCCESS
E5_DT300_PD20_SEED123,300,0.2,149.35933219178082,285.0,anomaly_detection,None,lstm_autoencoder,raw,threshold,0.0007370078528765589,0.0007370078528765589,0.0,0.0,SUCCESS
E5_DT300_PD20_SEED123,300,0.2,149.35933219178082,285.0,anomaly_detection,None,lstm_autoencoder,residual,precision,0.04642313546423135,0.04642313546423135,0.0,0.0,SUCCESS
E5_DT300_PD20_SEED123,300,0.2,149.35933219178082,285.0,anomaly_detection,None,lstm_autoencoder,residual,recall,1.0,1.0,0.0,0.0,SUCCESS
E5_DT300_PD20_SEED123,300,0.2,149.35933219178082,285.0,anomaly_detection,None,lstm_autoencoder,residual,f1,0.08872727272727272,0.08872727272727272,0.0,0.0,SUCCESS
E5_DT300_PD20_SEED123,300,0.2,149.35933219178082,285.0,anomaly_detection,None,lstm_autoencoder,residual,false_positive_rate,1.0,1.0,0.0,0.0,SUCCESS
E5_DT300_PD20_SEED123,300,0.2,149.35933219178082,285.0,anomaly_detection,None,lstm_autoencoder,residual,pr_auc,0.09213723732311346,0.138022346640306,-0.04588510931719253,0.33244695829416454,SUCCESS
E5_DT300_PD20_SEED123,300,0.2,149.35933219178082,285.0,anomaly_detection,None,lstm_autoencoder,residual,roc_auc,0.5602774652309866,0.7479148404484972,-0.18763737521751056,0.2508806685865349,SUCCESS
E5_DT300_PD20_SEED123,300,0.2,149.35933219178082,285.0,anomaly_detection,None,lstm_autoencoder,residual,detection_latency,0.0,0.0,0.0,0.0,SUCCESS
E5_DT300_PD20_SEED123,300,0.2,149.35933219178082,285.0,anomaly_detection,None,lstm_autoencoder,residual,threshold,0.0003816792741417885,0.0003816792741417885,0.0,0.0,SUCCESS
