condition_id,staleness_seconds,packet_drop_rate,realized_mean_aoi,realized_p95_aoi,task,model,detector,representation,metric,value,baseline_value,absolute_delta,relative_degradation,status
E5_DT0_PD00_SEED101112,0,0.0,0.0,0.0,load_estimation,persistence,None,raw,mae,0.42594539121224273,0.42594539121224273,0.0,0.0,SUCCESS
E5_DT0_PD00_SEED101112,0,0.0,0.0,0.0,load_estimation,persistence,None,raw,rmse,0.5819721564703912,0.5819721564703912,0.0,0.0,SUCCESS
E5_DT0_PD00_SEED101112,0,0.0,0.0,0.0,load_estimation,persistence,None,raw,mape,13.286006475148488,13.286006475148488,0.0,0.0,SUCCESS
E5_DT0_PD00_SEED101112,0,0.0,0.0,0.0,load_estimation,persistence,None,raw,r2,0.9374618546027488,0.9374618546027488,0.0,0.0,SUCCESS
E5_DT0_PD00_SEED101112,0,0.0,0.0,0.0,load_estimation,xgboost,None,raw,mae,0.27311548121171453,0.27311548121171453,0.0,0.0,SUCCESS
E5_DT0_PD00_SEED101112,0,0.0,0.0,0.0,load_estimation,xgboost,None,raw,rmse,0.40760963873834977,0.40760963873834977,0.0,0.0,SUCCESS
E5_DT0_PD00_SEED101112,0,0.0,0.0,0.0,load_estimation,xgboost,None,raw,mape,9.005682087543944,9.005682087543944,0.0,0.0,SUCCESS
E5_DT0_PD00_SEED101112,0,0.0,0.0,0.0,load_estimation,xgboost,None,raw,r2,0.9693218282677428,0.9693218282677428,0.0,0.0,SUCCESS
E5_DT0_PD00_SEED101112,0,0.0,0.0,0.0,load_estimation,lstm,None,raw,mae,0.2762261204479895,0.2762261204479895,0.0,0.0,SUCCESS
E5_DT0_PD00_SEED101112,0,0.0,0.0,0.0,load_estimation,lstm,None,raw,rmse,0.4088705073983315,0.4088705073983315,0.0,0.0,SUCCESS
E5_DT0_PD00_SEED101112,0,0.0,0.0,0.0,load_estimation,lstm,None,raw,mape,8.962657158047907,8.962657158047907,0.0,0.0,SUCCESS
E5_DT0_PD00_SEED101112,0,0.0,0.0,0.0,load_estimation,lstm,None,raw,r2,0.9692158273028284,0.9692158273028284,0.0,0.0,SUCCESS
E5_DT0_PD00_SEED101112,0,0.0,0.0,0.0,anomaly_detection,None,isolation_forest,raw,precision,0.11646586345381527,0.11646586345381527,0.0,0.0,SUCCESS
E5_DT0_PD00_SEED101112,0,0.0,0.0,0.0,anomaly_detection,None,isolation_forest,raw,recall,0.11885245901639344,0.11885245901639344,0.0,0.0,SUCCESS
E5_DT0_PD00_SEED101112,0,0.0,0.0,0.0,anomaly_detection,None,isolation_forest,raw,f1,0.11764705882352941,0.11764705882352941,0.0,0.0,SUCCESS
E5_DT0_PD00_SEED101112,0,0.0,0.0,0.0,anomaly_detection,None,isolation_forest,raw,false_positive_rate,0.04389465283320032,0.04389465283320032,0.0,0.0,SUCCESS
E5_DT0_PD00_SEED101112,0,0.0,0.0,0.0,anomaly_detection,None,isolation_forest,raw,pr_auc,0.09385708598261007,0.09385708598261007,0.0,0.0,SUCCESS
E5_DT0_PD00_SEED101112,0,0.0,0.0,0.0,anomaly_detection,None,isolation_forest,raw,roc_auc,0.7138596875695052,0.7138596875695052,0.0,0.0,SUCCESS
E5_DT0_PD00_SEED101112,0,0.0,0.0,0.0,anomaly_detection,None,isolation_forest,raw,detection_latency,3.2459016393442623,3.2459016393442623,0.0,0.0,SUCCESS
E5_DT0_PD00_SEED101112,0,0.0,0.0,0.0,anomaly_detection,None,isolation_forest,raw,threshold,0.5031683371451802,0.5031683371451802,0.0,0.0,SUCCESS
E5_DT0_PD00_SEED101112,0,0.0,0.0,0.0,anomaly_detection,None,isolation_forest,residual,precision,0.04642313546423135,0.04642313546423135,0.0,0.0,SUCCESS
E5_DT0_PD00_SEED101112,0,0.0,0.0,0.0,anomaly_detection,None,isolation_forest,residual,recall,1.0,1.0,0.0,0.0,SUCCESS
E5_DT0_PD00_SEED101112,0,0.0,0.0,0.0,anomaly_detection,None,isolation_forest,residual,f1,0.08872727272727272,0.08872727272727272,0.0,0.0,SUCCESS
E5_DT0_PD00_SEED101112,0,0.0,0.0,0.0,anomaly_detection,None,isolation_forest,residual,false_positive_rate,1.0,1.0,0.0,0.0,SUCCESS
E5_DT0_PD00_SEED101112,0,0.0,0.0,0.0,anomaly_detection,None,isolation_forest,residual,pr_auc,0.08483778096937764,0.08483778096937764,0.0,0.0,SUCCESS
E5_DT0_PD00_SEED101112,0,0.0,0.0,0.0,anomaly_detection,None,isolation_forest,residual,roc_auc,0.6919352570224903,0.6919352570224903,0.0,0.0,SUCCESS
E5_DT0_PD00_SEED101112,0,0.0,0.0,0.0,anomaly_detection,None,isolation_forest,residual,detection_latency,0.0,0.0,0.0,0.0,SUCCESS
E5_DT0_PD00_SEED101112,0,0.0,0.0,0.0,anomaly_detection,None,isolation_forest,residual,threshold,0.29376565419608197,0.29376565419608197,0.0,0.0,SUCCESS
E5_DT0_PD00_SEED101112,0,0.0,0.0,0.0,anomaly_detection,None,lstm_autoencoder,raw,precision,0.49825783972125437,0.49825783972125437,0.0,0.0,SUCCESS
E5_DT0_PD00_SEED101112,0,0.0,0.0,0.0,anomaly_detection,None,lstm_autoencoder,raw,recall,0.5860655737704918,0.5860655737704918,0.0,0.0,SUCCESS
E5_DT0_PD00_SEED101112,0,0.0,0.0,0.0,anomaly_detection,None,lstm_autoencoder,raw,f1,0.5386064030131827,0.5386064030131827,0.0,0.0,SUCCESS
E5_DT0_PD00_SEED101112,0,0.0,0.0,0.0,anomaly_detection,None,lstm_autoencoder,raw,false_positive_rate,0.028731045490822026,0.028731045490822026,0.0,0.0,SUCCESS
E5_DT0_PD00_SEED101112,0,0.0,0.0,0.0,anomaly_detection,None,lstm_autoencoder,raw,pr_auc,0.561001698584242,0.561001698584242,0.0,0.0,SUCCESS
E5_DT0_PD00_SEED101112,0,0.0,0.0,0.0,anomaly_detection,None,lstm_autoencoder,raw,roc_auc,0.9493396177043946,0.9493396177043946,0.0,0.0,SUCCESS
E5_DT0_PD00_SEED101112,0,0.0,0.0,0.0,anomaly_detection,None,lstm_autoencoder,raw,detection_latency,1.3442622950819672,1.3442622950819672,0.0,0.0,SUCCESS
E5_DT0_PD00_SEED101112,0,0.0,0.0,0.0,anomaly_detection,None,lstm_autoencoder,raw,threshold,0.0007370078528765589,0.0007370078528765589,0.0,0.0,SUCCESS
E5_DT0_PD00_SEED101112,0,0.0,0.0,0.0,anomaly_detection,None,lstm_autoencoder,residual,precision,0.04642313546423135,0.04642313546423135,0.0,0.0,SUCCESS
E5_DT0_PD00_SEED101112,0,0.0,0.0,0.0,anomaly_detection,None,lstm_autoencoder,residual,recall,1.0,1.0,0.0,0.0,SUCCESS
E5_DT0_PD00_SEED101112,0,0.0,0.0,0.0,anomaly_detection,None,lstm_autoencoder,residual,f1,0.08872727272727272,0.08872727272727272,0.0,0.0,SUCCESS
E5_DT0_PD00_SEED101112,0,0.0,0.0,0.0,anomaly_detection,None,lstm_autoencoder,residual,false_positive_rate,1.0,1.0,0.0,0.0,SUCCESS
E5_DT0_PD00_SEED101112,0,0.0,0.0,0.0,anomaly_detection,None,lstm_autoencoder,residual,pr_auc,0.13190002094256142,0.13190002094256142,0.0,0.0,SUCCESS
E5_DT0_PD00_SEED101112,0,0.0,0.0,0.0,anomaly_detection,None,lstm_autoencoder,residual,roc_auc,0.7417419504664216,0.7417419504664216,0.0,0.0,SUCCESS
E5_DT0_PD00_SEED101112,0,0.0,0.0,0.0,anomaly_detection,None,lstm_autoencoder,residual,detection_latency,0.0,0.0,0.0,0.0,SUCCESS
E5_DT0_PD00_SEED101112,0,0.0,0.0,0.0,anomaly_detection,None,lstm_autoencoder,residual,threshold,0.0003816792741417885,0.0003816792741417885,0.0,0.0,SUCCESS
E5_DT0_PD05_SEED101112,0,0.05,0.054480593607305935,1.0,load_estimation,persistence,None,raw,mae,0.4356026972220187,0.42594539121224273,0.00965730600977599,0.02267263881478151,SUCCESS
E5_DT0_PD05_SEED101112,0,0.05,0.054480593607305935,1.0,load_estimation,persistence,None,raw,rmse,0.5944175588253224,0.5819721564703912,0.01244540235493119,0.021384875919857462,SUCCESS
E5_DT0_PD05_SEED101112,0,0.05,0.054480593607305935,1.0,load_estimation,persistence,None,raw,mape,13.591749779884216,13.286006475148488,0.30574330473572786,0.023012430808883134,SUCCESS
E5_DT0_PD05_SEED101112,0,0.05,0.054480593607305935,1.0,load_estimation,persistence,None,raw,r2,0.9347585141418276,0.9374618546027488,-0.002703340460921133,-0.0028836804907295976,SUCCESS
E5_DT0_PD05_SEED101112,0,0.05,0.054480593607305935,1.0,load_estimation,xgboost,None,raw,mae,0.27485488262169255,0.27311548121171453,0.0017394014099780253,0.006368739707690428,SUCCESS
E5_DT0_PD05_SEED101112,0,0.05,0.054480593607305935,1.0,load_estimation,xgboost,None,raw,rmse,0.40985693783811994,0.40760963873834977,0.0022472990997701725,0.005513361035146533,SUCCESS
E5_DT0_PD05_SEED101112,0,0.05,0.054480593607305935,1.0,load_estimation,xgboost,None,raw,mape,9.076125574182521,9.005682087543944,0.07044348663857747,0.007822115632530508,SUCCESS
E5_DT0_PD05_SEED101112,0,0.05,0.054480593607305935,1.0,load_estimation,xgboost,None,raw,r2,0.9689826160654417,0.9693218282677428,-0.00033921220230115345,-0.0003499479661026032,SUCCESS
E5_DT0_PD05_SEED101112,0,0.05,0.054480593607305935,1.0,load_estimation,lstm,None,raw,mae,0.2773588653643182,0.2762261204479895,0.0011327449163286984,0.0041007885658734524,SUCCESS
E5_DT0_PD05_SEED101112,0,0.05,0.054480593607305935,1.0,load_estimation,lstm,None,raw,rmse,0.4101875840236717,0.4088705073983315,0.0013170766253402522,0.0032212561226802414,SUCCESS
E5_DT0_PD05_SEED101112,0,0.05,0.054480593607305935,1.0,load_estimation,lstm,None,raw,mape,8.997747123599499,8.962657158047907,0.03508996555159172,0.003915129735837671,SUCCESS
E5_DT0_PD05_SEED101112,0,0.05,0.054480593607305935,1.0,load_estimation,lstm,None,raw,r2,0.9690171804615725,0.9692158273028284,-0.0001986468412559228,-0.00020495624984656407,SUCCESS
E5_DT0_PD05_SEED101112,0,0.05,0.054480593607305935,1.0,anomaly_detection,None,isolation_forest,raw,precision,0.11646586345381527,0.11646586345381527,0.0,0.0,SUCCESS
E5_DT0_PD05_SEED101112,0,0.05,0.054480593607305935,1.0,anomaly_detection,None,isolation_forest,raw,recall,0.11885245901639344,0.11885245901639344,0.0,0.0,SUCCESS
E5_DT0_PD05_SEED101112,0,0.05,0.054480593607305935,1.0,anomaly_detection,None,isolation_forest,raw,f1,0.11764705882352941,0.11764705882352941,0.0,0.0,SUCCESS
E5_DT0_PD05_SEED101112,0,0.05,0.054480593607305935,1.0,anomaly_detection,None,isolation_forest,raw,false_positive_rate,0.04389465283320032,0.04389465283320032,0.0,0.0,SUCCESS
E5_DT0_PD05_SEED101112,0,0.05,0.054480593607305935,1.0,anomaly_detection,None,isolation_forest,raw,pr_auc,0.09385708598261007,0.09385708598261007,0.0,0.0,SUCCESS
E5_DT0_PD05_SEED101112,0,0.05,0.054480593607305935,1.0,anomaly_detection,None,isolation_forest,raw,roc_auc,0.7138596875695052,0.7138596875695052,0.0,0.0,SUCCESS
E5_DT0_PD05_SEED101112,0,0.05,0.054480593607305935,1.0,anomaly_detection,None,isolation_forest,raw,detection_latency,3.2459016393442623,3.2459016393442623,0.0,0.0,SUCCESS
E5_DT0_PD05_SEED101112,0,0.05,0.054480593607305935,1.0,anomaly_detection,None,isolation_forest,raw,threshold,0.5031683371451802,0.5031683371451802,0.0,0.0,SUCCESS
E5_DT0_PD05_SEED101112,0,0.05,0.054480593607305935,1.0,anomaly_detection,None,isolation_forest,residual,precision,0.04642313546423135,0.04642313546423135,0.0,0.0,SUCCESS
E5_DT0_PD05_SEED101112,0,0.05,0.054480593607305935,1.0,anomaly_detection,None,isolation_forest,residual,recall,1.0,1.0,0.0,0.0,SUCCESS
E5_DT0_PD05_SEED101112,0,0.05,0.054480593607305935,1.0,anomaly_detection,None,isolation_forest,residual,f1,0.08872727272727272,0.08872727272727272,0.0,0.0,SUCCESS
E5_DT0_PD05_SEED101112,0,0.05,0.054480593607305935,1.0,anomaly_detection,None,isolation_forest,residual,false_positive_rate,1.0,1.0,0.0,0.0,SUCCESS
E5_DT0_PD05_SEED101112,0,0.05,0.054480593607305935,1.0,anomaly_detection,None,isolation_forest,residual,pr_auc,0.08303850406279699,0.08483778096937764,-0.0017992769065806463,0.021208439047104483,SUCCESS
E5_DT0_PD05_SEED101112,0,0.05,0.054480593607305935,1.0,anomaly_detection,None,isolation_forest,residual,roc_auc,0.6897617848311592,0.6919352570224903,-0.002173472191331016,0.003141149651318275,SUCCESS
E5_DT0_PD05_SEED101112,0,0.05,0.054480593607305935,1.0,anomaly_detection,None,isolation_forest,residual,detection_latency,0.0,0.0,0.0,0.0,SUCCESS
E5_DT0_PD05_SEED101112,0,0.05,0.054480593607305935,1.0,anomaly_detection,None,isolation_forest,residual,threshold,0.29376565419608197,0.29376565419608197,0.0,0.0,SUCCESS
E5_DT0_PD05_SEED101112,0,0.05,0.054480593607305935,1.0,anomaly_detection,None,lstm_autoencoder,raw,precision,0.49825783972125437,0.49825783972125437,0.0,0.0,SUCCESS
E5_DT0_PD05_SEED101112,0,0.05,0.054480593607305935,1.0,anomaly_detection,None,lstm_autoencoder,raw,recall,0.5860655737704918,0.5860655737704918,0.0,0.0,SUCCESS
E5_DT0_PD05_SEED101112,0,0.05,0.054480593607305935,1.0,anomaly_detection,None,lstm_autoencoder,raw,f1,0.5386064030131827,0.5386064030131827,0.0,0.0,SUCCESS
E5_DT0_PD05_SEED101112,0,0.05,0.054480593607305935,1.0,anomaly_detection,None,lstm_autoencoder,raw,false_positive_rate,0.028731045490822026,0.028731045490822026,0.0,0.0,SUCCESS
E5_DT0_PD05_SEED101112,0,0.05,0.054480593607305935,1.0,anomaly_detection,None,lstm_autoencoder,raw,pr_auc,0.561001698584242,0.561001698584242,0.0,0.0,SUCCESS
E5_DT0_PD05_SEED101112,0,0.05,0.054480593607305935,1.0,anomaly_detection,None,lstm_autoencoder,raw,roc_auc,0.9493396177043946,0.9493396177043946,0.0,0.0,SUCCESS
E5_DT0_PD05_SEED101112,0,0.05,0.054480593607305935,1.0,anomaly_detection,None,lstm_autoencoder,raw,detection_latency,1.3442622950819672,1.3442622950819672,0.0,0.0,SUCCESS
E5_DT0_PD05_SEED101112,0,0.05,0.054480593607305935,1.0,anomaly_detection,None,lstm_autoencoder,raw,threshold,0.0007370078528765589,0.0007370078528765589,0.0,0.0,SUCCESS
E5_DT0_PD05_SEED101112,0,0.05,0.054480593607305935,1.0,anomaly_detection,None,lstm_autoencoder,residual,precision,0.04642313546423135,0.04642313546423135,0.0,0.0,SUCCESS
E5_DT0_PD05_SEED101112,0,0.05,0.054480593607305935,1.0,anomaly_detection,None,lstm_autoencoder,residual,recall,1.0,1.0,0.0,0.0,SUCCESS
E5_DT0_PD05_SEED101112,0,0.05,0.054480593607305935,1.0,anomaly_detection,None,lstm_autoencoder,residual,f1,0.08872727272727272,0.08872727272727272,0.0,0.0,SUCCESS
E5_DT0_PD05_SEED101112,0,0.05,0.054480593607305935,1.0,anomaly_detection,None,lstm_autoencoder,residual,false_positive_rate,1.0,1.0,0.0,0.0,SUCCESS
E5_DT0_PD05_SEED101112,0,0.05,0.054480593607305935,1.0,anomaly_detection,None,lstm_autoencoder,residual,pr_auc,0.13276031592263557,0.13190002094256142,0.0008602949800741444,-0.006522326334191998,SUCCESS
E5_DT0_PD05_SEED101112,0,0.05,0.054480593607305935,1.0,anomaly_detection,None,lstm_autoencoder,residual,roc_auc,0.7422898159172084,0.7417419504664216,0.0005478654507868885,-0.0007386200152794111,SUCCESS
E5_DT0_PD05_SEED101112,0,0.05,0.054480593607305935,1.0,anomaly_detection,None,lstm_autoencoder,residual,detection_latency,0.0,0.0,0.0,0.0,SUCCESS
E5_DT0_PD05_SEED101112,0,0.05,0.054480593607305935,1.0,anomaly_detection,None,lstm_autoencoder,residual,threshold,0.0003816792741417885,0.0003816792741417885,0.0,0.0,SUCCESS
E5_DT0_PD10_SEED101112,0,0.1,0.11053082191780822,1.0,load_estimation,persistence,None,raw,mae,0.4461507113193994,0.42594539121224273,0.020205320107156644,0.047436409746451774,SUCCESS
E5_DT0_PD10_SEED101112,0,0.1,0.11053082191780822,1.0,load_estimation,persistence,None,raw,rmse,0.6079773975561282,0.5819721564703912,0.026005241085736985,0.04468468258594437,SUCCESS
E5_DT0_PD10_SEED101112,0,0.1,0.11053082191780822,1.0,load_estimation,persistence,None,raw,mape,13.884994864836248,13.286006475148488,0.5989883896877597,0.045084156086192574,SUCCESS
E5_DT0_PD10_SEED101112,0,0.1,0.11053082191780822,1.0,load_estimation,persistence,None,raw,r2,0.9317479890302459,0.9374618546027488,-0.005713865572502863,-0.006095037941489496,SUCCESS
E5_DT0_PD10_SEED101112,0,0.1,0.11053082191780822,1.0,load_estimation,xgboost,None,raw,mae,0.27699164486003974,0.27311548121171453,0.003876163648325215,0.014192398142822516,SUCCESS
E5_DT0_PD10_SEED101112,0,0.1,0.11053082191780822,1.0,load_estimation,xgboost,None,raw,rmse,0.4119965406943331,0.40760963873834977,0.004386901955983347,0.010762507897413485,SUCCESS
E5_DT0_PD10_SEED101112,0,0.1,0.11053082191780822,1.0,load_estimation,xgboost,None,raw,mape,9.138342319636923,9.005682087543944,0.13266023209297906,0.014730725646696523,SUCCESS
E5_DT0_PD10_SEED101112,0,0.1,0.11053082191780822,1.0,load_estimation,xgboost,None,raw,r2,0.9686579266356616,0.9693218282677428,-0.0006639016320811875,-0.0006849135268805757,SUCCESS
E5_DT0_PD10_SEED101112,0,0.1,0.11053082191780822,1.0,load_estimation,lstm,None,raw,mae,0.2788088297310874,0.2762261204479895,0.002582709283097895,0.009349982104911734,SUCCESS
E5_DT0_PD10_SEED101112,0,0.1,0.11053082191780822,1.0,load_estimation,lstm,None,raw,rmse,0.4118339597188782,0.4088705073983315,0.0029634523205467334,0.007247899437412018,SUCCESS
E5_DT0_PD10_SEED101112,0,0.1,0.11053082191780822,1.0,load_estimation,lstm,None,raw,mape,9.030408045267693,8.962657158047907,0.06775088721978584,0.007559241196562982,SUCCESS
E5_DT0_PD10_SEED101112,0,0.1,0.11053082191780822,1.0,load_estimation,lstm,None,raw,r2,0.9687679689712984,0.9692158273028284,-0.00044785833153004884,-0.00046208317994183656,SUCCESS
E5_DT0_PD10_SEED101112,0,0.1,0.11053082191780822,1.0,anomaly_detection,None,isolation_forest,raw,precision,0.11646586345381527,0.11646586345381527,0.0,0.0,SUCCESS
E5_DT0_PD10_SEED101112,0,0.1,0.11053082191780822,1.0,anomaly_detection,None,isolation_forest,raw,recall,0.11885245901639344,0.11885245901639344,0.0,0.0,SUCCESS
E5_DT0_PD10_SEED101112,0,0.1,0.11053082191780822,1.0,anomaly_detection,None,isolation_forest,raw,f1,0.11764705882352941,0.11764705882352941,0.0,0.0,SUCCESS
E5_DT0_PD10_SEED101112,0,0.1,0.11053082191780822,1.0,anomaly_detection,None,isolation_forest,raw,false_positive_rate,0.04389465283320032,0.04389465283320032,0.0,0.0,SUCCESS
E5_DT0_PD10_SEED101112,0,0.1,0.11053082191780822,1.0,anomaly_detection,None,isolation_forest,raw,pr_auc,0.09385708598261007,0.09385708598261007,0.0,0.0,SUCCESS
E5_DT0_PD10_SEED101112,0,0.1,0.11053082191780822,1.0,anomaly_detection,None,isolation_forest,raw,roc_auc,0.7138596875695052,0.7138596875695052,0.0,0.0,SUCCESS
E5_DT0_PD10_SEED101112,0,0.1,0.11053082191780822,1.0,anomaly_detection,None,isolation_forest,raw,detection_latency,3.2459016393442623,3.2459016393442623,0.0,0.0,SUCCESS
E5_DT0_PD10_SEED101112,0,0.1,0.11053082191780822,1.0,anomaly_detection,None,isolation_forest,raw,threshold,0.5031683371451802,0.5031683371451802,0.0,0.0,SUCCESS
E5_DT0_PD10_SEED101112,0,0.1,0.11053082191780822,1.0,anomaly_detection,None,isolation_forest,residual,precision,0.04642313546423135,0.04642313546423135,0.0,0.0,SUCCESS
E5_DT0_PD10_SEED101112,0,0.1,0.11053082191780822,1.0,anomaly_detection,None,isolation_forest,residual,recall,1.0,1.0,0.0,0.0,SUCCESS
E5_DT0_PD10_SEED101112,0,0.1,0.11053082191780822,1.0,anomaly_detection,None,isolation_forest,residual,f1,0.08872727272727272,0.08872727272727272,0.0,0.0,SUCCESS
E5_DT0_PD10_SEED101112,0,0.1,0.11053082191780822,1.0,anomaly_detection,None,isolation_forest,residual,false_positive_rate,1.0,1.0,0.0,0.0,SUCCESS
E5_DT0_PD10_SEED101112,0,0.1,0.11053082191780822,1.0,anomaly_detection,None,isolation_forest,residual,pr_auc,0.0803766725270241,0.08483778096937764,-0.004461108442353534,0.05258398311907498,SUCCESS
E5_DT0_PD10_SEED101112,0,0.1,0.11053082191780822,1.0,anomaly_detection,None,isolation_forest,residual,roc_auc,0.6833713840880249,0.6919352570224903,-0.008563872934465366,0.01237669687669494,SUCCESS
E5_DT0_PD10_SEED101112,0,0.1,0.11053082191780822,1.0,anomaly_detection,None,isolation_forest,residual,detection_latency,0.0,0.0,0.0,0.0,SUCCESS
E5_DT0_PD10_SEED101112,0,0.1,0.11053082191780822,1.0,anomaly_detection,None,isolation_forest,residual,threshold,0.29376565419608197,0.29376565419608197,0.0,0.0,SUCCESS
E5_DT0_PD10_SEED101112,0,0.1,0.11053082191780822,1.0,anomaly_detection,None,lstm_autoencoder,raw,precision,0.49825783972125437,0.49825783972125437,0.0,0.0,SUCCESS
E5_DT0_PD10_SEED101112,0,0.1,0.11053082191780822,1.0,anomaly_detection,None,lstm_autoencoder,raw,recall,0.5860655737704918,0.5860655737704918,0.0,0.0,SUCCESS
E5_DT0_PD10_SEED101112,0,0.1,0.11053082191780822,1.0,anomaly_detection,None,lstm_autoencoder,raw,f1,0.5386064030131827,0.5386064030131827,0.0,0.0,SUCCESS
E5_DT0_PD10_SEED101112,0,0.1,0.11053082191780822,1.0,anomaly_detection,None,lstm_autoencoder,raw,false_positive_rate,0.028731045490822026,0.028731045490822026,0.0,0.0,SUCCESS
E5_DT0_PD10_SEED101112,0,0.1,0.11053082191780822,1.0,anomaly_detection,None,lstm_autoencoder,raw,pr_auc,0.561001698584242,0.561001698584242,0.0,0.0,SUCCESS
E5_DT0_PD10_SEED101112,0,0.1,0.11053082191780822,1.0,anomaly_detection,None,lstm_autoencoder,raw,roc_auc,0.9493396177043946,0.9493396177043946,0.0,0.0,SUCCESS
E5_DT0_PD10_SEED101112,0,0.1,0.11053082191780822,1.0,anomaly_detection,None,lstm_autoencoder,raw,detection_latency,1.3442622950819672,1.3442622950819672,0.0,0.0,SUCCESS
E5_DT0_PD10_SEED101112,0,0.1,0.11053082191780822,1.0,anomaly_detection,None,lstm_autoencoder,raw,threshold,0.0007370078528765589,0.0007370078528765589,0.0,0.0,SUCCESS
E5_DT0_PD10_SEED101112,0,0.1,0.11053082191780822,1.0,anomaly_detection,None,lstm_autoencoder,residual,precision,0.04642313546423135,0.04642313546423135,0.0,0.0,SUCCESS
E5_DT0_PD10_SEED101112,0,0.1,0.11053082191780822,1.0,anomaly_detection,None,lstm_autoencoder,residual,recall,1.0,1.0,0.0,0.0,SUCCESS
E5_DT0_PD10_SEED101112,0,0.1,0.11053082191780822,1.0,anomaly_detection,None,lstm_autoencoder,residual,f1,0.08872727272727272,0.08872727272727272,0.0,0.0,SUCCESS
E5_DT0_PD10_SEED101112,0,0.1,0.11053082191780822,1.0,anomaly_detection,None,lstm_autoencoder,residual,false_positive_rate,1.0,1.0,0.0,0.0,SUCCESS
E5_DT0_PD10_SEED101112,0,0.1,0.11053082191780822,1.0,anomaly_detection,None,lstm_autoencoder,residual,pr_auc,0.13231432991818765,0.13190002094256142,0.0004143089756262208,-0.0031410834711439522,SUCCESS
E5_DT0_PD10_SEED101112,0,0.1,0.11053082191780822,1.0,anomaly_detection,None,lstm_autoencoder,residual,roc_auc,0.7435891565161645,0.7417419504664216,0.0018472060497429776,-0.002490362111218624,SUCCESS
E5_DT0_PD10_SEED101112,0,0.1,0.11053082191780822,1.0,anomaly_detection,None,lstm_autoencoder,residual,detection_latency,0.0,0.0,0.0,0.0,SUCCESS
E5_DT0_PD10_SEED101112,0,0.1,0.11053082191780822,1.0,anomaly_detection,None,lstm_autoencoder,residual,threshold,0.0003816792741417885,0.0003816792741417885,0.0,0.0,SUCCESS
E5_DT0_PD20_SEED101112,0,0.2,0.25082762557077626,1.0,load_estimation,persistence,None,raw,mae,0.4770304416185826,0.42594539121224273,0.05108505040633987,0.1199333329114128,SUCCESS
E5_DT0_PD20_SEED101112,0,0.2,0.25082762557077626,1.0,load_estimation,persistence,None,raw,rmse,0.6480883699106799,0.5819721564703912,0.06611621344028862,0.11360717640046132,SUCCESS
E5_DT0_PD20_SEED101112,0,0.2,0.25082762557077626,1.0,load_estimation,persistence,None,raw,mape,14.694883121170527,13.286006475148488,1.4088766460220388,0.10604214657409256,SUCCESS
E5_DT0_PD20_SEED101112,0,0.2,0.25082762557077626,1.0,load_estimation,persistence,None,raw,r2,0.9224451361358141,0.9374618546027488,-0.015016718466934642,-0.01601848479829401,SUCCESS
E5_DT0_PD20_SEED101112,0,0.2,0.25082762557077626,1.0,load_estimation,xgboost,None,raw,mae,0.282902440660076,0.27311548121171453,0.009786959448361499,0.03583451002096367,SUCCESS
E5_DT0_PD20_SEED101112,0,0.2,0.25082762557077626,1.0,load_estimation,xgboost,None,raw,rmse,0.42022017387844074,0.40760963873834977,0.012610535140090973,0.03093777462948036,SUCCESS
E5_DT0_PD20_SEED101112,0,0.2,0.25082762557077626,1.0,load_estimation,xgboost,None,raw,mape,9.30155204264908,9.005682087543944,0.29586995510513603,0.03285369750219848,SUCCESS
E5_DT0_PD20_SEED101112,0,0.2,0.25082762557077626,1.0,load_estimation,xgboost,None,raw,r2,0.9673942360552856,0.9693218282677428,-0.0019275922124571965,-0.0019885987875687904,SUCCESS
E5_DT0_PD20_SEED101112,0,0.2,0.25082762557077626,1.0,load_estimation,lstm,None,raw,mae,0.2860875367753801,0.2762261204479895,0.009861416327390626,0.03570052068717169,SUCCESS
E5_DT0_PD20_SEED101112,0,0.2,0.25082762557077626,1.0,load_estimation,lstm,None,raw,rmse,0.41968507958014883,0.4088705073983315,0.010814572181817361,0.026449871013273025,SUCCESS
E5_DT0_PD20_SEED101112,0,0.2,0.25082762557077626,1.0,load_estimation,lstm,None,raw,mape,9.200822177835981,8.962657158047907,0.2381650197880738,0.026573036945211775,SUCCESS
E5_DT0_PD20_SEED101112,0,0.2,0.25082762557077626,1.0,load_estimation,lstm,None,raw,r2,0.9675658160345202,0.9692158273028284,-0.0016500112683082158,-0.0017024188233697457,SUCCESS
E5_DT0_PD20_SEED101112,0,0.2,0.25082762557077626,1.0,anomaly_detection,None,isolation_forest,raw,precision,0.11646586345381527,0.11646586345381527,0.0,0.0,SUCCESS
E5_DT0_PD20_SEED101112,0,0.2,0.25082762557077626,1.0,anomaly_detection,None,isolation_forest,raw,recall,0.11885245901639344,0.11885245901639344,0.0,0.0,SUCCESS
E5_DT0_PD20_SEED101112,0,0.2,0.25082762557077626,1.0,anomaly_detection,None,isolation_forest,raw,f1,0.11764705882352941,0.11764705882352941,0.0,0.0,SUCCESS
E5_DT0_PD20_SEED101112,0,0.2,0.25082762557077626,1.0,anomaly_detection,None,isolation_forest,raw,false_positive_rate,0.04389465283320032,0.04389465283320032,0.0,0.0,SUCCESS
E5_DT0_PD20_SEED101112,0,0.2,0.25082762557077626,1.0,anomaly_detection,None,isolation_forest,raw,pr_auc,0.09385708598261007,0.09385708598261007,0.0,0.0,SUCCESS
E5_DT0_PD20_SEED101112,0,0.2,0.25082762557077626,1.0,anomaly_detection,None,isolation_forest,raw,roc_auc,0.7138596875695052,0.7138596875695052,0.0,0.0,SUCCESS
E5_DT0_PD20_SEED101112,0,0.2,0.25082762557077626,1.0,anomaly_detection,None,isolation_forest,raw,detection_latency,3.2459016393442623,3.2459016393442623,0.0,0.0,SUCCESS
E5_DT0_PD20_SEED101112,0,0.2,0.25082762557077626,1.0,anomaly_detection,None,isolation_forest,raw,threshold,0.5031683371451802,0.5031683371451802,0.0,0.0,SUCCESS
E5_DT0_PD20_SEED101112,0,0.2,0.25082762557077626,1.0,anomaly_detection,None,isolation_forest,residual,precision,0.04642313546423135,0.04642313546423135,0.0,0.0,SUCCESS
E5_DT0_PD20_SEED101112,0,0.2,0.25082762557077626,1.0,anomaly_detection,None,isolation_forest,residual,recall,1.0,1.0,0.0,0.0,SUCCESS
E5_DT0_PD20_SEED101112,0,0.2,0.25082762557077626,1.0,anomaly_detection,None,isolation_forest,residual,f1,0.08872727272727272,0.08872727272727272,0.0,0.0,SUCCESS
E5_DT0_PD20_SEED101112,0,0.2,0.25082762557077626,1.0,anomaly_detection,None,isolation_forest,residual,false_positive_rate,1.0,1.0,0.0,0.0,SUCCESS
E5_DT0_PD20_SEED101112,0,0.2,0.25082762557077626,1.0,anomaly_detection,None,isolation_forest,residual,pr_auc,0.09394256275856078,0.08483778096937764,0.009104781789183142,-0.10731989551293816,SUCCESS
E5_DT0_PD20_SEED101112,0,0.2,0.25082762557077626,1.0,anomaly_detection,None,isolation_forest,residual,roc_auc,0.6823942210825167,0.6919352570224903,-0.009541035939973574,0.01378891427072267,SUCCESS
E5_DT0_PD20_SEED101112,0,0.2,0.25082762557077626,1.0,anomaly_detection,None,isolation_forest,residual,detection_latency,0.0,0.0,0.0,0.0,SUCCESS
E5_DT0_PD20_SEED101112,0,0.2,0.25082762557077626,1.0,anomaly_detection,None,isolation_forest,residual,threshold,0.29376565419608197,0.29376565419608197,0.0,0.0,SUCCESS
E5_DT0_PD20_SEED101112,0,0.2,0.25082762557077626,1.0,anomaly_detection,None,lstm_autoencoder,raw,precision,0.49825783972125437,0.49825783972125437,0.0,0.0,SUCCESS
E5_DT0_PD20_SEED101112,0,0.2,0.25082762557077626,1.0,anomaly_detection,None,lstm_autoencoder,raw,recall,0.5860655737704918,0.5860655737704918,0.0,0.0,SUCCESS
E5_DT0_PD20_SEED101112,0,0.2,0.25082762557077626,1.0,anomaly_detection,None,lstm_autoencoder,raw,f1,0.5386064030131827,0.5386064030131827,0.0,0.0,SUCCESS
E5_DT0_PD20_SEED101112,0,0.2,0.25082762557077626,1.0,anomaly_detection,None,lstm_autoencoder,raw,false_positive_rate,0.028731045490822026,0.028731045490822026,0.0,0.0,SUCCESS
E5_DT0_PD20_SEED101112,0,0.2,0.25082762557077626,1.0,anomaly_detection,None,lstm_autoencoder,raw,pr_auc,0.561001698584242,0.561001698584242,0.0,0.0,SUCCESS
E5_DT0_PD20_SEED101112,0,0.2,0.25082762557077626,1.0,anomaly_detection,None,lstm_autoencoder,raw,roc_auc,0.9493396177043946,0.9493396177043946,0.0,0.0,SUCCESS
E5_DT0_PD20_SEED101112,0,0.2,0.25082762557077626,1.0,anomaly_detection,None,lstm_autoencoder,raw,detection_latency,1.3442622950819672,1.3442622950819672,0.0,0.0,SUCCESS
E5_DT0_PD20_SEED101112,0,0.2,0.25082762557077626,1.0,anomaly_detection,None,lstm_autoencoder,raw,threshold,0.0007370078528765589,0.0007370078528765589,0.0,0.0,SUCCESS
E5_DT0_PD20_SEED101112,0,0.2,0.25082762557077626,1.0,anomaly_detection,None,lstm_autoencoder,residual,precision,0.04642313546423135,0.04642313546423135,0.0,0.0,SUCCESS
E5_DT0_PD20_SEED101112,0,0.2,0.25082762557077626,1.0,anomaly_detection,None,lstm_autoencoder,residual,recall,1.0,1.0,0.0,0.0,SUCCESS
E5_DT0_PD20_SEED101112,0,0.2,0.25082762557077626,1.0,anomaly_detection,None,lstm_autoencoder,residual,f1,0.08872727272727272,0.08872727272727272,0.0,0.0,SUCCESS
E5_DT0_PD20_SEED101112,0,0.2,0.25082762557077626,1.0,anomaly_detection,None,lstm_autoencoder,residual,false_positive_rate,1.0,1.0,0.0,0.0,SUCCESS
E5_DT0_PD20_SEED101112,0,0.2,0.25082762557077626,1.0,anomaly_detection,None,lstm_autoencoder,residual,pr_auc,0.1353981160977036,0.13190002094256142,0.0034980951551421835,-0.02652080818596307,SUCCESS
E5_DT0_PD20_SEED101112,0,0.2,0.25082762557077626,1.0,anomaly_detection,None,lstm_autoencoder,residual,roc_auc,0.7443414493739616,0.7417419504664216,0.0025994989075400765,-0.0035045866098114874,SUCCESS
E5_DT0_PD20_SEED101112,0,0.2,0.25082762557077626,1.0,anomaly_detection,None,lstm_autoencoder,residual,detection_latency,0.0,0.0,0.0,0.0,SUCCESS
E5_DT0_PD20_SEED101112,0,0.2,0.25082762557077626,1.0,anomaly_detection,None,lstm_autoencoder,residual,threshold,0.0003816792741417885,0.0003816792741417885,0.0,0.0,SUCCESS
E5_DT1_PD00_SEED101112,1,0.0,0.0,0.0,load_estimation,persistence,None,raw,mae,0.42594539121224273,0.42594539121224273,0.0,0.0,SUCCESS
E5_DT1_PD00_SEED101112,1,0.0,0.0,0.0,load_estimation,persistence,None,raw,rmse,0.5819721564703912,0.5819721564703912,0.0,0.0,SUCCESS
E5_DT1_PD00_SEED101112,1,0.0,0.0,0.0,load_estimation,persistence,None,raw,mape,13.286006475148488,13.286006475148488,0.0,0.0,SUCCESS
E5_DT1_PD00_SEED101112,1,0.0,0.0,0.0,load_estimation,persistence,None,raw,r2,0.9374618546027488,0.9374618546027488,0.0,0.0,SUCCESS
E5_DT1_PD00_SEED101112,1,0.0,0.0,0.0,load_estimation,xgboost,None,raw,mae,0.27311548121171453,0.27311548121171453,0.0,0.0,SUCCESS
E5_DT1_PD00_SEED101112,1,0.0,0.0,0.0,load_estimation,xgboost,None,raw,rmse,0.40760963873834977,0.40760963873834977,0.0,0.0,SUCCESS
E5_DT1_PD00_SEED101112,1,0.0,0.0,0.0,load_estimation,xgboost,None,raw,mape,9.005682087543944,9.005682087543944,0.0,0.0,SUCCESS
E5_DT1_PD00_SEED101112,1,0.0,0.0,0.0,load_estimation,xgboost,None,raw,r2,0.9693218282677428,0.9693218282677428,0.0,0.0,SUCCESS
E5_DT1_PD00_SEED101112,1,0.0,0.0,0.0,load_estimation,lstm,None,raw,mae,0.2762261204479895,0.2762261204479895,0.0,0.0,SUCCESS
E5_DT1_PD00_SEED101112,1,0.0,0.0,0.0,load_estimation,lstm,None,raw,rmse,0.4088705073983315,0.4088705073983315,0.0,0.0,SUCCESS
E5_DT1_PD00_SEED101112,1,0.0,0.0,0.0,load_estimation,lstm,None,raw,mape,8.962657158047907,8.962657158047907,0.0,0.0,SUCCESS
E5_DT1_PD00_SEED101112,1,0.0,0.0,0.0,load_estimation,lstm,None,raw,r2,0.9692158273028284,0.9692158273028284,0.0,0.0,SUCCESS
E5_DT1_PD00_SEED101112,1,0.0,0.0,0.0,anomaly_detection,None,isolation_forest,raw,precision,0.11646586345381527,0.11646586345381527,0.0,0.0,SUCCESS
E5_DT1_PD00_SEED101112,1,0.0,0.0,0.0,anomaly_detection,None,isolation_forest,raw,recall,0.11885245901639344,0.11885245901639344,0.0,0.0,SUCCESS
E5_DT1_PD00_SEED101112,1,0.0,0.0,0.0,anomaly_detection,None,isolation_forest,raw,f1,0.11764705882352941,0.11764705882352941,0.0,0.0,SUCCESS
E5_DT1_PD00_SEED101112,1,0.0,0.0,0.0,anomaly_detection,None,isolation_forest,raw,false_positive_rate,0.04389465283320032,0.04389465283320032,0.0,0.0,SUCCESS
E5_DT1_PD00_SEED101112,1,0.0,0.0,0.0,anomaly_detection,None,isolation_forest,raw,pr_auc,0.09385708598261007,0.09385708598261007,0.0,0.0,SUCCESS
E5_DT1_PD00_SEED101112,1,0.0,0.0,0.0,anomaly_detection,None,isolation_forest,raw,roc_auc,0.7138596875695052,0.7138596875695052,0.0,0.0,SUCCESS
E5_DT1_PD00_SEED101112,1,0.0,0.0,0.0,anomaly_detection,None,isolation_forest,raw,detection_latency,3.2459016393442623,3.2459016393442623,0.0,0.0,SUCCESS
E5_DT1_PD00_SEED101112,1,0.0,0.0,0.0,anomaly_detection,None,isolation_forest,raw,threshold,0.5031683371451802,0.5031683371451802,0.0,0.0,SUCCESS
E5_DT1_PD00_SEED101112,1,0.0,0.0,0.0,anomaly_detection,None,isolation_forest,residual,precision,0.04642313546423135,0.04642313546423135,0.0,0.0,SUCCESS
E5_DT1_PD00_SEED101112,1,0.0,0.0,0.0,anomaly_detection,None,isolation_forest,residual,recall,1.0,1.0,0.0,0.0,SUCCESS
E5_DT1_PD00_SEED101112,1,0.0,0.0,0.0,anomaly_detection,None,isolation_forest,residual,f1,0.08872727272727272,0.08872727272727272,0.0,0.0,SUCCESS
E5_DT1_PD00_SEED101112,1,0.0,0.0,0.0,anomaly_detection,None,isolation_forest,residual,false_positive_rate,1.0,1.0,0.0,0.0,SUCCESS
E5_DT1_PD00_SEED101112,1,0.0,0.0,0.0,anomaly_detection,None,isolation_forest,residual,pr_auc,0.08483778096937764,0.08483778096937764,0.0,0.0,SUCCESS
E5_DT1_PD00_SEED101112,1,0.0,0.0,0.0,anomaly_detection,None,isolation_forest,residual,roc_auc,0.6919352570224903,0.6919352570224903,0.0,0.0,SUCCESS
E5_DT1_PD00_SEED101112,1,0.0,0.0,0.0,anomaly_detection,None,isolation_forest,residual,detection_latency,0.0,0.0,0.0,0.0,SUCCESS
E5_DT1_PD00_SEED101112,1,0.0,0.0,0.0,anomaly_detection,None,isolation_forest,residual,threshold,0.29376565419608197,0.29376565419608197,0.0,0.0,SUCCESS
E5_DT1_PD00_SEED101112,1,0.0,0.0,0.0,anomaly_detection,None,lstm_autoencoder,raw,precision,0.49825783972125437,0.49825783972125437,0.0,0.0,SUCCESS
E5_DT1_PD00_SEED101112,1,0.0,0.0,0.0,anomaly_detection,None,lstm_autoencoder,raw,recall,0.5860655737704918,0.5860655737704918,0.0,0.0,SUCCESS
E5_DT1_PD00_SEED101112,1,0.0,0.0,0.0,anomaly_detection,None,lstm_autoencoder,raw,f1,0.5386064030131827,0.5386064030131827,0.0,0.0,SUCCESS
E5_DT1_PD00_SEED101112,1,0.0,0.0,0.0,anomaly_detection,None,lstm_autoencoder,raw,false_positive_rate,0.028731045490822026,0.028731045490822026,0.0,0.0,SUCCESS
E5_DT1_PD00_SEED101112,1,0.0,0.0,0.0,anomaly_detection,None,lstm_autoencoder,raw,pr_auc,0.561001698584242,0.561001698584242,0.0,0.0,SUCCESS
E5_DT1_PD00_SEED101112,1,0.0,0.0,0.0,anomaly_detection,None,lstm_autoencoder,raw,roc_auc,0.9493396177043946,0.9493396177043946,0.0,0.0,SUCCESS
E5_DT1_PD00_SEED101112,1,0.0,0.0,0.0,anomaly_detection,None,lstm_autoencoder,raw,detection_latency,1.3442622950819672,1.3442622950819672,0.0,0.0,SUCCESS
E5_DT1_PD00_SEED101112,1,0.0,0.0,0.0,anomaly_detection,None,lstm_autoencoder,raw,threshold,0.0007370078528765589,0.0007370078528765589,0.0,0.0,SUCCESS
E5_DT1_PD00_SEED101112,1,0.0,0.0,0.0,anomaly_detection,None,lstm_autoencoder,residual,precision,0.04642313546423135,0.04642313546423135,0.0,0.0,SUCCESS
E5_DT1_PD00_SEED101112,1,0.0,0.0,0.0,anomaly_detection,None,lstm_autoencoder,residual,recall,1.0,1.0,0.0,0.0,SUCCESS
E5_DT1_PD00_SEED101112,1,0.0,0.0,0.0,anomaly_detection,None,lstm_autoencoder,residual,f1,0.08872727272727272,0.08872727272727272,0.0,0.0,SUCCESS
E5_DT1_PD00_SEED101112,1,0.0,0.0,0.0,anomaly_detection,None,lstm_autoencoder,residual,false_positive_rate,1.0,1.0,0.0,0.0,SUCCESS
E5_DT1_PD00_SEED101112,1,0.0,0.0,0.0,anomaly_detection,None,lstm_autoencoder,residual,pr_auc,0.13190002094256142,0.13190002094256142,0.0,0.0,SUCCESS
E5_DT1_PD00_SEED101112,1,0.0,0.0,0.0,anomaly_detection,None,lstm_autoencoder,residual,roc_auc,0.7417419504664216,0.7417419504664216,0.0,0.0,SUCCESS
E5_DT1_PD00_SEED101112,1,0.0,0.0,0.0,anomaly_detection,None,lstm_autoencoder,residual,detection_latency,0.0,0.0,0.0,0.0,SUCCESS
E5_DT1_PD00_SEED101112,1,0.0,0.0,0.0,anomaly_detection,None,lstm_autoencoder,residual,threshold,0.0003816792741417885,0.0003816792741417885,0.0,0.0,SUCCESS
E5_DT1_PD05_SEED101112,1,0.05,0.054480593607305935,1.0,load_estimation,persistence,None,raw,mae,0.4356026972220187,0.42594539121224273,0.00965730600977599,0.02267263881478151,SUCCESS
E5_DT1_PD05_SEED101112,1,0.05,0.054480593607305935,1.0,load_estimation,persistence,None,raw,rmse,0.5944175588253224,0.5819721564703912,0.01244540235493119,0.021384875919857462,SUCCESS
E5_DT1_PD05_SEED101112,1,0.05,0.054480593607305935,1.0,load_estimation,persistence,None,raw,mape,13.591749779884216,13.286006475148488,0.30574330473572786,0.023012430808883134,SUCCESS
E5_DT1_PD05_SEED101112,1,0.05,0.054480593607305935,1.0,load_estimation,persistence,None,raw,r2,0.9347585141418276,0.9374618546027488,-0.002703340460921133,-0.0028836804907295976,SUCCESS
E5_DT1_PD05_SEED101112,1,0.05,0.054480593607305935,1.0,load_estimation,xgboost,None,raw,mae,0.27485488262169255,0.27311548121171453,0.0017394014099780253,0.006368739707690428,SUCCESS
E5_DT1_PD05_SEED101112,1,0.05,0.054480593607305935,1.0,load_estimation,xgboost,None,raw,rmse,0.40985693783811994,0.40760963873834977,0.0022472990997701725,0.005513361035146533,SUCCESS
E5_DT1_PD05_SEED101112,1,0.05,0.054480593607305935,1.0,load_estimation,xgboost,None,raw,mape,9.076125574182521,9.005682087543944,0.07044348663857747,0.007822115632530508,SUCCESS
E5_DT1_PD05_SEED101112,1,0.05,0.054480593607305935,1.0,load_estimation,xgboost,None,raw,r2,0.9689826160654417,0.9693218282677428,-0.00033921220230115345,-0.0003499479661026032,SUCCESS
E5_DT1_PD05_SEED101112,1,0.05,0.054480593607305935,1.0,load_estimation,lstm,None,raw,mae,0.2773588653643182,0.2762261204479895,0.0011327449163286984,0.0041007885658734524,SUCCESS
E5_DT1_PD05_SEED101112,1,0.05,0.054480593607305935,1.0,load_estimation,lstm,None,raw,rmse,0.4101875840236717,0.4088705073983315,0.0013170766253402522,0.0032212561226802414,SUCCESS
E5_DT1_PD05_SEED101112,1,0.05,0.054480593607305935,1.0,load_estimation,lstm,None,raw,mape,8.997747123599499,8.962657158047907,0.03508996555159172,0.003915129735837671,SUCCESS
E5_DT1_PD05_SEED101112,1,0.05,0.054480593607305935,1.0,load_estimation,lstm,None,raw,r2,0.9690171804615725,0.9692158273028284,-0.0001986468412559228,-0.00020495624984656407,SUCCESS
E5_DT1_PD05_SEED101112,1,0.05,0.054480593607305935,1.0,anomaly_detection,None,isolation_forest,raw,precision,0.11646586345381527,0.11646586345381527,0.0,0.0,SUCCESS
E5_DT1_PD05_SEED101112,1,0.05,0.054480593607305935,1.0,anomaly_detection,None,isolation_forest,raw,recall,0.11885245901639344,0.11885245901639344,0.0,0.0,SUCCESS
E5_DT1_PD05_SEED101112,1,0.05,0.054480593607305935,1.0,anomaly_detection,None,isolation_forest,raw,f1,0.11764705882352941,0.11764705882352941,0.0,0.0,SUCCESS
E5_DT1_PD05_SEED101112,1,0.05,0.054480593607305935,1.0,anomaly_detection,None,isolation_forest,raw,false_positive_rate,0.04389465283320032,0.04389465283320032,0.0,0.0,SUCCESS
E5_DT1_PD05_SEED101112,1,0.05,0.054480593607305935,1.0,anomaly_detection,None,isolation_forest,raw,pr_auc,0.09385708598261007,0.09385708598261007,0.0,0.0,SUCCESS
E5_DT1_PD05_SEED101112,1,0.05,0.054480593607305935,1.0,anomaly_detection,None,isolation_forest,raw,roc_auc,0.7138596875695052,0.7138596875695052,0.0,0.0,SUCCESS
E5_DT1_PD05_SEED101112,1,0.05,0.054480593607305935,1.0,anomaly_detection,None,isolation_forest,raw,detection_latency,3.2459016393442623,3.2459016393442623,0.0,0.0,SUCCESS
E5_DT1_PD05_SEED101112,1,0.05,0.054480593607305935,1.0,anomaly_detection,None,isolation_forest,raw,threshold,0.5031683371451802,0.5031683371451802,0.0,0.0,SUCCESS
E5_DT1_PD05_SEED101112,1,0.05,0.054480593607305935,1.0,anomaly_detection,None,isolation_forest,residual,precision,0.04642313546423135,0.04642313546423135,0.0,0.0,SUCCESS
E5_DT1_PD05_SEED101112,1,0.05,0.054480593607305935,1.0,anomaly_detection,None,isolation_forest,residual,recall,1.0,1.0,0.0,0.0,SUCCESS
E5_DT1_PD05_SEED101112,1,0.05,0.054480593607305935,1.0,anomaly_detection,None,isolation_forest,residual,f1,0.08872727272727272,0.08872727272727272,0.0,0.0,SUCCESS
E5_DT1_PD05_SEED101112,1,0.05,0.054480593607305935,1.0,anomaly_detection,None,isolation_forest,residual,false_positive_rate,1.0,1.0,0.0,0.0,SUCCESS
E5_DT1_PD05_SEED101112,1,0.05,0.054480593607305935,1.0,anomaly_detection,None,isolation_forest,residual,pr_auc,0.08303850406279699,0.08483778096937764,-0.0017992769065806463,0.021208439047104483,SUCCESS
E5_DT1_PD05_SEED101112,1,0.05,0.054480593607305935,1.0,anomaly_detection,None,isolation_forest,residual,roc_auc,0.6897617848311592,0.6919352570224903,-0.002173472191331016,0.003141149651318275,SUCCESS
E5_DT1_PD05_SEED101112,1,0.05,0.054480593607305935,1.0,anomaly_detection,None,isolation_forest,residual,detection_latency,0.0,0.0,0.0,0.0,SUCCESS
E5_DT1_PD05_SEED101112,1,0.05,0.054480593607305935,1.0,anomaly_detection,None,isolation_forest,residual,threshold,0.29376565419608197,0.29376565419608197,0.0,0.0,SUCCESS
E5_DT1_PD05_SEED101112,1,0.05,0.054480593607305935,1.0,anomaly_detection,None,lstm_autoencoder,raw,precision,0.49825783972125437,0.49825783972125437,0.0,0.0,SUCCESS
E5_DT1_PD05_SEED101112,1,0.05,0.054480593607305935,1.0,anomaly_detection,None,lstm_autoencoder,raw,recall,0.5860655737704918,0.5860655737704918,0.0,0.0,SUCCESS
E5_DT1_PD05_SEED101112,1,0.05,0.054480593607305935,1.0,anomaly_detection,None,lstm_autoencoder,raw,f1,0.5386064030131827,0.5386064030131827,0.0,0.0,SUCCESS
E5_DT1_PD05_SEED101112,1,0.05,0.054480593607305935,1.0,anomaly_detection,None,lstm_autoencoder,raw,false_positive_rate,0.028731045490822026,0.028731045490822026,0.0,0.0,SUCCESS
E5_DT1_PD05_SEED101112,1,0.05,0.054480593607305935,1.0,anomaly_detection,None,lstm_autoencoder,raw,pr_auc,0.561001698584242,0.561001698584242,0.0,0.0,SUCCESS
E5_DT1_PD05_SEED101112,1,0.05,0.054480593607305935,1.0,anomaly_detection,None,lstm_autoencoder,raw,roc_auc,0.9493396177043946,0.9493396177043946,0.0,0.0,SUCCESS
E5_DT1_PD05_SEED101112,1,0.05,0.054480593607305935,1.0,anomaly_detection,None,lstm_autoencoder,raw,detection_latency,1.3442622950819672,1.3442622950819672,0.0,0.0,SUCCESS
E5_DT1_PD05_SEED101112,1,0.05,0.054480593607305935,1.0,anomaly_detection,None,lstm_autoencoder,raw,threshold,0.0007370078528765589,0.0007370078528765589,0.0,0.0,SUCCESS
E5_DT1_PD05_SEED101112,1,0.05,0.054480593607305935,1.0,anomaly_detection,None,lstm_autoencoder,residual,precision,0.04642313546423135,0.04642313546423135,0.0,0.0,SUCCESS
E5_DT1_PD05_SEED101112,1,0.05,0.054480593607305935,1.0,anomaly_detection,None,lstm_autoencoder,residual,recall,1.0,1.0,0.0,0.0,SUCCESS
E5_DT1_PD05_SEED101112,1,0.05,0.054480593607305935,1.0,anomaly_detection,None,lstm_autoencoder,residual,f1,0.08872727272727272,0.08872727272727272,0.0,0.0,SUCCESS
E5_DT1_PD05_SEED101112,1,0.05,0.054480593607305935,1.0,anomaly_detection,None,lstm_autoencoder,residual,false_positive_rate,1.0,1.0,0.0,0.0,SUCCESS
E5_DT1_PD05_SEED101112,1,0.05,0.054480593607305935,1.0,anomaly_detection,None,lstm_autoencoder,residual,pr_auc,0.13276031592263557,0.13190002094256142,0.0008602949800741444,-0.006522326334191998,SUCCESS
E5_DT1_PD05_SEED101112,1,0.05,0.054480593607305935,1.0,anomaly_detection,None,lstm_autoencoder,residual,roc_auc,0.7422898159172084,0.7417419504664216,0.0005478654507868885,-0.0007386200152794111,SUCCESS
E5_DT1_PD05_SEED101112,1,0.05,0.054480593607305935,1.0,anomaly_detection,None,lstm_autoencoder,residual,detection_latency,0.0,0.0,0.0,0.0,SUCCESS
E5_DT1_PD05_SEED101112,1,0.05,0.054480593607305935,1.0,anomaly_detection,None,lstm_autoencoder,residual,threshold,0.0003816792741417885,0.0003816792741417885,0.0,0.0,SUCCESS
E5_DT1_PD10_SEED101112,1,0.1,0.11053082191780822,1.0,load_estimation,persistence,None,raw,mae,0.4461507113193994,0.42594539121224273,0.020205320107156644,0.047436409746451774,SUCCESS
E5_DT1_PD10_SEED101112,1,0.1,0.11053082191780822,1.0,load_estimation,persistence,None,raw,rmse,0.6079773975561282,0.5819721564703912,0.026005241085736985,0.04468468258594437,SUCCESS
E5_DT1_PD10_SEED101112,1,0.1,0.11053082191780822,1.0,load_estimation,persistence,None,raw,mape,13.884994864836248,13.286006475148488,0.5989883896877597,0.045084156086192574,SUCCESS
E5_DT1_PD10_SEED101112,1,0.1,0.11053082191780822,1.0,load_estimation,persistence,None,raw,r2,0.9317479890302459,0.9374618546027488,-0.005713865572502863,-0.006095037941489496,SUCCESS
E5_DT1_PD10_SEED101112,1,0.1,0.11053082191780822,1.0,load_estimation,xgboost,None,raw,mae,0.27699164486003974,0.27311548121171453,0.003876163648325215,0.014192398142822516,SUCCESS
E5_DT1_PD10_SEED101112,1,0.1,0.11053082191780822,1.0,load_estimation,xgboost,None,raw,rmse,0.4119965406943331,0.40760963873834977,0.004386901955983347,0.010762507897413485,SUCCESS
E5_DT1_PD10_SEED101112,1,0.1,0.11053082191780822,1.0,load_estimation,xgboost,None,raw,mape,9.138342319636923,9.005682087543944,0.13266023209297906,0.014730725646696523,SUCCESS
E5_DT1_PD10_SEED101112,1,0.1,0.11053082191780822,1.0,load_estimation,xgboost,None,raw,r2,0.9686579266356616,0.9693218282677428,-0.0006639016320811875,-0.0006849135268805757,SUCCESS
E5_DT1_PD10_SEED101112,1,0.1,0.11053082191780822,1.0,load_estimation,lstm,None,raw,mae,0.2788088297310874,0.2762261204479895,0.002582709283097895,0.009349982104911734,SUCCESS
E5_DT1_PD10_SEED101112,1,0.1,0.11053082191780822,1.0,load_estimation,lstm,None,raw,rmse,0.4118339597188782,0.4088705073983315,0.0029634523205467334,0.007247899437412018,SUCCESS
E5_DT1_PD10_SEED101112,1,0.1,0.11053082191780822,1.0,load_estimation,lstm,None,raw,mape,9.030408045267693,8.962657158047907,0.06775088721978584,0.007559241196562982,SUCCESS
E5_DT1_PD10_SEED101112,1,0.1,0.11053082191780822,1.0,load_estimation,lstm,None,raw,r2,0.9687679689712984,0.9692158273028284,-0.00044785833153004884,-0.00046208317994183656,SUCCESS
E5_DT1_PD10_SEED101112,1,0.1,0.11053082191780822,1.0,anomaly_detection,None,isolation_forest,raw,precision,0.11646586345381527,0.11646586345381527,0.0,0.0,SUCCESS
E5_DT1_PD10_SEED101112,1,0.1,0.11053082191780822,1.0,anomaly_detection,None,isolation_forest,raw,recall,0.11885245901639344,0.11885245901639344,0.0,0.0,SUCCESS
E5_DT1_PD10_SEED101112,1,0.1,0.11053082191780822,1.0,anomaly_detection,None,isolation_forest,raw,f1,0.11764705882352941,0.11764705882352941,0.0,0.0,SUCCESS
E5_DT1_PD10_SEED101112,1,0.1,0.11053082191780822,1.0,anomaly_detection,None,isolation_forest,raw,false_positive_rate,0.04389465283320032,0.04389465283320032,0.0,0.0,SUCCESS
E5_DT1_PD10_SEED101112,1,0.1,0.11053082191780822,1.0,anomaly_detection,None,isolation_forest,raw,pr_auc,0.09385708598261007,0.09385708598261007,0.0,0.0,SUCCESS
E5_DT1_PD10_SEED101112,1,0.1,0.11053082191780822,1.0,anomaly_detection,None,isolation_forest,raw,roc_auc,0.7138596875695052,0.7138596875695052,0.0,0.0,SUCCESS
E5_DT1_PD10_SEED101112,1,0.1,0.11053082191780822,1.0,anomaly_detection,None,isolation_forest,raw,detection_latency,3.2459016393442623,3.2459016393442623,0.0,0.0,SUCCESS
E5_DT1_PD10_SEED101112,1,0.1,0.11053082191780822,1.0,anomaly_detection,None,isolation_forest,raw,threshold,0.5031683371451802,0.5031683371451802,0.0,0.0,SUCCESS
E5_DT1_PD10_SEED101112,1,0.1,0.11053082191780822,1.0,anomaly_detection,None,isolation_forest,residual,precision,0.04642313546423135,0.04642313546423135,0.0,0.0,SUCCESS
E5_DT1_PD10_SEED101112,1,0.1,0.11053082191780822,1.0,anomaly_detection,None,isolation_forest,residual,recall,1.0,1.0,0.0,0.0,SUCCESS
E5_DT1_PD10_SEED101112,1,0.1,0.11053082191780822,1.0,anomaly_detection,None,isolation_forest,residual,f1,0.08872727272727272,0.08872727272727272,0.0,0.0,SUCCESS
E5_DT1_PD10_SEED101112,1,0.1,0.11053082191780822,1.0,anomaly_detection,None,isolation_forest,residual,false_positive_rate,1.0,1.0,0.0,0.0,SUCCESS
E5_DT1_PD10_SEED101112,1,0.1,0.11053082191780822,1.0,anomaly_detection,None,isolation_forest,residual,pr_auc,0.0803766725270241,0.08483778096937764,-0.004461108442353534,0.05258398311907498,SUCCESS
E5_DT1_PD10_SEED101112,1,0.1,0.11053082191780822,1.0,anomaly_detection,None,isolation_forest,residual,roc_auc,0.6833713840880249,0.6919352570224903,-0.008563872934465366,0.01237669687669494,SUCCESS
E5_DT1_PD10_SEED101112,1,0.1,0.11053082191780822,1.0,anomaly_detection,None,isolation_forest,residual,detection_latency,0.0,0.0,0.0,0.0,SUCCESS
E5_DT1_PD10_SEED101112,1,0.1,0.11053082191780822,1.0,anomaly_detection,None,isolation_forest,residual,threshold,0.29376565419608197,0.29376565419608197,0.0,0.0,SUCCESS
E5_DT1_PD10_SEED101112,1,0.1,0.11053082191780822,1.0,anomaly_detection,None,lstm_autoencoder,raw,precision,0.49825783972125437,0.49825783972125437,0.0,0.0,SUCCESS
E5_DT1_PD10_SEED101112,1,0.1,0.11053082191780822,1.0,anomaly_detection,None,lstm_autoencoder,raw,recall,0.5860655737704918,0.5860655737704918,0.0,0.0,SUCCESS
E5_DT1_PD10_SEED101112,1,0.1,0.11053082191780822,1.0,anomaly_detection,None,lstm_autoencoder,raw,f1,0.5386064030131827,0.5386064030131827,0.0,0.0,SUCCESS
E5_DT1_PD10_SEED101112,1,0.1,0.11053082191780822,1.0,anomaly_detection,None,lstm_autoencoder,raw,false_positive_rate,0.028731045490822026,0.028731045490822026,0.0,0.0,SUCCESS
E5_DT1_PD10_SEED101112,1,0.1,0.11053082191780822,1.0,anomaly_detection,None,lstm_autoencoder,raw,pr_auc,0.561001698584242,0.561001698584242,0.0,0.0,SUCCESS
E5_DT1_PD10_SEED101112,1,0.1,0.11053082191780822,1.0,anomaly_detection,None,lstm_autoencoder,raw,roc_auc,0.9493396177043946,0.9493396177043946,0.0,0.0,SUCCESS
E5_DT1_PD10_SEED101112,1,0.1,0.11053082191780822,1.0,anomaly_detection,None,lstm_autoencoder,raw,detection_latency,1.3442622950819672,1.3442622950819672,0.0,0.0,SUCCESS
E5_DT1_PD10_SEED101112,1,0.1,0.11053082191780822,1.0,anomaly_detection,None,lstm_autoencoder,raw,threshold,0.0007370078528765589,0.0007370078528765589,0.0,0.0,SUCCESS
E5_DT1_PD10_SEED101112,1,0.1,0.11053082191780822,1.0,anomaly_detection,None,lstm_autoencoder,residual,precision,0.04642313546423135,0.04642313546423135,0.0,0.0,SUCCESS
E5_DT1_PD10_SEED101112,1,0.1,0.11053082191780822,1.0,anomaly_detection,None,lstm_autoencoder,residual,recall,1.0,1.0,0.0,0.0,SUCCESS
E5_DT1_PD10_SEED101112,1,0.1,0.11053082191780822,1.0,anomaly_detection,None,lstm_autoencoder,residual,f1,0.08872727272727272,0.08872727272727272,0.0,0.0,SUCCESS
E5_DT1_PD10_SEED101112,1,0.1,0.11053082191780822,1.0,anomaly_detection,None,lstm_autoencoder,residual,false_positive_rate,1.0,1.0,0.0,0.0,SUCCESS
E5_DT1_PD10_SEED101112,1,0.1,0.11053082191780822,1.0,anomaly_detection,None,lstm_autoencoder,residual,pr_auc,0.13231432991818765,0.13190002094256142,0.0004143089756262208,-0.0031410834711439522,SUCCESS
E5_DT1_PD10_SEED101112,1,0.1,0.11053082191780822,1.0,anomaly_detection,None,lstm_autoencoder,residual,roc_auc,0.7435891565161645,0.7417419504664216,0.0018472060497429776,-0.002490362111218624,SUCCESS
E5_DT1_PD10_SEED101112,1,0.1,0.11053082191780822,1.0,anomaly_detection,None,lstm_autoencoder,residual,detection_latency,0.0,0.0,0.0,0.0,SUCCESS
E5_DT1_PD10_SEED101112,1,0.1,0.11053082191780822,1.0,anomaly_detection,None,lstm_autoencoder,residual,threshold,0.0003816792741417885,0.0003816792741417885,0.0,0.0,SUCCESS
E5_DT1_PD20_SEED101112,1,0.2,0.25082762557077626,1.0,load_estimation,persistence,None,raw,mae,0.4770304416185826,0.42594539121224273,0.05108505040633987,0.1199333329114128,SUCCESS
E5_DT1_PD20_SEED101112,1,0.2,0.25082762557077626,1.0,load_estimation,persistence,None,raw,rmse,0.6480883699106799,0.5819721564703912,0.06611621344028862,0.11360717640046132,SUCCESS
E5_DT1_PD20_SEED101112,1,0.2,0.25082762557077626,1.0,load_estimation,persistence,None,raw,mape,14.694883121170527,13.286006475148488,1.4088766460220388,0.10604214657409256,SUCCESS
E5_DT1_PD20_SEED101112,1,0.2,0.25082762557077626,1.0,load_estimation,persistence,None,raw,r2,0.9224451361358141,0.9374618546027488,-0.015016718466934642,-0.01601848479829401,SUCCESS
E5_DT1_PD20_SEED101112,1,0.2,0.25082762557077626,1.0,load_estimation,xgboost,None,raw,mae,0.282902440660076,0.27311548121171453,0.009786959448361499,0.03583451002096367,SUCCESS
E5_DT1_PD20_SEED101112,1,0.2,0.25082762557077626,1.0,load_estimation,xgboost,None,raw,rmse,0.42022017387844074,0.40760963873834977,0.012610535140090973,0.03093777462948036,SUCCESS
E5_DT1_PD20_SEED101112,1,0.2,0.25082762557077626,1.0,load_estimation,xgboost,None,raw,mape,9.30155204264908,9.005682087543944,0.29586995510513603,0.03285369750219848,SUCCESS
E5_DT1_PD20_SEED101112,1,0.2,0.25082762557077626,1.0,load_estimation,xgboost,None,raw,r2,0.9673942360552856,0.9693218282677428,-0.0019275922124571965,-0.0019885987875687904,SUCCESS
E5_DT1_PD20_SEED101112,1,0.2,0.25082762557077626,1.0,load_estimation,lstm,None,raw,mae,0.2860875367753801,0.2762261204479895,0.009861416327390626,0.03570052068717169,SUCCESS
E5_DT1_PD20_SEED101112,1,0.2,0.25082762557077626,1.0,load_estimation,lstm,None,raw,rmse,0.41968507958014883,0.4088705073983315,0.010814572181817361,0.026449871013273025,SUCCESS
E5_DT1_PD20_SEED101112,1,0.2,0.25082762557077626,1.0,load_estimation,lstm,None,raw,mape,9.200822177835981,8.962657158047907,0.2381650197880738,0.026573036945211775,SUCCESS
E5_DT1_PD20_SEED101112,1,0.2,0.25082762557077626,1.0,load_estimation,lstm,None,raw,r2,0.9675658160345202,0.9692158273028284,-0.0016500112683082158,-0.0017024188233697457,SUCCESS
E5_DT1_PD20_SEED101112,1,0.2,0.25082762557077626,1.0,anomaly_detection,None,isolation_forest,raw,precision,0.11646586345381527,0.11646586345381527,0.0,0.0,SUCCESS
E5_DT1_PD20_SEED101112,1,0.2,0.25082762557077626,1.0,anomaly_detection,None,isolation_forest,raw,recall,0.11885245901639344,0.11885245901639344,0.0,0.0,SUCCESS
E5_DT1_PD20_SEED101112,1,0.2,0.25082762557077626,1.0,anomaly_detection,None,isolation_forest,raw,f1,0.11764705882352941,0.11764705882352941,0.0,0.0,SUCCESS
E5_DT1_PD20_SEED101112,1,0.2,0.25082762557077626,1.0,anomaly_detection,None,isolation_forest,raw,false_positive_rate,0.04389465283320032,0.04389465283320032,0.0,0.0,SUCCESS
E5_DT1_PD20_SEED101112,1,0.2,0.25082762557077626,1.0,anomaly_detection,None,isolation_forest,raw,pr_auc,0.09385708598261007,0.09385708598261007,0.0,0.0,SUCCESS
E5_DT1_PD20_SEED101112,1,0.2,0.25082762557077626,1.0,anomaly_detection,None,isolation_forest,raw,roc_auc,0.7138596875695052,0.7138596875695052,0.0,0.0,SUCCESS
E5_DT1_PD20_SEED101112,1,0.2,0.25082762557077626,1.0,anomaly_detection,None,isolation_forest,raw,detection_latency,3.2459016393442623,3.2459016393442623,0.0,0.0,SUCCESS
E5_DT1_PD20_SEED101112,1,0.2,0.25082762557077626,1.0,anomaly_detection,None,isolation_forest,raw,threshold,0.5031683371451802,0.5031683371451802,0.0,0.0,SUCCESS
E5_DT1_PD20_SEED101112,1,0.2,0.25082762557077626,1.0,anomaly_detection,None,isolation_forest,residual,precision,0.04642313546423135,0.04642313546423135,0.0,0.0,SUCCESS
E5_DT1_PD20_SEED101112,1,0.2,0.25082762557077626,1.0,anomaly_detection,None,isolation_forest,residual,recall,1.0,1.0,0.0,0.0,SUCCESS
E5_DT1_PD20_SEED101112,1,0.2,0.25082762557077626,1.0,anomaly_detection,None,isolation_forest,residual,f1,0.08872727272727272,0.08872727272727272,0.0,0.0,SUCCESS
E5_DT1_PD20_SEED101112,1,0.2,0.25082762557077626,1.0,anomaly_detection,None,isolation_forest,residual,false_positive_rate,1.0,1.0,0.0,0.0,SUCCESS
E5_DT1_PD20_SEED101112,1,0.2,0.25082762557077626,1.0,anomaly_detection,None,isolation_forest,residual,pr_auc,0.09394256275856078,0.08483778096937764,0.009104781789183142,-0.10731989551293816,SUCCESS
E5_DT1_PD20_SEED101112,1,0.2,0.25082762557077626,1.0,anomaly_detection,None,isolation_forest,residual,roc_auc,0.6823942210825167,0.6919352570224903,-0.009541035939973574,0.01378891427072267,SUCCESS
E5_DT1_PD20_SEED101112,1,0.2,0.25082762557077626,1.0,anomaly_detection,None,isolation_forest,residual,detection_latency,0.0,0.0,0.0,0.0,SUCCESS
E5_DT1_PD20_SEED101112,1,0.2,0.25082762557077626,1.0,anomaly_detection,None,isolation_forest,residual,threshold,0.29376565419608197,0.29376565419608197,0.0,0.0,SUCCESS
E5_DT1_PD20_SEED101112,1,0.2,0.25082762557077626,1.0,anomaly_detection,None,lstm_autoencoder,raw,precision,0.49825783972125437,0.49825783972125437,0.0,0.0,SUCCESS
E5_DT1_PD20_SEED101112,1,0.2,0.25082762557077626,1.0,anomaly_detection,None,lstm_autoencoder,raw,recall,0.5860655737704918,0.5860655737704918,0.0,0.0,SUCCESS
E5_DT1_PD20_SEED101112,1,0.2,0.25082762557077626,1.0,anomaly_detection,None,lstm_autoencoder,raw,f1,0.5386064030131827,0.5386064030131827,0.0,0.0,SUCCESS
E5_DT1_PD20_SEED101112,1,0.2,0.25082762557077626,1.0,anomaly_detection,None,lstm_autoencoder,raw,false_positive_rate,0.028731045490822026,0.028731045490822026,0.0,0.0,SUCCESS
E5_DT1_PD20_SEED101112,1,0.2,0.25082762557077626,1.0,anomaly_detection,None,lstm_autoencoder,raw,pr_auc,0.561001698584242,0.561001698584242,0.0,0.0,SUCCESS
E5_DT1_PD20_SEED101112,1,0.2,0.25082762557077626,1.0,anomaly_detection,None,lstm_autoencoder,raw,roc_auc,0.9493396177043946,0.9493396177043946,0.0,0.0,SUCCESS
E5_DT1_PD20_SEED101112,1,0.2,0.25082762557077626,1.0,anomaly_detection,None,lstm_autoencoder,raw,detection_latency,1.3442622950819672,1.3442622950819672,0.0,0.0,SUCCESS
E5_DT1_PD20_SEED101112,1,0.2,0.25082762557077626,1.0,anomaly_detection,None,lstm_autoencoder,raw,threshold,0.0007370078528765589,0.0007370078528765589,0.0,0.0,SUCCESS
E5_DT1_PD20_SEED101112,1,0.2,0.25082762557077626,1.0,anomaly_detection,None,lstm_autoencoder,residual,precision,0.04642313546423135,0.04642313546423135,0.0,0.0,SUCCESS
E5_DT1_PD20_SEED101112,1,0.2,0.25082762557077626,1.0,anomaly_detection,None,lstm_autoencoder,residual,recall,1.0,1.0,0.0,0.0,SUCCESS
E5_DT1_PD20_SEED101112,1,0.2,0.25082762557077626,1.0,anomaly_detection,None,lstm_autoencoder,residual,f1,0.08872727272727272,0.08872727272727272,0.0,0.0,SUCCESS
E5_DT1_PD20_SEED101112,1,0.2,0.25082762557077626,1.0,anomaly_detection,None,lstm_autoencoder,residual,false_positive_rate,1.0,1.0,0.0,0.0,SUCCESS
E5_DT1_PD20_SEED101112,1,0.2,0.25082762557077626,1.0,anomaly_detection,None,lstm_autoencoder,residual,pr_auc,0.1353981160977036,0.13190002094256142,0.0034980951551421835,-0.02652080818596307,SUCCESS
E5_DT1_PD20_SEED101112,1,0.2,0.25082762557077626,1.0,anomaly_detection,None,lstm_autoencoder,residual,roc_auc,0.7443414493739616,0.7417419504664216,0.0025994989075400765,-0.0035045866098114874,SUCCESS
E5_DT1_PD20_SEED101112,1,0.2,0.25082762557077626,1.0,anomaly_detection,None,lstm_autoencoder,residual,detection_latency,0.0,0.0,0.0,0.0,SUCCESS
E5_DT1_PD20_SEED101112,1,0.2,0.25082762557077626,1.0,anomaly_detection,None,lstm_autoencoder,residual,threshold,0.0003816792741417885,0.0003816792741417885,0.0,0.0,SUCCESS
E5_DT5_PD00_SEED101112,5,0.0,2.0,4.0,load_estimation,persistence,None,raw,mae,0.8313313724198116,0.42594539121224273,0.40538598120756886,0.95173228674652,SUCCESS
E5_DT5_PD00_SEED101112,5,0.0,2.0,4.0,load_estimation,persistence,None,raw,rmse,1.098393488787919,0.5819721564703912,0.5164213323175277,0.8873643293342015,SUCCESS
E5_DT5_PD00_SEED101112,5,0.0,2.0,4.0,load_estimation,persistence,None,raw,mape,24.00331914685436,13.286006475148488,10.717312671705871,0.8066617076961865,SUCCESS
E5_DT5_PD00_SEED101112,5,0.0,2.0,4.0,load_estimation,persistence,None,raw,r2,0.777230113620099,0.9374618546027488,-0.1602317409826498,-0.17092081154656508,SUCCESS
E5_DT5_PD00_SEED101112,5,0.0,2.0,4.0,load_estimation,xgboost,None,raw,mae,0.4985454064798137,0.27311548121171453,0.22542992526809918,0.8254014904902066,SUCCESS
E5_DT5_PD00_SEED101112,5,0.0,2.0,4.0,load_estimation,xgboost,None,raw,rmse,0.6903464195119051,0.40760963873834977,0.28273678077355535,0.6936459639391599,SUCCESS
E5_DT5_PD00_SEED101112,5,0.0,2.0,4.0,load_estimation,xgboost,None,raw,mape,14.74498499773318,9.005682087543944,5.739302910189236,0.6372979697037557,SUCCESS
E5_DT5_PD00_SEED101112,5,0.0,2.0,4.0,load_estimation,xgboost,None,raw,r2,0.9120016078123858,0.9693218282677428,-0.05732022045535701,-0.05913435433285653,SUCCESS
E5_DT5_PD00_SEED101112,5,0.0,2.0,4.0,load_estimation,lstm,None,raw,mae,0.5497740135807028,0.2762261204479895,0.27354789313271327,0.9903042213714887,SUCCESS
E5_DT5_PD00_SEED101112,5,0.0,2.0,4.0,load_estimation,lstm,None,raw,rmse,0.7166858951447286,0.4088705073983315,0.3078153877463971,0.7528432160711361,SUCCESS
E5_DT5_PD00_SEED101112,5,0.0,2.0,4.0,load_estimation,lstm,None,raw,mape,15.58599445405681,8.962657158047907,6.623337296008902,0.7389925977545128,SUCCESS
E5_DT5_PD00_SEED101112,5,0.0,2.0,4.0,load_estimation,lstm,None,raw,r2,0.9054168810685049,0.9692158273028284,-0.06379894623432347,-0.06582532438813517,SUCCESS
E5_DT5_PD00_SEED101112,5,0.0,2.0,4.0,anomaly_detection,None,isolation_forest,raw,precision,0.11646586345381527,0.11646586345381527,0.0,0.0,SUCCESS
E5_DT5_PD00_SEED101112,5,0.0,2.0,4.0,anomaly_detection,None,isolation_forest,raw,recall,0.11885245901639344,0.11885245901639344,0.0,0.0,SUCCESS
E5_DT5_PD00_SEED101112,5,0.0,2.0,4.0,anomaly_detection,None,isolation_forest,raw,f1,0.11764705882352941,0.11764705882352941,0.0,0.0,SUCCESS
E5_DT5_PD00_SEED101112,5,0.0,2.0,4.0,anomaly_detection,None,isolation_forest,raw,false_positive_rate,0.04389465283320032,0.04389465283320032,0.0,0.0,SUCCESS
E5_DT5_PD00_SEED101112,5,0.0,2.0,4.0,anomaly_detection,None,isolation_forest,raw,pr_auc,0.09385708598261007,0.09385708598261007,0.0,0.0,SUCCESS
E5_DT5_PD00_SEED101112,5,0.0,2.0,4.0,anomaly_detection,None,isolation_forest,raw,roc_auc,0.7138596875695052,0.7138596875695052,0.0,0.0,SUCCESS
E5_DT5_PD00_SEED101112,5,0.0,2.0,4.0,anomaly_detection,None,isolation_forest,raw,detection_latency,3.2459016393442623,3.2459016393442623,0.0,0.0,SUCCESS
E5_DT5_PD00_SEED101112,5,0.0,2.0,4.0,anomaly_detection,None,isolation_forest,raw,threshold,0.5031683371451802,0.5031683371451802,0.0,0.0,SUCCESS
E5_DT5_PD00_SEED101112,5,0.0,2.0,4.0,anomaly_detection,None,isolation_forest,residual,precision,0.04642313546423135,0.04642313546423135,0.0,0.0,SUCCESS
E5_DT5_PD00_SEED101112,5,0.0,2.0,4.0,anomaly_detection,None,isolation_forest,residual,recall,1.0,1.0,0.0,0.0,SUCCESS
E5_DT5_PD00_SEED101112,5,0.0,2.0,4.0,anomaly_detection,None,isolation_forest,residual,f1,0.08872727272727272,0.08872727272727272,0.0,0.0,SUCCESS
E5_DT5_PD00_SEED101112,5,0.0,2.0,4.0,anomaly_detection,None,isolation_forest,residual,false_positive_rate,1.0,1.0,0.0,0.0,SUCCESS
E5_DT5_PD00_SEED101112,5,0.0,2.0,4.0,anomaly_detection,None,isolation_forest,residual,pr_auc,0.057116504684858856,0.08483778096937764,-0.02772127628451878,0.3267562631621026,SUCCESS
E5_DT5_PD00_SEED101112,5,0.0,2.0,4.0,anomaly_detection,None,isolation_forest,residual,roc_auc,0.6021666852014183,0.6919352570224903,-0.08976857182107201,0.12973550763601893,SUCCESS
E5_DT5_PD00_SEED101112,5,0.0,2.0,4.0,anomaly_detection,None,isolation_forest,residual,detection_latency,0.0,0.0,0.0,0.0,SUCCESS
E5_DT5_PD00_SEED101112,5,0.0,2.0,4.0,anomaly_detection,None,isolation_forest,residual,threshold,0.29376565419608197,0.29376565419608197,0.0,0.0,SUCCESS
E5_DT5_PD00_SEED101112,5,0.0,2.0,4.0,anomaly_detection,None,lstm_autoencoder,raw,precision,0.49825783972125437,0.49825783972125437,0.0,0.0,SUCCESS
E5_DT5_PD00_SEED101112,5,0.0,2.0,4.0,anomaly_detection,None,lstm_autoencoder,raw,recall,0.5860655737704918,0.5860655737704918,0.0,0.0,SUCCESS
E5_DT5_PD00_SEED101112,5,0.0,2.0,4.0,anomaly_detection,None,lstm_autoencoder,raw,f1,0.5386064030131827,0.5386064030131827,0.0,0.0,SUCCESS
E5_DT5_PD00_SEED101112,5,0.0,2.0,4.0,anomaly_detection,None,lstm_autoencoder,raw,false_positive_rate,0.028731045490822026,0.028731045490822026,0.0,0.0,SUCCESS
E5_DT5_PD00_SEED101112,5,0.0,2.0,4.0,anomaly_detection,None,lstm_autoencoder,raw,pr_auc,0.561001698584242,0.561001698584242,0.0,0.0,SUCCESS
E5_DT5_PD00_SEED101112,5,0.0,2.0,4.0,anomaly_detection,None,lstm_autoencoder,raw,roc_auc,0.9493396177043946,0.9493396177043946,0.0,0.0,SUCCESS
E5_DT5_PD00_SEED101112,5,0.0,2.0,4.0,anomaly_detection,None,lstm_autoencoder,raw,detection_latency,1.3442622950819672,1.3442622950819672,0.0,0.0,SUCCESS
E5_DT5_PD00_SEED101112,5,0.0,2.0,4.0,anomaly_detection,None,lstm_autoencoder,raw,threshold,0.0007370078528765589,0.0007370078528765589,0.0,0.0,SUCCESS
E5_DT5_PD00_SEED101112,5,0.0,2.0,4.0,anomaly_detection,None,lstm_autoencoder,residual,precision,0.04642313546423135,0.04642313546423135,0.0,0.0,SUCCESS
E5_DT5_PD00_SEED101112,5,0.0,2.0,4.0,anomaly_detection,None,lstm_autoencoder,residual,recall,1.0,1.0,0.0,0.0,SUCCESS
E5_DT5_PD00_SEED101112,5,0.0,2.0,4.0,anomaly_detection,None,lstm_autoencoder,residual,f1,0.08872727272727272,0.08872727272727272,0.0,0.0,SUCCESS
E5_DT5_PD00_SEED101112,5,0.0,2.0,4.0,anomaly_detection,None,lstm_autoencoder,residual,false_positive_rate,1.0,1.0,0.0,0.0,SUCCESS
E5_DT5_PD00_SEED101112,5,0.0,2.0,4.0,anomaly_detection,None,lstm_autoencoder,residual,pr_auc,0.12440569321906025,0.13190002094256142,-0.007494327723501171,0.056818245137085534,SUCCESS
E5_DT5_PD00_SEED101112,5,0.0,2.0,4.0,anomaly_detection,None,lstm_autoencoder,residual,roc_auc,0.6868679104575249,0.7417419504664216,-0.05487404000889662,0.07397996024680925,SUCCESS
E5_DT5_PD00_SEED101112,5,0.0,2.0,4.0,anomaly_detection,None,lstm_autoencoder,residual,detection_latency,0.0,0.0,0.0,0.0,SUCCESS
E5_DT5_PD00_SEED101112,5,0.0,2.0,4.0,anomaly_detection,None,lstm_autoencoder,residual,threshold,0.0003816792741417885,0.0003816792741417885,0.0,0.0,SUCCESS
E5_DT5_PD05_SEED101112,5,0.05,2.0327910958904107,4.0,load_estimation,persistence,None,raw,mae,0.8327933131877328,0.42594539121224273,0.40684792197549,0.9551645125625113,SUCCESS
E5_DT5_PD05_SEED101112,5,0.05,2.0327910958904107,4.0,load_estimation,persistence,None,raw,rmse,1.1019882651976125,0.5819721564703912,0.5200161087272213,0.8935412166126162,SUCCESS
E5_DT5_PD05_SEED101112,5,0.05,2.0327910958904107,4.0,load_estimation,persistence,None,raw,mape,23.86819522631294,13.286006475148488,10.582188751164454,0.7964913136959904,SUCCESS
E5_DT5_PD05_SEED101112,5,0.05,2.0327910958904107,4.0,load_estimation,persistence,None,raw,r2,0.7757695835533407,0.9374618546027488,-0.1616922710494081,-0.17247877367546383,SUCCESS
E5_DT5_PD05_SEED101112,5,0.05,2.0327910958904107,4.0,load_estimation,xgboost,None,raw,mae,0.5064168739128331,0.27311548121171453,0.23330139270111855,0.854222513004553,SUCCESS
E5_DT5_PD05_SEED101112,5,0.05,2.0327910958904107,4.0,load_estimation,xgboost,None,raw,rmse,0.7023947492978486,0.40760963873834977,0.29478511055949885,0.7232044646243645,SUCCESS
E5_DT5_PD05_SEED101112,5,0.05,2.0327910958904107,4.0,load_estimation,xgboost,None,raw,mape,14.808236313175364,9.005682087543944,5.80255422563142,0.6443214594102898,SUCCESS
E5_DT5_PD05_SEED101112,5,0.05,2.0327910958904107,4.0,load_estimation,xgboost,None,raw,r2,0.9089032052463815,0.9693218282677428,-0.06041862302136136,-0.062330818577906545,SUCCESS
E5_DT5_PD05_SEED101112,5,0.05,2.0327910958904107,4.0,load_estimation,lstm,None,raw,mae,0.561442257135611,0.2762261204479895,0.2852161366876215,1.0325458585344929,SUCCESS
E5_DT5_PD05_SEED101112,5,0.05,2.0327910958904107,4.0,load_estimation,lstm,None,raw,rmse,0.7297332638494236,0.4088705073983315,0.32086275645109213,0.784753976247301,SUCCESS
E5_DT5_PD05_SEED101112,5,0.05,2.0327910958904107,4.0,load_estimation,lstm,None,raw,mape,15.833465887095038,8.962657158047907,6.8708087290471305,0.7666039889607484,SUCCESS
E5_DT5_PD05_SEED101112,5,0.05,2.0327910958904107,4.0,load_estimation,lstm,None,raw,r2,0.9019417353712156,0.9692158273028284,-0.06727409193161282,-0.06941084744646173,SUCCESS
E5_DT5_PD05_SEED101112,5,0.05,2.0327910958904107,4.0,anomaly_detection,None,isolation_forest,raw,precision,0.11646586345381527,0.11646586345381527,0.0,0.0,SUCCESS
E5_DT5_PD05_SEED101112,5,0.05,2.0327910958904107,4.0,anomaly_detection,None,isolation_forest,raw,recall,0.11885245901639344,0.11885245901639344,0.0,0.0,SUCCESS
E5_DT5_PD05_SEED101112,5,0.05,2.0327910958904107,4.0,anomaly_detection,None,isolation_forest,raw,f1,0.11764705882352941,0.11764705882352941,0.0,0.0,SUCCESS
E5_DT5_PD05_SEED101112,5,0.05,2.0327910958904107,4.0,anomaly_detection,None,isolation_forest,raw,false_positive_rate,0.04389465283320032,0.04389465283320032,0.0,0.0,SUCCESS
E5_DT5_PD05_SEED101112,5,0.05,2.0327910958904107,4.0,anomaly_detection,None,isolation_forest,raw,pr_auc,0.09385708598261007,0.09385708598261007,0.0,0.0,SUCCESS
E5_DT5_PD05_SEED101112,5,0.05,2.0327910958904107,4.0,anomaly_detection,None,isolation_forest,raw,roc_auc,0.7138596875695052,0.7138596875695052,0.0,0.0,SUCCESS
E5_DT5_PD05_SEED101112,5,0.05,2.0327910958904107,4.0,anomaly_detection,None,isolation_forest,raw,detection_latency,3.2459016393442623,3.2459016393442623,0.0,0.0,SUCCESS
E5_DT5_PD05_SEED101112,5,0.05,2.0327910958904107,4.0,anomaly_detection,None,isolation_forest,raw,threshold,0.5031683371451802,0.5031683371451802,0.0,0.0,SUCCESS
E5_DT5_PD05_SEED101112,5,0.05,2.0327910958904107,4.0,anomaly_detection,None,isolation_forest,residual,precision,0.04642313546423135,0.04642313546423135,0.0,0.0,SUCCESS
E5_DT5_PD05_SEED101112,5,0.05,2.0327910958904107,4.0,anomaly_detection,None,isolation_forest,residual,recall,1.0,1.0,0.0,0.0,SUCCESS
E5_DT5_PD05_SEED101112,5,0.05,2.0327910958904107,4.0,anomaly_detection,None,isolation_forest,residual,f1,0.08872727272727272,0.08872727272727272,0.0,0.0,SUCCESS
E5_DT5_PD05_SEED101112,5,0.05,2.0327910958904107,4.0,anomaly_detection,None,isolation_forest,residual,false_positive_rate,1.0,1.0,0.0,0.0,SUCCESS
E5_DT5_PD05_SEED101112,5,0.05,2.0327910958904107,4.0,anomaly_detection,None,isolation_forest,residual,pr_auc,0.0570536254702976,0.08483778096937764,-0.027784155499080032,0.3274974331201423,SUCCESS
E5_DT5_PD05_SEED101112,5,0.05,2.0327910958904107,4.0,anomaly_detection,None,isolation_forest,residual,roc_auc,0.6068398957256682,0.6919352570224903,-0.08509536129682205,0.12298168135412149,SUCCESS
E5_DT5_PD05_SEED101112,5,0.05,2.0327910958904107,4.0,anomaly_detection,None,isolation_forest,residual,detection_latency,0.0,0.0,0.0,0.0,SUCCESS
E5_DT5_PD05_SEED101112,5,0.05,2.0327910958904107,4.0,anomaly_detection,None,isolation_forest,residual,threshold,0.29376565419608197,0.29376565419608197,0.0,0.0,SUCCESS
E5_DT5_PD05_SEED101112,5,0.05,2.0327910958904107,4.0,anomaly_detection,None,lstm_autoencoder,raw,precision,0.49825783972125437,0.49825783972125437,0.0,0.0,SUCCESS
E5_DT5_PD05_SEED101112,5,0.05,2.0327910958904107,4.0,anomaly_detection,None,lstm_autoencoder,raw,recall,0.5860655737704918,0.5860655737704918,0.0,0.0,SUCCESS
E5_DT5_PD05_SEED101112,5,0.05,2.0327910958904107,4.0,anomaly_detection,None,lstm_autoencoder,raw,f1,0.5386064030131827,0.5386064030131827,0.0,0.0,SUCCESS
E5_DT5_PD05_SEED101112,5,0.05,2.0327910958904107,4.0,anomaly_detection,None,lstm_autoencoder,raw,false_positive_rate,0.028731045490822026,0.028731045490822026,0.0,0.0,SUCCESS
E5_DT5_PD05_SEED101112,5,0.05,2.0327910958904107,4.0,anomaly_detection,None,lstm_autoencoder,raw,pr_auc,0.561001698584242,0.561001698584242,0.0,0.0,SUCCESS
E5_DT5_PD05_SEED101112,5,0.05,2.0327910958904107,4.0,anomaly_detection,None,lstm_autoencoder,raw,roc_auc,0.9493396177043946,0.9493396177043946,0.0,0.0,SUCCESS
E5_DT5_PD05_SEED101112,5,0.05,2.0327910958904107,4.0,anomaly_detection,None,lstm_autoencoder,raw,detection_latency,1.3442622950819672,1.3442622950819672,0.0,0.0,SUCCESS
E5_DT5_PD05_SEED101112,5,0.05,2.0327910958904107,4.0,anomaly_detection,None,lstm_autoencoder,raw,threshold,0.0007370078528765589,0.0007370078528765589,0.0,0.0,SUCCESS
E5_DT5_PD05_SEED101112,5,0.05,2.0327910958904107,4.0,anomaly_detection,None,lstm_autoencoder,residual,precision,0.04642313546423135,0.04642313546423135,0.0,0.0,SUCCESS
E5_DT5_PD05_SEED101112,5,0.05,2.0327910958904107,4.0,anomaly_detection,None,lstm_autoencoder,residual,recall,1.0,1.0,0.0,0.0,SUCCESS
E5_DT5_PD05_SEED101112,5,0.05,2.0327910958904107,4.0,anomaly_detection,None,lstm_autoencoder,residual,f1,0.08872727272727272,0.08872727272727272,0.0,0.0,SUCCESS
E5_DT5_PD05_SEED101112,5,0.05,2.0327910958904107,4.0,anomaly_detection,None,lstm_autoencoder,residual,false_positive_rate,1.0,1.0,0.0,0.0,SUCCESS
E5_DT5_PD05_SEED101112,5,0.05,2.0327910958904107,4.0,anomaly_detection,None,lstm_autoencoder,residual,pr_auc,0.14810285928372893,0.13190002094256142,0.016202838341167508,-0.12284181780549805,SUCCESS
E5_DT5_PD05_SEED101112,5,0.05,2.0327910958904107,4.0,anomaly_detection,None,lstm_autoencoder,residual,roc_auc,0.7195525819999216,0.7417419504664216,-0.022189368466499992,0.029915213036753405,SUCCESS
E5_DT5_PD05_SEED101112,5,0.05,2.0327910958904107,4.0,anomaly_detection,None,lstm_autoencoder,residual,detection_latency,0.0,0.0,0.0,0.0,SUCCESS
E5_DT5_PD05_SEED101112,5,0.05,2.0327910958904107,4.0,anomaly_detection,None,lstm_autoencoder,residual,threshold,0.0003816792741417885,0.0003816792741417885,0.0,0.0,SUCCESS
E5_DT5_PD10_SEED101112,5,0.1,2.064897260273973,4.0,load_estimation,persistence,None,raw,mae,0.8564039817593051,0.42594539121224273,0.43045859054706237,1.0105957228976585,SUCCESS
E5_DT5_PD10_SEED101112,5,0.1,2.064897260273973,4.0,load_estimation,persistence,None,raw,rmse,1.1400501178637215,0.5819721564703912,0.5580779613933302,0.9589427177719684,SUCCESS
E5_DT5_PD10_SEED101112,5,0.1,2.064897260273973,4.0,load_estimation,persistence,None,raw,mape,24.47001752322711,13.286006475148488,11.184011048078622,0.8417887699361238,SUCCESS
E5_DT5_PD10_SEED101112,5,0.1,2.064897260273973,4.0,load_estimation,persistence,None,raw,r2,0.7600125829751563,0.9374618546027488,-0.1774492716275925,-0.18928692485603796,SUCCESS
E5_DT5_PD10_SEED101112,5,0.1,2.064897260273973,4.0,load_estimation,xgboost,None,raw,mae,0.5207300281188986,0.27311548121171453,0.24761454690718404,0.9066294807185881,SUCCESS
E5_DT5_PD10_SEED101112,5,0.1,2.064897260273973,4.0,load_estimation,xgboost,None,raw,rmse,0.7270270626084311,0.40760963873834977,0.3194174238700813,0.7836356001265214,SUCCESS
E5_DT5_PD10_SEED101112,5,0.1,2.064897260273973,4.0,load_estimation,xgboost,None,raw,mape,15.23735335652665,9.005682087543944,6.231671268982707,0.691971047656894,SUCCESS
E5_DT5_PD10_SEED101112,5,0.1,2.064897260273973,4.0,load_estimation,xgboost,None,raw,r2,0.9024018157005621,0.9693218282677428,-0.06692001256718072,-0.06903797130698298,SUCCESS
E5_DT5_PD10_SEED101112,5,0.1,2.064897260273973,4.0,load_estimation,lstm,None,raw,mae,0.574380970789419,0.2762261204479895,0.29815485034142947,1.0793868800599866,SUCCESS
E5_DT5_PD10_SEED101112,5,0.1,2.064897260273973,4.0,load_estimation,lstm,None,raw,rmse,0.748046546042927,0.4088705073983315,0.3391760386445955,0.829543908174727,SUCCESS
E5_DT5_PD10_SEED101112,5,0.1,2.064897260273973,4.0,load_estimation,lstm,None,raw,mape,16.191969560807575,8.962657158047907,7.229312402759668,0.8066036974613267,SUCCESS
E5_DT5_PD10_SEED101112,5,0.1,2.064897260273973,4.0,load_estimation,lstm,None,raw,r2,0.896958265549551,0.9692158273028284,-0.07225756175327736,-0.07455260192599053,SUCCESS
E5_DT5_PD10_SEED101112,5,0.1,2.064897260273973,4.0,anomaly_detection,None,isolation_forest,raw,precision,0.11646586345381527,0.11646586345381527,0.0,0.0,SUCCESS
E5_DT5_PD10_SEED101112,5,0.1,2.064897260273973,4.0,anomaly_detection,None,isolation_forest,raw,recall,0.11885245901639344,0.11885245901639344,0.0,0.0,SUCCESS
E5_DT5_PD10_SEED101112,5,0.1,2.064897260273973,4.0,anomaly_detection,None,isolation_forest,raw,f1,0.11764705882352941,0.11764705882352941,0.0,0.0,SUCCESS
E5_DT5_PD10_SEED101112,5,0.1,2.064897260273973,4.0,anomaly_detection,None,isolation_forest,raw,false_positive_rate,0.04389465283320032,0.04389465283320032,0.0,0.0,SUCCESS
E5_DT5_PD10_SEED101112,5,0.1,2.064897260273973,4.0,anomaly_detection,None,isolation_forest,raw,pr_auc,0.09385708598261007,0.09385708598261007,0.0,0.0,SUCCESS
E5_DT5_PD10_SEED101112,5,0.1,2.064897260273973,4.0,anomaly_detection,None,isolation_forest,raw,roc_auc,0.7138596875695052,0.7138596875695052,0.0,0.0,SUCCESS
E5_DT5_PD10_SEED101112,5,0.1,2.064897260273973,4.0,anomaly_detection,None,isolation_forest,raw,detection_latency,3.2459016393442623,3.2459016393442623,0.0,0.0,SUCCESS
E5_DT5_PD10_SEED101112,5,0.1,2.064897260273973,4.0,anomaly_detection,None,isolation_forest,raw,threshold,0.5031683371451802,0.5031683371451802,0.0,0.0,SUCCESS
E5_DT5_PD10_SEED101112,5,0.1,2.064897260273973,4.0,anomaly_detection,None,isolation_forest,residual,precision,0.04642313546423135,0.04642313546423135,0.0,0.0,SUCCESS
E5_DT5_PD10_SEED101112,5,0.1,2.064897260273973,4.0,anomaly_detection,None,isolation_forest,residual,recall,1.0,1.0,0.0,0.0,SUCCESS
E5_DT5_PD10_SEED101112,5,0.1,2.064897260273973,4.0,anomaly_detection,None,isolation_forest,residual,f1,0.08872727272727272,0.08872727272727272,0.0,0.0,SUCCESS
E5_DT5_PD10_SEED101112,5,0.1,2.064897260273973,4.0,anomaly_detection,None,isolation_forest,residual,false_positive_rate,1.0,1.0,0.0,0.0,SUCCESS
E5_DT5_PD10_SEED101112,5,0.1,2.064897260273973,4.0,anomaly_detection,None,isolation_forest,residual,pr_auc,0.06127871968987007,0.08483778096937764,-0.023559061279507562,0.27769539714872143,SUCCESS
E5_DT5_PD10_SEED101112,5,0.1,2.064897260273973,4.0,anomaly_detection,None,isolation_forest,residual,roc_auc,0.6102432031975717,0.6919352570224903,-0.08169205382491851,0.11806314679852083,SUCCESS
E5_DT5_PD10_SEED101112,5,0.1,2.064897260273973,4.0,anomaly_detection,None,isolation_forest,residual,detection_latency,0.0,0.0,0.0,0.0,SUCCESS
E5_DT5_PD10_SEED101112,5,0.1,2.064897260273973,4.0,anomaly_detection,None,isolation_forest,residual,threshold,0.29376565419608197,0.29376565419608197,0.0,0.0,SUCCESS
E5_DT5_PD10_SEED101112,5,0.1,2.064897260273973,4.0,anomaly_detection,None,lstm_autoencoder,raw,precision,0.49825783972125437,0.49825783972125437,0.0,0.0,SUCCESS
E5_DT5_PD10_SEED101112,5,0.1,2.064897260273973,4.0,anomaly_detection,None,lstm_autoencoder,raw,recall,0.5860655737704918,0.5860655737704918,0.0,0.0,SUCCESS
E5_DT5_PD10_SEED101112,5,0.1,2.064897260273973,4.0,anomaly_detection,None,lstm_autoencoder,raw,f1,0.5386064030131827,0.5386064030131827,0.0,0.0,SUCCESS
E5_DT5_PD10_SEED101112,5,0.1,2.064897260273973,4.0,anomaly_detection,None,lstm_autoencoder,raw,false_positive_rate,0.028731045490822026,0.028731045490822026,0.0,0.0,SUCCESS
E5_DT5_PD10_SEED101112,5,0.1,2.064897260273973,4.0,anomaly_detection,None,lstm_autoencoder,raw,pr_auc,0.561001698584242,0.561001698584242,0.0,0.0,SUCCESS
E5_DT5_PD10_SEED101112,5,0.1,2.064897260273973,4.0,anomaly_detection,None,lstm_autoencoder,raw,roc_auc,0.9493396177043946,0.9493396177043946,0.0,0.0,SUCCESS
E5_DT5_PD10_SEED101112,5,0.1,2.064897260273973,4.0,anomaly_detection,None,lstm_autoencoder,raw,detection_latency,1.3442622950819672,1.3442622950819672,0.0,0.0,SUCCESS
E5_DT5_PD10_SEED101112,5,0.1,2.064897260273973,4.0,anomaly_detection,None,lstm_autoencoder,raw,threshold,0.0007370078528765589,0.0007370078528765589,0.0,0.0,SUCCESS
E5_DT5_PD10_SEED101112,5,0.1,2.064897260273973,4.0,anomaly_detection,None,lstm_autoencoder,residual,precision,0.04642313546423135,0.04642313546423135,0.0,0.0,SUCCESS
E5_DT5_PD10_SEED101112,5,0.1,2.064897260273973,4.0,anomaly_detection,None,lstm_autoencoder,residual,recall,1.0,1.0,0.0,0.0,SUCCESS
E5_DT5_PD10_SEED101112,5,0.1,2.064897260273973,4.0,anomaly_detection,None,lstm_autoencoder,residual,f1,0.08872727272727272,0.08872727272727272,0.0,0.0,SUCCESS
E5_DT5_PD10_SEED101112,5,0.1,2.064897260273973,4.0,anomaly_detection,None,lstm_autoencoder,residual,false_positive_rate,1.0,1.0,0.0,0.0,SUCCESS
E5_DT5_PD10_SEED101112,5,0.1,2.064897260273973,4.0,anomaly_detection,None,lstm_autoencoder,residual,pr_auc,0.1295237684355879,0.13190002094256142,-0.002376252506973514,0.018015558223514628,SUCCESS
E5_DT5_PD10_SEED101112,5,0.1,2.064897260273973,4.0,anomaly_detection,None,lstm_autoencoder,residual,roc_auc,0.6888484031766384,0.7417419504664216,-0.05289354728978313,0.07130990401247045,SUCCESS
E5_DT5_PD10_SEED101112,5,0.1,2.064897260273973,4.0,anomaly_detection,None,lstm_autoencoder,residual,detection_latency,0.0,0.0,0.0,0.0,SUCCESS
E5_DT5_PD10_SEED101112,5,0.1,2.064897260273973,4.0,anomaly_detection,None,lstm_autoencoder,residual,threshold,0.0003816792741417885,0.0003816792741417885,0.0,0.0,SUCCESS
E5_DT5_PD20_SEED101112,5,0.2,2.1507990867579907,4.0,load_estimation,persistence,None,raw,mae,0.867679111738909,0.42594539121224273,0.44173372052666626,1.0370665574511555,SUCCESS
E5_DT5_PD20_SEED101112,5,0.2,2.1507990867579907,4.0,load_estimation,persistence,None,raw,rmse,1.153629707495855,0.5819721564703912,0.5716575510254638,0.9822764623182583,SUCCESS
E5_DT5_PD20_SEED101112,5,0.2,2.1507990867579907,4.0,load_estimation,persistence,None,raw,mape,24.732537105853588,13.286006475148488,11.4465306307051,0.8615478738562914,SUCCESS
E5_DT5_PD20_SEED101112,5,0.2,2.1507990867579907,4.0,load_estimation,persistence,None,raw,r2,0.7542613623978489,0.9374618546027488,-0.18320049220489987,-0.1954218097572956,SUCCESS
E5_DT5_PD20_SEED101112,5,0.2,2.1507990867579907,4.0,load_estimation,xgboost,None,raw,mae,0.5388765101699524,0.27311548121171453,0.2657610289582379,0.9730720052160807,SUCCESS
E5_DT5_PD20_SEED101112,5,0.2,2.1507990867579907,4.0,load_estimation,xgboost,None,raw,rmse,0.7501639557789546,0.40760963873834977,0.3425543170406048,0.8403979800401509,SUCCESS
E5_DT5_PD20_SEED101112,5,0.2,2.1507990867579907,4.0,load_estimation,xgboost,None,raw,mape,15.682233433027706,9.005682087543944,6.676551345483762,0.7413709789643054,SUCCESS
E5_DT5_PD20_SEED101112,5,0.2,2.1507990867579907,4.0,load_estimation,xgboost,None,raw,r2,0.8960910467001472,0.9693218282677428,-0.07323078156759566,-0.07554847052032763,SUCCESS
E5_DT5_PD20_SEED101112,5,0.2,2.1507990867579907,4.0,load_estimation,lstm,None,raw,mae,0.5877569914091939,0.2762261204479895,0.3115308709612044,1.1278110500772227,SUCCESS
E5_DT5_PD20_SEED101112,5,0.2,2.1507990867579907,4.0,load_estimation,lstm,None,raw,rmse,0.7608017341610299,0.4088705073983315,0.35193122676269845,0.8607400641392767,SUCCESS
E5_DT5_PD20_SEED101112,5,0.2,2.1507990867579907,4.0,load_estimation,lstm,None,raw,mape,16.592294440062073,8.962657158047907,7.629637282014166,0.8512695674366197,SUCCESS
E5_DT5_PD20_SEED101112,5,0.2,2.1507990867579907,4.0,load_estimation,lstm,None,raw,r2,0.8934143092608838,0.9692158273028284,-0.07580151804194457,-0.07820912113340946,SUCCESS
E5_DT5_PD20_SEED101112,5,0.2,2.1507990867579907,4.0,anomaly_detection,None,isolation_forest,raw,precision,0.11646586345381527,0.11646586345381527,0.0,0.0,SUCCESS
E5_DT5_PD20_SEED101112,5,0.2,2.1507990867579907,4.0,anomaly_detection,None,isolation_forest,raw,recall,0.11885245901639344,0.11885245901639344,0.0,0.0,SUCCESS
E5_DT5_PD20_SEED101112,5,0.2,2.1507990867579907,4.0,anomaly_detection,None,isolation_forest,raw,f1,0.11764705882352941,0.11764705882352941,0.0,0.0,SUCCESS
E5_DT5_PD20_SEED101112,5,0.2,2.1507990867579907,4.0,anomaly_detection,None,isolation_forest,raw,false_positive_rate,0.04389465283320032,0.04389465283320032,0.0,0.0,SUCCESS
E5_DT5_PD20_SEED101112,5,0.2,2.1507990867579907,4.0,anomaly_detection,None,isolation_forest,raw,pr_auc,0.09385708598261007,0.09385708598261007,0.0,0.0,SUCCESS
E5_DT5_PD20_SEED101112,5,0.2,2.1507990867579907,4.0,anomaly_detection,None,isolation_forest,raw,roc_auc,0.7138596875695052,0.7138596875695052,0.0,0.0,SUCCESS
E5_DT5_PD20_SEED101112,5,0.2,2.1507990867579907,4.0,anomaly_detection,None,isolation_forest,raw,detection_latency,3.2459016393442623,3.2459016393442623,0.0,0.0,SUCCESS
E5_DT5_PD20_SEED101112,5,0.2,2.1507990867579907,4.0,anomaly_detection,None,isolation_forest,raw,threshold,0.5031683371451802,0.5031683371451802,0.0,0.0,SUCCESS
E5_DT5_PD20_SEED101112,5,0.2,2.1507990867579907,4.0,anomaly_detection,None,isolation_forest,residual,precision,0.04642313546423135,0.04642313546423135,0.0,0.0,SUCCESS
E5_DT5_PD20_SEED101112,5,0.2,2.1507990867579907,4.0,anomaly_detection,None,isolation_forest,residual,recall,1.0,1.0,0.0,0.0,SUCCESS
E5_DT5_PD20_SEED101112,5,0.2,2.1507990867579907,4.0,anomaly_detection,None,isolation_forest,residual,f1,0.08872727272727272,0.08872727272727272,0.0,0.0,SUCCESS
E5_DT5_PD20_SEED101112,5,0.2,2.1507990867579907,4.0,anomaly_detection,None,isolation_forest,residual,false_positive_rate,1.0,1.0,0.0,0.0,SUCCESS
E5_DT5_PD20_SEED101112,5,0.2,2.1507990867579907,4.0,anomaly_detection,None,isolation_forest,residual,pr_auc,0.05733788609767724,0.08483778096937764,-0.027499894871700396,0.32414679589069567,SUCCESS
E5_DT5_PD20_SEED101112,5,0.2,2.1507990867579907,4.0,anomaly_detection,None,isolation_forest,residual,roc_auc,0.6134743827927727,0.6919352570224903,-0.07846087422971759,0.11339337522320726,SUCCESS
E5_DT5_PD20_SEED101112,5,0.2,2.1507990867579907,4.0,anomaly_detection,None,isolation_forest,residual,detection_latency,0.0,0.0,0.0,0.0,SUCCESS
E5_DT5_PD20_SEED101112,5,0.2,2.1507990867579907,4.0,anomaly_detection,None,isolation_forest,residual,threshold,0.29376565419608197,0.29376565419608197,0.0,0.0,SUCCESS
E5_DT5_PD20_SEED101112,5,0.2,2.1507990867579907,4.0,anomaly_detection,None,lstm_autoencoder,raw,precision,0.49825783972125437,0.49825783972125437,0.0,0.0,SUCCESS
E5_DT5_PD20_SEED101112,5,0.2,2.1507990867579907,4.0,anomaly_detection,None,lstm_autoencoder,raw,recall,0.5860655737704918,0.5860655737704918,0.0,0.0,SUCCESS
E5_DT5_PD20_SEED101112,5,0.2,2.1507990867579907,4.0,anomaly_detection,None,lstm_autoencoder,raw,f1,0.5386064030131827,0.5386064030131827,0.0,0.0,SUCCESS
E5_DT5_PD20_SEED101112,5,0.2,2.1507990867579907,4.0,anomaly_detection,None,lstm_autoencoder,raw,false_positive_rate,0.028731045490822026,0.028731045490822026,0.0,0.0,SUCCESS
E5_DT5_PD20_SEED101112,5,0.2,2.1507990867579907,4.0,anomaly_detection,None,lstm_autoencoder,raw,pr_auc,0.561001698584242,0.561001698584242,0.0,0.0,SUCCESS
E5_DT5_PD20_SEED101112,5,0.2,2.1507990867579907,4.0,anomaly_detection,None,lstm_autoencoder,raw,roc_auc,0.9493396177043946,0.9493396177043946,0.0,0.0,SUCCESS
E5_DT5_PD20_SEED101112,5,0.2,2.1507990867579907,4.0,anomaly_detection,None,lstm_autoencoder,raw,detection_latency,1.3442622950819672,1.3442622950819672,0.0,0.0,SUCCESS
E5_DT5_PD20_SEED101112,5,0.2,2.1507990867579907,4.0,anomaly_detection,None,lstm_autoencoder,raw,threshold,0.0007370078528765589,0.0007370078528765589,0.0,0.0,SUCCESS
E5_DT5_PD20_SEED101112,5,0.2,2.1507990867579907,4.0,anomaly_detection,None,lstm_autoencoder,residual,precision,0.04642313546423135,0.04642313546423135,0.0,0.0,SUCCESS
E5_DT5_PD20_SEED101112,5,0.2,2.1507990867579907,4.0,anomaly_detection,None,lstm_autoencoder,residual,recall,1.0,1.0,0.0,0.0,SUCCESS
E5_DT5_PD20_SEED101112,5,0.2,2.1507990867579907,4.0,anomaly_detection,None,lstm_autoencoder,residual,f1,0.08872727272727272,0.08872727272727272,0.0,0.0,SUCCESS
E5_DT5_PD20_SEED101112,5,0.2,2.1507990867579907,4.0,anomaly_detection,None,lstm_autoencoder,residual,false_positive_rate,1.0,1.0,0.0,0.0,SUCCESS
E5_DT5_PD20_SEED101112,5,0.2,2.1507990867579907,4.0,anomaly_detection,None,lstm_autoencoder,residual,pr_auc,0.12059638994617161,0.13190002094256142,-0.011303630996389813,0.085698477647037,SUCCESS
E5_DT5_PD20_SEED101112,5,0.2,2.1507990867579907,4.0,anomaly_detection,None,lstm_autoencoder,residual,roc_auc,0.6802027592793689,0.7417419504664216,-0.061539191187052644,0.08296576882075447,SUCCESS
E5_DT5_PD20_SEED101112,5,0.2,2.1507990867579907,4.0,anomaly_detection,None,lstm_autoencoder,residual,detection_latency,0.0,0.0,0.0,0.0,SUCCESS
E5_DT5_PD20_SEED101112,5,0.2,2.1507990867579907,4.0,anomaly_detection,None,lstm_autoencoder,residual,threshold,0.0003816792741417885,0.0003816792741417885,0.0,0.0,SUCCESS
E5_DT15_PD00_SEED101112,15,0.0,7.0,14.0,load_estimation,persistence,None,raw,mae,1.8230076977243161,0.42594539121224273,1.3970623065120735,3.2799094328407383,SUCCESS
E5_DT15_PD00_SEED101112,15,0.0,7.0,14.0,load_estimation,persistence,None,raw,rmse,2.426760058794681,0.5819721564703912,1.8447879023242897,3.1698903148782276,SUCCESS
E5_DT15_PD00_SEED101112,15,0.0,7.0,14.0,load_estimation,persistence,None,raw,mape,56.67863316764837,13.286006475148488,43.39262669249988,3.2660398573240133,SUCCESS
E5_DT15_PD00_SEED101112,15,0.0,7.0,14.0,load_estimation,persistence,None,raw,r2,-0.08741234898650885,0.9374618546027488,-1.0248742035892575,-1.0932436328553867,SUCCESS
E5_DT15_PD00_SEED101112,15,0.0,7.0,14.0,load_estimation,xgboost,None,raw,mae,1.4005737761701804,0.27311548121171453,1.127458294958466,4.128137628655621,SUCCESS
E5_DT15_PD00_SEED101112,15,0.0,7.0,14.0,load_estimation,xgboost,None,raw,rmse,1.8706178360920243,0.40760963873834977,1.4630081973536746,3.5892384730695723,SUCCESS
E5_DT15_PD00_SEED101112,15,0.0,7.0,14.0,load_estimation,xgboost,None,raw,mape,43.29749942970692,9.005682087543944,34.29181734216297,3.8077979001272,SUCCESS
E5_DT15_PD00_SEED101112,15,0.0,7.0,14.0,load_estimation,xgboost,None,raw,r2,0.35388365782791276,0.9693218282677428,-0.6154381704398301,-0.6349162398825458,SUCCESS
E5_DT15_PD00_SEED101112,15,0.0,7.0,14.0,load_estimation,lstm,None,raw,mae,1.5322381364167044,0.2762261204479895,1.256012015968715,4.547042886211077,SUCCESS
E5_DT15_PD00_SEED101112,15,0.0,7.0,14.0,load_estimation,lstm,None,raw,rmse,1.967482535910601,0.4088705073983315,1.5586120285122695,3.811994262999831,SUCCESS
E5_DT15_PD00_SEED101112,15,0.0,7.0,14.0,load_estimation,lstm,None,raw,mape,45.10452759742256,8.962657158047907,36.14187043937466,4.032495029325261,SUCCESS
E5_DT15_PD00_SEED101112,15,0.0,7.0,14.0,load_estimation,lstm,None,raw,r2,0.2871835911237013,0.9692158273028284,-0.6820322361791271,-0.7036949015547064,SUCCESS
E5_DT15_PD00_SEED101112,15,0.0,7.0,14.0,anomaly_detection,None,isolation_forest,raw,precision,0.11646586345381527,0.11646586345381527,0.0,0.0,SUCCESS
E5_DT15_PD00_SEED101112,15,0.0,7.0,14.0,anomaly_detection,None,isolation_forest,raw,recall,0.11885245901639344,0.11885245901639344,0.0,0.0,SUCCESS
E5_DT15_PD00_SEED101112,15,0.0,7.0,14.0,anomaly_detection,None,isolation_forest,raw,f1,0.11764705882352941,0.11764705882352941,0.0,0.0,SUCCESS
E5_DT15_PD00_SEED101112,15,0.0,7.0,14.0,anomaly_detection,None,isolation_forest,raw,false_positive_rate,0.04389465283320032,0.04389465283320032,0.0,0.0,SUCCESS
E5_DT15_PD00_SEED101112,15,0.0,7.0,14.0,anomaly_detection,None,isolation_forest,raw,pr_auc,0.09385708598261007,0.09385708598261007,0.0,0.0,SUCCESS
E5_DT15_PD00_SEED101112,15,0.0,7.0,14.0,anomaly_detection,None,isolation_forest,raw,roc_auc,0.7138596875695052,0.7138596875695052,0.0,0.0,SUCCESS
E5_DT15_PD00_SEED101112,15,0.0,7.0,14.0,anomaly_detection,None,isolation_forest,raw,detection_latency,3.2459016393442623,3.2459016393442623,0.0,0.0,SUCCESS
E5_DT15_PD00_SEED101112,15,0.0,7.0,14.0,anomaly_detection,None,isolation_forest,raw,threshold,0.5031683371451802,0.5031683371451802,0.0,0.0,SUCCESS
E5_DT15_PD00_SEED101112,15,0.0,7.0,14.0,anomaly_detection,None,isolation_forest,residual,precision,0.04642313546423135,0.04642313546423135,0.0,0.0,SUCCESS
E5_DT15_PD00_SEED101112,15,0.0,7.0,14.0,anomaly_detection,None,isolation_forest,residual,recall,1.0,1.0,0.0,0.0,SUCCESS
E5_DT15_PD00_SEED101112,15,0.0,7.0,14.0,anomaly_detection,None,isolation_forest,residual,f1,0.08872727272727272,0.08872727272727272,0.0,0.0,SUCCESS
E5_DT15_PD00_SEED101112,15,0.0,7.0,14.0,anomaly_detection,None,isolation_forest,residual,false_positive_rate,1.0,1.0,0.0,0.0,SUCCESS
E5_DT15_PD00_SEED101112,15,0.0,7.0,14.0,anomaly_detection,None,isolation_forest,residual,pr_auc,0.04720940118472432,0.08483778096937764,-0.03762837978465332,0.4435332861692287,SUCCESS
E5_DT15_PD00_SEED101112,15,0.0,7.0,14.0,anomaly_detection,None,isolation_forest,residual,roc_auc,0.5407652780866904,0.6919352570224903,-0.15116997893579986,0.21847416705763603,SUCCESS
E5_DT15_PD00_SEED101112,15,0.0,7.0,14.0,anomaly_detection,None,isolation_forest,residual,detection_latency,0.0,0.0,0.0,0.0,SUCCESS
E5_DT15_PD00_SEED101112,15,0.0,7.0,14.0,anomaly_detection,None,isolation_forest,residual,threshold,0.29376565419608197,0.29376565419608197,0.0,0.0,SUCCESS
E5_DT15_PD00_SEED101112,15,0.0,7.0,14.0,anomaly_detection,None,lstm_autoencoder,raw,precision,0.49825783972125437,0.49825783972125437,0.0,0.0,SUCCESS
E5_DT15_PD00_SEED101112,15,0.0,7.0,14.0,anomaly_detection,None,lstm_autoencoder,raw,recall,0.5860655737704918,0.5860655737704918,0.0,0.0,SUCCESS
E5_DT15_PD00_SEED101112,15,0.0,7.0,14.0,anomaly_detection,None,lstm_autoencoder,raw,f1,0.5386064030131827,0.5386064030131827,0.0,0.0,SUCCESS
E5_DT15_PD00_SEED101112,15,0.0,7.0,14.0,anomaly_detection,None,lstm_autoencoder,raw,false_positive_rate,0.028731045490822026,0.028731045490822026,0.0,0.0,SUCCESS
E5_DT15_PD00_SEED101112,15,0.0,7.0,14.0,anomaly_detection,None,lstm_autoencoder,raw,pr_auc,0.561001698584242,0.561001698584242,0.0,0.0,SUCCESS
E5_DT15_PD00_SEED101112,15,0.0,7.0,14.0,anomaly_detection,None,lstm_autoencoder,raw,roc_auc,0.9493396177043946,0.9493396177043946,0.0,0.0,SUCCESS
E5_DT15_PD00_SEED101112,15,0.0,7.0,14.0,anomaly_detection,None,lstm_autoencoder,raw,detection_latency,1.3442622950819672,1.3442622950819672,0.0,0.0,SUCCESS
E5_DT15_PD00_SEED101112,15,0.0,7.0,14.0,anomaly_detection,None,lstm_autoencoder,raw,threshold,0.0007370078528765589,0.0007370078528765589,0.0,0.0,SUCCESS
E5_DT15_PD00_SEED101112,15,0.0,7.0,14.0,anomaly_detection,None,lstm_autoencoder,residual,precision,0.04642313546423135,0.04642313546423135,0.0,0.0,SUCCESS
E5_DT15_PD00_SEED101112,15,0.0,7.0,14.0,anomaly_detection,None,lstm_autoencoder,residual,recall,1.0,1.0,0.0,0.0,SUCCESS
E5_DT15_PD00_SEED101112,15,0.0,7.0,14.0,anomaly_detection,None,lstm_autoencoder,residual,f1,0.08872727272727272,0.08872727272727272,0.0,0.0,SUCCESS
E5_DT15_PD00_SEED101112,15,0.0,7.0,14.0,anomaly_detection,None,lstm_autoencoder,residual,false_positive_rate,1.0,1.0,0.0,0.0,SUCCESS
E5_DT15_PD00_SEED101112,15,0.0,7.0,14.0,anomaly_detection,None,lstm_autoencoder,residual,pr_auc,0.10116890930821973,0.13190002094256142,-0.030731111634341696,0.2329879208110527,SUCCESS
E5_DT15_PD00_SEED101112,15,0.0,7.0,14.0,anomaly_detection,None,lstm_autoencoder,residual,roc_auc,0.6180331139690971,0.7417419504664216,-0.12370883649732445,0.1667815018680472,SUCCESS
E5_DT15_PD00_SEED101112,15,0.0,7.0,14.0,anomaly_detection,None,lstm_autoencoder,residual,detection_latency,0.0,0.0,0.0,0.0,SUCCESS
E5_DT15_PD00_SEED101112,15,0.0,7.0,14.0,anomaly_detection,None,lstm_autoencoder,residual,threshold,0.0003816792741417885,0.0003816792741417885,0.0,0.0,SUCCESS
E5_DT15_PD05_SEED101112,15,0.05,7.028053652968037,14.0,load_estimation,persistence,None,raw,mae,1.8246356913170676,0.42594539121224273,1.3986903001048248,3.283731503994315,SUCCESS
E5_DT15_PD05_SEED101112,15,0.05,7.028053652968037,14.0,load_estimation,persistence,None,raw,rmse,2.4272315708002896,0.5819721564703912,1.8452594143298984,3.1707005117241875,SUCCESS
E5_DT15_PD05_SEED101112,15,0.05,7.028053652968037,14.0,load_estimation,persistence,None,raw,mape,56.150269485255066,13.286006475148488,42.864263010106576,3.2262714225139284,SUCCESS
E5_DT15_PD05_SEED101112,15,0.05,7.028053652968037,14.0,load_estimation,persistence,None,raw,r2,-0.08783495177863054,0.9374618546027488,-1.0252968063813794,-1.0936944275091074,SUCCESS
E5_DT15_PD05_SEED101112,15,0.05,7.028053652968037,14.0,load_estimation,xgboost,None,raw,mae,1.4102524927898086,0.27311548121171453,1.137137011578094,4.163575812447646,SUCCESS
E5_DT15_PD05_SEED101112,15,0.05,7.028053652968037,14.0,load_estimation,xgboost,None,raw,rmse,1.8832389308365267,0.40760963873834977,1.4756292920981768,3.6202021538686027,SUCCESS
E5_DT15_PD05_SEED101112,15,0.05,7.028053652968037,14.0,load_estimation,xgboost,None,raw,mape,42.83408208204542,9.005682087543944,33.828399994501474,3.756339571578998,SUCCESS
E5_DT15_PD05_SEED101112,15,0.05,7.028053652968037,14.0,load_estimation,xgboost,None,raw,r2,0.34513552621377164,0.9693218282677428,-0.6241863020539712,-0.6439412420634776,SUCCESS
E5_DT15_PD05_SEED101112,15,0.05,7.028053652968037,14.0,load_estimation,lstm,None,raw,mae,1.5370891025866875,0.2762261204479895,1.260862982138698,4.564604462799547,SUCCESS
E5_DT15_PD05_SEED101112,15,0.05,7.028053652968037,14.0,load_estimation,lstm,None,raw,rmse,1.9789598462919442,0.4088705073983315,1.5700893388936128,3.8400650339986346,SUCCESS
E5_DT15_PD05_SEED101112,15,0.05,7.028053652968037,14.0,load_estimation,lstm,None,raw,mape,45.332461345823276,8.962657158047907,36.36980418777537,4.05792652183706,SUCCESS
E5_DT15_PD05_SEED101112,15,0.05,7.028053652968037,14.0,load_estimation,lstm,None,raw,r2,0.27884290440219806,0.9692158273028284,-0.6903729229006303,-0.7123005046479968,SUCCESS
E5_DT15_PD05_SEED101112,15,0.05,7.028053652968037,14.0,anomaly_detection,None,isolation_forest,raw,precision,0.11646586345381527,0.11646586345381527,0.0,0.0,SUCCESS
E5_DT15_PD05_SEED101112,15,0.05,7.028053652968037,14.0,anomaly_detection,None,isolation_forest,raw,recall,0.11885245901639344,0.11885245901639344,0.0,0.0,SUCCESS
E5_DT15_PD05_SEED101112,15,0.05,7.028053652968037,14.0,anomaly_detection,None,isolation_forest,raw,f1,0.11764705882352941,0.11764705882352941,0.0,0.0,SUCCESS
E5_DT15_PD05_SEED101112,15,0.05,7.028053652968037,14.0,anomaly_detection,None,isolation_forest,raw,false_positive_rate,0.04389465283320032,0.04389465283320032,0.0,0.0,SUCCESS
E5_DT15_PD05_SEED101112,15,0.05,7.028053652968037,14.0,anomaly_detection,None,isolation_forest,raw,pr_auc,0.09385708598261007,0.09385708598261007,0.0,0.0,SUCCESS
E5_DT15_PD05_SEED101112,15,0.05,7.028053652968037,14.0,anomaly_detection,None,isolation_forest,raw,roc_auc,0.7138596875695052,0.7138596875695052,0.0,0.0,SUCCESS
E5_DT15_PD05_SEED101112,15,0.05,7.028053652968037,14.0,anomaly_detection,None,isolation_forest,raw,detection_latency,3.2459016393442623,3.2459016393442623,0.0,0.0,SUCCESS
E5_DT15_PD05_SEED101112,15,0.05,7.028053652968037,14.0,anomaly_detection,None,isolation_forest,raw,threshold,0.5031683371451802,0.5031683371451802,0.0,0.0,SUCCESS
E5_DT15_PD05_SEED101112,15,0.05,7.028053652968037,14.0,anomaly_detection,None,isolation_forest,residual,precision,0.04642313546423135,0.04642313546423135,0.0,0.0,SUCCESS
E5_DT15_PD05_SEED101112,15,0.05,7.028053652968037,14.0,anomaly_detection,None,isolation_forest,residual,recall,1.0,1.0,0.0,0.0,SUCCESS
E5_DT15_PD05_SEED101112,15,0.05,7.028053652968037,14.0,anomaly_detection,None,isolation_forest,residual,f1,0.08872727272727272,0.08872727272727272,0.0,0.0,SUCCESS
E5_DT15_PD05_SEED101112,15,0.05,7.028053652968037,14.0,anomaly_detection,None,isolation_forest,residual,false_positive_rate,1.0,1.0,0.0,0.0,SUCCESS
E5_DT15_PD05_SEED101112,15,0.05,7.028053652968037,14.0,anomaly_detection,None,isolation_forest,residual,pr_auc,0.04321325825382506,0.08483778096937764,-0.04162452271555257,0.4906366272189159,SUCCESS
E5_DT15_PD05_SEED101112,15,0.05,7.028053652968037,14.0,anomaly_detection,None,isolation_forest,residual,roc_auc,0.5031792550338204,0.6919352570224903,-0.18875600198866982,0.2727943114228888,SUCCESS
E5_DT15_PD05_SEED101112,15,0.05,7.028053652968037,14.0,anomaly_detection,None,isolation_forest,residual,detection_latency,0.0,0.0,0.0,0.0,SUCCESS
E5_DT15_PD05_SEED101112,15,0.05,7.028053652968037,14.0,anomaly_detection,None,isolation_forest,residual,threshold,0.29376565419608197,0.29376565419608197,0.0,0.0,SUCCESS
E5_DT15_PD05_SEED101112,15,0.05,7.028053652968037,14.0,anomaly_detection,None,lstm_autoencoder,raw,precision,0.49825783972125437,0.49825783972125437,0.0,0.0,SUCCESS
E5_DT15_PD05_SEED101112,15,0.05,7.028053652968037,14.0,anomaly_detection,None,lstm_autoencoder,raw,recall,0.5860655737704918,0.5860655737704918,0.0,0.0,SUCCESS
E5_DT15_PD05_SEED101112,15,0.05,7.028053652968037,14.0,anomaly_detection,None,lstm_autoencoder,raw,f1,0.5386064030131827,0.5386064030131827,0.0,0.0,SUCCESS
E5_DT15_PD05_SEED101112,15,0.05,7.028053652968037,14.0,anomaly_detection,None,lstm_autoencoder,raw,false_positive_rate,0.028731045490822026,0.028731045490822026,0.0,0.0,SUCCESS
E5_DT15_PD05_SEED101112,15,0.05,7.028053652968037,14.0,anomaly_detection,None,lstm_autoencoder,raw,pr_auc,0.561001698584242,0.561001698584242,0.0,0.0,SUCCESS
E5_DT15_PD05_SEED101112,15,0.05,7.028053652968037,14.0,anomaly_detection,None,lstm_autoencoder,raw,roc_auc,0.9493396177043946,0.9493396177043946,0.0,0.0,SUCCESS
E5_DT15_PD05_SEED101112,15,0.05,7.028053652968037,14.0,anomaly_detection,None,lstm_autoencoder,raw,detection_latency,1.3442622950819672,1.3442622950819672,0.0,0.0,SUCCESS
E5_DT15_PD05_SEED101112,15,0.05,7.028053652968037,14.0,anomaly_detection,None,lstm_autoencoder,raw,threshold,0.0007370078528765589,0.0007370078528765589,0.0,0.0,SUCCESS
E5_DT15_PD05_SEED101112,15,0.05,7.028053652968037,14.0,anomaly_detection,None,lstm_autoencoder,residual,precision,0.04642313546423135,0.04642313546423135,0.0,0.0,SUCCESS
E5_DT15_PD05_SEED101112,15,0.05,7.028053652968037,14.0,anomaly_detection,None,lstm_autoencoder,residual,recall,1.0,1.0,0.0,0.0,SUCCESS
E5_DT15_PD05_SEED101112,15,0.05,7.028053652968037,14.0,anomaly_detection,None,lstm_autoencoder,residual,f1,0.08872727272727272,0.08872727272727272,0.0,0.0,SUCCESS
E5_DT15_PD05_SEED101112,15,0.05,7.028053652968037,14.0,anomaly_detection,None,lstm_autoencoder,residual,false_positive_rate,1.0,1.0,0.0,0.0,SUCCESS
E5_DT15_PD05_SEED101112,15,0.05,7.028053652968037,14.0,anomaly_detection,None,lstm_autoencoder,residual,pr_auc,0.08919265628392355,0.13190002094256142,-0.04270736465863788,0.3237858823179086,SUCCESS
E5_DT15_PD05_SEED101112,15,0.05,7.028053652968037,14.0,anomaly_detection,None,lstm_autoencoder,residual,roc_auc,0.5825265265003337,0.7417419504664216,-0.1592154239660879,0.21465069336575907,SUCCESS
E5_DT15_PD05_SEED101112,15,0.05,7.028053652968037,14.0,anomaly_detection,None,lstm_autoencoder,residual,detection_latency,0.0,0.0,0.0,0.0,SUCCESS
E5_DT15_PD05_SEED101112,15,0.05,7.028053652968037,14.0,anomaly_detection,None,lstm_autoencoder,residual,threshold,0.0003816792741417885,0.0003816792741417885,0.0,0.0,SUCCESS
E5_DT15_PD10_SEED101112,15,0.1,7.057277397260274,14.0,load_estimation,persistence,None,raw,mae,1.837170937085805,0.42594539121224273,1.4112255458735623,3.3131607360680846,SUCCESS
E5_DT15_PD10_SEED101112,15,0.1,7.057277397260274,14.0,load_estimation,persistence,None,raw,rmse,2.4614223803619315,0.5819721564703912,1.8794502238915403,3.22945041785201,SUCCESS
E5_DT15_PD10_SEED101112,15,0.1,7.057277397260274,14.0,load_estimation,persistence,None,raw,mape,56.70756809738299,13.286006475148488,43.4215616222345,3.268217707364109,SUCCESS
E5_DT15_PD10_SEED101112,15,0.1,7.057277397260274,14.0,load_estimation,persistence,None,raw,r2,-0.11869803175109306,0.9374618546027488,-1.056159886353842,-1.1266163856889855,SUCCESS
E5_DT15_PD10_SEED101112,15,0.1,7.057277397260274,14.0,load_estimation,xgboost,None,raw,mae,1.4198335576547336,0.27311548121171453,1.1467180764430192,4.19865644874998,SUCCESS
E5_DT15_PD10_SEED101112,15,0.1,7.057277397260274,14.0,load_estimation,xgboost,None,raw,rmse,1.908234024694923,0.40760963873834977,1.500624385956573,3.6815233089221535,SUCCESS
E5_DT15_PD10_SEED101112,15,0.1,7.057277397260274,14.0,load_estimation,xgboost,None,raw,mape,43.506069987803016,9.005682087543944,34.50038790025907,3.8309577847498852,SUCCESS
E5_DT15_PD10_SEED101112,15,0.1,7.057277397260274,14.0,load_estimation,xgboost,None,raw,r2,0.3276369256294186,0.9693218282677428,-0.6416849026383242,-0.6619936577566478,SUCCESS
E5_DT15_PD10_SEED101112,15,0.1,7.057277397260274,14.0,load_estimation,lstm,None,raw,mae,1.5576997126080487,0.2762261204479895,1.2814735921600593,4.639219455718878,SUCCESS
E5_DT15_PD10_SEED101112,15,0.1,7.057277397260274,14.0,load_estimation,lstm,None,raw,rmse,2.0053994123582313,0.4088705073983315,1.5965289049598999,3.904729923218754,SUCCESS
E5_DT15_PD10_SEED101112,15,0.1,7.057277397260274,14.0,load_estimation,lstm,None,raw,mape,46.14472270642403,8.962657158047907,37.182065548376116,4.148553815314573,SUCCESS
E5_DT15_PD10_SEED101112,15,0.1,7.057277397260274,14.0,load_estimation,lstm,None,raw,r2,0.25944437845459123,0.9692158273028284,-0.7097714488482372,-0.7323151653676734,SUCCESS
E5_DT15_PD10_SEED101112,15,0.1,7.057277397260274,14.0,anomaly_detection,None,isolation_forest,raw,precision,0.11646586345381527,0.11646586345381527,0.0,0.0,SUCCESS
E5_DT15_PD10_SEED101112,15,0.1,7.057277397260274,14.0,anomaly_detection,None,isolation_forest,raw,recall,0.11885245901639344,0.11885245901639344,0.0,0.0,SUCCESS
E5_DT15_PD10_SEED101112,15,0.1,7.057277397260274,14.0,anomaly_detection,None,isolation_forest,raw,f1,0.11764705882352941,0.11764705882352941,0.0,0.0,SUCCESS
E5_DT15_PD10_SEED101112,15,0.1,7.057277397260274,14.0,anomaly_detection,None,isolation_forest,raw,false_positive_rate,0.04389465283320032,0.04389465283320032,0.0,0.0,SUCCESS
E5_DT15_PD10_SEED101112,15,0.1,7.057277397260274,14.0,anomaly_detection,None,isolation_forest,raw,pr_auc,0.09385708598261007,0.09385708598261007,0.0,0.0,SUCCESS
E5_DT15_PD10_SEED101112,15,0.1,7.057277397260274,14.0,anomaly_detection,None,isolation_forest,raw,roc_auc,0.7138596875695052,0.7138596875695052,0.0,0.0,SUCCESS
E5_DT15_PD10_SEED101112,15,0.1,7.057277397260274,14.0,anomaly_detection,None,isolation_forest,raw,detection_latency,3.2459016393442623,3.2459016393442623,0.0,0.0,SUCCESS
E5_DT15_PD10_SEED101112,15,0.1,7.057277397260274,14.0,anomaly_detection,None,isolation_forest,raw,threshold,0.5031683371451802,0.5031683371451802,0.0,0.0,SUCCESS
E5_DT15_PD10_SEED101112,15,0.1,7.057277397260274,14.0,anomaly_detection,None,isolation_forest,residual,precision,0.04642313546423135,0.04642313546423135,0.0,0.0,SUCCESS
E5_DT15_PD10_SEED101112,15,0.1,7.057277397260274,14.0,anomaly_detection,None,isolation_forest,residual,recall,1.0,1.0,0.0,0.0,SUCCESS
E5_DT15_PD10_SEED101112,15,0.1,7.057277397260274,14.0,anomaly_detection,None,isolation_forest,residual,f1,0.08872727272727272,0.08872727272727272,0.0,0.0,SUCCESS
E5_DT15_PD10_SEED101112,15,0.1,7.057277397260274,14.0,anomaly_detection,None,isolation_forest,residual,false_positive_rate,1.0,1.0,0.0,0.0,SUCCESS
E5_DT15_PD10_SEED101112,15,0.1,7.057277397260274,14.0,anomaly_detection,None,isolation_forest,residual,pr_auc,0.046724071846527465,0.08483778096937764,-0.03811370912285017,0.449253960763158,SUCCESS
E5_DT15_PD10_SEED101112,15,0.1,7.057277397260274,14.0,anomaly_detection,None,isolation_forest,residual,roc_auc,0.5363741773841142,0.6919352570224903,-0.15556107963837607,0.22482028204167634,SUCCESS
E5_DT15_PD10_SEED101112,15,0.1,7.057277397260274,14.0,anomaly_detection,None,isolation_forest,residual,detection_latency,0.0,0.0,0.0,0.0,SUCCESS
E5_DT15_PD10_SEED101112,15,0.1,7.057277397260274,14.0,anomaly_detection,None,isolation_forest,residual,threshold,0.29376565419608197,0.29376565419608197,0.0,0.0,SUCCESS
E5_DT15_PD10_SEED101112,15,0.1,7.057277397260274,14.0,anomaly_detection,None,lstm_autoencoder,raw,precision,0.49825783972125437,0.49825783972125437,0.0,0.0,SUCCESS
E5_DT15_PD10_SEED101112,15,0.1,7.057277397260274,14.0,anomaly_detection,None,lstm_autoencoder,raw,recall,0.5860655737704918,0.5860655737704918,0.0,0.0,SUCCESS
E5_DT15_PD10_SEED101112,15,0.1,7.057277397260274,14.0,anomaly_detection,None,lstm_autoencoder,raw,f1,0.5386064030131827,0.5386064030131827,0.0,0.0,SUCCESS
E5_DT15_PD10_SEED101112,15,0.1,7.057277397260274,14.0,anomaly_detection,None,lstm_autoencoder,raw,false_positive_rate,0.028731045490822026,0.028731045490822026,0.0,0.0,SUCCESS
E5_DT15_PD10_SEED101112,15,0.1,7.057277397260274,14.0,anomaly_detection,None,lstm_autoencoder,raw,pr_auc,0.561001698584242,0.561001698584242,0.0,0.0,SUCCESS
E5_DT15_PD10_SEED101112,15,0.1,7.057277397260274,14.0,anomaly_detection,None,lstm_autoencoder,raw,roc_auc,0.9493396177043946,0.9493396177043946,0.0,0.0,SUCCESS
E5_DT15_PD10_SEED101112,15,0.1,7.057277397260274,14.0,anomaly_detection,None,lstm_autoencoder,raw,detection_latency,1.3442622950819672,1.3442622950819672,0.0,0.0,SUCCESS
E5_DT15_PD10_SEED101112,15,0.1,7.057277397260274,14.0,anomaly_detection,None,lstm_autoencoder,raw,threshold,0.0007370078528765589,0.0007370078528765589,0.0,0.0,SUCCESS
E5_DT15_PD10_SEED101112,15,0.1,7.057277397260274,14.0,anomaly_detection,None,lstm_autoencoder,residual,precision,0.04642313546423135,0.04642313546423135,0.0,0.0,SUCCESS
E5_DT15_PD10_SEED101112,15,0.1,7.057277397260274,14.0,anomaly_detection,None,lstm_autoencoder,residual,recall,1.0,1.0,0.0,0.0,SUCCESS
E5_DT15_PD10_SEED101112,15,0.1,7.057277397260274,14.0,anomaly_detection,None,lstm_autoencoder,residual,f1,0.08872727272727272,0.08872727272727272,0.0,0.0,SUCCESS
E5_DT15_PD10_SEED101112,15,0.1,7.057277397260274,14.0,anomaly_detection,None,lstm_autoencoder,residual,false_positive_rate,1.0,1.0,0.0,0.0,SUCCESS
E5_DT15_PD10_SEED101112,15,0.1,7.057277397260274,14.0,anomaly_detection,None,lstm_autoencoder,residual,pr_auc,0.09766401448145014,0.13190002094256142,-0.03423600646111129,0.25956028070700654,SUCCESS
E5_DT15_PD10_SEED101112,15,0.1,7.057277397260274,14.0,anomaly_detection,None,lstm_autoencoder,residual,roc_auc,0.6361936270982429,0.7417419504664216,-0.10554832336817865,0.1422979019884312,SUCCESS
E5_DT15_PD10_SEED101112,15,0.1,7.057277397260274,14.0,anomaly_detection,None,lstm_autoencoder,residual,detection_latency,0.0,0.0,0.0,0.0,SUCCESS
E5_DT15_PD10_SEED101112,15,0.1,7.057277397260274,14.0,anomaly_detection,None,lstm_autoencoder,residual,threshold,0.0003816792741417885,0.0003816792741417885,0.0,0.0,SUCCESS
E5_DT15_PD20_SEED101112,15,0.2,7.131107305936073,14.0,load_estimation,persistence,None,raw,mae,1.8763758682134126,0.42594539121224273,1.45043047700117,3.4052028896785043,SUCCESS
E5_DT15_PD20_SEED101112,15,0.2,7.131107305936073,14.0,load_estimation,persistence,None,raw,rmse,2.465667481509107,0.5819721564703912,1.8836953250387158,3.2367447550466304,SUCCESS
E5_DT15_PD20_SEED101112,15,0.2,7.131107305936073,14.0,load_estimation,persistence,None,raw,mape,59.54367761466221,13.286006475148488,46.25767113951372,3.48168362148843,SUCCESS
E5_DT15_PD20_SEED101112,15,0.2,7.131107305936073,14.0,load_estimation,persistence,None,raw,r2,-0.12256009257753253,0.9374618546027488,-1.0600219471802812,-1.1307360848612529,SUCCESS
E5_DT15_PD20_SEED101112,15,0.2,7.131107305936073,14.0,load_estimation,xgboost,None,raw,mae,1.452096836457151,0.27311548121171453,1.1789813552454365,4.3167869870090225,SUCCESS
E5_DT15_PD20_SEED101112,15,0.2,7.131107305936073,14.0,load_estimation,xgboost,None,raw,rmse,1.9184594311253353,0.40760963873834977,1.5108497923869857,3.7066095813225384,SUCCESS
E5_DT15_PD20_SEED101112,15,0.2,7.131107305936073,14.0,load_estimation,xgboost,None,raw,mape,45.42830711104313,9.005682087543944,36.42262502349919,4.044404928958854,SUCCESS
E5_DT15_PD20_SEED101112,15,0.2,7.131107305936073,14.0,load_estimation,xgboost,None,raw,r2,0.32041180942411196,0.9693218282677428,-0.6489100188436309,-0.6694474424487954,SUCCESS
E5_DT15_PD20_SEED101112,15,0.2,7.131107305936073,14.0,load_estimation,lstm,None,raw,mae,1.593928386644312,0.2762261204479895,1.3177022661963225,4.770375314467888,SUCCESS
E5_DT15_PD20_SEED101112,15,0.2,7.131107305936073,14.0,load_estimation,lstm,None,raw,rmse,2.0453100948896847,0.4088705073983315,1.6364395874913533,4.002341958837091,SUCCESS
E5_DT15_PD20_SEED101112,15,0.2,7.131107305936073,14.0,load_estimation,lstm,None,raw,mape,47.189136055966706,8.962657158047907,38.226478897918795,4.265083247504765,SUCCESS
E5_DT15_PD20_SEED101112,15,0.2,7.131107305936073,14.0,load_estimation,lstm,None,raw,r2,0.22967456107366102,0.9692158273028284,-0.7395412662291674,-0.7630305298327532,SUCCESS
E5_DT15_PD20_SEED101112,15,0.2,7.131107305936073,14.0,anomaly_detection,None,isolation_forest,raw,precision,0.11646586345381527,0.11646586345381527,0.0,0.0,SUCCESS
E5_DT15_PD20_SEED101112,15,0.2,7.131107305936073,14.0,anomaly_detection,None,isolation_forest,raw,recall,0.11885245901639344,0.11885245901639344,0.0,0.0,SUCCESS
E5_DT15_PD20_SEED101112,15,0.2,7.131107305936073,14.0,anomaly_detection,None,isolation_forest,raw,f1,0.11764705882352941,0.11764705882352941,0.0,0.0,SUCCESS
E5_DT15_PD20_SEED101112,15,0.2,7.131107305936073,14.0,anomaly_detection,None,isolation_forest,raw,false_positive_rate,0.04389465283320032,0.04389465283320032,0.0,0.0,SUCCESS
E5_DT15_PD20_SEED101112,15,0.2,7.131107305936073,14.0,anomaly_detection,None,isolation_forest,raw,pr_auc,0.09385708598261007,0.09385708598261007,0.0,0.0,SUCCESS
E5_DT15_PD20_SEED101112,15,0.2,7.131107305936073,14.0,anomaly_detection,None,isolation_forest,raw,roc_auc,0.7138596875695052,0.7138596875695052,0.0,0.0,SUCCESS
E5_DT15_PD20_SEED101112,15,0.2,7.131107305936073,14.0,anomaly_detection,None,isolation_forest,raw,detection_latency,3.2459016393442623,3.2459016393442623,0.0,0.0,SUCCESS
E5_DT15_PD20_SEED101112,15,0.2,7.131107305936073,14.0,anomaly_detection,None,isolation_forest,raw,threshold,0.5031683371451802,0.5031683371451802,0.0,0.0,SUCCESS
E5_DT15_PD20_SEED101112,15,0.2,7.131107305936073,14.0,anomaly_detection,None,isolation_forest,residual,precision,0.04642313546423135,0.04642313546423135,0.0,0.0,SUCCESS
E5_DT15_PD20_SEED101112,15,0.2,7.131107305936073,14.0,anomaly_detection,None,isolation_forest,residual,recall,1.0,1.0,0.0,0.0,SUCCESS
E5_DT15_PD20_SEED101112,15,0.2,7.131107305936073,14.0,anomaly_detection,None,isolation_forest,residual,f1,0.08872727272727272,0.08872727272727272,0.0,0.0,SUCCESS
E5_DT15_PD20_SEED101112,15,0.2,7.131107305936073,14.0,anomaly_detection,None,isolation_forest,residual,false_positive_rate,1.0,1.0,0.0,0.0,SUCCESS
E5_DT15_PD20_SEED101112,15,0.2,7.131107305936073,14.0,anomaly_detection,None,isolation_forest,residual,pr_auc,0.05352746187092585,0.08483778096937764,-0.031310319098451785,0.36906103319408257,SUCCESS
E5_DT15_PD20_SEED101112,15,0.2,7.131107305936073,14.0,anomaly_detection,None,isolation_forest,residual,roc_auc,0.569165151178156,0.6919352570224903,-0.12277010584433423,0.1774300479681205,SUCCESS
E5_DT15_PD20_SEED101112,15,0.2,7.131107305936073,14.0,anomaly_detection,None,isolation_forest,residual,detection_latency,0.0,0.0,0.0,0.0,SUCCESS
E5_DT15_PD20_SEED101112,15,0.2,7.131107305936073,14.0,anomaly_detection,None,isolation_forest,residual,threshold,0.29376565419608197,0.29376565419608197,0.0,0.0,SUCCESS
E5_DT15_PD20_SEED101112,15,0.2,7.131107305936073,14.0,anomaly_detection,None,lstm_autoencoder,raw,precision,0.49825783972125437,0.49825783972125437,0.0,0.0,SUCCESS
E5_DT15_PD20_SEED101112,15,0.2,7.131107305936073,14.0,anomaly_detection,None,lstm_autoencoder,raw,recall,0.5860655737704918,0.5860655737704918,0.0,0.0,SUCCESS
E5_DT15_PD20_SEED101112,15,0.2,7.131107305936073,14.0,anomaly_detection,None,lstm_autoencoder,raw,f1,0.5386064030131827,0.5386064030131827,0.0,0.0,SUCCESS
E5_DT15_PD20_SEED101112,15,0.2,7.131107305936073,14.0,anomaly_detection,None,lstm_autoencoder,raw,false_positive_rate,0.028731045490822026,0.028731045490822026,0.0,0.0,SUCCESS
E5_DT15_PD20_SEED101112,15,0.2,7.131107305936073,14.0,anomaly_detection,None,lstm_autoencoder,raw,pr_auc,0.561001698584242,0.561001698584242,0.0,0.0,SUCCESS
E5_DT15_PD20_SEED101112,15,0.2,7.131107305936073,14.0,anomaly_detection,None,lstm_autoencoder,raw,roc_auc,0.9493396177043946,0.9493396177043946,0.0,0.0,SUCCESS
E5_DT15_PD20_SEED101112,15,0.2,7.131107305936073,14.0,anomaly_detection,None,lstm_autoencoder,raw,detection_latency,1.3442622950819672,1.3442622950819672,0.0,0.0,SUCCESS
E5_DT15_PD20_SEED101112,15,0.2,7.131107305936073,14.0,anomaly_detection,None,lstm_autoencoder,raw,threshold,0.0007370078528765589,0.0007370078528765589,0.0,0.0,SUCCESS
E5_DT15_PD20_SEED101112,15,0.2,7.131107305936073,14.0,anomaly_detection,None,lstm_autoencoder,residual,precision,0.04642313546423135,0.04642313546423135,0.0,0.0,SUCCESS
E5_DT15_PD20_SEED101112,15,0.2,7.131107305936073,14.0,anomaly_detection,None,lstm_autoencoder,residual,recall,1.0,1.0,0.0,0.0,SUCCESS
E5_DT15_PD20_SEED101112,15,0.2,7.131107305936073,14.0,anomaly_detection,None,lstm_autoencoder,residual,f1,0.08872727272727272,0.08872727272727272,0.0,0.0,SUCCESS
E5_DT15_PD20_SEED101112,15,0.2,7.131107305936073,14.0,anomaly_detection,None,lstm_autoencoder,residual,false_positive_rate,1.0,1.0,0.0,0.0,SUCCESS
E5_DT15_PD20_SEED101112,15,0.2,7.131107305936073,14.0,anomaly_detection,None,lstm_autoencoder,residual,pr_auc,0.11233218338615544,0.13190002094256142,-0.01956783755640598,0.14835355913193674,SUCCESS
E5_DT15_PD20_SEED101112,15,0.2,7.131107305936073,14.0,anomaly_detection,None,lstm_autoencoder,residual,roc_auc,0.6633464930069473,0.7417419504664216,-0.0783954574594743,0.10569101209683196,SUCCESS
E5_DT15_PD20_SEED101112,15,0.2,7.131107305936073,14.0,anomaly_detection,None,lstm_autoencoder,residual,detection_latency,0.0,0.0,0.0,0.0,SUCCESS
E5_DT15_PD20_SEED101112,15,0.2,7.131107305936073,14.0,anomaly_detection,None,lstm_autoencoder,residual,threshold,0.0003816792741417885,0.0003816792741417885,0.0,0.0,SUCCESS
E5_DT60_PD00_SEED101112,60,0.0,29.5,56.049999999995634,load_estimation,persistence,None,raw,mae,2.5244859097755117,0.42594539121224273,2.098540518563269,4.926783014580372,SUCCESS
E5_DT60_PD00_SEED101112,60,0.0,29.5,56.049999999995634,load_estimation,persistence,None,raw,rmse,3.211927667480327,0.5819721564703912,2.629955511009936,4.519040098001216,SUCCESS
E5_DT60_PD00_SEED101112,60,0.0,29.5,56.049999999995634,load_estimation,persistence,None,raw,mape,83.38282869872045,13.286006475148488,70.09682222357196,5.275988865027897,SUCCESS
E5_DT60_PD00_SEED101112,60,0.0,29.5,56.049999999995634,load_estimation,persistence,None,raw,r2,-0.9048996265177229,0.9374618546027488,-1.8423614811204718,-1.9652655434190183,SUCCESS
E5_DT60_PD00_SEED101112,60,0.0,29.5,56.049999999995634,load_estimation,xgboost,None,raw,mae,1.8579663265967115,0.27311548121171453,1.584850845384997,5.802859795254328,SUCCESS
E5_DT60_PD00_SEED101112,60,0.0,29.5,56.049999999995634,load_estimation,xgboost,None,raw,rmse,2.4502494739150404,0.40760963873834977,2.042639835176691,5.0112648010463,SUCCESS
E5_DT60_PD00_SEED101112,60,0.0,29.5,56.049999999995634,load_estimation,xgboost,None,raw,mape,61.53158486763907,9.005682087543944,52.52590278009512,5.832529093242746,SUCCESS
E5_DT60_PD00_SEED101112,60,0.0,29.5,56.049999999995634,load_estimation,xgboost,None,raw,r2,-0.1085650773029776,0.9693218282677428,-1.0778869055707205,-1.1120010652158658,SUCCESS
E5_DT60_PD00_SEED101112,60,0.0,29.5,56.049999999995634,load_estimation,lstm,None,raw,mae,1.7936290449697931,0.2762261204479895,1.5174029245218037,5.493336119194111,SUCCESS
E5_DT60_PD00_SEED101112,60,0.0,29.5,56.049999999995634,load_estimation,lstm,None,raw,rmse,2.274995617397672,0.4088705073983315,1.8661251099993408,4.564098109872515,SUCCESS
E5_DT60_PD00_SEED101112,60,0.0,29.5,56.049999999995634,load_estimation,lstm,None,raw,mape,58.27592001913866,8.962657158047907,49.31326286109075,5.5020806878471875,SUCCESS
E5_DT60_PD00_SEED101112,60,0.0,29.5,56.049999999995634,load_estimation,lstm,None,raw,r2,0.046947016930621976,0.9692158273028284,-0.9222688103722064,-0.9515618548437575,SUCCESS
E5_DT60_PD00_SEED101112,60,0.0,29.5,56.049999999995634,anomaly_detection,None,isolation_forest,raw,precision,0.11646586345381527,0.11646586345381527,0.0,0.0,SUCCESS
E5_DT60_PD00_SEED101112,60,0.0,29.5,56.049999999995634,anomaly_detection,None,isolation_forest,raw,recall,0.11885245901639344,0.11885245901639344,0.0,0.0,SUCCESS
E5_DT60_PD00_SEED101112,60,0.0,29.5,56.049999999995634,anomaly_detection,None,isolation_forest,raw,f1,0.11764705882352941,0.11764705882352941,0.0,0.0,SUCCESS
E5_DT60_PD00_SEED101112,60,0.0,29.5,56.049999999995634,anomaly_detection,None,isolation_forest,raw,false_positive_rate,0.04389465283320032,0.04389465283320032,0.0,0.0,SUCCESS
E5_DT60_PD00_SEED101112,60,0.0,29.5,56.049999999995634,anomaly_detection,None,isolation_forest,raw,pr_auc,0.09385708598261007,0.09385708598261007,0.0,0.0,SUCCESS
E5_DT60_PD00_SEED101112,60,0.0,29.5,56.049999999995634,anomaly_detection,None,isolation_forest,raw,roc_auc,0.7138596875695052,0.7138596875695052,0.0,0.0,SUCCESS
E5_DT60_PD00_SEED101112,60,0.0,29.5,56.049999999995634,anomaly_detection,None,isolation_forest,raw,detection_latency,3.2459016393442623,3.2459016393442623,0.0,0.0,SUCCESS
E5_DT60_PD00_SEED101112,60,0.0,29.5,56.049999999995634,anomaly_detection,None,isolation_forest,raw,threshold,0.5031683371451802,0.5031683371451802,0.0,0.0,SUCCESS
E5_DT60_PD00_SEED101112,60,0.0,29.5,56.049999999995634,anomaly_detection,None,isolation_forest,residual,precision,0.04642313546423135,0.04642313546423135,0.0,0.0,SUCCESS
E5_DT60_PD00_SEED101112,60,0.0,29.5,56.049999999995634,anomaly_detection,None,isolation_forest,residual,recall,1.0,1.0,0.0,0.0,SUCCESS
E5_DT60_PD00_SEED101112,60,0.0,29.5,56.049999999995634,anomaly_detection,None,isolation_forest,residual,f1,0.08872727272727272,0.08872727272727272,0.0,0.0,SUCCESS
E5_DT60_PD00_SEED101112,60,0.0,29.5,56.049999999995634,anomaly_detection,None,isolation_forest,residual,false_positive_rate,1.0,1.0,0.0,0.0,SUCCESS
E5_DT60_PD00_SEED101112,60,0.0,29.5,56.049999999995634,anomaly_detection,None,isolation_forest,residual,pr_auc,0.046852790017781004,0.08483778096937764,-0.03798499095159663,0.4477367337708584,SUCCESS
E5_DT60_PD00_SEED101112,60,0.0,29.5,56.049999999995634,anomaly_detection,None,isolation_forest,residual,roc_auc,0.5076255511362893,0.6919352570224903,-0.184309705886201,0.26636842683709394,SUCCESS
E5_DT60_PD00_SEED101112,60,0.0,29.5,56.049999999995634,anomaly_detection,None,isolation_forest,residual,detection_latency,0.0,0.0,0.0,0.0,SUCCESS
E5_DT60_PD00_SEED101112,60,0.0,29.5,56.049999999995634,anomaly_detection,None,isolation_forest,residual,threshold,0.29376565419608197,0.29376565419608197,0.0,0.0,SUCCESS
E5_DT60_PD00_SEED101112,60,0.0,29.5,56.049999999995634,anomaly_detection,None,lstm_autoencoder,raw,precision,0.49825783972125437,0.49825783972125437,0.0,0.0,SUCCESS
E5_DT60_PD00_SEED101112,60,0.0,29.5,56.049999999995634,anomaly_detection,None,lstm_autoencoder,raw,recall,0.5860655737704918,0.5860655737704918,0.0,0.0,SUCCESS
E5_DT60_PD00_SEED101112,60,0.0,29.5,56.049999999995634,anomaly_detection,None,lstm_autoencoder,raw,f1,0.5386064030131827,0.5386064030131827,0.0,0.0,SUCCESS
E5_DT60_PD00_SEED101112,60,0.0,29.5,56.049999999995634,anomaly_detection,None,lstm_autoencoder,raw,false_positive_rate,0.028731045490822026,0.028731045490822026,0.0,0.0,SUCCESS
E5_DT60_PD00_SEED101112,60,0.0,29.5,56.049999999995634,anomaly_detection,None,lstm_autoencoder,raw,pr_auc,0.561001698584242,0.561001698584242,0.0,0.0,SUCCESS
E5_DT60_PD00_SEED101112,60,0.0,29.5,56.049999999995634,anomaly_detection,None,lstm_autoencoder,raw,roc_auc,0.9493396177043946,0.9493396177043946,0.0,0.0,SUCCESS
E5_DT60_PD00_SEED101112,60,0.0,29.5,56.049999999995634,anomaly_detection,None,lstm_autoencoder,raw,detection_latency,1.3442622950819672,1.3442622950819672,0.0,0.0,SUCCESS
E5_DT60_PD00_SEED101112,60,0.0,29.5,56.049999999995634,anomaly_detection,None,lstm_autoencoder,raw,threshold,0.0007370078528765589,0.0007370078528765589,0.0,0.0,SUCCESS
E5_DT60_PD00_SEED101112,60,0.0,29.5,56.049999999995634,anomaly_detection,None,lstm_autoencoder,residual,precision,0.04642313546423135,0.04642313546423135,0.0,0.0,SUCCESS
E5_DT60_PD00_SEED101112,60,0.0,29.5,56.049999999995634,anomaly_detection,None,lstm_autoencoder,residual,recall,1.0,1.0,0.0,0.0,SUCCESS
E5_DT60_PD00_SEED101112,60,0.0,29.5,56.049999999995634,anomaly_detection,None,lstm_autoencoder,residual,f1,0.08872727272727272,0.08872727272727272,0.0,0.0,SUCCESS
E5_DT60_PD00_SEED101112,60,0.0,29.5,56.049999999995634,anomaly_detection,None,lstm_autoencoder,residual,false_positive_rate,1.0,1.0,0.0,0.0,SUCCESS
E5_DT60_PD00_SEED101112,60,0.0,29.5,56.049999999995634,anomaly_detection,None,lstm_autoencoder,residual,pr_auc,0.10751764134933903,0.13190002094256142,-0.024382379593222397,0.1848550092637226,SUCCESS
E5_DT60_PD00_SEED101112,60,0.0,29.5,56.049999999995634,anomaly_detection,None,lstm_autoencoder,residual,roc_auc,0.5843074980702052,0.7417419504664216,-0.15743445239621634,0.21224962710713416,SUCCESS
E5_DT60_PD00_SEED101112,60,0.0,29.5,56.049999999995634,anomaly_detection,None,lstm_autoencoder,residual,detection_latency,0.0,0.0,0.0,0.0,SUCCESS
E5_DT60_PD00_SEED101112,60,0.0,29.5,56.049999999995634,anomaly_detection,None,lstm_autoencoder,residual,threshold,0.0003816792741417885,0.0003816792741417885,0.0,0.0,SUCCESS
E5_DT60_PD05_SEED101112,60,0.05,29.515068493150686,57.0,load_estimation,persistence,None,raw,mae,2.5152119513334568,0.42594539121224273,2.089266560121214,4.905010368054813,SUCCESS
E5_DT60_PD05_SEED101112,60,0.05,29.515068493150686,57.0,load_estimation,persistence,None,raw,rmse,3.2599438229312288,0.5819721564703912,2.6779716664608375,4.601546030487944,SUCCESS
E5_DT60_PD05_SEED101112,60,0.05,29.515068493150686,57.0,load_estimation,persistence,None,raw,mape,83.81263323821354,13.286006475148488,70.52662676306505,5.308339032875327,SUCCESS
E5_DT60_PD05_SEED101112,60,0.05,29.515068493150686,57.0,load_estimation,persistence,None,raw,r2,-0.9622792709868841,0.9374618546027488,-1.899741125589633,-2.026472987953896,SUCCESS
E5_DT60_PD05_SEED101112,60,0.05,29.515068493150686,57.0,load_estimation,xgboost,None,raw,mae,1.8862464147842457,0.27311548121171453,1.6131309335725312,5.906406060966054,SUCCESS
E5_DT60_PD05_SEED101112,60,0.05,29.515068493150686,57.0,load_estimation,xgboost,None,raw,rmse,2.48451492381745,0.40760963873834977,2.0769052850791003,5.095329176973399,SUCCESS
E5_DT60_PD05_SEED101112,60,0.05,29.515068493150686,57.0,load_estimation,xgboost,None,raw,mape,62.66376415832136,9.005682087543944,53.65808207077741,5.9582474208137635,SUCCESS
E5_DT60_PD05_SEED101112,60,0.05,29.515068493150686,57.0,load_estimation,xgboost,None,raw,r2,-0.13978727325683238,0.9693218282677428,-1.109109101524575,-1.1442114158376517,SUCCESS
E5_DT60_PD05_SEED101112,60,0.05,29.515068493150686,57.0,load_estimation,lstm,None,raw,mae,1.7636247267806004,0.2762261204479895,1.487398606332611,5.384713813162621,SUCCESS
E5_DT60_PD05_SEED101112,60,0.05,29.515068493150686,57.0,load_estimation,lstm,None,raw,rmse,2.2652705391013574,0.4088705073983315,1.856400031703026,4.540312881737093,SUCCESS
E5_DT60_PD05_SEED101112,60,0.05,29.515068493150686,57.0,load_estimation,lstm,None,raw,mape,55.06806319709264,8.962657158047907,46.10540603904474,5.144167095317816,SUCCESS
E5_DT60_PD05_SEED101112,60,0.05,29.515068493150686,57.0,load_estimation,lstm,None,raw,r2,0.055077761829726346,0.9692158273028284,-0.9141380654731021,-0.9431728617319438,SUCCESS
E5_DT60_PD05_SEED101112,60,0.05,29.515068493150686,57.0,anomaly_detection,None,isolation_forest,raw,precision,0.11646586345381527,0.11646586345381527,0.0,0.0,SUCCESS
E5_DT60_PD05_SEED101112,60,0.05,29.515068493150686,57.0,anomaly_detection,None,isolation_forest,raw,recall,0.11885245901639344,0.11885245901639344,0.0,0.0,SUCCESS
E5_DT60_PD05_SEED101112,60,0.05,29.515068493150686,57.0,anomaly_detection,None,isolation_forest,raw,f1,0.11764705882352941,0.11764705882352941,0.0,0.0,SUCCESS
E5_DT60_PD05_SEED101112,60,0.05,29.515068493150686,57.0,anomaly_detection,None,isolation_forest,raw,false_positive_rate,0.04389465283320032,0.04389465283320032,0.0,0.0,SUCCESS
E5_DT60_PD05_SEED101112,60,0.05,29.515068493150686,57.0,anomaly_detection,None,isolation_forest,raw,pr_auc,0.09385708598261007,0.09385708598261007,0.0,0.0,SUCCESS
E5_DT60_PD05_SEED101112,60,0.05,29.515068493150686,57.0,anomaly_detection,None,isolation_forest,raw,roc_auc,0.7138596875695052,0.7138596875695052,0.0,0.0,SUCCESS
E5_DT60_PD05_SEED101112,60,0.05,29.515068493150686,57.0,anomaly_detection,None,isolation_forest,raw,detection_latency,3.2459016393442623,3.2459016393442623,0.0,0.0,SUCCESS
E5_DT60_PD05_SEED101112,60,0.05,29.515068493150686,57.0,anomaly_detection,None,isolation_forest,raw,threshold,0.5031683371451802,0.5031683371451802,0.0,0.0,SUCCESS
E5_DT60_PD05_SEED101112,60,0.05,29.515068493150686,57.0,anomaly_detection,None,isolation_forest,residual,precision,0.04642313546423135,0.04642313546423135,0.0,0.0,SUCCESS
E5_DT60_PD05_SEED101112,60,0.05,29.515068493150686,57.0,anomaly_detection,None,isolation_forest,residual,recall,1.0,1.0,0.0,0.0,SUCCESS
E5_DT60_PD05_SEED101112,60,0.05,29.515068493150686,57.0,anomaly_detection,None,isolation_forest,residual,f1,0.08872727272727272,0.08872727272727272,0.0,0.0,SUCCESS
E5_DT60_PD05_SEED101112,60,0.05,29.515068493150686,57.0,anomaly_detection,None,isolation_forest,residual,false_positive_rate,1.0,1.0,0.0,0.0,SUCCESS
E5_DT60_PD05_SEED101112,60,0.05,29.515068493150686,57.0,anomaly_detection,None,isolation_forest,residual,pr_auc,0.043481865574480624,0.08483778096937764,-0.04135591539489701,0.4874704986664433,SUCCESS
E5_DT60_PD05_SEED101112,60,0.05,29.515068493150686,57.0,anomaly_detection,None,isolation_forest,residual,roc_auc,0.5074943087409889,0.6919352570224903,-0.18444094828150137,0.26655810122348833,SUCCESS
E5_DT60_PD05_SEED101112,60,0.05,29.515068493150686,57.0,anomaly_detection,None,isolation_forest,residual,detection_latency,0.0,0.0,0.0,0.0,SUCCESS
E5_DT60_PD05_SEED101112,60,0.05,29.515068493150686,57.0,anomaly_detection,None,isolation_forest,residual,threshold,0.29376565419608197,0.29376565419608197,0.0,0.0,SUCCESS
E5_DT60_PD05_SEED101112,60,0.05,29.515068493150686,57.0,anomaly_detection,None,lstm_autoencoder,raw,precision,0.49825783972125437,0.49825783972125437,0.0,0.0,SUCCESS
E5_DT60_PD05_SEED101112,60,0.05,29.515068493150686,57.0,anomaly_detection,None,lstm_autoencoder,raw,recall,0.5860655737704918,0.5860655737704918,0.0,0.0,SUCCESS
E5_DT60_PD05_SEED101112,60,0.05,29.515068493150686,57.0,anomaly_detection,None,lstm_autoencoder,raw,f1,0.5386064030131827,0.5386064030131827,0.0,0.0,SUCCESS
E5_DT60_PD05_SEED101112,60,0.05,29.515068493150686,57.0,anomaly_detection,None,lstm_autoencoder,raw,false_positive_rate,0.028731045490822026,0.028731045490822026,0.0,0.0,SUCCESS
E5_DT60_PD05_SEED101112,60,0.05,29.515068493150686,57.0,anomaly_detection,None,lstm_autoencoder,raw,pr_auc,0.561001698584242,0.561001698584242,0.0,0.0,SUCCESS
E5_DT60_PD05_SEED101112,60,0.05,29.515068493150686,57.0,anomaly_detection,None,lstm_autoencoder,raw,roc_auc,0.9493396177043946,0.9493396177043946,0.0,0.0,SUCCESS
E5_DT60_PD05_SEED101112,60,0.05,29.515068493150686,57.0,anomaly_detection,None,lstm_autoencoder,raw,detection_latency,1.3442622950819672,1.3442622950819672,0.0,0.0,SUCCESS
E5_DT60_PD05_SEED101112,60,0.05,29.515068493150686,57.0,anomaly_detection,None,lstm_autoencoder,raw,threshold,0.0007370078528765589,0.0007370078528765589,0.0,0.0,SUCCESS
E5_DT60_PD05_SEED101112,60,0.05,29.515068493150686,57.0,anomaly_detection,None,lstm_autoencoder,residual,precision,0.04642313546423135,0.04642313546423135,0.0,0.0,SUCCESS
E5_DT60_PD05_SEED101112,60,0.05,29.515068493150686,57.0,anomaly_detection,None,lstm_autoencoder,residual,recall,1.0,1.0,0.0,0.0,SUCCESS
E5_DT60_PD05_SEED101112,60,0.05,29.515068493150686,57.0,anomaly_detection,None,lstm_autoencoder,residual,f1,0.08872727272727272,0.08872727272727272,0.0,0.0,SUCCESS
E5_DT60_PD05_SEED101112,60,0.05,29.515068493150686,57.0,anomaly_detection,None,lstm_autoencoder,residual,false_positive_rate,1.0,1.0,0.0,0.0,SUCCESS
E5_DT60_PD05_SEED101112,60,0.05,29.515068493150686,57.0,anomaly_detection,None,lstm_autoencoder,residual,pr_auc,0.0986833180929291,0.13190002094256142,-0.033216702849632324,0.2518324304443986,SUCCESS
E5_DT60_PD05_SEED101112,60,0.05,29.515068493150686,57.0,anomaly_detection,None,lstm_autoencoder,residual,roc_auc,0.563777262438999,0.7417419504664216,-0.1779646880274226,0.23992803415731712,SUCCESS
E5_DT60_PD05_SEED101112,60,0.05,29.515068493150686,57.0,anomaly_detection,None,lstm_autoencoder,residual,detection_latency,0.0,0.0,0.0,0.0,SUCCESS
E5_DT60_PD05_SEED101112,60,0.05,29.515068493150686,57.0,anomaly_detection,None,lstm_autoencoder,residual,threshold,0.0003816792741417885,0.0003816792741417885,0.0,0.0,SUCCESS
E5_DT60_PD10_SEED101112,60,0.1,29.54894406392694,57.0,load_estimation,persistence,None,raw,mae,2.5071550339369653,0.42594539121224273,2.0812096427247226,4.8860949916645176,SUCCESS
E5_DT60_PD10_SEED101112,60,0.1,29.54894406392694,57.0,load_estimation,persistence,None,raw,rmse,3.2379390397048557,0.5819721564703912,2.6559668832344645,4.563735315693906,SUCCESS
E5_DT60_PD10_SEED101112,60,0.1,29.54894406392694,57.0,load_estimation,persistence,None,raw,mape,83.00596214860437,13.286006475148488,69.71995567345589,5.247623189396095,SUCCESS
E5_DT60_PD10_SEED101112,60,0.1,29.54894406392694,57.0,load_estimation,persistence,None,raw,r2,-0.9358777129627387,0.9374618546027488,-1.8733395675654876,-1.998310180161217,SUCCESS
E5_DT60_PD10_SEED101112,60,0.1,29.54894406392694,57.0,load_estimation,xgboost,None,raw,mae,1.8786207606259002,0.27311548121171453,1.6055052794141857,5.878485072655494,SUCCESS
E5_DT60_PD10_SEED101112,60,0.1,29.54894406392694,57.0,load_estimation,xgboost,None,raw,rmse,2.472436270138036,0.40760963873834977,2.0648266313996864,5.0656962818416735,SUCCESS
E5_DT60_PD10_SEED101112,60,0.1,29.54894406392694,57.0,load_estimation,xgboost,None,raw,mape,62.427520779455584,9.005682087543944,53.42183869191164,5.932014718330014,SUCCESS
E5_DT60_PD10_SEED101112,60,0.1,29.54894406392694,57.0,load_estimation,xgboost,None,raw,r2,-0.12873189119298512,0.9693218282677428,-1.098053719460728,-1.1328061407871517,SUCCESS
E5_DT60_PD10_SEED101112,60,0.1,29.54894406392694,57.0,load_estimation,lstm,None,raw,mae,1.7498305909109233,0.2762261204479895,1.4736044704629339,5.334775972934819,SUCCESS
E5_DT60_PD10_SEED101112,60,0.1,29.54894406392694,57.0,load_estimation,lstm,None,raw,rmse,2.2421026671793047,0.4088705073983315,1.8332321597809733,4.48364977813133,SUCCESS
E5_DT60_PD10_SEED101112,60,0.1,29.54894406392694,57.0,load_estimation,lstm,None,raw,mape,54.781013091797746,8.962657158047907,45.81835593374984,5.1121397511683035,SUCCESS
E5_DT60_PD10_SEED101112,60,0.1,29.54894406392694,57.0,load_estimation,lstm,None,raw,r2,0.07430715497527551,0.9692158273028284,-0.8949086723275529,-0.923332705799842,SUCCESS
E5_DT60_PD10_SEED101112,60,0.1,29.54894406392694,57.0,anomaly_detection,None,isolation_forest,raw,precision,0.11646586345381527,0.11646586345381527,0.0,0.0,SUCCESS
E5_DT60_PD10_SEED101112,60,0.1,29.54894406392694,57.0,anomaly_detection,None,isolation_forest,raw,recall,0.11885245901639344,0.11885245901639344,0.0,0.0,SUCCESS
E5_DT60_PD10_SEED101112,60,0.1,29.54894406392694,57.0,anomaly_detection,None,isolation_forest,raw,f1,0.11764705882352941,0.11764705882352941,0.0,0.0,SUCCESS
E5_DT60_PD10_SEED101112,60,0.1,29.54894406392694,57.0,anomaly_detection,None,isolation_forest,raw,false_positive_rate,0.04389465283320032,0.04389465283320032,0.0,0.0,SUCCESS
E5_DT60_PD10_SEED101112,60,0.1,29.54894406392694,57.0,anomaly_detection,None,isolation_forest,raw,pr_auc,0.09385708598261007,0.09385708598261007,0.0,0.0,SUCCESS
E5_DT60_PD10_SEED101112,60,0.1,29.54894406392694,57.0,anomaly_detection,None,isolation_forest,raw,roc_auc,0.7138596875695052,0.7138596875695052,0.0,0.0,SUCCESS
E5_DT60_PD10_SEED101112,60,0.1,29.54894406392694,57.0,anomaly_detection,None,isolation_forest,raw,detection_latency,3.2459016393442623,3.2459016393442623,0.0,0.0,SUCCESS
E5_DT60_PD10_SEED101112,60,0.1,29.54894406392694,57.0,anomaly_detection,None,isolation_forest,raw,threshold,0.5031683371451802,0.5031683371451802,0.0,0.0,SUCCESS
E5_DT60_PD10_SEED101112,60,0.1,29.54894406392694,57.0,anomaly_detection,None,isolation_forest,residual,precision,0.04642313546423135,0.04642313546423135,0.0,0.0,SUCCESS
E5_DT60_PD10_SEED101112,60,0.1,29.54894406392694,57.0,anomaly_detection,None,isolation_forest,residual,recall,1.0,1.0,0.0,0.0,SUCCESS
E5_DT60_PD10_SEED101112,60,0.1,29.54894406392694,57.0,anomaly_detection,None,isolation_forest,residual,f1,0.08872727272727272,0.08872727272727272,0.0,0.0,SUCCESS
E5_DT60_PD10_SEED101112,60,0.1,29.54894406392694,57.0,anomaly_detection,None,isolation_forest,residual,false_positive_rate,1.0,1.0,0.0,0.0,SUCCESS
E5_DT60_PD10_SEED101112,60,0.1,29.54894406392694,57.0,anomaly_detection,None,isolation_forest,residual,pr_auc,0.04915699095718572,0.08483778096937764,-0.03568079001219192,0.42057665352033397,SUCCESS
E5_DT60_PD10_SEED101112,60,0.1,29.54894406392694,57.0,anomaly_detection,None,isolation_forest,residual,roc_auc,0.5042300119058521,0.6919352570224903,-0.1877052451166381,0.271275734559855,SUCCESS
E5_DT60_PD10_SEED101112,60,0.1,29.54894406392694,57.0,anomaly_detection,None,isolation_forest,residual,detection_latency,0.0,0.0,0.0,0.0,SUCCESS
E5_DT60_PD10_SEED101112,60,0.1,29.54894406392694,57.0,anomaly_detection,None,isolation_forest,residual,threshold,0.29376565419608197,0.29376565419608197,0.0,0.0,SUCCESS
E5_DT60_PD10_SEED101112,60,0.1,29.54894406392694,57.0,anomaly_detection,None,lstm_autoencoder,raw,precision,0.49825783972125437,0.49825783972125437,0.0,0.0,SUCCESS
E5_DT60_PD10_SEED101112,60,0.1,29.54894406392694,57.0,anomaly_detection,None,lstm_autoencoder,raw,recall,0.5860655737704918,0.5860655737704918,0.0,0.0,SUCCESS
E5_DT60_PD10_SEED101112,60,0.1,29.54894406392694,57.0,anomaly_detection,None,lstm_autoencoder,raw,f1,0.5386064030131827,0.5386064030131827,0.0,0.0,SUCCESS
E5_DT60_PD10_SEED101112,60,0.1,29.54894406392694,57.0,anomaly_detection,None,lstm_autoencoder,raw,false_positive_rate,0.028731045490822026,0.028731045490822026,0.0,0.0,SUCCESS
E5_DT60_PD10_SEED101112,60,0.1,29.54894406392694,57.0,anomaly_detection,None,lstm_autoencoder,raw,pr_auc,0.561001698584242,0.561001698584242,0.0,0.0,SUCCESS
E5_DT60_PD10_SEED101112,60,0.1,29.54894406392694,57.0,anomaly_detection,None,lstm_autoencoder,raw,roc_auc,0.9493396177043946,0.9493396177043946,0.0,0.0,SUCCESS
E5_DT60_PD10_SEED101112,60,0.1,29.54894406392694,57.0,anomaly_detection,None,lstm_autoencoder,raw,detection_latency,1.3442622950819672,1.3442622950819672,0.0,0.0,SUCCESS
E5_DT60_PD10_SEED101112,60,0.1,29.54894406392694,57.0,anomaly_detection,None,lstm_autoencoder,raw,threshold,0.0007370078528765589,0.0007370078528765589,0.0,0.0,SUCCESS
E5_DT60_PD10_SEED101112,60,0.1,29.54894406392694,57.0,anomaly_detection,None,lstm_autoencoder,residual,precision,0.04642313546423135,0.04642313546423135,0.0,0.0,SUCCESS
E5_DT60_PD10_SEED101112,60,0.1,29.54894406392694,57.0,anomaly_detection,None,lstm_autoencoder,residual,recall,1.0,1.0,0.0,0.0,SUCCESS
E5_DT60_PD10_SEED101112,60,0.1,29.54894406392694,57.0,anomaly_detection,None,lstm_autoencoder,residual,f1,0.08872727272727272,0.08872727272727272,0.0,0.0,SUCCESS
E5_DT60_PD10_SEED101112,60,0.1,29.54894406392694,57.0,anomaly_detection,None,lstm_autoencoder,residual,false_positive_rate,1.0,1.0,0.0,0.0,SUCCESS
E5_DT60_PD10_SEED101112,60,0.1,29.54894406392694,57.0,anomaly_detection,None,lstm_autoencoder,residual,pr_auc,0.09766597530383468,0.13190002094256142,-0.03423404563872674,0.2595454147322286,SUCCESS
E5_DT60_PD10_SEED101112,60,0.1,29.54894406392694,57.0,anomaly_detection,None,lstm_autoencoder,residual,roc_auc,0.5836794970758703,0.7417419504664216,-0.15806245339055125,0.21309628407987247,SUCCESS
E5_DT60_PD10_SEED101112,60,0.1,29.54894406392694,57.0,anomaly_detection,None,lstm_autoencoder,residual,detection_latency,0.0,0.0,0.0,0.0,SUCCESS
E5_DT60_PD10_SEED101112,60,0.1,29.54894406392694,57.0,anomaly_detection,None,lstm_autoencoder,residual,threshold,0.0003816792741417885,0.0003816792741417885,0.0,0.0,SUCCESS
E5_DT60_PD20_SEED101112,60,0.2,29.609503424657536,57.0,load_estimation,persistence,None,raw,mae,2.504717097162656,0.42594539121224273,2.0787717059504134,4.880371401681842,SUCCESS
E5_DT60_PD20_SEED101112,60,0.2,29.609503424657536,57.0,load_estimation,persistence,None,raw,rmse,3.2172569749811024,0.5819721564703912,2.635284818510711,4.528197421837973,SUCCESS
E5_DT60_PD20_SEED101112,60,0.2,29.609503424657536,57.0,load_estimation,persistence,None,raw,mape,82.19297796681218,13.286006475148488,68.9069714916637,5.186432177385611,SUCCESS
E5_DT60_PD20_SEED101112,60,0.2,29.609503424657536,57.0,load_estimation,persistence,None,raw,r2,-0.9112261811424813,0.9374618546027488,-1.84868803574523,-1.9720141429419706,SUCCESS
E5_DT60_PD20_SEED101112,60,0.2,29.609503424657536,57.0,load_estimation,xgboost,None,raw,mae,1.877615566100341,0.27311548121171453,1.6045000848886266,5.8748045982968105,SUCCESS
E5_DT60_PD20_SEED101112,60,0.2,29.609503424657536,57.0,load_estimation,xgboost,None,raw,rmse,2.4653693983031015,0.40760963873834977,2.057759759564752,5.048358929720148,SUCCESS
E5_DT60_PD20_SEED101112,60,0.2,29.609503424657536,57.0,load_estimation,xgboost,None,raw,mape,61.78850701529942,9.005682087543944,52.78282492775548,5.861057987019234,SUCCESS
E5_DT60_PD20_SEED101112,60,0.2,29.609503424657536,57.0,load_estimation,xgboost,None,raw,r2,-0.12228868851565666,0.9693218282677428,-1.0916105167833994,-1.1261590164890813,SUCCESS
E5_DT60_PD20_SEED101112,60,0.2,29.609503424657536,57.0,load_estimation,lstm,None,raw,mae,1.7649093242851561,0.2762261204479895,1.4886832038371667,5.389364341876098,SUCCESS
E5_DT60_PD20_SEED101112,60,0.2,29.609503424657536,57.0,load_estimation,lstm,None,raw,rmse,2.238823844931144,0.4088705073983315,1.8299533375328128,4.475630558870386,SUCCESS
E5_DT60_PD20_SEED101112,60,0.2,29.609503424657536,57.0,load_estimation,lstm,None,raw,mape,56.50595369196098,8.962657158047907,47.54329653391308,5.3045983680433615,SUCCESS
E5_DT60_PD20_SEED101112,60,0.2,29.609503424657536,57.0,load_estimation,lstm,None,raw,r2,0.07701261805130144,0.9692158273028284,-0.892203209251527,-0.9205413119742223,SUCCESS
E5_DT60_PD20_SEED101112,60,0.2,29.609503424657536,57.0,anomaly_detection,None,isolation_forest,raw,precision,0.11646586345381527,0.11646586345381527,0.0,0.0,SUCCESS
E5_DT60_PD20_SEED101112,60,0.2,29.609503424657536,57.0,anomaly_detection,None,isolation_forest,raw,recall,0.11885245901639344,0.11885245901639344,0.0,0.0,SUCCESS
E5_DT60_PD20_SEED101112,60,0.2,29.609503424657536,57.0,anomaly_detection,None,isolation_forest,raw,f1,0.11764705882352941,0.11764705882352941,0.0,0.0,SUCCESS
E5_DT60_PD20_SEED101112,60,0.2,29.609503424657536,57.0,anomaly_detection,None,isolation_forest,raw,false_positive_rate,0.04389465283320032,0.04389465283320032,0.0,0.0,SUCCESS
E5_DT60_PD20_SEED101112,60,0.2,29.609503424657536,57.0,anomaly_detection,None,isolation_forest,raw,pr_auc,0.09385708598261007,0.09385708598261007,0.0,0.0,SUCCESS
E5_DT60_PD20_SEED101112,60,0.2,29.609503424657536,57.0,anomaly_detection,None,isolation_forest,raw,roc_auc,0.7138596875695052,0.7138596875695052,0.0,0.0,SUCCESS
E5_DT60_PD20_SEED101112,60,0.2,29.609503424657536,57.0,anomaly_detection,None,isolation_forest,raw,detection_latency,3.2459016393442623,3.2459016393442623,0.0,0.0,SUCCESS
E5_DT60_PD20_SEED101112,60,0.2,29.609503424657536,57.0,anomaly_detection,None,isolation_forest,raw,threshold,0.5031683371451802,0.5031683371451802,0.0,0.0,SUCCESS
E5_DT60_PD20_SEED101112,60,0.2,29.609503424657536,57.0,anomaly_detection,None,isolation_forest,residual,precision,0.04642313546423135,0.04642313546423135,0.0,0.0,SUCCESS
E5_DT60_PD20_SEED101112,60,0.2,29.609503424657536,57.0,anomaly_detection,None,isolation_forest,residual,recall,1.0,1.0,0.0,0.0,SUCCESS
E5_DT60_PD20_SEED101112,60,0.2,29.609503424657536,57.0,anomaly_detection,None,isolation_forest,residual,f1,0.08872727272727272,0.08872727272727272,0.0,0.0,SUCCESS
E5_DT60_PD20_SEED101112,60,0.2,29.609503424657536,57.0,anomaly_detection,None,isolation_forest,residual,false_positive_rate,1.0,1.0,0.0,0.0,SUCCESS
E5_DT60_PD20_SEED101112,60,0.2,29.609503424657536,57.0,anomaly_detection,None,isolation_forest,residual,pr_auc,0.05062537455952236,0.08483778096937764,-0.034212406409855275,0.4032685204508627,SUCCESS
E5_DT60_PD20_SEED101112,60,0.2,29.609503424657536,57.0,anomaly_detection,None,isolation_forest,residual,roc_auc,0.558619558960135,0.6919352570224903,-0.13331569806235521,0.19267076899077856,SUCCESS
E5_DT60_PD20_SEED101112,60,0.2,29.609503424657536,57.0,anomaly_detection,None,isolation_forest,residual,detection_latency,0.0,0.0,0.0,0.0,SUCCESS
E5_DT60_PD20_SEED101112,60,0.2,29.609503424657536,57.0,anomaly_detection,None,isolation_forest,residual,threshold,0.29376565419608197,0.29376565419608197,0.0,0.0,SUCCESS
E5_DT60_PD20_SEED101112,60,0.2,29.609503424657536,57.0,anomaly_detection,None,lstm_autoencoder,raw,precision,0.49825783972125437,0.49825783972125437,0.0,0.0,SUCCESS
E5_DT60_PD20_SEED101112,60,0.2,29.609503424657536,57.0,anomaly_detection,None,lstm_autoencoder,raw,recall,0.5860655737704918,0.5860655737704918,0.0,0.0,SUCCESS
E5_DT60_PD20_SEED101112,60,0.2,29.609503424657536,57.0,anomaly_detection,None,lstm_autoencoder,raw,f1,0.5386064030131827,0.5386064030131827,0.0,0.0,SUCCESS
E5_DT60_PD20_SEED101112,60,0.2,29.609503424657536,57.0,anomaly_detection,None,lstm_autoencoder,raw,false_positive_rate,0.028731045490822026,0.028731045490822026,0.0,0.0,SUCCESS
E5_DT60_PD20_SEED101112,60,0.2,29.609503424657536,57.0,anomaly_detection,None,lstm_autoencoder,raw,pr_auc,0.561001698584242,0.561001698584242,0.0,0.0,SUCCESS
E5_DT60_PD20_SEED101112,60,0.2,29.609503424657536,57.0,anomaly_detection,None,lstm_autoencoder,raw,roc_auc,0.9493396177043946,0.9493396177043946,0.0,0.0,SUCCESS
E5_DT60_PD20_SEED101112,60,0.2,29.609503424657536,57.0,anomaly_detection,None,lstm_autoencoder,raw,detection_latency,1.3442622950819672,1.3442622950819672,0.0,0.0,SUCCESS
E5_DT60_PD20_SEED101112,60,0.2,29.609503424657536,57.0,anomaly_detection,None,lstm_autoencoder,raw,threshold,0.0007370078528765589,0.0007370078528765589,0.0,0.0,SUCCESS
E5_DT60_PD20_SEED101112,60,0.2,29.609503424657536,57.0,anomaly_detection,None,lstm_autoencoder,residual,precision,0.04642313546423135,0.04642313546423135,0.0,0.0,SUCCESS
E5_DT60_PD20_SEED101112,60,0.2,29.609503424657536,57.0,anomaly_detection,None,lstm_autoencoder,residual,recall,1.0,1.0,0.0,0.0,SUCCESS
E5_DT60_PD20_SEED101112,60,0.2,29.609503424657536,57.0,anomaly_detection,None,lstm_autoencoder,residual,f1,0.08872727272727272,0.08872727272727272,0.0,0.0,SUCCESS
E5_DT60_PD20_SEED101112,60,0.2,29.609503424657536,57.0,anomaly_detection,None,lstm_autoencoder,residual,false_positive_rate,1.0,1.0,0.0,0.0,SUCCESS
E5_DT60_PD20_SEED101112,60,0.2,29.609503424657536,57.0,anomaly_detection,None,lstm_autoencoder,residual,pr_auc,0.1182311211297405,0.13190002094256142,-0.01366889981282092,0.10363076302143517,SUCCESS
E5_DT60_PD20_SEED101112,60,0.2,29.609503424657536,57.0,anomaly_detection,None,lstm_autoencoder,residual,roc_auc,0.5771222835686157,0.7417419504664216,-0.16461966689780583,0.2219365734866281,SUCCESS
E5_DT60_PD20_SEED101112,60,0.2,29.609503424657536,57.0,anomaly_detection,None,lstm_autoencoder,residual,detection_latency,0.0,0.0,0.0,0.0,SUCCESS
E5_DT60_PD20_SEED101112,60,0.2,29.609503424657536,57.0,anomaly_detection,None,lstm_autoencoder,residual,threshold,0.0003816792741417885,0.0003816792741417885,0.0,0.0,SUCCESS
E5_DT300_PD00_SEED101112,300,0.0,149.2945205479452,284.0,load_estimation,persistence,None,raw,mae,2.6202302605957017,0.42594539121224273,2.194284869383459,5.151563826382798,SUCCESS
E5_DT300_PD00_SEED101112,300,0.0,149.2945205479452,284.0,load_estimation,persistence,None,raw,rmse,3.3159603062539116,0.5819721564703912,2.7339881497835203,4.697798888463861,SUCCESS
E5_DT300_PD00_SEED101112,300,0.0,149.2945205479452,284.0,load_estimation,persistence,None,raw,mape,86.64435962708488,13.286006475148488,73.3583531519364,5.5214750413642655,SUCCESS
E5_DT300_PD00_SEED101112,300,0.0,149.2945205479452,284.0,load_estimation,persistence,None,raw,r2,-1.0302953978078304,0.9374618546027488,-1.9677572524105793,-2.099026475316609,SUCCESS
E5_DT300_PD00_SEED101112,300,0.0,149.2945205479452,284.0,load_estimation,xgboost,None,raw,mae,1.925706461775067,0.27311548121171453,1.6525909805633525,6.050887240926089,SUCCESS
E5_DT300_PD00_SEED101112,300,0.0,149.2945205479452,284.0,load_estimation,xgboost,None,raw,rmse,2.501856059869087,0.40760963873834977,2.0942464211307374,5.137872665653677,SUCCESS
E5_DT300_PD00_SEED101112,300,0.0,149.2945205479452,284.0,load_estimation,xgboost,None,raw,mape,63.93942829444133,9.005682087543944,54.93374620689738,6.099898449988376,SUCCESS
E5_DT300_PD00_SEED101112,300,0.0,149.2945205479452,284.0,load_estimation,xgboost,None,raw,r2,-0.15575351556818906,0.9693218282677428,-1.125075343835932,-1.1606829754845545,SUCCESS
E5_DT300_PD00_SEED101112,300,0.0,149.2945205479452,284.0,load_estimation,lstm,None,raw,mae,1.820927751626974,0.2762261204479895,1.5447016311789845,5.5921635096411375,SUCCESS
E5_DT300_PD00_SEED101112,300,0.0,149.2945205479452,284.0,load_estimation,lstm,None,raw,rmse,2.311035036657489,0.4088705073983315,1.9021645292591576,4.652241956414878,SUCCESS
E5_DT300_PD00_SEED101112,300,0.0,149.2945205479452,284.0,load_estimation,lstm,None,raw,mape,57.070978241991085,8.962657158047907,48.10832108394318,5.367640448094671,SUCCESS
E5_DT300_PD00_SEED101112,300,0.0,149.2945205479452,284.0,load_estimation,lstm,None,raw,r2,0.016512202801900355,0.9692158273028284,-0.952703624500928,-0.982963337641884,SUCCESS
E5_DT300_PD00_SEED101112,300,0.0,149.2945205479452,284.0,anomaly_detection,None,isolation_forest,raw,precision,0.11646586345381527,0.11646586345381527,0.0,0.0,SUCCESS
E5_DT300_PD00_SEED101112,300,0.0,149.2945205479452,284.0,anomaly_detection,None,isolation_forest,raw,recall,0.11885245901639344,0.11885245901639344,0.0,0.0,SUCCESS
E5_DT300_PD00_SEED101112,300,0.0,149.2945205479452,284.0,anomaly_detection,None,isolation_forest,raw,f1,0.11764705882352941,0.11764705882352941,0.0,0.0,SUCCESS
E5_DT300_PD00_SEED101112,300,0.0,149.2945205479452,284.0,anomaly_detection,None,isolation_forest,raw,false_positive_rate,0.04389465283320032,0.04389465283320032,0.0,0.0,SUCCESS
E5_DT300_PD00_SEED101112,300,0.0,149.2945205479452,284.0,anomaly_detection,None,isolation_forest,raw,pr_auc,0.09385708598261007,0.09385708598261007,0.0,0.0,SUCCESS
E5_DT300_PD00_SEED101112,300,0.0,149.2945205479452,284.0,anomaly_detection,None,isolation_forest,raw,roc_auc,0.7138596875695052,0.7138596875695052,0.0,0.0,SUCCESS
E5_DT300_PD00_SEED101112,300,0.0,149.2945205479452,284.0,anomaly_detection,None,isolation_forest,raw,detection_latency,3.2459016393442623,3.2459016393442623,0.0,0.0,SUCCESS
E5_DT300_PD00_SEED101112,300,0.0,149.2945205479452,284.0,anomaly_detection,None,isolation_forest,raw,threshold,0.5031683371451802,0.5031683371451802,0.0,0.0,SUCCESS
E5_DT300_PD00_SEED101112,300,0.0,149.2945205479452,284.0,anomaly_detection,None,isolation_forest,residual,precision,0.04642313546423135,0.04642313546423135,0.0,0.0,SUCCESS
E5_DT300_PD00_SEED101112,300,0.0,149.2945205479452,284.0,anomaly_detection,None,isolation_forest,residual,recall,1.0,1.0,0.0,0.0,SUCCESS
E5_DT300_PD00_SEED101112,300,0.0,149.2945205479452,284.0,anomaly_detection,None,isolation_forest,residual,f1,0.08872727272727272,0.08872727272727272,0.0,0.0,SUCCESS
E5_DT300_PD00_SEED101112,300,0.0,149.2945205479452,284.0,anomaly_detection,None,isolation_forest,residual,false_positive_rate,1.0,1.0,0.0,0.0,SUCCESS
E5_DT300_PD00_SEED101112,300,0.0,149.2945205479452,284.0,anomaly_detection,None,isolation_forest,residual,pr_auc,0.05204026992907846,0.08483778096937764,-0.032797511040299175,0.3865908639470132,SUCCESS
E5_DT300_PD00_SEED101112,300,0.0,149.2945205479452,284.0,anomaly_detection,None,isolation_forest,residual,roc_auc,0.5526576380620937,0.6919352570224903,-0.1392776189603966,0.2012870677521634,SUCCESS
E5_DT300_PD00_SEED101112,300,0.0,149.2945205479452,284.0,anomaly_detection,None,isolation_forest,residual,detection_latency,0.0,0.0,0.0,0.0,SUCCESS
E5_DT300_PD00_SEED101112,300,0.0,149.2945205479452,284.0,anomaly_detection,None,isolation_forest,residual,threshold,0.29376565419608197,0.29376565419608197,0.0,0.0,SUCCESS
E5_DT300_PD00_SEED101112,300,0.0,149.2945205479452,284.0,anomaly_detection,None,lstm_autoencoder,raw,precision,0.49825783972125437,0.49825783972125437,0.0,0.0,SUCCESS
E5_DT300_PD00_SEED101112,300,0.0,149.2945205479452,284.0,anomaly_detection,None,lstm_autoencoder,raw,recall,0.5860655737704918,0.5860655737704918,0.0,0.0,SUCCESS
E5_DT300_PD00_SEED101112,300,0.0,149.2945205479452,284.0,anomaly_detection,None,lstm_autoencoder,raw,f1,0.5386064030131827,0.5386064030131827,0.0,0.0,SUCCESS
E5_DT300_PD00_SEED101112,300,0.0,149.2945205479452,284.0,anomaly_detection,None,lstm_autoencoder,raw,false_positive_rate,0.028731045490822026,0.028731045490822026,0.0,0.0,SUCCESS
E5_DT300_PD00_SEED101112,300,0.0,149.2945205479452,284.0,anomaly_detection,None,lstm_autoencoder,raw,pr_auc,0.561001698584242,0.561001698584242,0.0,0.0,SUCCESS
E5_DT300_PD00_SEED101112,300,0.0,149.2945205479452,284.0,anomaly_detection,None,lstm_autoencoder,raw,roc_auc,0.9493396177043946,0.9493396177043946,0.0,0.0,SUCCESS
E5_DT300_PD00_SEED101112,300,0.0,149.2945205479452,284.0,anomaly_detection,None,lstm_autoencoder,raw,detection_latency,1.3442622950819672,1.3442622950819672,0.0,0.0,SUCCESS
E5_DT300_PD00_SEED101112,300,0.0,149.2945205479452,284.0,anomaly_detection,None,lstm_autoencoder,raw,threshold,0.0007370078528765589,0.0007370078528765589,0.0,0.0,SUCCESS
E5_DT300_PD00_SEED101112,300,0.0,149.2945205479452,284.0,anomaly_detection,None,lstm_autoencoder,residual,precision,0.04642313546423135,0.04642313546423135,0.0,0.0,SUCCESS
E5_DT300_PD00_SEED101112,300,0.0,149.2945205479452,284.0,anomaly_detection,None,lstm_autoencoder,residual,recall,1.0,1.0,0.0,0.0,SUCCESS
E5_DT300_PD00_SEED101112,300,0.0,149.2945205479452,284.0,anomaly_detection,None,lstm_autoencoder,residual,f1,0.08872727272727272,0.08872727272727272,0.0,0.0,SUCCESS
E5_DT300_PD00_SEED101112,300,0.0,149.2945205479452,284.0,anomaly_detection,None,lstm_autoencoder,residual,false_positive_rate,1.0,1.0,0.0,0.0,SUCCESS
E5_DT300_PD00_SEED101112,300,0.0,149.2945205479452,284.0,anomaly_detection,None,lstm_autoencoder,residual,pr_auc,0.10881282243572207,0.13190002094256142,-0.02308719850683935,0.17503559394348503,SUCCESS
E5_DT300_PD00_SEED101112,300,0.0,149.2945205479452,284.0,anomaly_detection,None,lstm_autoencoder,residual,roc_auc,0.6371192743971845,0.7417419504664216,-0.10462267606923703,0.1410499648879887,SUCCESS
E5_DT300_PD00_SEED101112,300,0.0,149.2945205479452,284.0,anomaly_detection,None,lstm_autoencoder,residual,detection_latency,0.0,0.0,0.0,0.0,SUCCESS
E5_DT300_PD00_SEED101112,300,0.0,149.2945205479452,284.0,anomaly_detection,None,lstm_autoencoder,residual,threshold,0.0003816792741417885,0.0003816792741417885,0.0,0.0,SUCCESS
E5_DT300_PD05_SEED101112,300,0.05,149.30539383561643,284.0,load_estimation,persistence,None,raw,mae,2.4751753509951873,0.42594539121224273,2.0492299597829446,4.811015689008457,SUCCESS
E5_DT300_PD05_SEED101112,300,0.05,149.30539383561643,284.0,load_estimation,persistence,None,raw,rmse,3.217434008569708,0.5819721564703912,2.6354618520993167,4.5285016178147695,SUCCESS
E5_DT300_PD05_SEED101112,300,0.05,149.30539383561643,284.0,load_estimation,persistence,None,raw,mape,80.55792196500187,13.286006475148488,67.27191548985338,5.063366152627254,SUCCESS
E5_DT300_PD05_SEED101112,300,0.05,149.30539383561643,284.0,load_estimation,persistence,None,raw,r2,-0.9114365221511209,0.9374618546027488,-1.8488983767538696,-1.9722385158138982,SUCCESS
E5_DT300_PD05_SEED101112,300,0.05,149.30539383561643,284.0,load_estimation,xgboost,None,raw,mae,1.9472564160823822,0.27311548121171453,1.6741409348706677,6.129791425382078,SUCCESS
E5_DT300_PD05_SEED101112,300,0.05,149.30539383561643,284.0,load_estimation,xgboost,None,raw,rmse,2.4923280848696616,0.40760963873834977,2.084718446131312,5.114497421071834,SUCCESS
E5_DT300_PD05_SEED101112,300,0.05,149.30539383561643,284.0,load_estimation,xgboost,None,raw,mape,64.82039004321676,9.005682087543944,55.814707955672816,6.19772132894542,SUCCESS
E5_DT300_PD05_SEED101112,300,0.05,149.30539383561643,284.0,load_estimation,xgboost,None,raw,r2,-0.1469672213031734,0.9693218282677428,-1.1162890495709163,-1.1516186028388693,SUCCESS
E5_DT300_PD05_SEED101112,300,0.05,149.30539383561643,284.0,load_estimation,lstm,None,raw,mae,1.7564635338984642,0.2762261204479895,1.4802374134504748,5.35878870198732,SUCCESS
E5_DT300_PD05_SEED101112,300,0.05,149.30539383561643,284.0,load_estimation,lstm,None,raw,rmse,2.2057224934720203,0.4088705073983315,1.796851986073689,4.394672527268279,SUCCESS
E5_DT300_PD05_SEED101112,300,0.05,149.30539383561643,284.0,load_estimation,lstm,None,raw,mape,56.374954995879435,8.962657158047907,47.41229783783153,5.289982312361267,SUCCESS
E5_DT300_PD05_SEED101112,300,0.05,149.30539383561643,284.0,load_estimation,lstm,None,raw,r2,0.10410387031376211,0.9692158273028284,-0.8651119569890663,-0.8925895890459544,SUCCESS
E5_DT300_PD05_SEED101112,300,0.05,149.30539383561643,284.0,anomaly_detection,None,isolation_forest,raw,precision,0.11646586345381527,0.11646586345381527,0.0,0.0,SUCCESS
E5_DT300_PD05_SEED101112,300,0.05,149.30539383561643,284.0,anomaly_detection,None,isolation_forest,raw,recall,0.11885245901639344,0.11885245901639344,0.0,0.0,SUCCESS
E5_DT300_PD05_SEED101112,300,0.05,149.30539383561643,284.0,anomaly_detection,None,isolation_forest,raw,f1,0.11764705882352941,0.11764705882352941,0.0,0.0,SUCCESS
E5_DT300_PD05_SEED101112,300,0.05,149.30539383561643,284.0,anomaly_detection,None,isolation_forest,raw,false_positive_rate,0.04389465283320032,0.04389465283320032,0.0,0.0,SUCCESS
E5_DT300_PD05_SEED101112,300,0.05,149.30539383561643,284.0,anomaly_detection,None,isolation_forest,raw,pr_auc,0.09385708598261007,0.09385708598261007,0.0,0.0,SUCCESS
E5_DT300_PD05_SEED101112,300,0.05,149.30539383561643,284.0,anomaly_detection,None,isolation_forest,raw,roc_auc,0.7138596875695052,0.7138596875695052,0.0,0.0,SUCCESS
E5_DT300_PD05_SEED101112,300,0.05,149.30539383561643,284.0,anomaly_detection,None,isolation_forest,raw,detection_latency,3.2459016393442623,3.2459016393442623,0.0,0.0,SUCCESS
E5_DT300_PD05_SEED101112,300,0.05,149.30539383561643,284.0,anomaly_detection,None,isolation_forest,raw,threshold,0.5031683371451802,0.5031683371451802,0.0,0.0,SUCCESS
E5_DT300_PD05_SEED101112,300,0.05,149.30539383561643,284.0,anomaly_detection,None,isolation_forest,residual,precision,0.04642313546423135,0.04642313546423135,0.0,0.0,SUCCESS
E5_DT300_PD05_SEED101112,300,0.05,149.30539383561643,284.0,anomaly_detection,None,isolation_forest,residual,recall,1.0,1.0,0.0,0.0,SUCCESS
E5_DT300_PD05_SEED101112,300,0.05,149.30539383561643,284.0,anomaly_detection,None,isolation_forest,residual,f1,0.08872727272727272,0.08872727272727272,0.0,0.0,SUCCESS
E5_DT300_PD05_SEED101112,300,0.05,149.30539383561643,284.0,anomaly_detection,None,isolation_forest,residual,false_positive_rate,1.0,1.0,0.0,0.0,SUCCESS
E5_DT300_PD05_SEED101112,300,0.05,149.30539383561643,284.0,anomaly_detection,None,isolation_forest,residual,pr_auc,0.04480678471520873,0.08483778096937764,-0.04003099625416891,0.4718534100817438,SUCCESS
E5_DT300_PD05_SEED101112,300,0.05,149.30539383561643,284.0,anomaly_detection,None,isolation_forest,residual,roc_auc,0.5056475115460599,0.6919352570224903,-0.18628774547643034,0.26922713300960666,SUCCESS
E5_DT300_PD05_SEED101112,300,0.05,149.30539383561643,284.0,anomaly_detection,None,isolation_forest,residual,detection_latency,0.0,0.0,0.0,0.0,SUCCESS
E5_DT300_PD05_SEED101112,300,0.05,149.30539383561643,284.0,anomaly_detection,None,isolation_forest,residual,threshold,0.29376565419608197,0.29376565419608197,0.0,0.0,SUCCESS
E5_DT300_PD05_SEED101112,300,0.05,149.30539383561643,284.0,anomaly_detection,None,lstm_autoencoder,raw,precision,0.49825783972125437,0.49825783972125437,0.0,0.0,SUCCESS
E5_DT300_PD05_SEED101112,300,0.05,149.30539383561643,284.0,anomaly_detection,None,lstm_autoencoder,raw,recall,0.5860655737704918,0.5860655737704918,0.0,0.0,SUCCESS
E5_DT300_PD05_SEED101112,300,0.05,149.30539383561643,284.0,anomaly_detection,None,lstm_autoencoder,raw,f1,0.5386064030131827,0.5386064030131827,0.0,0.0,SUCCESS
E5_DT300_PD05_SEED101112,300,0.05,149.30539383561643,284.0,anomaly_detection,None,lstm_autoencoder,raw,false_positive_rate,0.028731045490822026,0.028731045490822026,0.0,0.0,SUCCESS
E5_DT300_PD05_SEED101112,300,0.05,149.30539383561643,284.0,anomaly_detection,None,lstm_autoencoder,raw,pr_auc,0.561001698584242,0.561001698584242,0.0,0.0,SUCCESS
E5_DT300_PD05_SEED101112,300,0.05,149.30539383561643,284.0,anomaly_detection,None,lstm_autoencoder,raw,roc_auc,0.9493396177043946,0.9493396177043946,0.0,0.0,SUCCESS
E5_DT300_PD05_SEED101112,300,0.05,149.30539383561643,284.0,anomaly_detection,None,lstm_autoencoder,raw,detection_latency,1.3442622950819672,1.3442622950819672,0.0,0.0,SUCCESS
E5_DT300_PD05_SEED101112,300,0.05,149.30539383561643,284.0,anomaly_detection,None,lstm_autoencoder,raw,threshold,0.0007370078528765589,0.0007370078528765589,0.0,0.0,SUCCESS
E5_DT300_PD05_SEED101112,300,0.05,149.30539383561643,284.0,anomaly_detection,None,lstm_autoencoder,residual,precision,0.04642313546423135,0.04642313546423135,0.0,0.0,SUCCESS
E5_DT300_PD05_SEED101112,300,0.05,149.30539383561643,284.0,anomaly_detection,None,lstm_autoencoder,residual,recall,1.0,1.0,0.0,0.0,SUCCESS
E5_DT300_PD05_SEED101112,300,0.05,149.30539383561643,284.0,anomaly_detection,None,lstm_autoencoder,residual,f1,0.08872727272727272,0.08872727272727272,0.0,0.0,SUCCESS
E5_DT300_PD05_SEED101112,300,0.05,149.30539383561643,284.0,anomaly_detection,None,lstm_autoencoder,residual,false_positive_rate,1.0,1.0,0.0,0.0,SUCCESS
E5_DT300_PD05_SEED101112,300,0.05,149.30539383561643,284.0,anomaly_detection,None,lstm_autoencoder,residual,pr_auc,0.0901468421323213,0.13190002094256142,-0.04175317881024013,0.31655172237176826,SUCCESS
E5_DT300_PD05_SEED101112,300,0.05,149.30539383561643,284.0,anomaly_detection,None,lstm_autoencoder,residual,roc_auc,0.5683842384833775,0.7417419504664216,-0.17335771198304406,0.23371701152136995,SUCCESS
E5_DT300_PD05_SEED101112,300,0.05,149.30539383561643,284.0,anomaly_detection,None,lstm_autoencoder,residual,detection_latency,0.0,0.0,0.0,0.0,SUCCESS
E5_DT300_PD05_SEED101112,300,0.05,149.30539383561643,284.0,anomaly_detection,None,lstm_autoencoder,residual,threshold,0.0003816792741417885,0.0003816792741417885,0.0,0.0,SUCCESS
E5_DT300_PD10_SEED101112,300,0.1,149.31124429223743,284.0,load_estimation,persistence,None,raw,mae,2.493160115347968,0.42594539121224273,2.0672147241357255,4.853238858278105,SUCCESS
E5_DT300_PD10_SEED101112,300,0.1,149.31124429223743,284.0,load_estimation,persistence,None,raw,rmse,3.2231513690055245,0.5819721564703912,2.641179212535133,4.538325731171827,SUCCESS
E5_DT300_PD10_SEED101112,300,0.1,149.31124429223743,284.0,load_estimation,persistence,None,raw,mape,79.30486482658569,13.286006475148488,66.0188583514372,4.969052098154977,SUCCESS
E5_DT300_PD10_SEED101112,300,0.1,149.31124429223743,284.0,load_estimation,persistence,None,raw,r2,-0.9182357797848038,0.9374618546027488,-1.8556976343875524,-1.9794913523963147,SUCCESS
E5_DT300_PD10_SEED101112,300,0.1,149.31124429223743,284.0,load_estimation,xgboost,None,raw,mae,1.9256244552416708,0.27311548121171453,1.6525089740299563,6.050586977707643,SUCCESS
E5_DT300_PD10_SEED101112,300,0.1,149.31124429223743,284.0,load_estimation,xgboost,None,raw,rmse,2.5309460998079483,0.40760963873834977,2.1233364610695986,5.209240065180592,SUCCESS
E5_DT300_PD10_SEED101112,300,0.1,149.31124429223743,284.0,load_estimation,xgboost,None,raw,mape,61.66942273405292,9.005682087543944,52.66374064650898,5.847834748613871,SUCCESS
E5_DT300_PD10_SEED101112,300,0.1,149.31124429223743,284.0,load_estimation,xgboost,None,raw,r2,-0.18278654765329239,0.9693218282677428,-1.1521083759210353,-1.188571578935705,SUCCESS
E5_DT300_PD10_SEED101112,300,0.1,149.31124429223743,284.0,load_estimation,lstm,None,raw,mae,1.7960275769256484,0.2762261204479895,1.519801456477659,5.50201933840584,SUCCESS
E5_DT300_PD10_SEED101112,300,0.1,149.31124429223743,284.0,load_estimation,lstm,None,raw,rmse,2.2492480790029044,0.4088705073983315,1.840377571604573,4.501125755719116,SUCCESS
E5_DT300_PD10_SEED101112,300,0.1,149.31124429223743,284.0,load_estimation,lstm,None,raw,mape,58.27174552015715,8.962657158047907,49.309088362109236,5.501614922069484,SUCCESS
E5_DT300_PD10_SEED101112,300,0.1,149.31124429223743,284.0,load_estimation,lstm,None,raw,r2,0.06839752685378764,0.9692158273028284,-0.9008183004490408,-0.9294300351613872,SUCCESS
E5_DT300_PD10_SEED101112,300,0.1,149.31124429223743,284.0,anomaly_detection,None,isolation_forest,raw,precision,0.11646586345381527,0.11646586345381527,0.0,0.0,SUCCESS
E5_DT300_PD10_SEED101112,300,0.1,149.31124429223743,284.0,anomaly_detection,None,isolation_forest,raw,recall,0.11885245901639344,0.11885245901639344,0.0,0.0,SUCCESS
E5_DT300_PD10_SEED101112,300,0.1,149.31124429223743,284.0,anomaly_detection,None,isolation_forest,raw,f1,0.11764705882352941,0.11764705882352941,0.0,0.0,SUCCESS
E5_DT300_PD10_SEED101112,300,0.1,149.31124429223743,284.0,anomaly_detection,None,isolation_forest,raw,false_positive_rate,0.04389465283320032,0.04389465283320032,0.0,0.0,SUCCESS
E5_DT300_PD10_SEED101112,300,0.1,149.31124429223743,284.0,anomaly_detection,None,isolation_forest,raw,pr_auc,0.09385708598261007,0.09385708598261007,0.0,0.0,SUCCESS
E5_DT300_PD10_SEED101112,300,0.1,149.31124429223743,284.0,anomaly_detection,None,isolation_forest,raw,roc_auc,0.7138596875695052,0.7138596875695052,0.0,0.0,SUCCESS
E5_DT300_PD10_SEED101112,300,0.1,149.31124429223743,284.0,anomaly_detection,None,isolation_forest,raw,detection_latency,3.2459016393442623,3.2459016393442623,0.0,0.0,SUCCESS
E5_DT300_PD10_SEED101112,300,0.1,149.31124429223743,284.0,anomaly_detection,None,isolation_forest,raw,threshold,0.5031683371451802,0.5031683371451802,0.0,0.0,SUCCESS
E5_DT300_PD10_SEED101112,300,0.1,149.31124429223743,284.0,anomaly_detection,None,isolation_forest,residual,precision,0.04642313546423135,0.04642313546423135,0.0,0.0,SUCCESS
E5_DT300_PD10_SEED101112,300,0.1,149.31124429223743,284.0,anomaly_detection,None,isolation_forest,residual,recall,1.0,1.0,0.0,0.0,SUCCESS
E5_DT300_PD10_SEED101112,300,0.1,149.31124429223743,284.0,anomaly_detection,None,isolation_forest,residual,f1,0.08872727272727272,0.08872727272727272,0.0,0.0,SUCCESS
E5_DT300_PD10_SEED101112,300,0.1,149.31124429223743,284.0,anomaly_detection,None,isolation_forest,residual,false_positive_rate,1.0,1.0,0.0,0.0,SUCCESS
E5_DT300_PD10_SEED101112,300,0.1,149.31124429223743,284.0,anomaly_detection,None,isolation_forest,residual,pr_auc,0.0435623313741222,0.08483778096937764,-0.041275449595255434,0.48652203209032413,SUCCESS
E5_DT300_PD10_SEED101112,300,0.1,149.31124429223743,284.0,anomaly_detection,None,isolation_forest,residual,roc_auc,0.4937576046995408,0.6919352570224903,-0.19817765232294948,0.2864106869994457,SUCCESS
E5_DT300_PD10_SEED101112,300,0.1,149.31124429223743,284.0,anomaly_detection,None,isolation_forest,residual,detection_latency,0.0,0.0,0.0,0.0,SUCCESS
E5_DT300_PD10_SEED101112,300,0.1,149.31124429223743,284.0,anomaly_detection,None,isolation_forest,residual,threshold,0.29376565419608197,0.29376565419608197,0.0,0.0,SUCCESS
E5_DT300_PD10_SEED101112,300,0.1,149.31124429223743,284.0,anomaly_detection,None,lstm_autoencoder,raw,precision,0.49825783972125437,0.49825783972125437,0.0,0.0,SUCCESS
E5_DT300_PD10_SEED101112,300,0.1,149.31124429223743,284.0,anomaly_detection,None,lstm_autoencoder,raw,recall,0.5860655737704918,0.5860655737704918,0.0,0.0,SUCCESS
E5_DT300_PD10_SEED101112,300,0.1,149.31124429223743,284.0,anomaly_detection,None,lstm_autoencoder,raw,f1,0.5386064030131827,0.5386064030131827,0.0,0.0,SUCCESS
E5_DT300_PD10_SEED101112,300,0.1,149.31124429223743,284.0,anomaly_detection,None,lstm_autoencoder,raw,false_positive_rate,0.028731045490822026,0.028731045490822026,0.0,0.0,SUCCESS
E5_DT300_PD10_SEED101112,300,0.1,149.31124429223743,284.0,anomaly_detection,None,lstm_autoencoder,raw,pr_auc,0.561001698584242,0.561001698584242,0.0,0.0,SUCCESS
E5_DT300_PD10_SEED101112,300,0.1,149.31124429223743,284.0,anomaly_detection,None,lstm_autoencoder,raw,roc_auc,0.9493396177043946,0.9493396177043946,0.0,0.0,SUCCESS
E5_DT300_PD10_SEED101112,300,0.1,149.31124429223743,284.0,anomaly_detection,None,lstm_autoencoder,raw,detection_latency,1.3442622950819672,1.3442622950819672,0.0,0.0,SUCCESS
E5_DT300_PD10_SEED101112,300,0.1,149.31124429223743,284.0,anomaly_detection,None,lstm_autoencoder,raw,threshold,0.0007370078528765589,0.0007370078528765589,0.0,0.0,SUCCESS
E5_DT300_PD10_SEED101112,300,0.1,149.31124429223743,284.0,anomaly_detection,None,lstm_autoencoder,residual,precision,0.04642313546423135,0.04642313546423135,0.0,0.0,SUCCESS
E5_DT300_PD10_SEED101112,300,0.1,149.31124429223743,284.0,anomaly_detection,None,lstm_autoencoder,residual,recall,1.0,1.0,0.0,0.0,SUCCESS
E5_DT300_PD10_SEED101112,300,0.1,149.31124429223743,284.0,anomaly_detection,None,lstm_autoencoder,residual,f1,0.08872727272727272,0.08872727272727272,0.0,0.0,SUCCESS
E5_DT300_PD10_SEED101112,300,0.1,149.31124429223743,284.0,anomaly_detection,None,lstm_autoencoder,residual,false_positive_rate,1.0,1.0,0.0,0.0,SUCCESS
E5_DT300_PD10_SEED101112,300,0.1,149.31124429223743,284.0,anomaly_detection,None,lstm_autoencoder,residual,pr_auc,0.10445766631805897,0.13190002094256142,-0.027442354624502452,0.20805420975977548,SUCCESS
E5_DT300_PD10_SEED101112,300,0.1,149.31124429223743,284.0,anomaly_detection,None,lstm_autoencoder,residual,roc_auc,0.5752889785825495,0.7417419504664216,-0.1664529718838721,0.22440819449298138,SUCCESS
E5_DT300_PD10_SEED101112,300,0.1,149.31124429223743,284.0,anomaly_detection,None,lstm_autoencoder,residual,detection_latency,0.0,0.0,0.0,0.0,SUCCESS
E5_DT300_PD10_SEED101112,300,0.1,149.31124429223743,284.0,anomaly_detection,None,lstm_autoencoder,residual,threshold,0.0003816792741417885,0.0003816792741417885,0.0,0.0,SUCCESS
E5_DT300_PD20_SEED101112,300,0.2,149.34183789954338,285.0,load_estimation,persistence,None,raw,mae,2.5168374640302935,0.42594539121224273,2.090892072818051,4.908826614762426,SUCCESS
E5_DT300_PD20_SEED101112,300,0.2,149.34183789954338,285.0,load_estimation,persistence,None,raw,rmse,3.245927028844123,0.5819721564703912,2.663954872373732,4.577461039597458,SUCCESS
E5_DT300_PD20_SEED101112,300,0.2,149.34183789954338,285.0,load_estimation,persistence,None,raw,mape,84.01151853076175,13.286006475148488,70.72551205561327,5.323308564383551,SUCCESS
E5_DT300_PD20_SEED101112,300,0.2,149.34183789954338,285.0,load_estimation,persistence,None,raw,r2,-0.9454411077649636,0.9374618546027488,-1.8829029623677123,-2.00851154969457,SUCCESS
E5_DT300_PD20_SEED101112,300,0.2,149.34183789954338,285.0,load_estimation,xgboost,None,raw,mae,1.9314523634573095,0.27311548121171453,1.658336882245595,6.071925600438886,SUCCESS
E5_DT300_PD20_SEED101112,300,0.2,149.34183789954338,285.0,load_estimation,xgboost,None,raw,rmse,2.510124644709947,0.40760963873834977,2.1025150059715974,5.158158213528485,SUCCESS
E5_DT300_PD20_SEED101112,300,0.2,149.34183789954338,285.0,load_estimation,xgboost,None,raw,mape,64.7615410319976,9.005682087543944,55.75585894445365,6.1911866755291545,SUCCESS
E5_DT300_PD20_SEED101112,300,0.2,149.34183789954338,285.0,load_estimation,xgboost,None,raw,r2,-0.1634056248039959,0.9693218282677428,-1.1327274530717388,-1.168577267155961,SUCCESS
E5_DT300_PD20_SEED101112,300,0.2,149.34183789954338,285.0,load_estimation,lstm,None,raw,mae,1.7917253188141076,0.2762261204479895,1.5154991983661181,5.486444207044029,SUCCESS
E5_DT300_PD20_SEED101112,300,0.2,149.34183789954338,285.0,load_estimation,lstm,None,raw,rmse,2.26157126368265,0.4088705073983315,1.8527007562843185,4.531265334037343,SUCCESS
E5_DT300_PD20_SEED101112,300,0.2,149.34183789954338,285.0,load_estimation,lstm,None,raw,mape,56.60687321332658,8.962657158047907,47.644216055278676,5.315858368240399,SUCCESS
E5_DT300_PD20_SEED101112,300,0.2,149.34183789954338,285.0,load_estimation,lstm,None,raw,r2,0.05816143186497602,0.9692158273028284,-0.9110543954378524,-0.9399912483612346,SUCCESS
E5_DT300_PD20_SEED101112,300,0.2,149.34183789954338,285.0,anomaly_detection,None,isolation_forest,raw,precision,0.11646586345381527,0.11646586345381527,0.0,0.0,SUCCESS
E5_DT300_PD20_SEED101112,300,0.2,149.34183789954338,285.0,anomaly_detection,None,isolation_forest,raw,recall,0.11885245901639344,0.11885245901639344,0.0,0.0,SUCCESS
E5_DT300_PD20_SEED101112,300,0.2,149.34183789954338,285.0,anomaly_detection,None,isolation_forest,raw,f1,0.11764705882352941,0.11764705882352941,0.0,0.0,SUCCESS
E5_DT300_PD20_SEED101112,300,0.2,149.34183789954338,285.0,anomaly_detection,None,isolation_forest,raw,false_positive_rate,0.04389465283320032,0.04389465283320032,0.0,0.0,SUCCESS
E5_DT300_PD20_SEED101112,300,0.2,149.34183789954338,285.0,anomaly_detection,None,isolation_forest,raw,pr_auc,0.09385708598261007,0.09385708598261007,0.0,0.0,SUCCESS
E5_DT300_PD20_SEED101112,300,0.2,149.34183789954338,285.0,anomaly_detection,None,isolation_forest,raw,roc_auc,0.7138596875695052,0.7138596875695052,0.0,0.0,SUCCESS
E5_DT300_PD20_SEED101112,300,0.2,149.34183789954338,285.0,anomaly_detection,None,isolation_forest,raw,detection_latency,3.2459016393442623,3.2459016393442623,0.0,0.0,SUCCESS
E5_DT300_PD20_SEED101112,300,0.2,149.34183789954338,285.0,anomaly_detection,None,isolation_forest,raw,threshold,0.5031683371451802,0.5031683371451802,0.0,0.0,SUCCESS
E5_DT300_PD20_SEED101112,300,0.2,149.34183789954338,285.0,anomaly_detection,None,isolation_forest,residual,precision,0.04642313546423135,0.04642313546423135,0.0,0.0,SUCCESS
E5_DT300_PD20_SEED101112,300,0.2,149.34183789954338,285.0,anomaly_detection,None,isolation_forest,residual,recall,1.0,1.0,0.0,0.0,SUCCESS
E5_DT300_PD20_SEED101112,300,0.2,149.34183789954338,285.0,anomaly_detection,None,isolation_forest,residual,f1,0.08872727272727272,0.08872727272727272,0.0,0.0,SUCCESS
E5_DT300_PD20_SEED101112,300,0.2,149.34183789954338,285.0,anomaly_detection,None,isolation_forest,residual,false_positive_rate,1.0,1.0,0.0,0.0,SUCCESS
E5_DT300_PD20_SEED101112,300,0.2,149.34183789954338,285.0,anomaly_detection,None,isolation_forest,residual,pr_auc,0.04584807344489471,0.08483778096937764,-0.03898970752448293,0.459579530239674,SUCCESS
E5_DT300_PD20_SEED101112,300,0.2,149.34183789954338,285.0,anomaly_detection,None,isolation_forest,residual,roc_auc,0.5061495852576766,0.6919352570224903,-0.18578567176481364,0.2685015250766084,SUCCESS
E5_DT300_PD20_SEED101112,300,0.2,149.34183789954338,285.0,anomaly_detection,None,isolation_forest,residual,detection_latency,0.0,0.0,0.0,0.0,SUCCESS
E5_DT300_PD20_SEED101112,300,0.2,149.34183789954338,285.0,anomaly_detection,None,isolation_forest,residual,threshold,0.29376565419608197,0.29376565419608197,0.0,0.0,SUCCESS
E5_DT300_PD20_SEED101112,300,0.2,149.34183789954338,285.0,anomaly_detection,None,lstm_autoencoder,raw,precision,0.49825783972125437,0.49825783972125437,0.0,0.0,SUCCESS
E5_DT300_PD20_SEED101112,300,0.2,149.34183789954338,285.0,anomaly_detection,None,lstm_autoencoder,raw,recall,0.5860655737704918,0.5860655737704918,0.0,0.0,SUCCESS
E5_DT300_PD20_SEED101112,300,0.2,149.34183789954338,285.0,anomaly_detection,None,lstm_autoencoder,raw,f1,0.5386064030131827,0.5386064030131827,0.0,0.0,SUCCESS
E5_DT300_PD20_SEED101112,300,0.2,149.34183789954338,285.0,anomaly_detection,None,lstm_autoencoder,raw,false_positive_rate,0.028731045490822026,0.028731045490822026,0.0,0.0,SUCCESS
E5_DT300_PD20_SEED101112,300,0.2,149.34183789954338,285.0,anomaly_detection,None,lstm_autoencoder,raw,pr_auc,0.561001698584242,0.561001698584242,0.0,0.0,SUCCESS
E5_DT300_PD20_SEED101112,300,0.2,149.34183789954338,285.0,anomaly_detection,None,lstm_autoencoder,raw,roc_auc,0.9493396177043946,0.9493396177043946,0.0,0.0,SUCCESS
E5_DT300_PD20_SEED101112,300,0.2,149.34183789954338,285.0,anomaly_detection,None,lstm_autoencoder,raw,detection_latency,1.3442622950819672,1.3442622950819672,0.0,0.0,SUCCESS
E5_DT300_PD20_SEED101112,300,0.2,149.34183789954338,285.0,anomaly_detection,None,lstm_autoencoder,raw,threshold,0.0007370078528765589,0.0007370078528765589,0.0,0.0,SUCCESS
E5_DT300_PD20_SEED101112,300,0.2,149.34183789954338,285.0,anomaly_detection,None,lstm_autoencoder,residual,precision,0.04642313546423135,0.04642313546423135,0.0,0.0,SUCCESS
E5_DT300_PD20_SEED101112,300,0.2,149.34183789954338,285.0,anomaly_detection,None,lstm_autoencoder,residual,recall,1.0,1.0,0.0,0.0,SUCCESS
E5_DT300_PD20_SEED101112,300,0.2,149.34183789954338,285.0,anomaly_detection,None,lstm_autoencoder,residual,f1,0.08872727272727272,0.08872727272727272,0.0,0.0,SUCCESS
E5_DT300_PD20_SEED101112,300,0.2,149.34183789954338,285.0,anomaly_detection,None,lstm_autoencoder,residual,false_positive_rate,1.0,1.0,0.0,0.0,SUCCESS
E5_DT300_PD20_SEED101112,300,0.2,149.34183789954338,285.0,anomaly_detection,None,lstm_autoencoder,residual,pr_auc,0.12495860255921584,0.13190002094256142,-0.006941418383345582,0.05262636301148402,SUCCESS
E5_DT300_PD20_SEED101112,300,0.2,149.34183789954338,285.0,anomaly_detection,None,lstm_autoencoder,residual,roc_auc,0.5877623212486753,0.7417419504664216,-0.15397962921774622,0.2075919113391401,SUCCESS
E5_DT300_PD20_SEED101112,300,0.2,149.34183789954338,285.0,anomaly_detection,None,lstm_autoencoder,residual,detection_latency,0.0,0.0,0.0,0.0,SUCCESS
E5_DT300_PD20_SEED101112,300,0.2,149.34183789954338,285.0,anomaly_detection,None,lstm_autoencoder,residual,threshold,0.0003816792741417885,0.0003816792741417885,0.0,0.0,SUCCESS
