condition_id,staleness_seconds,packet_drop_rate,realized_mean_aoi,realized_p95_aoi,task,model,detector,representation,metric,value,baseline_value,absolute_delta,relative_degradation,status
E5_DT0_PD00_SEED42,0,0.0,0.0,0.0,load_estimation,persistence,None,raw,mae,0.4591450760399007,0.4591450760399007,0.0,0.0,SUCCESS
E5_DT0_PD00_SEED42,0,0.0,0.0,0.0,load_estimation,persistence,None,raw,rmse,0.630307824152761,0.630307824152761,0.0,0.0,SUCCESS
E5_DT0_PD00_SEED42,0,0.0,0.0,0.0,load_estimation,persistence,None,raw,mape,14.73210135971861,14.73210135971861,0.0,0.0,SUCCESS
E5_DT0_PD00_SEED42,0,0.0,0.0,0.0,load_estimation,persistence,None,raw,r2,0.9266422537549911,0.9266422537549911,0.0,0.0,SUCCESS
E5_DT0_PD00_SEED42,0,0.0,0.0,0.0,load_estimation,xgboost,None,raw,mae,0.27343393351933726,0.27343393351933726,0.0,0.0,SUCCESS
E5_DT0_PD00_SEED42,0,0.0,0.0,0.0,load_estimation,xgboost,None,raw,rmse,0.4129930382953352,0.4129930382953352,0.0,0.0,SUCCESS
E5_DT0_PD00_SEED42,0,0.0,0.0,0.0,load_estimation,xgboost,None,raw,mape,9.063484965162122,9.063484965162122,0.0,0.0,SUCCESS
E5_DT0_PD00_SEED42,0,0.0,0.0,0.0,load_estimation,xgboost,None,raw,r2,0.9685061288962542,0.9685061288962542,0.0,0.0,SUCCESS
E5_DT0_PD00_SEED42,0,0.0,0.0,0.0,load_estimation,lstm,None,raw,mae,0.27593014335030924,0.27593014335030924,0.0,0.0,SUCCESS
E5_DT0_PD00_SEED42,0,0.0,0.0,0.0,load_estimation,lstm,None,raw,rmse,0.4230368621902369,0.4230368621902369,0.0,0.0,SUCCESS
E5_DT0_PD00_SEED42,0,0.0,0.0,0.0,load_estimation,lstm,None,raw,mape,8.95040488214452,8.95040488214452,0.0,0.0,SUCCESS
E5_DT0_PD00_SEED42,0,0.0,0.0,0.0,load_estimation,lstm,None,raw,r2,0.9670456810550092,0.9670456810550092,0.0,0.0,SUCCESS
E5_DT0_PD00_SEED42,0,0.0,0.0,0.0,anomaly_detection,None,isolation_forest,raw,precision,0.11646586345381527,0.11646586345381527,0.0,0.0,SUCCESS
E5_DT0_PD00_SEED42,0,0.0,0.0,0.0,anomaly_detection,None,isolation_forest,raw,recall,0.11885245901639344,0.11885245901639344,0.0,0.0,SUCCESS
E5_DT0_PD00_SEED42,0,0.0,0.0,0.0,anomaly_detection,None,isolation_forest,raw,f1,0.11764705882352941,0.11764705882352941,0.0,0.0,SUCCESS
E5_DT0_PD00_SEED42,0,0.0,0.0,0.0,anomaly_detection,None,isolation_forest,raw,false_positive_rate,0.04389465283320032,0.04389465283320032,0.0,0.0,SUCCESS
E5_DT0_PD00_SEED42,0,0.0,0.0,0.0,anomaly_detection,None,isolation_forest,raw,pr_auc,0.09385708598261007,0.09385708598261007,0.0,0.0,SUCCESS
E5_DT0_PD00_SEED42,0,0.0,0.0,0.0,anomaly_detection,None,isolation_forest,raw,roc_auc,0.7138596875695052,0.7138596875695052,0.0,0.0,SUCCESS
E5_DT0_PD00_SEED42,0,0.0,0.0,0.0,anomaly_detection,None,isolation_forest,raw,detection_latency,3.2459016393442623,3.2459016393442623,0.0,0.0,SUCCESS
E5_DT0_PD00_SEED42,0,0.0,0.0,0.0,anomaly_detection,None,isolation_forest,raw,threshold,0.5031683371451802,0.5031683371451802,0.0,0.0,SUCCESS
E5_DT0_PD00_SEED42,0,0.0,0.0,0.0,anomaly_detection,None,isolation_forest,residual,precision,0.04642313546423135,0.04642313546423135,0.0,0.0,SUCCESS
E5_DT0_PD00_SEED42,0,0.0,0.0,0.0,anomaly_detection,None,isolation_forest,residual,recall,1.0,1.0,0.0,0.0,SUCCESS
E5_DT0_PD00_SEED42,0,0.0,0.0,0.0,anomaly_detection,None,isolation_forest,residual,f1,0.08872727272727272,0.08872727272727272,0.0,0.0,SUCCESS
E5_DT0_PD00_SEED42,0,0.0,0.0,0.0,anomaly_detection,None,isolation_forest,residual,false_positive_rate,1.0,1.0,0.0,0.0,SUCCESS
E5_DT0_PD00_SEED42,0,0.0,0.0,0.0,anomaly_detection,None,isolation_forest,residual,pr_auc,1.0,1.0,0.0,0.0,SUCCESS
E5_DT0_PD00_SEED42,0,0.0,0.0,0.0,anomaly_detection,None,isolation_forest,residual,roc_auc,1.0,1.0,0.0,0.0,SUCCESS
E5_DT0_PD00_SEED42,0,0.0,0.0,0.0,anomaly_detection,None,isolation_forest,residual,detection_latency,0.0,0.0,0.0,0.0,SUCCESS
E5_DT0_PD00_SEED42,0,0.0,0.0,0.0,anomaly_detection,None,isolation_forest,residual,threshold,0.29376565419608197,0.29376565419608197,0.0,0.0,SUCCESS
E5_DT0_PD00_SEED42,0,0.0,0.0,0.0,anomaly_detection,None,lstm_autoencoder,raw,precision,0.49825783972125437,0.49825783972125437,0.0,0.0,SUCCESS
E5_DT0_PD00_SEED42,0,0.0,0.0,0.0,anomaly_detection,None,lstm_autoencoder,raw,recall,0.5860655737704918,0.5860655737704918,0.0,0.0,SUCCESS
E5_DT0_PD00_SEED42,0,0.0,0.0,0.0,anomaly_detection,None,lstm_autoencoder,raw,f1,0.5386064030131827,0.5386064030131827,0.0,0.0,SUCCESS
E5_DT0_PD00_SEED42,0,0.0,0.0,0.0,anomaly_detection,None,lstm_autoencoder,raw,false_positive_rate,0.028731045490822026,0.028731045490822026,0.0,0.0,SUCCESS
E5_DT0_PD00_SEED42,0,0.0,0.0,0.0,anomaly_detection,None,lstm_autoencoder,raw,pr_auc,0.561001698584242,0.561001698584242,0.0,0.0,SUCCESS
E5_DT0_PD00_SEED42,0,0.0,0.0,0.0,anomaly_detection,None,lstm_autoencoder,raw,roc_auc,0.9493396177043946,0.9493396177043946,0.0,0.0,SUCCESS
E5_DT0_PD00_SEED42,0,0.0,0.0,0.0,anomaly_detection,None,lstm_autoencoder,raw,detection_latency,1.3442622950819672,1.3442622950819672,0.0,0.0,SUCCESS
E5_DT0_PD00_SEED42,0,0.0,0.0,0.0,anomaly_detection,None,lstm_autoencoder,raw,threshold,0.0007370078528765589,0.0007370078528765589,0.0,0.0,SUCCESS
E5_DT0_PD00_SEED42,0,0.0,0.0,0.0,anomaly_detection,None,lstm_autoencoder,residual,precision,0.9568627450980393,0.9568627450980393,0.0,0.0,SUCCESS
E5_DT0_PD00_SEED42,0,0.0,0.0,0.0,anomaly_detection,None,lstm_autoencoder,residual,recall,1.0,1.0,0.0,0.0,SUCCESS
E5_DT0_PD00_SEED42,0,0.0,0.0,0.0,anomaly_detection,None,lstm_autoencoder,residual,f1,0.9779559118236473,0.9779559118236473,0.0,0.0,SUCCESS
E5_DT0_PD00_SEED42,0,0.0,0.0,0.0,anomaly_detection,None,lstm_autoencoder,residual,false_positive_rate,0.002194732641660016,0.002194732641660016,0.0,0.0,SUCCESS
E5_DT0_PD00_SEED42,0,0.0,0.0,0.0,anomaly_detection,None,lstm_autoencoder,residual,pr_auc,1.0,1.0,0.0,0.0,SUCCESS
E5_DT0_PD00_SEED42,0,0.0,0.0,0.0,anomaly_detection,None,lstm_autoencoder,residual,roc_auc,1.0,1.0,0.0,0.0,SUCCESS
E5_DT0_PD00_SEED42,0,0.0,0.0,0.0,anomaly_detection,None,lstm_autoencoder,residual,detection_latency,0.0,0.0,0.0,0.0,SUCCESS
E5_DT0_PD00_SEED42,0,0.0,0.0,0.0,anomaly_detection,None,lstm_autoencoder,residual,threshold,0.0003816792741417885,0.0003816792741417885,0.0,0.0,SUCCESS
E5_DT0_PD05_SEED42,0,0.05,0.05345319634703196,1.0,load_estimation,persistence,None,raw,mae,0.4680887091468277,0.4591450760399007,0.00894363310692703,0.019478882761991785,SUCCESS
E5_DT0_PD05_SEED42,0,0.05,0.05345319634703196,1.0,load_estimation,persistence,None,raw,rmse,0.6394461138391615,0.630307824152761,0.009138289686400514,0.014498137792726755,SUCCESS
E5_DT0_PD05_SEED42,0,0.05,0.05345319634703196,1.0,load_estimation,persistence,None,raw,mape,14.953406180024844,14.73210135971861,0.22130482030623355,0.015021945267858283,SUCCESS
E5_DT0_PD05_SEED42,0,0.05,0.05345319634703196,1.0,load_estimation,persistence,None,raw,r2,0.9244997328237532,0.9266422537549911,-0.002142520931237901,-0.0023121338602420287,SUCCESS
E5_DT0_PD05_SEED42,0,0.05,0.05345319634703196,1.0,load_estimation,xgboost,None,raw,mae,0.27511759342758985,0.27343393351933726,0.0016836599082525883,0.0061574651199373534,SUCCESS
E5_DT0_PD05_SEED42,0,0.05,0.05345319634703196,1.0,load_estimation,xgboost,None,raw,rmse,0.4145709092350699,0.4129930382953352,0.0015778709397347157,0.0038205751512120295,SUCCESS
E5_DT0_PD05_SEED42,0,0.05,0.05345319634703196,1.0,load_estimation,xgboost,None,raw,mape,9.125493651918465,9.063484965162122,0.06200868675634297,0.006841594264754627,SUCCESS
E5_DT0_PD05_SEED42,0,0.05,0.05345319634703196,1.0,load_estimation,xgboost,None,raw,r2,0.9682650197839813,0.9685061288962542,-0.0002411091122729303,-0.00024894949559865694,SUCCESS
E5_DT0_PD05_SEED42,0,0.05,0.05345319634703196,1.0,load_estimation,lstm,None,raw,mae,0.27610017384030316,0.27593014335030924,0.000170030489993922,0.0006162084646839707,SUCCESS
E5_DT0_PD05_SEED42,0,0.05,0.05345319634703196,1.0,load_estimation,lstm,None,raw,rmse,0.42307922517797636,0.4230368621902369,4.2362987739463787e-05,0.00010014018050373452,SUCCESS
E5_DT0_PD05_SEED42,0,0.05,0.05345319634703196,1.0,load_estimation,lstm,None,raw,mape,8.959365985897191,8.95040488214452,0.008961103752671562,0.0010011953504526242,SUCCESS
E5_DT0_PD05_SEED42,0,0.05,0.05345319634703196,1.0,load_estimation,lstm,None,raw,r2,0.9670390806216463,0.9670456810550092,-6.600433362868863e-06,-6.825358400513248e-06,SUCCESS
E5_DT0_PD05_SEED42,0,0.05,0.05345319634703196,1.0,anomaly_detection,None,isolation_forest,raw,precision,0.11646586345381527,0.11646586345381527,0.0,0.0,SUCCESS
E5_DT0_PD05_SEED42,0,0.05,0.05345319634703196,1.0,anomaly_detection,None,isolation_forest,raw,recall,0.11885245901639344,0.11885245901639344,0.0,0.0,SUCCESS
E5_DT0_PD05_SEED42,0,0.05,0.05345319634703196,1.0,anomaly_detection,None,isolation_forest,raw,f1,0.11764705882352941,0.11764705882352941,0.0,0.0,SUCCESS
E5_DT0_PD05_SEED42,0,0.05,0.05345319634703196,1.0,anomaly_detection,None,isolation_forest,raw,false_positive_rate,0.04389465283320032,0.04389465283320032,0.0,0.0,SUCCESS
E5_DT0_PD05_SEED42,0,0.05,0.05345319634703196,1.0,anomaly_detection,None,isolation_forest,raw,pr_auc,0.09385708598261007,0.09385708598261007,0.0,0.0,SUCCESS
E5_DT0_PD05_SEED42,0,0.05,0.05345319634703196,1.0,anomaly_detection,None,isolation_forest,raw,roc_auc,0.7138596875695052,0.7138596875695052,0.0,0.0,SUCCESS
E5_DT0_PD05_SEED42,0,0.05,0.05345319634703196,1.0,anomaly_detection,None,isolation_forest,raw,detection_latency,3.2459016393442623,3.2459016393442623,0.0,0.0,SUCCESS
E5_DT0_PD05_SEED42,0,0.05,0.05345319634703196,1.0,anomaly_detection,None,isolation_forest,raw,threshold,0.5031683371451802,0.5031683371451802,0.0,0.0,SUCCESS
E5_DT0_PD05_SEED42,0,0.05,0.05345319634703196,1.0,anomaly_detection,None,isolation_forest,residual,precision,0.04642313546423135,0.04642313546423135,0.0,0.0,SUCCESS
E5_DT0_PD05_SEED42,0,0.05,0.05345319634703196,1.0,anomaly_detection,None,isolation_forest,residual,recall,1.0,1.0,0.0,0.0,SUCCESS
E5_DT0_PD05_SEED42,0,0.05,0.05345319634703196,1.0,anomaly_detection,None,isolation_forest,residual,f1,0.08872727272727272,0.08872727272727272,0.0,0.0,SUCCESS
E5_DT0_PD05_SEED42,0,0.05,0.05345319634703196,1.0,anomaly_detection,None,isolation_forest,residual,false_positive_rate,1.0,1.0,0.0,0.0,SUCCESS
E5_DT0_PD05_SEED42,0,0.05,0.05345319634703196,1.0,anomaly_detection,None,isolation_forest,residual,pr_auc,0.3046980188968922,1.0,-0.6953019811031078,0.6953019811031078,SUCCESS
E5_DT0_PD05_SEED42,0,0.05,0.05345319634703196,1.0,anomaly_detection,None,isolation_forest,residual,roc_auc,0.9515973139874138,1.0,-0.04840268601258624,0.04840268601258624,SUCCESS
E5_DT0_PD05_SEED42,0,0.05,0.05345319634703196,1.0,anomaly_detection,None,isolation_forest,residual,detection_latency,0.0,0.0,0.0,0.0,SUCCESS
E5_DT0_PD05_SEED42,0,0.05,0.05345319634703196,1.0,anomaly_detection,None,isolation_forest,residual,threshold,0.29376565419608197,0.29376565419608197,0.0,0.0,SUCCESS
E5_DT0_PD05_SEED42,0,0.05,0.05345319634703196,1.0,anomaly_detection,None,lstm_autoencoder,raw,precision,0.49825783972125437,0.49825783972125437,0.0,0.0,SUCCESS
E5_DT0_PD05_SEED42,0,0.05,0.05345319634703196,1.0,anomaly_detection,None,lstm_autoencoder,raw,recall,0.5860655737704918,0.5860655737704918,0.0,0.0,SUCCESS
E5_DT0_PD05_SEED42,0,0.05,0.05345319634703196,1.0,anomaly_detection,None,lstm_autoencoder,raw,f1,0.5386064030131827,0.5386064030131827,0.0,0.0,SUCCESS
E5_DT0_PD05_SEED42,0,0.05,0.05345319634703196,1.0,anomaly_detection,None,lstm_autoencoder,raw,false_positive_rate,0.028731045490822026,0.028731045490822026,0.0,0.0,SUCCESS
E5_DT0_PD05_SEED42,0,0.05,0.05345319634703196,1.0,anomaly_detection,None,lstm_autoencoder,raw,pr_auc,0.561001698584242,0.561001698584242,0.0,0.0,SUCCESS
E5_DT0_PD05_SEED42,0,0.05,0.05345319634703196,1.0,anomaly_detection,None,lstm_autoencoder,raw,roc_auc,0.9493396177043946,0.9493396177043946,0.0,0.0,SUCCESS
E5_DT0_PD05_SEED42,0,0.05,0.05345319634703196,1.0,anomaly_detection,None,lstm_autoencoder,raw,detection_latency,1.3442622950819672,1.3442622950819672,0.0,0.0,SUCCESS
E5_DT0_PD05_SEED42,0,0.05,0.05345319634703196,1.0,anomaly_detection,None,lstm_autoencoder,raw,threshold,0.0007370078528765589,0.0007370078528765589,0.0,0.0,SUCCESS
E5_DT0_PD05_SEED42,0,0.05,0.05345319634703196,1.0,anomaly_detection,None,lstm_autoencoder,residual,precision,0.4728682170542636,0.9568627450980393,-0.4839945280437757,0.5058139534883721,SUCCESS
E5_DT0_PD05_SEED42,0,0.05,0.05345319634703196,1.0,anomaly_detection,None,lstm_autoencoder,residual,recall,1.0,1.0,0.0,0.0,SUCCESS
E5_DT0_PD05_SEED42,0,0.05,0.05345319634703196,1.0,anomaly_detection,None,lstm_autoencoder,residual,f1,0.6421052631578947,0.9779559118236473,-0.33585064866575254,0.34342105263157896,SUCCESS
E5_DT0_PD05_SEED42,0,0.05,0.05345319634703196,1.0,anomaly_detection,None,lstm_autoencoder,residual,false_positive_rate,0.05426975259377494,0.002194732641660016,0.05207501995211493,23.72727272727273,SUCCESS
E5_DT0_PD05_SEED42,0,0.05,0.05345319634703196,1.0,anomaly_detection,None,lstm_autoencoder,residual,pr_auc,0.5390090549140275,1.0,-0.4609909450859725,0.4609909450859725,SUCCESS
E5_DT0_PD05_SEED42,0,0.05,0.05345319634703196,1.0,anomaly_detection,None,lstm_autoencoder,residual,roc_auc,0.9736051509164889,1.0,-0.026394849083511085,0.026394849083511085,SUCCESS
E5_DT0_PD05_SEED42,0,0.05,0.05345319634703196,1.0,anomaly_detection,None,lstm_autoencoder,residual,detection_latency,0.0,0.0,0.0,0.0,SUCCESS
E5_DT0_PD05_SEED42,0,0.05,0.05345319634703196,1.0,anomaly_detection,None,lstm_autoencoder,residual,threshold,0.0003816792741417885,0.0003816792741417885,0.0,0.0,SUCCESS
E5_DT0_PD10_SEED42,0,0.1,0.10893264840182648,1.0,load_estimation,persistence,None,raw,mae,0.48045042302329066,0.4591450760399007,0.021305346983389983,0.0464022116215366,SUCCESS
E5_DT0_PD10_SEED42,0,0.1,0.10893264840182648,1.0,load_estimation,persistence,None,raw,rmse,0.6562717822003715,0.630307824152761,0.025963958047610536,0.04119250476147973,SUCCESS
E5_DT0_PD10_SEED42,0,0.1,0.10893264840182648,1.0,load_estimation,persistence,None,raw,mape,15.22745767394809,14.73210135971861,0.495356314229479,0.03362428089070252,SUCCESS
E5_DT0_PD10_SEED42,0,0.1,0.10893264840182648,1.0,load_estimation,persistence,None,raw,r2,0.9204742000614115,0.9266422537549911,-0.006168053693579645,-0.00665634841125053,SUCCESS
E5_DT0_PD10_SEED42,0,0.1,0.10893264840182648,1.0,load_estimation,xgboost,None,raw,mae,0.27904337188696754,0.27343393351933726,0.005609438367630282,0.020514785035755562,SUCCESS
E5_DT0_PD10_SEED42,0,0.1,0.10893264840182648,1.0,load_estimation,xgboost,None,raw,rmse,0.4192529274039325,0.4129930382953352,0.006259889108597316,0.015157371984853679,SUCCESS
E5_DT0_PD10_SEED42,0,0.1,0.10893264840182648,1.0,load_estimation,xgboost,None,raw,mape,9.223874567994905,9.063484965162122,0.16038960283278314,0.01769623974103588,SUCCESS
E5_DT0_PD10_SEED42,0,0.1,0.10893264840182648,1.0,load_estimation,xgboost,None,raw,r2,0.9675441646685653,0.9685061288962542,-0.0009619642276889051,-0.0009932453693248132,SUCCESS
E5_DT0_PD10_SEED42,0,0.1,0.10893264840182648,1.0,load_estimation,lstm,None,raw,mae,0.2783379099370416,0.27593014335030924,0.0024077665867323628,0.008726000564844284,SUCCESS
E5_DT0_PD10_SEED42,0,0.1,0.10893264840182648,1.0,load_estimation,lstm,None,raw,rmse,0.4251710449631362,0.4230368621902369,0.0021341827728992846,0.005044909707985581,SUCCESS
E5_DT0_PD10_SEED42,0,0.1,0.10893264840182648,1.0,load_estimation,lstm,None,raw,mape,9.013588747109727,8.95040488214452,0.06318386496520745,0.007059330365183276,SUCCESS
E5_DT0_PD10_SEED42,0,0.1,0.10893264840182648,1.0,load_estimation,lstm,None,raw,r2,0.9667123392037509,0.9670456810550092,-0.0003333418512583286,-0.0003447012460617844,SUCCESS
E5_DT0_PD10_SEED42,0,0.1,0.10893264840182648,1.0,anomaly_detection,None,isolation_forest,raw,precision,0.11646586345381527,0.11646586345381527,0.0,0.0,SUCCESS
E5_DT0_PD10_SEED42,0,0.1,0.10893264840182648,1.0,anomaly_detection,None,isolation_forest,raw,recall,0.11885245901639344,0.11885245901639344,0.0,0.0,SUCCESS
E5_DT0_PD10_SEED42,0,0.1,0.10893264840182648,1.0,anomaly_detection,None,isolation_forest,raw,f1,0.11764705882352941,0.11764705882352941,0.0,0.0,SUCCESS
E5_DT0_PD10_SEED42,0,0.1,0.10893264840182648,1.0,anomaly_detection,None,isolation_forest,raw,false_positive_rate,0.04389465283320032,0.04389465283320032,0.0,0.0,SUCCESS
E5_DT0_PD10_SEED42,0,0.1,0.10893264840182648,1.0,anomaly_detection,None,isolation_forest,raw,pr_auc,0.09385708598261007,0.09385708598261007,0.0,0.0,SUCCESS
E5_DT0_PD10_SEED42,0,0.1,0.10893264840182648,1.0,anomaly_detection,None,isolation_forest,raw,roc_auc,0.7138596875695052,0.7138596875695052,0.0,0.0,SUCCESS
E5_DT0_PD10_SEED42,0,0.1,0.10893264840182648,1.0,anomaly_detection,None,isolation_forest,raw,detection_latency,3.2459016393442623,3.2459016393442623,0.0,0.0,SUCCESS
E5_DT0_PD10_SEED42,0,0.1,0.10893264840182648,1.0,anomaly_detection,None,isolation_forest,raw,threshold,0.5031683371451802,0.5031683371451802,0.0,0.0,SUCCESS
E5_DT0_PD10_SEED42,0,0.1,0.10893264840182648,1.0,anomaly_detection,None,isolation_forest,residual,precision,0.04642313546423135,0.04642313546423135,0.0,0.0,SUCCESS
E5_DT0_PD10_SEED42,0,0.1,0.10893264840182648,1.0,anomaly_detection,None,isolation_forest,residual,recall,1.0,1.0,0.0,0.0,SUCCESS
E5_DT0_PD10_SEED42,0,0.1,0.10893264840182648,1.0,anomaly_detection,None,isolation_forest,residual,f1,0.08872727272727272,0.08872727272727272,0.0,0.0,SUCCESS
E5_DT0_PD10_SEED42,0,0.1,0.10893264840182648,1.0,anomaly_detection,None,isolation_forest,residual,false_positive_rate,1.0,1.0,0.0,0.0,SUCCESS
E5_DT0_PD10_SEED42,0,0.1,0.10893264840182648,1.0,anomaly_detection,None,isolation_forest,residual,pr_auc,0.1955281123000514,1.0,-0.8044718876999486,0.8044718876999486,SUCCESS
E5_DT0_PD10_SEED42,0,0.1,0.10893264840182648,1.0,anomaly_detection,None,isolation_forest,residual,roc_auc,0.909603018329779,1.0,-0.09039698167022103,0.09039698167022103,SUCCESS
E5_DT0_PD10_SEED42,0,0.1,0.10893264840182648,1.0,anomaly_detection,None,isolation_forest,residual,detection_latency,0.0,0.0,0.0,0.0,SUCCESS
E5_DT0_PD10_SEED42,0,0.1,0.10893264840182648,1.0,anomaly_detection,None,isolation_forest,residual,threshold,0.29376565419608197,0.29376565419608197,0.0,0.0,SUCCESS
E5_DT0_PD10_SEED42,0,0.1,0.10893264840182648,1.0,anomaly_detection,None,lstm_autoencoder,raw,precision,0.49825783972125437,0.49825783972125437,0.0,0.0,SUCCESS
E5_DT0_PD10_SEED42,0,0.1,0.10893264840182648,1.0,anomaly_detection,None,lstm_autoencoder,raw,recall,0.5860655737704918,0.5860655737704918,0.0,0.0,SUCCESS
E5_DT0_PD10_SEED42,0,0.1,0.10893264840182648,1.0,anomaly_detection,None,lstm_autoencoder,raw,f1,0.5386064030131827,0.5386064030131827,0.0,0.0,SUCCESS
E5_DT0_PD10_SEED42,0,0.1,0.10893264840182648,1.0,anomaly_detection,None,lstm_autoencoder,raw,false_positive_rate,0.028731045490822026,0.028731045490822026,0.0,0.0,SUCCESS
E5_DT0_PD10_SEED42,0,0.1,0.10893264840182648,1.0,anomaly_detection,None,lstm_autoencoder,raw,pr_auc,0.561001698584242,0.561001698584242,0.0,0.0,SUCCESS
E5_DT0_PD10_SEED42,0,0.1,0.10893264840182648,1.0,anomaly_detection,None,lstm_autoencoder,raw,roc_auc,0.9493396177043946,0.9493396177043946,0.0,0.0,SUCCESS
E5_DT0_PD10_SEED42,0,0.1,0.10893264840182648,1.0,anomaly_detection,None,lstm_autoencoder,raw,detection_latency,1.3442622950819672,1.3442622950819672,0.0,0.0,SUCCESS
E5_DT0_PD10_SEED42,0,0.1,0.10893264840182648,1.0,anomaly_detection,None,lstm_autoencoder,raw,threshold,0.0007370078528765589,0.0007370078528765589,0.0,0.0,SUCCESS
E5_DT0_PD10_SEED42,0,0.1,0.10893264840182648,1.0,anomaly_detection,None,lstm_autoencoder,residual,precision,0.32020997375328086,0.9568627450980393,-0.6366527713447584,0.6653543307086615,SUCCESS
E5_DT0_PD10_SEED42,0,0.1,0.10893264840182648,1.0,anomaly_detection,None,lstm_autoencoder,residual,recall,1.0,1.0,0.0,0.0,SUCCESS
E5_DT0_PD10_SEED42,0,0.1,0.10893264840182648,1.0,anomaly_detection,None,lstm_autoencoder,residual,f1,0.485089463220676,0.9779559118236473,-0.4928664486029713,0.503976143141153,SUCCESS
E5_DT0_PD10_SEED42,0,0.1,0.10893264840182648,1.0,anomaly_detection,None,lstm_autoencoder,residual,false_positive_rate,0.10335195530726257,0.002194732641660016,0.10115722266560255,46.090909090909086,SUCCESS
E5_DT0_PD10_SEED42,0,0.1,0.10893264840182648,1.0,anomaly_detection,None,lstm_autoencoder,residual,pr_auc,0.4014183782332302,1.0,-0.5985816217667699,0.5985816217667699,SUCCESS
E5_DT0_PD10_SEED42,0,0.1,0.10893264840182648,1.0,anomaly_detection,None,lstm_autoencoder,residual,roc_auc,0.9503086036136223,1.0,-0.04969139638637765,0.04969139638637765,SUCCESS
E5_DT0_PD10_SEED42,0,0.1,0.10893264840182648,1.0,anomaly_detection,None,lstm_autoencoder,residual,detection_latency,0.0,0.0,0.0,0.0,SUCCESS
E5_DT0_PD10_SEED42,0,0.1,0.10893264840182648,1.0,anomaly_detection,None,lstm_autoencoder,residual,threshold,0.0003816792741417885,0.0003816792741417885,0.0,0.0,SUCCESS
E5_DT0_PD20_SEED42,0,0.2,0.2509132420091324,1.0,load_estimation,persistence,None,raw,mae,0.5044602527420633,0.4591450760399007,0.04531517670216262,0.09869468075973581,SUCCESS
E5_DT0_PD20_SEED42,0,0.2,0.2509132420091324,1.0,load_estimation,persistence,None,raw,rmse,0.6858819355980028,0.630307824152761,0.055574111445241825,0.08816979468713199,SUCCESS
E5_DT0_PD20_SEED42,0,0.2,0.2509132420091324,1.0,load_estimation,persistence,None,raw,mape,15.806540790489112,14.73210135971861,1.0744394307705019,0.07293185164394118,SUCCESS
E5_DT0_PD20_SEED42,0,0.2,0.2509132420091324,1.0,load_estimation,persistence,None,raw,r2,0.9131361021899015,0.9266422537549911,-0.013506151565089608,-0.014575367689482357,SUCCESS
E5_DT0_PD20_SEED42,0,0.2,0.2509132420091324,1.0,load_estimation,xgboost,None,raw,mae,0.28954912034888247,0.27343393351933726,0.016115186829545214,0.0589363091190931,SUCCESS
E5_DT0_PD20_SEED42,0,0.2,0.2509132420091324,1.0,load_estimation,xgboost,None,raw,rmse,0.43388005421026815,0.4129930382953352,0.02088701591493297,0.050574740923348134,SUCCESS
E5_DT0_PD20_SEED42,0,0.2,0.2509132420091324,1.0,load_estimation,xgboost,None,raw,mape,9.474150554656106,9.063484965162122,0.41066558949398413,0.04530989912516928,SUCCESS
E5_DT0_PD20_SEED42,0,0.2,0.2509132420091324,1.0,load_estimation,xgboost,None,raw,r2,0.9652399849900685,0.9685061288962542,-0.0032661439061857367,-0.0033723523359712308,SUCCESS
E5_DT0_PD20_SEED42,0,0.2,0.2509132420091324,1.0,load_estimation,lstm,None,raw,mae,0.2858751653007538,0.27593014335030924,0.009945021950444555,0.03604181054557267,SUCCESS
E5_DT0_PD20_SEED42,0,0.2,0.2509132420091324,1.0,load_estimation,lstm,None,raw,rmse,0.43199142998415613,0.4230368621902369,0.008954567793919233,0.021167346381016843,SUCCESS
E5_DT0_PD20_SEED42,0,0.2,0.2509132420091324,1.0,load_estimation,lstm,None,raw,mape,9.171423424412827,8.95040488214452,0.22101854226830753,0.024693692093105783,SUCCESS
E5_DT0_PD20_SEED42,0,0.2,0.2509132420091324,1.0,load_estimation,lstm,None,raw,r2,0.9656358046887441,0.9670456810550092,-0.001409876366265106,-0.001457921165344522,SUCCESS
E5_DT0_PD20_SEED42,0,0.2,0.2509132420091324,1.0,anomaly_detection,None,isolation_forest,raw,precision,0.11646586345381527,0.11646586345381527,0.0,0.0,SUCCESS
E5_DT0_PD20_SEED42,0,0.2,0.2509132420091324,1.0,anomaly_detection,None,isolation_forest,raw,recall,0.11885245901639344,0.11885245901639344,0.0,0.0,SUCCESS
E5_DT0_PD20_SEED42,0,0.2,0.2509132420091324,1.0,anomaly_detection,None,isolation_forest,raw,f1,0.11764705882352941,0.11764705882352941,0.0,0.0,SUCCESS
E5_DT0_PD20_SEED42,0,0.2,0.2509132420091324,1.0,anomaly_detection,None,isolation_forest,raw,false_positive_rate,0.04389465283320032,0.04389465283320032,0.0,0.0,SUCCESS
E5_DT0_PD20_SEED42,0,0.2,0.2509132420091324,1.0,anomaly_detection,None,isolation_forest,raw,pr_auc,0.09385708598261007,0.09385708598261007,0.0,0.0,SUCCESS
E5_DT0_PD20_SEED42,0,0.2,0.2509132420091324,1.0,anomaly_detection,None,isolation_forest,raw,roc_auc,0.7138596875695052,0.7138596875695052,0.0,0.0,SUCCESS
E5_DT0_PD20_SEED42,0,0.2,0.2509132420091324,1.0,anomaly_detection,None,isolation_forest,raw,detection_latency,3.2459016393442623,3.2459016393442623,0.0,0.0,SUCCESS
E5_DT0_PD20_SEED42,0,0.2,0.2509132420091324,1.0,anomaly_detection,None,isolation_forest,raw,threshold,0.5031683371451802,0.5031683371451802,0.0,0.0,SUCCESS
E5_DT0_PD20_SEED42,0,0.2,0.2509132420091324,1.0,anomaly_detection,None,isolation_forest,residual,precision,0.04642313546423135,0.04642313546423135,0.0,0.0,SUCCESS
E5_DT0_PD20_SEED42,0,0.2,0.2509132420091324,1.0,anomaly_detection,None,isolation_forest,residual,recall,1.0,1.0,0.0,0.0,SUCCESS
E5_DT0_PD20_SEED42,0,0.2,0.2509132420091324,1.0,anomaly_detection,None,isolation_forest,residual,f1,0.08872727272727272,0.08872727272727272,0.0,0.0,SUCCESS
E5_DT0_PD20_SEED42,0,0.2,0.2509132420091324,1.0,anomaly_detection,None,isolation_forest,residual,false_positive_rate,1.0,1.0,0.0,0.0,SUCCESS
E5_DT0_PD20_SEED42,0,0.2,0.2509132420091324,1.0,anomaly_detection,None,isolation_forest,residual,pr_auc,0.11479606030877082,1.0,-0.8852039396912292,0.8852039396912292,SUCCESS
E5_DT0_PD20_SEED42,0,0.2,0.2509132420091324,1.0,anomaly_detection,None,isolation_forest,residual,roc_auc,0.8293080214043672,1.0,-0.1706919785956328,0.1706919785956328,SUCCESS
E5_DT0_PD20_SEED42,0,0.2,0.2509132420091324,1.0,anomaly_detection,None,isolation_forest,residual,detection_latency,0.0,0.0,0.0,0.0,SUCCESS
E5_DT0_PD20_SEED42,0,0.2,0.2509132420091324,1.0,anomaly_detection,None,isolation_forest,residual,threshold,0.29376565419608197,0.29376565419608197,0.0,0.0,SUCCESS
E5_DT0_PD20_SEED42,0,0.2,0.2509132420091324,1.0,anomaly_detection,None,lstm_autoencoder,raw,precision,0.49825783972125437,0.49825783972125437,0.0,0.0,SUCCESS
E5_DT0_PD20_SEED42,0,0.2,0.2509132420091324,1.0,anomaly_detection,None,lstm_autoencoder,raw,recall,0.5860655737704918,0.5860655737704918,0.0,0.0,SUCCESS
E5_DT0_PD20_SEED42,0,0.2,0.2509132420091324,1.0,anomaly_detection,None,lstm_autoencoder,raw,f1,0.5386064030131827,0.5386064030131827,0.0,0.0,SUCCESS
E5_DT0_PD20_SEED42,0,0.2,0.2509132420091324,1.0,anomaly_detection,None,lstm_autoencoder,raw,false_positive_rate,0.028731045490822026,0.028731045490822026,0.0,0.0,SUCCESS
E5_DT0_PD20_SEED42,0,0.2,0.2509132420091324,1.0,anomaly_detection,None,lstm_autoencoder,raw,pr_auc,0.561001698584242,0.561001698584242,0.0,0.0,SUCCESS
E5_DT0_PD20_SEED42,0,0.2,0.2509132420091324,1.0,anomaly_detection,None,lstm_autoencoder,raw,roc_auc,0.9493396177043946,0.9493396177043946,0.0,0.0,SUCCESS
E5_DT0_PD20_SEED42,0,0.2,0.2509132420091324,1.0,anomaly_detection,None,lstm_autoencoder,raw,detection_latency,1.3442622950819672,1.3442622950819672,0.0,0.0,SUCCESS
E5_DT0_PD20_SEED42,0,0.2,0.2509132420091324,1.0,anomaly_detection,None,lstm_autoencoder,raw,threshold,0.0007370078528765589,0.0007370078528765589,0.0,0.0,SUCCESS
E5_DT0_PD20_SEED42,0,0.2,0.2509132420091324,1.0,anomaly_detection,None,lstm_autoencoder,residual,precision,0.19288537549407114,0.9568627450980393,-0.7639773696039681,0.7984189723320159,SUCCESS
E5_DT0_PD20_SEED42,0,0.2,0.2509132420091324,1.0,anomaly_detection,None,lstm_autoencoder,residual,recall,1.0,1.0,0.0,0.0,SUCCESS
E5_DT0_PD20_SEED42,0,0.2,0.2509132420091324,1.0,anomaly_detection,None,lstm_autoencoder,residual,f1,0.32339297548045065,0.9779559118236473,-0.6545629363431966,0.6693174287607687,SUCCESS
E5_DT0_PD20_SEED42,0,0.2,0.2509132420091324,1.0,anomaly_detection,None,lstm_autoencoder,residual,false_positive_rate,0.20371109337589785,0.002194732641660016,0.20151636073423784,91.81818181818183,SUCCESS
E5_DT0_PD20_SEED42,0,0.2,0.2509132420091324,1.0,anomaly_detection,None,lstm_autoencoder,residual,pr_auc,0.2837795341596269,1.0,-0.716220465840373,0.716220465840373,SUCCESS
E5_DT0_PD20_SEED42,0,0.2,0.2509132420091324,1.0,anomaly_detection,None,lstm_autoencoder,residual,roc_auc,0.9034571127654284,1.0,-0.0965428872345716,0.0965428872345716,SUCCESS
E5_DT0_PD20_SEED42,0,0.2,0.2509132420091324,1.0,anomaly_detection,None,lstm_autoencoder,residual,detection_latency,0.0,0.0,0.0,0.0,SUCCESS
E5_DT0_PD20_SEED42,0,0.2,0.2509132420091324,1.0,anomaly_detection,None,lstm_autoencoder,residual,threshold,0.0003816792741417885,0.0003816792741417885,0.0,0.0,SUCCESS
E5_DT1_PD00_SEED42,1,0.0,0.0,0.0,load_estimation,persistence,None,raw,mae,0.4591450760399007,0.4591450760399007,0.0,0.0,SUCCESS
E5_DT1_PD00_SEED42,1,0.0,0.0,0.0,load_estimation,persistence,None,raw,rmse,0.630307824152761,0.630307824152761,0.0,0.0,SUCCESS
E5_DT1_PD00_SEED42,1,0.0,0.0,0.0,load_estimation,persistence,None,raw,mape,14.73210135971861,14.73210135971861,0.0,0.0,SUCCESS
E5_DT1_PD00_SEED42,1,0.0,0.0,0.0,load_estimation,persistence,None,raw,r2,0.9266422537549911,0.9266422537549911,0.0,0.0,SUCCESS
E5_DT1_PD00_SEED42,1,0.0,0.0,0.0,load_estimation,xgboost,None,raw,mae,0.27343393351933726,0.27343393351933726,0.0,0.0,SUCCESS
E5_DT1_PD00_SEED42,1,0.0,0.0,0.0,load_estimation,xgboost,None,raw,rmse,0.4129930382953352,0.4129930382953352,0.0,0.0,SUCCESS
E5_DT1_PD00_SEED42,1,0.0,0.0,0.0,load_estimation,xgboost,None,raw,mape,9.063484965162122,9.063484965162122,0.0,0.0,SUCCESS
E5_DT1_PD00_SEED42,1,0.0,0.0,0.0,load_estimation,xgboost,None,raw,r2,0.9685061288962542,0.9685061288962542,0.0,0.0,SUCCESS
E5_DT1_PD00_SEED42,1,0.0,0.0,0.0,load_estimation,lstm,None,raw,mae,0.27593014335030924,0.27593014335030924,0.0,0.0,SUCCESS
E5_DT1_PD00_SEED42,1,0.0,0.0,0.0,load_estimation,lstm,None,raw,rmse,0.4230368621902369,0.4230368621902369,0.0,0.0,SUCCESS
E5_DT1_PD00_SEED42,1,0.0,0.0,0.0,load_estimation,lstm,None,raw,mape,8.95040488214452,8.95040488214452,0.0,0.0,SUCCESS
E5_DT1_PD00_SEED42,1,0.0,0.0,0.0,load_estimation,lstm,None,raw,r2,0.9670456810550092,0.9670456810550092,0.0,0.0,SUCCESS
E5_DT1_PD00_SEED42,1,0.0,0.0,0.0,anomaly_detection,None,isolation_forest,raw,precision,0.11646586345381527,0.11646586345381527,0.0,0.0,SUCCESS
E5_DT1_PD00_SEED42,1,0.0,0.0,0.0,anomaly_detection,None,isolation_forest,raw,recall,0.11885245901639344,0.11885245901639344,0.0,0.0,SUCCESS
E5_DT1_PD00_SEED42,1,0.0,0.0,0.0,anomaly_detection,None,isolation_forest,raw,f1,0.11764705882352941,0.11764705882352941,0.0,0.0,SUCCESS
E5_DT1_PD00_SEED42,1,0.0,0.0,0.0,anomaly_detection,None,isolation_forest,raw,false_positive_rate,0.04389465283320032,0.04389465283320032,0.0,0.0,SUCCESS
E5_DT1_PD00_SEED42,1,0.0,0.0,0.0,anomaly_detection,None,isolation_forest,raw,pr_auc,0.09385708598261007,0.09385708598261007,0.0,0.0,SUCCESS
E5_DT1_PD00_SEED42,1,0.0,0.0,0.0,anomaly_detection,None,isolation_forest,raw,roc_auc,0.7138596875695052,0.7138596875695052,0.0,0.0,SUCCESS
E5_DT1_PD00_SEED42,1,0.0,0.0,0.0,anomaly_detection,None,isolation_forest,raw,detection_latency,3.2459016393442623,3.2459016393442623,0.0,0.0,SUCCESS
E5_DT1_PD00_SEED42,1,0.0,0.0,0.0,anomaly_detection,None,isolation_forest,raw,threshold,0.5031683371451802,0.5031683371451802,0.0,0.0,SUCCESS
E5_DT1_PD00_SEED42,1,0.0,0.0,0.0,anomaly_detection,None,isolation_forest,residual,precision,0.04642313546423135,0.04642313546423135,0.0,0.0,SUCCESS
E5_DT1_PD00_SEED42,1,0.0,0.0,0.0,anomaly_detection,None,isolation_forest,residual,recall,1.0,1.0,0.0,0.0,SUCCESS
E5_DT1_PD00_SEED42,1,0.0,0.0,0.0,anomaly_detection,None,isolation_forest,residual,f1,0.08872727272727272,0.08872727272727272,0.0,0.0,SUCCESS
E5_DT1_PD00_SEED42,1,0.0,0.0,0.0,anomaly_detection,None,isolation_forest,residual,false_positive_rate,1.0,1.0,0.0,0.0,SUCCESS
E5_DT1_PD00_SEED42,1,0.0,0.0,0.0,anomaly_detection,None,isolation_forest,residual,pr_auc,1.0,1.0,0.0,0.0,SUCCESS
E5_DT1_PD00_SEED42,1,0.0,0.0,0.0,anomaly_detection,None,isolation_forest,residual,roc_auc,1.0,1.0,0.0,0.0,SUCCESS
E5_DT1_PD00_SEED42,1,0.0,0.0,0.0,anomaly_detection,None,isolation_forest,residual,detection_latency,0.0,0.0,0.0,0.0,SUCCESS
E5_DT1_PD00_SEED42,1,0.0,0.0,0.0,anomaly_detection,None,isolation_forest,residual,threshold,0.29376565419608197,0.29376565419608197,0.0,0.0,SUCCESS
E5_DT1_PD00_SEED42,1,0.0,0.0,0.0,anomaly_detection,None,lstm_autoencoder,raw,precision,0.49825783972125437,0.49825783972125437,0.0,0.0,SUCCESS
E5_DT1_PD00_SEED42,1,0.0,0.0,0.0,anomaly_detection,None,lstm_autoencoder,raw,recall,0.5860655737704918,0.5860655737704918,0.0,0.0,SUCCESS
E5_DT1_PD00_SEED42,1,0.0,0.0,0.0,anomaly_detection,None,lstm_autoencoder,raw,f1,0.5386064030131827,0.5386064030131827,0.0,0.0,SUCCESS
E5_DT1_PD00_SEED42,1,0.0,0.0,0.0,anomaly_detection,None,lstm_autoencoder,raw,false_positive_rate,0.028731045490822026,0.028731045490822026,0.0,0.0,SUCCESS
E5_DT1_PD00_SEED42,1,0.0,0.0,0.0,anomaly_detection,None,lstm_autoencoder,raw,pr_auc,0.561001698584242,0.561001698584242,0.0,0.0,SUCCESS
E5_DT1_PD00_SEED42,1,0.0,0.0,0.0,anomaly_detection,None,lstm_autoencoder,raw,roc_auc,0.9493396177043946,0.9493396177043946,0.0,0.0,SUCCESS
E5_DT1_PD00_SEED42,1,0.0,0.0,0.0,anomaly_detection,None,lstm_autoencoder,raw,detection_latency,1.3442622950819672,1.3442622950819672,0.0,0.0,SUCCESS
E5_DT1_PD00_SEED42,1,0.0,0.0,0.0,anomaly_detection,None,lstm_autoencoder,raw,threshold,0.0007370078528765589,0.0007370078528765589,0.0,0.0,SUCCESS
E5_DT1_PD00_SEED42,1,0.0,0.0,0.0,anomaly_detection,None,lstm_autoencoder,residual,precision,0.9568627450980393,0.9568627450980393,0.0,0.0,SUCCESS
E5_DT1_PD00_SEED42,1,0.0,0.0,0.0,anomaly_detection,None,lstm_autoencoder,residual,recall,1.0,1.0,0.0,0.0,SUCCESS
E5_DT1_PD00_SEED42,1,0.0,0.0,0.0,anomaly_detection,None,lstm_autoencoder,residual,f1,0.9779559118236473,0.9779559118236473,0.0,0.0,SUCCESS
E5_DT1_PD00_SEED42,1,0.0,0.0,0.0,anomaly_detection,None,lstm_autoencoder,residual,false_positive_rate,0.002194732641660016,0.002194732641660016,0.0,0.0,SUCCESS
E5_DT1_PD00_SEED42,1,0.0,0.0,0.0,anomaly_detection,None,lstm_autoencoder,residual,pr_auc,1.0,1.0,0.0,0.0,SUCCESS
E5_DT1_PD00_SEED42,1,0.0,0.0,0.0,anomaly_detection,None,lstm_autoencoder,residual,roc_auc,1.0,1.0,0.0,0.0,SUCCESS
E5_DT1_PD00_SEED42,1,0.0,0.0,0.0,anomaly_detection,None,lstm_autoencoder,residual,detection_latency,0.0,0.0,0.0,0.0,SUCCESS
E5_DT1_PD00_SEED42,1,0.0,0.0,0.0,anomaly_detection,None,lstm_autoencoder,residual,threshold,0.0003816792741417885,0.0003816792741417885,0.0,0.0,SUCCESS
E5_DT1_PD05_SEED42,1,0.05,0.05345319634703196,1.0,load_estimation,persistence,None,raw,mae,0.4680887091468277,0.4591450760399007,0.00894363310692703,0.019478882761991785,SUCCESS
E5_DT1_PD05_SEED42,1,0.05,0.05345319634703196,1.0,load_estimation,persistence,None,raw,rmse,0.6394461138391615,0.630307824152761,0.009138289686400514,0.014498137792726755,SUCCESS
E5_DT1_PD05_SEED42,1,0.05,0.05345319634703196,1.0,load_estimation,persistence,None,raw,mape,14.953406180024844,14.73210135971861,0.22130482030623355,0.015021945267858283,SUCCESS
E5_DT1_PD05_SEED42,1,0.05,0.05345319634703196,1.0,load_estimation,persistence,None,raw,r2,0.9244997328237532,0.9266422537549911,-0.002142520931237901,-0.0023121338602420287,SUCCESS
E5_DT1_PD05_SEED42,1,0.05,0.05345319634703196,1.0,load_estimation,xgboost,None,raw,mae,0.27511759342758985,0.27343393351933726,0.0016836599082525883,0.0061574651199373534,SUCCESS
E5_DT1_PD05_SEED42,1,0.05,0.05345319634703196,1.0,load_estimation,xgboost,None,raw,rmse,0.4145709092350699,0.4129930382953352,0.0015778709397347157,0.0038205751512120295,SUCCESS
E5_DT1_PD05_SEED42,1,0.05,0.05345319634703196,1.0,load_estimation,xgboost,None,raw,mape,9.125493651918465,9.063484965162122,0.06200868675634297,0.006841594264754627,SUCCESS
E5_DT1_PD05_SEED42,1,0.05,0.05345319634703196,1.0,load_estimation,xgboost,None,raw,r2,0.9682650197839813,0.9685061288962542,-0.0002411091122729303,-0.00024894949559865694,SUCCESS
E5_DT1_PD05_SEED42,1,0.05,0.05345319634703196,1.0,load_estimation,lstm,None,raw,mae,0.27610017384030316,0.27593014335030924,0.000170030489993922,0.0006162084646839707,SUCCESS
E5_DT1_PD05_SEED42,1,0.05,0.05345319634703196,1.0,load_estimation,lstm,None,raw,rmse,0.42307922517797636,0.4230368621902369,4.2362987739463787e-05,0.00010014018050373452,SUCCESS
E5_DT1_PD05_SEED42,1,0.05,0.05345319634703196,1.0,load_estimation,lstm,None,raw,mape,8.959365985897191,8.95040488214452,0.008961103752671562,0.0010011953504526242,SUCCESS
E5_DT1_PD05_SEED42,1,0.05,0.05345319634703196,1.0,load_estimation,lstm,None,raw,r2,0.9670390806216463,0.9670456810550092,-6.600433362868863e-06,-6.825358400513248e-06,SUCCESS
E5_DT1_PD05_SEED42,1,0.05,0.05345319634703196,1.0,anomaly_detection,None,isolation_forest,raw,precision,0.11646586345381527,0.11646586345381527,0.0,0.0,SUCCESS
E5_DT1_PD05_SEED42,1,0.05,0.05345319634703196,1.0,anomaly_detection,None,isolation_forest,raw,recall,0.11885245901639344,0.11885245901639344,0.0,0.0,SUCCESS
E5_DT1_PD05_SEED42,1,0.05,0.05345319634703196,1.0,anomaly_detection,None,isolation_forest,raw,f1,0.11764705882352941,0.11764705882352941,0.0,0.0,SUCCESS
E5_DT1_PD05_SEED42,1,0.05,0.05345319634703196,1.0,anomaly_detection,None,isolation_forest,raw,false_positive_rate,0.04389465283320032,0.04389465283320032,0.0,0.0,SUCCESS
E5_DT1_PD05_SEED42,1,0.05,0.05345319634703196,1.0,anomaly_detection,None,isolation_forest,raw,pr_auc,0.09385708598261007,0.09385708598261007,0.0,0.0,SUCCESS
E5_DT1_PD05_SEED42,1,0.05,0.05345319634703196,1.0,anomaly_detection,None,isolation_forest,raw,roc_auc,0.7138596875695052,0.7138596875695052,0.0,0.0,SUCCESS
E5_DT1_PD05_SEED42,1,0.05,0.05345319634703196,1.0,anomaly_detection,None,isolation_forest,raw,detection_latency,3.2459016393442623,3.2459016393442623,0.0,0.0,SUCCESS
E5_DT1_PD05_SEED42,1,0.05,0.05345319634703196,1.0,anomaly_detection,None,isolation_forest,raw,threshold,0.5031683371451802,0.5031683371451802,0.0,0.0,SUCCESS
E5_DT1_PD05_SEED42,1,0.05,0.05345319634703196,1.0,anomaly_detection,None,isolation_forest,residual,precision,0.04642313546423135,0.04642313546423135,0.0,0.0,SUCCESS
E5_DT1_PD05_SEED42,1,0.05,0.05345319634703196,1.0,anomaly_detection,None,isolation_forest,residual,recall,1.0,1.0,0.0,0.0,SUCCESS
E5_DT1_PD05_SEED42,1,0.05,0.05345319634703196,1.0,anomaly_detection,None,isolation_forest,residual,f1,0.08872727272727272,0.08872727272727272,0.0,0.0,SUCCESS
E5_DT1_PD05_SEED42,1,0.05,0.05345319634703196,1.0,anomaly_detection,None,isolation_forest,residual,false_positive_rate,1.0,1.0,0.0,0.0,SUCCESS
E5_DT1_PD05_SEED42,1,0.05,0.05345319634703196,1.0,anomaly_detection,None,isolation_forest,residual,pr_auc,0.3046980188968922,1.0,-0.6953019811031078,0.6953019811031078,SUCCESS
E5_DT1_PD05_SEED42,1,0.05,0.05345319634703196,1.0,anomaly_detection,None,isolation_forest,residual,roc_auc,0.9515973139874138,1.0,-0.04840268601258624,0.04840268601258624,SUCCESS
E5_DT1_PD05_SEED42,1,0.05,0.05345319634703196,1.0,anomaly_detection,None,isolation_forest,residual,detection_latency,0.0,0.0,0.0,0.0,SUCCESS
E5_DT1_PD05_SEED42,1,0.05,0.05345319634703196,1.0,anomaly_detection,None,isolation_forest,residual,threshold,0.29376565419608197,0.29376565419608197,0.0,0.0,SUCCESS
E5_DT1_PD05_SEED42,1,0.05,0.05345319634703196,1.0,anomaly_detection,None,lstm_autoencoder,raw,precision,0.49825783972125437,0.49825783972125437,0.0,0.0,SUCCESS
E5_DT1_PD05_SEED42,1,0.05,0.05345319634703196,1.0,anomaly_detection,None,lstm_autoencoder,raw,recall,0.5860655737704918,0.5860655737704918,0.0,0.0,SUCCESS
E5_DT1_PD05_SEED42,1,0.05,0.05345319634703196,1.0,anomaly_detection,None,lstm_autoencoder,raw,f1,0.5386064030131827,0.5386064030131827,0.0,0.0,SUCCESS
E5_DT1_PD05_SEED42,1,0.05,0.05345319634703196,1.0,anomaly_detection,None,lstm_autoencoder,raw,false_positive_rate,0.028731045490822026,0.028731045490822026,0.0,0.0,SUCCESS
E5_DT1_PD05_SEED42,1,0.05,0.05345319634703196,1.0,anomaly_detection,None,lstm_autoencoder,raw,pr_auc,0.561001698584242,0.561001698584242,0.0,0.0,SUCCESS
E5_DT1_PD05_SEED42,1,0.05,0.05345319634703196,1.0,anomaly_detection,None,lstm_autoencoder,raw,roc_auc,0.9493396177043946,0.9493396177043946,0.0,0.0,SUCCESS
E5_DT1_PD05_SEED42,1,0.05,0.05345319634703196,1.0,anomaly_detection,None,lstm_autoencoder,raw,detection_latency,1.3442622950819672,1.3442622950819672,0.0,0.0,SUCCESS
E5_DT1_PD05_SEED42,1,0.05,0.05345319634703196,1.0,anomaly_detection,None,lstm_autoencoder,raw,threshold,0.0007370078528765589,0.0007370078528765589,0.0,0.0,SUCCESS
E5_DT1_PD05_SEED42,1,0.05,0.05345319634703196,1.0,anomaly_detection,None,lstm_autoencoder,residual,precision,0.4728682170542636,0.9568627450980393,-0.4839945280437757,0.5058139534883721,SUCCESS
E5_DT1_PD05_SEED42,1,0.05,0.05345319634703196,1.0,anomaly_detection,None,lstm_autoencoder,residual,recall,1.0,1.0,0.0,0.0,SUCCESS
E5_DT1_PD05_SEED42,1,0.05,0.05345319634703196,1.0,anomaly_detection,None,lstm_autoencoder,residual,f1,0.6421052631578947,0.9779559118236473,-0.33585064866575254,0.34342105263157896,SUCCESS
E5_DT1_PD05_SEED42,1,0.05,0.05345319634703196,1.0,anomaly_detection,None,lstm_autoencoder,residual,false_positive_rate,0.05426975259377494,0.002194732641660016,0.05207501995211493,23.72727272727273,SUCCESS
E5_DT1_PD05_SEED42,1,0.05,0.05345319634703196,1.0,anomaly_detection,None,lstm_autoencoder,residual,pr_auc,0.5390090549140275,1.0,-0.4609909450859725,0.4609909450859725,SUCCESS
E5_DT1_PD05_SEED42,1,0.05,0.05345319634703196,1.0,anomaly_detection,None,lstm_autoencoder,residual,roc_auc,0.9736051509164889,1.0,-0.026394849083511085,0.026394849083511085,SUCCESS
E5_DT1_PD05_SEED42,1,0.05,0.05345319634703196,1.0,anomaly_detection,None,lstm_autoencoder,residual,detection_latency,0.0,0.0,0.0,0.0,SUCCESS
E5_DT1_PD05_SEED42,1,0.05,0.05345319634703196,1.0,anomaly_detection,None,lstm_autoencoder,residual,threshold,0.0003816792741417885,0.0003816792741417885,0.0,0.0,SUCCESS
E5_DT1_PD10_SEED42,1,0.1,0.10893264840182648,1.0,load_estimation,persistence,None,raw,mae,0.48045042302329066,0.4591450760399007,0.021305346983389983,0.0464022116215366,SUCCESS
E5_DT1_PD10_SEED42,1,0.1,0.10893264840182648,1.0,load_estimation,persistence,None,raw,rmse,0.6562717822003715,0.630307824152761,0.025963958047610536,0.04119250476147973,SUCCESS
E5_DT1_PD10_SEED42,1,0.1,0.10893264840182648,1.0,load_estimation,persistence,None,raw,mape,15.22745767394809,14.73210135971861,0.495356314229479,0.03362428089070252,SUCCESS
E5_DT1_PD10_SEED42,1,0.1,0.10893264840182648,1.0,load_estimation,persistence,None,raw,r2,0.9204742000614115,0.9266422537549911,-0.006168053693579645,-0.00665634841125053,SUCCESS
E5_DT1_PD10_SEED42,1,0.1,0.10893264840182648,1.0,load_estimation,xgboost,None,raw,mae,0.27904337188696754,0.27343393351933726,0.005609438367630282,0.020514785035755562,SUCCESS
E5_DT1_PD10_SEED42,1,0.1,0.10893264840182648,1.0,load_estimation,xgboost,None,raw,rmse,0.4192529274039325,0.4129930382953352,0.006259889108597316,0.015157371984853679,SUCCESS
E5_DT1_PD10_SEED42,1,0.1,0.10893264840182648,1.0,load_estimation,xgboost,None,raw,mape,9.223874567994905,9.063484965162122,0.16038960283278314,0.01769623974103588,SUCCESS
E5_DT1_PD10_SEED42,1,0.1,0.10893264840182648,1.0,load_estimation,xgboost,None,raw,r2,0.9675441646685653,0.9685061288962542,-0.0009619642276889051,-0.0009932453693248132,SUCCESS
E5_DT1_PD10_SEED42,1,0.1,0.10893264840182648,1.0,load_estimation,lstm,None,raw,mae,0.2783379099370416,0.27593014335030924,0.0024077665867323628,0.008726000564844284,SUCCESS
E5_DT1_PD10_SEED42,1,0.1,0.10893264840182648,1.0,load_estimation,lstm,None,raw,rmse,0.4251710449631362,0.4230368621902369,0.0021341827728992846,0.005044909707985581,SUCCESS
E5_DT1_PD10_SEED42,1,0.1,0.10893264840182648,1.0,load_estimation,lstm,None,raw,mape,9.013588747109727,8.95040488214452,0.06318386496520745,0.007059330365183276,SUCCESS
E5_DT1_PD10_SEED42,1,0.1,0.10893264840182648,1.0,load_estimation,lstm,None,raw,r2,0.9667123392037509,0.9670456810550092,-0.0003333418512583286,-0.0003447012460617844,SUCCESS
E5_DT1_PD10_SEED42,1,0.1,0.10893264840182648,1.0,anomaly_detection,None,isolation_forest,raw,precision,0.11646586345381527,0.11646586345381527,0.0,0.0,SUCCESS
E5_DT1_PD10_SEED42,1,0.1,0.10893264840182648,1.0,anomaly_detection,None,isolation_forest,raw,recall,0.11885245901639344,0.11885245901639344,0.0,0.0,SUCCESS
E5_DT1_PD10_SEED42,1,0.1,0.10893264840182648,1.0,anomaly_detection,None,isolation_forest,raw,f1,0.11764705882352941,0.11764705882352941,0.0,0.0,SUCCESS
E5_DT1_PD10_SEED42,1,0.1,0.10893264840182648,1.0,anomaly_detection,None,isolation_forest,raw,false_positive_rate,0.04389465283320032,0.04389465283320032,0.0,0.0,SUCCESS
E5_DT1_PD10_SEED42,1,0.1,0.10893264840182648,1.0,anomaly_detection,None,isolation_forest,raw,pr_auc,0.09385708598261007,0.09385708598261007,0.0,0.0,SUCCESS
E5_DT1_PD10_SEED42,1,0.1,0.10893264840182648,1.0,anomaly_detection,None,isolation_forest,raw,roc_auc,0.7138596875695052,0.7138596875695052,0.0,0.0,SUCCESS
E5_DT1_PD10_SEED42,1,0.1,0.10893264840182648,1.0,anomaly_detection,None,isolation_forest,raw,detection_latency,3.2459016393442623,3.2459016393442623,0.0,0.0,SUCCESS
E5_DT1_PD10_SEED42,1,0.1,0.10893264840182648,1.0,anomaly_detection,None,isolation_forest,raw,threshold,0.5031683371451802,0.5031683371451802,0.0,0.0,SUCCESS
E5_DT1_PD10_SEED42,1,0.1,0.10893264840182648,1.0,anomaly_detection,None,isolation_forest,residual,precision,0.04642313546423135,0.04642313546423135,0.0,0.0,SUCCESS
E5_DT1_PD10_SEED42,1,0.1,0.10893264840182648,1.0,anomaly_detection,None,isolation_forest,residual,recall,1.0,1.0,0.0,0.0,SUCCESS
E5_DT1_PD10_SEED42,1,0.1,0.10893264840182648,1.0,anomaly_detection,None,isolation_forest,residual,f1,0.08872727272727272,0.08872727272727272,0.0,0.0,SUCCESS
E5_DT1_PD10_SEED42,1,0.1,0.10893264840182648,1.0,anomaly_detection,None,isolation_forest,residual,false_positive_rate,1.0,1.0,0.0,0.0,SUCCESS
E5_DT1_PD10_SEED42,1,0.1,0.10893264840182648,1.0,anomaly_detection,None,isolation_forest,residual,pr_auc,0.1955281123000514,1.0,-0.8044718876999486,0.8044718876999486,SUCCESS
E5_DT1_PD10_SEED42,1,0.1,0.10893264840182648,1.0,anomaly_detection,None,isolation_forest,residual,roc_auc,0.909603018329779,1.0,-0.09039698167022103,0.09039698167022103,SUCCESS
E5_DT1_PD10_SEED42,1,0.1,0.10893264840182648,1.0,anomaly_detection,None,isolation_forest,residual,detection_latency,0.0,0.0,0.0,0.0,SUCCESS
E5_DT1_PD10_SEED42,1,0.1,0.10893264840182648,1.0,anomaly_detection,None,isolation_forest,residual,threshold,0.29376565419608197,0.29376565419608197,0.0,0.0,SUCCESS
E5_DT1_PD10_SEED42,1,0.1,0.10893264840182648,1.0,anomaly_detection,None,lstm_autoencoder,raw,precision,0.49825783972125437,0.49825783972125437,0.0,0.0,SUCCESS
E5_DT1_PD10_SEED42,1,0.1,0.10893264840182648,1.0,anomaly_detection,None,lstm_autoencoder,raw,recall,0.5860655737704918,0.5860655737704918,0.0,0.0,SUCCESS
E5_DT1_PD10_SEED42,1,0.1,0.10893264840182648,1.0,anomaly_detection,None,lstm_autoencoder,raw,f1,0.5386064030131827,0.5386064030131827,0.0,0.0,SUCCESS
E5_DT1_PD10_SEED42,1,0.1,0.10893264840182648,1.0,anomaly_detection,None,lstm_autoencoder,raw,false_positive_rate,0.028731045490822026,0.028731045490822026,0.0,0.0,SUCCESS
E5_DT1_PD10_SEED42,1,0.1,0.10893264840182648,1.0,anomaly_detection,None,lstm_autoencoder,raw,pr_auc,0.561001698584242,0.561001698584242,0.0,0.0,SUCCESS
E5_DT1_PD10_SEED42,1,0.1,0.10893264840182648,1.0,anomaly_detection,None,lstm_autoencoder,raw,roc_auc,0.9493396177043946,0.9493396177043946,0.0,0.0,SUCCESS
E5_DT1_PD10_SEED42,1,0.1,0.10893264840182648,1.0,anomaly_detection,None,lstm_autoencoder,raw,detection_latency,1.3442622950819672,1.3442622950819672,0.0,0.0,SUCCESS
E5_DT1_PD10_SEED42,1,0.1,0.10893264840182648,1.0,anomaly_detection,None,lstm_autoencoder,raw,threshold,0.0007370078528765589,0.0007370078528765589,0.0,0.0,SUCCESS
E5_DT1_PD10_SEED42,1,0.1,0.10893264840182648,1.0,anomaly_detection,None,lstm_autoencoder,residual,precision,0.32020997375328086,0.9568627450980393,-0.6366527713447584,0.6653543307086615,SUCCESS
E5_DT1_PD10_SEED42,1,0.1,0.10893264840182648,1.0,anomaly_detection,None,lstm_autoencoder,residual,recall,1.0,1.0,0.0,0.0,SUCCESS
E5_DT1_PD10_SEED42,1,0.1,0.10893264840182648,1.0,anomaly_detection,None,lstm_autoencoder,residual,f1,0.485089463220676,0.9779559118236473,-0.4928664486029713,0.503976143141153,SUCCESS
E5_DT1_PD10_SEED42,1,0.1,0.10893264840182648,1.0,anomaly_detection,None,lstm_autoencoder,residual,false_positive_rate,0.10335195530726257,0.002194732641660016,0.10115722266560255,46.090909090909086,SUCCESS
E5_DT1_PD10_SEED42,1,0.1,0.10893264840182648,1.0,anomaly_detection,None,lstm_autoencoder,residual,pr_auc,0.4014183782332302,1.0,-0.5985816217667699,0.5985816217667699,SUCCESS
E5_DT1_PD10_SEED42,1,0.1,0.10893264840182648,1.0,anomaly_detection,None,lstm_autoencoder,residual,roc_auc,0.9503086036136223,1.0,-0.04969139638637765,0.04969139638637765,SUCCESS
E5_DT1_PD10_SEED42,1,0.1,0.10893264840182648,1.0,anomaly_detection,None,lstm_autoencoder,residual,detection_latency,0.0,0.0,0.0,0.0,SUCCESS
E5_DT1_PD10_SEED42,1,0.1,0.10893264840182648,1.0,anomaly_detection,None,lstm_autoencoder,residual,threshold,0.0003816792741417885,0.0003816792741417885,0.0,0.0,SUCCESS
E5_DT1_PD20_SEED42,1,0.2,0.2509132420091324,1.0,load_estimation,persistence,None,raw,mae,0.5044602527420633,0.4591450760399007,0.04531517670216262,0.09869468075973581,SUCCESS
E5_DT1_PD20_SEED42,1,0.2,0.2509132420091324,1.0,load_estimation,persistence,None,raw,rmse,0.6858819355980028,0.630307824152761,0.055574111445241825,0.08816979468713199,SUCCESS
E5_DT1_PD20_SEED42,1,0.2,0.2509132420091324,1.0,load_estimation,persistence,None,raw,mape,15.806540790489112,14.73210135971861,1.0744394307705019,0.07293185164394118,SUCCESS
E5_DT1_PD20_SEED42,1,0.2,0.2509132420091324,1.0,load_estimation,persistence,None,raw,r2,0.9131361021899015,0.9266422537549911,-0.013506151565089608,-0.014575367689482357,SUCCESS
E5_DT1_PD20_SEED42,1,0.2,0.2509132420091324,1.0,load_estimation,xgboost,None,raw,mae,0.28954912034888247,0.27343393351933726,0.016115186829545214,0.0589363091190931,SUCCESS
E5_DT1_PD20_SEED42,1,0.2,0.2509132420091324,1.0,load_estimation,xgboost,None,raw,rmse,0.43388005421026815,0.4129930382953352,0.02088701591493297,0.050574740923348134,SUCCESS
E5_DT1_PD20_SEED42,1,0.2,0.2509132420091324,1.0,load_estimation,xgboost,None,raw,mape,9.474150554656106,9.063484965162122,0.41066558949398413,0.04530989912516928,SUCCESS
E5_DT1_PD20_SEED42,1,0.2,0.2509132420091324,1.0,load_estimation,xgboost,None,raw,r2,0.9652399849900685,0.9685061288962542,-0.0032661439061857367,-0.0033723523359712308,SUCCESS
E5_DT1_PD20_SEED42,1,0.2,0.2509132420091324,1.0,load_estimation,lstm,None,raw,mae,0.2858751653007538,0.27593014335030924,0.009945021950444555,0.03604181054557267,SUCCESS
E5_DT1_PD20_SEED42,1,0.2,0.2509132420091324,1.0,load_estimation,lstm,None,raw,rmse,0.43199142998415613,0.4230368621902369,0.008954567793919233,0.021167346381016843,SUCCESS
E5_DT1_PD20_SEED42,1,0.2,0.2509132420091324,1.0,load_estimation,lstm,None,raw,mape,9.171423424412827,8.95040488214452,0.22101854226830753,0.024693692093105783,SUCCESS
E5_DT1_PD20_SEED42,1,0.2,0.2509132420091324,1.0,load_estimation,lstm,None,raw,r2,0.9656358046887441,0.9670456810550092,-0.001409876366265106,-0.001457921165344522,SUCCESS
E5_DT1_PD20_SEED42,1,0.2,0.2509132420091324,1.0,anomaly_detection,None,isolation_forest,raw,precision,0.11646586345381527,0.11646586345381527,0.0,0.0,SUCCESS
E5_DT1_PD20_SEED42,1,0.2,0.2509132420091324,1.0,anomaly_detection,None,isolation_forest,raw,recall,0.11885245901639344,0.11885245901639344,0.0,0.0,SUCCESS
E5_DT1_PD20_SEED42,1,0.2,0.2509132420091324,1.0,anomaly_detection,None,isolation_forest,raw,f1,0.11764705882352941,0.11764705882352941,0.0,0.0,SUCCESS
E5_DT1_PD20_SEED42,1,0.2,0.2509132420091324,1.0,anomaly_detection,None,isolation_forest,raw,false_positive_rate,0.04389465283320032,0.04389465283320032,0.0,0.0,SUCCESS
E5_DT1_PD20_SEED42,1,0.2,0.2509132420091324,1.0,anomaly_detection,None,isolation_forest,raw,pr_auc,0.09385708598261007,0.09385708598261007,0.0,0.0,SUCCESS
E5_DT1_PD20_SEED42,1,0.2,0.2509132420091324,1.0,anomaly_detection,None,isolation_forest,raw,roc_auc,0.7138596875695052,0.7138596875695052,0.0,0.0,SUCCESS
E5_DT1_PD20_SEED42,1,0.2,0.2509132420091324,1.0,anomaly_detection,None,isolation_forest,raw,detection_latency,3.2459016393442623,3.2459016393442623,0.0,0.0,SUCCESS
E5_DT1_PD20_SEED42,1,0.2,0.2509132420091324,1.0,anomaly_detection,None,isolation_forest,raw,threshold,0.5031683371451802,0.5031683371451802,0.0,0.0,SUCCESS
E5_DT1_PD20_SEED42,1,0.2,0.2509132420091324,1.0,anomaly_detection,None,isolation_forest,residual,precision,0.04642313546423135,0.04642313546423135,0.0,0.0,SUCCESS
E5_DT1_PD20_SEED42,1,0.2,0.2509132420091324,1.0,anomaly_detection,None,isolation_forest,residual,recall,1.0,1.0,0.0,0.0,SUCCESS
E5_DT1_PD20_SEED42,1,0.2,0.2509132420091324,1.0,anomaly_detection,None,isolation_forest,residual,f1,0.08872727272727272,0.08872727272727272,0.0,0.0,SUCCESS
E5_DT1_PD20_SEED42,1,0.2,0.2509132420091324,1.0,anomaly_detection,None,isolation_forest,residual,false_positive_rate,1.0,1.0,0.0,0.0,SUCCESS
E5_DT1_PD20_SEED42,1,0.2,0.2509132420091324,1.0,anomaly_detection,None,isolation_forest,residual,pr_auc,0.11479606030877082,1.0,-0.8852039396912292,0.8852039396912292,SUCCESS
E5_DT1_PD20_SEED42,1,0.2,0.2509132420091324,1.0,anomaly_detection,None,isolation_forest,residual,roc_auc,0.8293080214043672,1.0,-0.1706919785956328,0.1706919785956328,SUCCESS
E5_DT1_PD20_SEED42,1,0.2,0.2509132420091324,1.0,anomaly_detection,None,isolation_forest,residual,detection_latency,0.0,0.0,0.0,0.0,SUCCESS
E5_DT1_PD20_SEED42,1,0.2,0.2509132420091324,1.0,anomaly_detection,None,isolation_forest,residual,threshold,0.29376565419608197,0.29376565419608197,0.0,0.0,SUCCESS
E5_DT1_PD20_SEED42,1,0.2,0.2509132420091324,1.0,anomaly_detection,None,lstm_autoencoder,raw,precision,0.49825783972125437,0.49825783972125437,0.0,0.0,SUCCESS
E5_DT1_PD20_SEED42,1,0.2,0.2509132420091324,1.0,anomaly_detection,None,lstm_autoencoder,raw,recall,0.5860655737704918,0.5860655737704918,0.0,0.0,SUCCESS
E5_DT1_PD20_SEED42,1,0.2,0.2509132420091324,1.0,anomaly_detection,None,lstm_autoencoder,raw,f1,0.5386064030131827,0.5386064030131827,0.0,0.0,SUCCESS
E5_DT1_PD20_SEED42,1,0.2,0.2509132420091324,1.0,anomaly_detection,None,lstm_autoencoder,raw,false_positive_rate,0.028731045490822026,0.028731045490822026,0.0,0.0,SUCCESS
E5_DT1_PD20_SEED42,1,0.2,0.2509132420091324,1.0,anomaly_detection,None,lstm_autoencoder,raw,pr_auc,0.561001698584242,0.561001698584242,0.0,0.0,SUCCESS
E5_DT1_PD20_SEED42,1,0.2,0.2509132420091324,1.0,anomaly_detection,None,lstm_autoencoder,raw,roc_auc,0.9493396177043946,0.9493396177043946,0.0,0.0,SUCCESS
E5_DT1_PD20_SEED42,1,0.2,0.2509132420091324,1.0,anomaly_detection,None,lstm_autoencoder,raw,detection_latency,1.3442622950819672,1.3442622950819672,0.0,0.0,SUCCESS
E5_DT1_PD20_SEED42,1,0.2,0.2509132420091324,1.0,anomaly_detection,None,lstm_autoencoder,raw,threshold,0.0007370078528765589,0.0007370078528765589,0.0,0.0,SUCCESS
E5_DT1_PD20_SEED42,1,0.2,0.2509132420091324,1.0,anomaly_detection,None,lstm_autoencoder,residual,precision,0.19288537549407114,0.9568627450980393,-0.7639773696039681,0.7984189723320159,SUCCESS
E5_DT1_PD20_SEED42,1,0.2,0.2509132420091324,1.0,anomaly_detection,None,lstm_autoencoder,residual,recall,1.0,1.0,0.0,0.0,SUCCESS
E5_DT1_PD20_SEED42,1,0.2,0.2509132420091324,1.0,anomaly_detection,None,lstm_autoencoder,residual,f1,0.32339297548045065,0.9779559118236473,-0.6545629363431966,0.6693174287607687,SUCCESS
E5_DT1_PD20_SEED42,1,0.2,0.2509132420091324,1.0,anomaly_detection,None,lstm_autoencoder,residual,false_positive_rate,0.20371109337589785,0.002194732641660016,0.20151636073423784,91.81818181818183,SUCCESS
E5_DT1_PD20_SEED42,1,0.2,0.2509132420091324,1.0,anomaly_detection,None,lstm_autoencoder,residual,pr_auc,0.2837795341596269,1.0,-0.716220465840373,0.716220465840373,SUCCESS
E5_DT1_PD20_SEED42,1,0.2,0.2509132420091324,1.0,anomaly_detection,None,lstm_autoencoder,residual,roc_auc,0.9034571127654284,1.0,-0.0965428872345716,0.0965428872345716,SUCCESS
E5_DT1_PD20_SEED42,1,0.2,0.2509132420091324,1.0,anomaly_detection,None,lstm_autoencoder,residual,detection_latency,0.0,0.0,0.0,0.0,SUCCESS
E5_DT1_PD20_SEED42,1,0.2,0.2509132420091324,1.0,anomaly_detection,None,lstm_autoencoder,residual,threshold,0.0003816792741417885,0.0003816792741417885,0.0,0.0,SUCCESS
E5_DT5_PD00_SEED42,5,0.0,2.0,4.0,load_estimation,persistence,None,raw,mae,0.85874230340917,0.4591450760399007,0.39959722736926934,0.8703071169046872,SUCCESS
E5_DT5_PD00_SEED42,5,0.0,2.0,4.0,load_estimation,persistence,None,raw,rmse,1.1350633242297103,0.630307824152761,0.5047555000769494,0.800807923898811,SUCCESS
E5_DT5_PD00_SEED42,5,0.0,2.0,4.0,load_estimation,persistence,None,raw,mape,25.12380949883275,14.73210135971861,10.391708139114138,0.7053785393798447,SUCCESS
E5_DT5_PD00_SEED42,5,0.0,2.0,4.0,load_estimation,persistence,None,raw,r2,0.7621074913676852,0.9266422537549911,-0.1645347623873059,-0.17756017677865327,SUCCESS
E5_DT5_PD00_SEED42,5,0.0,2.0,4.0,load_estimation,xgboost,None,raw,mae,0.5164365891815139,0.27343393351933726,0.24300265566217666,0.8887070179422025,SUCCESS
E5_DT5_PD00_SEED42,5,0.0,2.0,4.0,load_estimation,xgboost,None,raw,rmse,0.7125354972737628,0.4129930382953352,0.2995424589784276,0.7252966302163717,SUCCESS
E5_DT5_PD00_SEED42,5,0.0,2.0,4.0,load_estimation,xgboost,None,raw,mape,15.351534295499333,9.063484965162122,6.288049330337211,0.6937783153507702,SUCCESS
E5_DT5_PD00_SEED42,5,0.0,2.0,4.0,load_estimation,xgboost,None,raw,r2,0.9062538170091773,0.9685061288962542,-0.06225231188707692,-0.06427663184539884,SUCCESS
E5_DT5_PD00_SEED42,5,0.0,2.0,4.0,load_estimation,lstm,None,raw,mae,0.545224902394304,0.27593014335030924,0.26929475904399475,0.975952666041671,SUCCESS
E5_DT5_PD00_SEED42,5,0.0,2.0,4.0,load_estimation,lstm,None,raw,rmse,0.7209294764617779,0.4230368621902369,0.29789261427154096,0.7041764935784263,SUCCESS
E5_DT5_PD00_SEED42,5,0.0,2.0,4.0,load_estimation,lstm,None,raw,mape,15.260972937471529,8.95040488214452,6.310568055327009,0.7050595071867849,SUCCESS
E5_DT5_PD00_SEED42,5,0.0,2.0,4.0,load_estimation,lstm,None,raw,r2,0.9042934895185939,0.9670456810550092,-0.06275219153641531,-0.06489061764688832,SUCCESS
E5_DT5_PD00_SEED42,5,0.0,2.0,4.0,anomaly_detection,None,isolation_forest,raw,precision,0.11646586345381527,0.11646586345381527,0.0,0.0,SUCCESS
E5_DT5_PD00_SEED42,5,0.0,2.0,4.0,anomaly_detection,None,isolation_forest,raw,recall,0.11885245901639344,0.11885245901639344,0.0,0.0,SUCCESS
E5_DT5_PD00_SEED42,5,0.0,2.0,4.0,anomaly_detection,None,isolation_forest,raw,f1,0.11764705882352941,0.11764705882352941,0.0,0.0,SUCCESS
E5_DT5_PD00_SEED42,5,0.0,2.0,4.0,anomaly_detection,None,isolation_forest,raw,false_positive_rate,0.04389465283320032,0.04389465283320032,0.0,0.0,SUCCESS
E5_DT5_PD00_SEED42,5,0.0,2.0,4.0,anomaly_detection,None,isolation_forest,raw,pr_auc,0.09385708598261007,0.09385708598261007,0.0,0.0,SUCCESS
E5_DT5_PD00_SEED42,5,0.0,2.0,4.0,anomaly_detection,None,isolation_forest,raw,roc_auc,0.7138596875695052,0.7138596875695052,0.0,0.0,SUCCESS
E5_DT5_PD00_SEED42,5,0.0,2.0,4.0,anomaly_detection,None,isolation_forest,raw,detection_latency,3.2459016393442623,3.2459016393442623,0.0,0.0,SUCCESS
E5_DT5_PD00_SEED42,5,0.0,2.0,4.0,anomaly_detection,None,isolation_forest,raw,threshold,0.5031683371451802,0.5031683371451802,0.0,0.0,SUCCESS
E5_DT5_PD00_SEED42,5,0.0,2.0,4.0,anomaly_detection,None,isolation_forest,residual,precision,0.04642313546423135,0.04642313546423135,0.0,0.0,SUCCESS
E5_DT5_PD00_SEED42,5,0.0,2.0,4.0,anomaly_detection,None,isolation_forest,residual,recall,1.0,1.0,0.0,0.0,SUCCESS
E5_DT5_PD00_SEED42,5,0.0,2.0,4.0,anomaly_detection,None,isolation_forest,residual,f1,0.08872727272727272,0.08872727272727272,0.0,0.0,SUCCESS
E5_DT5_PD00_SEED42,5,0.0,2.0,4.0,anomaly_detection,None,isolation_forest,residual,false_positive_rate,1.0,1.0,0.0,0.0,SUCCESS
E5_DT5_PD00_SEED42,5,0.0,2.0,4.0,anomaly_detection,None,isolation_forest,residual,pr_auc,0.054251047786317945,1.0,-0.945748952213682,0.945748952213682,SUCCESS
E5_DT5_PD00_SEED42,5,0.0,2.0,4.0,anomaly_detection,None,isolation_forest,residual,roc_auc,0.5802054577211414,1.0,-0.4197945422788586,0.4197945422788586,SUCCESS
E5_DT5_PD00_SEED42,5,0.0,2.0,4.0,anomaly_detection,None,isolation_forest,residual,detection_latency,0.0,0.0,0.0,0.0,SUCCESS
E5_DT5_PD00_SEED42,5,0.0,2.0,4.0,anomaly_detection,None,isolation_forest,residual,threshold,0.29376565419608197,0.29376565419608197,0.0,0.0,SUCCESS
E5_DT5_PD00_SEED42,5,0.0,2.0,4.0,anomaly_detection,None,lstm_autoencoder,raw,precision,0.49825783972125437,0.49825783972125437,0.0,0.0,SUCCESS
E5_DT5_PD00_SEED42,5,0.0,2.0,4.0,anomaly_detection,None,lstm_autoencoder,raw,recall,0.5860655737704918,0.5860655737704918,0.0,0.0,SUCCESS
E5_DT5_PD00_SEED42,5,0.0,2.0,4.0,anomaly_detection,None,lstm_autoencoder,raw,f1,0.5386064030131827,0.5386064030131827,0.0,0.0,SUCCESS
E5_DT5_PD00_SEED42,5,0.0,2.0,4.0,anomaly_detection,None,lstm_autoencoder,raw,false_positive_rate,0.028731045490822026,0.028731045490822026,0.0,0.0,SUCCESS
E5_DT5_PD00_SEED42,5,0.0,2.0,4.0,anomaly_detection,None,lstm_autoencoder,raw,pr_auc,0.561001698584242,0.561001698584242,0.0,0.0,SUCCESS
E5_DT5_PD00_SEED42,5,0.0,2.0,4.0,anomaly_detection,None,lstm_autoencoder,raw,roc_auc,0.9493396177043946,0.9493396177043946,0.0,0.0,SUCCESS
E5_DT5_PD00_SEED42,5,0.0,2.0,4.0,anomaly_detection,None,lstm_autoencoder,raw,detection_latency,1.3442622950819672,1.3442622950819672,0.0,0.0,SUCCESS
E5_DT5_PD00_SEED42,5,0.0,2.0,4.0,anomaly_detection,None,lstm_autoencoder,raw,threshold,0.0007370078528765589,0.0007370078528765589,0.0,0.0,SUCCESS
E5_DT5_PD00_SEED42,5,0.0,2.0,4.0,anomaly_detection,None,lstm_autoencoder,residual,precision,0.05737126734070068,0.9568627450980393,-0.8994914777573386,0.940042323066071,SUCCESS
E5_DT5_PD00_SEED42,5,0.0,2.0,4.0,anomaly_detection,None,lstm_autoencoder,residual,recall,1.0,1.0,0.0,0.0,SUCCESS
E5_DT5_PD00_SEED42,5,0.0,2.0,4.0,anomaly_detection,None,lstm_autoencoder,residual,f1,0.10851678897042472,0.9779559118236473,-0.8694391228532226,0.8890371358683566,SUCCESS
E5_DT5_PD00_SEED42,5,0.0,2.0,4.0,anomaly_detection,None,lstm_autoencoder,residual,false_positive_rate,0.7998802873104549,0.002194732641660016,0.7976855546687949,363.45454545454544,SUCCESS
E5_DT5_PD00_SEED42,5,0.0,2.0,4.0,anomaly_detection,None,lstm_autoencoder,residual,pr_auc,0.12417125417511576,1.0,-0.8758287458248842,0.8758287458248842,SUCCESS
E5_DT5_PD00_SEED42,5,0.0,2.0,4.0,anomaly_detection,None,lstm_autoencoder,residual,roc_auc,0.7027044928237803,1.0,-0.29729550717621966,0.29729550717621966,SUCCESS
E5_DT5_PD00_SEED42,5,0.0,2.0,4.0,anomaly_detection,None,lstm_autoencoder,residual,detection_latency,0.0,0.0,0.0,0.0,SUCCESS
E5_DT5_PD00_SEED42,5,0.0,2.0,4.0,anomaly_detection,None,lstm_autoencoder,residual,threshold,0.0003816792741417885,0.0003816792741417885,0.0,0.0,SUCCESS
E5_DT5_PD05_SEED42,5,0.05,2.031563926940639,4.0,load_estimation,persistence,None,raw,mae,0.8579735411175128,0.4591450760399007,0.3988284650776121,0.868632782730644,SUCCESS
E5_DT5_PD05_SEED42,5,0.05,2.031563926940639,4.0,load_estimation,persistence,None,raw,rmse,1.1312581772515542,0.630307824152761,0.5009503530987932,0.7947709577810718,SUCCESS
E5_DT5_PD05_SEED42,5,0.05,2.031563926940639,4.0,load_estimation,persistence,None,raw,mape,25.004624510816114,14.73210135971861,10.272523151097504,0.6972883840716199,SUCCESS
E5_DT5_PD05_SEED42,5,0.05,2.031563926940639,4.0,load_estimation,persistence,None,raw,r2,0.7636998230618551,0.9266422537549911,-0.16294243069313596,-0.17584178795306563,SUCCESS
E5_DT5_PD05_SEED42,5,0.05,2.031563926940639,4.0,load_estimation,xgboost,None,raw,mae,0.5032898727209056,0.27343393351933726,0.22985593920156838,0.8406269706291336,SUCCESS
E5_DT5_PD05_SEED42,5,0.05,2.031563926940639,4.0,load_estimation,xgboost,None,raw,rmse,0.6944161086905591,0.4129930382953352,0.28142307039522396,0.681423279086791,SUCCESS
E5_DT5_PD05_SEED42,5,0.05,2.031563926940639,4.0,load_estimation,xgboost,None,raw,mape,14.83697982436679,9.063484965162122,5.773494859204668,0.6370060612884125,SUCCESS
E5_DT5_PD05_SEED42,5,0.05,2.031563926940639,4.0,load_estimation,xgboost,None,raw,r2,0.9109610238500879,0.9685061288962542,-0.05754510504616628,-0.05941635610684966,SUCCESS
E5_DT5_PD05_SEED42,5,0.05,2.031563926940639,4.0,load_estimation,lstm,None,raw,mae,0.54083574989114,0.27593014335030924,0.2649056065408308,0.960045913521372,SUCCESS
E5_DT5_PD05_SEED42,5,0.05,2.031563926940639,4.0,load_estimation,lstm,None,raw,rmse,0.7148724894240147,0.4230368621902369,0.2918356272337778,0.6898586230117726,SUCCESS
E5_DT5_PD05_SEED42,5,0.05,2.031563926940639,4.0,load_estimation,lstm,None,raw,mape,15.180048337165452,8.95040488214452,6.229643455020932,0.696018061422972,SUCCESS
E5_DT5_PD05_SEED42,5,0.05,2.031563926940639,4.0,load_estimation,lstm,None,raw,r2,0.9058949163629207,0.9670456810550092,-0.061150764692088466,-0.06323461847776969,SUCCESS
E5_DT5_PD05_SEED42,5,0.05,2.031563926940639,4.0,anomaly_detection,None,isolation_forest,raw,precision,0.11646586345381527,0.11646586345381527,0.0,0.0,SUCCESS
E5_DT5_PD05_SEED42,5,0.05,2.031563926940639,4.0,anomaly_detection,None,isolation_forest,raw,recall,0.11885245901639344,0.11885245901639344,0.0,0.0,SUCCESS
E5_DT5_PD05_SEED42,5,0.05,2.031563926940639,4.0,anomaly_detection,None,isolation_forest,raw,f1,0.11764705882352941,0.11764705882352941,0.0,0.0,SUCCESS
E5_DT5_PD05_SEED42,5,0.05,2.031563926940639,4.0,anomaly_detection,None,isolation_forest,raw,false_positive_rate,0.04389465283320032,0.04389465283320032,0.0,0.0,SUCCESS
E5_DT5_PD05_SEED42,5,0.05,2.031563926940639,4.0,anomaly_detection,None,isolation_forest,raw,pr_auc,0.09385708598261007,0.09385708598261007,0.0,0.0,SUCCESS
E5_DT5_PD05_SEED42,5,0.05,2.031563926940639,4.0,anomaly_detection,None,isolation_forest,raw,roc_auc,0.7138596875695052,0.7138596875695052,0.0,0.0,SUCCESS
E5_DT5_PD05_SEED42,5,0.05,2.031563926940639,4.0,anomaly_detection,None,isolation_forest,raw,detection_latency,3.2459016393442623,3.2459016393442623,0.0,0.0,SUCCESS
E5_DT5_PD05_SEED42,5,0.05,2.031563926940639,4.0,anomaly_detection,None,isolation_forest,raw,threshold,0.5031683371451802,0.5031683371451802,0.0,0.0,SUCCESS
E5_DT5_PD05_SEED42,5,0.05,2.031563926940639,4.0,anomaly_detection,None,isolation_forest,residual,precision,0.04642313546423135,0.04642313546423135,0.0,0.0,SUCCESS
E5_DT5_PD05_SEED42,5,0.05,2.031563926940639,4.0,anomaly_detection,None,isolation_forest,residual,recall,1.0,1.0,0.0,0.0,SUCCESS
E5_DT5_PD05_SEED42,5,0.05,2.031563926940639,4.0,anomaly_detection,None,isolation_forest,residual,f1,0.08872727272727272,0.08872727272727272,0.0,0.0,SUCCESS
E5_DT5_PD05_SEED42,5,0.05,2.031563926940639,4.0,anomaly_detection,None,isolation_forest,residual,false_positive_rate,1.0,1.0,0.0,0.0,SUCCESS
E5_DT5_PD05_SEED42,5,0.05,2.031563926940639,4.0,anomaly_detection,None,isolation_forest,residual,pr_auc,0.05277166115657561,1.0,-0.9472283388434244,0.9472283388434244,SUCCESS
E5_DT5_PD05_SEED42,5,0.05,2.031563926940639,4.0,anomaly_detection,None,isolation_forest,residual,roc_auc,0.5579621204191907,1.0,-0.4420378795808093,0.4420378795808093,SUCCESS
E5_DT5_PD05_SEED42,5,0.05,2.031563926940639,4.0,anomaly_detection,None,isolation_forest,residual,detection_latency,0.0,0.0,0.0,0.0,SUCCESS
E5_DT5_PD05_SEED42,5,0.05,2.031563926940639,4.0,anomaly_detection,None,isolation_forest,residual,threshold,0.29376565419608197,0.29376565419608197,0.0,0.0,SUCCESS
E5_DT5_PD05_SEED42,5,0.05,2.031563926940639,4.0,anomaly_detection,None,lstm_autoencoder,raw,precision,0.49825783972125437,0.49825783972125437,0.0,0.0,SUCCESS
E5_DT5_PD05_SEED42,5,0.05,2.031563926940639,4.0,anomaly_detection,None,lstm_autoencoder,raw,recall,0.5860655737704918,0.5860655737704918,0.0,0.0,SUCCESS
E5_DT5_PD05_SEED42,5,0.05,2.031563926940639,4.0,anomaly_detection,None,lstm_autoencoder,raw,f1,0.5386064030131827,0.5386064030131827,0.0,0.0,SUCCESS
E5_DT5_PD05_SEED42,5,0.05,2.031563926940639,4.0,anomaly_detection,None,lstm_autoencoder,raw,false_positive_rate,0.028731045490822026,0.028731045490822026,0.0,0.0,SUCCESS
E5_DT5_PD05_SEED42,5,0.05,2.031563926940639,4.0,anomaly_detection,None,lstm_autoencoder,raw,pr_auc,0.561001698584242,0.561001698584242,0.0,0.0,SUCCESS
E5_DT5_PD05_SEED42,5,0.05,2.031563926940639,4.0,anomaly_detection,None,lstm_autoencoder,raw,roc_auc,0.9493396177043946,0.9493396177043946,0.0,0.0,SUCCESS
E5_DT5_PD05_SEED42,5,0.05,2.031563926940639,4.0,anomaly_detection,None,lstm_autoencoder,raw,detection_latency,1.3442622950819672,1.3442622950819672,0.0,0.0,SUCCESS
E5_DT5_PD05_SEED42,5,0.05,2.031563926940639,4.0,anomaly_detection,None,lstm_autoencoder,raw,threshold,0.0007370078528765589,0.0007370078528765589,0.0,0.0,SUCCESS
E5_DT5_PD05_SEED42,5,0.05,2.031563926940639,4.0,anomaly_detection,None,lstm_autoencoder,residual,precision,0.057102738123098525,0.9568627450980393,-0.8997600069749407,0.9403229581090569,SUCCESS
E5_DT5_PD05_SEED42,5,0.05,2.031563926940639,4.0,anomaly_detection,None,lstm_autoencoder,residual,recall,1.0,1.0,0.0,0.0,SUCCESS
E5_DT5_PD05_SEED42,5,0.05,2.031563926940639,4.0,anomaly_detection,None,lstm_autoencoder,residual,f1,0.1080363072835953,0.9779559118236473,-0.869919604540052,0.8895284480850122,SUCCESS
E5_DT5_PD05_SEED42,5,0.05,2.031563926940639,4.0,anomaly_detection,None,lstm_autoencoder,residual,false_positive_rate,0.8038707102952913,0.002194732641660016,0.8016759776536313,365.2727272727273,SUCCESS
E5_DT5_PD05_SEED42,5,0.05,2.031563926940639,4.0,anomaly_detection,None,lstm_autoencoder,residual,pr_auc,0.12149359793591707,1.0,-0.8785064020640829,0.8785064020640829,SUCCESS
E5_DT5_PD05_SEED42,5,0.05,2.031563926940639,4.0,anomaly_detection,None,lstm_autoencoder,residual,roc_auc,0.6862946960082686,1.0,-0.31370530399173135,0.31370530399173135,SUCCESS
E5_DT5_PD05_SEED42,5,0.05,2.031563926940639,4.0,anomaly_detection,None,lstm_autoencoder,residual,detection_latency,0.0,0.0,0.0,0.0,SUCCESS
E5_DT5_PD05_SEED42,5,0.05,2.031563926940639,4.0,anomaly_detection,None,lstm_autoencoder,residual,threshold,0.0003816792741417885,0.0003816792741417885,0.0,0.0,SUCCESS
E5_DT5_PD10_SEED42,5,0.1,2.066923515981735,4.0,load_estimation,persistence,None,raw,mae,0.8846708421610987,0.4591450760399007,0.425525766121198,0.9267784591992857,SUCCESS
E5_DT5_PD10_SEED42,5,0.1,2.066923515981735,4.0,load_estimation,persistence,None,raw,rmse,1.1736116065792987,0.630307824152761,0.5433037824265378,0.8619657913287508,SUCCESS
E5_DT5_PD10_SEED42,5,0.1,2.066923515981735,4.0,load_estimation,persistence,None,raw,mape,25.865999021124107,14.73210135971861,11.133897661405497,0.7557576064368158,SUCCESS
E5_DT5_PD10_SEED42,5,0.1,2.066923515981735,4.0,load_estimation,persistence,None,raw,r2,0.7456748112119702,0.9266422537549911,-0.18096744254302088,-0.19529375204907243,SUCCESS
E5_DT5_PD10_SEED42,5,0.1,2.066923515981735,4.0,load_estimation,xgboost,None,raw,mae,0.5374560883010722,0.27343393351933726,0.2640221547817349,0.9655793316635415,SUCCESS
E5_DT5_PD10_SEED42,5,0.1,2.066923515981735,4.0,load_estimation,xgboost,None,raw,rmse,0.7444906636659943,0.4129930382953352,0.3314976253706591,0.8026712187182246,SUCCESS
E5_DT5_PD10_SEED42,5,0.1,2.066923515981735,4.0,load_estimation,xgboost,None,raw,mape,16.01590534531115,9.063484965162122,6.952420380149029,0.7670802574145019,SUCCESS
E5_DT5_PD10_SEED42,5,0.1,2.066923515981735,4.0,load_estimation,xgboost,None,raw,r2,0.8976567756373924,0.9685061288962542,-0.07084935325886177,-0.07315323170913161,SUCCESS
E5_DT5_PD10_SEED42,5,0.1,2.066923515981735,4.0,load_estimation,lstm,None,raw,mae,0.5676898708221404,0.27593014335030924,0.29175972747183115,1.0573680857383723,SUCCESS
E5_DT5_PD10_SEED42,5,0.1,2.066923515981735,4.0,load_estimation,lstm,None,raw,rmse,0.7528471326412112,0.4230368621902369,0.3298102704509743,0.7796253705726968,SUCCESS
E5_DT5_PD10_SEED42,5,0.1,2.066923515981735,4.0,load_estimation,lstm,None,raw,mape,15.824929166731552,8.95040488214452,6.874524284587032,0.768068525961464,SUCCESS
E5_DT5_PD10_SEED42,5,0.1,2.066923515981735,4.0,load_estimation,lstm,None,raw,r2,0.8956314817708197,0.9670456810550092,-0.07141419928418946,-0.07384780334914412,SUCCESS
E5_DT5_PD10_SEED42,5,0.1,2.066923515981735,4.0,anomaly_detection,None,isolation_forest,raw,precision,0.11646586345381527,0.11646586345381527,0.0,0.0,SUCCESS
E5_DT5_PD10_SEED42,5,0.1,2.066923515981735,4.0,anomaly_detection,None,isolation_forest,raw,recall,0.11885245901639344,0.11885245901639344,0.0,0.0,SUCCESS
E5_DT5_PD10_SEED42,5,0.1,2.066923515981735,4.0,anomaly_detection,None,isolation_forest,raw,f1,0.11764705882352941,0.11764705882352941,0.0,0.0,SUCCESS
E5_DT5_PD10_SEED42,5,0.1,2.066923515981735,4.0,anomaly_detection,None,isolation_forest,raw,false_positive_rate,0.04389465283320032,0.04389465283320032,0.0,0.0,SUCCESS
E5_DT5_PD10_SEED42,5,0.1,2.066923515981735,4.0,anomaly_detection,None,isolation_forest,raw,pr_auc,0.09385708598261007,0.09385708598261007,0.0,0.0,SUCCESS
E5_DT5_PD10_SEED42,5,0.1,2.066923515981735,4.0,anomaly_detection,None,isolation_forest,raw,roc_auc,0.7138596875695052,0.7138596875695052,0.0,0.0,SUCCESS
E5_DT5_PD10_SEED42,5,0.1,2.066923515981735,4.0,anomaly_detection,None,isolation_forest,raw,detection_latency,3.2459016393442623,3.2459016393442623,0.0,0.0,SUCCESS
E5_DT5_PD10_SEED42,5,0.1,2.066923515981735,4.0,anomaly_detection,None,isolation_forest,raw,threshold,0.5031683371451802,0.5031683371451802,0.0,0.0,SUCCESS
E5_DT5_PD10_SEED42,5,0.1,2.066923515981735,4.0,anomaly_detection,None,isolation_forest,residual,precision,0.04642313546423135,0.04642313546423135,0.0,0.0,SUCCESS
E5_DT5_PD10_SEED42,5,0.1,2.066923515981735,4.0,anomaly_detection,None,isolation_forest,residual,recall,1.0,1.0,0.0,0.0,SUCCESS
E5_DT5_PD10_SEED42,5,0.1,2.066923515981735,4.0,anomaly_detection,None,isolation_forest,residual,f1,0.08872727272727272,0.08872727272727272,0.0,0.0,SUCCESS
E5_DT5_PD10_SEED42,5,0.1,2.066923515981735,4.0,anomaly_detection,None,isolation_forest,residual,false_positive_rate,1.0,1.0,0.0,0.0,SUCCESS
E5_DT5_PD10_SEED42,5,0.1,2.066923515981735,4.0,anomaly_detection,None,isolation_forest,residual,pr_auc,0.05304211415078953,1.0,-0.9469578858492105,0.9469578858492105,SUCCESS
E5_DT5_PD10_SEED42,5,0.1,2.066923515981735,4.0,anomaly_detection,None,isolation_forest,residual,roc_auc,0.5716738843169835,1.0,-0.4283261156830165,0.4283261156830165,SUCCESS
E5_DT5_PD10_SEED42,5,0.1,2.066923515981735,4.0,anomaly_detection,None,isolation_forest,residual,detection_latency,0.0,0.0,0.0,0.0,SUCCESS
E5_DT5_PD10_SEED42,5,0.1,2.066923515981735,4.0,anomaly_detection,None,isolation_forest,residual,threshold,0.29376565419608197,0.29376565419608197,0.0,0.0,SUCCESS
E5_DT5_PD10_SEED42,5,0.1,2.066923515981735,4.0,anomaly_detection,None,lstm_autoencoder,raw,precision,0.49825783972125437,0.49825783972125437,0.0,0.0,SUCCESS
E5_DT5_PD10_SEED42,5,0.1,2.066923515981735,4.0,anomaly_detection,None,lstm_autoencoder,raw,recall,0.5860655737704918,0.5860655737704918,0.0,0.0,SUCCESS
E5_DT5_PD10_SEED42,5,0.1,2.066923515981735,4.0,anomaly_detection,None,lstm_autoencoder,raw,f1,0.5386064030131827,0.5386064030131827,0.0,0.0,SUCCESS
E5_DT5_PD10_SEED42,5,0.1,2.066923515981735,4.0,anomaly_detection,None,lstm_autoencoder,raw,false_positive_rate,0.028731045490822026,0.028731045490822026,0.0,0.0,SUCCESS
E5_DT5_PD10_SEED42,5,0.1,2.066923515981735,4.0,anomaly_detection,None,lstm_autoencoder,raw,pr_auc,0.561001698584242,0.561001698584242,0.0,0.0,SUCCESS
E5_DT5_PD10_SEED42,5,0.1,2.066923515981735,4.0,anomaly_detection,None,lstm_autoencoder,raw,roc_auc,0.9493396177043946,0.9493396177043946,0.0,0.0,SUCCESS
E5_DT5_PD10_SEED42,5,0.1,2.066923515981735,4.0,anomaly_detection,None,lstm_autoencoder,raw,detection_latency,1.3442622950819672,1.3442622950819672,0.0,0.0,SUCCESS
E5_DT5_PD10_SEED42,5,0.1,2.066923515981735,4.0,anomaly_detection,None,lstm_autoencoder,raw,threshold,0.0007370078528765589,0.0007370078528765589,0.0,0.0,SUCCESS
E5_DT5_PD10_SEED42,5,0.1,2.066923515981735,4.0,anomaly_detection,None,lstm_autoencoder,residual,precision,0.057049333645078325,0.9568627450980393,-0.8998134114529609,0.9403787701660041,SUCCESS
E5_DT5_PD10_SEED42,5,0.1,2.066923515981735,4.0,anomaly_detection,None,lstm_autoencoder,residual,recall,1.0,1.0,0.0,0.0,SUCCESS
E5_DT5_PD10_SEED42,5,0.1,2.066923515981735,4.0,anomaly_detection,None,lstm_autoencoder,residual,f1,0.1079407210794072,0.9779559118236473,-0.87001519074424,0.8896261888962619,SUCCESS
E5_DT5_PD10_SEED42,5,0.1,2.066923515981735,4.0,anomaly_detection,None,lstm_autoencoder,residual,false_positive_rate,0.8046687948922586,0.002194732641660016,0.8024740622505986,365.6363636363636,SUCCESS
E5_DT5_PD10_SEED42,5,0.1,2.066923515981735,4.0,anomaly_detection,None,lstm_autoencoder,residual,pr_auc,0.12460091111197198,1.0,-0.875399088888028,0.875399088888028,SUCCESS
E5_DT5_PD10_SEED42,5,0.1,2.066923515981735,4.0,anomaly_detection,None,lstm_autoencoder,residual,roc_auc,0.708000798084597,1.0,-0.29199920191540296,0.29199920191540296,SUCCESS
E5_DT5_PD10_SEED42,5,0.1,2.066923515981735,4.0,anomaly_detection,None,lstm_autoencoder,residual,detection_latency,0.0,0.0,0.0,0.0,SUCCESS
E5_DT5_PD10_SEED42,5,0.1,2.066923515981735,4.0,anomaly_detection,None,lstm_autoencoder,residual,threshold,0.0003816792741417885,0.0003816792741417885,0.0,0.0,SUCCESS
E5_DT5_PD20_SEED42,5,0.2,2.1592465753424657,4.0,load_estimation,persistence,None,raw,mae,0.8878078404672252,0.4591450760399007,0.4286627644273245,0.9336107186959635,SUCCESS
E5_DT5_PD20_SEED42,5,0.2,2.1592465753424657,4.0,load_estimation,persistence,None,raw,rmse,1.169478980688909,0.630307824152761,0.539171156536148,0.8554092712729436,SUCCESS
E5_DT5_PD20_SEED42,5,0.2,2.1592465753424657,4.0,load_estimation,persistence,None,raw,mape,25.93840522970121,14.73210135971861,11.2063038699826,0.7606724659540793,SUCCESS
E5_DT5_PD20_SEED42,5,0.2,2.1592465753424657,4.0,load_estimation,persistence,None,raw,r2,0.7474627628001574,0.9266422537549911,-0.17917949095483365,-0.19336425705686588,SUCCESS
E5_DT5_PD20_SEED42,5,0.2,2.1592465753424657,4.0,load_estimation,xgboost,None,raw,mae,0.5441606854013475,0.27343393351933726,0.2707267518820103,0.9900993208762235,SUCCESS
E5_DT5_PD20_SEED42,5,0.2,2.1592465753424657,4.0,load_estimation,xgboost,None,raw,rmse,0.7482949819219133,0.4129930382953352,0.33530194362657817,0.8118827983410234,SUCCESS
E5_DT5_PD20_SEED42,5,0.2,2.1592465753424657,4.0,load_estimation,xgboost,None,raw,mape,15.89010122826152,9.063484965162122,6.826616263099398,0.7531999324034061,SUCCESS
E5_DT5_PD20_SEED42,5,0.2,2.1592465753424657,4.0,load_estimation,xgboost,None,raw,r2,0.8966081635115379,0.9685061288962542,-0.07189796538471627,-0.07423594259197294,SUCCESS
E5_DT5_PD20_SEED42,5,0.2,2.1592465753424657,4.0,load_estimation,lstm,None,raw,mae,0.5767100687899919,0.27593014335030924,0.3007799254396826,1.0900582364349558,SUCCESS
E5_DT5_PD20_SEED42,5,0.2,2.1592465753424657,4.0,load_estimation,lstm,None,raw,rmse,0.7604986151776895,0.4230368621902369,0.33746175298745257,0.797712405581569,SUCCESS
E5_DT5_PD20_SEED42,5,0.2,2.1592465753424657,4.0,load_estimation,lstm,None,raw,mape,16.063561543394936,8.95040488214452,7.113156661250416,0.7947301552179729,SUCCESS
E5_DT5_PD20_SEED42,5,0.2,2.1592465753424657,4.0,load_estimation,lstm,None,raw,r2,0.8934992241832657,0.9670456810550092,-0.07354645687174355,-0.07605272254719883,SUCCESS
E5_DT5_PD20_SEED42,5,0.2,2.1592465753424657,4.0,anomaly_detection,None,isolation_forest,raw,precision,0.11646586345381527,0.11646586345381527,0.0,0.0,SUCCESS
E5_DT5_PD20_SEED42,5,0.2,2.1592465753424657,4.0,anomaly_detection,None,isolation_forest,raw,recall,0.11885245901639344,0.11885245901639344,0.0,0.0,SUCCESS
E5_DT5_PD20_SEED42,5,0.2,2.1592465753424657,4.0,anomaly_detection,None,isolation_forest,raw,f1,0.11764705882352941,0.11764705882352941,0.0,0.0,SUCCESS
E5_DT5_PD20_SEED42,5,0.2,2.1592465753424657,4.0,anomaly_detection,None,isolation_forest,raw,false_positive_rate,0.04389465283320032,0.04389465283320032,0.0,0.0,SUCCESS
E5_DT5_PD20_SEED42,5,0.2,2.1592465753424657,4.0,anomaly_detection,None,isolation_forest,raw,pr_auc,0.09385708598261007,0.09385708598261007,0.0,0.0,SUCCESS
E5_DT5_PD20_SEED42,5,0.2,2.1592465753424657,4.0,anomaly_detection,None,isolation_forest,raw,roc_auc,0.7138596875695052,0.7138596875695052,0.0,0.0,SUCCESS
E5_DT5_PD20_SEED42,5,0.2,2.1592465753424657,4.0,anomaly_detection,None,isolation_forest,raw,detection_latency,3.2459016393442623,3.2459016393442623,0.0,0.0,SUCCESS
E5_DT5_PD20_SEED42,5,0.2,2.1592465753424657,4.0,anomaly_detection,None,isolation_forest,raw,threshold,0.5031683371451802,0.5031683371451802,0.0,0.0,SUCCESS
E5_DT5_PD20_SEED42,5,0.2,2.1592465753424657,4.0,anomaly_detection,None,isolation_forest,residual,precision,0.04642313546423135,0.04642313546423135,0.0,0.0,SUCCESS
E5_DT5_PD20_SEED42,5,0.2,2.1592465753424657,4.0,anomaly_detection,None,isolation_forest,residual,recall,1.0,1.0,0.0,0.0,SUCCESS
E5_DT5_PD20_SEED42,5,0.2,2.1592465753424657,4.0,anomaly_detection,None,isolation_forest,residual,f1,0.08872727272727272,0.08872727272727272,0.0,0.0,SUCCESS
E5_DT5_PD20_SEED42,5,0.2,2.1592465753424657,4.0,anomaly_detection,None,isolation_forest,residual,false_positive_rate,1.0,1.0,0.0,0.0,SUCCESS
E5_DT5_PD20_SEED42,5,0.2,2.1592465753424657,4.0,anomaly_detection,None,isolation_forest,residual,pr_auc,0.0595013816273544,1.0,-0.9404986183726456,0.9404986183726456,SUCCESS
E5_DT5_PD20_SEED42,5,0.2,2.1592465753424657,4.0,anomaly_detection,None,isolation_forest,residual,roc_auc,0.5940419223372104,1.0,-0.4059580776627896,0.4059580776627896,SUCCESS
E5_DT5_PD20_SEED42,5,0.2,2.1592465753424657,4.0,anomaly_detection,None,isolation_forest,residual,detection_latency,0.0,0.0,0.0,0.0,SUCCESS
E5_DT5_PD20_SEED42,5,0.2,2.1592465753424657,4.0,anomaly_detection,None,isolation_forest,residual,threshold,0.29376565419608197,0.29376565419608197,0.0,0.0,SUCCESS
E5_DT5_PD20_SEED42,5,0.2,2.1592465753424657,4.0,anomaly_detection,None,lstm_autoencoder,raw,precision,0.49825783972125437,0.49825783972125437,0.0,0.0,SUCCESS
E5_DT5_PD20_SEED42,5,0.2,2.1592465753424657,4.0,anomaly_detection,None,lstm_autoencoder,raw,recall,0.5860655737704918,0.5860655737704918,0.0,0.0,SUCCESS
E5_DT5_PD20_SEED42,5,0.2,2.1592465753424657,4.0,anomaly_detection,None,lstm_autoencoder,raw,f1,0.5386064030131827,0.5386064030131827,0.0,0.0,SUCCESS
E5_DT5_PD20_SEED42,5,0.2,2.1592465753424657,4.0,anomaly_detection,None,lstm_autoencoder,raw,false_positive_rate,0.028731045490822026,0.028731045490822026,0.0,0.0,SUCCESS
E5_DT5_PD20_SEED42,5,0.2,2.1592465753424657,4.0,anomaly_detection,None,lstm_autoencoder,raw,pr_auc,0.561001698584242,0.561001698584242,0.0,0.0,SUCCESS
E5_DT5_PD20_SEED42,5,0.2,2.1592465753424657,4.0,anomaly_detection,None,lstm_autoencoder,raw,roc_auc,0.9493396177043946,0.9493396177043946,0.0,0.0,SUCCESS
E5_DT5_PD20_SEED42,5,0.2,2.1592465753424657,4.0,anomaly_detection,None,lstm_autoencoder,raw,detection_latency,1.3442622950819672,1.3442622950819672,0.0,0.0,SUCCESS
E5_DT5_PD20_SEED42,5,0.2,2.1592465753424657,4.0,anomaly_detection,None,lstm_autoencoder,raw,threshold,0.0007370078528765589,0.0007370078528765589,0.0,0.0,SUCCESS
E5_DT5_PD20_SEED42,5,0.2,2.1592465753424657,4.0,anomaly_detection,None,lstm_autoencoder,residual,precision,0.05674418604651163,0.9568627450980393,-0.9001185590515276,0.9406976744186046,SUCCESS
E5_DT5_PD20_SEED42,5,0.2,2.1592465753424657,4.0,anomaly_detection,None,lstm_autoencoder,residual,recall,1.0,1.0,0.0,0.0,SUCCESS
E5_DT5_PD20_SEED42,5,0.2,2.1592465753424657,4.0,anomaly_detection,None,lstm_autoencoder,residual,f1,0.1073943661971831,0.9779559118236473,-0.8705615456264642,0.8901848591549295,SUCCESS
E5_DT5_PD20_SEED42,5,0.2,2.1592465753424657,4.0,anomaly_detection,None,lstm_autoencoder,residual,false_positive_rate,0.8092577813248204,0.002194732641660016,0.8070630486831604,367.7272727272727,SUCCESS
E5_DT5_PD20_SEED42,5,0.2,2.1592465753424657,4.0,anomaly_detection,None,lstm_autoencoder,residual,pr_auc,0.1355931142415363,1.0,-0.8644068857584637,0.8644068857584637,SUCCESS
E5_DT5_PD20_SEED42,5,0.2,2.1592465753424657,4.0,anomaly_detection,None,lstm_autoencoder,residual,roc_auc,0.7048199076315205,1.0,-0.29518009236847953,0.29518009236847953,SUCCESS
E5_DT5_PD20_SEED42,5,0.2,2.1592465753424657,4.0,anomaly_detection,None,lstm_autoencoder,residual,detection_latency,0.0,0.0,0.0,0.0,SUCCESS
E5_DT5_PD20_SEED42,5,0.2,2.1592465753424657,4.0,anomaly_detection,None,lstm_autoencoder,residual,threshold,0.0003816792741417885,0.0003816792741417885,0.0,0.0,SUCCESS
E5_DT15_PD00_SEED42,15,0.0,7.0,14.0,load_estimation,persistence,None,raw,mae,1.808912428138463,0.4591450760399007,1.3497673520985622,2.9397404492284367,SUCCESS
E5_DT15_PD00_SEED42,15,0.0,7.0,14.0,load_estimation,persistence,None,raw,rmse,2.404988594457981,0.630307824152761,1.77468077030522,2.8155778848068205,SUCCESS
E5_DT15_PD00_SEED42,15,0.0,7.0,14.0,load_estimation,persistence,None,raw,mape,56.343534744688164,14.73210135971861,41.61143338496955,2.8245416162249612,SUCCESS
E5_DT15_PD00_SEED42,15,0.0,7.0,14.0,load_estimation,persistence,None,raw,r2,-0.06798862229579106,0.9266422537549911,-0.9946308760507822,-1.0733709498140018,SUCCESS
E5_DT15_PD00_SEED42,15,0.0,7.0,14.0,load_estimation,xgboost,None,raw,mae,1.3660655081997906,0.27343393351933726,1.0926315746804534,3.995961878678757,SUCCESS
E5_DT15_PD00_SEED42,15,0.0,7.0,14.0,load_estimation,xgboost,None,raw,rmse,1.8243878133864937,0.4129930382953352,1.4113947750911584,3.417478369409842,SUCCESS
E5_DT15_PD00_SEED42,15,0.0,7.0,14.0,load_estimation,xgboost,None,raw,mape,42.583459239015305,9.063484965162122,33.51997427385318,3.69835382335779,SUCCESS
E5_DT15_PD00_SEED42,15,0.0,7.0,14.0,load_estimation,xgboost,None,raw,r2,0.38542497294479083,0.9685061288962542,-0.5830811559514634,-0.6020417822404123,SUCCESS
E5_DT15_PD00_SEED42,15,0.0,7.0,14.0,load_estimation,lstm,None,raw,mae,1.45685557995156,0.27593014335030924,1.1809254366012507,4.2797985833030125,SUCCESS
E5_DT15_PD00_SEED42,15,0.0,7.0,14.0,load_estimation,lstm,None,raw,rmse,1.8882361858922336,0.4230368621902369,1.4651993237019967,3.4635263606014224,SUCCESS
E5_DT15_PD00_SEED42,15,0.0,7.0,14.0,load_estimation,lstm,None,raw,mape,41.78158731932534,8.95040488214452,32.83118243718082,3.668122601098964,SUCCESS
E5_DT15_PD00_SEED42,15,0.0,7.0,14.0,load_estimation,lstm,None,raw,r2,0.343448876876833,0.9670456810550092,-0.6235968041781762,-0.6448473080380819,SUCCESS
E5_DT15_PD00_SEED42,15,0.0,7.0,14.0,anomaly_detection,None,isolation_forest,raw,precision,0.11646586345381527,0.11646586345381527,0.0,0.0,SUCCESS
E5_DT15_PD00_SEED42,15,0.0,7.0,14.0,anomaly_detection,None,isolation_forest,raw,recall,0.11885245901639344,0.11885245901639344,0.0,0.0,SUCCESS
E5_DT15_PD00_SEED42,15,0.0,7.0,14.0,anomaly_detection,None,isolation_forest,raw,f1,0.11764705882352941,0.11764705882352941,0.0,0.0,SUCCESS
E5_DT15_PD00_SEED42,15,0.0,7.0,14.0,anomaly_detection,None,isolation_forest,raw,false_positive_rate,0.04389465283320032,0.04389465283320032,0.0,0.0,SUCCESS
E5_DT15_PD00_SEED42,15,0.0,7.0,14.0,anomaly_detection,None,isolation_forest,raw,pr_auc,0.09385708598261007,0.09385708598261007,0.0,0.0,SUCCESS
E5_DT15_PD00_SEED42,15,0.0,7.0,14.0,anomaly_detection,None,isolation_forest,raw,roc_auc,0.7138596875695052,0.7138596875695052,0.0,0.0,SUCCESS
E5_DT15_PD00_SEED42,15,0.0,7.0,14.0,anomaly_detection,None,isolation_forest,raw,detection_latency,3.2459016393442623,3.2459016393442623,0.0,0.0,SUCCESS
E5_DT15_PD00_SEED42,15,0.0,7.0,14.0,anomaly_detection,None,isolation_forest,raw,threshold,0.5031683371451802,0.5031683371451802,0.0,0.0,SUCCESS
E5_DT15_PD00_SEED42,15,0.0,7.0,14.0,anomaly_detection,None,isolation_forest,residual,precision,0.04642313546423135,0.04642313546423135,0.0,0.0,SUCCESS
E5_DT15_PD00_SEED42,15,0.0,7.0,14.0,anomaly_detection,None,isolation_forest,residual,recall,1.0,1.0,0.0,0.0,SUCCESS
E5_DT15_PD00_SEED42,15,0.0,7.0,14.0,anomaly_detection,None,isolation_forest,residual,f1,0.08872727272727272,0.08872727272727272,0.0,0.0,SUCCESS
E5_DT15_PD00_SEED42,15,0.0,7.0,14.0,anomaly_detection,None,isolation_forest,residual,false_positive_rate,1.0,1.0,0.0,0.0,SUCCESS
E5_DT15_PD00_SEED42,15,0.0,7.0,14.0,anomaly_detection,None,isolation_forest,residual,pr_auc,0.04759435225129208,1.0,-0.952405647748708,0.952405647748708,SUCCESS
E5_DT15_PD00_SEED42,15,0.0,7.0,14.0,anomaly_detection,None,isolation_forest,residual,roc_auc,0.5363386070152945,1.0,-0.46366139298470554,0.46366139298470554,SUCCESS
E5_DT15_PD00_SEED42,15,0.0,7.0,14.0,anomaly_detection,None,isolation_forest,residual,detection_latency,0.0,0.0,0.0,0.0,SUCCESS
E5_DT15_PD00_SEED42,15,0.0,7.0,14.0,anomaly_detection,None,isolation_forest,residual,threshold,0.29376565419608197,0.29376565419608197,0.0,0.0,SUCCESS
E5_DT15_PD00_SEED42,15,0.0,7.0,14.0,anomaly_detection,None,lstm_autoencoder,raw,precision,0.49825783972125437,0.49825783972125437,0.0,0.0,SUCCESS
E5_DT15_PD00_SEED42,15,0.0,7.0,14.0,anomaly_detection,None,lstm_autoencoder,raw,recall,0.5860655737704918,0.5860655737704918,0.0,0.0,SUCCESS
E5_DT15_PD00_SEED42,15,0.0,7.0,14.0,anomaly_detection,None,lstm_autoencoder,raw,f1,0.5386064030131827,0.5386064030131827,0.0,0.0,SUCCESS
E5_DT15_PD00_SEED42,15,0.0,7.0,14.0,anomaly_detection,None,lstm_autoencoder,raw,false_positive_rate,0.028731045490822026,0.028731045490822026,0.0,0.0,SUCCESS
E5_DT15_PD00_SEED42,15,0.0,7.0,14.0,anomaly_detection,None,lstm_autoencoder,raw,pr_auc,0.561001698584242,0.561001698584242,0.0,0.0,SUCCESS
E5_DT15_PD00_SEED42,15,0.0,7.0,14.0,anomaly_detection,None,lstm_autoencoder,raw,roc_auc,0.9493396177043946,0.9493396177043946,0.0,0.0,SUCCESS
E5_DT15_PD00_SEED42,15,0.0,7.0,14.0,anomaly_detection,None,lstm_autoencoder,raw,detection_latency,1.3442622950819672,1.3442622950819672,0.0,0.0,SUCCESS
E5_DT15_PD00_SEED42,15,0.0,7.0,14.0,anomaly_detection,None,lstm_autoencoder,raw,threshold,0.0007370078528765589,0.0007370078528765589,0.0,0.0,SUCCESS
E5_DT15_PD00_SEED42,15,0.0,7.0,14.0,anomaly_detection,None,lstm_autoencoder,residual,precision,0.04953308972797402,0.9568627450980393,-0.9073296553700653,0.9482338611449452,SUCCESS
E5_DT15_PD00_SEED42,15,0.0,7.0,14.0,anomaly_detection,None,lstm_autoencoder,residual,recall,1.0,1.0,0.0,0.0,SUCCESS
E5_DT15_PD00_SEED42,15,0.0,7.0,14.0,anomaly_detection,None,lstm_autoencoder,residual,f1,0.09439071566731141,0.9779559118236473,-0.8835651961563359,0.9034816247582206,SUCCESS
E5_DT15_PD00_SEED42,15,0.0,7.0,14.0,anomaly_detection,None,lstm_autoencoder,residual,false_positive_rate,0.9341580207501995,0.002194732641660016,0.9319632881085395,424.6363636363636,SUCCESS
E5_DT15_PD00_SEED42,15,0.0,7.0,14.0,anomaly_detection,None,lstm_autoencoder,residual,pr_auc,0.109684227824831,1.0,-0.890315772175169,0.890315772175169,SUCCESS
E5_DT15_PD00_SEED42,15,0.0,7.0,14.0,anomaly_detection,None,lstm_autoencoder,residual,roc_auc,0.6298899035756806,1.0,-0.37011009642431936,0.37011009642431936,SUCCESS
E5_DT15_PD00_SEED42,15,0.0,7.0,14.0,anomaly_detection,None,lstm_autoencoder,residual,detection_latency,0.0,0.0,0.0,0.0,SUCCESS
E5_DT15_PD00_SEED42,15,0.0,7.0,14.0,anomaly_detection,None,lstm_autoencoder,residual,threshold,0.0003816792741417885,0.0003816792741417885,0.0,0.0,SUCCESS
E5_DT15_PD05_SEED42,15,0.05,7.026369863013699,14.0,load_estimation,persistence,None,raw,mae,1.8785337879233164,0.4591450760399007,1.4193887118834156,3.091373045150696,SUCCESS
E5_DT15_PD05_SEED42,15,0.05,7.026369863013699,14.0,load_estimation,persistence,None,raw,rmse,2.4793908671342044,0.630307824152761,1.8490830429814435,2.9336190542564182,SUCCESS
E5_DT15_PD05_SEED42,15,0.05,7.026369863013699,14.0,load_estimation,persistence,None,raw,mape,58.87377257436558,14.73210135971861,44.14167121464697,2.9962915769329252,SUCCESS
E5_DT15_PD05_SEED42,15,0.05,7.026369863013699,14.0,load_estimation,persistence,None,raw,r2,-0.13509073310394348,0.9266422537549911,-1.0617329868589347,-1.1457852073510801,SUCCESS
E5_DT15_PD05_SEED42,15,0.05,7.026369863013699,14.0,load_estimation,xgboost,None,raw,mae,1.413205629160778,0.27343393351933726,1.1397716956414408,4.168362283976857,SUCCESS
E5_DT15_PD05_SEED42,15,0.05,7.026369863013699,14.0,load_estimation,xgboost,None,raw,rmse,1.8724938127907373,0.4129930382953352,1.4595007744954023,3.5339597503135143,SUCCESS
E5_DT15_PD05_SEED42,15,0.05,7.026369863013699,14.0,load_estimation,xgboost,None,raw,mape,44.246521488683484,9.063484965162122,35.183036523521366,3.881844197762404,SUCCESS
E5_DT15_PD05_SEED42,15,0.05,7.026369863013699,14.0,load_estimation,xgboost,None,raw,r2,0.35258707338938167,0.9685061288962542,-0.6159190555068725,-0.6359475042339658,SUCCESS
E5_DT15_PD05_SEED42,15,0.05,7.026369863013699,14.0,load_estimation,lstm,None,raw,mae,1.5088446673120433,0.27593014335030924,1.232914523961734,4.468212530142015,SUCCESS
E5_DT15_PD05_SEED42,15,0.05,7.026369863013699,14.0,load_estimation,lstm,None,raw,rmse,1.9501579275522225,0.4230368621902369,1.5271210653619856,3.6099007009825286,SUCCESS
E5_DT15_PD05_SEED42,15,0.05,7.026369863013699,14.0,load_estimation,lstm,None,raw,mape,43.29800891131623,8.95040488214452,34.34760402917171,3.8375475167266417,SUCCESS
E5_DT15_PD05_SEED42,15,0.05,7.026369863013699,14.0,load_estimation,lstm,None,raw,r2,0.29968168892058333,0.9670456810550092,-0.6673639921344259,-0.6901059641839853,SUCCESS
E5_DT15_PD05_SEED42,15,0.05,7.026369863013699,14.0,anomaly_detection,None,isolation_forest,raw,precision,0.11646586345381527,0.11646586345381527,0.0,0.0,SUCCESS
E5_DT15_PD05_SEED42,15,0.05,7.026369863013699,14.0,anomaly_detection,None,isolation_forest,raw,recall,0.11885245901639344,0.11885245901639344,0.0,0.0,SUCCESS
E5_DT15_PD05_SEED42,15,0.05,7.026369863013699,14.0,anomaly_detection,None,isolation_forest,raw,f1,0.11764705882352941,0.11764705882352941,0.0,0.0,SUCCESS
E5_DT15_PD05_SEED42,15,0.05,7.026369863013699,14.0,anomaly_detection,None,isolation_forest,raw,false_positive_rate,0.04389465283320032,0.04389465283320032,0.0,0.0,SUCCESS
E5_DT15_PD05_SEED42,15,0.05,7.026369863013699,14.0,anomaly_detection,None,isolation_forest,raw,pr_auc,0.09385708598261007,0.09385708598261007,0.0,0.0,SUCCESS
E5_DT15_PD05_SEED42,15,0.05,7.026369863013699,14.0,anomaly_detection,None,isolation_forest,raw,roc_auc,0.7138596875695052,0.7138596875695052,0.0,0.0,SUCCESS
E5_DT15_PD05_SEED42,15,0.05,7.026369863013699,14.0,anomaly_detection,None,isolation_forest,raw,detection_latency,3.2459016393442623,3.2459016393442623,0.0,0.0,SUCCESS
E5_DT15_PD05_SEED42,15,0.05,7.026369863013699,14.0,anomaly_detection,None,isolation_forest,raw,threshold,0.5031683371451802,0.5031683371451802,0.0,0.0,SUCCESS
E5_DT15_PD05_SEED42,15,0.05,7.026369863013699,14.0,anomaly_detection,None,isolation_forest,residual,precision,0.04642313546423135,0.04642313546423135,0.0,0.0,SUCCESS
E5_DT15_PD05_SEED42,15,0.05,7.026369863013699,14.0,anomaly_detection,None,isolation_forest,residual,recall,1.0,1.0,0.0,0.0,SUCCESS
E5_DT15_PD05_SEED42,15,0.05,7.026369863013699,14.0,anomaly_detection,None,isolation_forest,residual,f1,0.08872727272727272,0.08872727272727272,0.0,0.0,SUCCESS
E5_DT15_PD05_SEED42,15,0.05,7.026369863013699,14.0,anomaly_detection,None,isolation_forest,residual,false_positive_rate,1.0,1.0,0.0,0.0,SUCCESS
E5_DT15_PD05_SEED42,15,0.05,7.026369863013699,14.0,anomaly_detection,None,isolation_forest,residual,pr_auc,0.05558739680463634,1.0,-0.9444126031953637,0.9444126031953637,SUCCESS
E5_DT15_PD05_SEED42,15,0.05,7.026369863013699,14.0,anomaly_detection,None,isolation_forest,residual,roc_auc,0.5763180661494381,1.0,-0.42368193385056185,0.42368193385056185,SUCCESS
E5_DT15_PD05_SEED42,15,0.05,7.026369863013699,14.0,anomaly_detection,None,isolation_forest,residual,detection_latency,0.0,0.0,0.0,0.0,SUCCESS
E5_DT15_PD05_SEED42,15,0.05,7.026369863013699,14.0,anomaly_detection,None,isolation_forest,residual,threshold,0.29376565419608197,0.29376565419608197,0.0,0.0,SUCCESS
E5_DT15_PD05_SEED42,15,0.05,7.026369863013699,14.0,anomaly_detection,None,lstm_autoencoder,raw,precision,0.49825783972125437,0.49825783972125437,0.0,0.0,SUCCESS
E5_DT15_PD05_SEED42,15,0.05,7.026369863013699,14.0,anomaly_detection,None,lstm_autoencoder,raw,recall,0.5860655737704918,0.5860655737704918,0.0,0.0,SUCCESS
E5_DT15_PD05_SEED42,15,0.05,7.026369863013699,14.0,anomaly_detection,None,lstm_autoencoder,raw,f1,0.5386064030131827,0.5386064030131827,0.0,0.0,SUCCESS
E5_DT15_PD05_SEED42,15,0.05,7.026369863013699,14.0,anomaly_detection,None,lstm_autoencoder,raw,false_positive_rate,0.028731045490822026,0.028731045490822026,0.0,0.0,SUCCESS
E5_DT15_PD05_SEED42,15,0.05,7.026369863013699,14.0,anomaly_detection,None,lstm_autoencoder,raw,pr_auc,0.561001698584242,0.561001698584242,0.0,0.0,SUCCESS
E5_DT15_PD05_SEED42,15,0.05,7.026369863013699,14.0,anomaly_detection,None,lstm_autoencoder,raw,roc_auc,0.9493396177043946,0.9493396177043946,0.0,0.0,SUCCESS
E5_DT15_PD05_SEED42,15,0.05,7.026369863013699,14.0,anomaly_detection,None,lstm_autoencoder,raw,detection_latency,1.3442622950819672,1.3442622950819672,0.0,0.0,SUCCESS
E5_DT15_PD05_SEED42,15,0.05,7.026369863013699,14.0,anomaly_detection,None,lstm_autoencoder,raw,threshold,0.0007370078528765589,0.0007370078528765589,0.0,0.0,SUCCESS
E5_DT15_PD05_SEED42,15,0.05,7.026369863013699,14.0,anomaly_detection,None,lstm_autoencoder,residual,precision,0.04955320877335499,0.9568627450980393,-0.9073095363246843,0.94821283509342,SUCCESS
E5_DT15_PD05_SEED42,15,0.05,7.026369863013699,14.0,anomaly_detection,None,lstm_autoencoder,residual,recall,1.0,1.0,0.0,0.0,SUCCESS
E5_DT15_PD05_SEED42,15,0.05,7.026369863013699,14.0,anomaly_detection,None,lstm_autoencoder,residual,f1,0.09442724458204334,0.9779559118236473,-0.883528667241604,0.9034442724458205,SUCCESS
E5_DT15_PD05_SEED42,15,0.05,7.026369863013699,14.0,anomaly_detection,None,lstm_autoencoder,residual,false_positive_rate,0.9337589784517158,0.002194732641660016,0.9315642458100558,424.45454545454544,SUCCESS
E5_DT15_PD05_SEED42,15,0.05,7.026369863013699,14.0,anomaly_detection,None,lstm_autoencoder,residual,pr_auc,0.1324868775500216,1.0,-0.8675131224499784,0.8675131224499784,SUCCESS
E5_DT15_PD05_SEED42,15,0.05,7.026369863013699,14.0,anomaly_detection,None,lstm_autoencoder,residual,roc_auc,0.6602841704499366,1.0,-0.3397158295500634,0.3397158295500634,SUCCESS
E5_DT15_PD05_SEED42,15,0.05,7.026369863013699,14.0,anomaly_detection,None,lstm_autoencoder,residual,detection_latency,0.0,0.0,0.0,0.0,SUCCESS
E5_DT15_PD05_SEED42,15,0.05,7.026369863013699,14.0,anomaly_detection,None,lstm_autoencoder,residual,threshold,0.0003816792741417885,0.0003816792741417885,0.0,0.0,SUCCESS
E5_DT15_PD10_SEED42,15,0.1,7.058533105022831,14.0,load_estimation,persistence,None,raw,mae,1.8349164540410223,0.4591450760399007,1.3757713780011216,2.9963761995817726,SUCCESS
E5_DT15_PD10_SEED42,15,0.1,7.058533105022831,14.0,load_estimation,persistence,None,raw,rmse,2.455644828803907,0.630307824152761,1.8253370046511463,2.8959453376684703,SUCCESS
E5_DT15_PD10_SEED42,15,0.1,7.058533105022831,14.0,load_estimation,persistence,None,raw,mape,56.48856492914949,14.73210135971861,41.75646356943088,2.8343861170819724,SUCCESS
E5_DT15_PD10_SEED42,15,0.1,7.058533105022831,14.0,load_estimation,persistence,None,raw,r2,-0.1134524874636409,0.9266422537549911,-1.040094741218632,-1.1224339673740351,SUCCESS
E5_DT15_PD10_SEED42,15,0.1,7.058533105022831,14.0,load_estimation,xgboost,None,raw,mae,1.3864868881359493,0.27343393351933726,1.1130529546166121,4.070646756569799,SUCCESS
E5_DT15_PD10_SEED42,15,0.1,7.058533105022831,14.0,load_estimation,xgboost,None,raw,rmse,1.8571948325718526,0.4129930382953352,1.4442017942765175,3.49691559024236,SUCCESS
E5_DT15_PD10_SEED42,15,0.1,7.058533105022831,14.0,load_estimation,xgboost,None,raw,mape,42.93870910831868,9.063484965162122,33.87522414315656,3.737549548916874,SUCCESS
E5_DT15_PD10_SEED42,15,0.1,7.058533105022831,14.0,load_estimation,xgboost,None,raw,r2,0.363123070559618,0.9685061288962542,-0.6053830583366362,-0.6250688976295414,SUCCESS
E5_DT15_PD10_SEED42,15,0.1,7.058533105022831,14.0,load_estimation,lstm,None,raw,mae,1.481651876457057,0.27593014335030924,1.2057217331067478,4.369662982329605,SUCCESS
E5_DT15_PD10_SEED42,15,0.1,7.058533105022831,14.0,load_estimation,lstm,None,raw,rmse,1.9168476556598157,0.4230368621902369,1.4938107934695788,3.5311598751359448,SUCCESS
E5_DT15_PD10_SEED42,15,0.1,7.058533105022831,14.0,load_estimation,lstm,None,raw,mape,42.66467023259599,8.95040488214452,33.71426535045147,3.7667866196432356,SUCCESS
E5_DT15_PD10_SEED42,15,0.1,7.058533105022831,14.0,load_estimation,lstm,None,raw,r2,0.32340137259774515,0.9670456810550092,-0.6436443084572641,-0.6655779774075131,SUCCESS
E5_DT15_PD10_SEED42,15,0.1,7.058533105022831,14.0,anomaly_detection,None,isolation_forest,raw,precision,0.11646586345381527,0.11646586345381527,0.0,0.0,SUCCESS
E5_DT15_PD10_SEED42,15,0.1,7.058533105022831,14.0,anomaly_detection,None,isolation_forest,raw,recall,0.11885245901639344,0.11885245901639344,0.0,0.0,SUCCESS
E5_DT15_PD10_SEED42,15,0.1,7.058533105022831,14.0,anomaly_detection,None,isolation_forest,raw,f1,0.11764705882352941,0.11764705882352941,0.0,0.0,SUCCESS
E5_DT15_PD10_SEED42,15,0.1,7.058533105022831,14.0,anomaly_detection,None,isolation_forest,raw,false_positive_rate,0.04389465283320032,0.04389465283320032,0.0,0.0,SUCCESS
E5_DT15_PD10_SEED42,15,0.1,7.058533105022831,14.0,anomaly_detection,None,isolation_forest,raw,pr_auc,0.09385708598261007,0.09385708598261007,0.0,0.0,SUCCESS
E5_DT15_PD10_SEED42,15,0.1,7.058533105022831,14.0,anomaly_detection,None,isolation_forest,raw,roc_auc,0.7138596875695052,0.7138596875695052,0.0,0.0,SUCCESS
E5_DT15_PD10_SEED42,15,0.1,7.058533105022831,14.0,anomaly_detection,None,isolation_forest,raw,detection_latency,3.2459016393442623,3.2459016393442623,0.0,0.0,SUCCESS
E5_DT15_PD10_SEED42,15,0.1,7.058533105022831,14.0,anomaly_detection,None,isolation_forest,raw,threshold,0.5031683371451802,0.5031683371451802,0.0,0.0,SUCCESS
E5_DT15_PD10_SEED42,15,0.1,7.058533105022831,14.0,anomaly_detection,None,isolation_forest,residual,precision,0.04642313546423135,0.04642313546423135,0.0,0.0,SUCCESS
E5_DT15_PD10_SEED42,15,0.1,7.058533105022831,14.0,anomaly_detection,None,isolation_forest,residual,recall,1.0,1.0,0.0,0.0,SUCCESS
E5_DT15_PD10_SEED42,15,0.1,7.058533105022831,14.0,anomaly_detection,None,isolation_forest,residual,f1,0.08872727272727272,0.08872727272727272,0.0,0.0,SUCCESS
E5_DT15_PD10_SEED42,15,0.1,7.058533105022831,14.0,anomaly_detection,None,isolation_forest,residual,false_positive_rate,1.0,1.0,0.0,0.0,SUCCESS
E5_DT15_PD10_SEED42,15,0.1,7.058533105022831,14.0,anomaly_detection,None,isolation_forest,residual,pr_auc,0.05317204585437148,1.0,-0.9468279541456285,0.9468279541456285,SUCCESS
E5_DT15_PD10_SEED42,15,0.1,7.058533105022831,14.0,anomaly_detection,None,isolation_forest,residual,roc_auc,0.576761264767836,1.0,-0.42323873523216404,0.42323873523216404,SUCCESS
E5_DT15_PD10_SEED42,15,0.1,7.058533105022831,14.0,anomaly_detection,None,isolation_forest,residual,detection_latency,0.0,0.0,0.0,0.0,SUCCESS
E5_DT15_PD10_SEED42,15,0.1,7.058533105022831,14.0,anomaly_detection,None,isolation_forest,residual,threshold,0.29376565419608197,0.29376565419608197,0.0,0.0,SUCCESS
E5_DT15_PD10_SEED42,15,0.1,7.058533105022831,14.0,anomaly_detection,None,lstm_autoencoder,raw,precision,0.49825783972125437,0.49825783972125437,0.0,0.0,SUCCESS
E5_DT15_PD10_SEED42,15,0.1,7.058533105022831,14.0,anomaly_detection,None,lstm_autoencoder,raw,recall,0.5860655737704918,0.5860655737704918,0.0,0.0,SUCCESS
E5_DT15_PD10_SEED42,15,0.1,7.058533105022831,14.0,anomaly_detection,None,lstm_autoencoder,raw,f1,0.5386064030131827,0.5386064030131827,0.0,0.0,SUCCESS
E5_DT15_PD10_SEED42,15,0.1,7.058533105022831,14.0,anomaly_detection,None,lstm_autoencoder,raw,false_positive_rate,0.028731045490822026,0.028731045490822026,0.0,0.0,SUCCESS
E5_DT15_PD10_SEED42,15,0.1,7.058533105022831,14.0,anomaly_detection,None,lstm_autoencoder,raw,pr_auc,0.561001698584242,0.561001698584242,0.0,0.0,SUCCESS
E5_DT15_PD10_SEED42,15,0.1,7.058533105022831,14.0,anomaly_detection,None,lstm_autoencoder,raw,roc_auc,0.9493396177043946,0.9493396177043946,0.0,0.0,SUCCESS
E5_DT15_PD10_SEED42,15,0.1,7.058533105022831,14.0,anomaly_detection,None,lstm_autoencoder,raw,detection_latency,1.3442622950819672,1.3442622950819672,0.0,0.0,SUCCESS
E5_DT15_PD10_SEED42,15,0.1,7.058533105022831,14.0,anomaly_detection,None,lstm_autoencoder,raw,threshold,0.0007370078528765589,0.0007370078528765589,0.0,0.0,SUCCESS
E5_DT15_PD10_SEED42,15,0.1,7.058533105022831,14.0,anomaly_detection,None,lstm_autoencoder,residual,precision,0.049523036330424194,0.9568627450980393,-0.907339708767615,0.9482443677694338,SUCCESS
E5_DT15_PD10_SEED42,15,0.1,7.058533105022831,14.0,anomaly_detection,None,lstm_autoencoder,residual,recall,1.0,1.0,0.0,0.0,SUCCESS
E5_DT15_PD10_SEED42,15,0.1,7.058533105022831,14.0,anomaly_detection,None,lstm_autoencoder,residual,f1,0.09437246180622703,0.9779559118236473,-0.8835834500174202,0.9035002900792883,SUCCESS
E5_DT15_PD10_SEED42,15,0.1,7.058533105022831,14.0,anomaly_detection,None,lstm_autoencoder,residual,false_positive_rate,0.9343575418994413,0.002194732641660016,0.9321628092577813,424.7272727272727,SUCCESS
E5_DT15_PD10_SEED42,15,0.1,7.058533105022831,14.0,anomaly_detection,None,lstm_autoencoder,residual,pr_auc,0.11956945273974813,1.0,-0.8804305472602518,0.8804305472602518,SUCCESS
E5_DT15_PD10_SEED42,15,0.1,7.058533105022831,14.0,anomaly_detection,None,lstm_autoencoder,residual,roc_auc,0.6508821451467297,1.0,-0.3491178548532703,0.3491178548532703,SUCCESS
E5_DT15_PD10_SEED42,15,0.1,7.058533105022831,14.0,anomaly_detection,None,lstm_autoencoder,residual,detection_latency,0.0,0.0,0.0,0.0,SUCCESS
E5_DT15_PD10_SEED42,15,0.1,7.058533105022831,14.0,anomaly_detection,None,lstm_autoencoder,residual,threshold,0.0003816792741417885,0.0003816792741417885,0.0,0.0,SUCCESS
E5_DT15_PD20_SEED42,15,0.2,7.138498858447488,14.0,load_estimation,persistence,None,raw,mae,1.8661689898466955,0.4591450760399007,1.4070239138067948,3.0644429990239543,SUCCESS
E5_DT15_PD20_SEED42,15,0.2,7.138498858447488,14.0,load_estimation,persistence,None,raw,rmse,2.4438530994582144,0.630307824152761,1.8135452753054535,2.877237447818709,SUCCESS
E5_DT15_PD20_SEED42,15,0.2,7.138498858447488,14.0,load_estimation,persistence,None,raw,mape,59.034049194882066,14.73210135971861,44.30194783516345,3.0071709903039685,SUCCESS
E5_DT15_PD20_SEED42,15,0.2,7.138498858447488,14.0,load_estimation,persistence,None,raw,r2,-0.1027848152040014,0.9266422537549911,-1.0294270689589924,-1.1109217875479895,SUCCESS
E5_DT15_PD20_SEED42,15,0.2,7.138498858447488,14.0,load_estimation,xgboost,None,raw,mae,1.4065848712552809,0.27343393351933726,1.1331509377359437,4.144148910675738,SUCCESS
E5_DT15_PD20_SEED42,15,0.2,7.138498858447488,14.0,load_estimation,xgboost,None,raw,rmse,1.8516771615971357,0.4129930382953352,1.4386841233018006,3.4835553868900426,SUCCESS
E5_DT15_PD20_SEED42,15,0.2,7.138498858447488,14.0,load_estimation,xgboost,None,raw,mape,44.42986089856279,9.063484965162122,35.36637593340066,3.902072554799902,SUCCESS
E5_DT15_PD20_SEED42,15,0.2,7.138498858447488,14.0,load_estimation,xgboost,None,raw,r2,0.36690173414031957,0.9685061288962542,-0.6016043947559346,-0.6211673595102031,SUCCESS
E5_DT15_PD20_SEED42,15,0.2,7.138498858447488,14.0,load_estimation,lstm,None,raw,mae,1.5226202629593437,0.27593014335030924,1.2466901196090345,4.518136744582811,SUCCESS
E5_DT15_PD20_SEED42,15,0.2,7.138498858447488,14.0,load_estimation,lstm,None,raw,rmse,1.9530669445411193,0.4230368621902369,1.5300300823508823,3.6167772104522604,SUCCESS
E5_DT15_PD20_SEED42,15,0.2,7.138498858447488,14.0,load_estimation,lstm,None,raw,mape,44.2613627090222,8.95040488214452,35.31095782687768,3.945179943459403,SUCCESS
E5_DT15_PD20_SEED42,15,0.2,7.138498858447488,14.0,load_estimation,lstm,None,raw,r2,0.2975908251068613,0.9670456810550092,-0.6694548559481479,-0.6922680790195958,SUCCESS
E5_DT15_PD20_SEED42,15,0.2,7.138498858447488,14.0,anomaly_detection,None,isolation_forest,raw,precision,0.11646586345381527,0.11646586345381527,0.0,0.0,SUCCESS
E5_DT15_PD20_SEED42,15,0.2,7.138498858447488,14.0,anomaly_detection,None,isolation_forest,raw,recall,0.11885245901639344,0.11885245901639344,0.0,0.0,SUCCESS
E5_DT15_PD20_SEED42,15,0.2,7.138498858447488,14.0,anomaly_detection,None,isolation_forest,raw,f1,0.11764705882352941,0.11764705882352941,0.0,0.0,SUCCESS
E5_DT15_PD20_SEED42,15,0.2,7.138498858447488,14.0,anomaly_detection,None,isolation_forest,raw,false_positive_rate,0.04389465283320032,0.04389465283320032,0.0,0.0,SUCCESS
E5_DT15_PD20_SEED42,15,0.2,7.138498858447488,14.0,anomaly_detection,None,isolation_forest,raw,pr_auc,0.09385708598261007,0.09385708598261007,0.0,0.0,SUCCESS
E5_DT15_PD20_SEED42,15,0.2,7.138498858447488,14.0,anomaly_detection,None,isolation_forest,raw,roc_auc,0.7138596875695052,0.7138596875695052,0.0,0.0,SUCCESS
E5_DT15_PD20_SEED42,15,0.2,7.138498858447488,14.0,anomaly_detection,None,isolation_forest,raw,detection_latency,3.2459016393442623,3.2459016393442623,0.0,0.0,SUCCESS
E5_DT15_PD20_SEED42,15,0.2,7.138498858447488,14.0,anomaly_detection,None,isolation_forest,raw,threshold,0.5031683371451802,0.5031683371451802,0.0,0.0,SUCCESS
E5_DT15_PD20_SEED42,15,0.2,7.138498858447488,14.0,anomaly_detection,None,isolation_forest,residual,precision,0.04642313546423135,0.04642313546423135,0.0,0.0,SUCCESS
E5_DT15_PD20_SEED42,15,0.2,7.138498858447488,14.0,anomaly_detection,None,isolation_forest,residual,recall,1.0,1.0,0.0,0.0,SUCCESS
E5_DT15_PD20_SEED42,15,0.2,7.138498858447488,14.0,anomaly_detection,None,isolation_forest,residual,f1,0.08872727272727272,0.08872727272727272,0.0,0.0,SUCCESS
E5_DT15_PD20_SEED42,15,0.2,7.138498858447488,14.0,anomaly_detection,None,isolation_forest,residual,false_positive_rate,1.0,1.0,0.0,0.0,SUCCESS
E5_DT15_PD20_SEED42,15,0.2,7.138498858447488,14.0,anomaly_detection,None,isolation_forest,residual,pr_auc,0.04431083006129162,1.0,-0.9556891699387083,0.9556891699387083,SUCCESS
E5_DT15_PD20_SEED42,15,0.2,7.138498858447488,14.0,anomaly_detection,None,isolation_forest,residual,roc_auc,0.5117275914853533,1.0,-0.4882724085146467,0.4882724085146467,SUCCESS
E5_DT15_PD20_SEED42,15,0.2,7.138498858447488,14.0,anomaly_detection,None,isolation_forest,residual,detection_latency,0.0,0.0,0.0,0.0,SUCCESS
E5_DT15_PD20_SEED42,15,0.2,7.138498858447488,14.0,anomaly_detection,None,isolation_forest,residual,threshold,0.29376565419608197,0.29376565419608197,0.0,0.0,SUCCESS
E5_DT15_PD20_SEED42,15,0.2,7.138498858447488,14.0,anomaly_detection,None,lstm_autoencoder,raw,precision,0.49825783972125437,0.49825783972125437,0.0,0.0,SUCCESS
E5_DT15_PD20_SEED42,15,0.2,7.138498858447488,14.0,anomaly_detection,None,lstm_autoencoder,raw,recall,0.5860655737704918,0.5860655737704918,0.0,0.0,SUCCESS
E5_DT15_PD20_SEED42,15,0.2,7.138498858447488,14.0,anomaly_detection,None,lstm_autoencoder,raw,f1,0.5386064030131827,0.5386064030131827,0.0,0.0,SUCCESS
E5_DT15_PD20_SEED42,15,0.2,7.138498858447488,14.0,anomaly_detection,None,lstm_autoencoder,raw,false_positive_rate,0.028731045490822026,0.028731045490822026,0.0,0.0,SUCCESS
E5_DT15_PD20_SEED42,15,0.2,7.138498858447488,14.0,anomaly_detection,None,lstm_autoencoder,raw,pr_auc,0.561001698584242,0.561001698584242,0.0,0.0,SUCCESS
E5_DT15_PD20_SEED42,15,0.2,7.138498858447488,14.0,anomaly_detection,None,lstm_autoencoder,raw,roc_auc,0.9493396177043946,0.9493396177043946,0.0,0.0,SUCCESS
E5_DT15_PD20_SEED42,15,0.2,7.138498858447488,14.0,anomaly_detection,None,lstm_autoencoder,raw,detection_latency,1.3442622950819672,1.3442622950819672,0.0,0.0,SUCCESS
E5_DT15_PD20_SEED42,15,0.2,7.138498858447488,14.0,anomaly_detection,None,lstm_autoencoder,raw,threshold,0.0007370078528765589,0.0007370078528765589,0.0,0.0,SUCCESS
E5_DT15_PD20_SEED42,15,0.2,7.138498858447488,14.0,anomaly_detection,None,lstm_autoencoder,residual,precision,0.0494728304947283,0.9568627450980393,-0.907389914603311,0.9482968369829684,SUCCESS
E5_DT15_PD20_SEED42,15,0.2,7.138498858447488,14.0,anomaly_detection,None,lstm_autoencoder,residual,recall,1.0,1.0,0.0,0.0,SUCCESS
E5_DT15_PD20_SEED42,15,0.2,7.138498858447488,14.0,anomaly_detection,None,lstm_autoencoder,residual,f1,0.09428129829984544,0.9779559118236473,-0.8836746135238018,0.9035935085007728,SUCCESS
E5_DT15_PD20_SEED42,15,0.2,7.138498858447488,14.0,anomaly_detection,None,lstm_autoencoder,residual,false_positive_rate,0.9353551476456504,0.002194732641660016,0.9331604150039904,425.1818181818182,SUCCESS
E5_DT15_PD20_SEED42,15,0.2,7.138498858447488,14.0,anomaly_detection,None,lstm_autoencoder,residual,pr_auc,0.110354967817719,1.0,-0.889645032182281,0.889645032182281,SUCCESS
E5_DT15_PD20_SEED42,15,0.2,7.138498858447488,14.0,anomaly_detection,None,lstm_autoencoder,residual,roc_auc,0.6301761019454948,1.0,-0.3698238980545052,0.3698238980545052,SUCCESS
E5_DT15_PD20_SEED42,15,0.2,7.138498858447488,14.0,anomaly_detection,None,lstm_autoencoder,residual,detection_latency,0.0,0.0,0.0,0.0,SUCCESS
E5_DT15_PD20_SEED42,15,0.2,7.138498858447488,14.0,anomaly_detection,None,lstm_autoencoder,residual,threshold,0.0003816792741417885,0.0003816792741417885,0.0,0.0,SUCCESS
E5_DT60_PD00_SEED42,60,0.0,29.5,56.049999999995634,load_estimation,persistence,None,raw,mae,2.5240003025241458,0.4591450760399007,2.0648552264842452,4.497173843817515,SUCCESS
E5_DT60_PD00_SEED42,60,0.0,29.5,56.049999999995634,load_estimation,persistence,None,raw,rmse,3.2049055806652404,0.630307824152761,2.5745977565124796,4.084667297241897,SUCCESS
E5_DT60_PD00_SEED42,60,0.0,29.5,56.049999999995634,load_estimation,persistence,None,raw,mape,83.5484386233321,14.73210135971861,68.81633726361349,4.671182717475405,SUCCESS
E5_DT60_PD00_SEED42,60,0.0,29.5,56.049999999995634,load_estimation,persistence,None,raw,r2,-0.8965795459499477,0.9266422537549911,-1.823221799704939,-1.9675573742906483,SUCCESS
E5_DT60_PD00_SEED42,60,0.0,29.5,56.049999999995634,load_estimation,xgboost,None,raw,mae,1.84425920708448,0.27343393351933726,1.570825273565143,5.744807359303318,SUCCESS
E5_DT60_PD00_SEED42,60,0.0,29.5,56.049999999995634,load_estimation,xgboost,None,raw,rmse,2.4183850464453287,0.4129930382953352,2.0053920081499936,4.855752572555277,SUCCESS
E5_DT60_PD00_SEED42,60,0.0,29.5,56.049999999995634,load_estimation,xgboost,None,raw,mape,62.155167405452424,9.063484965162122,53.0916824402903,5.857755890185959,SUCCESS
E5_DT60_PD00_SEED42,60,0.0,29.5,56.049999999995634,load_estimation,xgboost,None,raw,r2,-0.07991974415526748,0.9685061288962542,-1.0484258730515217,-1.082518573471855,SUCCESS
E5_DT60_PD00_SEED42,60,0.0,29.5,56.049999999995634,load_estimation,lstm,None,raw,mae,1.8448200221729625,0.27593014335030924,1.5688898788226533,5.685822722278142,SUCCESS
E5_DT60_PD00_SEED42,60,0.0,29.5,56.049999999995634,load_estimation,lstm,None,raw,rmse,2.3361905161014715,0.4230368621902369,1.9131536539112346,4.522427771438277,SUCCESS
E5_DT60_PD00_SEED42,60,0.0,29.5,56.049999999995634,load_estimation,lstm,None,raw,mape,61.327191212551945,8.95040488214452,52.37678633040743,5.8518901681080076,SUCCESS
E5_DT60_PD00_SEED42,60,0.0,29.5,56.049999999995634,load_estimation,lstm,None,raw,r2,-0.005014735536148507,0.9670456810550092,-0.9720604165911577,-1.0051856242516668,SUCCESS
E5_DT60_PD00_SEED42,60,0.0,29.5,56.049999999995634,anomaly_detection,None,isolation_forest,raw,precision,0.11646586345381527,0.11646586345381527,0.0,0.0,SUCCESS
E5_DT60_PD00_SEED42,60,0.0,29.5,56.049999999995634,anomaly_detection,None,isolation_forest,raw,recall,0.11885245901639344,0.11885245901639344,0.0,0.0,SUCCESS
E5_DT60_PD00_SEED42,60,0.0,29.5,56.049999999995634,anomaly_detection,None,isolation_forest,raw,f1,0.11764705882352941,0.11764705882352941,0.0,0.0,SUCCESS
E5_DT60_PD00_SEED42,60,0.0,29.5,56.049999999995634,anomaly_detection,None,isolation_forest,raw,false_positive_rate,0.04389465283320032,0.04389465283320032,0.0,0.0,SUCCESS
E5_DT60_PD00_SEED42,60,0.0,29.5,56.049999999995634,anomaly_detection,None,isolation_forest,raw,pr_auc,0.09385708598261007,0.09385708598261007,0.0,0.0,SUCCESS
E5_DT60_PD00_SEED42,60,0.0,29.5,56.049999999995634,anomaly_detection,None,isolation_forest,raw,roc_auc,0.7138596875695052,0.7138596875695052,0.0,0.0,SUCCESS
E5_DT60_PD00_SEED42,60,0.0,29.5,56.049999999995634,anomaly_detection,None,isolation_forest,raw,detection_latency,3.2459016393442623,3.2459016393442623,0.0,0.0,SUCCESS
E5_DT60_PD00_SEED42,60,0.0,29.5,56.049999999995634,anomaly_detection,None,isolation_forest,raw,threshold,0.5031683371451802,0.5031683371451802,0.0,0.0,SUCCESS
E5_DT60_PD00_SEED42,60,0.0,29.5,56.049999999995634,anomaly_detection,None,isolation_forest,residual,precision,0.04642313546423135,0.04642313546423135,0.0,0.0,SUCCESS
E5_DT60_PD00_SEED42,60,0.0,29.5,56.049999999995634,anomaly_detection,None,isolation_forest,residual,recall,1.0,1.0,0.0,0.0,SUCCESS
E5_DT60_PD00_SEED42,60,0.0,29.5,56.049999999995634,anomaly_detection,None,isolation_forest,residual,f1,0.08872727272727272,0.08872727272727272,0.0,0.0,SUCCESS
E5_DT60_PD00_SEED42,60,0.0,29.5,56.049999999995634,anomaly_detection,None,isolation_forest,residual,false_positive_rate,1.0,1.0,0.0,0.0,SUCCESS
E5_DT60_PD00_SEED42,60,0.0,29.5,56.049999999995634,anomaly_detection,None,isolation_forest,residual,pr_auc,0.046021160020541574,1.0,-0.9539788399794584,0.9539788399794584,SUCCESS
E5_DT60_PD00_SEED42,60,0.0,29.5,56.049999999995634,anomaly_detection,None,isolation_forest,residual,roc_auc,0.5057718034095221,1.0,-0.4942281965904779,0.4942281965904779,SUCCESS
E5_DT60_PD00_SEED42,60,0.0,29.5,56.049999999995634,anomaly_detection,None,isolation_forest,residual,detection_latency,0.0,0.0,0.0,0.0,SUCCESS
E5_DT60_PD00_SEED42,60,0.0,29.5,56.049999999995634,anomaly_detection,None,isolation_forest,residual,threshold,0.29376565419608197,0.29376565419608197,0.0,0.0,SUCCESS
E5_DT60_PD00_SEED42,60,0.0,29.5,56.049999999995634,anomaly_detection,None,lstm_autoencoder,raw,precision,0.49825783972125437,0.49825783972125437,0.0,0.0,SUCCESS
E5_DT60_PD00_SEED42,60,0.0,29.5,56.049999999995634,anomaly_detection,None,lstm_autoencoder,raw,recall,0.5860655737704918,0.5860655737704918,0.0,0.0,SUCCESS
E5_DT60_PD00_SEED42,60,0.0,29.5,56.049999999995634,anomaly_detection,None,lstm_autoencoder,raw,f1,0.5386064030131827,0.5386064030131827,0.0,0.0,SUCCESS
E5_DT60_PD00_SEED42,60,0.0,29.5,56.049999999995634,anomaly_detection,None,lstm_autoencoder,raw,false_positive_rate,0.028731045490822026,0.028731045490822026,0.0,0.0,SUCCESS
E5_DT60_PD00_SEED42,60,0.0,29.5,56.049999999995634,anomaly_detection,None,lstm_autoencoder,raw,pr_auc,0.561001698584242,0.561001698584242,0.0,0.0,SUCCESS
E5_DT60_PD00_SEED42,60,0.0,29.5,56.049999999995634,anomaly_detection,None,lstm_autoencoder,raw,roc_auc,0.9493396177043946,0.9493396177043946,0.0,0.0,SUCCESS
E5_DT60_PD00_SEED42,60,0.0,29.5,56.049999999995634,anomaly_detection,None,lstm_autoencoder,raw,detection_latency,1.3442622950819672,1.3442622950819672,0.0,0.0,SUCCESS
E5_DT60_PD00_SEED42,60,0.0,29.5,56.049999999995634,anomaly_detection,None,lstm_autoencoder,raw,threshold,0.0007370078528765589,0.0007370078528765589,0.0,0.0,SUCCESS
E5_DT60_PD00_SEED42,60,0.0,29.5,56.049999999995634,anomaly_detection,None,lstm_autoencoder,residual,precision,0.04716798762806882,0.9568627450980393,-0.9096947574699704,0.9507055867001739,SUCCESS
E5_DT60_PD00_SEED42,60,0.0,29.5,56.049999999995634,anomaly_detection,None,lstm_autoencoder,residual,recall,1.0,1.0,0.0,0.0,SUCCESS
E5_DT60_PD00_SEED42,60,0.0,29.5,56.049999999995634,anomaly_detection,None,lstm_autoencoder,residual,f1,0.09008676389145283,0.9779559118236473,-0.8878691479321944,0.9078825918405021,SUCCESS
E5_DT60_PD00_SEED42,60,0.0,29.5,56.049999999995634,anomaly_detection,None,lstm_autoencoder,residual,false_positive_rate,0.9834397446129289,0.002194732641660016,0.9812450119712689,447.09090909090907,SUCCESS
E5_DT60_PD00_SEED42,60,0.0,29.5,56.049999999995634,anomaly_detection,None,lstm_autoencoder,residual,pr_auc,0.11335358025057593,1.0,-0.886646419749424,0.886646419749424,SUCCESS
E5_DT60_PD00_SEED42,60,0.0,29.5,56.049999999995634,anomaly_detection,None,lstm_autoencoder,residual,roc_auc,0.5907510499391624,1.0,-0.4092489500608376,0.4092489500608376,SUCCESS
E5_DT60_PD00_SEED42,60,0.0,29.5,56.049999999995634,anomaly_detection,None,lstm_autoencoder,residual,detection_latency,0.0,0.0,0.0,0.0,SUCCESS
E5_DT60_PD00_SEED42,60,0.0,29.5,56.049999999995634,anomaly_detection,None,lstm_autoencoder,residual,threshold,0.0003816792741417885,0.0003816792741417885,0.0,0.0,SUCCESS
E5_DT60_PD05_SEED42,60,0.05,29.51081621004566,57.0,load_estimation,persistence,None,raw,mae,2.491795322757152,0.4591450760399007,2.0326502467172514,4.427032658715935,SUCCESS
E5_DT60_PD05_SEED42,60,0.05,29.51081621004566,57.0,load_estimation,persistence,None,raw,rmse,3.178334812551044,0.630307824152761,2.5480269883982833,4.042512072293022,SUCCESS
E5_DT60_PD05_SEED42,60,0.05,29.51081621004566,57.0,load_estimation,persistence,None,raw,mape,83.36288336429833,14.73210135971861,68.63078200457971,4.6585874159292775,SUCCESS
E5_DT60_PD05_SEED42,60,0.05,29.51081621004566,57.0,load_estimation,persistence,None,raw,r2,-0.8652621319569562,0.9266422537549911,-1.7919043857119474,-1.9337607134260208,SUCCESS
E5_DT60_PD05_SEED42,60,0.05,29.51081621004566,57.0,load_estimation,xgboost,None,raw,mae,1.8464313214772368,0.27343393351933726,1.5729973879578996,5.752751195552168,SUCCESS
E5_DT60_PD05_SEED42,60,0.05,29.51081621004566,57.0,load_estimation,xgboost,None,raw,rmse,2.4204671976738164,0.4129930382953352,2.0074741593784813,4.860794185937143,SUCCESS
E5_DT60_PD05_SEED42,60,0.05,29.51081621004566,57.0,load_estimation,xgboost,None,raw,mape,62.74507357541742,9.063484965162122,53.681588610255304,5.922841910875844,SUCCESS
E5_DT60_PD05_SEED42,60,0.05,29.51081621004566,57.0,load_estimation,xgboost,None,raw,r2,-0.08178009653573048,0.9685061288962542,-1.0502862254319847,-1.0844394207695207,SUCCESS
E5_DT60_PD05_SEED42,60,0.05,29.51081621004566,57.0,load_estimation,lstm,None,raw,mae,1.8279185642732299,0.27593014335030924,1.5519884209229207,5.624570052691133,SUCCESS
E5_DT60_PD05_SEED42,60,0.05,29.51081621004566,57.0,load_estimation,lstm,None,raw,rmse,2.3145780806566596,0.4230368621902369,1.8915412184664226,4.471338995550249,SUCCESS
E5_DT60_PD05_SEED42,60,0.05,29.51081621004566,57.0,load_estimation,lstm,None,raw,mape,60.113276753312896,8.95040488214452,51.16287187116838,5.716263403148947,SUCCESS
E5_DT60_PD05_SEED42,60,0.05,29.51081621004566,57.0,load_estimation,lstm,None,raw,r2,0.013494324185194695,0.9670456810550092,-0.9535513568698145,-0.9860458254976405,SUCCESS
E5_DT60_PD05_SEED42,60,0.05,29.51081621004566,57.0,anomaly_detection,None,isolation_forest,raw,precision,0.11646586345381527,0.11646586345381527,0.0,0.0,SUCCESS
E5_DT60_PD05_SEED42,60,0.05,29.51081621004566,57.0,anomaly_detection,None,isolation_forest,raw,recall,0.11885245901639344,0.11885245901639344,0.0,0.0,SUCCESS
E5_DT60_PD05_SEED42,60,0.05,29.51081621004566,57.0,anomaly_detection,None,isolation_forest,raw,f1,0.11764705882352941,0.11764705882352941,0.0,0.0,SUCCESS
E5_DT60_PD05_SEED42,60,0.05,29.51081621004566,57.0,anomaly_detection,None,isolation_forest,raw,false_positive_rate,0.04389465283320032,0.04389465283320032,0.0,0.0,SUCCESS
E5_DT60_PD05_SEED42,60,0.05,29.51081621004566,57.0,anomaly_detection,None,isolation_forest,raw,pr_auc,0.09385708598261007,0.09385708598261007,0.0,0.0,SUCCESS
E5_DT60_PD05_SEED42,60,0.05,29.51081621004566,57.0,anomaly_detection,None,isolation_forest,raw,roc_auc,0.7138596875695052,0.7138596875695052,0.0,0.0,SUCCESS
E5_DT60_PD05_SEED42,60,0.05,29.51081621004566,57.0,anomaly_detection,None,isolation_forest,raw,detection_latency,3.2459016393442623,3.2459016393442623,0.0,0.0,SUCCESS
E5_DT60_PD05_SEED42,60,0.05,29.51081621004566,57.0,anomaly_detection,None,isolation_forest,raw,threshold,0.5031683371451802,0.5031683371451802,0.0,0.0,SUCCESS
E5_DT60_PD05_SEED42,60,0.05,29.51081621004566,57.0,anomaly_detection,None,isolation_forest,residual,precision,0.04642313546423135,0.04642313546423135,0.0,0.0,SUCCESS
E5_DT60_PD05_SEED42,60,0.05,29.51081621004566,57.0,anomaly_detection,None,isolation_forest,residual,recall,1.0,1.0,0.0,0.0,SUCCESS
E5_DT60_PD05_SEED42,60,0.05,29.51081621004566,57.0,anomaly_detection,None,isolation_forest,residual,f1,0.08872727272727272,0.08872727272727272,0.0,0.0,SUCCESS
E5_DT60_PD05_SEED42,60,0.05,29.51081621004566,57.0,anomaly_detection,None,isolation_forest,residual,false_positive_rate,1.0,1.0,0.0,0.0,SUCCESS
E5_DT60_PD05_SEED42,60,0.05,29.51081621004566,57.0,anomaly_detection,None,isolation_forest,residual,pr_auc,0.04307516849429965,1.0,-0.9569248315057004,0.9569248315057004,SUCCESS
E5_DT60_PD05_SEED42,60,0.05,29.51081621004566,57.0,anomaly_detection,None,isolation_forest,residual,roc_auc,0.49660364305993493,1.0,-0.503396356940065,0.503396356940065,SUCCESS
E5_DT60_PD05_SEED42,60,0.05,29.51081621004566,57.0,anomaly_detection,None,isolation_forest,residual,detection_latency,0.0,0.0,0.0,0.0,SUCCESS
E5_DT60_PD05_SEED42,60,0.05,29.51081621004566,57.0,anomaly_detection,None,isolation_forest,residual,threshold,0.29376565419608197,0.29376565419608197,0.0,0.0,SUCCESS
E5_DT60_PD05_SEED42,60,0.05,29.51081621004566,57.0,anomaly_detection,None,lstm_autoencoder,raw,precision,0.49825783972125437,0.49825783972125437,0.0,0.0,SUCCESS
E5_DT60_PD05_SEED42,60,0.05,29.51081621004566,57.0,anomaly_detection,None,lstm_autoencoder,raw,recall,0.5860655737704918,0.5860655737704918,0.0,0.0,SUCCESS
E5_DT60_PD05_SEED42,60,0.05,29.51081621004566,57.0,anomaly_detection,None,lstm_autoencoder,raw,f1,0.5386064030131827,0.5386064030131827,0.0,0.0,SUCCESS
E5_DT60_PD05_SEED42,60,0.05,29.51081621004566,57.0,anomaly_detection,None,lstm_autoencoder,raw,false_positive_rate,0.028731045490822026,0.028731045490822026,0.0,0.0,SUCCESS
E5_DT60_PD05_SEED42,60,0.05,29.51081621004566,57.0,anomaly_detection,None,lstm_autoencoder,raw,pr_auc,0.561001698584242,0.561001698584242,0.0,0.0,SUCCESS
E5_DT60_PD05_SEED42,60,0.05,29.51081621004566,57.0,anomaly_detection,None,lstm_autoencoder,raw,roc_auc,0.9493396177043946,0.9493396177043946,0.0,0.0,SUCCESS
E5_DT60_PD05_SEED42,60,0.05,29.51081621004566,57.0,anomaly_detection,None,lstm_autoencoder,raw,detection_latency,1.3442622950819672,1.3442622950819672,0.0,0.0,SUCCESS
E5_DT60_PD05_SEED42,60,0.05,29.51081621004566,57.0,anomaly_detection,None,lstm_autoencoder,raw,threshold,0.0007370078528765589,0.0007370078528765589,0.0,0.0,SUCCESS
E5_DT60_PD05_SEED42,60,0.05,29.51081621004566,57.0,anomaly_detection,None,lstm_autoencoder,residual,precision,0.04714975845410628,0.9568627450980393,-0.909712986643933,0.9507246376811594,SUCCESS
E5_DT60_PD05_SEED42,60,0.05,29.51081621004566,57.0,anomaly_detection,None,lstm_autoencoder,residual,recall,1.0,1.0,0.0,0.0,SUCCESS
E5_DT60_PD05_SEED42,60,0.05,29.51081621004566,57.0,anomaly_detection,None,lstm_autoencoder,residual,f1,0.090053515408747,0.9779559118236473,-0.8879023964149003,0.9079165897767116,SUCCESS
E5_DT60_PD05_SEED42,60,0.05,29.51081621004566,57.0,anomaly_detection,None,lstm_autoencoder,residual,false_positive_rate,0.9838387869114126,0.002194732641660016,0.9816440542697525,447.27272727272725,SUCCESS
E5_DT60_PD05_SEED42,60,0.05,29.51081621004566,57.0,anomaly_detection,None,lstm_autoencoder,residual,pr_auc,0.0932444396470114,1.0,-0.9067555603529887,0.9067555603529887,SUCCESS
E5_DT60_PD05_SEED42,60,0.05,29.51081621004566,57.0,anomaly_detection,None,lstm_autoencoder,residual,roc_auc,0.5525762759541035,1.0,-0.4474237240458965,0.4474237240458965,SUCCESS
E5_DT60_PD05_SEED42,60,0.05,29.51081621004566,57.0,anomaly_detection,None,lstm_autoencoder,residual,detection_latency,0.0,0.0,0.0,0.0,SUCCESS
E5_DT60_PD05_SEED42,60,0.05,29.51081621004566,57.0,anomaly_detection,None,lstm_autoencoder,residual,threshold,0.0003816792741417885,0.0003816792741417885,0.0,0.0,SUCCESS
E5_DT60_PD10_SEED42,60,0.1,29.55236872146119,57.0,load_estimation,persistence,None,raw,mae,2.5017248652932125,0.4591450760399007,2.042579789253312,4.448658813616042,SUCCESS
E5_DT60_PD10_SEED42,60,0.1,29.55236872146119,57.0,load_estimation,persistence,None,raw,rmse,3.219766782943409,0.630307824152761,2.5894589587906482,4.108244986917803,SUCCESS
E5_DT60_PD10_SEED42,60,0.1,29.55236872146119,57.0,load_estimation,persistence,None,raw,mape,83.31273650298479,14.73210135971861,68.58063514326618,4.655183498179251,SUCCESS
E5_DT60_PD10_SEED42,60,0.1,29.55236872146119,57.0,load_estimation,persistence,None,raw,r2,-0.9142092699909985,0.9266422537549911,-1.8408515237459895,-1.9865827575705608,SUCCESS
E5_DT60_PD10_SEED42,60,0.1,29.55236872146119,57.0,load_estimation,xgboost,None,raw,mae,1.8701475728048038,0.27343393351933726,1.5967136392854666,5.8394860459868525,SUCCESS
E5_DT60_PD10_SEED42,60,0.1,29.55236872146119,57.0,load_estimation,xgboost,None,raw,rmse,2.4515934084109197,0.4129930382953352,2.0386003701155846,4.9361615840549895,SUCCESS
E5_DT60_PD10_SEED42,60,0.1,29.55236872146119,57.0,load_estimation,xgboost,None,raw,mape,62.489908101204335,9.063484965162122,53.42642313604222,5.894688780463659,SUCCESS
E5_DT60_PD10_SEED42,60,0.1,29.55236872146119,57.0,load_estimation,xgboost,None,raw,r2,-0.10978148195415427,0.9685061288962542,-1.0782876108504085,-1.1133513549152914,SUCCESS
E5_DT60_PD10_SEED42,60,0.1,29.55236872146119,57.0,load_estimation,lstm,None,raw,mae,1.8208706416296454,0.27593014335030924,1.5449404982793362,5.5990276362011855,SUCCESS
E5_DT60_PD10_SEED42,60,0.1,29.55236872146119,57.0,load_estimation,lstm,None,raw,rmse,2.3056942608880813,0.4230368621902369,1.8826573986978443,4.450338887610285,SUCCESS
E5_DT60_PD10_SEED42,60,0.1,29.55236872146119,57.0,load_estimation,lstm,None,raw,mape,58.62408928672285,8.95040488214452,49.67368440457833,5.549881268910429,SUCCESS
E5_DT60_PD10_SEED42,60,0.1,29.55236872146119,57.0,load_estimation,lstm,None,raw,r2,0.021052608618462476,0.9670456810550092,-0.9459930724365467,-0.9782299750354142,SUCCESS
E5_DT60_PD10_SEED42,60,0.1,29.55236872146119,57.0,anomaly_detection,None,isolation_forest,raw,precision,0.11646586345381527,0.11646586345381527,0.0,0.0,SUCCESS
E5_DT60_PD10_SEED42,60,0.1,29.55236872146119,57.0,anomaly_detection,None,isolation_forest,raw,recall,0.11885245901639344,0.11885245901639344,0.0,0.0,SUCCESS
E5_DT60_PD10_SEED42,60,0.1,29.55236872146119,57.0,anomaly_detection,None,isolation_forest,raw,f1,0.11764705882352941,0.11764705882352941,0.0,0.0,SUCCESS
E5_DT60_PD10_SEED42,60,0.1,29.55236872146119,57.0,anomaly_detection,None,isolation_forest,raw,false_positive_rate,0.04389465283320032,0.04389465283320032,0.0,0.0,SUCCESS
E5_DT60_PD10_SEED42,60,0.1,29.55236872146119,57.0,anomaly_detection,None,isolation_forest,raw,pr_auc,0.09385708598261007,0.09385708598261007,0.0,0.0,SUCCESS
E5_DT60_PD10_SEED42,60,0.1,29.55236872146119,57.0,anomaly_detection,None,isolation_forest,raw,roc_auc,0.7138596875695052,0.7138596875695052,0.0,0.0,SUCCESS
E5_DT60_PD10_SEED42,60,0.1,29.55236872146119,57.0,anomaly_detection,None,isolation_forest,raw,detection_latency,3.2459016393442623,3.2459016393442623,0.0,0.0,SUCCESS
E5_DT60_PD10_SEED42,60,0.1,29.55236872146119,57.0,anomaly_detection,None,isolation_forest,raw,threshold,0.5031683371451802,0.5031683371451802,0.0,0.0,SUCCESS
E5_DT60_PD10_SEED42,60,0.1,29.55236872146119,57.0,anomaly_detection,None,isolation_forest,residual,precision,0.04642313546423135,0.04642313546423135,0.0,0.0,SUCCESS
E5_DT60_PD10_SEED42,60,0.1,29.55236872146119,57.0,anomaly_detection,None,isolation_forest,residual,recall,1.0,1.0,0.0,0.0,SUCCESS
E5_DT60_PD10_SEED42,60,0.1,29.55236872146119,57.0,anomaly_detection,None,isolation_forest,residual,f1,0.08872727272727272,0.08872727272727272,0.0,0.0,SUCCESS
E5_DT60_PD10_SEED42,60,0.1,29.55236872146119,57.0,anomaly_detection,None,isolation_forest,residual,false_positive_rate,1.0,1.0,0.0,0.0,SUCCESS
E5_DT60_PD10_SEED42,60,0.1,29.55236872146119,57.0,anomaly_detection,None,isolation_forest,residual,pr_auc,0.04508653011336536,1.0,-0.9549134698866346,0.9549134698866346,SUCCESS
E5_DT60_PD10_SEED42,60,0.1,29.55236872146119,57.0,anomaly_detection,None,isolation_forest,residual,roc_auc,0.4876035220389099,1.0,-0.5123964779610901,0.5123964779610901,SUCCESS
E5_DT60_PD10_SEED42,60,0.1,29.55236872146119,57.0,anomaly_detection,None,isolation_forest,residual,detection_latency,0.0,0.0,0.0,0.0,SUCCESS
E5_DT60_PD10_SEED42,60,0.1,29.55236872146119,57.0,anomaly_detection,None,isolation_forest,residual,threshold,0.29376565419608197,0.29376565419608197,0.0,0.0,SUCCESS
E5_DT60_PD10_SEED42,60,0.1,29.55236872146119,57.0,anomaly_detection,None,lstm_autoencoder,raw,precision,0.49825783972125437,0.49825783972125437,0.0,0.0,SUCCESS
E5_DT60_PD10_SEED42,60,0.1,29.55236872146119,57.0,anomaly_detection,None,lstm_autoencoder,raw,recall,0.5860655737704918,0.5860655737704918,0.0,0.0,SUCCESS
E5_DT60_PD10_SEED42,60,0.1,29.55236872146119,57.0,anomaly_detection,None,lstm_autoencoder,raw,f1,0.5386064030131827,0.5386064030131827,0.0,0.0,SUCCESS
E5_DT60_PD10_SEED42,60,0.1,29.55236872146119,57.0,anomaly_detection,None,lstm_autoencoder,raw,false_positive_rate,0.028731045490822026,0.028731045490822026,0.0,0.0,SUCCESS
E5_DT60_PD10_SEED42,60,0.1,29.55236872146119,57.0,anomaly_detection,None,lstm_autoencoder,raw,pr_auc,0.561001698584242,0.561001698584242,0.0,0.0,SUCCESS
E5_DT60_PD10_SEED42,60,0.1,29.55236872146119,57.0,anomaly_detection,None,lstm_autoencoder,raw,roc_auc,0.9493396177043946,0.9493396177043946,0.0,0.0,SUCCESS
E5_DT60_PD10_SEED42,60,0.1,29.55236872146119,57.0,anomaly_detection,None,lstm_autoencoder,raw,detection_latency,1.3442622950819672,1.3442622950819672,0.0,0.0,SUCCESS
E5_DT60_PD10_SEED42,60,0.1,29.55236872146119,57.0,anomaly_detection,None,lstm_autoencoder,raw,threshold,0.0007370078528765589,0.0007370078528765589,0.0,0.0,SUCCESS
E5_DT60_PD10_SEED42,60,0.1,29.55236872146119,57.0,anomaly_detection,None,lstm_autoencoder,residual,precision,0.047158871279474296,0.9568627450980393,-0.909703873818565,0.950715114031697,SUCCESS
E5_DT60_PD10_SEED42,60,0.1,29.55236872146119,57.0,anomaly_detection,None,lstm_autoencoder,residual,recall,1.0,1.0,0.0,0.0,SUCCESS
E5_DT60_PD10_SEED42,60,0.1,29.55236872146119,57.0,anomaly_detection,None,lstm_autoencoder,residual,f1,0.09007013658176448,0.9779559118236473,-0.8878857752418828,0.9078995939461056,SUCCESS
E5_DT60_PD10_SEED42,60,0.1,29.55236872146119,57.0,anomaly_detection,None,lstm_autoencoder,residual,false_positive_rate,0.9836392657621708,0.002194732641660016,0.9814445331205107,447.1818181818182,SUCCESS
E5_DT60_PD10_SEED42,60,0.1,29.55236872146119,57.0,anomaly_detection,None,lstm_autoencoder,residual,pr_auc,0.10722438220786745,1.0,-0.8927756177921325,0.8927756177921325,SUCCESS
E5_DT60_PD10_SEED42,60,0.1,29.55236872146119,57.0,anomaly_detection,None,lstm_autoencoder,residual,roc_auc,0.5708439090445226,1.0,-0.42915609095547735,0.42915609095547735,SUCCESS
E5_DT60_PD10_SEED42,60,0.1,29.55236872146119,57.0,anomaly_detection,None,lstm_autoencoder,residual,detection_latency,0.0,0.0,0.0,0.0,SUCCESS
E5_DT60_PD10_SEED42,60,0.1,29.55236872146119,57.0,anomaly_detection,None,lstm_autoencoder,residual,threshold,0.0003816792741417885,0.0003816792741417885,0.0,0.0,SUCCESS
E5_DT60_PD20_SEED42,60,0.2,29.633019406392695,57.0,load_estimation,persistence,None,raw,mae,2.4855156180248956,0.4591450760399007,2.026370541984995,4.413355707660686,SUCCESS
E5_DT60_PD20_SEED42,60,0.2,29.633019406392695,57.0,load_estimation,persistence,None,raw,rmse,3.195297926710075,0.630307824152761,2.564990102557314,4.069424500647901,SUCCESS
E5_DT60_PD20_SEED42,60,0.2,29.633019406392695,57.0,load_estimation,persistence,None,raw,mape,81.88915365005585,14.73210135971861,67.15705229033723,4.558552147486716,SUCCESS
E5_DT60_PD20_SEED42,60,0.2,29.633019406392695,57.0,load_estimation,persistence,None,raw,r2,-0.8852254719680637,0.9266422537549911,-1.8118677257230549,-1.955304453666886,SUCCESS
E5_DT60_PD20_SEED42,60,0.2,29.633019406392695,57.0,load_estimation,xgboost,None,raw,mae,1.845787044075889,0.27343393351933726,1.5723531105565518,5.750394950323,SUCCESS
E5_DT60_PD20_SEED42,60,0.2,29.633019406392695,57.0,load_estimation,xgboost,None,raw,rmse,2.4192138632429083,0.4129930382953352,2.0062208249475733,4.857759426716791,SUCCESS
E5_DT60_PD20_SEED42,60,0.2,29.633019406392695,57.0,load_estimation,xgboost,None,raw,mape,61.629786287383084,9.063484965162122,52.566301322220966,5.799789101462992,SUCCESS
E5_DT60_PD20_SEED42,60,0.2,29.633019406392695,57.0,load_estimation,xgboost,None,raw,r2,-0.08066008035590455,0.9685061288962542,-1.0491662092521588,-1.0832829839165063,SUCCESS
E5_DT60_PD20_SEED42,60,0.2,29.633019406392695,57.0,load_estimation,lstm,None,raw,mae,1.8381977164219105,0.27593014335030924,1.5622675730716014,5.661822786386236,SUCCESS
E5_DT60_PD20_SEED42,60,0.2,29.633019406392695,57.0,load_estimation,lstm,None,raw,rmse,2.326294906105611,0.4230368621902369,1.903258043915374,4.499035932853273,SUCCESS
E5_DT60_PD20_SEED42,60,0.2,29.633019406392695,57.0,load_estimation,lstm,None,raw,mape,60.10556436273332,8.95040488214452,51.1551594805888,5.715401722512022,SUCCESS
E5_DT60_PD20_SEED42,60,0.2,29.633019406392695,57.0,load_estimation,lstm,None,raw,r2,0.0034812932240578798,0.9670456810550092,-0.9635643878309513,-0.9964000736549902,SUCCESS
E5_DT60_PD20_SEED42,60,0.2,29.633019406392695,57.0,anomaly_detection,None,isolation_forest,raw,precision,0.11646586345381527,0.11646586345381527,0.0,0.0,SUCCESS
E5_DT60_PD20_SEED42,60,0.2,29.633019406392695,57.0,anomaly_detection,None,isolation_forest,raw,recall,0.11885245901639344,0.11885245901639344,0.0,0.0,SUCCESS
E5_DT60_PD20_SEED42,60,0.2,29.633019406392695,57.0,anomaly_detection,None,isolation_forest,raw,f1,0.11764705882352941,0.11764705882352941,0.0,0.0,SUCCESS
E5_DT60_PD20_SEED42,60,0.2,29.633019406392695,57.0,anomaly_detection,None,isolation_forest,raw,false_positive_rate,0.04389465283320032,0.04389465283320032,0.0,0.0,SUCCESS
E5_DT60_PD20_SEED42,60,0.2,29.633019406392695,57.0,anomaly_detection,None,isolation_forest,raw,pr_auc,0.09385708598261007,0.09385708598261007,0.0,0.0,SUCCESS
E5_DT60_PD20_SEED42,60,0.2,29.633019406392695,57.0,anomaly_detection,None,isolation_forest,raw,roc_auc,0.7138596875695052,0.7138596875695052,0.0,0.0,SUCCESS
E5_DT60_PD20_SEED42,60,0.2,29.633019406392695,57.0,anomaly_detection,None,isolation_forest,raw,detection_latency,3.2459016393442623,3.2459016393442623,0.0,0.0,SUCCESS
E5_DT60_PD20_SEED42,60,0.2,29.633019406392695,57.0,anomaly_detection,None,isolation_forest,raw,threshold,0.5031683371451802,0.5031683371451802,0.0,0.0,SUCCESS
E5_DT60_PD20_SEED42,60,0.2,29.633019406392695,57.0,anomaly_detection,None,isolation_forest,residual,precision,0.04642313546423135,0.04642313546423135,0.0,0.0,SUCCESS
E5_DT60_PD20_SEED42,60,0.2,29.633019406392695,57.0,anomaly_detection,None,isolation_forest,residual,recall,1.0,1.0,0.0,0.0,SUCCESS
E5_DT60_PD20_SEED42,60,0.2,29.633019406392695,57.0,anomaly_detection,None,isolation_forest,residual,f1,0.08872727272727272,0.08872727272727272,0.0,0.0,SUCCESS
E5_DT60_PD20_SEED42,60,0.2,29.633019406392695,57.0,anomaly_detection,None,isolation_forest,residual,false_positive_rate,1.0,1.0,0.0,0.0,SUCCESS
E5_DT60_PD20_SEED42,60,0.2,29.633019406392695,57.0,anomaly_detection,None,isolation_forest,residual,pr_auc,0.03897097321011374,1.0,-0.9610290267898862,0.9610290267898862,SUCCESS
E5_DT60_PD20_SEED42,60,0.2,29.633019406392695,57.0,anomaly_detection,None,isolation_forest,residual,roc_auc,0.44821608467546736,1.0,-0.5517839153245326,0.5517839153245326,SUCCESS
E5_DT60_PD20_SEED42,60,0.2,29.633019406392695,57.0,anomaly_detection,None,isolation_forest,residual,detection_latency,0.0,0.0,0.0,0.0,SUCCESS
E5_DT60_PD20_SEED42,60,0.2,29.633019406392695,57.0,anomaly_detection,None,isolation_forest,residual,threshold,0.29376565419608197,0.29376565419608197,0.0,0.0,SUCCESS
E5_DT60_PD20_SEED42,60,0.2,29.633019406392695,57.0,anomaly_detection,None,lstm_autoencoder,raw,precision,0.49825783972125437,0.49825783972125437,0.0,0.0,SUCCESS
E5_DT60_PD20_SEED42,60,0.2,29.633019406392695,57.0,anomaly_detection,None,lstm_autoencoder,raw,recall,0.5860655737704918,0.5860655737704918,0.0,0.0,SUCCESS
E5_DT60_PD20_SEED42,60,0.2,29.633019406392695,57.0,anomaly_detection,None,lstm_autoencoder,raw,f1,0.5386064030131827,0.5386064030131827,0.0,0.0,SUCCESS
E5_DT60_PD20_SEED42,60,0.2,29.633019406392695,57.0,anomaly_detection,None,lstm_autoencoder,raw,false_positive_rate,0.028731045490822026,0.028731045490822026,0.0,0.0,SUCCESS
E5_DT60_PD20_SEED42,60,0.2,29.633019406392695,57.0,anomaly_detection,None,lstm_autoencoder,raw,pr_auc,0.561001698584242,0.561001698584242,0.0,0.0,SUCCESS
E5_DT60_PD20_SEED42,60,0.2,29.633019406392695,57.0,anomaly_detection,None,lstm_autoencoder,raw,roc_auc,0.9493396177043946,0.9493396177043946,0.0,0.0,SUCCESS
E5_DT60_PD20_SEED42,60,0.2,29.633019406392695,57.0,anomaly_detection,None,lstm_autoencoder,raw,detection_latency,1.3442622950819672,1.3442622950819672,0.0,0.0,SUCCESS
E5_DT60_PD20_SEED42,60,0.2,29.633019406392695,57.0,anomaly_detection,None,lstm_autoencoder,raw,threshold,0.0007370078528765589,0.0007370078528765589,0.0,0.0,SUCCESS
E5_DT60_PD20_SEED42,60,0.2,29.633019406392695,57.0,anomaly_detection,None,lstm_autoencoder,residual,precision,0.04711334234408187,0.9568627450980393,-0.9097494027539574,0.9507626955010621,SUCCESS
E5_DT60_PD20_SEED42,60,0.2,29.633019406392695,57.0,anomaly_detection,None,lstm_autoencoder,residual,recall,1.0,1.0,0.0,0.0,SUCCESS
E5_DT60_PD20_SEED42,60,0.2,29.633019406392695,57.0,anomaly_detection,None,lstm_autoencoder,residual,f1,0.08998709201548957,0.9779559118236473,-0.8879688198081577,0.9079845104185875,SUCCESS
E5_DT60_PD20_SEED42,60,0.2,29.633019406392695,57.0,anomaly_detection,None,lstm_autoencoder,residual,false_positive_rate,0.9846368715083799,0.002194732641660016,0.9824421388667198,447.6363636363636,SUCCESS
E5_DT60_PD20_SEED42,60,0.2,29.633019406392695,57.0,anomaly_detection,None,lstm_autoencoder,residual,pr_auc,0.08216259147754193,1.0,-0.9178374085224581,0.9178374085224581,SUCCESS
E5_DT60_PD20_SEED42,60,0.2,29.633019406392695,57.0,anomaly_detection,None,lstm_autoencoder,residual,roc_auc,0.5312667630473747,1.0,-0.46873323695262525,0.46873323695262525,SUCCESS
E5_DT60_PD20_SEED42,60,0.2,29.633019406392695,57.0,anomaly_detection,None,lstm_autoencoder,residual,detection_latency,0.0,0.0,0.0,0.0,SUCCESS
E5_DT60_PD20_SEED42,60,0.2,29.633019406392695,57.0,anomaly_detection,None,lstm_autoencoder,residual,threshold,0.0003816792741417885,0.0003816792741417885,0.0,0.0,SUCCESS
E5_DT300_PD00_SEED42,300,0.0,149.2945205479452,284.0,load_estimation,persistence,None,raw,mae,2.509638156339277,0.4591450760399007,2.0504930802993764,4.465893651707558,SUCCESS
E5_DT300_PD00_SEED42,300,0.0,149.2945205479452,284.0,load_estimation,persistence,None,raw,rmse,3.193901162791038,0.630307824152761,2.563593338638277,4.06720849782275,SUCCESS
E5_DT300_PD00_SEED42,300,0.0,149.2945205479452,284.0,load_estimation,persistence,None,raw,mape,81.12563902637784,14.73210135971861,66.39353766665923,4.506725554318843,SUCCESS
E5_DT300_PD00_SEED42,300,0.0,149.2945205479452,284.0,load_estimation,persistence,None,raw,r2,-0.8835776510456419,0.9266422537549911,-1.810219904800633,-1.9535261828015718,SUCCESS
E5_DT300_PD00_SEED42,300,0.0,149.2945205479452,284.0,load_estimation,xgboost,None,raw,mae,1.875236407874926,0.27343393351933726,1.6018024743555888,5.858096885558314,SUCCESS
E5_DT300_PD00_SEED42,300,0.0,149.2945205479452,284.0,load_estimation,xgboost,None,raw,rmse,2.4261618372736087,0.4129930382953352,2.0131687989782736,4.874582891972716,SUCCESS
E5_DT300_PD00_SEED42,300,0.0,149.2945205479452,284.0,load_estimation,xgboost,None,raw,mape,61.69410288075269,9.063484965162122,52.63061791559056,5.806885333609547,SUCCESS
E5_DT300_PD00_SEED42,300,0.0,149.2945205479452,284.0,load_estimation,xgboost,None,raw,r2,-0.08687629822374165,0.9685061288962542,-1.0553824271199959,-1.0897013406851117,SUCCESS
E5_DT300_PD00_SEED42,300,0.0,149.2945205479452,284.0,load_estimation,lstm,None,raw,mae,1.8779743341239625,0.27593014335030924,1.6020441907736533,5.805977452560396,SUCCESS
E5_DT300_PD00_SEED42,300,0.0,149.2945205479452,284.0,load_estimation,lstm,None,raw,rmse,2.3494852710208862,0.4230368621902369,1.9264484088306493,4.553854713408729,SUCCESS
E5_DT300_PD00_SEED42,300,0.0,149.2945205479452,284.0,load_estimation,lstm,None,raw,mape,62.29242940740781,8.95040488214452,53.34202452526329,5.959733132484005,SUCCESS
E5_DT300_PD00_SEED42,300,0.0,149.2945205479452,284.0,load_estimation,lstm,None,raw,r2,-0.016485925916976285,0.9670456810550092,-0.9835316069719855,-1.0170477219845404,SUCCESS
E5_DT300_PD00_SEED42,300,0.0,149.2945205479452,284.0,anomaly_detection,None,isolation_forest,raw,precision,0.11646586345381527,0.11646586345381527,0.0,0.0,SUCCESS
E5_DT300_PD00_SEED42,300,0.0,149.2945205479452,284.0,anomaly_detection,None,isolation_forest,raw,recall,0.11885245901639344,0.11885245901639344,0.0,0.0,SUCCESS
E5_DT300_PD00_SEED42,300,0.0,149.2945205479452,284.0,anomaly_detection,None,isolation_forest,raw,f1,0.11764705882352941,0.11764705882352941,0.0,0.0,SUCCESS
E5_DT300_PD00_SEED42,300,0.0,149.2945205479452,284.0,anomaly_detection,None,isolation_forest,raw,false_positive_rate,0.04389465283320032,0.04389465283320032,0.0,0.0,SUCCESS
E5_DT300_PD00_SEED42,300,0.0,149.2945205479452,284.0,anomaly_detection,None,isolation_forest,raw,pr_auc,0.09385708598261007,0.09385708598261007,0.0,0.0,SUCCESS
E5_DT300_PD00_SEED42,300,0.0,149.2945205479452,284.0,anomaly_detection,None,isolation_forest,raw,roc_auc,0.7138596875695052,0.7138596875695052,0.0,0.0,SUCCESS
E5_DT300_PD00_SEED42,300,0.0,149.2945205479452,284.0,anomaly_detection,None,isolation_forest,raw,detection_latency,3.2459016393442623,3.2459016393442623,0.0,0.0,SUCCESS
E5_DT300_PD00_SEED42,300,0.0,149.2945205479452,284.0,anomaly_detection,None,isolation_forest,raw,threshold,0.5031683371451802,0.5031683371451802,0.0,0.0,SUCCESS
E5_DT300_PD00_SEED42,300,0.0,149.2945205479452,284.0,anomaly_detection,None,isolation_forest,residual,precision,0.04642313546423135,0.04642313546423135,0.0,0.0,SUCCESS
E5_DT300_PD00_SEED42,300,0.0,149.2945205479452,284.0,anomaly_detection,None,isolation_forest,residual,recall,1.0,1.0,0.0,0.0,SUCCESS
E5_DT300_PD00_SEED42,300,0.0,149.2945205479452,284.0,anomaly_detection,None,isolation_forest,residual,f1,0.08872727272727272,0.08872727272727272,0.0,0.0,SUCCESS
E5_DT300_PD00_SEED42,300,0.0,149.2945205479452,284.0,anomaly_detection,None,isolation_forest,residual,false_positive_rate,1.0,1.0,0.0,0.0,SUCCESS
E5_DT300_PD00_SEED42,300,0.0,149.2945205479452,284.0,anomaly_detection,None,isolation_forest,residual,pr_auc,0.05116584067696152,1.0,-0.9488341593230385,0.9488341593230385,SUCCESS
E5_DT300_PD00_SEED42,300,0.0,149.2945205479452,284.0,anomaly_detection,None,isolation_forest,residual,roc_auc,0.5534487721272224,1.0,-0.44655122787277757,0.44655122787277757,SUCCESS
E5_DT300_PD00_SEED42,300,0.0,149.2945205479452,284.0,anomaly_detection,None,isolation_forest,residual,detection_latency,0.0,0.0,0.0,0.0,SUCCESS
E5_DT300_PD00_SEED42,300,0.0,149.2945205479452,284.0,anomaly_detection,None,isolation_forest,residual,threshold,0.29376565419608197,0.29376565419608197,0.0,0.0,SUCCESS
E5_DT300_PD00_SEED42,300,0.0,149.2945205479452,284.0,anomaly_detection,None,lstm_autoencoder,raw,precision,0.49825783972125437,0.49825783972125437,0.0,0.0,SUCCESS
E5_DT300_PD00_SEED42,300,0.0,149.2945205479452,284.0,anomaly_detection,None,lstm_autoencoder,raw,recall,0.5860655737704918,0.5860655737704918,0.0,0.0,SUCCESS
E5_DT300_PD00_SEED42,300,0.0,149.2945205479452,284.0,anomaly_detection,None,lstm_autoencoder,raw,f1,0.5386064030131827,0.5386064030131827,0.0,0.0,SUCCESS
E5_DT300_PD00_SEED42,300,0.0,149.2945205479452,284.0,anomaly_detection,None,lstm_autoencoder,raw,false_positive_rate,0.028731045490822026,0.028731045490822026,0.0,0.0,SUCCESS
E5_DT300_PD00_SEED42,300,0.0,149.2945205479452,284.0,anomaly_detection,None,lstm_autoencoder,raw,pr_auc,0.561001698584242,0.561001698584242,0.0,0.0,SUCCESS
E5_DT300_PD00_SEED42,300,0.0,149.2945205479452,284.0,anomaly_detection,None,lstm_autoencoder,raw,roc_auc,0.9493396177043946,0.9493396177043946,0.0,0.0,SUCCESS
E5_DT300_PD00_SEED42,300,0.0,149.2945205479452,284.0,anomaly_detection,None,lstm_autoencoder,raw,detection_latency,1.3442622950819672,1.3442622950819672,0.0,0.0,SUCCESS
E5_DT300_PD00_SEED42,300,0.0,149.2945205479452,284.0,anomaly_detection,None,lstm_autoencoder,raw,threshold,0.0007370078528765589,0.0007370078528765589,0.0,0.0,SUCCESS
E5_DT300_PD00_SEED42,300,0.0,149.2945205479452,284.0,anomaly_detection,None,lstm_autoencoder,residual,precision,0.04657377362092002,0.9568627450980393,-0.9102889714771192,0.9513265890437106,SUCCESS
E5_DT300_PD00_SEED42,300,0.0,149.2945205479452,284.0,anomaly_detection,None,lstm_autoencoder,residual,recall,1.0,1.0,0.0,0.0,SUCCESS
E5_DT300_PD00_SEED42,300,0.0,149.2945205479452,284.0,anomaly_detection,None,lstm_autoencoder,residual,f1,0.08900237096480029,0.9779559118236473,-0.8889535408588469,0.9089914280503374,SUCCESS
E5_DT300_PD00_SEED42,300,0.0,149.2945205479452,284.0,anomaly_detection,None,lstm_autoencoder,residual,false_positive_rate,0.996608140462889,0.002194732641660016,0.994413407821229,453.09090909090907,SUCCESS
E5_DT300_PD00_SEED42,300,0.0,149.2945205479452,284.0,anomaly_detection,None,lstm_autoencoder,residual,pr_auc,0.095652044074024,1.0,-0.9043479559259759,0.9043479559259759,SUCCESS
E5_DT300_PD00_SEED42,300,0.0,149.2945205479452,284.0,anomaly_detection,None,lstm_autoencoder,residual,roc_auc,0.6196063872934466,1.0,-0.38039361270655336,0.38039361270655336,SUCCESS
E5_DT300_PD00_SEED42,300,0.0,149.2945205479452,284.0,anomaly_detection,None,lstm_autoencoder,residual,detection_latency,0.0,0.0,0.0,0.0,SUCCESS
E5_DT300_PD00_SEED42,300,0.0,149.2945205479452,284.0,anomaly_detection,None,lstm_autoencoder,residual,threshold,0.0003816792741417885,0.0003816792741417885,0.0,0.0,SUCCESS
E5_DT300_PD05_SEED42,300,0.05,149.30165525114154,284.0,load_estimation,persistence,None,raw,mae,2.44760069790859,0.4591450760399007,1.9884556218686893,4.330778496023528,SUCCESS
E5_DT300_PD05_SEED42,300,0.05,149.30165525114154,284.0,load_estimation,persistence,None,raw,rmse,3.1684142497614,0.630307824152761,2.538106425608639,4.026772837573891,SUCCESS
E5_DT300_PD05_SEED42,300,0.05,149.30165525114154,284.0,load_estimation,persistence,None,raw,mape,79.22532657950369,14.73210135971861,64.49322521978507,4.377734285492108,SUCCESS
E5_DT300_PD05_SEED42,300,0.05,149.30165525114154,284.0,load_estimation,persistence,None,raw,r2,-0.8536361880950674,0.9266422537549911,-1.7802784418500583,-1.9212144003102765,SUCCESS
E5_DT300_PD05_SEED42,300,0.05,149.30165525114154,284.0,load_estimation,xgboost,None,raw,mae,1.8834739923930786,0.27343393351933726,1.6100400588737414,5.888223301881729,SUCCESS
E5_DT300_PD05_SEED42,300,0.05,149.30165525114154,284.0,load_estimation,xgboost,None,raw,rmse,2.4421369293292616,0.4129930382953352,2.0291438910339266,4.913264154304865,SUCCESS
E5_DT300_PD05_SEED42,300,0.05,149.30165525114154,284.0,load_estimation,xgboost,None,raw,mape,61.05538802353855,9.063484965162122,51.99190305837642,5.736414112035373,SUCCESS
E5_DT300_PD05_SEED42,300,0.05,149.30165525114154,284.0,load_estimation,xgboost,None,raw,r2,-0.10123652096198876,0.9685061288962542,-1.069742649858243,-1.1045285289803604,SUCCESS
E5_DT300_PD05_SEED42,300,0.05,149.30165525114154,284.0,load_estimation,lstm,None,raw,mae,1.8241038770309352,0.27593014335030924,1.548173733680626,5.610745222986131,SUCCESS
E5_DT300_PD05_SEED42,300,0.05,149.30165525114154,284.0,load_estimation,lstm,None,raw,rmse,2.279574647909198,0.4230368621902369,1.856537785718961,4.388595774152864,SUCCESS
E5_DT300_PD05_SEED42,300,0.05,149.30165525114154,284.0,load_estimation,lstm,None,raw,mape,60.02009311561609,8.95040488214452,51.069688233471574,5.70585229449813,SUCCESS
E5_DT300_PD05_SEED42,300,0.05,149.30165525114154,284.0,load_estimation,lstm,None,raw,r2,0.04310661340064448,0.9670456810550092,-0.9239390676543647,-0.9554244290159934,SUCCESS
E5_DT300_PD05_SEED42,300,0.05,149.30165525114154,284.0,anomaly_detection,None,isolation_forest,raw,precision,0.11646586345381527,0.11646586345381527,0.0,0.0,SUCCESS
E5_DT300_PD05_SEED42,300,0.05,149.30165525114154,284.0,anomaly_detection,None,isolation_forest,raw,recall,0.11885245901639344,0.11885245901639344,0.0,0.0,SUCCESS
E5_DT300_PD05_SEED42,300,0.05,149.30165525114154,284.0,anomaly_detection,None,isolation_forest,raw,f1,0.11764705882352941,0.11764705882352941,0.0,0.0,SUCCESS
E5_DT300_PD05_SEED42,300,0.05,149.30165525114154,284.0,anomaly_detection,None,isolation_forest,raw,false_positive_rate,0.04389465283320032,0.04389465283320032,0.0,0.0,SUCCESS
E5_DT300_PD05_SEED42,300,0.05,149.30165525114154,284.0,anomaly_detection,None,isolation_forest,raw,pr_auc,0.09385708598261007,0.09385708598261007,0.0,0.0,SUCCESS
E5_DT300_PD05_SEED42,300,0.05,149.30165525114154,284.0,anomaly_detection,None,isolation_forest,raw,roc_auc,0.7138596875695052,0.7138596875695052,0.0,0.0,SUCCESS
E5_DT300_PD05_SEED42,300,0.05,149.30165525114154,284.0,anomaly_detection,None,isolation_forest,raw,detection_latency,3.2459016393442623,3.2459016393442623,0.0,0.0,SUCCESS
E5_DT300_PD05_SEED42,300,0.05,149.30165525114154,284.0,anomaly_detection,None,isolation_forest,raw,threshold,0.5031683371451802,0.5031683371451802,0.0,0.0,SUCCESS
E5_DT300_PD05_SEED42,300,0.05,149.30165525114154,284.0,anomaly_detection,None,isolation_forest,residual,precision,0.04642313546423135,0.04642313546423135,0.0,0.0,SUCCESS
E5_DT300_PD05_SEED42,300,0.05,149.30165525114154,284.0,anomaly_detection,None,isolation_forest,residual,recall,1.0,1.0,0.0,0.0,SUCCESS
E5_DT300_PD05_SEED42,300,0.05,149.30165525114154,284.0,anomaly_detection,None,isolation_forest,residual,f1,0.08872727272727272,0.08872727272727272,0.0,0.0,SUCCESS
E5_DT300_PD05_SEED42,300,0.05,149.30165525114154,284.0,anomaly_detection,None,isolation_forest,residual,false_positive_rate,1.0,1.0,0.0,0.0,SUCCESS
E5_DT300_PD05_SEED42,300,0.05,149.30165525114154,284.0,anomaly_detection,None,isolation_forest,residual,pr_auc,0.046108216703211954,1.0,-0.953891783296788,0.953891783296788,SUCCESS
E5_DT300_PD05_SEED42,300,0.05,149.30165525114154,284.0,anomaly_detection,None,isolation_forest,residual,roc_auc,0.5173894129499038,1.0,-0.4826105870500962,0.4826105870500962,SUCCESS
E5_DT300_PD05_SEED42,300,0.05,149.30165525114154,284.0,anomaly_detection,None,isolation_forest,residual,detection_latency,0.0,0.0,0.0,0.0,SUCCESS
E5_DT300_PD05_SEED42,300,0.05,149.30165525114154,284.0,anomaly_detection,None,isolation_forest,residual,threshold,0.29376565419608197,0.29376565419608197,0.0,0.0,SUCCESS
E5_DT300_PD05_SEED42,300,0.05,149.30165525114154,284.0,anomaly_detection,None,lstm_autoencoder,raw,precision,0.49825783972125437,0.49825783972125437,0.0,0.0,SUCCESS
E5_DT300_PD05_SEED42,300,0.05,149.30165525114154,284.0,anomaly_detection,None,lstm_autoencoder,raw,recall,0.5860655737704918,0.5860655737704918,0.0,0.0,SUCCESS
E5_DT300_PD05_SEED42,300,0.05,149.30165525114154,284.0,anomaly_detection,None,lstm_autoencoder,raw,f1,0.5386064030131827,0.5386064030131827,0.0,0.0,SUCCESS
E5_DT300_PD05_SEED42,300,0.05,149.30165525114154,284.0,anomaly_detection,None,lstm_autoencoder,raw,false_positive_rate,0.028731045490822026,0.028731045490822026,0.0,0.0,SUCCESS
E5_DT300_PD05_SEED42,300,0.05,149.30165525114154,284.0,anomaly_detection,None,lstm_autoencoder,raw,pr_auc,0.561001698584242,0.561001698584242,0.0,0.0,SUCCESS
E5_DT300_PD05_SEED42,300,0.05,149.30165525114154,284.0,anomaly_detection,None,lstm_autoencoder,raw,roc_auc,0.9493396177043946,0.9493396177043946,0.0,0.0,SUCCESS
E5_DT300_PD05_SEED42,300,0.05,149.30165525114154,284.0,anomaly_detection,None,lstm_autoencoder,raw,detection_latency,1.3442622950819672,1.3442622950819672,0.0,0.0,SUCCESS
E5_DT300_PD05_SEED42,300,0.05,149.30165525114154,284.0,anomaly_detection,None,lstm_autoencoder,raw,threshold,0.0007370078528765589,0.0007370078528765589,0.0,0.0,SUCCESS
E5_DT300_PD05_SEED42,300,0.05,149.30165525114154,284.0,anomaly_detection,None,lstm_autoencoder,residual,precision,0.046556000763213125,0.9568627450980393,-0.9103067443348262,0.951345163136806,SUCCESS
E5_DT300_PD05_SEED42,300,0.05,149.30165525114154,284.0,anomaly_detection,None,lstm_autoencoder,residual,recall,1.0,1.0,0.0,0.0,SUCCESS
E5_DT300_PD05_SEED42,300,0.05,149.30165525114154,284.0,anomaly_detection,None,lstm_autoencoder,residual,f1,0.08896991795806745,0.9779559118236473,-0.8889859938655799,0.9090246125797631,SUCCESS
E5_DT300_PD05_SEED42,300,0.05,149.30165525114154,284.0,anomaly_detection,None,lstm_autoencoder,residual,false_positive_rate,0.9970071827613727,0.002194732641660016,0.9948124501197126,453.27272727272725,SUCCESS
E5_DT300_PD05_SEED42,300,0.05,149.30165525114154,284.0,anomaly_detection,None,lstm_autoencoder,residual,pr_auc,0.09233539519659317,1.0,-0.9076646048034068,0.9076646048034068,SUCCESS
E5_DT300_PD05_SEED42,300,0.05,149.30165525114154,284.0,anomaly_detection,None,lstm_autoencoder,residual,roc_auc,0.5848218374262426,1.0,-0.4151781625737574,0.4151781625737574,SUCCESS
E5_DT300_PD05_SEED42,300,0.05,149.30165525114154,284.0,anomaly_detection,None,lstm_autoencoder,residual,detection_latency,0.0,0.0,0.0,0.0,SUCCESS
E5_DT300_PD05_SEED42,300,0.05,149.30165525114154,284.0,anomaly_detection,None,lstm_autoencoder,residual,threshold,0.0003816792741417885,0.0003816792741417885,0.0,0.0,SUCCESS
E5_DT300_PD10_SEED42,300,0.1,149.31732305936072,284.04999999999563,load_estimation,persistence,None,raw,mae,2.4748482302035373,0.4591450760399007,2.0157031541636368,4.390122554615979,SUCCESS
E5_DT300_PD10_SEED42,300,0.1,149.31732305936072,284.04999999999563,load_estimation,persistence,None,raw,rmse,3.1529531409647396,0.630307824152761,2.5226453168119787,4.002243380371861,SUCCESS
E5_DT300_PD10_SEED42,300,0.1,149.31732305936072,284.04999999999563,load_estimation,persistence,None,raw,mape,82.38192373039603,14.73210135971861,67.64982237067741,4.59200087746135,SUCCESS
E5_DT300_PD10_SEED42,300,0.1,149.31732305936072,284.04999999999563,load_estimation,persistence,None,raw,r2,-0.8355897185973236,0.9266422537549911,-1.7622319723523145,-1.9017392798691193,SUCCESS
E5_DT300_PD10_SEED42,300,0.1,149.31732305936072,284.04999999999563,load_estimation,xgboost,None,raw,mae,1.9286227176586788,0.27343393351933726,1.6551887841393416,6.0533407936447166,SUCCESS
E5_DT300_PD10_SEED42,300,0.1,149.31732305936072,284.04999999999563,load_estimation,xgboost,None,raw,rmse,2.490935874744295,0.4129930382953352,2.07794283644896,5.031423398868539,SUCCESS
E5_DT300_PD10_SEED42,300,0.1,149.31732305936072,284.04999999999563,load_estimation,xgboost,None,raw,mape,65.53745524076776,9.063484965162122,56.47397027560564,6.2309332991314195,SUCCESS
E5_DT300_PD10_SEED42,300,0.1,149.31732305936072,284.04999999999563,load_estimation,xgboost,None,raw,r2,-0.14568619141116868,0.9685061288962542,-1.1141923203074229,-1.150423613299379,SUCCESS
E5_DT300_PD10_SEED42,300,0.1,149.31732305936072,284.04999999999563,load_estimation,lstm,None,raw,mae,1.8406073815640815,0.27593014335030924,1.5646772382137724,5.670555667516631,SUCCESS
E5_DT300_PD10_SEED42,300,0.1,149.31732305936072,284.04999999999563,load_estimation,lstm,None,raw,rmse,2.322001791069221,0.4230368621902369,1.898964928878984,4.48888760910162,SUCCESS
E5_DT300_PD10_SEED42,300,0.1,149.31732305936072,284.04999999999563,load_estimation,lstm,None,raw,mape,59.83106743972931,8.95040488214452,50.88066255758479,5.684733062644845,SUCCESS
E5_DT300_PD10_SEED42,300,0.1,149.31732305936072,284.04999999999563,load_estimation,lstm,None,raw,r2,0.00715599655529664,0.9670456810550092,-0.9598896844997126,-0.9926001463059224,SUCCESS
E5_DT300_PD10_SEED42,300,0.1,149.31732305936072,284.04999999999563,anomaly_detection,None,isolation_forest,raw,precision,0.11646586345381527,0.11646586345381527,0.0,0.0,SUCCESS
E5_DT300_PD10_SEED42,300,0.1,149.31732305936072,284.04999999999563,anomaly_detection,None,isolation_forest,raw,recall,0.11885245901639344,0.11885245901639344,0.0,0.0,SUCCESS
E5_DT300_PD10_SEED42,300,0.1,149.31732305936072,284.04999999999563,anomaly_detection,None,isolation_forest,raw,f1,0.11764705882352941,0.11764705882352941,0.0,0.0,SUCCESS
E5_DT300_PD10_SEED42,300,0.1,149.31732305936072,284.04999999999563,anomaly_detection,None,isolation_forest,raw,false_positive_rate,0.04389465283320032,0.04389465283320032,0.0,0.0,SUCCESS
E5_DT300_PD10_SEED42,300,0.1,149.31732305936072,284.04999999999563,anomaly_detection,None,isolation_forest,raw,pr_auc,0.09385708598261007,0.09385708598261007,0.0,0.0,SUCCESS
E5_DT300_PD10_SEED42,300,0.1,149.31732305936072,284.04999999999563,anomaly_detection,None,isolation_forest,raw,roc_auc,0.7138596875695052,0.7138596875695052,0.0,0.0,SUCCESS
E5_DT300_PD10_SEED42,300,0.1,149.31732305936072,284.04999999999563,anomaly_detection,None,isolation_forest,raw,detection_latency,3.2459016393442623,3.2459016393442623,0.0,0.0,SUCCESS
E5_DT300_PD10_SEED42,300,0.1,149.31732305936072,284.04999999999563,anomaly_detection,None,isolation_forest,raw,threshold,0.5031683371451802,0.5031683371451802,0.0,0.0,SUCCESS
E5_DT300_PD10_SEED42,300,0.1,149.31732305936072,284.04999999999563,anomaly_detection,None,isolation_forest,residual,precision,0.04642313546423135,0.04642313546423135,0.0,0.0,SUCCESS
E5_DT300_PD10_SEED42,300,0.1,149.31732305936072,284.04999999999563,anomaly_detection,None,isolation_forest,residual,recall,1.0,1.0,0.0,0.0,SUCCESS
E5_DT300_PD10_SEED42,300,0.1,149.31732305936072,284.04999999999563,anomaly_detection,None,isolation_forest,residual,f1,0.08872727272727272,0.08872727272727272,0.0,0.0,SUCCESS
E5_DT300_PD10_SEED42,300,0.1,149.31732305936072,284.04999999999563,anomaly_detection,None,isolation_forest,residual,false_positive_rate,1.0,1.0,0.0,0.0,SUCCESS
E5_DT300_PD10_SEED42,300,0.1,149.31732305936072,284.04999999999563,anomaly_detection,None,isolation_forest,residual,pr_auc,0.0449780873803033,1.0,-0.9550219126196967,0.9550219126196967,SUCCESS
E5_DT300_PD10_SEED42,300,0.1,149.31732305936072,284.04999999999563,anomaly_detection,None,isolation_forest,residual,roc_auc,0.5071181623120904,1.0,-0.4928818376879096,0.4928818376879096,SUCCESS
E5_DT300_PD10_SEED42,300,0.1,149.31732305936072,284.04999999999563,anomaly_detection,None,isolation_forest,residual,detection_latency,0.0,0.0,0.0,0.0,SUCCESS
E5_DT300_PD10_SEED42,300,0.1,149.31732305936072,284.04999999999563,anomaly_detection,None,isolation_forest,residual,threshold,0.29376565419608197,0.29376565419608197,0.0,0.0,SUCCESS
E5_DT300_PD10_SEED42,300,0.1,149.31732305936072,284.04999999999563,anomaly_detection,None,lstm_autoencoder,raw,precision,0.49825783972125437,0.49825783972125437,0.0,0.0,SUCCESS
E5_DT300_PD10_SEED42,300,0.1,149.31732305936072,284.04999999999563,anomaly_detection,None,lstm_autoencoder,raw,recall,0.5860655737704918,0.5860655737704918,0.0,0.0,SUCCESS
E5_DT300_PD10_SEED42,300,0.1,149.31732305936072,284.04999999999563,anomaly_detection,None,lstm_autoencoder,raw,f1,0.5386064030131827,0.5386064030131827,0.0,0.0,SUCCESS
E5_DT300_PD10_SEED42,300,0.1,149.31732305936072,284.04999999999563,anomaly_detection,None,lstm_autoencoder,raw,false_positive_rate,0.028731045490822026,0.028731045490822026,0.0,0.0,SUCCESS
E5_DT300_PD10_SEED42,300,0.1,149.31732305936072,284.04999999999563,anomaly_detection,None,lstm_autoencoder,raw,pr_auc,0.561001698584242,0.561001698584242,0.0,0.0,SUCCESS
E5_DT300_PD10_SEED42,300,0.1,149.31732305936072,284.04999999999563,anomaly_detection,None,lstm_autoencoder,raw,roc_auc,0.9493396177043946,0.9493396177043946,0.0,0.0,SUCCESS
E5_DT300_PD10_SEED42,300,0.1,149.31732305936072,284.04999999999563,anomaly_detection,None,lstm_autoencoder,raw,detection_latency,1.3442622950819672,1.3442622950819672,0.0,0.0,SUCCESS
E5_DT300_PD10_SEED42,300,0.1,149.31732305936072,284.04999999999563,anomaly_detection,None,lstm_autoencoder,raw,threshold,0.0007370078528765589,0.0007370078528765589,0.0,0.0,SUCCESS
E5_DT300_PD10_SEED42,300,0.1,149.31732305936072,284.04999999999563,anomaly_detection,None,lstm_autoencoder,residual,precision,0.04657377362092002,0.9568627450980393,-0.9102889714771192,0.9513265890437106,SUCCESS
E5_DT300_PD10_SEED42,300,0.1,149.31732305936072,284.04999999999563,anomaly_detection,None,lstm_autoencoder,residual,recall,1.0,1.0,0.0,0.0,SUCCESS
E5_DT300_PD10_SEED42,300,0.1,149.31732305936072,284.04999999999563,anomaly_detection,None,lstm_autoencoder,residual,f1,0.08900237096480029,0.9779559118236473,-0.8889535408588469,0.9089914280503374,SUCCESS
E5_DT300_PD10_SEED42,300,0.1,149.31732305936072,284.04999999999563,anomaly_detection,None,lstm_autoencoder,residual,false_positive_rate,0.996608140462889,0.002194732641660016,0.994413407821229,453.09090909090907,SUCCESS
E5_DT300_PD10_SEED42,300,0.1,149.31732305936072,284.04999999999563,anomaly_detection,None,lstm_autoencoder,residual,pr_auc,0.11499954528007433,1.0,-0.8850004547199257,0.8850004547199257,SUCCESS
E5_DT300_PD10_SEED42,300,0.1,149.31732305936072,284.04999999999563,anomaly_detection,None,lstm_autoencoder,residual,roc_auc,0.6025358810984783,1.0,-0.39746411890152167,0.39746411890152167,SUCCESS
E5_DT300_PD10_SEED42,300,0.1,149.31732305936072,284.04999999999563,anomaly_detection,None,lstm_autoencoder,residual,detection_latency,0.0,0.0,0.0,0.0,SUCCESS
E5_DT300_PD10_SEED42,300,0.1,149.31732305936072,284.04999999999563,anomaly_detection,None,lstm_autoencoder,residual,threshold,0.0003816792741417885,0.0003816792741417885,0.0,0.0,SUCCESS
E5_DT300_PD20_SEED42,300,0.2,149.3620719178082,285.0,load_estimation,persistence,None,raw,mae,2.5345082718487744,0.4591450760399007,2.075363195808874,4.520059789617608,SUCCESS
E5_DT300_PD20_SEED42,300,0.2,149.3620719178082,285.0,load_estimation,persistence,None,raw,rmse,3.2543033571172257,0.630307824152761,2.623995532964465,4.163038173437801,SUCCESS
E5_DT300_PD20_SEED42,300,0.2,149.3620719178082,285.0,load_estimation,persistence,None,raw,mape,85.44861354939036,14.73210135971861,70.71651218967175,4.8001646515295535,SUCCESS
E5_DT300_PD20_SEED42,300,0.2,149.3620719178082,285.0,load_estimation,persistence,None,raw,r2,-0.955494740648565,0.9266422537549911,-1.882136994403556,-2.031136597512855,SUCCESS
E5_DT300_PD20_SEED42,300,0.2,149.3620719178082,285.0,load_estimation,xgboost,None,raw,mae,1.9217800605514823,0.27343393351933726,1.6483461270321451,6.028315892678236,SUCCESS
E5_DT300_PD20_SEED42,300,0.2,149.3620719178082,285.0,load_estimation,xgboost,None,raw,rmse,2.479220503761423,0.4129930382953352,2.066227465466088,5.00305640500533,SUCCESS
E5_DT300_PD20_SEED42,300,0.2,149.3620719178082,285.0,load_estimation,xgboost,None,raw,mape,64.7746388128392,9.063484965162122,55.71115384767708,6.146769599311688,SUCCESS
E5_DT300_PD20_SEED42,300,0.2,149.3620719178082,285.0,load_estimation,xgboost,None,raw,r2,-0.13493475024170287,0.9685061288962542,-1.103440879137957,-1.1393225568902487,SUCCESS
E5_DT300_PD20_SEED42,300,0.2,149.3620719178082,285.0,load_estimation,lstm,None,raw,mae,1.8516274621831557,0.27593014335030924,1.5756973188328465,5.710493604290299,SUCCESS
E5_DT300_PD20_SEED42,300,0.2,149.3620719178082,285.0,load_estimation,lstm,None,raw,rmse,2.325147344367812,0.4230368621902369,1.902110482177575,4.496323257338762,SUCCESS
E5_DT300_PD20_SEED42,300,0.2,149.3620719178082,285.0,load_estimation,lstm,None,raw,mape,59.52588344855144,8.95040488214452,50.57547856640692,5.650635835179003,SUCCESS
E5_DT300_PD20_SEED42,300,0.2,149.3620719178082,285.0,load_estimation,lstm,None,raw,r2,0.0044642164768636805,0.9670456810550092,-0.9625814645781455,-0.9953836550182475,SUCCESS
E5_DT300_PD20_SEED42,300,0.2,149.3620719178082,285.0,anomaly_detection,None,isolation_forest,raw,precision,0.11646586345381527,0.11646586345381527,0.0,0.0,SUCCESS
E5_DT300_PD20_SEED42,300,0.2,149.3620719178082,285.0,anomaly_detection,None,isolation_forest,raw,recall,0.11885245901639344,0.11885245901639344,0.0,0.0,SUCCESS
E5_DT300_PD20_SEED42,300,0.2,149.3620719178082,285.0,anomaly_detection,None,isolation_forest,raw,f1,0.11764705882352941,0.11764705882352941,0.0,0.0,SUCCESS
E5_DT300_PD20_SEED42,300,0.2,149.3620719178082,285.0,anomaly_detection,None,isolation_forest,raw,false_positive_rate,0.04389465283320032,0.04389465283320032,0.0,0.0,SUCCESS
E5_DT300_PD20_SEED42,300,0.2,149.3620719178082,285.0,anomaly_detection,None,isolation_forest,raw,pr_auc,0.09385708598261007,0.09385708598261007,0.0,0.0,SUCCESS
E5_DT300_PD20_SEED42,300,0.2,149.3620719178082,285.0,anomaly_detection,None,isolation_forest,raw,roc_auc,0.7138596875695052,0.7138596875695052,0.0,0.0,SUCCESS
E5_DT300_PD20_SEED42,300,0.2,149.3620719178082,285.0,anomaly_detection,None,isolation_forest,raw,detection_latency,3.2459016393442623,3.2459016393442623,0.0,0.0,SUCCESS
E5_DT300_PD20_SEED42,300,0.2,149.3620719178082,285.0,anomaly_detection,None,isolation_forest,raw,threshold,0.5031683371451802,0.5031683371451802,0.0,0.0,SUCCESS
E5_DT300_PD20_SEED42,300,0.2,149.3620719178082,285.0,anomaly_detection,None,isolation_forest,residual,precision,0.04642313546423135,0.04642313546423135,0.0,0.0,SUCCESS
E5_DT300_PD20_SEED42,300,0.2,149.3620719178082,285.0,anomaly_detection,None,isolation_forest,residual,recall,1.0,1.0,0.0,0.0,SUCCESS
E5_DT300_PD20_SEED42,300,0.2,149.3620719178082,285.0,anomaly_detection,None,isolation_forest,residual,f1,0.08872727272727272,0.08872727272727272,0.0,0.0,SUCCESS
E5_DT300_PD20_SEED42,300,0.2,149.3620719178082,285.0,anomaly_detection,None,isolation_forest,residual,false_positive_rate,1.0,1.0,0.0,0.0,SUCCESS
E5_DT300_PD20_SEED42,300,0.2,149.3620719178082,285.0,anomaly_detection,None,isolation_forest,residual,pr_auc,0.038311560893661986,1.0,-0.961688439106338,0.961688439106338,SUCCESS
E5_DT300_PD20_SEED42,300,0.2,149.3620719178082,285.0,anomaly_detection,None,isolation_forest,residual,roc_auc,0.4414503552130624,1.0,-0.5585496447869376,0.5585496447869376,SUCCESS
E5_DT300_PD20_SEED42,300,0.2,149.3620719178082,285.0,anomaly_detection,None,isolation_forest,residual,detection_latency,0.0,0.0,0.0,0.0,SUCCESS
E5_DT300_PD20_SEED42,300,0.2,149.3620719178082,285.0,anomaly_detection,None,isolation_forest,residual,threshold,0.29376565419608197,0.29376565419608197,0.0,0.0,SUCCESS
E5_DT300_PD20_SEED42,300,0.2,149.3620719178082,285.0,anomaly_detection,None,lstm_autoencoder,raw,precision,0.49825783972125437,0.49825783972125437,0.0,0.0,SUCCESS
E5_DT300_PD20_SEED42,300,0.2,149.3620719178082,285.0,anomaly_detection,None,lstm_autoencoder,raw,recall,0.5860655737704918,0.5860655737704918,0.0,0.0,SUCCESS
E5_DT300_PD20_SEED42,300,0.2,149.3620719178082,285.0,anomaly_detection,None,lstm_autoencoder,raw,f1,0.5386064030131827,0.5386064030131827,0.0,0.0,SUCCESS
E5_DT300_PD20_SEED42,300,0.2,149.3620719178082,285.0,anomaly_detection,None,lstm_autoencoder,raw,false_positive_rate,0.028731045490822026,0.028731045490822026,0.0,0.0,SUCCESS
E5_DT300_PD20_SEED42,300,0.2,149.3620719178082,285.0,anomaly_detection,None,lstm_autoencoder,raw,pr_auc,0.561001698584242,0.561001698584242,0.0,0.0,SUCCESS
E5_DT300_PD20_SEED42,300,0.2,149.3620719178082,285.0,anomaly_detection,None,lstm_autoencoder,raw,roc_auc,0.9493396177043946,0.9493396177043946,0.0,0.0,SUCCESS
E5_DT300_PD20_SEED42,300,0.2,149.3620719178082,285.0,anomaly_detection,None,lstm_autoencoder,raw,detection_latency,1.3442622950819672,1.3442622950819672,0.0,0.0,SUCCESS
E5_DT300_PD20_SEED42,300,0.2,149.3620719178082,285.0,anomaly_detection,None,lstm_autoencoder,raw,threshold,0.0007370078528765589,0.0007370078528765589,0.0,0.0,SUCCESS
E5_DT300_PD20_SEED42,300,0.2,149.3620719178082,285.0,anomaly_detection,None,lstm_autoencoder,residual,precision,0.046564885496183206,0.9568627450980393,-0.910297859601856,0.9513358778625954,SUCCESS
E5_DT300_PD20_SEED42,300,0.2,149.3620719178082,285.0,anomaly_detection,None,lstm_autoencoder,residual,recall,1.0,1.0,0.0,0.0,SUCCESS
E5_DT300_PD20_SEED42,300,0.2,149.3620719178082,285.0,anomaly_detection,None,lstm_autoencoder,residual,f1,0.08898614150255289,0.9779559118236473,-0.8889697703210944,0.9090080233406272,SUCCESS
E5_DT300_PD20_SEED42,300,0.2,149.3620719178082,285.0,anomaly_detection,None,lstm_autoencoder,residual,false_positive_rate,0.9968076616121309,0.002194732641660016,0.9946129289704708,453.1818181818182,SUCCESS
E5_DT300_PD20_SEED42,300,0.2,149.3620719178082,285.0,anomaly_detection,None,lstm_autoencoder,residual,pr_auc,0.08534899135880117,1.0,-0.9146510086411989,0.9146510086411989,SUCCESS
E5_DT300_PD20_SEED42,300,0.2,149.3620719178082,285.0,anomaly_detection,None,lstm_autoencoder,residual,roc_auc,0.5492432915102116,1.0,-0.45075670848978844,0.45075670848978844,SUCCESS
E5_DT300_PD20_SEED42,300,0.2,149.3620719178082,285.0,anomaly_detection,None,lstm_autoencoder,residual,detection_latency,0.0,0.0,0.0,0.0,SUCCESS
E5_DT300_PD20_SEED42,300,0.2,149.3620719178082,285.0,anomaly_detection,None,lstm_autoencoder,residual,threshold,0.0003816792741417885,0.0003816792741417885,0.0,0.0,SUCCESS
