condition_id,staleness_seconds,packet_drop_rate,realized_mean_aoi,realized_p95_aoi,task,model,detector,representation,metric,value,baseline_value,absolute_delta,relative_degradation,status,metric_direction,absolute_degradation,normalized_degradation
E5_DT0_PD00_SEED42,0,0.0,0.0,0.0,load_estimation,persistence,,raw,mae,0.4591450760399007,0.4591450760399007,0.0,0.0,SUCCESS,lower_better,0.0,0.0
E5_DT0_PD00_SEED42,0,0.0,0.0,0.0,load_estimation,persistence,,raw,rmse,0.630307824152761,0.630307824152761,0.0,0.0,SUCCESS,lower_better,0.0,0.0
E5_DT0_PD00_SEED42,0,0.0,0.0,0.0,load_estimation,persistence,,raw,mape,14.73210135971861,14.73210135971861,0.0,0.0,SUCCESS,lower_better,0.0,0.0
E5_DT0_PD00_SEED42,0,0.0,0.0,0.0,load_estimation,persistence,,raw,r2,0.9266422537549912,0.9266422537549912,0.0,0.0,SUCCESS,lower_better,0.0,0.0
E5_DT0_PD00_SEED42,0,0.0,0.0,0.0,load_estimation,xgboost,,raw,mae,0.2734339335193372,0.2734339335193372,0.0,0.0,SUCCESS,lower_better,0.0,0.0
E5_DT0_PD00_SEED42,0,0.0,0.0,0.0,load_estimation,xgboost,,raw,rmse,0.4129930382953352,0.4129930382953352,0.0,0.0,SUCCESS,lower_better,0.0,0.0
E5_DT0_PD00_SEED42,0,0.0,0.0,0.0,load_estimation,xgboost,,raw,mape,9.063484965162122,9.063484965162122,0.0,0.0,SUCCESS,lower_better,0.0,0.0
E5_DT0_PD00_SEED42,0,0.0,0.0,0.0,load_estimation,xgboost,,raw,r2,0.9685061288962542,0.9685061288962542,0.0,0.0,SUCCESS,lower_better,0.0,0.0
E5_DT0_PD00_SEED42,0,0.0,0.0,0.0,load_estimation,lstm,,raw,mae,0.2759301433503092,0.2759301433503092,0.0,0.0,SUCCESS,lower_better,0.0,0.0
E5_DT0_PD00_SEED42,0,0.0,0.0,0.0,load_estimation,lstm,,raw,rmse,0.4230368621902369,0.4230368621902369,0.0,0.0,SUCCESS,lower_better,0.0,0.0
E5_DT0_PD00_SEED42,0,0.0,0.0,0.0,load_estimation,lstm,,raw,mape,8.95040488214452,8.95040488214452,0.0,0.0,SUCCESS,lower_better,0.0,0.0
E5_DT0_PD00_SEED42,0,0.0,0.0,0.0,load_estimation,lstm,,raw,r2,0.9670456810550092,0.9670456810550092,0.0,0.0,SUCCESS,lower_better,0.0,0.0
E5_DT0_PD00_SEED42,0,0.0,0.0,0.0,anomaly_detection,isolation_forest,isolation_forest,raw,precision,0.1164658634538152,0.1164658634538152,0.0,0.0,SUCCESS,higher_better,0.0,0.0
E5_DT0_PD00_SEED42,0,0.0,0.0,0.0,anomaly_detection,isolation_forest,isolation_forest,raw,recall,0.1188524590163934,0.1188524590163934,0.0,0.0,SUCCESS,higher_better,0.0,0.0
E5_DT0_PD00_SEED42,0,0.0,0.0,0.0,anomaly_detection,isolation_forest,isolation_forest,raw,f1,0.1176470588235294,0.1176470588235294,0.0,0.0,SUCCESS,higher_better,0.0,0.0
E5_DT0_PD00_SEED42,0,0.0,0.0,0.0,anomaly_detection,isolation_forest,isolation_forest,raw,false_positive_rate,0.0438946528332003,0.0438946528332003,0.0,0.0,SUCCESS,lower_better,0.0,0.0
E5_DT0_PD00_SEED42,0,0.0,0.0,0.0,anomaly_detection,isolation_forest,isolation_forest,raw,pr_auc,0.09385708598261,0.09385708598261,0.0,0.0,SUCCESS,higher_better,0.0,0.0
E5_DT0_PD00_SEED42,0,0.0,0.0,0.0,anomaly_detection,isolation_forest,isolation_forest,raw,roc_auc,0.7138596875695052,0.7138596875695052,0.0,0.0,SUCCESS,higher_better,0.0,0.0
E5_DT0_PD00_SEED42,0,0.0,0.0,0.0,anomaly_detection,isolation_forest,isolation_forest,raw,detection_latency,3.2459016393442623,3.2459016393442623,0.0,0.0,SUCCESS,lower_better,0.0,0.0
E5_DT0_PD00_SEED42,0,0.0,0.0,0.0,anomaly_detection,isolation_forest,isolation_forest,raw,threshold,0.5031683371451802,0.5031683371451802,0.0,0.0,SUCCESS,lower_better,0.0,0.0
E5_DT0_PD00_SEED42,0,0.0,0.0,0.0,anomaly_detection,isolation_forest,isolation_forest,residual,precision,0.0464231354642313,0.0464231354642313,0.0,0.0,SUCCESS,higher_better,0.0,0.0
E5_DT0_PD00_SEED42,0,0.0,0.0,0.0,anomaly_detection,isolation_forest,isolation_forest,residual,recall,1.0,1.0,0.0,0.0,SUCCESS,higher_better,0.0,0.0
E5_DT0_PD00_SEED42,0,0.0,0.0,0.0,anomaly_detection,isolation_forest,isolation_forest,residual,f1,0.0887272727272727,0.0887272727272727,0.0,0.0,SUCCESS,higher_better,0.0,0.0
E5_DT0_PD00_SEED42,0,0.0,0.0,0.0,anomaly_detection,isolation_forest,isolation_forest,residual,false_positive_rate,1.0,1.0,0.0,0.0,SUCCESS,lower_better,0.0,0.0
E5_DT0_PD00_SEED42,0,0.0,0.0,0.0,anomaly_detection,isolation_forest,isolation_forest,residual,pr_auc,1.0,1.0,0.0,0.0,SUCCESS,higher_better,0.0,0.0
E5_DT0_PD00_SEED42,0,0.0,0.0,0.0,anomaly_detection,isolation_forest,isolation_forest,residual,roc_auc,1.0,1.0,0.0,0.0,SUCCESS,higher_better,0.0,0.0
E5_DT0_PD00_SEED42,0,0.0,0.0,0.0,anomaly_detection,isolation_forest,isolation_forest,residual,detection_latency,0.0,0.0,0.0,0.0,SUCCESS,lower_better,0.0,0.0
E5_DT0_PD00_SEED42,0,0.0,0.0,0.0,anomaly_detection,isolation_forest,isolation_forest,residual,threshold,0.2937656541960819,0.2937656541960819,0.0,0.0,SUCCESS,lower_better,0.0,0.0
E5_DT0_PD00_SEED42,0,0.0,0.0,0.0,anomaly_detection,lstm_autoencoder,lstm_autoencoder,raw,precision,0.4982578397212543,0.4982578397212543,0.0,0.0,SUCCESS,higher_better,0.0,0.0
E5_DT0_PD00_SEED42,0,0.0,0.0,0.0,anomaly_detection,lstm_autoencoder,lstm_autoencoder,raw,recall,0.5860655737704918,0.5860655737704918,0.0,0.0,SUCCESS,higher_better,0.0,0.0
E5_DT0_PD00_SEED42,0,0.0,0.0,0.0,anomaly_detection,lstm_autoencoder,lstm_autoencoder,raw,f1,0.5386064030131827,0.5386064030131827,0.0,0.0,SUCCESS,higher_better,0.0,0.0
E5_DT0_PD00_SEED42,0,0.0,0.0,0.0,anomaly_detection,lstm_autoencoder,lstm_autoencoder,raw,false_positive_rate,0.028731045490822,0.028731045490822,0.0,0.0,SUCCESS,lower_better,0.0,0.0
E5_DT0_PD00_SEED42,0,0.0,0.0,0.0,anomaly_detection,lstm_autoencoder,lstm_autoencoder,raw,pr_auc,0.561001698584242,0.561001698584242,0.0,0.0,SUCCESS,higher_better,0.0,0.0
E5_DT0_PD00_SEED42,0,0.0,0.0,0.0,anomaly_detection,lstm_autoencoder,lstm_autoencoder,raw,roc_auc,0.9493396177043946,0.9493396177043946,0.0,0.0,SUCCESS,higher_better,0.0,0.0
E5_DT0_PD00_SEED42,0,0.0,0.0,0.0,anomaly_detection,lstm_autoencoder,lstm_autoencoder,raw,detection_latency,1.3442622950819672,1.3442622950819672,0.0,0.0,SUCCESS,lower_better,0.0,0.0
E5_DT0_PD00_SEED42,0,0.0,0.0,0.0,anomaly_detection,lstm_autoencoder,lstm_autoencoder,raw,threshold,0.0007370078528765,0.0007370078528765,0.0,0.0,SUCCESS,lower_better,0.0,0.0
E5_DT0_PD00_SEED42,0,0.0,0.0,0.0,anomaly_detection,lstm_autoencoder,lstm_autoencoder,residual,precision,0.9568627450980391,0.9568627450980391,0.0,0.0,SUCCESS,higher_better,0.0,0.0
E5_DT0_PD00_SEED42,0,0.0,0.0,0.0,anomaly_detection,lstm_autoencoder,lstm_autoencoder,residual,recall,1.0,1.0,0.0,0.0,SUCCESS,higher_better,0.0,0.0
E5_DT0_PD00_SEED42,0,0.0,0.0,0.0,anomaly_detection,lstm_autoencoder,lstm_autoencoder,residual,f1,0.9779559118236472,0.9779559118236472,0.0,0.0,SUCCESS,higher_better,0.0,0.0
E5_DT0_PD00_SEED42,0,0.0,0.0,0.0,anomaly_detection,lstm_autoencoder,lstm_autoencoder,residual,false_positive_rate,0.00219473264166,0.00219473264166,0.0,0.0,SUCCESS,lower_better,0.0,0.0
E5_DT0_PD00_SEED42,0,0.0,0.0,0.0,anomaly_detection,lstm_autoencoder,lstm_autoencoder,residual,pr_auc,1.0,1.0,0.0,0.0,SUCCESS,higher_better,0.0,0.0
E5_DT0_PD00_SEED42,0,0.0,0.0,0.0,anomaly_detection,lstm_autoencoder,lstm_autoencoder,residual,roc_auc,1.0,1.0,0.0,0.0,SUCCESS,higher_better,0.0,0.0
E5_DT0_PD00_SEED42,0,0.0,0.0,0.0,anomaly_detection,lstm_autoencoder,lstm_autoencoder,residual,detection_latency,0.0,0.0,0.0,0.0,SUCCESS,lower_better,0.0,0.0
E5_DT0_PD00_SEED42,0,0.0,0.0,0.0,anomaly_detection,lstm_autoencoder,lstm_autoencoder,residual,threshold,0.0003816792741417,0.0003816792741417,0.0,0.0,SUCCESS,lower_better,0.0,0.0
E5_DT0_PD05_SEED42,0,0.05,0.0534531963470319,1.0,load_estimation,persistence,,raw,mae,0.4680887091468277,0.4591450760399007,0.008943633106927,0.0194788827619917,SUCCESS,lower_better,0.00894363310692703,0.019478882761991785
E5_DT0_PD05_SEED42,0,0.05,0.0534531963470319,1.0,load_estimation,persistence,,raw,rmse,0.6394461138391615,0.630307824152761,0.0091382896864005,0.0144981377927267,SUCCESS,lower_better,0.009138289686400514,0.014498137792726755
E5_DT0_PD05_SEED42,0,0.05,0.0534531963470319,1.0,load_estimation,persistence,,raw,mape,14.953406180024844,14.73210135971861,0.2213048203062335,0.0150219452678582,SUCCESS,lower_better,0.22130482030623355,0.015021945267858283
E5_DT0_PD05_SEED42,0,0.05,0.0534531963470319,1.0,load_estimation,persistence,,raw,r2,0.9244997328237532,0.9266422537549912,-0.0021425209312379,-0.002312133860242,SUCCESS,lower_better,-0.0021425209312380122,-0.0023121338602421484
E5_DT0_PD05_SEED42,0,0.05,0.0534531963470319,1.0,load_estimation,xgboost,,raw,mae,0.2751175934275898,0.2734339335193372,0.0016836599082525,0.0061574651199373,SUCCESS,lower_better,0.0016836599082525883,0.006157465119937354
E5_DT0_PD05_SEED42,0,0.05,0.0534531963470319,1.0,load_estimation,xgboost,,raw,rmse,0.4145709092350699,0.4129930382953352,0.0015778709397347,0.003820575151212,SUCCESS,lower_better,0.0015778709397347157,0.0038205751512120295
E5_DT0_PD05_SEED42,0,0.05,0.0534531963470319,1.0,load_estimation,xgboost,,raw,mape,9.125493651918465,9.063484965162122,0.0620086867563429,0.0068415942647546,SUCCESS,lower_better,0.06200868675634297,0.006841594264754627
E5_DT0_PD05_SEED42,0,0.05,0.0534531963470319,1.0,load_estimation,xgboost,,raw,r2,0.9682650197839812,0.9685061288962542,-0.0002411091122729,-0.0002489494955986,SUCCESS,lower_better,-0.00024110911227304133,-0.0002489494955987716
E5_DT0_PD05_SEED42,0,0.05,0.0534531963470319,1.0,load_estimation,lstm,,raw,mae,0.2761001738403031,0.2759301433503092,0.0001700304899939,0.0006162084646839,SUCCESS,lower_better,0.000170030489993922,0.0006162084646839708
E5_DT0_PD05_SEED42,0,0.05,0.0534531963470319,1.0,load_estimation,lstm,,raw,rmse,0.4230792251779763,0.4230368621902369,4.2362987739463787e-05,0.0001001401805037,SUCCESS,lower_better,4.2362987739408275e-05,0.0001001401805036033
E5_DT0_PD05_SEED42,0,0.05,0.0534531963470319,1.0,load_estimation,lstm,,raw,mape,8.959365985897191,8.95040488214452,0.0089611037526715,0.0010011953504526,SUCCESS,lower_better,0.008961103752671562,0.0010011953504526242
E5_DT0_PD05_SEED42,0,0.05,0.0534531963470319,1.0,load_estimation,lstm,,raw,r2,0.9670390806216465,0.9670456810550092,-6.600433362868863e-06,-6.825358400513248e-06,SUCCESS,lower_better,-6.6004333627578404e-06,-6.825358400398443e-06
E5_DT0_PD05_SEED42,0,0.05,0.0534531963470319,1.0,anomaly_detection,isolation_forest,isolation_forest,raw,precision,0.1164658634538152,0.1164658634538152,0.0,0.0,SUCCESS,higher_better,0.0,0.0
E5_DT0_PD05_SEED42,0,0.05,0.0534531963470319,1.0,anomaly_detection,isolation_forest,isolation_forest,raw,recall,0.1188524590163934,0.1188524590163934,0.0,0.0,SUCCESS,higher_better,0.0,0.0
E5_DT0_PD05_SEED42,0,0.05,0.0534531963470319,1.0,anomaly_detection,isolation_forest,isolation_forest,raw,f1,0.1176470588235294,0.1176470588235294,0.0,0.0,SUCCESS,higher_better,0.0,0.0
E5_DT0_PD05_SEED42,0,0.05,0.0534531963470319,1.0,anomaly_detection,isolation_forest,isolation_forest,raw,false_positive_rate,0.0438946528332003,0.0438946528332003,0.0,0.0,SUCCESS,lower_better,0.0,0.0
E5_DT0_PD05_SEED42,0,0.05,0.0534531963470319,1.0,anomaly_detection,isolation_forest,isolation_forest,raw,pr_auc,0.09385708598261,0.09385708598261,0.0,0.0,SUCCESS,higher_better,0.0,0.0
E5_DT0_PD05_SEED42,0,0.05,0.0534531963470319,1.0,anomaly_detection,isolation_forest,isolation_forest,raw,roc_auc,0.7138596875695052,0.7138596875695052,0.0,0.0,SUCCESS,higher_better,0.0,0.0
E5_DT0_PD05_SEED42,0,0.05,0.0534531963470319,1.0,anomaly_detection,isolation_forest,isolation_forest,raw,detection_latency,3.2459016393442623,3.2459016393442623,0.0,0.0,SUCCESS,lower_better,0.0,0.0
E5_DT0_PD05_SEED42,0,0.05,0.0534531963470319,1.0,anomaly_detection,isolation_forest,isolation_forest,raw,threshold,0.5031683371451802,0.5031683371451802,0.0,0.0,SUCCESS,lower_better,0.0,0.0
E5_DT0_PD05_SEED42,0,0.05,0.0534531963470319,1.0,anomaly_detection,isolation_forest,isolation_forest,residual,precision,0.0464231354642313,0.0464231354642313,0.0,0.0,SUCCESS,higher_better,0.0,0.0
E5_DT0_PD05_SEED42,0,0.05,0.0534531963470319,1.0,anomaly_detection,isolation_forest,isolation_forest,residual,recall,1.0,1.0,0.0,0.0,SUCCESS,higher_better,0.0,0.0
E5_DT0_PD05_SEED42,0,0.05,0.0534531963470319,1.0,anomaly_detection,isolation_forest,isolation_forest,residual,f1,0.0887272727272727,0.0887272727272727,0.0,0.0,SUCCESS,higher_better,0.0,0.0
E5_DT0_PD05_SEED42,0,0.05,0.0534531963470319,1.0,anomaly_detection,isolation_forest,isolation_forest,residual,false_positive_rate,1.0,1.0,0.0,0.0,SUCCESS,lower_better,0.0,0.0
E5_DT0_PD05_SEED42,0,0.05,0.0534531963470319,1.0,anomaly_detection,isolation_forest,isolation_forest,residual,pr_auc,0.3046980188968922,1.0,-0.6953019811031078,0.6953019811031078,SUCCESS,higher_better,0.6953019811031078,0.6953019811031078
E5_DT0_PD05_SEED42,0,0.05,0.0534531963470319,1.0,anomaly_detection,isolation_forest,isolation_forest,residual,roc_auc,0.9515973139874138,1.0,-0.0484026860125862,0.0484026860125862,SUCCESS,higher_better,0.04840268601258624,0.04840268601258624
E5_DT0_PD05_SEED42,0,0.05,0.0534531963470319,1.0,anomaly_detection,isolation_forest,isolation_forest,residual,detection_latency,0.0,0.0,0.0,0.0,SUCCESS,lower_better,0.0,0.0
E5_DT0_PD05_SEED42,0,0.05,0.0534531963470319,1.0,anomaly_detection,isolation_forest,isolation_forest,residual,threshold,0.2937656541960819,0.2937656541960819,0.0,0.0,SUCCESS,lower_better,0.0,0.0
E5_DT0_PD05_SEED42,0,0.05,0.0534531963470319,1.0,anomaly_detection,lstm_autoencoder,lstm_autoencoder,raw,precision,0.4982578397212543,0.4982578397212543,0.0,0.0,SUCCESS,higher_better,0.0,0.0
E5_DT0_PD05_SEED42,0,0.05,0.0534531963470319,1.0,anomaly_detection,lstm_autoencoder,lstm_autoencoder,raw,recall,0.5860655737704918,0.5860655737704918,0.0,0.0,SUCCESS,higher_better,0.0,0.0
E5_DT0_PD05_SEED42,0,0.05,0.0534531963470319,1.0,anomaly_detection,lstm_autoencoder,lstm_autoencoder,raw,f1,0.5386064030131827,0.5386064030131827,0.0,0.0,SUCCESS,higher_better,0.0,0.0
E5_DT0_PD05_SEED42,0,0.05,0.0534531963470319,1.0,anomaly_detection,lstm_autoencoder,lstm_autoencoder,raw,false_positive_rate,0.028731045490822,0.028731045490822,0.0,0.0,SUCCESS,lower_better,0.0,0.0
E5_DT0_PD05_SEED42,0,0.05,0.0534531963470319,1.0,anomaly_detection,lstm_autoencoder,lstm_autoencoder,raw,pr_auc,0.561001698584242,0.561001698584242,0.0,0.0,SUCCESS,higher_better,0.0,0.0
E5_DT0_PD05_SEED42,0,0.05,0.0534531963470319,1.0,anomaly_detection,lstm_autoencoder,lstm_autoencoder,raw,roc_auc,0.9493396177043946,0.9493396177043946,0.0,0.0,SUCCESS,higher_better,0.0,0.0
E5_DT0_PD05_SEED42,0,0.05,0.0534531963470319,1.0,anomaly_detection,lstm_autoencoder,lstm_autoencoder,raw,detection_latency,1.3442622950819672,1.3442622950819672,0.0,0.0,SUCCESS,lower_better,0.0,0.0
E5_DT0_PD05_SEED42,0,0.05,0.0534531963470319,1.0,anomaly_detection,lstm_autoencoder,lstm_autoencoder,raw,threshold,0.0007370078528765,0.0007370078528765,0.0,0.0,SUCCESS,lower_better,0.0,0.0
E5_DT0_PD05_SEED42,0,0.05,0.0534531963470319,1.0,anomaly_detection,lstm_autoencoder,lstm_autoencoder,residual,precision,0.4728682170542636,0.9568627450980391,-0.4839945280437757,0.5058139534883721,SUCCESS,higher_better,0.4839945280437756,0.5058139534883721
E5_DT0_PD05_SEED42,0,0.05,0.0534531963470319,1.0,anomaly_detection,lstm_autoencoder,lstm_autoencoder,residual,recall,1.0,1.0,0.0,0.0,SUCCESS,higher_better,0.0,0.0
E5_DT0_PD05_SEED42,0,0.05,0.0534531963470319,1.0,anomaly_detection,lstm_autoencoder,lstm_autoencoder,residual,f1,0.6421052631578947,0.9779559118236472,-0.3358506486657525,0.3434210526315789,SUCCESS,higher_better,0.3358506486657524,0.34342105263157885
E5_DT0_PD05_SEED42,0,0.05,0.0534531963470319,1.0,anomaly_detection,lstm_autoencoder,lstm_autoencoder,residual,false_positive_rate,0.0542697525937749,0.00219473264166,0.0520750199521149,23.72727272727273,SUCCESS,lower_better,0.0520750199521149,23.72727272727289
E5_DT0_PD05_SEED42,0,0.05,0.0534531963470319,1.0,anomaly_detection,lstm_autoencoder,lstm_autoencoder,residual,pr_auc,0.5390090549140275,1.0,-0.4609909450859725,0.4609909450859725,SUCCESS,higher_better,0.4609909450859725,0.4609909450859725
E5_DT0_PD05_SEED42,0,0.05,0.0534531963470319,1.0,anomaly_detection,lstm_autoencoder,lstm_autoencoder,residual,roc_auc,0.9736051509164888,1.0,-0.026394849083511,0.026394849083511,SUCCESS,higher_better,0.026394849083511196,0.026394849083511196
E5_DT0_PD05_SEED42,0,0.05,0.0534531963470319,1.0,anomaly_detection,lstm_autoencoder,lstm_autoencoder,residual,detection_latency,0.0,0.0,0.0,0.0,SUCCESS,lower_better,0.0,0.0
E5_DT0_PD05_SEED42,0,0.05,0.0534531963470319,1.0,anomaly_detection,lstm_autoencoder,lstm_autoencoder,residual,threshold,0.0003816792741417,0.0003816792741417,0.0,0.0,SUCCESS,lower_better,0.0,0.0
E5_DT0_PD10_SEED42,0,0.1,0.1089326484018264,1.0,load_estimation,persistence,,raw,mae,0.4804504230232906,0.4591450760399007,0.0213053469833899,0.0464022116215366,SUCCESS,lower_better,0.021305346983389928,0.046402211621536474
E5_DT0_PD10_SEED42,0,0.1,0.1089326484018264,1.0,load_estimation,persistence,,raw,rmse,0.6562717822003715,0.630307824152761,0.0259639580476105,0.0411925047614797,SUCCESS,lower_better,0.025963958047610536,0.04119250476147973
E5_DT0_PD10_SEED42,0,0.1,0.1089326484018264,1.0,load_estimation,persistence,,raw,mape,15.22745767394809,14.73210135971861,0.495356314229479,0.0336242808907025,SUCCESS,lower_better,0.495356314229479,0.03362428089070252
E5_DT0_PD10_SEED42,0,0.1,0.1089326484018264,1.0,load_estimation,persistence,,raw,r2,0.9204742000614116,0.9266422537549912,-0.0061680536935796,-0.0066563484112505,SUCCESS,lower_better,-0.006168053693579645,-0.006656348411250529
E5_DT0_PD10_SEED42,0,0.1,0.1089326484018264,1.0,load_estimation,xgboost,,raw,mae,0.2790433718869675,0.2734339335193372,0.0056094383676302,0.0205147850357555,SUCCESS,lower_better,0.005609438367630282,0.02051478503575557
E5_DT0_PD10_SEED42,0,0.1,0.1089326484018264,1.0,load_estimation,xgboost,,raw,rmse,0.4192529274039325,0.4129930382953352,0.0062598891085973,0.0151573719848536,SUCCESS,lower_better,0.006259889108597316,0.015157371984853679
E5_DT0_PD10_SEED42,0,0.1,0.1089326484018264,1.0,load_estimation,xgboost,,raw,mape,9.223874567994905,9.063484965162122,0.1603896028327831,0.0176962397410358,SUCCESS,lower_better,0.16038960283278314,0.01769623974103588
E5_DT0_PD10_SEED42,0,0.1,0.1089326484018264,1.0,load_estimation,xgboost,,raw,r2,0.9675441646685652,0.9685061288962542,-0.0009619642276889,-0.0009932453693248,SUCCESS,lower_better,-0.0009619642276890161,-0.0009932453693249279
E5_DT0_PD10_SEED42,0,0.1,0.1089326484018264,1.0,load_estimation,lstm,,raw,mae,0.2783379099370416,0.2759301433503092,0.0024077665867323,0.0087260005648442,SUCCESS,lower_better,0.0024077665867324183,0.008726000564844487
E5_DT0_PD10_SEED42,0,0.1,0.1089326484018264,1.0,load_estimation,lstm,,raw,rmse,0.4251710449631362,0.4230368621902369,0.0021341827728992,0.0050449097079855,SUCCESS,lower_better,0.0021341827728992846,0.005044909707985581
E5_DT0_PD10_SEED42,0,0.1,0.1089326484018264,1.0,load_estimation,lstm,,raw,mape,9.013588747109727,8.95040488214452,0.0631838649652074,0.0070593303651832,SUCCESS,lower_better,0.06318386496520745,0.007059330365183276
E5_DT0_PD10_SEED42,0,0.1,0.1089326484018264,1.0,load_estimation,lstm,,raw,r2,0.9667123392037508,0.9670456810550092,-0.0003333418512583,-0.0003447012460617,SUCCESS,lower_better,-0.0003333418512584396,-0.0003447012460618992
E5_DT0_PD10_SEED42,0,0.1,0.1089326484018264,1.0,anomaly_detection,isolation_forest,isolation_forest,raw,precision,0.1164658634538152,0.1164658634538152,0.0,0.0,SUCCESS,higher_better,0.0,0.0
E5_DT0_PD10_SEED42,0,0.1,0.1089326484018264,1.0,anomaly_detection,isolation_forest,isolation_forest,raw,recall,0.1188524590163934,0.1188524590163934,0.0,0.0,SUCCESS,higher_better,0.0,0.0
E5_DT0_PD10_SEED42,0,0.1,0.1089326484018264,1.0,anomaly_detection,isolation_forest,isolation_forest,raw,f1,0.1176470588235294,0.1176470588235294,0.0,0.0,SUCCESS,higher_better,0.0,0.0
E5_DT0_PD10_SEED42,0,0.1,0.1089326484018264,1.0,anomaly_detection,isolation_forest,isolation_forest,raw,false_positive_rate,0.0438946528332003,0.0438946528332003,0.0,0.0,SUCCESS,lower_better,0.0,0.0
E5_DT0_PD10_SEED42,0,0.1,0.1089326484018264,1.0,anomaly_detection,isolation_forest,isolation_forest,raw,pr_auc,0.09385708598261,0.09385708598261,0.0,0.0,SUCCESS,higher_better,0.0,0.0
E5_DT0_PD10_SEED42,0,0.1,0.1089326484018264,1.0,anomaly_detection,isolation_forest,isolation_forest,raw,roc_auc,0.7138596875695052,0.7138596875695052,0.0,0.0,SUCCESS,higher_better,0.0,0.0
E5_DT0_PD10_SEED42,0,0.1,0.1089326484018264,1.0,anomaly_detection,isolation_forest,isolation_forest,raw,detection_latency,3.2459016393442623,3.2459016393442623,0.0,0.0,SUCCESS,lower_better,0.0,0.0
E5_DT0_PD10_SEED42,0,0.1,0.1089326484018264,1.0,anomaly_detection,isolation_forest,isolation_forest,raw,threshold,0.5031683371451802,0.5031683371451802,0.0,0.0,SUCCESS,lower_better,0.0,0.0
E5_DT0_PD10_SEED42,0,0.1,0.1089326484018264,1.0,anomaly_detection,isolation_forest,isolation_forest,residual,precision,0.0464231354642313,0.0464231354642313,0.0,0.0,SUCCESS,higher_better,0.0,0.0
E5_DT0_PD10_SEED42,0,0.1,0.1089326484018264,1.0,anomaly_detection,isolation_forest,isolation_forest,residual,recall,1.0,1.0,0.0,0.0,SUCCESS,higher_better,0.0,0.0
E5_DT0_PD10_SEED42,0,0.1,0.1089326484018264,1.0,anomaly_detection,isolation_forest,isolation_forest,residual,f1,0.0887272727272727,0.0887272727272727,0.0,0.0,SUCCESS,higher_better,0.0,0.0
E5_DT0_PD10_SEED42,0,0.1,0.1089326484018264,1.0,anomaly_detection,isolation_forest,isolation_forest,residual,false_positive_rate,1.0,1.0,0.0,0.0,SUCCESS,lower_better,0.0,0.0
E5_DT0_PD10_SEED42,0,0.1,0.1089326484018264,1.0,anomaly_detection,isolation_forest,isolation_forest,residual,pr_auc,0.1955281123000514,1.0,-0.8044718876999486,0.8044718876999486,SUCCESS,higher_better,0.8044718876999486,0.8044718876999486
E5_DT0_PD10_SEED42,0,0.1,0.1089326484018264,1.0,anomaly_detection,isolation_forest,isolation_forest,residual,roc_auc,0.909603018329779,1.0,-0.090396981670221,0.090396981670221,SUCCESS,higher_better,0.09039698167022103,0.09039698167022103
E5_DT0_PD10_SEED42,0,0.1,0.1089326484018264,1.0,anomaly_detection,isolation_forest,isolation_forest,residual,detection_latency,0.0,0.0,0.0,0.0,SUCCESS,lower_better,0.0,0.0
E5_DT0_PD10_SEED42,0,0.1,0.1089326484018264,1.0,anomaly_detection,isolation_forest,isolation_forest,residual,threshold,0.2937656541960819,0.2937656541960819,0.0,0.0,SUCCESS,lower_better,0.0,0.0
E5_DT0_PD10_SEED42,0,0.1,0.1089326484018264,1.0,anomaly_detection,lstm_autoencoder,lstm_autoencoder,raw,precision,0.4982578397212543,0.4982578397212543,0.0,0.0,SUCCESS,higher_better,0.0,0.0
E5_DT0_PD10_SEED42,0,0.1,0.1089326484018264,1.0,anomaly_detection,lstm_autoencoder,lstm_autoencoder,raw,recall,0.5860655737704918,0.5860655737704918,0.0,0.0,SUCCESS,higher_better,0.0,0.0
E5_DT0_PD10_SEED42,0,0.1,0.1089326484018264,1.0,anomaly_detection,lstm_autoencoder,lstm_autoencoder,raw,f1,0.5386064030131827,0.5386064030131827,0.0,0.0,SUCCESS,higher_better,0.0,0.0
E5_DT0_PD10_SEED42,0,0.1,0.1089326484018264,1.0,anomaly_detection,lstm_autoencoder,lstm_autoencoder,raw,false_positive_rate,0.028731045490822,0.028731045490822,0.0,0.0,SUCCESS,lower_better,0.0,0.0
E5_DT0_PD10_SEED42,0,0.1,0.1089326484018264,1.0,anomaly_detection,lstm_autoencoder,lstm_autoencoder,raw,pr_auc,0.561001698584242,0.561001698584242,0.0,0.0,SUCCESS,higher_better,0.0,0.0
E5_DT0_PD10_SEED42,0,0.1,0.1089326484018264,1.0,anomaly_detection,lstm_autoencoder,lstm_autoencoder,raw,roc_auc,0.9493396177043946,0.9493396177043946,0.0,0.0,SUCCESS,higher_better,0.0,0.0
E5_DT0_PD10_SEED42,0,0.1,0.1089326484018264,1.0,anomaly_detection,lstm_autoencoder,lstm_autoencoder,raw,detection_latency,1.3442622950819672,1.3442622950819672,0.0,0.0,SUCCESS,lower_better,0.0,0.0
E5_DT0_PD10_SEED42,0,0.1,0.1089326484018264,1.0,anomaly_detection,lstm_autoencoder,lstm_autoencoder,raw,threshold,0.0007370078528765,0.0007370078528765,0.0,0.0,SUCCESS,lower_better,0.0,0.0
E5_DT0_PD10_SEED42,0,0.1,0.1089326484018264,1.0,anomaly_detection,lstm_autoencoder,lstm_autoencoder,residual,precision,0.3202099737532808,0.9568627450980391,-0.6366527713447584,0.6653543307086615,SUCCESS,higher_better,0.6366527713447583,0.6653543307086613
E5_DT0_PD10_SEED42,0,0.1,0.1089326484018264,1.0,anomaly_detection,lstm_autoencoder,lstm_autoencoder,residual,recall,1.0,1.0,0.0,0.0,SUCCESS,higher_better,0.0,0.0
E5_DT0_PD10_SEED42,0,0.1,0.1089326484018264,1.0,anomaly_detection,lstm_autoencoder,lstm_autoencoder,residual,f1,0.485089463220676,0.9779559118236472,-0.4928664486029713,0.503976143141153,SUCCESS,higher_better,0.4928664486029712,0.503976143141153
E5_DT0_PD10_SEED42,0,0.1,0.1089326484018264,1.0,anomaly_detection,lstm_autoencoder,lstm_autoencoder,residual,false_positive_rate,0.1033519553072625,0.00219473264166,0.1011572226656025,46.090909090909086,SUCCESS,lower_better,0.10115722266560251,46.090909090909406
E5_DT0_PD10_SEED42,0,0.1,0.1089326484018264,1.0,anomaly_detection,lstm_autoencoder,lstm_autoencoder,residual,pr_auc,0.4014183782332302,1.0,-0.5985816217667699,0.5985816217667699,SUCCESS,higher_better,0.5985816217667699,0.5985816217667699
E5_DT0_PD10_SEED42,0,0.1,0.1089326484018264,1.0,anomaly_detection,lstm_autoencoder,lstm_autoencoder,residual,roc_auc,0.9503086036136223,1.0,-0.0496913963863776,0.0496913963863776,SUCCESS,higher_better,0.04969139638637765,0.04969139638637765
E5_DT0_PD10_SEED42,0,0.1,0.1089326484018264,1.0,anomaly_detection,lstm_autoencoder,lstm_autoencoder,residual,detection_latency,0.0,0.0,0.0,0.0,SUCCESS,lower_better,0.0,0.0
E5_DT0_PD10_SEED42,0,0.1,0.1089326484018264,1.0,anomaly_detection,lstm_autoencoder,lstm_autoencoder,residual,threshold,0.0003816792741417,0.0003816792741417,0.0,0.0,SUCCESS,lower_better,0.0,0.0
E5_DT0_PD20_SEED42,0,0.2,0.2509132420091324,1.0,load_estimation,persistence,,raw,mae,0.5044602527420633,0.4591450760399007,0.0453151767021626,0.0986946807597358,SUCCESS,lower_better,0.04531517670216262,0.09869468075973581
E5_DT0_PD20_SEED42,0,0.2,0.2509132420091324,1.0,load_estimation,persistence,,raw,rmse,0.6858819355980028,0.630307824152761,0.0555741114452418,0.0881697946871319,SUCCESS,lower_better,0.055574111445241825,0.08816979468713199
E5_DT0_PD20_SEED42,0,0.2,0.2509132420091324,1.0,load_estimation,persistence,,raw,mape,15.806540790489112,14.73210135971861,1.074439430770502,0.0729318516439411,SUCCESS,lower_better,1.0744394307705019,0.07293185164394118
E5_DT0_PD20_SEED42,0,0.2,0.2509132420091324,1.0,load_estimation,persistence,,raw,r2,0.9131361021899016,0.9266422537549912,-0.0135061515650896,-0.0145753676894823,SUCCESS,lower_better,-0.013506151565089608,-0.014575367689482355
E5_DT0_PD20_SEED42,0,0.2,0.2509132420091324,1.0,load_estimation,xgboost,,raw,mae,0.2895491203488824,0.2734339335193372,0.0161151868295452,0.0589363091190931,SUCCESS,lower_better,0.016115186829545214,0.05893630911909312
E5_DT0_PD20_SEED42,0,0.2,0.2509132420091324,1.0,load_estimation,xgboost,,raw,rmse,0.4338800542102681,0.4129930382953352,0.0208870159149329,0.0505747409233481,SUCCESS,lower_better,0.020887015914932916,0.050574740923348
E5_DT0_PD20_SEED42,0,0.2,0.2509132420091324,1.0,load_estimation,xgboost,,raw,mape,9.474150554656106,9.063484965162122,0.4106655894939841,0.0453098991251692,SUCCESS,lower_better,0.41066558949398413,0.04530989912516928
E5_DT0_PD20_SEED42,0,0.2,0.2509132420091324,1.0,load_estimation,xgboost,,raw,r2,0.9652399849900684,0.9685061288962542,-0.0032661439061857,-0.0033723523359712,SUCCESS,lower_better,-0.0032661439061858477,-0.0033723523359713453
E5_DT0_PD20_SEED42,0,0.2,0.2509132420091324,1.0,load_estimation,lstm,,raw,mae,0.2858751653007538,0.2759301433503092,0.0099450219504445,0.0360418105455726,SUCCESS,lower_better,0.00994502195044461,0.03604181054557288
E5_DT0_PD20_SEED42,0,0.2,0.2509132420091324,1.0,load_estimation,lstm,,raw,rmse,0.4319914299841561,0.4230368621902369,0.0089545677939192,0.0211673463810168,SUCCESS,lower_better,0.008954567793919177,0.021167346381016715
E5_DT0_PD20_SEED42,0,0.2,0.2509132420091324,1.0,load_estimation,lstm,,raw,mape,9.171423424412827,8.95040488214452,0.2210185422683075,0.0246936920931057,SUCCESS,lower_better,0.22101854226830753,0.024693692093105783
E5_DT0_PD20_SEED42,0,0.2,0.2509132420091324,1.0,load_estimation,lstm,,raw,r2,0.965635804688744,0.9670456810550092,-0.0014098763662651,-0.0014579211653445,SUCCESS,lower_better,-0.001409876366265217,-0.0014579211653446367
E5_DT0_PD20_SEED42,0,0.2,0.2509132420091324,1.0,anomaly_detection,isolation_forest,isolation_forest,raw,precision,0.1164658634538152,0.1164658634538152,0.0,0.0,SUCCESS,higher_better,0.0,0.0
E5_DT0_PD20_SEED42,0,0.2,0.2509132420091324,1.0,anomaly_detection,isolation_forest,isolation_forest,raw,recall,0.1188524590163934,0.1188524590163934,0.0,0.0,SUCCESS,higher_better,0.0,0.0
E5_DT0_PD20_SEED42,0,0.2,0.2509132420091324,1.0,anomaly_detection,isolation_forest,isolation_forest,raw,f1,0.1176470588235294,0.1176470588235294,0.0,0.0,SUCCESS,higher_better,0.0,0.0
E5_DT0_PD20_SEED42,0,0.2,0.2509132420091324,1.0,anomaly_detection,isolation_forest,isolation_forest,raw,false_positive_rate,0.0438946528332003,0.0438946528332003,0.0,0.0,SUCCESS,lower_better,0.0,0.0
E5_DT0_PD20_SEED42,0,0.2,0.2509132420091324,1.0,anomaly_detection,isolation_forest,isolation_forest,raw,pr_auc,0.09385708598261,0.09385708598261,0.0,0.0,SUCCESS,higher_better,0.0,0.0
E5_DT0_PD20_SEED42,0,0.2,0.2509132420091324,1.0,anomaly_detection,isolation_forest,isolation_forest,raw,roc_auc,0.7138596875695052,0.7138596875695052,0.0,0.0,SUCCESS,higher_better,0.0,0.0
E5_DT0_PD20_SEED42,0,0.2,0.2509132420091324,1.0,anomaly_detection,isolation_forest,isolation_forest,raw,detection_latency,3.2459016393442623,3.2459016393442623,0.0,0.0,SUCCESS,lower_better,0.0,0.0
E5_DT0_PD20_SEED42,0,0.2,0.2509132420091324,1.0,anomaly_detection,isolation_forest,isolation_forest,raw,threshold,0.5031683371451802,0.5031683371451802,0.0,0.0,SUCCESS,lower_better,0.0,0.0
E5_DT0_PD20_SEED42,0,0.2,0.2509132420091324,1.0,anomaly_detection,isolation_forest,isolation_forest,residual,precision,0.0464231354642313,0.0464231354642313,0.0,0.0,SUCCESS,higher_better,0.0,0.0
E5_DT0_PD20_SEED42,0,0.2,0.2509132420091324,1.0,anomaly_detection,isolation_forest,isolation_forest,residual,recall,1.0,1.0,0.0,0.0,SUCCESS,higher_better,0.0,0.0
E5_DT0_PD20_SEED42,0,0.2,0.2509132420091324,1.0,anomaly_detection,isolation_forest,isolation_forest,residual,f1,0.0887272727272727,0.0887272727272727,0.0,0.0,SUCCESS,higher_better,0.0,0.0
E5_DT0_PD20_SEED42,0,0.2,0.2509132420091324,1.0,anomaly_detection,isolation_forest,isolation_forest,residual,false_positive_rate,1.0,1.0,0.0,0.0,SUCCESS,lower_better,0.0,0.0
E5_DT0_PD20_SEED42,0,0.2,0.2509132420091324,1.0,anomaly_detection,isolation_forest,isolation_forest,residual,pr_auc,0.1147960603087708,1.0,-0.8852039396912292,0.8852039396912292,SUCCESS,higher_better,0.8852039396912292,0.8852039396912292
E5_DT0_PD20_SEED42,0,0.2,0.2509132420091324,1.0,anomaly_detection,isolation_forest,isolation_forest,residual,roc_auc,0.8293080214043672,1.0,-0.1706919785956328,0.1706919785956328,SUCCESS,higher_better,0.1706919785956328,0.1706919785956328
E5_DT0_PD20_SEED42,0,0.2,0.2509132420091324,1.0,anomaly_detection,isolation_forest,isolation_forest,residual,detection_latency,0.0,0.0,0.0,0.0,SUCCESS,lower_better,0.0,0.0
E5_DT0_PD20_SEED42,0,0.2,0.2509132420091324,1.0,anomaly_detection,isolation_forest,isolation_forest,residual,threshold,0.2937656541960819,0.2937656541960819,0.0,0.0,SUCCESS,lower_better,0.0,0.0
E5_DT0_PD20_SEED42,0,0.2,0.2509132420091324,1.0,anomaly_detection,lstm_autoencoder,lstm_autoencoder,raw,precision,0.4982578397212543,0.4982578397212543,0.0,0.0,SUCCESS,higher_better,0.0,0.0
E5_DT0_PD20_SEED42,0,0.2,0.2509132420091324,1.0,anomaly_detection,lstm_autoencoder,lstm_autoencoder,raw,recall,0.5860655737704918,0.5860655737704918,0.0,0.0,SUCCESS,higher_better,0.0,0.0
E5_DT0_PD20_SEED42,0,0.2,0.2509132420091324,1.0,anomaly_detection,lstm_autoencoder,lstm_autoencoder,raw,f1,0.5386064030131827,0.5386064030131827,0.0,0.0,SUCCESS,higher_better,0.0,0.0
E5_DT0_PD20_SEED42,0,0.2,0.2509132420091324,1.0,anomaly_detection,lstm_autoencoder,lstm_autoencoder,raw,false_positive_rate,0.028731045490822,0.028731045490822,0.0,0.0,SUCCESS,lower_better,0.0,0.0
E5_DT0_PD20_SEED42,0,0.2,0.2509132420091324,1.0,anomaly_detection,lstm_autoencoder,lstm_autoencoder,raw,pr_auc,0.561001698584242,0.561001698584242,0.0,0.0,SUCCESS,higher_better,0.0,0.0
E5_DT0_PD20_SEED42,0,0.2,0.2509132420091324,1.0,anomaly_detection,lstm_autoencoder,lstm_autoencoder,raw,roc_auc,0.9493396177043946,0.9493396177043946,0.0,0.0,SUCCESS,higher_better,0.0,0.0
E5_DT0_PD20_SEED42,0,0.2,0.2509132420091324,1.0,anomaly_detection,lstm_autoencoder,lstm_autoencoder,raw,detection_latency,1.3442622950819672,1.3442622950819672,0.0,0.0,SUCCESS,lower_better,0.0,0.0
E5_DT0_PD20_SEED42,0,0.2,0.2509132420091324,1.0,anomaly_detection,lstm_autoencoder,lstm_autoencoder,raw,threshold,0.0007370078528765,0.0007370078528765,0.0,0.0,SUCCESS,lower_better,0.0,0.0
E5_DT0_PD20_SEED42,0,0.2,0.2509132420091324,1.0,anomaly_detection,lstm_autoencoder,lstm_autoencoder,residual,precision,0.1928853754940711,0.9568627450980391,-0.7639773696039681,0.7984189723320159,SUCCESS,higher_better,0.763977369603968,0.7984189723320158
E5_DT0_PD20_SEED42,0,0.2,0.2509132420091324,1.0,anomaly_detection,lstm_autoencoder,lstm_autoencoder,residual,recall,1.0,1.0,0.0,0.0,SUCCESS,higher_better,0.0,0.0
E5_DT0_PD20_SEED42,0,0.2,0.2509132420091324,1.0,anomaly_detection,lstm_autoencoder,lstm_autoencoder,residual,f1,0.3233929754804506,0.9779559118236472,-0.6545629363431966,0.6693174287607687,SUCCESS,higher_better,0.6545629363431966,0.6693174287607687
E5_DT0_PD20_SEED42,0,0.2,0.2509132420091324,1.0,anomaly_detection,lstm_autoencoder,lstm_autoencoder,residual,false_positive_rate,0.2037110933758978,0.00219473264166,0.2015163607342378,91.81818181818184,SUCCESS,lower_better,0.2015163607342378,91.81818181818247
E5_DT0_PD20_SEED42,0,0.2,0.2509132420091324,1.0,anomaly_detection,lstm_autoencoder,lstm_autoencoder,residual,pr_auc,0.2837795341596269,1.0,-0.716220465840373,0.716220465840373,SUCCESS,higher_better,0.716220465840373,0.716220465840373
E5_DT0_PD20_SEED42,0,0.2,0.2509132420091324,1.0,anomaly_detection,lstm_autoencoder,lstm_autoencoder,residual,roc_auc,0.9034571127654284,1.0,-0.0965428872345716,0.0965428872345716,SUCCESS,higher_better,0.0965428872345716,0.0965428872345716
E5_DT0_PD20_SEED42,0,0.2,0.2509132420091324,1.0,anomaly_detection,lstm_autoencoder,lstm_autoencoder,residual,detection_latency,0.0,0.0,0.0,0.0,SUCCESS,lower_better,0.0,0.0
E5_DT0_PD20_SEED42,0,0.2,0.2509132420091324,1.0,anomaly_detection,lstm_autoencoder,lstm_autoencoder,residual,threshold,0.0003816792741417,0.0003816792741417,0.0,0.0,SUCCESS,lower_better,0.0,0.0
E5_DT1_PD00_SEED42,1,0.0,0.0,0.0,load_estimation,persistence,,raw,mae,0.4591450760399007,0.4591450760399007,0.0,0.0,SUCCESS,lower_better,0.0,0.0
E5_DT1_PD00_SEED42,1,0.0,0.0,0.0,load_estimation,persistence,,raw,rmse,0.630307824152761,0.630307824152761,0.0,0.0,SUCCESS,lower_better,0.0,0.0
E5_DT1_PD00_SEED42,1,0.0,0.0,0.0,load_estimation,persistence,,raw,mape,14.73210135971861,14.73210135971861,0.0,0.0,SUCCESS,lower_better,0.0,0.0
E5_DT1_PD00_SEED42,1,0.0,0.0,0.0,load_estimation,persistence,,raw,r2,0.9266422537549912,0.9266422537549912,0.0,0.0,SUCCESS,lower_better,0.0,0.0
E5_DT1_PD00_SEED42,1,0.0,0.0,0.0,load_estimation,xgboost,,raw,mae,0.2734339335193372,0.2734339335193372,0.0,0.0,SUCCESS,lower_better,0.0,0.0
E5_DT1_PD00_SEED42,1,0.0,0.0,0.0,load_estimation,xgboost,,raw,rmse,0.4129930382953352,0.4129930382953352,0.0,0.0,SUCCESS,lower_better,0.0,0.0
E5_DT1_PD00_SEED42,1,0.0,0.0,0.0,load_estimation,xgboost,,raw,mape,9.063484965162122,9.063484965162122,0.0,0.0,SUCCESS,lower_better,0.0,0.0
E5_DT1_PD00_SEED42,1,0.0,0.0,0.0,load_estimation,xgboost,,raw,r2,0.9685061288962542,0.9685061288962542,0.0,0.0,SUCCESS,lower_better,0.0,0.0
E5_DT1_PD00_SEED42,1,0.0,0.0,0.0,load_estimation,lstm,,raw,mae,0.2759301433503092,0.2759301433503092,0.0,0.0,SUCCESS,lower_better,0.0,0.0
E5_DT1_PD00_SEED42,1,0.0,0.0,0.0,load_estimation,lstm,,raw,rmse,0.4230368621902369,0.4230368621902369,0.0,0.0,SUCCESS,lower_better,0.0,0.0
E5_DT1_PD00_SEED42,1,0.0,0.0,0.0,load_estimation,lstm,,raw,mape,8.95040488214452,8.95040488214452,0.0,0.0,SUCCESS,lower_better,0.0,0.0
E5_DT1_PD00_SEED42,1,0.0,0.0,0.0,load_estimation,lstm,,raw,r2,0.9670456810550092,0.9670456810550092,0.0,0.0,SUCCESS,lower_better,0.0,0.0
E5_DT1_PD00_SEED42,1,0.0,0.0,0.0,anomaly_detection,isolation_forest,isolation_forest,raw,precision,0.1164658634538152,0.1164658634538152,0.0,0.0,SUCCESS,higher_better,0.0,0.0
E5_DT1_PD00_SEED42,1,0.0,0.0,0.0,anomaly_detection,isolation_forest,isolation_forest,raw,recall,0.1188524590163934,0.1188524590163934,0.0,0.0,SUCCESS,higher_better,0.0,0.0
E5_DT1_PD00_SEED42,1,0.0,0.0,0.0,anomaly_detection,isolation_forest,isolation_forest,raw,f1,0.1176470588235294,0.1176470588235294,0.0,0.0,SUCCESS,higher_better,0.0,0.0
E5_DT1_PD00_SEED42,1,0.0,0.0,0.0,anomaly_detection,isolation_forest,isolation_forest,raw,false_positive_rate,0.0438946528332003,0.0438946528332003,0.0,0.0,SUCCESS,lower_better,0.0,0.0
E5_DT1_PD00_SEED42,1,0.0,0.0,0.0,anomaly_detection,isolation_forest,isolation_forest,raw,pr_auc,0.09385708598261,0.09385708598261,0.0,0.0,SUCCESS,higher_better,0.0,0.0
E5_DT1_PD00_SEED42,1,0.0,0.0,0.0,anomaly_detection,isolation_forest,isolation_forest,raw,roc_auc,0.7138596875695052,0.7138596875695052,0.0,0.0,SUCCESS,higher_better,0.0,0.0
E5_DT1_PD00_SEED42,1,0.0,0.0,0.0,anomaly_detection,isolation_forest,isolation_forest,raw,detection_latency,3.2459016393442623,3.2459016393442623,0.0,0.0,SUCCESS,lower_better,0.0,0.0
E5_DT1_PD00_SEED42,1,0.0,0.0,0.0,anomaly_detection,isolation_forest,isolation_forest,raw,threshold,0.5031683371451802,0.5031683371451802,0.0,0.0,SUCCESS,lower_better,0.0,0.0
E5_DT1_PD00_SEED42,1,0.0,0.0,0.0,anomaly_detection,isolation_forest,isolation_forest,residual,precision,0.0464231354642313,0.0464231354642313,0.0,0.0,SUCCESS,higher_better,0.0,0.0
E5_DT1_PD00_SEED42,1,0.0,0.0,0.0,anomaly_detection,isolation_forest,isolation_forest,residual,recall,1.0,1.0,0.0,0.0,SUCCESS,higher_better,0.0,0.0
E5_DT1_PD00_SEED42,1,0.0,0.0,0.0,anomaly_detection,isolation_forest,isolation_forest,residual,f1,0.0887272727272727,0.0887272727272727,0.0,0.0,SUCCESS,higher_better,0.0,0.0
E5_DT1_PD00_SEED42,1,0.0,0.0,0.0,anomaly_detection,isolation_forest,isolation_forest,residual,false_positive_rate,1.0,1.0,0.0,0.0,SUCCESS,lower_better,0.0,0.0
E5_DT1_PD00_SEED42,1,0.0,0.0,0.0,anomaly_detection,isolation_forest,isolation_forest,residual,pr_auc,1.0,1.0,0.0,0.0,SUCCESS,higher_better,0.0,0.0
E5_DT1_PD00_SEED42,1,0.0,0.0,0.0,anomaly_detection,isolation_forest,isolation_forest,residual,roc_auc,1.0,1.0,0.0,0.0,SUCCESS,higher_better,0.0,0.0
E5_DT1_PD00_SEED42,1,0.0,0.0,0.0,anomaly_detection,isolation_forest,isolation_forest,residual,detection_latency,0.0,0.0,0.0,0.0,SUCCESS,lower_better,0.0,0.0
E5_DT1_PD00_SEED42,1,0.0,0.0,0.0,anomaly_detection,isolation_forest,isolation_forest,residual,threshold,0.2937656541960819,0.2937656541960819,0.0,0.0,SUCCESS,lower_better,0.0,0.0
E5_DT1_PD00_SEED42,1,0.0,0.0,0.0,anomaly_detection,lstm_autoencoder,lstm_autoencoder,raw,precision,0.4982578397212543,0.4982578397212543,0.0,0.0,SUCCESS,higher_better,0.0,0.0
E5_DT1_PD00_SEED42,1,0.0,0.0,0.0,anomaly_detection,lstm_autoencoder,lstm_autoencoder,raw,recall,0.5860655737704918,0.5860655737704918,0.0,0.0,SUCCESS,higher_better,0.0,0.0
E5_DT1_PD00_SEED42,1,0.0,0.0,0.0,anomaly_detection,lstm_autoencoder,lstm_autoencoder,raw,f1,0.5386064030131827,0.5386064030131827,0.0,0.0,SUCCESS,higher_better,0.0,0.0
E5_DT1_PD00_SEED42,1,0.0,0.0,0.0,anomaly_detection,lstm_autoencoder,lstm_autoencoder,raw,false_positive_rate,0.028731045490822,0.028731045490822,0.0,0.0,SUCCESS,lower_better,0.0,0.0
E5_DT1_PD00_SEED42,1,0.0,0.0,0.0,anomaly_detection,lstm_autoencoder,lstm_autoencoder,raw,pr_auc,0.561001698584242,0.561001698584242,0.0,0.0,SUCCESS,higher_better,0.0,0.0
E5_DT1_PD00_SEED42,1,0.0,0.0,0.0,anomaly_detection,lstm_autoencoder,lstm_autoencoder,raw,roc_auc,0.9493396177043946,0.9493396177043946,0.0,0.0,SUCCESS,higher_better,0.0,0.0
E5_DT1_PD00_SEED42,1,0.0,0.0,0.0,anomaly_detection,lstm_autoencoder,lstm_autoencoder,raw,detection_latency,1.3442622950819672,1.3442622950819672,0.0,0.0,SUCCESS,lower_better,0.0,0.0
E5_DT1_PD00_SEED42,1,0.0,0.0,0.0,anomaly_detection,lstm_autoencoder,lstm_autoencoder,raw,threshold,0.0007370078528765,0.0007370078528765,0.0,0.0,SUCCESS,lower_better,0.0,0.0
E5_DT1_PD00_SEED42,1,0.0,0.0,0.0,anomaly_detection,lstm_autoencoder,lstm_autoencoder,residual,precision,0.9568627450980391,0.9568627450980391,0.0,0.0,SUCCESS,higher_better,0.0,0.0
E5_DT1_PD00_SEED42,1,0.0,0.0,0.0,anomaly_detection,lstm_autoencoder,lstm_autoencoder,residual,recall,1.0,1.0,0.0,0.0,SUCCESS,higher_better,0.0,0.0
E5_DT1_PD00_SEED42,1,0.0,0.0,0.0,anomaly_detection,lstm_autoencoder,lstm_autoencoder,residual,f1,0.9779559118236472,0.9779559118236472,0.0,0.0,SUCCESS,higher_better,0.0,0.0
E5_DT1_PD00_SEED42,1,0.0,0.0,0.0,anomaly_detection,lstm_autoencoder,lstm_autoencoder,residual,false_positive_rate,0.00219473264166,0.00219473264166,0.0,0.0,SUCCESS,lower_better,0.0,0.0
E5_DT1_PD00_SEED42,1,0.0,0.0,0.0,anomaly_detection,lstm_autoencoder,lstm_autoencoder,residual,pr_auc,1.0,1.0,0.0,0.0,SUCCESS,higher_better,0.0,0.0
E5_DT1_PD00_SEED42,1,0.0,0.0,0.0,anomaly_detection,lstm_autoencoder,lstm_autoencoder,residual,roc_auc,1.0,1.0,0.0,0.0,SUCCESS,higher_better,0.0,0.0
E5_DT1_PD00_SEED42,1,0.0,0.0,0.0,anomaly_detection,lstm_autoencoder,lstm_autoencoder,residual,detection_latency,0.0,0.0,0.0,0.0,SUCCESS,lower_better,0.0,0.0
E5_DT1_PD00_SEED42,1,0.0,0.0,0.0,anomaly_detection,lstm_autoencoder,lstm_autoencoder,residual,threshold,0.0003816792741417,0.0003816792741417,0.0,0.0,SUCCESS,lower_better,0.0,0.0
E5_DT1_PD05_SEED42,1,0.05,0.0534531963470319,1.0,load_estimation,persistence,,raw,mae,0.4680887091468277,0.4591450760399007,0.008943633106927,0.0194788827619917,SUCCESS,lower_better,0.00894363310692703,0.019478882761991785
E5_DT1_PD05_SEED42,1,0.05,0.0534531963470319,1.0,load_estimation,persistence,,raw,rmse,0.6394461138391615,0.630307824152761,0.0091382896864005,0.0144981377927267,SUCCESS,lower_better,0.009138289686400514,0.014498137792726755
E5_DT1_PD05_SEED42,1,0.05,0.0534531963470319,1.0,load_estimation,persistence,,raw,mape,14.953406180024844,14.73210135971861,0.2213048203062335,0.0150219452678582,SUCCESS,lower_better,0.22130482030623355,0.015021945267858283
E5_DT1_PD05_SEED42,1,0.05,0.0534531963470319,1.0,load_estimation,persistence,,raw,r2,0.9244997328237532,0.9266422537549912,-0.0021425209312379,-0.002312133860242,SUCCESS,lower_better,-0.0021425209312380122,-0.0023121338602421484
E5_DT1_PD05_SEED42,1,0.05,0.0534531963470319,1.0,load_estimation,xgboost,,raw,mae,0.2751175934275898,0.2734339335193372,0.0016836599082525,0.0061574651199373,SUCCESS,lower_better,0.0016836599082525883,0.006157465119937354
E5_DT1_PD05_SEED42,1,0.05,0.0534531963470319,1.0,load_estimation,xgboost,,raw,rmse,0.4145709092350699,0.4129930382953352,0.0015778709397347,0.003820575151212,SUCCESS,lower_better,0.0015778709397347157,0.0038205751512120295
E5_DT1_PD05_SEED42,1,0.05,0.0534531963470319,1.0,load_estimation,xgboost,,raw,mape,9.125493651918465,9.063484965162122,0.0620086867563429,0.0068415942647546,SUCCESS,lower_better,0.06200868675634297,0.006841594264754627
E5_DT1_PD05_SEED42,1,0.05,0.0534531963470319,1.0,load_estimation,xgboost,,raw,r2,0.9682650197839812,0.9685061288962542,-0.0002411091122729,-0.0002489494955986,SUCCESS,lower_better,-0.00024110911227304133,-0.0002489494955987716
E5_DT1_PD05_SEED42,1,0.05,0.0534531963470319,1.0,load_estimation,lstm,,raw,mae,0.2761001738403031,0.2759301433503092,0.0001700304899939,0.0006162084646839,SUCCESS,lower_better,0.000170030489993922,0.0006162084646839708
E5_DT1_PD05_SEED42,1,0.05,0.0534531963470319,1.0,load_estimation,lstm,,raw,rmse,0.4230792251779763,0.4230368621902369,4.2362987739463787e-05,0.0001001401805037,SUCCESS,lower_better,4.2362987739408275e-05,0.0001001401805036033
E5_DT1_PD05_SEED42,1,0.05,0.0534531963470319,1.0,load_estimation,lstm,,raw,mape,8.959365985897191,8.95040488214452,0.0089611037526715,0.0010011953504526,SUCCESS,lower_better,0.008961103752671562,0.0010011953504526242
E5_DT1_PD05_SEED42,1,0.05,0.0534531963470319,1.0,load_estimation,lstm,,raw,r2,0.9670390806216465,0.9670456810550092,-6.600433362868863e-06,-6.825358400513248e-06,SUCCESS,lower_better,-6.6004333627578404e-06,-6.825358400398443e-06
E5_DT1_PD05_SEED42,1,0.05,0.0534531963470319,1.0,anomaly_detection,isolation_forest,isolation_forest,raw,precision,0.1164658634538152,0.1164658634538152,0.0,0.0,SUCCESS,higher_better,0.0,0.0
E5_DT1_PD05_SEED42,1,0.05,0.0534531963470319,1.0,anomaly_detection,isolation_forest,isolation_forest,raw,recall,0.1188524590163934,0.1188524590163934,0.0,0.0,SUCCESS,higher_better,0.0,0.0
E5_DT1_PD05_SEED42,1,0.05,0.0534531963470319,1.0,anomaly_detection,isolation_forest,isolation_forest,raw,f1,0.1176470588235294,0.1176470588235294,0.0,0.0,SUCCESS,higher_better,0.0,0.0
E5_DT1_PD05_SEED42,1,0.05,0.0534531963470319,1.0,anomaly_detection,isolation_forest,isolation_forest,raw,false_positive_rate,0.0438946528332003,0.0438946528332003,0.0,0.0,SUCCESS,lower_better,0.0,0.0
E5_DT1_PD05_SEED42,1,0.05,0.0534531963470319,1.0,anomaly_detection,isolation_forest,isolation_forest,raw,pr_auc,0.09385708598261,0.09385708598261,0.0,0.0,SUCCESS,higher_better,0.0,0.0
E5_DT1_PD05_SEED42,1,0.05,0.0534531963470319,1.0,anomaly_detection,isolation_forest,isolation_forest,raw,roc_auc,0.7138596875695052,0.7138596875695052,0.0,0.0,SUCCESS,higher_better,0.0,0.0
E5_DT1_PD05_SEED42,1,0.05,0.0534531963470319,1.0,anomaly_detection,isolation_forest,isolation_forest,raw,detection_latency,3.2459016393442623,3.2459016393442623,0.0,0.0,SUCCESS,lower_better,0.0,0.0
E5_DT1_PD05_SEED42,1,0.05,0.0534531963470319,1.0,anomaly_detection,isolation_forest,isolation_forest,raw,threshold,0.5031683371451802,0.5031683371451802,0.0,0.0,SUCCESS,lower_better,0.0,0.0
E5_DT1_PD05_SEED42,1,0.05,0.0534531963470319,1.0,anomaly_detection,isolation_forest,isolation_forest,residual,precision,0.0464231354642313,0.0464231354642313,0.0,0.0,SUCCESS,higher_better,0.0,0.0
E5_DT1_PD05_SEED42,1,0.05,0.0534531963470319,1.0,anomaly_detection,isolation_forest,isolation_forest,residual,recall,1.0,1.0,0.0,0.0,SUCCESS,higher_better,0.0,0.0
E5_DT1_PD05_SEED42,1,0.05,0.0534531963470319,1.0,anomaly_detection,isolation_forest,isolation_forest,residual,f1,0.0887272727272727,0.0887272727272727,0.0,0.0,SUCCESS,higher_better,0.0,0.0
E5_DT1_PD05_SEED42,1,0.05,0.0534531963470319,1.0,anomaly_detection,isolation_forest,isolation_forest,residual,false_positive_rate,1.0,1.0,0.0,0.0,SUCCESS,lower_better,0.0,0.0
E5_DT1_PD05_SEED42,1,0.05,0.0534531963470319,1.0,anomaly_detection,isolation_forest,isolation_forest,residual,pr_auc,0.3046980188968922,1.0,-0.6953019811031078,0.6953019811031078,SUCCESS,higher_better,0.6953019811031078,0.6953019811031078
E5_DT1_PD05_SEED42,1,0.05,0.0534531963470319,1.0,anomaly_detection,isolation_forest,isolation_forest,residual,roc_auc,0.9515973139874138,1.0,-0.0484026860125862,0.0484026860125862,SUCCESS,higher_better,0.04840268601258624,0.04840268601258624
E5_DT1_PD05_SEED42,1,0.05,0.0534531963470319,1.0,anomaly_detection,isolation_forest,isolation_forest,residual,detection_latency,0.0,0.0,0.0,0.0,SUCCESS,lower_better,0.0,0.0
E5_DT1_PD05_SEED42,1,0.05,0.0534531963470319,1.0,anomaly_detection,isolation_forest,isolation_forest,residual,threshold,0.2937656541960819,0.2937656541960819,0.0,0.0,SUCCESS,lower_better,0.0,0.0
E5_DT1_PD05_SEED42,1,0.05,0.0534531963470319,1.0,anomaly_detection,lstm_autoencoder,lstm_autoencoder,raw,precision,0.4982578397212543,0.4982578397212543,0.0,0.0,SUCCESS,higher_better,0.0,0.0
E5_DT1_PD05_SEED42,1,0.05,0.0534531963470319,1.0,anomaly_detection,lstm_autoencoder,lstm_autoencoder,raw,recall,0.5860655737704918,0.5860655737704918,0.0,0.0,SUCCESS,higher_better,0.0,0.0
E5_DT1_PD05_SEED42,1,0.05,0.0534531963470319,1.0,anomaly_detection,lstm_autoencoder,lstm_autoencoder,raw,f1,0.5386064030131827,0.5386064030131827,0.0,0.0,SUCCESS,higher_better,0.0,0.0
E5_DT1_PD05_SEED42,1,0.05,0.0534531963470319,1.0,anomaly_detection,lstm_autoencoder,lstm_autoencoder,raw,false_positive_rate,0.028731045490822,0.028731045490822,0.0,0.0,SUCCESS,lower_better,0.0,0.0
E5_DT1_PD05_SEED42,1,0.05,0.0534531963470319,1.0,anomaly_detection,lstm_autoencoder,lstm_autoencoder,raw,pr_auc,0.561001698584242,0.561001698584242,0.0,0.0,SUCCESS,higher_better,0.0,0.0
E5_DT1_PD05_SEED42,1,0.05,0.0534531963470319,1.0,anomaly_detection,lstm_autoencoder,lstm_autoencoder,raw,roc_auc,0.9493396177043946,0.9493396177043946,0.0,0.0,SUCCESS,higher_better,0.0,0.0
E5_DT1_PD05_SEED42,1,0.05,0.0534531963470319,1.0,anomaly_detection,lstm_autoencoder,lstm_autoencoder,raw,detection_latency,1.3442622950819672,1.3442622950819672,0.0,0.0,SUCCESS,lower_better,0.0,0.0
E5_DT1_PD05_SEED42,1,0.05,0.0534531963470319,1.0,anomaly_detection,lstm_autoencoder,lstm_autoencoder,raw,threshold,0.0007370078528765,0.0007370078528765,0.0,0.0,SUCCESS,lower_better,0.0,0.0
E5_DT1_PD05_SEED42,1,0.05,0.0534531963470319,1.0,anomaly_detection,lstm_autoencoder,lstm_autoencoder,residual,precision,0.4728682170542636,0.9568627450980391,-0.4839945280437757,0.5058139534883721,SUCCESS,higher_better,0.4839945280437756,0.5058139534883721
E5_DT1_PD05_SEED42,1,0.05,0.0534531963470319,1.0,anomaly_detection,lstm_autoencoder,lstm_autoencoder,residual,recall,1.0,1.0,0.0,0.0,SUCCESS,higher_better,0.0,0.0
E5_DT1_PD05_SEED42,1,0.05,0.0534531963470319,1.0,anomaly_detection,lstm_autoencoder,lstm_autoencoder,residual,f1,0.6421052631578947,0.9779559118236472,-0.3358506486657525,0.3434210526315789,SUCCESS,higher_better,0.3358506486657524,0.34342105263157885
E5_DT1_PD05_SEED42,1,0.05,0.0534531963470319,1.0,anomaly_detection,lstm_autoencoder,lstm_autoencoder,residual,false_positive_rate,0.0542697525937749,0.00219473264166,0.0520750199521149,23.72727272727273,SUCCESS,lower_better,0.0520750199521149,23.72727272727289
E5_DT1_PD05_SEED42,1,0.05,0.0534531963470319,1.0,anomaly_detection,lstm_autoencoder,lstm_autoencoder,residual,pr_auc,0.5390090549140275,1.0,-0.4609909450859725,0.4609909450859725,SUCCESS,higher_better,0.4609909450859725,0.4609909450859725
E5_DT1_PD05_SEED42,1,0.05,0.0534531963470319,1.0,anomaly_detection,lstm_autoencoder,lstm_autoencoder,residual,roc_auc,0.9736051509164888,1.0,-0.026394849083511,0.026394849083511,SUCCESS,higher_better,0.026394849083511196,0.026394849083511196
E5_DT1_PD05_SEED42,1,0.05,0.0534531963470319,1.0,anomaly_detection,lstm_autoencoder,lstm_autoencoder,residual,detection_latency,0.0,0.0,0.0,0.0,SUCCESS,lower_better,0.0,0.0
E5_DT1_PD05_SEED42,1,0.05,0.0534531963470319,1.0,anomaly_detection,lstm_autoencoder,lstm_autoencoder,residual,threshold,0.0003816792741417,0.0003816792741417,0.0,0.0,SUCCESS,lower_better,0.0,0.0
E5_DT1_PD10_SEED42,1,0.1,0.1089326484018264,1.0,load_estimation,persistence,,raw,mae,0.4804504230232906,0.4591450760399007,0.0213053469833899,0.0464022116215366,SUCCESS,lower_better,0.021305346983389928,0.046402211621536474
E5_DT1_PD10_SEED42,1,0.1,0.1089326484018264,1.0,load_estimation,persistence,,raw,rmse,0.6562717822003715,0.630307824152761,0.0259639580476105,0.0411925047614797,SUCCESS,lower_better,0.025963958047610536,0.04119250476147973
E5_DT1_PD10_SEED42,1,0.1,0.1089326484018264,1.0,load_estimation,persistence,,raw,mape,15.22745767394809,14.73210135971861,0.495356314229479,0.0336242808907025,SUCCESS,lower_better,0.495356314229479,0.03362428089070252
E5_DT1_PD10_SEED42,1,0.1,0.1089326484018264,1.0,load_estimation,persistence,,raw,r2,0.9204742000614116,0.9266422537549912,-0.0061680536935796,-0.0066563484112505,SUCCESS,lower_better,-0.006168053693579645,-0.006656348411250529
E5_DT1_PD10_SEED42,1,0.1,0.1089326484018264,1.0,load_estimation,xgboost,,raw,mae,0.2790433718869675,0.2734339335193372,0.0056094383676302,0.0205147850357555,SUCCESS,lower_better,0.005609438367630282,0.02051478503575557
E5_DT1_PD10_SEED42,1,0.1,0.1089326484018264,1.0,load_estimation,xgboost,,raw,rmse,0.4192529274039325,0.4129930382953352,0.0062598891085973,0.0151573719848536,SUCCESS,lower_better,0.006259889108597316,0.015157371984853679
E5_DT1_PD10_SEED42,1,0.1,0.1089326484018264,1.0,load_estimation,xgboost,,raw,mape,9.223874567994905,9.063484965162122,0.1603896028327831,0.0176962397410358,SUCCESS,lower_better,0.16038960283278314,0.01769623974103588
E5_DT1_PD10_SEED42,1,0.1,0.1089326484018264,1.0,load_estimation,xgboost,,raw,r2,0.9675441646685652,0.9685061288962542,-0.0009619642276889,-0.0009932453693248,SUCCESS,lower_better,-0.0009619642276890161,-0.0009932453693249279
E5_DT1_PD10_SEED42,1,0.1,0.1089326484018264,1.0,load_estimation,lstm,,raw,mae,0.2783379099370416,0.2759301433503092,0.0024077665867323,0.0087260005648442,SUCCESS,lower_better,0.0024077665867324183,0.008726000564844487
E5_DT1_PD10_SEED42,1,0.1,0.1089326484018264,1.0,load_estimation,lstm,,raw,rmse,0.4251710449631362,0.4230368621902369,0.0021341827728992,0.0050449097079855,SUCCESS,lower_better,0.0021341827728992846,0.005044909707985581
E5_DT1_PD10_SEED42,1,0.1,0.1089326484018264,1.0,load_estimation,lstm,,raw,mape,9.013588747109727,8.95040488214452,0.0631838649652074,0.0070593303651832,SUCCESS,lower_better,0.06318386496520745,0.007059330365183276
E5_DT1_PD10_SEED42,1,0.1,0.1089326484018264,1.0,load_estimation,lstm,,raw,r2,0.9667123392037508,0.9670456810550092,-0.0003333418512583,-0.0003447012460617,SUCCESS,lower_better,-0.0003333418512584396,-0.0003447012460618992
E5_DT1_PD10_SEED42,1,0.1,0.1089326484018264,1.0,anomaly_detection,isolation_forest,isolation_forest,raw,precision,0.1164658634538152,0.1164658634538152,0.0,0.0,SUCCESS,higher_better,0.0,0.0
E5_DT1_PD10_SEED42,1,0.1,0.1089326484018264,1.0,anomaly_detection,isolation_forest,isolation_forest,raw,recall,0.1188524590163934,0.1188524590163934,0.0,0.0,SUCCESS,higher_better,0.0,0.0
E5_DT1_PD10_SEED42,1,0.1,0.1089326484018264,1.0,anomaly_detection,isolation_forest,isolation_forest,raw,f1,0.1176470588235294,0.1176470588235294,0.0,0.0,SUCCESS,higher_better,0.0,0.0
E5_DT1_PD10_SEED42,1,0.1,0.1089326484018264,1.0,anomaly_detection,isolation_forest,isolation_forest,raw,false_positive_rate,0.0438946528332003,0.0438946528332003,0.0,0.0,SUCCESS,lower_better,0.0,0.0
E5_DT1_PD10_SEED42,1,0.1,0.1089326484018264,1.0,anomaly_detection,isolation_forest,isolation_forest,raw,pr_auc,0.09385708598261,0.09385708598261,0.0,0.0,SUCCESS,higher_better,0.0,0.0
E5_DT1_PD10_SEED42,1,0.1,0.1089326484018264,1.0,anomaly_detection,isolation_forest,isolation_forest,raw,roc_auc,0.7138596875695052,0.7138596875695052,0.0,0.0,SUCCESS,higher_better,0.0,0.0
E5_DT1_PD10_SEED42,1,0.1,0.1089326484018264,1.0,anomaly_detection,isolation_forest,isolation_forest,raw,detection_latency,3.2459016393442623,3.2459016393442623,0.0,0.0,SUCCESS,lower_better,0.0,0.0
E5_DT1_PD10_SEED42,1,0.1,0.1089326484018264,1.0,anomaly_detection,isolation_forest,isolation_forest,raw,threshold,0.5031683371451802,0.5031683371451802,0.0,0.0,SUCCESS,lower_better,0.0,0.0
E5_DT1_PD10_SEED42,1,0.1,0.1089326484018264,1.0,anomaly_detection,isolation_forest,isolation_forest,residual,precision,0.0464231354642313,0.0464231354642313,0.0,0.0,SUCCESS,higher_better,0.0,0.0
E5_DT1_PD10_SEED42,1,0.1,0.1089326484018264,1.0,anomaly_detection,isolation_forest,isolation_forest,residual,recall,1.0,1.0,0.0,0.0,SUCCESS,higher_better,0.0,0.0
E5_DT1_PD10_SEED42,1,0.1,0.1089326484018264,1.0,anomaly_detection,isolation_forest,isolation_forest,residual,f1,0.0887272727272727,0.0887272727272727,0.0,0.0,SUCCESS,higher_better,0.0,0.0
E5_DT1_PD10_SEED42,1,0.1,0.1089326484018264,1.0,anomaly_detection,isolation_forest,isolation_forest,residual,false_positive_rate,1.0,1.0,0.0,0.0,SUCCESS,lower_better,0.0,0.0
E5_DT1_PD10_SEED42,1,0.1,0.1089326484018264,1.0,anomaly_detection,isolation_forest,isolation_forest,residual,pr_auc,0.1955281123000514,1.0,-0.8044718876999486,0.8044718876999486,SUCCESS,higher_better,0.8044718876999486,0.8044718876999486
E5_DT1_PD10_SEED42,1,0.1,0.1089326484018264,1.0,anomaly_detection,isolation_forest,isolation_forest,residual,roc_auc,0.909603018329779,1.0,-0.090396981670221,0.090396981670221,SUCCESS,higher_better,0.09039698167022103,0.09039698167022103
E5_DT1_PD10_SEED42,1,0.1,0.1089326484018264,1.0,anomaly_detection,isolation_forest,isolation_forest,residual,detection_latency,0.0,0.0,0.0,0.0,SUCCESS,lower_better,0.0,0.0
E5_DT1_PD10_SEED42,1,0.1,0.1089326484018264,1.0,anomaly_detection,isolation_forest,isolation_forest,residual,threshold,0.2937656541960819,0.2937656541960819,0.0,0.0,SUCCESS,lower_better,0.0,0.0
E5_DT1_PD10_SEED42,1,0.1,0.1089326484018264,1.0,anomaly_detection,lstm_autoencoder,lstm_autoencoder,raw,precision,0.4982578397212543,0.4982578397212543,0.0,0.0,SUCCESS,higher_better,0.0,0.0
E5_DT1_PD10_SEED42,1,0.1,0.1089326484018264,1.0,anomaly_detection,lstm_autoencoder,lstm_autoencoder,raw,recall,0.5860655737704918,0.5860655737704918,0.0,0.0,SUCCESS,higher_better,0.0,0.0
E5_DT1_PD10_SEED42,1,0.1,0.1089326484018264,1.0,anomaly_detection,lstm_autoencoder,lstm_autoencoder,raw,f1,0.5386064030131827,0.5386064030131827,0.0,0.0,SUCCESS,higher_better,0.0,0.0
E5_DT1_PD10_SEED42,1,0.1,0.1089326484018264,1.0,anomaly_detection,lstm_autoencoder,lstm_autoencoder,raw,false_positive_rate,0.028731045490822,0.028731045490822,0.0,0.0,SUCCESS,lower_better,0.0,0.0
E5_DT1_PD10_SEED42,1,0.1,0.1089326484018264,1.0,anomaly_detection,lstm_autoencoder,lstm_autoencoder,raw,pr_auc,0.561001698584242,0.561001698584242,0.0,0.0,SUCCESS,higher_better,0.0,0.0
E5_DT1_PD10_SEED42,1,0.1,0.1089326484018264,1.0,anomaly_detection,lstm_autoencoder,lstm_autoencoder,raw,roc_auc,0.9493396177043946,0.9493396177043946,0.0,0.0,SUCCESS,higher_better,0.0,0.0
E5_DT1_PD10_SEED42,1,0.1,0.1089326484018264,1.0,anomaly_detection,lstm_autoencoder,lstm_autoencoder,raw,detection_latency,1.3442622950819672,1.3442622950819672,0.0,0.0,SUCCESS,lower_better,0.0,0.0
E5_DT1_PD10_SEED42,1,0.1,0.1089326484018264,1.0,anomaly_detection,lstm_autoencoder,lstm_autoencoder,raw,threshold,0.0007370078528765,0.0007370078528765,0.0,0.0,SUCCESS,lower_better,0.0,0.0
E5_DT1_PD10_SEED42,1,0.1,0.1089326484018264,1.0,anomaly_detection,lstm_autoencoder,lstm_autoencoder,residual,precision,0.3202099737532808,0.9568627450980391,-0.6366527713447584,0.6653543307086615,SUCCESS,higher_better,0.6366527713447583,0.6653543307086613
E5_DT1_PD10_SEED42,1,0.1,0.1089326484018264,1.0,anomaly_detection,lstm_autoencoder,lstm_autoencoder,residual,recall,1.0,1.0,0.0,0.0,SUCCESS,higher_better,0.0,0.0
E5_DT1_PD10_SEED42,1,0.1,0.1089326484018264,1.0,anomaly_detection,lstm_autoencoder,lstm_autoencoder,residual,f1,0.485089463220676,0.9779559118236472,-0.4928664486029713,0.503976143141153,SUCCESS,higher_better,0.4928664486029712,0.503976143141153
E5_DT1_PD10_SEED42,1,0.1,0.1089326484018264,1.0,anomaly_detection,lstm_autoencoder,lstm_autoencoder,residual,false_positive_rate,0.1033519553072625,0.00219473264166,0.1011572226656025,46.090909090909086,SUCCESS,lower_better,0.10115722266560251,46.090909090909406
E5_DT1_PD10_SEED42,1,0.1,0.1089326484018264,1.0,anomaly_detection,lstm_autoencoder,lstm_autoencoder,residual,pr_auc,0.4014183782332302,1.0,-0.5985816217667699,0.5985816217667699,SUCCESS,higher_better,0.5985816217667699,0.5985816217667699
E5_DT1_PD10_SEED42,1,0.1,0.1089326484018264,1.0,anomaly_detection,lstm_autoencoder,lstm_autoencoder,residual,roc_auc,0.9503086036136223,1.0,-0.0496913963863776,0.0496913963863776,SUCCESS,higher_better,0.04969139638637765,0.04969139638637765
E5_DT1_PD10_SEED42,1,0.1,0.1089326484018264,1.0,anomaly_detection,lstm_autoencoder,lstm_autoencoder,residual,detection_latency,0.0,0.0,0.0,0.0,SUCCESS,lower_better,0.0,0.0
E5_DT1_PD10_SEED42,1,0.1,0.1089326484018264,1.0,anomaly_detection,lstm_autoencoder,lstm_autoencoder,residual,threshold,0.0003816792741417,0.0003816792741417,0.0,0.0,SUCCESS,lower_better,0.0,0.0
E5_DT1_PD20_SEED42,1,0.2,0.2509132420091324,1.0,load_estimation,persistence,,raw,mae,0.5044602527420633,0.4591450760399007,0.0453151767021626,0.0986946807597358,SUCCESS,lower_better,0.04531517670216262,0.09869468075973581
E5_DT1_PD20_SEED42,1,0.2,0.2509132420091324,1.0,load_estimation,persistence,,raw,rmse,0.6858819355980028,0.630307824152761,0.0555741114452418,0.0881697946871319,SUCCESS,lower_better,0.055574111445241825,0.08816979468713199
E5_DT1_PD20_SEED42,1,0.2,0.2509132420091324,1.0,load_estimation,persistence,,raw,mape,15.806540790489112,14.73210135971861,1.074439430770502,0.0729318516439411,SUCCESS,lower_better,1.0744394307705019,0.07293185164394118
E5_DT1_PD20_SEED42,1,0.2,0.2509132420091324,1.0,load_estimation,persistence,,raw,r2,0.9131361021899016,0.9266422537549912,-0.0135061515650896,-0.0145753676894823,SUCCESS,lower_better,-0.013506151565089608,-0.014575367689482355
E5_DT1_PD20_SEED42,1,0.2,0.2509132420091324,1.0,load_estimation,xgboost,,raw,mae,0.2895491203488824,0.2734339335193372,0.0161151868295452,0.0589363091190931,SUCCESS,lower_better,0.016115186829545214,0.05893630911909312
E5_DT1_PD20_SEED42,1,0.2,0.2509132420091324,1.0,load_estimation,xgboost,,raw,rmse,0.4338800542102681,0.4129930382953352,0.0208870159149329,0.0505747409233481,SUCCESS,lower_better,0.020887015914932916,0.050574740923348
E5_DT1_PD20_SEED42,1,0.2,0.2509132420091324,1.0,load_estimation,xgboost,,raw,mape,9.474150554656106,9.063484965162122,0.4106655894939841,0.0453098991251692,SUCCESS,lower_better,0.41066558949398413,0.04530989912516928
E5_DT1_PD20_SEED42,1,0.2,0.2509132420091324,1.0,load_estimation,xgboost,,raw,r2,0.9652399849900684,0.9685061288962542,-0.0032661439061857,-0.0033723523359712,SUCCESS,lower_better,-0.0032661439061858477,-0.0033723523359713453
E5_DT1_PD20_SEED42,1,0.2,0.2509132420091324,1.0,load_estimation,lstm,,raw,mae,0.2858751653007538,0.2759301433503092,0.0099450219504445,0.0360418105455726,SUCCESS,lower_better,0.00994502195044461,0.03604181054557288
E5_DT1_PD20_SEED42,1,0.2,0.2509132420091324,1.0,load_estimation,lstm,,raw,rmse,0.4319914299841561,0.4230368621902369,0.0089545677939192,0.0211673463810168,SUCCESS,lower_better,0.008954567793919177,0.021167346381016715
E5_DT1_PD20_SEED42,1,0.2,0.2509132420091324,1.0,load_estimation,lstm,,raw,mape,9.171423424412827,8.95040488214452,0.2210185422683075,0.0246936920931057,SUCCESS,lower_better,0.22101854226830753,0.024693692093105783
E5_DT1_PD20_SEED42,1,0.2,0.2509132420091324,1.0,load_estimation,lstm,,raw,r2,0.965635804688744,0.9670456810550092,-0.0014098763662651,-0.0014579211653445,SUCCESS,lower_better,-0.001409876366265217,-0.0014579211653446367
E5_DT1_PD20_SEED42,1,0.2,0.2509132420091324,1.0,anomaly_detection,isolation_forest,isolation_forest,raw,precision,0.1164658634538152,0.1164658634538152,0.0,0.0,SUCCESS,higher_better,0.0,0.0
E5_DT1_PD20_SEED42,1,0.2,0.2509132420091324,1.0,anomaly_detection,isolation_forest,isolation_forest,raw,recall,0.1188524590163934,0.1188524590163934,0.0,0.0,SUCCESS,higher_better,0.0,0.0
E5_DT1_PD20_SEED42,1,0.2,0.2509132420091324,1.0,anomaly_detection,isolation_forest,isolation_forest,raw,f1,0.1176470588235294,0.1176470588235294,0.0,0.0,SUCCESS,higher_better,0.0,0.0
E5_DT1_PD20_SEED42,1,0.2,0.2509132420091324,1.0,anomaly_detection,isolation_forest,isolation_forest,raw,false_positive_rate,0.0438946528332003,0.0438946528332003,0.0,0.0,SUCCESS,lower_better,0.0,0.0
E5_DT1_PD20_SEED42,1,0.2,0.2509132420091324,1.0,anomaly_detection,isolation_forest,isolation_forest,raw,pr_auc,0.09385708598261,0.09385708598261,0.0,0.0,SUCCESS,higher_better,0.0,0.0
E5_DT1_PD20_SEED42,1,0.2,0.2509132420091324,1.0,anomaly_detection,isolation_forest,isolation_forest,raw,roc_auc,0.7138596875695052,0.7138596875695052,0.0,0.0,SUCCESS,higher_better,0.0,0.0
E5_DT1_PD20_SEED42,1,0.2,0.2509132420091324,1.0,anomaly_detection,isolation_forest,isolation_forest,raw,detection_latency,3.2459016393442623,3.2459016393442623,0.0,0.0,SUCCESS,lower_better,0.0,0.0
E5_DT1_PD20_SEED42,1,0.2,0.2509132420091324,1.0,anomaly_detection,isolation_forest,isolation_forest,raw,threshold,0.5031683371451802,0.5031683371451802,0.0,0.0,SUCCESS,lower_better,0.0,0.0
E5_DT1_PD20_SEED42,1,0.2,0.2509132420091324,1.0,anomaly_detection,isolation_forest,isolation_forest,residual,precision,0.0464231354642313,0.0464231354642313,0.0,0.0,SUCCESS,higher_better,0.0,0.0
E5_DT1_PD20_SEED42,1,0.2,0.2509132420091324,1.0,anomaly_detection,isolation_forest,isolation_forest,residual,recall,1.0,1.0,0.0,0.0,SUCCESS,higher_better,0.0,0.0
E5_DT1_PD20_SEED42,1,0.2,0.2509132420091324,1.0,anomaly_detection,isolation_forest,isolation_forest,residual,f1,0.0887272727272727,0.0887272727272727,0.0,0.0,SUCCESS,higher_better,0.0,0.0
E5_DT1_PD20_SEED42,1,0.2,0.2509132420091324,1.0,anomaly_detection,isolation_forest,isolation_forest,residual,false_positive_rate,1.0,1.0,0.0,0.0,SUCCESS,lower_better,0.0,0.0
E5_DT1_PD20_SEED42,1,0.2,0.2509132420091324,1.0,anomaly_detection,isolation_forest,isolation_forest,residual,pr_auc,0.1147960603087708,1.0,-0.8852039396912292,0.8852039396912292,SUCCESS,higher_better,0.8852039396912292,0.8852039396912292
E5_DT1_PD20_SEED42,1,0.2,0.2509132420091324,1.0,anomaly_detection,isolation_forest,isolation_forest,residual,roc_auc,0.8293080214043672,1.0,-0.1706919785956328,0.1706919785956328,SUCCESS,higher_better,0.1706919785956328,0.1706919785956328
E5_DT1_PD20_SEED42,1,0.2,0.2509132420091324,1.0,anomaly_detection,isolation_forest,isolation_forest,residual,detection_latency,0.0,0.0,0.0,0.0,SUCCESS,lower_better,0.0,0.0
E5_DT1_PD20_SEED42,1,0.2,0.2509132420091324,1.0,anomaly_detection,isolation_forest,isolation_forest,residual,threshold,0.2937656541960819,0.2937656541960819,0.0,0.0,SUCCESS,lower_better,0.0,0.0
E5_DT1_PD20_SEED42,1,0.2,0.2509132420091324,1.0,anomaly_detection,lstm_autoencoder,lstm_autoencoder,raw,precision,0.4982578397212543,0.4982578397212543,0.0,0.0,SUCCESS,higher_better,0.0,0.0
E5_DT1_PD20_SEED42,1,0.2,0.2509132420091324,1.0,anomaly_detection,lstm_autoencoder,lstm_autoencoder,raw,recall,0.5860655737704918,0.5860655737704918,0.0,0.0,SUCCESS,higher_better,0.0,0.0
E5_DT1_PD20_SEED42,1,0.2,0.2509132420091324,1.0,anomaly_detection,lstm_autoencoder,lstm_autoencoder,raw,f1,0.5386064030131827,0.5386064030131827,0.0,0.0,SUCCESS,higher_better,0.0,0.0
E5_DT1_PD20_SEED42,1,0.2,0.2509132420091324,1.0,anomaly_detection,lstm_autoencoder,lstm_autoencoder,raw,false_positive_rate,0.028731045490822,0.028731045490822,0.0,0.0,SUCCESS,lower_better,0.0,0.0
E5_DT1_PD20_SEED42,1,0.2,0.2509132420091324,1.0,anomaly_detection,lstm_autoencoder,lstm_autoencoder,raw,pr_auc,0.561001698584242,0.561001698584242,0.0,0.0,SUCCESS,higher_better,0.0,0.0
E5_DT1_PD20_SEED42,1,0.2,0.2509132420091324,1.0,anomaly_detection,lstm_autoencoder,lstm_autoencoder,raw,roc_auc,0.9493396177043946,0.9493396177043946,0.0,0.0,SUCCESS,higher_better,0.0,0.0
E5_DT1_PD20_SEED42,1,0.2,0.2509132420091324,1.0,anomaly_detection,lstm_autoencoder,lstm_autoencoder,raw,detection_latency,1.3442622950819672,1.3442622950819672,0.0,0.0,SUCCESS,lower_better,0.0,0.0
E5_DT1_PD20_SEED42,1,0.2,0.2509132420091324,1.0,anomaly_detection,lstm_autoencoder,lstm_autoencoder,raw,threshold,0.0007370078528765,0.0007370078528765,0.0,0.0,SUCCESS,lower_better,0.0,0.0
E5_DT1_PD20_SEED42,1,0.2,0.2509132420091324,1.0,anomaly_detection,lstm_autoencoder,lstm_autoencoder,residual,precision,0.1928853754940711,0.9568627450980391,-0.7639773696039681,0.7984189723320159,SUCCESS,higher_better,0.763977369603968,0.7984189723320158
E5_DT1_PD20_SEED42,1,0.2,0.2509132420091324,1.0,anomaly_detection,lstm_autoencoder,lstm_autoencoder,residual,recall,1.0,1.0,0.0,0.0,SUCCESS,higher_better,0.0,0.0
E5_DT1_PD20_SEED42,1,0.2,0.2509132420091324,1.0,anomaly_detection,lstm_autoencoder,lstm_autoencoder,residual,f1,0.3233929754804506,0.9779559118236472,-0.6545629363431966,0.6693174287607687,SUCCESS,higher_better,0.6545629363431966,0.6693174287607687
E5_DT1_PD20_SEED42,1,0.2,0.2509132420091324,1.0,anomaly_detection,lstm_autoencoder,lstm_autoencoder,residual,false_positive_rate,0.2037110933758978,0.00219473264166,0.2015163607342378,91.81818181818184,SUCCESS,lower_better,0.2015163607342378,91.81818181818247
E5_DT1_PD20_SEED42,1,0.2,0.2509132420091324,1.0,anomaly_detection,lstm_autoencoder,lstm_autoencoder,residual,pr_auc,0.2837795341596269,1.0,-0.716220465840373,0.716220465840373,SUCCESS,higher_better,0.716220465840373,0.716220465840373
E5_DT1_PD20_SEED42,1,0.2,0.2509132420091324,1.0,anomaly_detection,lstm_autoencoder,lstm_autoencoder,residual,roc_auc,0.9034571127654284,1.0,-0.0965428872345716,0.0965428872345716,SUCCESS,higher_better,0.0965428872345716,0.0965428872345716
E5_DT1_PD20_SEED42,1,0.2,0.2509132420091324,1.0,anomaly_detection,lstm_autoencoder,lstm_autoencoder,residual,detection_latency,0.0,0.0,0.0,0.0,SUCCESS,lower_better,0.0,0.0
E5_DT1_PD20_SEED42,1,0.2,0.2509132420091324,1.0,anomaly_detection,lstm_autoencoder,lstm_autoencoder,residual,threshold,0.0003816792741417,0.0003816792741417,0.0,0.0,SUCCESS,lower_better,0.0,0.0
E5_DT5_PD00_SEED42,5,0.0,2.0,4.0,load_estimation,persistence,,raw,mae,0.85874230340917,0.4591450760399007,0.3995972273692693,0.8703071169046872,SUCCESS,lower_better,0.39959722736926934,0.8703071169046872
E5_DT5_PD00_SEED42,5,0.0,2.0,4.0,load_estimation,persistence,,raw,rmse,1.1350633242297103,0.630307824152761,0.5047555000769494,0.800807923898811,SUCCESS,lower_better,0.5047555000769494,0.800807923898811
E5_DT5_PD00_SEED42,5,0.0,2.0,4.0,load_estimation,persistence,,raw,mape,25.12380949883275,14.73210135971861,10.391708139114138,0.7053785393798447,SUCCESS,lower_better,10.391708139114138,0.7053785393798447
E5_DT5_PD00_SEED42,5,0.0,2.0,4.0,load_estimation,persistence,,raw,r2,0.7621074913676852,0.9266422537549912,-0.1645347623873059,-0.1775601767786532,SUCCESS,lower_better,-0.16453476238730602,-0.17756017677865338
E5_DT5_PD00_SEED42,5,0.0,2.0,4.0,load_estimation,xgboost,,raw,mae,0.5164365891815139,0.2734339335193372,0.2430026556621766,0.8887070179422025,SUCCESS,lower_better,0.24300265566217671,0.8887070179422029
E5_DT5_PD00_SEED42,5,0.0,2.0,4.0,load_estimation,xgboost,,raw,rmse,0.7125354972737628,0.4129930382953352,0.2995424589784276,0.7252966302163717,SUCCESS,lower_better,0.2995424589784276,0.7252966302163717
E5_DT5_PD00_SEED42,5,0.0,2.0,4.0,load_estimation,xgboost,,raw,mape,15.351534295499333,9.063484965162122,6.288049330337211,0.6937783153507702,SUCCESS,lower_better,6.288049330337211,0.6937783153507702
E5_DT5_PD00_SEED42,5,0.0,2.0,4.0,load_estimation,xgboost,,raw,r2,0.9062538170091772,0.9685061288962542,-0.0622523118870769,-0.0642766318453988,SUCCESS,lower_better,-0.06225231188707703,-0.06427663184539895
E5_DT5_PD00_SEED42,5,0.0,2.0,4.0,load_estimation,lstm,,raw,mae,0.545224902394304,0.2759301433503092,0.2692947590439947,0.975952666041671,SUCCESS,lower_better,0.2692947590439948,0.9759526660416713
E5_DT5_PD00_SEED42,5,0.0,2.0,4.0,load_estimation,lstm,,raw,rmse,0.7209294764617779,0.4230368621902369,0.2978926142715409,0.7041764935784263,SUCCESS,lower_better,0.29789261427154096,0.7041764935784263
E5_DT5_PD00_SEED42,5,0.0,2.0,4.0,load_estimation,lstm,,raw,mape,15.260972937471529,8.95040488214452,6.310568055327009,0.7050595071867849,SUCCESS,lower_better,6.310568055327009,0.7050595071867849
E5_DT5_PD00_SEED42,5,0.0,2.0,4.0,load_estimation,lstm,,raw,r2,0.904293489518594,0.9670456810550092,-0.0627521915364153,-0.0648906176468883,SUCCESS,lower_better,-0.0627521915364152,-0.06489061764688821
E5_DT5_PD00_SEED42,5,0.0,2.0,4.0,anomaly_detection,isolation_forest,isolation_forest,raw,precision,0.1164658634538152,0.1164658634538152,0.0,0.0,SUCCESS,higher_better,0.0,0.0
E5_DT5_PD00_SEED42,5,0.0,2.0,4.0,anomaly_detection,isolation_forest,isolation_forest,raw,recall,0.1188524590163934,0.1188524590163934,0.0,0.0,SUCCESS,higher_better,0.0,0.0
E5_DT5_PD00_SEED42,5,0.0,2.0,4.0,anomaly_detection,isolation_forest,isolation_forest,raw,f1,0.1176470588235294,0.1176470588235294,0.0,0.0,SUCCESS,higher_better,0.0,0.0
E5_DT5_PD00_SEED42,5,0.0,2.0,4.0,anomaly_detection,isolation_forest,isolation_forest,raw,false_positive_rate,0.0438946528332003,0.0438946528332003,0.0,0.0,SUCCESS,lower_better,0.0,0.0
E5_DT5_PD00_SEED42,5,0.0,2.0,4.0,anomaly_detection,isolation_forest,isolation_forest,raw,pr_auc,0.09385708598261,0.09385708598261,0.0,0.0,SUCCESS,higher_better,0.0,0.0
E5_DT5_PD00_SEED42,5,0.0,2.0,4.0,anomaly_detection,isolation_forest,isolation_forest,raw,roc_auc,0.7138596875695052,0.7138596875695052,0.0,0.0,SUCCESS,higher_better,0.0,0.0
E5_DT5_PD00_SEED42,5,0.0,2.0,4.0,anomaly_detection,isolation_forest,isolation_forest,raw,detection_latency,3.2459016393442623,3.2459016393442623,0.0,0.0,SUCCESS,lower_better,0.0,0.0
E5_DT5_PD00_SEED42,5,0.0,2.0,4.0,anomaly_detection,isolation_forest,isolation_forest,raw,threshold,0.5031683371451802,0.5031683371451802,0.0,0.0,SUCCESS,lower_better,0.0,0.0
E5_DT5_PD00_SEED42,5,0.0,2.0,4.0,anomaly_detection,isolation_forest,isolation_forest,residual,precision,0.0464231354642313,0.0464231354642313,0.0,0.0,SUCCESS,higher_better,0.0,0.0
E5_DT5_PD00_SEED42,5,0.0,2.0,4.0,anomaly_detection,isolation_forest,isolation_forest,residual,recall,1.0,1.0,0.0,0.0,SUCCESS,higher_better,0.0,0.0
E5_DT5_PD00_SEED42,5,0.0,2.0,4.0,anomaly_detection,isolation_forest,isolation_forest,residual,f1,0.0887272727272727,0.0887272727272727,0.0,0.0,SUCCESS,higher_better,0.0,0.0
E5_DT5_PD00_SEED42,5,0.0,2.0,4.0,anomaly_detection,isolation_forest,isolation_forest,residual,false_positive_rate,1.0,1.0,0.0,0.0,SUCCESS,lower_better,0.0,0.0
E5_DT5_PD00_SEED42,5,0.0,2.0,4.0,anomaly_detection,isolation_forest,isolation_forest,residual,pr_auc,0.0542510477863179,1.0,-0.945748952213682,0.945748952213682,SUCCESS,higher_better,0.945748952213682,0.945748952213682
E5_DT5_PD00_SEED42,5,0.0,2.0,4.0,anomaly_detection,isolation_forest,isolation_forest,residual,roc_auc,0.5802054577211414,1.0,-0.4197945422788586,0.4197945422788586,SUCCESS,higher_better,0.4197945422788586,0.4197945422788586
E5_DT5_PD00_SEED42,5,0.0,2.0,4.0,anomaly_detection,isolation_forest,isolation_forest,residual,detection_latency,0.0,0.0,0.0,0.0,SUCCESS,lower_better,0.0,0.0
E5_DT5_PD00_SEED42,5,0.0,2.0,4.0,anomaly_detection,isolation_forest,isolation_forest,residual,threshold,0.2937656541960819,0.2937656541960819,0.0,0.0,SUCCESS,lower_better,0.0,0.0
E5_DT5_PD00_SEED42,5,0.0,2.0,4.0,anomaly_detection,lstm_autoencoder,lstm_autoencoder,raw,precision,0.4982578397212543,0.4982578397212543,0.0,0.0,SUCCESS,higher_better,0.0,0.0
E5_DT5_PD00_SEED42,5,0.0,2.0,4.0,anomaly_detection,lstm_autoencoder,lstm_autoencoder,raw,recall,0.5860655737704918,0.5860655737704918,0.0,0.0,SUCCESS,higher_better,0.0,0.0
E5_DT5_PD00_SEED42,5,0.0,2.0,4.0,anomaly_detection,lstm_autoencoder,lstm_autoencoder,raw,f1,0.5386064030131827,0.5386064030131827,0.0,0.0,SUCCESS,higher_better,0.0,0.0
E5_DT5_PD00_SEED42,5,0.0,2.0,4.0,anomaly_detection,lstm_autoencoder,lstm_autoencoder,raw,false_positive_rate,0.028731045490822,0.028731045490822,0.0,0.0,SUCCESS,lower_better,0.0,0.0
E5_DT5_PD00_SEED42,5,0.0,2.0,4.0,anomaly_detection,lstm_autoencoder,lstm_autoencoder,raw,pr_auc,0.561001698584242,0.561001698584242,0.0,0.0,SUCCESS,higher_better,0.0,0.0
E5_DT5_PD00_SEED42,5,0.0,2.0,4.0,anomaly_detection,lstm_autoencoder,lstm_autoencoder,raw,roc_auc,0.9493396177043946,0.9493396177043946,0.0,0.0,SUCCESS,higher_better,0.0,0.0
E5_DT5_PD00_SEED42,5,0.0,2.0,4.0,anomaly_detection,lstm_autoencoder,lstm_autoencoder,raw,detection_latency,1.3442622950819672,1.3442622950819672,0.0,0.0,SUCCESS,lower_better,0.0,0.0
E5_DT5_PD00_SEED42,5,0.0,2.0,4.0,anomaly_detection,lstm_autoencoder,lstm_autoencoder,raw,threshold,0.0007370078528765,0.0007370078528765,0.0,0.0,SUCCESS,lower_better,0.0,0.0
E5_DT5_PD00_SEED42,5,0.0,2.0,4.0,anomaly_detection,lstm_autoencoder,lstm_autoencoder,residual,precision,0.0573712673407006,0.9568627450980391,-0.8994914777573386,0.940042323066071,SUCCESS,higher_better,0.8994914777573385,0.940042323066071
E5_DT5_PD00_SEED42,5,0.0,2.0,4.0,anomaly_detection,lstm_autoencoder,lstm_autoencoder,residual,recall,1.0,1.0,0.0,0.0,SUCCESS,higher_better,0.0,0.0
E5_DT5_PD00_SEED42,5,0.0,2.0,4.0,anomaly_detection,lstm_autoencoder,lstm_autoencoder,residual,f1,0.1085167889704247,0.9779559118236472,-0.8694391228532226,0.8890371358683566,SUCCESS,higher_better,0.8694391228532224,0.8890371358683566
E5_DT5_PD00_SEED42,5,0.0,2.0,4.0,anomaly_detection,lstm_autoencoder,lstm_autoencoder,residual,false_positive_rate,0.7998802873104549,0.00219473264166,0.7976855546687949,363.45454545454544,SUCCESS,lower_better,0.7976855546687949,363.4545454545481
E5_DT5_PD00_SEED42,5,0.0,2.0,4.0,anomaly_detection,lstm_autoencoder,lstm_autoencoder,residual,pr_auc,0.1241712541751157,1.0,-0.8758287458248842,0.8758287458248842,SUCCESS,higher_better,0.8758287458248843,0.8758287458248843
E5_DT5_PD00_SEED42,5,0.0,2.0,4.0,anomaly_detection,lstm_autoencoder,lstm_autoencoder,residual,roc_auc,0.7027044928237803,1.0,-0.2972955071762196,0.2972955071762196,SUCCESS,higher_better,0.29729550717621966,0.29729550717621966
E5_DT5_PD00_SEED42,5,0.0,2.0,4.0,anomaly_detection,lstm_autoencoder,lstm_autoencoder,residual,detection_latency,0.0,0.0,0.0,0.0,SUCCESS,lower_better,0.0,0.0
E5_DT5_PD00_SEED42,5,0.0,2.0,4.0,anomaly_detection,lstm_autoencoder,lstm_autoencoder,residual,threshold,0.0003816792741417,0.0003816792741417,0.0,0.0,SUCCESS,lower_better,0.0,0.0
E5_DT5_PD05_SEED42,5,0.05,2.031563926940639,4.0,load_estimation,persistence,,raw,mae,0.8579735411175128,0.4591450760399007,0.3988284650776121,0.868632782730644,SUCCESS,lower_better,0.3988284650776121,0.868632782730644
E5_DT5_PD05_SEED42,5,0.05,2.031563926940639,4.0,load_estimation,persistence,,raw,rmse,1.1312581772515542,0.630307824152761,0.5009503530987932,0.7947709577810718,SUCCESS,lower_better,0.5009503530987932,0.7947709577810718
E5_DT5_PD05_SEED42,5,0.05,2.031563926940639,4.0,load_estimation,persistence,,raw,mape,25.004624510816114,14.73210135971861,10.272523151097504,0.6972883840716199,SUCCESS,lower_better,10.272523151097504,0.6972883840716199
E5_DT5_PD05_SEED42,5,0.05,2.031563926940639,4.0,load_estimation,persistence,,raw,r2,0.7636998230618551,0.9266422537549912,-0.1629424306931359,-0.1758417879530656,SUCCESS,lower_better,-0.16294243069313608,-0.1758417879530657
E5_DT5_PD05_SEED42,5,0.05,2.031563926940639,4.0,load_estimation,xgboost,,raw,mae,0.5032898727209056,0.2734339335193372,0.2298559392015683,0.8406269706291336,SUCCESS,lower_better,0.22985593920156844,0.8406269706291339
E5_DT5_PD05_SEED42,5,0.05,2.031563926940639,4.0,load_estimation,xgboost,,raw,rmse,0.6944161086905591,0.4129930382953352,0.2814230703952239,0.681423279086791,SUCCESS,lower_better,0.28142307039522396,0.681423279086791
E5_DT5_PD05_SEED42,5,0.05,2.031563926940639,4.0,load_estimation,xgboost,,raw,mape,14.83697982436679,9.063484965162122,5.773494859204668,0.6370060612884125,SUCCESS,lower_better,5.773494859204668,0.6370060612884125
E5_DT5_PD05_SEED42,5,0.05,2.031563926940639,4.0,load_estimation,xgboost,,raw,r2,0.910961023850088,0.9685061288962542,-0.0575451050461662,-0.0594163561068496,SUCCESS,lower_better,-0.05754510504616617,-0.05941635610684955
E5_DT5_PD05_SEED42,5,0.05,2.031563926940639,4.0,load_estimation,lstm,,raw,mae,0.54083574989114,0.2759301433503092,0.2649056065408308,0.960045913521372,SUCCESS,lower_better,0.26490560654083084,0.9600459135213725
E5_DT5_PD05_SEED42,5,0.05,2.031563926940639,4.0,load_estimation,lstm,,raw,rmse,0.7148724894240147,0.4230368621902369,0.2918356272337778,0.6898586230117726,SUCCESS,lower_better,0.2918356272337778,0.6898586230117726
E5_DT5_PD05_SEED42,5,0.05,2.031563926940639,4.0,load_estimation,lstm,,raw,mape,15.180048337165452,8.95040488214452,6.229643455020932,0.696018061422972,SUCCESS,lower_better,6.229643455020932,0.696018061422972
E5_DT5_PD05_SEED42,5,0.05,2.031563926940639,4.0,load_estimation,lstm,,raw,r2,0.9058949163629209,0.9670456810550092,-0.0611507646920884,-0.0632346184777696,SUCCESS,lower_better,-0.061150764692088355,-0.06323461847776958
E5_DT5_PD05_SEED42,5,0.05,2.031563926940639,4.0,anomaly_detection,isolation_forest,isolation_forest,raw,precision,0.1164658634538152,0.1164658634538152,0.0,0.0,SUCCESS,higher_better,0.0,0.0
E5_DT5_PD05_SEED42,5,0.05,2.031563926940639,4.0,anomaly_detection,isolation_forest,isolation_forest,raw,recall,0.1188524590163934,0.1188524590163934,0.0,0.0,SUCCESS,higher_better,0.0,0.0
E5_DT5_PD05_SEED42,5,0.05,2.031563926940639,4.0,anomaly_detection,isolation_forest,isolation_forest,raw,f1,0.1176470588235294,0.1176470588235294,0.0,0.0,SUCCESS,higher_better,0.0,0.0
E5_DT5_PD05_SEED42,5,0.05,2.031563926940639,4.0,anomaly_detection,isolation_forest,isolation_forest,raw,false_positive_rate,0.0438946528332003,0.0438946528332003,0.0,0.0,SUCCESS,lower_better,0.0,0.0
E5_DT5_PD05_SEED42,5,0.05,2.031563926940639,4.0,anomaly_detection,isolation_forest,isolation_forest,raw,pr_auc,0.09385708598261,0.09385708598261,0.0,0.0,SUCCESS,higher_better,0.0,0.0
E5_DT5_PD05_SEED42,5,0.05,2.031563926940639,4.0,anomaly_detection,isolation_forest,isolation_forest,raw,roc_auc,0.7138596875695052,0.7138596875695052,0.0,0.0,SUCCESS,higher_better,0.0,0.0
E5_DT5_PD05_SEED42,5,0.05,2.031563926940639,4.0,anomaly_detection,isolation_forest,isolation_forest,raw,detection_latency,3.2459016393442623,3.2459016393442623,0.0,0.0,SUCCESS,lower_better,0.0,0.0
E5_DT5_PD05_SEED42,5,0.05,2.031563926940639,4.0,anomaly_detection,isolation_forest,isolation_forest,raw,threshold,0.5031683371451802,0.5031683371451802,0.0,0.0,SUCCESS,lower_better,0.0,0.0
E5_DT5_PD05_SEED42,5,0.05,2.031563926940639,4.0,anomaly_detection,isolation_forest,isolation_forest,residual,precision,0.0464231354642313,0.0464231354642313,0.0,0.0,SUCCESS,higher_better,0.0,0.0
E5_DT5_PD05_SEED42,5,0.05,2.031563926940639,4.0,anomaly_detection,isolation_forest,isolation_forest,residual,recall,1.0,1.0,0.0,0.0,SUCCESS,higher_better,0.0,0.0
E5_DT5_PD05_SEED42,5,0.05,2.031563926940639,4.0,anomaly_detection,isolation_forest,isolation_forest,residual,f1,0.0887272727272727,0.0887272727272727,0.0,0.0,SUCCESS,higher_better,0.0,0.0
E5_DT5_PD05_SEED42,5,0.05,2.031563926940639,4.0,anomaly_detection,isolation_forest,isolation_forest,residual,false_positive_rate,1.0,1.0,0.0,0.0,SUCCESS,lower_better,0.0,0.0
E5_DT5_PD05_SEED42,5,0.05,2.031563926940639,4.0,anomaly_detection,isolation_forest,isolation_forest,residual,pr_auc,0.0527716611565756,1.0,-0.9472283388434244,0.9472283388434244,SUCCESS,higher_better,0.9472283388434244,0.9472283388434244
E5_DT5_PD05_SEED42,5,0.05,2.031563926940639,4.0,anomaly_detection,isolation_forest,isolation_forest,residual,roc_auc,0.5579621204191907,1.0,-0.4420378795808093,0.4420378795808093,SUCCESS,higher_better,0.4420378795808093,0.4420378795808093
E5_DT5_PD05_SEED42,5,0.05,2.031563926940639,4.0,anomaly_detection,isolation_forest,isolation_forest,residual,detection_latency,0.0,0.0,0.0,0.0,SUCCESS,lower_better,0.0,0.0
E5_DT5_PD05_SEED42,5,0.05,2.031563926940639,4.0,anomaly_detection,isolation_forest,isolation_forest,residual,threshold,0.2937656541960819,0.2937656541960819,0.0,0.0,SUCCESS,lower_better,0.0,0.0
E5_DT5_PD05_SEED42,5,0.05,2.031563926940639,4.0,anomaly_detection,lstm_autoencoder,lstm_autoencoder,raw,precision,0.4982578397212543,0.4982578397212543,0.0,0.0,SUCCESS,higher_better,0.0,0.0
E5_DT5_PD05_SEED42,5,0.05,2.031563926940639,4.0,anomaly_detection,lstm_autoencoder,lstm_autoencoder,raw,recall,0.5860655737704918,0.5860655737704918,0.0,0.0,SUCCESS,higher_better,0.0,0.0
E5_DT5_PD05_SEED42,5,0.05,2.031563926940639,4.0,anomaly_detection,lstm_autoencoder,lstm_autoencoder,raw,f1,0.5386064030131827,0.5386064030131827,0.0,0.0,SUCCESS,higher_better,0.0,0.0
E5_DT5_PD05_SEED42,5,0.05,2.031563926940639,4.0,anomaly_detection,lstm_autoencoder,lstm_autoencoder,raw,false_positive_rate,0.028731045490822,0.028731045490822,0.0,0.0,SUCCESS,lower_better,0.0,0.0
E5_DT5_PD05_SEED42,5,0.05,2.031563926940639,4.0,anomaly_detection,lstm_autoencoder,lstm_autoencoder,raw,pr_auc,0.561001698584242,0.561001698584242,0.0,0.0,SUCCESS,higher_better,0.0,0.0
E5_DT5_PD05_SEED42,5,0.05,2.031563926940639,4.0,anomaly_detection,lstm_autoencoder,lstm_autoencoder,raw,roc_auc,0.9493396177043946,0.9493396177043946,0.0,0.0,SUCCESS,higher_better,0.0,0.0
E5_DT5_PD05_SEED42,5,0.05,2.031563926940639,4.0,anomaly_detection,lstm_autoencoder,lstm_autoencoder,raw,detection_latency,1.3442622950819672,1.3442622950819672,0.0,0.0,SUCCESS,lower_better,0.0,0.0
E5_DT5_PD05_SEED42,5,0.05,2.031563926940639,4.0,anomaly_detection,lstm_autoencoder,lstm_autoencoder,raw,threshold,0.0007370078528765,0.0007370078528765,0.0,0.0,SUCCESS,lower_better,0.0,0.0
E5_DT5_PD05_SEED42,5,0.05,2.031563926940639,4.0,anomaly_detection,lstm_autoencoder,lstm_autoencoder,residual,precision,0.0571027381230985,0.9568627450980391,-0.8997600069749407,0.9403229581090568,SUCCESS,higher_better,0.8997600069749406,0.9403229581090569
E5_DT5_PD05_SEED42,5,0.05,2.031563926940639,4.0,anomaly_detection,lstm_autoencoder,lstm_autoencoder,residual,recall,1.0,1.0,0.0,0.0,SUCCESS,higher_better,0.0,0.0
E5_DT5_PD05_SEED42,5,0.05,2.031563926940639,4.0,anomaly_detection,lstm_autoencoder,lstm_autoencoder,residual,f1,0.1080363072835953,0.9779559118236472,-0.869919604540052,0.8895284480850122,SUCCESS,higher_better,0.8699196045400519,0.8895284480850122
E5_DT5_PD05_SEED42,5,0.05,2.031563926940639,4.0,anomaly_detection,lstm_autoencoder,lstm_autoencoder,residual,false_positive_rate,0.8038707102952913,0.00219473264166,0.8016759776536313,365.2727272727273,SUCCESS,lower_better,0.8016759776536313,365.27272727273
E5_DT5_PD05_SEED42,5,0.05,2.031563926940639,4.0,anomaly_detection,lstm_autoencoder,lstm_autoencoder,residual,pr_auc,0.121493597935917,1.0,-0.8785064020640829,0.8785064020640829,SUCCESS,higher_better,0.878506402064083,0.878506402064083
E5_DT5_PD05_SEED42,5,0.05,2.031563926940639,4.0,anomaly_detection,lstm_autoencoder,lstm_autoencoder,residual,roc_auc,0.6862946960082686,1.0,-0.3137053039917313,0.3137053039917313,SUCCESS,higher_better,0.31370530399173135,0.31370530399173135
E5_DT5_PD05_SEED42,5,0.05,2.031563926940639,4.0,anomaly_detection,lstm_autoencoder,lstm_autoencoder,residual,detection_latency,0.0,0.0,0.0,0.0,SUCCESS,lower_better,0.0,0.0
E5_DT5_PD05_SEED42,5,0.05,2.031563926940639,4.0,anomaly_detection,lstm_autoencoder,lstm_autoencoder,residual,threshold,0.0003816792741417,0.0003816792741417,0.0,0.0,SUCCESS,lower_better,0.0,0.0
E5_DT5_PD10_SEED42,5,0.1,2.066923515981735,4.0,load_estimation,persistence,,raw,mae,0.8846708421610987,0.4591450760399007,0.425525766121198,0.9267784591992856,SUCCESS,lower_better,0.425525766121198,0.9267784591992857
E5_DT5_PD10_SEED42,5,0.1,2.066923515981735,4.0,load_estimation,persistence,,raw,rmse,1.1736116065792987,0.630307824152761,0.5433037824265378,0.8619657913287508,SUCCESS,lower_better,0.5433037824265378,0.8619657913287508
E5_DT5_PD10_SEED42,5,0.1,2.066923515981735,4.0,load_estimation,persistence,,raw,mape,25.865999021124107,14.73210135971861,11.133897661405497,0.7557576064368158,SUCCESS,lower_better,11.133897661405497,0.7557576064368158
E5_DT5_PD10_SEED42,5,0.1,2.066923515981735,4.0,load_estimation,persistence,,raw,r2,0.7456748112119702,0.9266422537549912,-0.1809674425430208,-0.1952937520490724,SUCCESS,lower_better,-0.180967442543021,-0.1952937520490725
E5_DT5_PD10_SEED42,5,0.1,2.066923515981735,4.0,load_estimation,xgboost,,raw,mae,0.5374560883010722,0.2734339335193372,0.2640221547817349,0.9655793316635416,SUCCESS,lower_better,0.26402215478173496,0.9655793316635419
E5_DT5_PD10_SEED42,5,0.1,2.066923515981735,4.0,load_estimation,xgboost,,raw,rmse,0.7444906636659943,0.4129930382953352,0.3314976253706591,0.8026712187182246,SUCCESS,lower_better,0.3314976253706591,0.8026712187182246
E5_DT5_PD10_SEED42,5,0.1,2.066923515981735,4.0,load_estimation,xgboost,,raw,mape,16.01590534531115,9.063484965162122,6.952420380149029,0.7670802574145019,SUCCESS,lower_better,6.952420380149029,0.7670802574145019
E5_DT5_PD10_SEED42,5,0.1,2.066923515981735,4.0,load_estimation,xgboost,,raw,r2,0.8976567756373924,0.9685061288962542,-0.0708493532588617,-0.0731532317091316,SUCCESS,lower_better,-0.07084935325886177,-0.07315323170913161
E5_DT5_PD10_SEED42,5,0.1,2.066923515981735,4.0,load_estimation,lstm,,raw,mae,0.5676898708221404,0.2759301433503092,0.2917597274718311,1.0573680857383725,SUCCESS,lower_better,0.2917597274718312,1.0573680857383727
E5_DT5_PD10_SEED42,5,0.1,2.066923515981735,4.0,load_estimation,lstm,,raw,rmse,0.7528471326412112,0.4230368621902369,0.3298102704509743,0.7796253705726968,SUCCESS,lower_better,0.3298102704509743,0.7796253705726968
E5_DT5_PD10_SEED42,5,0.1,2.066923515981735,4.0,load_estimation,lstm,,raw,mape,15.824929166731552,8.95040488214452,6.874524284587032,0.768068525961464,SUCCESS,lower_better,6.874524284587032,0.768068525961464
E5_DT5_PD10_SEED42,5,0.1,2.066923515981735,4.0,load_estimation,lstm,,raw,r2,0.8956314817708197,0.9670456810550092,-0.0714141992841894,-0.0738478033491441,SUCCESS,lower_better,-0.07141419928418946,-0.07384780334914412
E5_DT5_PD10_SEED42,5,0.1,2.066923515981735,4.0,anomaly_detection,isolation_forest,isolation_forest,raw,precision,0.1164658634538152,0.1164658634538152,0.0,0.0,SUCCESS,higher_better,0.0,0.0
E5_DT5_PD10_SEED42,5,0.1,2.066923515981735,4.0,anomaly_detection,isolation_forest,isolation_forest,raw,recall,0.1188524590163934,0.1188524590163934,0.0,0.0,SUCCESS,higher_better,0.0,0.0
E5_DT5_PD10_SEED42,5,0.1,2.066923515981735,4.0,anomaly_detection,isolation_forest,isolation_forest,raw,f1,0.1176470588235294,0.1176470588235294,0.0,0.0,SUCCESS,higher_better,0.0,0.0
E5_DT5_PD10_SEED42,5,0.1,2.066923515981735,4.0,anomaly_detection,isolation_forest,isolation_forest,raw,false_positive_rate,0.0438946528332003,0.0438946528332003,0.0,0.0,SUCCESS,lower_better,0.0,0.0
E5_DT5_PD10_SEED42,5,0.1,2.066923515981735,4.0,anomaly_detection,isolation_forest,isolation_forest,raw,pr_auc,0.09385708598261,0.09385708598261,0.0,0.0,SUCCESS,higher_better,0.0,0.0
E5_DT5_PD10_SEED42,5,0.1,2.066923515981735,4.0,anomaly_detection,isolation_forest,isolation_forest,raw,roc_auc,0.7138596875695052,0.7138596875695052,0.0,0.0,SUCCESS,higher_better,0.0,0.0
E5_DT5_PD10_SEED42,5,0.1,2.066923515981735,4.0,anomaly_detection,isolation_forest,isolation_forest,raw,detection_latency,3.2459016393442623,3.2459016393442623,0.0,0.0,SUCCESS,lower_better,0.0,0.0
E5_DT5_PD10_SEED42,5,0.1,2.066923515981735,4.0,anomaly_detection,isolation_forest,isolation_forest,raw,threshold,0.5031683371451802,0.5031683371451802,0.0,0.0,SUCCESS,lower_better,0.0,0.0
E5_DT5_PD10_SEED42,5,0.1,2.066923515981735,4.0,anomaly_detection,isolation_forest,isolation_forest,residual,precision,0.0464231354642313,0.0464231354642313,0.0,0.0,SUCCESS,higher_better,0.0,0.0
E5_DT5_PD10_SEED42,5,0.1,2.066923515981735,4.0,anomaly_detection,isolation_forest,isolation_forest,residual,recall,1.0,1.0,0.0,0.0,SUCCESS,higher_better,0.0,0.0
E5_DT5_PD10_SEED42,5,0.1,2.066923515981735,4.0,anomaly_detection,isolation_forest,isolation_forest,residual,f1,0.0887272727272727,0.0887272727272727,0.0,0.0,SUCCESS,higher_better,0.0,0.0
E5_DT5_PD10_SEED42,5,0.1,2.066923515981735,4.0,anomaly_detection,isolation_forest,isolation_forest,residual,false_positive_rate,1.0,1.0,0.0,0.0,SUCCESS,lower_better,0.0,0.0
E5_DT5_PD10_SEED42,5,0.1,2.066923515981735,4.0,anomaly_detection,isolation_forest,isolation_forest,residual,pr_auc,0.0530421141507895,1.0,-0.9469578858492104,0.9469578858492104,SUCCESS,higher_better,0.9469578858492105,0.9469578858492105
E5_DT5_PD10_SEED42,5,0.1,2.066923515981735,4.0,anomaly_detection,isolation_forest,isolation_forest,residual,roc_auc,0.5716738843169835,1.0,-0.4283261156830165,0.4283261156830165,SUCCESS,higher_better,0.4283261156830165,0.4283261156830165
E5_DT5_PD10_SEED42,5,0.1,2.066923515981735,4.0,anomaly_detection,isolation_forest,isolation_forest,residual,detection_latency,0.0,0.0,0.0,0.0,SUCCESS,lower_better,0.0,0.0
E5_DT5_PD10_SEED42,5,0.1,2.066923515981735,4.0,anomaly_detection,isolation_forest,isolation_forest,residual,threshold,0.2937656541960819,0.2937656541960819,0.0,0.0,SUCCESS,lower_better,0.0,0.0
E5_DT5_PD10_SEED42,5,0.1,2.066923515981735,4.0,anomaly_detection,lstm_autoencoder,lstm_autoencoder,raw,precision,0.4982578397212543,0.4982578397212543,0.0,0.0,SUCCESS,higher_better,0.0,0.0
E5_DT5_PD10_SEED42,5,0.1,2.066923515981735,4.0,anomaly_detection,lstm_autoencoder,lstm_autoencoder,raw,recall,0.5860655737704918,0.5860655737704918,0.0,0.0,SUCCESS,higher_better,0.0,0.0
E5_DT5_PD10_SEED42,5,0.1,2.066923515981735,4.0,anomaly_detection,lstm_autoencoder,lstm_autoencoder,raw,f1,0.5386064030131827,0.5386064030131827,0.0,0.0,SUCCESS,higher_better,0.0,0.0
E5_DT5_PD10_SEED42,5,0.1,2.066923515981735,4.0,anomaly_detection,lstm_autoencoder,lstm_autoencoder,raw,false_positive_rate,0.028731045490822,0.028731045490822,0.0,0.0,SUCCESS,lower_better,0.0,0.0
E5_DT5_PD10_SEED42,5,0.1,2.066923515981735,4.0,anomaly_detection,lstm_autoencoder,lstm_autoencoder,raw,pr_auc,0.561001698584242,0.561001698584242,0.0,0.0,SUCCESS,higher_better,0.0,0.0
E5_DT5_PD10_SEED42,5,0.1,2.066923515981735,4.0,anomaly_detection,lstm_autoencoder,lstm_autoencoder,raw,roc_auc,0.9493396177043946,0.9493396177043946,0.0,0.0,SUCCESS,higher_better,0.0,0.0
E5_DT5_PD10_SEED42,5,0.1,2.066923515981735,4.0,anomaly_detection,lstm_autoencoder,lstm_autoencoder,raw,detection_latency,1.3442622950819672,1.3442622950819672,0.0,0.0,SUCCESS,lower_better,0.0,0.0
E5_DT5_PD10_SEED42,5,0.1,2.066923515981735,4.0,anomaly_detection,lstm_autoencoder,lstm_autoencoder,raw,threshold,0.0007370078528765,0.0007370078528765,0.0,0.0,SUCCESS,lower_better,0.0,0.0
E5_DT5_PD10_SEED42,5,0.1,2.066923515981735,4.0,anomaly_detection,lstm_autoencoder,lstm_autoencoder,residual,precision,0.0570493336450783,0.9568627450980391,-0.8998134114529609,0.940378770166004,SUCCESS,higher_better,0.8998134114529609,0.9403787701660042
E5_DT5_PD10_SEED42,5,0.1,2.066923515981735,4.0,anomaly_detection,lstm_autoencoder,lstm_autoencoder,residual,recall,1.0,1.0,0.0,0.0,SUCCESS,higher_better,0.0,0.0
E5_DT5_PD10_SEED42,5,0.1,2.066923515981735,4.0,anomaly_detection,lstm_autoencoder,lstm_autoencoder,residual,f1,0.1079407210794072,0.9779559118236472,-0.87001519074424,0.8896261888962619,SUCCESS,higher_better,0.8700151907442399,0.8896261888962619
E5_DT5_PD10_SEED42,5,0.1,2.066923515981735,4.0,anomaly_detection,lstm_autoencoder,lstm_autoencoder,residual,false_positive_rate,0.8046687948922586,0.00219473264166,0.8024740622505986,365.6363636363636,SUCCESS,lower_better,0.8024740622505986,365.6363636363663
E5_DT5_PD10_SEED42,5,0.1,2.066923515981735,4.0,anomaly_detection,lstm_autoencoder,lstm_autoencoder,residual,pr_auc,0.1246009111119719,1.0,-0.875399088888028,0.875399088888028,SUCCESS,higher_better,0.8753990888880281,0.8753990888880281
E5_DT5_PD10_SEED42,5,0.1,2.066923515981735,4.0,anomaly_detection,lstm_autoencoder,lstm_autoencoder,residual,roc_auc,0.708000798084597,1.0,-0.2919992019154029,0.2919992019154029,SUCCESS,higher_better,0.29199920191540296,0.29199920191540296
E5_DT5_PD10_SEED42,5,0.1,2.066923515981735,4.0,anomaly_detection,lstm_autoencoder,lstm_autoencoder,residual,detection_latency,0.0,0.0,0.0,0.0,SUCCESS,lower_better,0.0,0.0
E5_DT5_PD10_SEED42,5,0.1,2.066923515981735,4.0,anomaly_detection,lstm_autoencoder,lstm_autoencoder,residual,threshold,0.0003816792741417,0.0003816792741417,0.0,0.0,SUCCESS,lower_better,0.0,0.0
E5_DT5_PD20_SEED42,5,0.2,2.1592465753424657,4.0,load_estimation,persistence,,raw,mae,0.8878078404672252,0.4591450760399007,0.4286627644273245,0.9336107186959636,SUCCESS,lower_better,0.4286627644273245,0.9336107186959635
E5_DT5_PD20_SEED42,5,0.2,2.1592465753424657,4.0,load_estimation,persistence,,raw,rmse,1.169478980688909,0.630307824152761,0.539171156536148,0.8554092712729436,SUCCESS,lower_better,0.539171156536148,0.8554092712729436
E5_DT5_PD20_SEED42,5,0.2,2.1592465753424657,4.0,load_estimation,persistence,,raw,mape,25.93840522970121,14.73210135971861,11.2063038699826,0.7606724659540793,SUCCESS,lower_better,11.2063038699826,0.7606724659540793
E5_DT5_PD20_SEED42,5,0.2,2.1592465753424657,4.0,load_estimation,persistence,,raw,r2,0.7474627628001574,0.9266422537549912,-0.1791794909548336,-0.1933642570568658,SUCCESS,lower_better,-0.17917949095483376,-0.193364257056866
E5_DT5_PD20_SEED42,5,0.2,2.1592465753424657,4.0,load_estimation,xgboost,,raw,mae,0.5441606854013475,0.2734339335193372,0.2707267518820103,0.9900993208762237,SUCCESS,lower_better,0.27072675188201034,0.990099320876224
E5_DT5_PD20_SEED42,5,0.2,2.1592465753424657,4.0,load_estimation,xgboost,,raw,rmse,0.7482949819219133,0.4129930382953352,0.3353019436265781,0.8118827983410234,SUCCESS,lower_better,0.33530194362657817,0.8118827983410234
E5_DT5_PD20_SEED42,5,0.2,2.1592465753424657,4.0,load_estimation,xgboost,,raw,mape,15.89010122826152,9.063484965162122,6.826616263099398,0.7531999324034061,SUCCESS,lower_better,6.826616263099398,0.7531999324034061
E5_DT5_PD20_SEED42,5,0.2,2.1592465753424657,4.0,load_estimation,xgboost,,raw,r2,0.8966081635115379,0.9685061288962542,-0.0718979653847162,-0.0742359425919729,SUCCESS,lower_better,-0.07189796538471627,-0.07423594259197294
E5_DT5_PD20_SEED42,5,0.2,2.1592465753424657,4.0,load_estimation,lstm,,raw,mae,0.5767100687899919,0.2759301433503092,0.3007799254396826,1.0900582364349558,SUCCESS,lower_better,0.3007799254396827,1.0900582364349563
E5_DT5_PD20_SEED42,5,0.2,2.1592465753424657,4.0,load_estimation,lstm,,raw,rmse,0.7604986151776895,0.4230368621902369,0.3374617529874525,0.797712405581569,SUCCESS,lower_better,0.33746175298745257,0.797712405581569
E5_DT5_PD20_SEED42,5,0.2,2.1592465753424657,4.0,load_estimation,lstm,,raw,mape,16.063561543394936,8.95040488214452,7.113156661250416,0.7947301552179729,SUCCESS,lower_better,7.113156661250416,0.7947301552179729
E5_DT5_PD20_SEED42,5,0.2,2.1592465753424657,4.0,load_estimation,lstm,,raw,r2,0.8934992241832657,0.9670456810550092,-0.0735464568717435,-0.0760527225471988,SUCCESS,lower_better,-0.07354645687174355,-0.07605272254719883
E5_DT5_PD20_SEED42,5,0.2,2.1592465753424657,4.0,anomaly_detection,isolation_forest,isolation_forest,raw,precision,0.1164658634538152,0.1164658634538152,0.0,0.0,SUCCESS,higher_better,0.0,0.0
E5_DT5_PD20_SEED42,5,0.2,2.1592465753424657,4.0,anomaly_detection,isolation_forest,isolation_forest,raw,recall,0.1188524590163934,0.1188524590163934,0.0,0.0,SUCCESS,higher_better,0.0,0.0
E5_DT5_PD20_SEED42,5,0.2,2.1592465753424657,4.0,anomaly_detection,isolation_forest,isolation_forest,raw,f1,0.1176470588235294,0.1176470588235294,0.0,0.0,SUCCESS,higher_better,0.0,0.0
E5_DT5_PD20_SEED42,5,0.2,2.1592465753424657,4.0,anomaly_detection,isolation_forest,isolation_forest,raw,false_positive_rate,0.0438946528332003,0.0438946528332003,0.0,0.0,SUCCESS,lower_better,0.0,0.0
E5_DT5_PD20_SEED42,5,0.2,2.1592465753424657,4.0,anomaly_detection,isolation_forest,isolation_forest,raw,pr_auc,0.09385708598261,0.09385708598261,0.0,0.0,SUCCESS,higher_better,0.0,0.0
E5_DT5_PD20_SEED42,5,0.2,2.1592465753424657,4.0,anomaly_detection,isolation_forest,isolation_forest,raw,roc_auc,0.7138596875695052,0.7138596875695052,0.0,0.0,SUCCESS,higher_better,0.0,0.0
E5_DT5_PD20_SEED42,5,0.2,2.1592465753424657,4.0,anomaly_detection,isolation_forest,isolation_forest,raw,detection_latency,3.2459016393442623,3.2459016393442623,0.0,0.0,SUCCESS,lower_better,0.0,0.0
E5_DT5_PD20_SEED42,5,0.2,2.1592465753424657,4.0,anomaly_detection,isolation_forest,isolation_forest,raw,threshold,0.5031683371451802,0.5031683371451802,0.0,0.0,SUCCESS,lower_better,0.0,0.0
E5_DT5_PD20_SEED42,5,0.2,2.1592465753424657,4.0,anomaly_detection,isolation_forest,isolation_forest,residual,precision,0.0464231354642313,0.0464231354642313,0.0,0.0,SUCCESS,higher_better,0.0,0.0
E5_DT5_PD20_SEED42,5,0.2,2.1592465753424657,4.0,anomaly_detection,isolation_forest,isolation_forest,residual,recall,1.0,1.0,0.0,0.0,SUCCESS,higher_better,0.0,0.0
E5_DT5_PD20_SEED42,5,0.2,2.1592465753424657,4.0,anomaly_detection,isolation_forest,isolation_forest,residual,f1,0.0887272727272727,0.0887272727272727,0.0,0.0,SUCCESS,higher_better,0.0,0.0
E5_DT5_PD20_SEED42,5,0.2,2.1592465753424657,4.0,anomaly_detection,isolation_forest,isolation_forest,residual,false_positive_rate,1.0,1.0,0.0,0.0,SUCCESS,lower_better,0.0,0.0
E5_DT5_PD20_SEED42,5,0.2,2.1592465753424657,4.0,anomaly_detection,isolation_forest,isolation_forest,residual,pr_auc,0.0595013816273544,1.0,-0.9404986183726456,0.9404986183726456,SUCCESS,higher_better,0.9404986183726456,0.9404986183726456
E5_DT5_PD20_SEED42,5,0.2,2.1592465753424657,4.0,anomaly_detection,isolation_forest,isolation_forest,residual,roc_auc,0.5940419223372104,1.0,-0.4059580776627896,0.4059580776627896,SUCCESS,higher_better,0.4059580776627896,0.4059580776627896
E5_DT5_PD20_SEED42,5,0.2,2.1592465753424657,4.0,anomaly_detection,isolation_forest,isolation_forest,residual,detection_latency,0.0,0.0,0.0,0.0,SUCCESS,lower_better,0.0,0.0
E5_DT5_PD20_SEED42,5,0.2,2.1592465753424657,4.0,anomaly_detection,isolation_forest,isolation_forest,residual,threshold,0.2937656541960819,0.2937656541960819,0.0,0.0,SUCCESS,lower_better,0.0,0.0
E5_DT5_PD20_SEED42,5,0.2,2.1592465753424657,4.0,anomaly_detection,lstm_autoencoder,lstm_autoencoder,raw,precision,0.4982578397212543,0.4982578397212543,0.0,0.0,SUCCESS,higher_better,0.0,0.0
E5_DT5_PD20_SEED42,5,0.2,2.1592465753424657,4.0,anomaly_detection,lstm_autoencoder,lstm_autoencoder,raw,recall,0.5860655737704918,0.5860655737704918,0.0,0.0,SUCCESS,higher_better,0.0,0.0
E5_DT5_PD20_SEED42,5,0.2,2.1592465753424657,4.0,anomaly_detection,lstm_autoencoder,lstm_autoencoder,raw,f1,0.5386064030131827,0.5386064030131827,0.0,0.0,SUCCESS,higher_better,0.0,0.0
E5_DT5_PD20_SEED42,5,0.2,2.1592465753424657,4.0,anomaly_detection,lstm_autoencoder,lstm_autoencoder,raw,false_positive_rate,0.028731045490822,0.028731045490822,0.0,0.0,SUCCESS,lower_better,0.0,0.0
E5_DT5_PD20_SEED42,5,0.2,2.1592465753424657,4.0,anomaly_detection,lstm_autoencoder,lstm_autoencoder,raw,pr_auc,0.561001698584242,0.561001698584242,0.0,0.0,SUCCESS,higher_better,0.0,0.0
E5_DT5_PD20_SEED42,5,0.2,2.1592465753424657,4.0,anomaly_detection,lstm_autoencoder,lstm_autoencoder,raw,roc_auc,0.9493396177043946,0.9493396177043946,0.0,0.0,SUCCESS,higher_better,0.0,0.0
E5_DT5_PD20_SEED42,5,0.2,2.1592465753424657,4.0,anomaly_detection,lstm_autoencoder,lstm_autoencoder,raw,detection_latency,1.3442622950819672,1.3442622950819672,0.0,0.0,SUCCESS,lower_better,0.0,0.0
E5_DT5_PD20_SEED42,5,0.2,2.1592465753424657,4.0,anomaly_detection,lstm_autoencoder,lstm_autoencoder,raw,threshold,0.0007370078528765,0.0007370078528765,0.0,0.0,SUCCESS,lower_better,0.0,0.0
E5_DT5_PD20_SEED42,5,0.2,2.1592465753424657,4.0,anomaly_detection,lstm_autoencoder,lstm_autoencoder,residual,precision,0.0567441860465116,0.9568627450980391,-0.9001185590515276,0.9406976744186046,SUCCESS,higher_better,0.9001185590515275,0.9406976744186046
E5_DT5_PD20_SEED42,5,0.2,2.1592465753424657,4.0,anomaly_detection,lstm_autoencoder,lstm_autoencoder,residual,recall,1.0,1.0,0.0,0.0,SUCCESS,higher_better,0.0,0.0
E5_DT5_PD20_SEED42,5,0.2,2.1592465753424657,4.0,anomaly_detection,lstm_autoencoder,lstm_autoencoder,residual,f1,0.1073943661971831,0.9779559118236472,-0.8705615456264642,0.8901848591549295,SUCCESS,higher_better,0.870561545626464,0.8901848591549295
E5_DT5_PD20_SEED42,5,0.2,2.1592465753424657,4.0,anomaly_detection,lstm_autoencoder,lstm_autoencoder,residual,false_positive_rate,0.8092577813248204,0.00219473264166,0.8070630486831604,367.7272727272727,SUCCESS,lower_better,0.8070630486831604,367.7272727272754
E5_DT5_PD20_SEED42,5,0.2,2.1592465753424657,4.0,anomaly_detection,lstm_autoencoder,lstm_autoencoder,residual,pr_auc,0.1355931142415363,1.0,-0.8644068857584637,0.8644068857584637,SUCCESS,higher_better,0.8644068857584637,0.8644068857584637
E5_DT5_PD20_SEED42,5,0.2,2.1592465753424657,4.0,anomaly_detection,lstm_autoencoder,lstm_autoencoder,residual,roc_auc,0.7048199076315205,1.0,-0.2951800923684795,0.2951800923684795,SUCCESS,higher_better,0.29518009236847953,0.29518009236847953
E5_DT5_PD20_SEED42,5,0.2,2.1592465753424657,4.0,anomaly_detection,lstm_autoencoder,lstm_autoencoder,residual,detection_latency,0.0,0.0,0.0,0.0,SUCCESS,lower_better,0.0,0.0
E5_DT5_PD20_SEED42,5,0.2,2.1592465753424657,4.0,anomaly_detection,lstm_autoencoder,lstm_autoencoder,residual,threshold,0.0003816792741417,0.0003816792741417,0.0,0.0,SUCCESS,lower_better,0.0,0.0
E5_DT15_PD00_SEED42,15,0.0,7.0,14.0,load_estimation,persistence,,raw,mae,1.808912428138463,0.4591450760399007,1.3497673520985622,2.9397404492284367,SUCCESS,lower_better,1.3497673520985622,2.9397404492284367
E5_DT15_PD00_SEED42,15,0.0,7.0,14.0,load_estimation,persistence,,raw,rmse,2.404988594457981,0.630307824152761,1.77468077030522,2.8155778848068205,SUCCESS,lower_better,1.77468077030522,2.8155778848068205
E5_DT15_PD00_SEED42,15,0.0,7.0,14.0,load_estimation,persistence,,raw,mape,56.34353474468816,14.73210135971861,41.61143338496955,2.824541616224961,SUCCESS,lower_better,41.611433384969544,2.824541616224961
E5_DT15_PD00_SEED42,15,0.0,7.0,14.0,load_estimation,persistence,,raw,r2,-0.067988622295791,0.9266422537549912,-0.9946308760507822,-1.0733709498140018,SUCCESS,lower_better,-0.9946308760507823,-1.0733709498140018
E5_DT15_PD00_SEED42,15,0.0,7.0,14.0,load_estimation,xgboost,,raw,mae,1.3660655081997906,0.2734339335193372,1.0926315746804534,3.995961878678757,SUCCESS,lower_better,1.0926315746804534,3.995961878678758
E5_DT15_PD00_SEED42,15,0.0,7.0,14.0,load_estimation,xgboost,,raw,rmse,1.8243878133864937,0.4129930382953352,1.4113947750911584,3.417478369409842,SUCCESS,lower_better,1.4113947750911584,3.417478369409842
E5_DT15_PD00_SEED42,15,0.0,7.0,14.0,load_estimation,xgboost,,raw,mape,42.583459239015305,9.063484965162122,33.51997427385318,3.69835382335779,SUCCESS,lower_better,33.51997427385318,3.69835382335779
E5_DT15_PD00_SEED42,15,0.0,7.0,14.0,load_estimation,xgboost,,raw,r2,0.3854249729447908,0.9685061288962542,-0.5830811559514634,-0.6020417822404123,SUCCESS,lower_better,-0.5830811559514635,-0.6020417822404124
E5_DT15_PD00_SEED42,15,0.0,7.0,14.0,load_estimation,lstm,,raw,mae,1.45685557995156,0.2759301433503092,1.1809254366012507,4.2797985833030125,SUCCESS,lower_better,1.1809254366012507,4.279798583303013
E5_DT15_PD00_SEED42,15,0.0,7.0,14.0,load_estimation,lstm,,raw,rmse,1.8882361858922336,0.4230368621902369,1.465199323701997,3.4635263606014224,SUCCESS,lower_better,1.4651993237019967,3.4635263606014224
E5_DT15_PD00_SEED42,15,0.0,7.0,14.0,load_estimation,lstm,,raw,mape,41.78158731932534,8.95040488214452,32.83118243718082,3.668122601098964,SUCCESS,lower_better,32.83118243718082,3.668122601098964
E5_DT15_PD00_SEED42,15,0.0,7.0,14.0,load_estimation,lstm,,raw,r2,0.343448876876833,0.9670456810550092,-0.6235968041781762,-0.6448473080380819,SUCCESS,lower_better,-0.6235968041781762,-0.6448473080380819
E5_DT15_PD00_SEED42,15,0.0,7.0,14.0,anomaly_detection,isolation_forest,isolation_forest,raw,precision,0.1164658634538152,0.1164658634538152,0.0,0.0,SUCCESS,higher_better,0.0,0.0
E5_DT15_PD00_SEED42,15,0.0,7.0,14.0,anomaly_detection,isolation_forest,isolation_forest,raw,recall,0.1188524590163934,0.1188524590163934,0.0,0.0,SUCCESS,higher_better,0.0,0.0
E5_DT15_PD00_SEED42,15,0.0,7.0,14.0,anomaly_detection,isolation_forest,isolation_forest,raw,f1,0.1176470588235294,0.1176470588235294,0.0,0.0,SUCCESS,higher_better,0.0,0.0
E5_DT15_PD00_SEED42,15,0.0,7.0,14.0,anomaly_detection,isolation_forest,isolation_forest,raw,false_positive_rate,0.0438946528332003,0.0438946528332003,0.0,0.0,SUCCESS,lower_better,0.0,0.0
E5_DT15_PD00_SEED42,15,0.0,7.0,14.0,anomaly_detection,isolation_forest,isolation_forest,raw,pr_auc,0.09385708598261,0.09385708598261,0.0,0.0,SUCCESS,higher_better,0.0,0.0
E5_DT15_PD00_SEED42,15,0.0,7.0,14.0,anomaly_detection,isolation_forest,isolation_forest,raw,roc_auc,0.7138596875695052,0.7138596875695052,0.0,0.0,SUCCESS,higher_better,0.0,0.0
E5_DT15_PD00_SEED42,15,0.0,7.0,14.0,anomaly_detection,isolation_forest,isolation_forest,raw,detection_latency,3.2459016393442623,3.2459016393442623,0.0,0.0,SUCCESS,lower_better,0.0,0.0
E5_DT15_PD00_SEED42,15,0.0,7.0,14.0,anomaly_detection,isolation_forest,isolation_forest,raw,threshold,0.5031683371451802,0.5031683371451802,0.0,0.0,SUCCESS,lower_better,0.0,0.0
E5_DT15_PD00_SEED42,15,0.0,7.0,14.0,anomaly_detection,isolation_forest,isolation_forest,residual,precision,0.0464231354642313,0.0464231354642313,0.0,0.0,SUCCESS,higher_better,0.0,0.0
E5_DT15_PD00_SEED42,15,0.0,7.0,14.0,anomaly_detection,isolation_forest,isolation_forest,residual,recall,1.0,1.0,0.0,0.0,SUCCESS,higher_better,0.0,0.0
E5_DT15_PD00_SEED42,15,0.0,7.0,14.0,anomaly_detection,isolation_forest,isolation_forest,residual,f1,0.0887272727272727,0.0887272727272727,0.0,0.0,SUCCESS,higher_better,0.0,0.0
E5_DT15_PD00_SEED42,15,0.0,7.0,14.0,anomaly_detection,isolation_forest,isolation_forest,residual,false_positive_rate,1.0,1.0,0.0,0.0,SUCCESS,lower_better,0.0,0.0
E5_DT15_PD00_SEED42,15,0.0,7.0,14.0,anomaly_detection,isolation_forest,isolation_forest,residual,pr_auc,0.047594352251292,1.0,-0.952405647748708,0.952405647748708,SUCCESS,higher_better,0.952405647748708,0.952405647748708
E5_DT15_PD00_SEED42,15,0.0,7.0,14.0,anomaly_detection,isolation_forest,isolation_forest,residual,roc_auc,0.5363386070152945,1.0,-0.4636613929847055,0.4636613929847055,SUCCESS,higher_better,0.46366139298470554,0.46366139298470554
E5_DT15_PD00_SEED42,15,0.0,7.0,14.0,anomaly_detection,isolation_forest,isolation_forest,residual,detection_latency,0.0,0.0,0.0,0.0,SUCCESS,lower_better,0.0,0.0
E5_DT15_PD00_SEED42,15,0.0,7.0,14.0,anomaly_detection,isolation_forest,isolation_forest,residual,threshold,0.2937656541960819,0.2937656541960819,0.0,0.0,SUCCESS,lower_better,0.0,0.0
E5_DT15_PD00_SEED42,15,0.0,7.0,14.0,anomaly_detection,lstm_autoencoder,lstm_autoencoder,raw,precision,0.4982578397212543,0.4982578397212543,0.0,0.0,SUCCESS,higher_better,0.0,0.0
E5_DT15_PD00_SEED42,15,0.0,7.0,14.0,anomaly_detection,lstm_autoencoder,lstm_autoencoder,raw,recall,0.5860655737704918,0.5860655737704918,0.0,0.0,SUCCESS,higher_better,0.0,0.0
E5_DT15_PD00_SEED42,15,0.0,7.0,14.0,anomaly_detection,lstm_autoencoder,lstm_autoencoder,raw,f1,0.5386064030131827,0.5386064030131827,0.0,0.0,SUCCESS,higher_better,0.0,0.0
E5_DT15_PD00_SEED42,15,0.0,7.0,14.0,anomaly_detection,lstm_autoencoder,lstm_autoencoder,raw,false_positive_rate,0.028731045490822,0.028731045490822,0.0,0.0,SUCCESS,lower_better,0.0,0.0
E5_DT15_PD00_SEED42,15,0.0,7.0,14.0,anomaly_detection,lstm_autoencoder,lstm_autoencoder,raw,pr_auc,0.561001698584242,0.561001698584242,0.0,0.0,SUCCESS,higher_better,0.0,0.0
E5_DT15_PD00_SEED42,15,0.0,7.0,14.0,anomaly_detection,lstm_autoencoder,lstm_autoencoder,raw,roc_auc,0.9493396177043946,0.9493396177043946,0.0,0.0,SUCCESS,higher_better,0.0,0.0
E5_DT15_PD00_SEED42,15,0.0,7.0,14.0,anomaly_detection,lstm_autoencoder,lstm_autoencoder,raw,detection_latency,1.3442622950819672,1.3442622950819672,0.0,0.0,SUCCESS,lower_better,0.0,0.0
E5_DT15_PD00_SEED42,15,0.0,7.0,14.0,anomaly_detection,lstm_autoencoder,lstm_autoencoder,raw,threshold,0.0007370078528765,0.0007370078528765,0.0,0.0,SUCCESS,lower_better,0.0,0.0
E5_DT15_PD00_SEED42,15,0.0,7.0,14.0,anomaly_detection,lstm_autoencoder,lstm_autoencoder,residual,precision,0.049533089727974,0.9568627450980391,-0.9073296553700652,0.9482338611449452,SUCCESS,higher_better,0.9073296553700652,0.9482338611449452
E5_DT15_PD00_SEED42,15,0.0,7.0,14.0,anomaly_detection,lstm_autoencoder,lstm_autoencoder,residual,recall,1.0,1.0,0.0,0.0,SUCCESS,higher_better,0.0,0.0
E5_DT15_PD00_SEED42,15,0.0,7.0,14.0,anomaly_detection,lstm_autoencoder,lstm_autoencoder,residual,f1,0.0943907156673114,0.9779559118236472,-0.8835651961563359,0.9034816247582206,SUCCESS,higher_better,0.8835651961563358,0.9034816247582205
E5_DT15_PD00_SEED42,15,0.0,7.0,14.0,anomaly_detection,lstm_autoencoder,lstm_autoencoder,residual,false_positive_rate,0.9341580207501996,0.00219473264166,0.9319632881085396,424.6363636363636,SUCCESS,lower_better,0.9319632881085396,424.63636363636675
E5_DT15_PD00_SEED42,15,0.0,7.0,14.0,anomaly_detection,lstm_autoencoder,lstm_autoencoder,residual,pr_auc,0.109684227824831,1.0,-0.890315772175169,0.890315772175169,SUCCESS,higher_better,0.890315772175169,0.890315772175169
E5_DT15_PD00_SEED42,15,0.0,7.0,14.0,anomaly_detection,lstm_autoencoder,lstm_autoencoder,residual,roc_auc,0.6298899035756806,1.0,-0.3701100964243193,0.3701100964243193,SUCCESS,higher_better,0.37011009642431936,0.37011009642431936
E5_DT15_PD00_SEED42,15,0.0,7.0,14.0,anomaly_detection,lstm_autoencoder,lstm_autoencoder,residual,detection_latency,0.0,0.0,0.0,0.0,SUCCESS,lower_better,0.0,0.0
E5_DT15_PD00_SEED42,15,0.0,7.0,14.0,anomaly_detection,lstm_autoencoder,lstm_autoencoder,residual,threshold,0.0003816792741417,0.0003816792741417,0.0,0.0,SUCCESS,lower_better,0.0,0.0
E5_DT15_PD05_SEED42,15,0.05,7.026369863013699,14.0,load_estimation,persistence,,raw,mae,1.8785337879233164,0.4591450760399007,1.4193887118834156,3.091373045150696,SUCCESS,lower_better,1.4193887118834156,3.091373045150696
E5_DT15_PD05_SEED42,15,0.05,7.026369863013699,14.0,load_estimation,persistence,,raw,rmse,2.4793908671342044,0.630307824152761,1.8490830429814435,2.9336190542564182,SUCCESS,lower_better,1.8490830429814435,2.9336190542564182
E5_DT15_PD05_SEED42,15,0.05,7.026369863013699,14.0,load_estimation,persistence,,raw,mape,58.87377257436558,14.73210135971861,44.14167121464697,2.996291576932925,SUCCESS,lower_better,44.14167121464697,2.9962915769329252
E5_DT15_PD05_SEED42,15,0.05,7.026369863013699,14.0,load_estimation,persistence,,raw,r2,-0.1350907331039434,0.9266422537549912,-1.0617329868589347,-1.14578520735108,SUCCESS,lower_better,-1.0617329868589347,-1.14578520735108
E5_DT15_PD05_SEED42,15,0.05,7.026369863013699,14.0,load_estimation,xgboost,,raw,mae,1.413205629160778,0.2734339335193372,1.1397716956414408,4.168362283976857,SUCCESS,lower_better,1.1397716956414408,4.168362283976858
E5_DT15_PD05_SEED42,15,0.05,7.026369863013699,14.0,load_estimation,xgboost,,raw,rmse,1.8724938127907371,0.4129930382953352,1.4595007744954025,3.5339597503135143,SUCCESS,lower_better,1.4595007744954018,3.533959750313513
E5_DT15_PD05_SEED42,15,0.05,7.026369863013699,14.0,load_estimation,xgboost,,raw,mape,44.24652148868349,9.063484965162122,35.183036523521366,3.881844197762404,SUCCESS,lower_better,35.183036523521366,3.881844197762404
E5_DT15_PD05_SEED42,15,0.05,7.026369863013699,14.0,load_estimation,xgboost,,raw,r2,0.3525870733893816,0.9685061288962542,-0.6159190555068725,-0.6359475042339658,SUCCESS,lower_better,-0.6159190555068725,-0.6359475042339658
E5_DT15_PD05_SEED42,15,0.05,7.026369863013699,14.0,load_estimation,lstm,,raw,mae,1.5088446673120433,0.2759301433503092,1.232914523961734,4.468212530142015,SUCCESS,lower_better,1.232914523961734,4.468212530142016
E5_DT15_PD05_SEED42,15,0.05,7.026369863013699,14.0,load_estimation,lstm,,raw,rmse,1.9501579275522225,0.4230368621902369,1.5271210653619856,3.609900700982529,SUCCESS,lower_better,1.5271210653619856,3.6099007009825286
E5_DT15_PD05_SEED42,15,0.05,7.026369863013699,14.0,load_estimation,lstm,,raw,mape,43.29800891131623,8.95040488214452,34.34760402917171,3.8375475167266417,SUCCESS,lower_better,34.34760402917171,3.8375475167266417
E5_DT15_PD05_SEED42,15,0.05,7.026369863013699,14.0,load_estimation,lstm,,raw,r2,0.2996816889205833,0.9670456810550092,-0.6673639921344259,-0.6901059641839853,SUCCESS,lower_better,-0.6673639921344259,-0.6901059641839853
E5_DT15_PD05_SEED42,15,0.05,7.026369863013699,14.0,anomaly_detection,isolation_forest,isolation_forest,raw,precision,0.1164658634538152,0.1164658634538152,0.0,0.0,SUCCESS,higher_better,0.0,0.0
E5_DT15_PD05_SEED42,15,0.05,7.026369863013699,14.0,anomaly_detection,isolation_forest,isolation_forest,raw,recall,0.1188524590163934,0.1188524590163934,0.0,0.0,SUCCESS,higher_better,0.0,0.0
E5_DT15_PD05_SEED42,15,0.05,7.026369863013699,14.0,anomaly_detection,isolation_forest,isolation_forest,raw,f1,0.1176470588235294,0.1176470588235294,0.0,0.0,SUCCESS,higher_better,0.0,0.0
E5_DT15_PD05_SEED42,15,0.05,7.026369863013699,14.0,anomaly_detection,isolation_forest,isolation_forest,raw,false_positive_rate,0.0438946528332003,0.0438946528332003,0.0,0.0,SUCCESS,lower_better,0.0,0.0
E5_DT15_PD05_SEED42,15,0.05,7.026369863013699,14.0,anomaly_detection,isolation_forest,isolation_forest,raw,pr_auc,0.09385708598261,0.09385708598261,0.0,0.0,SUCCESS,higher_better,0.0,0.0
E5_DT15_PD05_SEED42,15,0.05,7.026369863013699,14.0,anomaly_detection,isolation_forest,isolation_forest,raw,roc_auc,0.7138596875695052,0.7138596875695052,0.0,0.0,SUCCESS,higher_better,0.0,0.0
E5_DT15_PD05_SEED42,15,0.05,7.026369863013699,14.0,anomaly_detection,isolation_forest,isolation_forest,raw,detection_latency,3.2459016393442623,3.2459016393442623,0.0,0.0,SUCCESS,lower_better,0.0,0.0
E5_DT15_PD05_SEED42,15,0.05,7.026369863013699,14.0,anomaly_detection,isolation_forest,isolation_forest,raw,threshold,0.5031683371451802,0.5031683371451802,0.0,0.0,SUCCESS,lower_better,0.0,0.0
E5_DT15_PD05_SEED42,15,0.05,7.026369863013699,14.0,anomaly_detection,isolation_forest,isolation_forest,residual,precision,0.0464231354642313,0.0464231354642313,0.0,0.0,SUCCESS,higher_better,0.0,0.0
E5_DT15_PD05_SEED42,15,0.05,7.026369863013699,14.0,anomaly_detection,isolation_forest,isolation_forest,residual,recall,1.0,1.0,0.0,0.0,SUCCESS,higher_better,0.0,0.0
E5_DT15_PD05_SEED42,15,0.05,7.026369863013699,14.0,anomaly_detection,isolation_forest,isolation_forest,residual,f1,0.0887272727272727,0.0887272727272727,0.0,0.0,SUCCESS,higher_better,0.0,0.0
E5_DT15_PD05_SEED42,15,0.05,7.026369863013699,14.0,anomaly_detection,isolation_forest,isolation_forest,residual,false_positive_rate,1.0,1.0,0.0,0.0,SUCCESS,lower_better,0.0,0.0
E5_DT15_PD05_SEED42,15,0.05,7.026369863013699,14.0,anomaly_detection,isolation_forest,isolation_forest,residual,pr_auc,0.0555873968046363,1.0,-0.9444126031953636,0.9444126031953636,SUCCESS,higher_better,0.9444126031953637,0.9444126031953637
E5_DT15_PD05_SEED42,15,0.05,7.026369863013699,14.0,anomaly_detection,isolation_forest,isolation_forest,residual,roc_auc,0.5763180661494381,1.0,-0.4236819338505618,0.4236819338505618,SUCCESS,higher_better,0.42368193385056185,0.42368193385056185
E5_DT15_PD05_SEED42,15,0.05,7.026369863013699,14.0,anomaly_detection,isolation_forest,isolation_forest,residual,detection_latency,0.0,0.0,0.0,0.0,SUCCESS,lower_better,0.0,0.0
E5_DT15_PD05_SEED42,15,0.05,7.026369863013699,14.0,anomaly_detection,isolation_forest,isolation_forest,residual,threshold,0.2937656541960819,0.2937656541960819,0.0,0.0,SUCCESS,lower_better,0.0,0.0
E5_DT15_PD05_SEED42,15,0.05,7.026369863013699,14.0,anomaly_detection,lstm_autoencoder,lstm_autoencoder,raw,precision,0.4982578397212543,0.4982578397212543,0.0,0.0,SUCCESS,higher_better,0.0,0.0
E5_DT15_PD05_SEED42,15,0.05,7.026369863013699,14.0,anomaly_detection,lstm_autoencoder,lstm_autoencoder,raw,recall,0.5860655737704918,0.5860655737704918,0.0,0.0,SUCCESS,higher_better,0.0,0.0
E5_DT15_PD05_SEED42,15,0.05,7.026369863013699,14.0,anomaly_detection,lstm_autoencoder,lstm_autoencoder,raw,f1,0.5386064030131827,0.5386064030131827,0.0,0.0,SUCCESS,higher_better,0.0,0.0
E5_DT15_PD05_SEED42,15,0.05,7.026369863013699,14.0,anomaly_detection,lstm_autoencoder,lstm_autoencoder,raw,false_positive_rate,0.028731045490822,0.028731045490822,0.0,0.0,SUCCESS,lower_better,0.0,0.0
E5_DT15_PD05_SEED42,15,0.05,7.026369863013699,14.0,anomaly_detection,lstm_autoencoder,lstm_autoencoder,raw,pr_auc,0.561001698584242,0.561001698584242,0.0,0.0,SUCCESS,higher_better,0.0,0.0
E5_DT15_PD05_SEED42,15,0.05,7.026369863013699,14.0,anomaly_detection,lstm_autoencoder,lstm_autoencoder,raw,roc_auc,0.9493396177043946,0.9493396177043946,0.0,0.0,SUCCESS,higher_better,0.0,0.0
E5_DT15_PD05_SEED42,15,0.05,7.026369863013699,14.0,anomaly_detection,lstm_autoencoder,lstm_autoencoder,raw,detection_latency,1.3442622950819672,1.3442622950819672,0.0,0.0,SUCCESS,lower_better,0.0,0.0
E5_DT15_PD05_SEED42,15,0.05,7.026369863013699,14.0,anomaly_detection,lstm_autoencoder,lstm_autoencoder,raw,threshold,0.0007370078528765,0.0007370078528765,0.0,0.0,SUCCESS,lower_better,0.0,0.0
E5_DT15_PD05_SEED42,15,0.05,7.026369863013699,14.0,anomaly_detection,lstm_autoencoder,lstm_autoencoder,residual,precision,0.0495532087733549,0.9568627450980391,-0.9073095363246844,0.94821283509342,SUCCESS,higher_better,0.9073095363246843,0.9482128350934201
E5_DT15_PD05_SEED42,15,0.05,7.026369863013699,14.0,anomaly_detection,lstm_autoencoder,lstm_autoencoder,residual,recall,1.0,1.0,0.0,0.0,SUCCESS,higher_better,0.0,0.0
E5_DT15_PD05_SEED42,15,0.05,7.026369863013699,14.0,anomaly_detection,lstm_autoencoder,lstm_autoencoder,residual,f1,0.0944272445820433,0.9779559118236472,-0.883528667241604,0.9034442724458204,SUCCESS,higher_better,0.8835286672416038,0.9034442724458205
E5_DT15_PD05_SEED42,15,0.05,7.026369863013699,14.0,anomaly_detection,lstm_autoencoder,lstm_autoencoder,residual,false_positive_rate,0.9337589784517158,0.00219473264166,0.9315642458100558,424.45454545454544,SUCCESS,lower_better,0.9315642458100558,424.45454545454857
E5_DT15_PD05_SEED42,15,0.05,7.026369863013699,14.0,anomaly_detection,lstm_autoencoder,lstm_autoencoder,residual,pr_auc,0.1324868775500216,1.0,-0.8675131224499784,0.8675131224499784,SUCCESS,higher_better,0.8675131224499784,0.8675131224499784
E5_DT15_PD05_SEED42,15,0.05,7.026369863013699,14.0,anomaly_detection,lstm_autoencoder,lstm_autoencoder,residual,roc_auc,0.6602841704499366,1.0,-0.3397158295500634,0.3397158295500634,SUCCESS,higher_better,0.3397158295500634,0.3397158295500634
E5_DT15_PD05_SEED42,15,0.05,7.026369863013699,14.0,anomaly_detection,lstm_autoencoder,lstm_autoencoder,residual,detection_latency,0.0,0.0,0.0,0.0,SUCCESS,lower_better,0.0,0.0
E5_DT15_PD05_SEED42,15,0.05,7.026369863013699,14.0,anomaly_detection,lstm_autoencoder,lstm_autoencoder,residual,threshold,0.0003816792741417,0.0003816792741417,0.0,0.0,SUCCESS,lower_better,0.0,0.0
E5_DT15_PD10_SEED42,15,0.1,7.058533105022831,14.0,load_estimation,persistence,,raw,mae,1.8349164540410223,0.4591450760399007,1.3757713780011216,2.9963761995817726,SUCCESS,lower_better,1.3757713780011216,2.9963761995817726
E5_DT15_PD10_SEED42,15,0.1,7.058533105022831,14.0,load_estimation,persistence,,raw,rmse,2.455644828803907,0.630307824152761,1.8253370046511463,2.8959453376684703,SUCCESS,lower_better,1.8253370046511463,2.8959453376684703
E5_DT15_PD10_SEED42,15,0.1,7.058533105022831,14.0,load_estimation,persistence,,raw,mape,56.48856492914949,14.73210135971861,41.75646356943088,2.8343861170819724,SUCCESS,lower_better,41.75646356943088,2.8343861170819724
E5_DT15_PD10_SEED42,15,0.1,7.058533105022831,14.0,load_estimation,persistence,,raw,r2,-0.1134524874636409,0.9266422537549912,-1.040094741218632,-1.1224339673740351,SUCCESS,lower_better,-1.040094741218632,-1.1224339673740351
E5_DT15_PD10_SEED42,15,0.1,7.058533105022831,14.0,load_estimation,xgboost,,raw,mae,1.3864868881359491,0.2734339335193372,1.113052954616612,4.070646756569799,SUCCESS,lower_better,1.113052954616612,4.070646756569799
E5_DT15_PD10_SEED42,15,0.1,7.058533105022831,14.0,load_estimation,xgboost,,raw,rmse,1.8571948325718528,0.4129930382953352,1.4442017942765175,3.49691559024236,SUCCESS,lower_better,1.4442017942765175,3.49691559024236
E5_DT15_PD10_SEED42,15,0.1,7.058533105022831,14.0,load_estimation,xgboost,,raw,mape,42.93870910831868,9.063484965162122,33.87522414315656,3.737549548916874,SUCCESS,lower_better,33.87522414315656,3.737549548916874
E5_DT15_PD10_SEED42,15,0.1,7.058533105022831,14.0,load_estimation,xgboost,,raw,r2,0.363123070559618,0.9685061288962542,-0.6053830583366362,-0.6250688976295414,SUCCESS,lower_better,-0.6053830583366362,-0.6250688976295414
E5_DT15_PD10_SEED42,15,0.1,7.058533105022831,14.0,load_estimation,lstm,,raw,mae,1.481651876457057,0.2759301433503092,1.2057217331067478,4.369662982329605,SUCCESS,lower_better,1.2057217331067478,4.369662982329606
E5_DT15_PD10_SEED42,15,0.1,7.058533105022831,14.0,load_estimation,lstm,,raw,rmse,1.916847655659816,0.4230368621902369,1.4938107934695788,3.5311598751359448,SUCCESS,lower_better,1.493810793469579,3.531159875135945
E5_DT15_PD10_SEED42,15,0.1,7.058533105022831,14.0,load_estimation,lstm,,raw,mape,42.66467023259599,8.95040488214452,33.71426535045147,3.766786619643236,SUCCESS,lower_better,33.71426535045147,3.7667866196432356
E5_DT15_PD10_SEED42,15,0.1,7.058533105022831,14.0,load_estimation,lstm,,raw,r2,0.3234013725977451,0.9670456810550092,-0.6436443084572641,-0.6655779774075131,SUCCESS,lower_better,-0.6436443084572641,-0.6655779774075131
E5_DT15_PD10_SEED42,15,0.1,7.058533105022831,14.0,anomaly_detection,isolation_forest,isolation_forest,raw,precision,0.1164658634538152,0.1164658634538152,0.0,0.0,SUCCESS,higher_better,0.0,0.0
E5_DT15_PD10_SEED42,15,0.1,7.058533105022831,14.0,anomaly_detection,isolation_forest,isolation_forest,raw,recall,0.1188524590163934,0.1188524590163934,0.0,0.0,SUCCESS,higher_better,0.0,0.0
E5_DT15_PD10_SEED42,15,0.1,7.058533105022831,14.0,anomaly_detection,isolation_forest,isolation_forest,raw,f1,0.1176470588235294,0.1176470588235294,0.0,0.0,SUCCESS,higher_better,0.0,0.0
E5_DT15_PD10_SEED42,15,0.1,7.058533105022831,14.0,anomaly_detection,isolation_forest,isolation_forest,raw,false_positive_rate,0.0438946528332003,0.0438946528332003,0.0,0.0,SUCCESS,lower_better,0.0,0.0
E5_DT15_PD10_SEED42,15,0.1,7.058533105022831,14.0,anomaly_detection,isolation_forest,isolation_forest,raw,pr_auc,0.09385708598261,0.09385708598261,0.0,0.0,SUCCESS,higher_better,0.0,0.0
E5_DT15_PD10_SEED42,15,0.1,7.058533105022831,14.0,anomaly_detection,isolation_forest,isolation_forest,raw,roc_auc,0.7138596875695052,0.7138596875695052,0.0,0.0,SUCCESS,higher_better,0.0,0.0
E5_DT15_PD10_SEED42,15,0.1,7.058533105022831,14.0,anomaly_detection,isolation_forest,isolation_forest,raw,detection_latency,3.2459016393442623,3.2459016393442623,0.0,0.0,SUCCESS,lower_better,0.0,0.0
E5_DT15_PD10_SEED42,15,0.1,7.058533105022831,14.0,anomaly_detection,isolation_forest,isolation_forest,raw,threshold,0.5031683371451802,0.5031683371451802,0.0,0.0,SUCCESS,lower_better,0.0,0.0
E5_DT15_PD10_SEED42,15,0.1,7.058533105022831,14.0,anomaly_detection,isolation_forest,isolation_forest,residual,precision,0.0464231354642313,0.0464231354642313,0.0,0.0,SUCCESS,higher_better,0.0,0.0
E5_DT15_PD10_SEED42,15,0.1,7.058533105022831,14.0,anomaly_detection,isolation_forest,isolation_forest,residual,recall,1.0,1.0,0.0,0.0,SUCCESS,higher_better,0.0,0.0
E5_DT15_PD10_SEED42,15,0.1,7.058533105022831,14.0,anomaly_detection,isolation_forest,isolation_forest,residual,f1,0.0887272727272727,0.0887272727272727,0.0,0.0,SUCCESS,higher_better,0.0,0.0
E5_DT15_PD10_SEED42,15,0.1,7.058533105022831,14.0,anomaly_detection,isolation_forest,isolation_forest,residual,false_positive_rate,1.0,1.0,0.0,0.0,SUCCESS,lower_better,0.0,0.0
E5_DT15_PD10_SEED42,15,0.1,7.058533105022831,14.0,anomaly_detection,isolation_forest,isolation_forest,residual,pr_auc,0.0531720458543714,1.0,-0.9468279541456284,0.9468279541456284,SUCCESS,higher_better,0.9468279541456286,0.9468279541456286
E5_DT15_PD10_SEED42,15,0.1,7.058533105022831,14.0,anomaly_detection,isolation_forest,isolation_forest,residual,roc_auc,0.576761264767836,1.0,-0.423238735232164,0.423238735232164,SUCCESS,higher_better,0.42323873523216404,0.42323873523216404
E5_DT15_PD10_SEED42,15,0.1,7.058533105022831,14.0,anomaly_detection,isolation_forest,isolation_forest,residual,detection_latency,0.0,0.0,0.0,0.0,SUCCESS,lower_better,0.0,0.0
E5_DT15_PD10_SEED42,15,0.1,7.058533105022831,14.0,anomaly_detection,isolation_forest,isolation_forest,residual,threshold,0.2937656541960819,0.2937656541960819,0.0,0.0,SUCCESS,lower_better,0.0,0.0
E5_DT15_PD10_SEED42,15,0.1,7.058533105022831,14.0,anomaly_detection,lstm_autoencoder,lstm_autoencoder,raw,precision,0.4982578397212543,0.4982578397212543,0.0,0.0,SUCCESS,higher_better,0.0,0.0
E5_DT15_PD10_SEED42,15,0.1,7.058533105022831,14.0,anomaly_detection,lstm_autoencoder,lstm_autoencoder,raw,recall,0.5860655737704918,0.5860655737704918,0.0,0.0,SUCCESS,higher_better,0.0,0.0
E5_DT15_PD10_SEED42,15,0.1,7.058533105022831,14.0,anomaly_detection,lstm_autoencoder,lstm_autoencoder,raw,f1,0.5386064030131827,0.5386064030131827,0.0,0.0,SUCCESS,higher_better,0.0,0.0
E5_DT15_PD10_SEED42,15,0.1,7.058533105022831,14.0,anomaly_detection,lstm_autoencoder,lstm_autoencoder,raw,false_positive_rate,0.028731045490822,0.028731045490822,0.0,0.0,SUCCESS,lower_better,0.0,0.0
E5_DT15_PD10_SEED42,15,0.1,7.058533105022831,14.0,anomaly_detection,lstm_autoencoder,lstm_autoencoder,raw,pr_auc,0.561001698584242,0.561001698584242,0.0,0.0,SUCCESS,higher_better,0.0,0.0
E5_DT15_PD10_SEED42,15,0.1,7.058533105022831,14.0,anomaly_detection,lstm_autoencoder,lstm_autoencoder,raw,roc_auc,0.9493396177043946,0.9493396177043946,0.0,0.0,SUCCESS,higher_better,0.0,0.0
E5_DT15_PD10_SEED42,15,0.1,7.058533105022831,14.0,anomaly_detection,lstm_autoencoder,lstm_autoencoder,raw,detection_latency,1.3442622950819672,1.3442622950819672,0.0,0.0,SUCCESS,lower_better,0.0,0.0
E5_DT15_PD10_SEED42,15,0.1,7.058533105022831,14.0,anomaly_detection,lstm_autoencoder,lstm_autoencoder,raw,threshold,0.0007370078528765,0.0007370078528765,0.0,0.0,SUCCESS,lower_better,0.0,0.0
E5_DT15_PD10_SEED42,15,0.1,7.058533105022831,14.0,anomaly_detection,lstm_autoencoder,lstm_autoencoder,residual,precision,0.0495230363304241,0.9568627450980391,-0.907339708767615,0.9482443677694338,SUCCESS,higher_better,0.907339708767615,0.9482443677694339
E5_DT15_PD10_SEED42,15,0.1,7.058533105022831,14.0,anomaly_detection,lstm_autoencoder,lstm_autoencoder,residual,recall,1.0,1.0,0.0,0.0,SUCCESS,higher_better,0.0,0.0
E5_DT15_PD10_SEED42,15,0.1,7.058533105022831,14.0,anomaly_detection,lstm_autoencoder,lstm_autoencoder,residual,f1,0.094372461806227,0.9779559118236472,-0.8835834500174202,0.9035002900792884,SUCCESS,higher_better,0.8835834500174201,0.9035002900792883
E5_DT15_PD10_SEED42,15,0.1,7.058533105022831,14.0,anomaly_detection,lstm_autoencoder,lstm_autoencoder,residual,false_positive_rate,0.9343575418994412,0.00219473264166,0.9321628092577812,424.7272727272727,SUCCESS,lower_better,0.9321628092577812,424.72727272727576
E5_DT15_PD10_SEED42,15,0.1,7.058533105022831,14.0,anomaly_detection,lstm_autoencoder,lstm_autoencoder,residual,pr_auc,0.1195694527397481,1.0,-0.8804305472602518,0.8804305472602518,SUCCESS,higher_better,0.8804305472602519,0.8804305472602519
E5_DT15_PD10_SEED42,15,0.1,7.058533105022831,14.0,anomaly_detection,lstm_autoencoder,lstm_autoencoder,residual,roc_auc,0.6508821451467297,1.0,-0.3491178548532703,0.3491178548532703,SUCCESS,higher_better,0.3491178548532703,0.3491178548532703
E5_DT15_PD10_SEED42,15,0.1,7.058533105022831,14.0,anomaly_detection,lstm_autoencoder,lstm_autoencoder,residual,detection_latency,0.0,0.0,0.0,0.0,SUCCESS,lower_better,0.0,0.0
E5_DT15_PD10_SEED42,15,0.1,7.058533105022831,14.0,anomaly_detection,lstm_autoencoder,lstm_autoencoder,residual,threshold,0.0003816792741417,0.0003816792741417,0.0,0.0,SUCCESS,lower_better,0.0,0.0
E5_DT15_PD20_SEED42,15,0.2,7.138498858447488,14.0,load_estimation,persistence,,raw,mae,1.8661689898466955,0.4591450760399007,1.4070239138067948,3.0644429990239543,SUCCESS,lower_better,1.4070239138067948,3.0644429990239543
E5_DT15_PD20_SEED42,15,0.2,7.138498858447488,14.0,load_estimation,persistence,,raw,rmse,2.4438530994582144,0.630307824152761,1.8135452753054533,2.877237447818709,SUCCESS,lower_better,1.8135452753054535,2.877237447818709
E5_DT15_PD20_SEED42,15,0.2,7.138498858447488,14.0,load_estimation,persistence,,raw,mape,59.03404919488207,14.73210135971861,44.30194783516345,3.0071709903039685,SUCCESS,lower_better,44.30194783516346,3.007170990303969
E5_DT15_PD20_SEED42,15,0.2,7.138498858447488,14.0,load_estimation,persistence,,raw,r2,-0.1027848152040014,0.9266422537549912,-1.0294270689589924,-1.1109217875479895,SUCCESS,lower_better,-1.0294270689589926,-1.1109217875479895
E5_DT15_PD20_SEED42,15,0.2,7.138498858447488,14.0,load_estimation,xgboost,,raw,mae,1.4065848712552809,0.2734339335193372,1.1331509377359437,4.144148910675738,SUCCESS,lower_better,1.1331509377359437,4.144148910675739
E5_DT15_PD20_SEED42,15,0.2,7.138498858447488,14.0,load_estimation,xgboost,,raw,rmse,1.851677161597136,0.4129930382953352,1.4386841233018006,3.483555386890042,SUCCESS,lower_better,1.4386841233018006,3.4835553868900426
E5_DT15_PD20_SEED42,15,0.2,7.138498858447488,14.0,load_estimation,xgboost,,raw,mape,44.42986089856279,9.063484965162122,35.36637593340066,3.902072554799902,SUCCESS,lower_better,35.36637593340066,3.902072554799902
E5_DT15_PD20_SEED42,15,0.2,7.138498858447488,14.0,load_estimation,xgboost,,raw,r2,0.3669017341403195,0.9685061288962542,-0.6016043947559346,-0.6211673595102031,SUCCESS,lower_better,-0.6016043947559346,-0.6211673595102031
E5_DT15_PD20_SEED42,15,0.2,7.138498858447488,14.0,load_estimation,lstm,,raw,mae,1.5226202629593435,0.2759301433503092,1.2466901196090343,4.518136744582811,SUCCESS,lower_better,1.2466901196090343,4.518136744582811
E5_DT15_PD20_SEED42,15,0.2,7.138498858447488,14.0,load_estimation,lstm,,raw,rmse,1.9530669445411195,0.4230368621902369,1.5300300823508823,3.616777210452261,SUCCESS,lower_better,1.5300300823508826,3.616777210452261
E5_DT15_PD20_SEED42,15,0.2,7.138498858447488,14.0,load_estimation,lstm,,raw,mape,44.2613627090222,8.95040488214452,35.31095782687768,3.945179943459403,SUCCESS,lower_better,35.31095782687768,3.945179943459403
E5_DT15_PD20_SEED42,15,0.2,7.138498858447488,14.0,load_estimation,lstm,,raw,r2,0.2975908251068613,0.9670456810550092,-0.6694548559481479,-0.6922680790195958,SUCCESS,lower_better,-0.6694548559481479,-0.6922680790195958
E5_DT15_PD20_SEED42,15,0.2,7.138498858447488,14.0,anomaly_detection,isolation_forest,isolation_forest,raw,precision,0.1164658634538152,0.1164658634538152,0.0,0.0,SUCCESS,higher_better,0.0,0.0
E5_DT15_PD20_SEED42,15,0.2,7.138498858447488,14.0,anomaly_detection,isolation_forest,isolation_forest,raw,recall,0.1188524590163934,0.1188524590163934,0.0,0.0,SUCCESS,higher_better,0.0,0.0
E5_DT15_PD20_SEED42,15,0.2,7.138498858447488,14.0,anomaly_detection,isolation_forest,isolation_forest,raw,f1,0.1176470588235294,0.1176470588235294,0.0,0.0,SUCCESS,higher_better,0.0,0.0
E5_DT15_PD20_SEED42,15,0.2,7.138498858447488,14.0,anomaly_detection,isolation_forest,isolation_forest,raw,false_positive_rate,0.0438946528332003,0.0438946528332003,0.0,0.0,SUCCESS,lower_better,0.0,0.0
E5_DT15_PD20_SEED42,15,0.2,7.138498858447488,14.0,anomaly_detection,isolation_forest,isolation_forest,raw,pr_auc,0.09385708598261,0.09385708598261,0.0,0.0,SUCCESS,higher_better,0.0,0.0
E5_DT15_PD20_SEED42,15,0.2,7.138498858447488,14.0,anomaly_detection,isolation_forest,isolation_forest,raw,roc_auc,0.7138596875695052,0.7138596875695052,0.0,0.0,SUCCESS,higher_better,0.0,0.0
E5_DT15_PD20_SEED42,15,0.2,7.138498858447488,14.0,anomaly_detection,isolation_forest,isolation_forest,raw,detection_latency,3.2459016393442623,3.2459016393442623,0.0,0.0,SUCCESS,lower_better,0.0,0.0
E5_DT15_PD20_SEED42,15,0.2,7.138498858447488,14.0,anomaly_detection,isolation_forest,isolation_forest,raw,threshold,0.5031683371451802,0.5031683371451802,0.0,0.0,SUCCESS,lower_better,0.0,0.0
E5_DT15_PD20_SEED42,15,0.2,7.138498858447488,14.0,anomaly_detection,isolation_forest,isolation_forest,residual,precision,0.0464231354642313,0.0464231354642313,0.0,0.0,SUCCESS,higher_better,0.0,0.0
E5_DT15_PD20_SEED42,15,0.2,7.138498858447488,14.0,anomaly_detection,isolation_forest,isolation_forest,residual,recall,1.0,1.0,0.0,0.0,SUCCESS,higher_better,0.0,0.0
E5_DT15_PD20_SEED42,15,0.2,7.138498858447488,14.0,anomaly_detection,isolation_forest,isolation_forest,residual,f1,0.0887272727272727,0.0887272727272727,0.0,0.0,SUCCESS,higher_better,0.0,0.0
E5_DT15_PD20_SEED42,15,0.2,7.138498858447488,14.0,anomaly_detection,isolation_forest,isolation_forest,residual,false_positive_rate,1.0,1.0,0.0,0.0,SUCCESS,lower_better,0.0,0.0
E5_DT15_PD20_SEED42,15,0.2,7.138498858447488,14.0,anomaly_detection,isolation_forest,isolation_forest,residual,pr_auc,0.0443108300612916,1.0,-0.9556891699387084,0.9556891699387084,SUCCESS,higher_better,0.9556891699387084,0.9556891699387084
E5_DT15_PD20_SEED42,15,0.2,7.138498858447488,14.0,anomaly_detection,isolation_forest,isolation_forest,residual,roc_auc,0.5117275914853533,1.0,-0.4882724085146467,0.4882724085146467,SUCCESS,higher_better,0.4882724085146467,0.4882724085146467
E5_DT15_PD20_SEED42,15,0.2,7.138498858447488,14.0,anomaly_detection,isolation_forest,isolation_forest,residual,detection_latency,0.0,0.0,0.0,0.0,SUCCESS,lower_better,0.0,0.0
E5_DT15_PD20_SEED42,15,0.2,7.138498858447488,14.0,anomaly_detection,isolation_forest,isolation_forest,residual,threshold,0.2937656541960819,0.2937656541960819,0.0,0.0,SUCCESS,lower_better,0.0,0.0
E5_DT15_PD20_SEED42,15,0.2,7.138498858447488,14.0,anomaly_detection,lstm_autoencoder,lstm_autoencoder,raw,precision,0.4982578397212543,0.4982578397212543,0.0,0.0,SUCCESS,higher_better,0.0,0.0
E5_DT15_PD20_SEED42,15,0.2,7.138498858447488,14.0,anomaly_detection,lstm_autoencoder,lstm_autoencoder,raw,recall,0.5860655737704918,0.5860655737704918,0.0,0.0,SUCCESS,higher_better,0.0,0.0
E5_DT15_PD20_SEED42,15,0.2,7.138498858447488,14.0,anomaly_detection,lstm_autoencoder,lstm_autoencoder,raw,f1,0.5386064030131827,0.5386064030131827,0.0,0.0,SUCCESS,higher_better,0.0,0.0
E5_DT15_PD20_SEED42,15,0.2,7.138498858447488,14.0,anomaly_detection,lstm_autoencoder,lstm_autoencoder,raw,false_positive_rate,0.028731045490822,0.028731045490822,0.0,0.0,SUCCESS,lower_better,0.0,0.0
E5_DT15_PD20_SEED42,15,0.2,7.138498858447488,14.0,anomaly_detection,lstm_autoencoder,lstm_autoencoder,raw,pr_auc,0.561001698584242,0.561001698584242,0.0,0.0,SUCCESS,higher_better,0.0,0.0
E5_DT15_PD20_SEED42,15,0.2,7.138498858447488,14.0,anomaly_detection,lstm_autoencoder,lstm_autoencoder,raw,roc_auc,0.9493396177043946,0.9493396177043946,0.0,0.0,SUCCESS,higher_better,0.0,0.0
E5_DT15_PD20_SEED42,15,0.2,7.138498858447488,14.0,anomaly_detection,lstm_autoencoder,lstm_autoencoder,raw,detection_latency,1.3442622950819672,1.3442622950819672,0.0,0.0,SUCCESS,lower_better,0.0,0.0
E5_DT15_PD20_SEED42,15,0.2,7.138498858447488,14.0,anomaly_detection,lstm_autoencoder,lstm_autoencoder,raw,threshold,0.0007370078528765,0.0007370078528765,0.0,0.0,SUCCESS,lower_better,0.0,0.0
E5_DT15_PD20_SEED42,15,0.2,7.138498858447488,14.0,anomaly_detection,lstm_autoencoder,lstm_autoencoder,residual,precision,0.0494728304947283,0.9568627450980391,-0.907389914603311,0.9482968369829684,SUCCESS,higher_better,0.9073899146033109,0.9482968369829684
E5_DT15_PD20_SEED42,15,0.2,7.138498858447488,14.0,anomaly_detection,lstm_autoencoder,lstm_autoencoder,residual,recall,1.0,1.0,0.0,0.0,SUCCESS,higher_better,0.0,0.0
E5_DT15_PD20_SEED42,15,0.2,7.138498858447488,14.0,anomaly_detection,lstm_autoencoder,lstm_autoencoder,residual,f1,0.0942812982998454,0.9779559118236472,-0.8836746135238018,0.9035935085007728,SUCCESS,higher_better,0.8836746135238017,0.9035935085007728
E5_DT15_PD20_SEED42,15,0.2,7.138498858447488,14.0,anomaly_detection,lstm_autoencoder,lstm_autoencoder,residual,false_positive_rate,0.9353551476456504,0.00219473264166,0.9331604150039904,425.1818181818182,SUCCESS,lower_better,0.9331604150039904,425.18181818182126
E5_DT15_PD20_SEED42,15,0.2,7.138498858447488,14.0,anomaly_detection,lstm_autoencoder,lstm_autoencoder,residual,pr_auc,0.110354967817719,1.0,-0.889645032182281,0.889645032182281,SUCCESS,higher_better,0.889645032182281,0.889645032182281
E5_DT15_PD20_SEED42,15,0.2,7.138498858447488,14.0,anomaly_detection,lstm_autoencoder,lstm_autoencoder,residual,roc_auc,0.6301761019454948,1.0,-0.3698238980545052,0.3698238980545052,SUCCESS,higher_better,0.3698238980545052,0.3698238980545052
E5_DT15_PD20_SEED42,15,0.2,7.138498858447488,14.0,anomaly_detection,lstm_autoencoder,lstm_autoencoder,residual,detection_latency,0.0,0.0,0.0,0.0,SUCCESS,lower_better,0.0,0.0
E5_DT15_PD20_SEED42,15,0.2,7.138498858447488,14.0,anomaly_detection,lstm_autoencoder,lstm_autoencoder,residual,threshold,0.0003816792741417,0.0003816792741417,0.0,0.0,SUCCESS,lower_better,0.0,0.0
E5_DT60_PD00_SEED42,60,0.0,29.5,56.049999999995634,load_estimation,persistence,,raw,mae,2.5240003025241458,0.4591450760399007,2.064855226484245,4.497173843817515,SUCCESS,lower_better,2.0648552264842452,4.497173843817515
E5_DT60_PD00_SEED42,60,0.0,29.5,56.049999999995634,load_estimation,persistence,,raw,rmse,3.2049055806652404,0.630307824152761,2.57459775651248,4.084667297241897,SUCCESS,lower_better,2.5745977565124796,4.084667297241897
E5_DT60_PD00_SEED42,60,0.0,29.5,56.049999999995634,load_estimation,persistence,,raw,mape,83.5484386233321,14.73210135971861,68.81633726361349,4.671182717475405,SUCCESS,lower_better,68.81633726361349,4.671182717475405
E5_DT60_PD00_SEED42,60,0.0,29.5,56.049999999995634,load_estimation,persistence,,raw,r2,-0.8965795459499477,0.9266422537549912,-1.823221799704939,-1.9675573742906485,SUCCESS,lower_better,-1.823221799704939,-1.967557374290648
E5_DT60_PD00_SEED42,60,0.0,29.5,56.049999999995634,load_estimation,xgboost,,raw,mae,1.84425920708448,0.2734339335193372,1.570825273565143,5.744807359303318,SUCCESS,lower_better,1.570825273565143,5.744807359303319
E5_DT60_PD00_SEED42,60,0.0,29.5,56.049999999995634,load_estimation,xgboost,,raw,rmse,2.4183850464453287,0.4129930382953352,2.0053920081499936,4.855752572555277,SUCCESS,lower_better,2.0053920081499936,4.855752572555277
E5_DT60_PD00_SEED42,60,0.0,29.5,56.049999999995634,load_estimation,xgboost,,raw,mape,62.15516740545242,9.063484965162122,53.0916824402903,5.857755890185959,SUCCESS,lower_better,53.0916824402903,5.857755890185959
E5_DT60_PD00_SEED42,60,0.0,29.5,56.049999999995634,load_estimation,xgboost,,raw,r2,-0.0799197441552674,0.9685061288962542,-1.0484258730515217,-1.082518573471855,SUCCESS,lower_better,-1.0484258730515217,-1.082518573471855
E5_DT60_PD00_SEED42,60,0.0,29.5,56.049999999995634,load_estimation,lstm,,raw,mae,1.8448200221729625,0.2759301433503092,1.5688898788226533,5.685822722278142,SUCCESS,lower_better,1.5688898788226533,5.685822722278143
E5_DT60_PD00_SEED42,60,0.0,29.5,56.049999999995634,load_estimation,lstm,,raw,rmse,2.3361905161014715,0.4230368621902369,1.9131536539112344,4.522427771438277,SUCCESS,lower_better,1.9131536539112346,4.522427771438277
E5_DT60_PD00_SEED42,60,0.0,29.5,56.049999999995634,load_estimation,lstm,,raw,mape,61.327191212551945,8.95040488214452,52.37678633040743,5.851890168108008,SUCCESS,lower_better,52.37678633040743,5.8518901681080076
E5_DT60_PD00_SEED42,60,0.0,29.5,56.049999999995634,load_estimation,lstm,,raw,r2,-0.0050147355361485,0.9670456810550092,-0.9720604165911576,-1.0051856242516668,SUCCESS,lower_better,-0.9720604165911577,-1.0051856242516668
E5_DT60_PD00_SEED42,60,0.0,29.5,56.049999999995634,anomaly_detection,isolation_forest,isolation_forest,raw,precision,0.1164658634538152,0.1164658634538152,0.0,0.0,SUCCESS,higher_better,0.0,0.0
E5_DT60_PD00_SEED42,60,0.0,29.5,56.049999999995634,anomaly_detection,isolation_forest,isolation_forest,raw,recall,0.1188524590163934,0.1188524590163934,0.0,0.0,SUCCESS,higher_better,0.0,0.0
E5_DT60_PD00_SEED42,60,0.0,29.5,56.049999999995634,anomaly_detection,isolation_forest,isolation_forest,raw,f1,0.1176470588235294,0.1176470588235294,0.0,0.0,SUCCESS,higher_better,0.0,0.0
E5_DT60_PD00_SEED42,60,0.0,29.5,56.049999999995634,anomaly_detection,isolation_forest,isolation_forest,raw,false_positive_rate,0.0438946528332003,0.0438946528332003,0.0,0.0,SUCCESS,lower_better,0.0,0.0
E5_DT60_PD00_SEED42,60,0.0,29.5,56.049999999995634,anomaly_detection,isolation_forest,isolation_forest,raw,pr_auc,0.09385708598261,0.09385708598261,0.0,0.0,SUCCESS,higher_better,0.0,0.0
E5_DT60_PD00_SEED42,60,0.0,29.5,56.049999999995634,anomaly_detection,isolation_forest,isolation_forest,raw,roc_auc,0.7138596875695052,0.7138596875695052,0.0,0.0,SUCCESS,higher_better,0.0,0.0
E5_DT60_PD00_SEED42,60,0.0,29.5,56.049999999995634,anomaly_detection,isolation_forest,isolation_forest,raw,detection_latency,3.2459016393442623,3.2459016393442623,0.0,0.0,SUCCESS,lower_better,0.0,0.0
E5_DT60_PD00_SEED42,60,0.0,29.5,56.049999999995634,anomaly_detection,isolation_forest,isolation_forest,raw,threshold,0.5031683371451802,0.5031683371451802,0.0,0.0,SUCCESS,lower_better,0.0,0.0
E5_DT60_PD00_SEED42,60,0.0,29.5,56.049999999995634,anomaly_detection,isolation_forest,isolation_forest,residual,precision,0.0464231354642313,0.0464231354642313,0.0,0.0,SUCCESS,higher_better,0.0,0.0
E5_DT60_PD00_SEED42,60,0.0,29.5,56.049999999995634,anomaly_detection,isolation_forest,isolation_forest,residual,recall,1.0,1.0,0.0,0.0,SUCCESS,higher_better,0.0,0.0
E5_DT60_PD00_SEED42,60,0.0,29.5,56.049999999995634,anomaly_detection,isolation_forest,isolation_forest,residual,f1,0.0887272727272727,0.0887272727272727,0.0,0.0,SUCCESS,higher_better,0.0,0.0
E5_DT60_PD00_SEED42,60,0.0,29.5,56.049999999995634,anomaly_detection,isolation_forest,isolation_forest,residual,false_positive_rate,1.0,1.0,0.0,0.0,SUCCESS,lower_better,0.0,0.0
E5_DT60_PD00_SEED42,60,0.0,29.5,56.049999999995634,anomaly_detection,isolation_forest,isolation_forest,residual,pr_auc,0.0460211600205415,1.0,-0.9539788399794584,0.9539788399794584,SUCCESS,higher_better,0.9539788399794585,0.9539788399794585
E5_DT60_PD00_SEED42,60,0.0,29.5,56.049999999995634,anomaly_detection,isolation_forest,isolation_forest,residual,roc_auc,0.5057718034095221,1.0,-0.4942281965904779,0.4942281965904779,SUCCESS,higher_better,0.4942281965904779,0.4942281965904779
E5_DT60_PD00_SEED42,60,0.0,29.5,56.049999999995634,anomaly_detection,isolation_forest,isolation_forest,residual,detection_latency,0.0,0.0,0.0,0.0,SUCCESS,lower_better,0.0,0.0
E5_DT60_PD00_SEED42,60,0.0,29.5,56.049999999995634,anomaly_detection,isolation_forest,isolation_forest,residual,threshold,0.2937656541960819,0.2937656541960819,0.0,0.0,SUCCESS,lower_better,0.0,0.0
E5_DT60_PD00_SEED42,60,0.0,29.5,56.049999999995634,anomaly_detection,lstm_autoencoder,lstm_autoencoder,raw,precision,0.4982578397212543,0.4982578397212543,0.0,0.0,SUCCESS,higher_better,0.0,0.0
E5_DT60_PD00_SEED42,60,0.0,29.5,56.049999999995634,anomaly_detection,lstm_autoencoder,lstm_autoencoder,raw,recall,0.5860655737704918,0.5860655737704918,0.0,0.0,SUCCESS,higher_better,0.0,0.0
E5_DT60_PD00_SEED42,60,0.0,29.5,56.049999999995634,anomaly_detection,lstm_autoencoder,lstm_autoencoder,raw,f1,0.5386064030131827,0.5386064030131827,0.0,0.0,SUCCESS,higher_better,0.0,0.0
E5_DT60_PD00_SEED42,60,0.0,29.5,56.049999999995634,anomaly_detection,lstm_autoencoder,lstm_autoencoder,raw,false_positive_rate,0.028731045490822,0.028731045490822,0.0,0.0,SUCCESS,lower_better,0.0,0.0
E5_DT60_PD00_SEED42,60,0.0,29.5,56.049999999995634,anomaly_detection,lstm_autoencoder,lstm_autoencoder,raw,pr_auc,0.561001698584242,0.561001698584242,0.0,0.0,SUCCESS,higher_better,0.0,0.0
E5_DT60_PD00_SEED42,60,0.0,29.5,56.049999999995634,anomaly_detection,lstm_autoencoder,lstm_autoencoder,raw,roc_auc,0.9493396177043946,0.9493396177043946,0.0,0.0,SUCCESS,higher_better,0.0,0.0
E5_DT60_PD00_SEED42,60,0.0,29.5,56.049999999995634,anomaly_detection,lstm_autoencoder,lstm_autoencoder,raw,detection_latency,1.3442622950819672,1.3442622950819672,0.0,0.0,SUCCESS,lower_better,0.0,0.0
E5_DT60_PD00_SEED42,60,0.0,29.5,56.049999999995634,anomaly_detection,lstm_autoencoder,lstm_autoencoder,raw,threshold,0.0007370078528765,0.0007370078528765,0.0,0.0,SUCCESS,lower_better,0.0,0.0
E5_DT60_PD00_SEED42,60,0.0,29.5,56.049999999995634,anomaly_detection,lstm_autoencoder,lstm_autoencoder,residual,precision,0.0471679876280688,0.9568627450980391,-0.9096947574699704,0.950705586700174,SUCCESS,higher_better,0.9096947574699703,0.9507055867001739
E5_DT60_PD00_SEED42,60,0.0,29.5,56.049999999995634,anomaly_detection,lstm_autoencoder,lstm_autoencoder,residual,recall,1.0,1.0,0.0,0.0,SUCCESS,higher_better,0.0,0.0
E5_DT60_PD00_SEED42,60,0.0,29.5,56.049999999995634,anomaly_detection,lstm_autoencoder,lstm_autoencoder,residual,f1,0.0900867638914528,0.9779559118236472,-0.8878691479321944,0.907882591840502,SUCCESS,higher_better,0.8878691479321944,0.9078825918405022
E5_DT60_PD00_SEED42,60,0.0,29.5,56.049999999995634,anomaly_detection,lstm_autoencoder,lstm_autoencoder,residual,false_positive_rate,0.9834397446129288,0.00219473264166,0.9812450119712688,447.09090909090907,SUCCESS,lower_better,0.9812450119712688,447.0909090909123
E5_DT60_PD00_SEED42,60,0.0,29.5,56.049999999995634,anomaly_detection,lstm_autoencoder,lstm_autoencoder,residual,pr_auc,0.1133535802505759,1.0,-0.886646419749424,0.886646419749424,SUCCESS,higher_better,0.8866464197494242,0.8866464197494242
E5_DT60_PD00_SEED42,60,0.0,29.5,56.049999999995634,anomaly_detection,lstm_autoencoder,lstm_autoencoder,residual,roc_auc,0.5907510499391624,1.0,-0.4092489500608376,0.4092489500608376,SUCCESS,higher_better,0.4092489500608376,0.4092489500608376
E5_DT60_PD00_SEED42,60,0.0,29.5,56.049999999995634,anomaly_detection,lstm_autoencoder,lstm_autoencoder,residual,detection_latency,0.0,0.0,0.0,0.0,SUCCESS,lower_better,0.0,0.0
E5_DT60_PD00_SEED42,60,0.0,29.5,56.049999999995634,anomaly_detection,lstm_autoencoder,lstm_autoencoder,residual,threshold,0.0003816792741417,0.0003816792741417,0.0,0.0,SUCCESS,lower_better,0.0,0.0
E5_DT60_PD05_SEED42,60,0.05,29.51081621004566,57.0,load_estimation,persistence,,raw,mae,2.491795322757152,0.4591450760399007,2.032650246717252,4.427032658715935,SUCCESS,lower_better,2.0326502467172514,4.427032658715935
E5_DT60_PD05_SEED42,60,0.05,29.51081621004566,57.0,load_estimation,persistence,,raw,rmse,3.178334812551044,0.630307824152761,2.548026988398284,4.042512072293022,SUCCESS,lower_better,2.5480269883982833,4.042512072293022
E5_DT60_PD05_SEED42,60,0.05,29.51081621004566,57.0,load_estimation,persistence,,raw,mape,83.36288336429833,14.73210135971861,68.63078200457971,4.6585874159292775,SUCCESS,lower_better,68.63078200457971,4.6585874159292775
E5_DT60_PD05_SEED42,60,0.05,29.51081621004566,57.0,load_estimation,persistence,,raw,r2,-0.8652621319569562,0.9266422537549912,-1.7919043857119474,-1.9337607134260208,SUCCESS,lower_better,-1.7919043857119474,-1.9337607134260206
E5_DT60_PD05_SEED42,60,0.05,29.51081621004566,57.0,load_estimation,xgboost,,raw,mae,1.8464313214772368,0.2734339335193372,1.5729973879578996,5.752751195552168,SUCCESS,lower_better,1.5729973879578996,5.75275119555217
E5_DT60_PD05_SEED42,60,0.05,29.51081621004566,57.0,load_estimation,xgboost,,raw,rmse,2.4204671976738164,0.4129930382953352,2.0074741593784813,4.860794185937143,SUCCESS,lower_better,2.0074741593784813,4.860794185937143
E5_DT60_PD05_SEED42,60,0.05,29.51081621004566,57.0,load_estimation,xgboost,,raw,mape,62.74507357541742,9.063484965162122,53.6815886102553,5.922841910875844,SUCCESS,lower_better,53.681588610255304,5.922841910875844
E5_DT60_PD05_SEED42,60,0.05,29.51081621004566,57.0,load_estimation,xgboost,,raw,r2,-0.0817800965357304,0.9685061288962542,-1.050286225431985,-1.0844394207695207,SUCCESS,lower_better,-1.0502862254319847,-1.0844394207695207
E5_DT60_PD05_SEED42,60,0.05,29.51081621004566,57.0,load_estimation,lstm,,raw,mae,1.8279185642732296,0.2759301433503092,1.5519884209229209,5.624570052691133,SUCCESS,lower_better,1.5519884209229204,5.624570052691133
E5_DT60_PD05_SEED42,60,0.05,29.51081621004566,57.0,load_estimation,lstm,,raw,rmse,2.31457808065666,0.4230368621902369,1.8915412184664224,4.471338995550249,SUCCESS,lower_better,1.891541218466423,4.47133899555025
E5_DT60_PD05_SEED42,60,0.05,29.51081621004566,57.0,load_estimation,lstm,,raw,mape,60.113276753312896,8.95040488214452,51.16287187116838,5.716263403148947,SUCCESS,lower_better,51.16287187116838,5.716263403148947
E5_DT60_PD05_SEED42,60,0.05,29.51081621004566,57.0,load_estimation,lstm,,raw,r2,0.0134943241851946,0.9670456810550092,-0.9535513568698144,-0.9860458254976404,SUCCESS,lower_better,-0.9535513568698146,-0.9860458254976406
E5_DT60_PD05_SEED42,60,0.05,29.51081621004566,57.0,anomaly_detection,isolation_forest,isolation_forest,raw,precision,0.1164658634538152,0.1164658634538152,0.0,0.0,SUCCESS,higher_better,0.0,0.0
E5_DT60_PD05_SEED42,60,0.05,29.51081621004566,57.0,anomaly_detection,isolation_forest,isolation_forest,raw,recall,0.1188524590163934,0.1188524590163934,0.0,0.0,SUCCESS,higher_better,0.0,0.0
E5_DT60_PD05_SEED42,60,0.05,29.51081621004566,57.0,anomaly_detection,isolation_forest,isolation_forest,raw,f1,0.1176470588235294,0.1176470588235294,0.0,0.0,SUCCESS,higher_better,0.0,0.0
E5_DT60_PD05_SEED42,60,0.05,29.51081621004566,57.0,anomaly_detection,isolation_forest,isolation_forest,raw,false_positive_rate,0.0438946528332003,0.0438946528332003,0.0,0.0,SUCCESS,lower_better,0.0,0.0
E5_DT60_PD05_SEED42,60,0.05,29.51081621004566,57.0,anomaly_detection,isolation_forest,isolation_forest,raw,pr_auc,0.09385708598261,0.09385708598261,0.0,0.0,SUCCESS,higher_better,0.0,0.0
E5_DT60_PD05_SEED42,60,0.05,29.51081621004566,57.0,anomaly_detection,isolation_forest,isolation_forest,raw,roc_auc,0.7138596875695052,0.7138596875695052,0.0,0.0,SUCCESS,higher_better,0.0,0.0
E5_DT60_PD05_SEED42,60,0.05,29.51081621004566,57.0,anomaly_detection,isolation_forest,isolation_forest,raw,detection_latency,3.2459016393442623,3.2459016393442623,0.0,0.0,SUCCESS,lower_better,0.0,0.0
E5_DT60_PD05_SEED42,60,0.05,29.51081621004566,57.0,anomaly_detection,isolation_forest,isolation_forest,raw,threshold,0.5031683371451802,0.5031683371451802,0.0,0.0,SUCCESS,lower_better,0.0,0.0
E5_DT60_PD05_SEED42,60,0.05,29.51081621004566,57.0,anomaly_detection,isolation_forest,isolation_forest,residual,precision,0.0464231354642313,0.0464231354642313,0.0,0.0,SUCCESS,higher_better,0.0,0.0
E5_DT60_PD05_SEED42,60,0.05,29.51081621004566,57.0,anomaly_detection,isolation_forest,isolation_forest,residual,recall,1.0,1.0,0.0,0.0,SUCCESS,higher_better,0.0,0.0
E5_DT60_PD05_SEED42,60,0.05,29.51081621004566,57.0,anomaly_detection,isolation_forest,isolation_forest,residual,f1,0.0887272727272727,0.0887272727272727,0.0,0.0,SUCCESS,higher_better,0.0,0.0
E5_DT60_PD05_SEED42,60,0.05,29.51081621004566,57.0,anomaly_detection,isolation_forest,isolation_forest,residual,false_positive_rate,1.0,1.0,0.0,0.0,SUCCESS,lower_better,0.0,0.0
E5_DT60_PD05_SEED42,60,0.05,29.51081621004566,57.0,anomaly_detection,isolation_forest,isolation_forest,residual,pr_auc,0.0430751684942996,1.0,-0.9569248315057004,0.9569248315057004,SUCCESS,higher_better,0.9569248315057004,0.9569248315057004
E5_DT60_PD05_SEED42,60,0.05,29.51081621004566,57.0,anomaly_detection,isolation_forest,isolation_forest,residual,roc_auc,0.4966036430599349,1.0,-0.503396356940065,0.503396356940065,SUCCESS,higher_better,0.5033963569400651,0.5033963569400651
E5_DT60_PD05_SEED42,60,0.05,29.51081621004566,57.0,anomaly_detection,isolation_forest,isolation_forest,residual,detection_latency,0.0,0.0,0.0,0.0,SUCCESS,lower_better,0.0,0.0
E5_DT60_PD05_SEED42,60,0.05,29.51081621004566,57.0,anomaly_detection,isolation_forest,isolation_forest,residual,threshold,0.2937656541960819,0.2937656541960819,0.0,0.0,SUCCESS,lower_better,0.0,0.0
E5_DT60_PD05_SEED42,60,0.05,29.51081621004566,57.0,anomaly_detection,lstm_autoencoder,lstm_autoencoder,raw,precision,0.4982578397212543,0.4982578397212543,0.0,0.0,SUCCESS,higher_better,0.0,0.0
E5_DT60_PD05_SEED42,60,0.05,29.51081621004566,57.0,anomaly_detection,lstm_autoencoder,lstm_autoencoder,raw,recall,0.5860655737704918,0.5860655737704918,0.0,0.0,SUCCESS,higher_better,0.0,0.0
E5_DT60_PD05_SEED42,60,0.05,29.51081621004566,57.0,anomaly_detection,lstm_autoencoder,lstm_autoencoder,raw,f1,0.5386064030131827,0.5386064030131827,0.0,0.0,SUCCESS,higher_better,0.0,0.0
E5_DT60_PD05_SEED42,60,0.05,29.51081621004566,57.0,anomaly_detection,lstm_autoencoder,lstm_autoencoder,raw,false_positive_rate,0.028731045490822,0.028731045490822,0.0,0.0,SUCCESS,lower_better,0.0,0.0
E5_DT60_PD05_SEED42,60,0.05,29.51081621004566,57.0,anomaly_detection,lstm_autoencoder,lstm_autoencoder,raw,pr_auc,0.561001698584242,0.561001698584242,0.0,0.0,SUCCESS,higher_better,0.0,0.0
E5_DT60_PD05_SEED42,60,0.05,29.51081621004566,57.0,anomaly_detection,lstm_autoencoder,lstm_autoencoder,raw,roc_auc,0.9493396177043946,0.9493396177043946,0.0,0.0,SUCCESS,higher_better,0.0,0.0
E5_DT60_PD05_SEED42,60,0.05,29.51081621004566,57.0,anomaly_detection,lstm_autoencoder,lstm_autoencoder,raw,detection_latency,1.3442622950819672,1.3442622950819672,0.0,0.0,SUCCESS,lower_better,0.0,0.0
E5_DT60_PD05_SEED42,60,0.05,29.51081621004566,57.0,anomaly_detection,lstm_autoencoder,lstm_autoencoder,raw,threshold,0.0007370078528765,0.0007370078528765,0.0,0.0,SUCCESS,lower_better,0.0,0.0
E5_DT60_PD05_SEED42,60,0.05,29.51081621004566,57.0,anomaly_detection,lstm_autoencoder,lstm_autoencoder,residual,precision,0.0471497584541062,0.9568627450980391,-0.909712986643933,0.9507246376811594,SUCCESS,higher_better,0.909712986643933,0.9507246376811596
E5_DT60_PD05_SEED42,60,0.05,29.51081621004566,57.0,anomaly_detection,lstm_autoencoder,lstm_autoencoder,residual,recall,1.0,1.0,0.0,0.0,SUCCESS,higher_better,0.0,0.0
E5_DT60_PD05_SEED42,60,0.05,29.51081621004566,57.0,anomaly_detection,lstm_autoencoder,lstm_autoencoder,residual,f1,0.090053515408747,0.9779559118236472,-0.8879023964149003,0.9079165897767116,SUCCESS,higher_better,0.8879023964149002,0.9079165897767116
E5_DT60_PD05_SEED42,60,0.05,29.51081621004566,57.0,anomaly_detection,lstm_autoencoder,lstm_autoencoder,residual,false_positive_rate,0.9838387869114126,0.00219473264166,0.9816440542697524,447.27272727272725,SUCCESS,lower_better,0.9816440542697525,447.27272727273055
E5_DT60_PD05_SEED42,60,0.05,29.51081621004566,57.0,anomaly_detection,lstm_autoencoder,lstm_autoencoder,residual,pr_auc,0.0932444396470114,1.0,-0.9067555603529888,0.9067555603529888,SUCCESS,higher_better,0.9067555603529887,0.9067555603529887
E5_DT60_PD05_SEED42,60,0.05,29.51081621004566,57.0,anomaly_detection,lstm_autoencoder,lstm_autoencoder,residual,roc_auc,0.5525762759541035,1.0,-0.4474237240458965,0.4474237240458965,SUCCESS,higher_better,0.4474237240458965,0.4474237240458965
E5_DT60_PD05_SEED42,60,0.05,29.51081621004566,57.0,anomaly_detection,lstm_autoencoder,lstm_autoencoder,residual,detection_latency,0.0,0.0,0.0,0.0,SUCCESS,lower_better,0.0,0.0
E5_DT60_PD05_SEED42,60,0.05,29.51081621004566,57.0,anomaly_detection,lstm_autoencoder,lstm_autoencoder,residual,threshold,0.0003816792741417,0.0003816792741417,0.0,0.0,SUCCESS,lower_better,0.0,0.0
E5_DT60_PD10_SEED42,60,0.1,29.55236872146119,57.0,load_estimation,persistence,,raw,mae,2.5017248652932125,0.4591450760399007,2.042579789253312,4.448658813616042,SUCCESS,lower_better,2.042579789253312,4.448658813616042
E5_DT60_PD10_SEED42,60,0.1,29.55236872146119,57.0,load_estimation,persistence,,raw,rmse,3.219766782943409,0.630307824152761,2.589458958790648,4.108244986917803,SUCCESS,lower_better,2.5894589587906482,4.108244986917803
E5_DT60_PD10_SEED42,60,0.1,29.55236872146119,57.0,load_estimation,persistence,,raw,mape,83.31273650298479,14.73210135971861,68.58063514326618,4.655183498179251,SUCCESS,lower_better,68.58063514326618,4.655183498179251
E5_DT60_PD10_SEED42,60,0.1,29.55236872146119,57.0,load_estimation,persistence,,raw,r2,-0.9142092699909984,0.9266422537549912,-1.8408515237459893,-1.9865827575705608,SUCCESS,lower_better,-1.8408515237459895,-1.9865827575705606
E5_DT60_PD10_SEED42,60,0.1,29.55236872146119,57.0,load_estimation,xgboost,,raw,mae,1.870147572804804,0.2734339335193372,1.5967136392854666,5.8394860459868525,SUCCESS,lower_better,1.5967136392854668,5.839486045986854
E5_DT60_PD10_SEED42,60,0.1,29.55236872146119,57.0,load_estimation,xgboost,,raw,rmse,2.45159340841092,0.4129930382953352,2.0386003701155846,4.9361615840549895,SUCCESS,lower_better,2.038600370115585,4.93616158405499
E5_DT60_PD10_SEED42,60,0.1,29.55236872146119,57.0,load_estimation,xgboost,,raw,mape,62.489908101204335,9.063484965162122,53.42642313604222,5.894688780463659,SUCCESS,lower_better,53.42642313604222,5.894688780463659
E5_DT60_PD10_SEED42,60,0.1,29.55236872146119,57.0,load_estimation,xgboost,,raw,r2,-0.1097814819541542,0.9685061288962542,-1.0782876108504085,-1.1133513549152914,SUCCESS,lower_better,-1.0782876108504085,-1.1133513549152914
E5_DT60_PD10_SEED42,60,0.1,29.55236872146119,57.0,load_estimation,lstm,,raw,mae,1.8208706416296452,0.2759301433503092,1.5449404982793362,5.5990276362011855,SUCCESS,lower_better,1.544940498279336,5.5990276362011855
E5_DT60_PD10_SEED42,60,0.1,29.55236872146119,57.0,load_estimation,lstm,,raw,rmse,2.3056942608880813,0.4230368621902369,1.8826573986978443,4.450338887610285,SUCCESS,lower_better,1.8826573986978443,4.450338887610285
E5_DT60_PD10_SEED42,60,0.1,29.55236872146119,57.0,load_estimation,lstm,,raw,mape,58.62408928672285,8.95040488214452,49.67368440457833,5.549881268910429,SUCCESS,lower_better,49.67368440457833,5.549881268910429
E5_DT60_PD10_SEED42,60,0.1,29.55236872146119,57.0,load_estimation,lstm,,raw,r2,0.0210526086184624,0.9670456810550092,-0.9459930724365468,-0.9782299750354142,SUCCESS,lower_better,-0.9459930724365468,-0.9782299750354143
E5_DT60_PD10_SEED42,60,0.1,29.55236872146119,57.0,anomaly_detection,isolation_forest,isolation_forest,raw,precision,0.1164658634538152,0.1164658634538152,0.0,0.0,SUCCESS,higher_better,0.0,0.0
E5_DT60_PD10_SEED42,60,0.1,29.55236872146119,57.0,anomaly_detection,isolation_forest,isolation_forest,raw,recall,0.1188524590163934,0.1188524590163934,0.0,0.0,SUCCESS,higher_better,0.0,0.0
E5_DT60_PD10_SEED42,60,0.1,29.55236872146119,57.0,anomaly_detection,isolation_forest,isolation_forest,raw,f1,0.1176470588235294,0.1176470588235294,0.0,0.0,SUCCESS,higher_better,0.0,0.0
E5_DT60_PD10_SEED42,60,0.1,29.55236872146119,57.0,anomaly_detection,isolation_forest,isolation_forest,raw,false_positive_rate,0.0438946528332003,0.0438946528332003,0.0,0.0,SUCCESS,lower_better,0.0,0.0
E5_DT60_PD10_SEED42,60,0.1,29.55236872146119,57.0,anomaly_detection,isolation_forest,isolation_forest,raw,pr_auc,0.09385708598261,0.09385708598261,0.0,0.0,SUCCESS,higher_better,0.0,0.0
E5_DT60_PD10_SEED42,60,0.1,29.55236872146119,57.0,anomaly_detection,isolation_forest,isolation_forest,raw,roc_auc,0.7138596875695052,0.7138596875695052,0.0,0.0,SUCCESS,higher_better,0.0,0.0
E5_DT60_PD10_SEED42,60,0.1,29.55236872146119,57.0,anomaly_detection,isolation_forest,isolation_forest,raw,detection_latency,3.2459016393442623,3.2459016393442623,0.0,0.0,SUCCESS,lower_better,0.0,0.0
E5_DT60_PD10_SEED42,60,0.1,29.55236872146119,57.0,anomaly_detection,isolation_forest,isolation_forest,raw,threshold,0.5031683371451802,0.5031683371451802,0.0,0.0,SUCCESS,lower_better,0.0,0.0
E5_DT60_PD10_SEED42,60,0.1,29.55236872146119,57.0,anomaly_detection,isolation_forest,isolation_forest,residual,precision,0.0464231354642313,0.0464231354642313,0.0,0.0,SUCCESS,higher_better,0.0,0.0
E5_DT60_PD10_SEED42,60,0.1,29.55236872146119,57.0,anomaly_detection,isolation_forest,isolation_forest,residual,recall,1.0,1.0,0.0,0.0,SUCCESS,higher_better,0.0,0.0
E5_DT60_PD10_SEED42,60,0.1,29.55236872146119,57.0,anomaly_detection,isolation_forest,isolation_forest,residual,f1,0.0887272727272727,0.0887272727272727,0.0,0.0,SUCCESS,higher_better,0.0,0.0
E5_DT60_PD10_SEED42,60,0.1,29.55236872146119,57.0,anomaly_detection,isolation_forest,isolation_forest,residual,false_positive_rate,1.0,1.0,0.0,0.0,SUCCESS,lower_better,0.0,0.0
E5_DT60_PD10_SEED42,60,0.1,29.55236872146119,57.0,anomaly_detection,isolation_forest,isolation_forest,residual,pr_auc,0.0450865301133653,1.0,-0.9549134698866346,0.9549134698866346,SUCCESS,higher_better,0.9549134698866347,0.9549134698866347
E5_DT60_PD10_SEED42,60,0.1,29.55236872146119,57.0,anomaly_detection,isolation_forest,isolation_forest,residual,roc_auc,0.4876035220389099,1.0,-0.5123964779610901,0.5123964779610901,SUCCESS,higher_better,0.5123964779610901,0.5123964779610901
E5_DT60_PD10_SEED42,60,0.1,29.55236872146119,57.0,anomaly_detection,isolation_forest,isolation_forest,residual,detection_latency,0.0,0.0,0.0,0.0,SUCCESS,lower_better,0.0,0.0
E5_DT60_PD10_SEED42,60,0.1,29.55236872146119,57.0,anomaly_detection,isolation_forest,isolation_forest,residual,threshold,0.2937656541960819,0.2937656541960819,0.0,0.0,SUCCESS,lower_better,0.0,0.0
E5_DT60_PD10_SEED42,60,0.1,29.55236872146119,57.0,anomaly_detection,lstm_autoencoder,lstm_autoencoder,raw,precision,0.4982578397212543,0.4982578397212543,0.0,0.0,SUCCESS,higher_better,0.0,0.0
E5_DT60_PD10_SEED42,60,0.1,29.55236872146119,57.0,anomaly_detection,lstm_autoencoder,lstm_autoencoder,raw,recall,0.5860655737704918,0.5860655737704918,0.0,0.0,SUCCESS,higher_better,0.0,0.0
E5_DT60_PD10_SEED42,60,0.1,29.55236872146119,57.0,anomaly_detection,lstm_autoencoder,lstm_autoencoder,raw,f1,0.5386064030131827,0.5386064030131827,0.0,0.0,SUCCESS,higher_better,0.0,0.0
E5_DT60_PD10_SEED42,60,0.1,29.55236872146119,57.0,anomaly_detection,lstm_autoencoder,lstm_autoencoder,raw,false_positive_rate,0.028731045490822,0.028731045490822,0.0,0.0,SUCCESS,lower_better,0.0,0.0
E5_DT60_PD10_SEED42,60,0.1,29.55236872146119,57.0,anomaly_detection,lstm_autoencoder,lstm_autoencoder,raw,pr_auc,0.561001698584242,0.561001698584242,0.0,0.0,SUCCESS,higher_better,0.0,0.0
E5_DT60_PD10_SEED42,60,0.1,29.55236872146119,57.0,anomaly_detection,lstm_autoencoder,lstm_autoencoder,raw,roc_auc,0.9493396177043946,0.9493396177043946,0.0,0.0,SUCCESS,higher_better,0.0,0.0
E5_DT60_PD10_SEED42,60,0.1,29.55236872146119,57.0,anomaly_detection,lstm_autoencoder,lstm_autoencoder,raw,detection_latency,1.3442622950819672,1.3442622950819672,0.0,0.0,SUCCESS,lower_better,0.0,0.0
E5_DT60_PD10_SEED42,60,0.1,29.55236872146119,57.0,anomaly_detection,lstm_autoencoder,lstm_autoencoder,raw,threshold,0.0007370078528765,0.0007370078528765,0.0,0.0,SUCCESS,lower_better,0.0,0.0
E5_DT60_PD10_SEED42,60,0.1,29.55236872146119,57.0,anomaly_detection,lstm_autoencoder,lstm_autoencoder,residual,precision,0.0471588712794742,0.9568627450980391,-0.909703873818565,0.950715114031697,SUCCESS,higher_better,0.909703873818565,0.9507151140316971
E5_DT60_PD10_SEED42,60,0.1,29.55236872146119,57.0,anomaly_detection,lstm_autoencoder,lstm_autoencoder,residual,recall,1.0,1.0,0.0,0.0,SUCCESS,higher_better,0.0,0.0
E5_DT60_PD10_SEED42,60,0.1,29.55236872146119,57.0,anomaly_detection,lstm_autoencoder,lstm_autoencoder,residual,f1,0.0900701365817644,0.9779559118236472,-0.8878857752418828,0.9078995939461056,SUCCESS,higher_better,0.8878857752418827,0.9078995939461056
E5_DT60_PD10_SEED42,60,0.1,29.55236872146119,57.0,anomaly_detection,lstm_autoencoder,lstm_autoencoder,residual,false_positive_rate,0.9836392657621708,0.00219473264166,0.9814445331205108,447.1818181818182,SUCCESS,lower_better,0.9814445331205107,447.1818181818214
E5_DT60_PD10_SEED42,60,0.1,29.55236872146119,57.0,anomaly_detection,lstm_autoencoder,lstm_autoencoder,residual,pr_auc,0.1072243822078674,1.0,-0.8927756177921325,0.8927756177921325,SUCCESS,higher_better,0.8927756177921327,0.8927756177921327
E5_DT60_PD10_SEED42,60,0.1,29.55236872146119,57.0,anomaly_detection,lstm_autoencoder,lstm_autoencoder,residual,roc_auc,0.5708439090445226,1.0,-0.4291560909554773,0.4291560909554773,SUCCESS,higher_better,0.42915609095547735,0.42915609095547735
E5_DT60_PD10_SEED42,60,0.1,29.55236872146119,57.0,anomaly_detection,lstm_autoencoder,lstm_autoencoder,residual,detection_latency,0.0,0.0,0.0,0.0,SUCCESS,lower_better,0.0,0.0
E5_DT60_PD10_SEED42,60,0.1,29.55236872146119,57.0,anomaly_detection,lstm_autoencoder,lstm_autoencoder,residual,threshold,0.0003816792741417,0.0003816792741417,0.0,0.0,SUCCESS,lower_better,0.0,0.0
E5_DT60_PD20_SEED42,60,0.2,29.63301940639269,57.0,load_estimation,persistence,,raw,mae,2.485515618024896,0.4591450760399007,2.026370541984995,4.413355707660686,SUCCESS,lower_better,2.0263705419849956,4.413355707660687
E5_DT60_PD20_SEED42,60,0.2,29.63301940639269,57.0,load_estimation,persistence,,raw,rmse,3.195297926710075,0.630307824152761,2.564990102557314,4.069424500647901,SUCCESS,lower_better,2.564990102557314,4.069424500647901
E5_DT60_PD20_SEED42,60,0.2,29.63301940639269,57.0,load_estimation,persistence,,raw,mape,81.88915365005585,14.73210135971861,67.15705229033723,4.558552147486716,SUCCESS,lower_better,67.15705229033723,4.558552147486716
E5_DT60_PD20_SEED42,60,0.2,29.63301940639269,57.0,load_estimation,persistence,,raw,r2,-0.8852254719680637,0.9266422537549912,-1.8118677257230549,-1.955304453666886,SUCCESS,lower_better,-1.8118677257230549,-1.9553044536668858
E5_DT60_PD20_SEED42,60,0.2,29.63301940639269,57.0,load_estimation,xgboost,,raw,mae,1.845787044075889,0.2734339335193372,1.5723531105565518,5.750394950323,SUCCESS,lower_better,1.5723531105565518,5.750394950323001
E5_DT60_PD20_SEED42,60,0.2,29.63301940639269,57.0,load_estimation,xgboost,,raw,rmse,2.4192138632429083,0.4129930382953352,2.0062208249475733,4.857759426716791,SUCCESS,lower_better,2.0062208249475733,4.857759426716791
E5_DT60_PD20_SEED42,60,0.2,29.63301940639269,57.0,load_estimation,xgboost,,raw,mape,61.62978628738309,9.063484965162122,52.566301322220966,5.799789101462992,SUCCESS,lower_better,52.566301322220966,5.799789101462992
E5_DT60_PD20_SEED42,60,0.2,29.63301940639269,57.0,load_estimation,xgboost,,raw,r2,-0.0806600803559045,0.9685061288962542,-1.0491662092521588,-1.0832829839165063,SUCCESS,lower_better,-1.0491662092521588,-1.0832829839165063
E5_DT60_PD20_SEED42,60,0.2,29.63301940639269,57.0,load_estimation,lstm,,raw,mae,1.8381977164219103,0.2759301433503092,1.5622675730716014,5.661822786386236,SUCCESS,lower_better,1.5622675730716011,5.661822786386236
E5_DT60_PD20_SEED42,60,0.2,29.63301940639269,57.0,load_estimation,lstm,,raw,rmse,2.326294906105611,0.4230368621902369,1.903258043915374,4.499035932853273,SUCCESS,lower_better,1.903258043915374,4.499035932853273
E5_DT60_PD20_SEED42,60,0.2,29.63301940639269,57.0,load_estimation,lstm,,raw,mape,60.10556436273332,8.95040488214452,51.1551594805888,5.715401722512022,SUCCESS,lower_better,51.1551594805888,5.715401722512022
E5_DT60_PD20_SEED42,60,0.2,29.63301940639269,57.0,load_estimation,lstm,,raw,r2,0.0034812932240578,0.9670456810550092,-0.9635643878309512,-0.9964000736549902,SUCCESS,lower_better,-0.9635643878309514,-0.9964000736549903
E5_DT60_PD20_SEED42,60,0.2,29.63301940639269,57.0,anomaly_detection,isolation_forest,isolation_forest,raw,precision,0.1164658634538152,0.1164658634538152,0.0,0.0,SUCCESS,higher_better,0.0,0.0
E5_DT60_PD20_SEED42,60,0.2,29.63301940639269,57.0,anomaly_detection,isolation_forest,isolation_forest,raw,recall,0.1188524590163934,0.1188524590163934,0.0,0.0,SUCCESS,higher_better,0.0,0.0
E5_DT60_PD20_SEED42,60,0.2,29.63301940639269,57.0,anomaly_detection,isolation_forest,isolation_forest,raw,f1,0.1176470588235294,0.1176470588235294,0.0,0.0,SUCCESS,higher_better,0.0,0.0
E5_DT60_PD20_SEED42,60,0.2,29.63301940639269,57.0,anomaly_detection,isolation_forest,isolation_forest,raw,false_positive_rate,0.0438946528332003,0.0438946528332003,0.0,0.0,SUCCESS,lower_better,0.0,0.0
E5_DT60_PD20_SEED42,60,0.2,29.63301940639269,57.0,anomaly_detection,isolation_forest,isolation_forest,raw,pr_auc,0.09385708598261,0.09385708598261,0.0,0.0,SUCCESS,higher_better,0.0,0.0
E5_DT60_PD20_SEED42,60,0.2,29.63301940639269,57.0,anomaly_detection,isolation_forest,isolation_forest,raw,roc_auc,0.7138596875695052,0.7138596875695052,0.0,0.0,SUCCESS,higher_better,0.0,0.0
E5_DT60_PD20_SEED42,60,0.2,29.63301940639269,57.0,anomaly_detection,isolation_forest,isolation_forest,raw,detection_latency,3.2459016393442623,3.2459016393442623,0.0,0.0,SUCCESS,lower_better,0.0,0.0
E5_DT60_PD20_SEED42,60,0.2,29.63301940639269,57.0,anomaly_detection,isolation_forest,isolation_forest,raw,threshold,0.5031683371451802,0.5031683371451802,0.0,0.0,SUCCESS,lower_better,0.0,0.0
E5_DT60_PD20_SEED42,60,0.2,29.63301940639269,57.0,anomaly_detection,isolation_forest,isolation_forest,residual,precision,0.0464231354642313,0.0464231354642313,0.0,0.0,SUCCESS,higher_better,0.0,0.0
E5_DT60_PD20_SEED42,60,0.2,29.63301940639269,57.0,anomaly_detection,isolation_forest,isolation_forest,residual,recall,1.0,1.0,0.0,0.0,SUCCESS,higher_better,0.0,0.0
E5_DT60_PD20_SEED42,60,0.2,29.63301940639269,57.0,anomaly_detection,isolation_forest,isolation_forest,residual,f1,0.0887272727272727,0.0887272727272727,0.0,0.0,SUCCESS,higher_better,0.0,0.0
E5_DT60_PD20_SEED42,60,0.2,29.63301940639269,57.0,anomaly_detection,isolation_forest,isolation_forest,residual,false_positive_rate,1.0,1.0,0.0,0.0,SUCCESS,lower_better,0.0,0.0
E5_DT60_PD20_SEED42,60,0.2,29.63301940639269,57.0,anomaly_detection,isolation_forest,isolation_forest,residual,pr_auc,0.0389709732101137,1.0,-0.9610290267898862,0.9610290267898862,SUCCESS,higher_better,0.9610290267898863,0.9610290267898863
E5_DT60_PD20_SEED42,60,0.2,29.63301940639269,57.0,anomaly_detection,isolation_forest,isolation_forest,residual,roc_auc,0.4482160846754673,1.0,-0.5517839153245326,0.5517839153245326,SUCCESS,higher_better,0.5517839153245327,0.5517839153245327
E5_DT60_PD20_SEED42,60,0.2,29.63301940639269,57.0,anomaly_detection,isolation_forest,isolation_forest,residual,detection_latency,0.0,0.0,0.0,0.0,SUCCESS,lower_better,0.0,0.0
E5_DT60_PD20_SEED42,60,0.2,29.63301940639269,57.0,anomaly_detection,isolation_forest,isolation_forest,residual,threshold,0.2937656541960819,0.2937656541960819,0.0,0.0,SUCCESS,lower_better,0.0,0.0
E5_DT60_PD20_SEED42,60,0.2,29.63301940639269,57.0,anomaly_detection,lstm_autoencoder,lstm_autoencoder,raw,precision,0.4982578397212543,0.4982578397212543,0.0,0.0,SUCCESS,higher_better,0.0,0.0
E5_DT60_PD20_SEED42,60,0.2,29.63301940639269,57.0,anomaly_detection,lstm_autoencoder,lstm_autoencoder,raw,recall,0.5860655737704918,0.5860655737704918,0.0,0.0,SUCCESS,higher_better,0.0,0.0
E5_DT60_PD20_SEED42,60,0.2,29.63301940639269,57.0,anomaly_detection,lstm_autoencoder,lstm_autoencoder,raw,f1,0.5386064030131827,0.5386064030131827,0.0,0.0,SUCCESS,higher_better,0.0,0.0
E5_DT60_PD20_SEED42,60,0.2,29.63301940639269,57.0,anomaly_detection,lstm_autoencoder,lstm_autoencoder,raw,false_positive_rate,0.028731045490822,0.028731045490822,0.0,0.0,SUCCESS,lower_better,0.0,0.0
E5_DT60_PD20_SEED42,60,0.2,29.63301940639269,57.0,anomaly_detection,lstm_autoencoder,lstm_autoencoder,raw,pr_auc,0.561001698584242,0.561001698584242,0.0,0.0,SUCCESS,higher_better,0.0,0.0
E5_DT60_PD20_SEED42,60,0.2,29.63301940639269,57.0,anomaly_detection,lstm_autoencoder,lstm_autoencoder,raw,roc_auc,0.9493396177043946,0.9493396177043946,0.0,0.0,SUCCESS,higher_better,0.0,0.0
E5_DT60_PD20_SEED42,60,0.2,29.63301940639269,57.0,anomaly_detection,lstm_autoencoder,lstm_autoencoder,raw,detection_latency,1.3442622950819672,1.3442622950819672,0.0,0.0,SUCCESS,lower_better,0.0,0.0
E5_DT60_PD20_SEED42,60,0.2,29.63301940639269,57.0,anomaly_detection,lstm_autoencoder,lstm_autoencoder,raw,threshold,0.0007370078528765,0.0007370078528765,0.0,0.0,SUCCESS,lower_better,0.0,0.0
E5_DT60_PD20_SEED42,60,0.2,29.63301940639269,57.0,anomaly_detection,lstm_autoencoder,lstm_autoencoder,residual,precision,0.0471133423440818,0.9568627450980391,-0.9097494027539574,0.950762695501062,SUCCESS,higher_better,0.9097494027539573,0.9507626955010621
E5_DT60_PD20_SEED42,60,0.2,29.63301940639269,57.0,anomaly_detection,lstm_autoencoder,lstm_autoencoder,residual,recall,1.0,1.0,0.0,0.0,SUCCESS,higher_better,0.0,0.0
E5_DT60_PD20_SEED42,60,0.2,29.63301940639269,57.0,anomaly_detection,lstm_autoencoder,lstm_autoencoder,residual,f1,0.0899870920154895,0.9779559118236472,-0.8879688198081577,0.9079845104185876,SUCCESS,higher_better,0.8879688198081577,0.9079845104185876
E5_DT60_PD20_SEED42,60,0.2,29.63301940639269,57.0,anomaly_detection,lstm_autoencoder,lstm_autoencoder,residual,false_positive_rate,0.98463687150838,0.00219473264166,0.9824421388667198,447.6363636363636,SUCCESS,lower_better,0.9824421388667199,447.6363636363669
E5_DT60_PD20_SEED42,60,0.2,29.63301940639269,57.0,anomaly_detection,lstm_autoencoder,lstm_autoencoder,residual,pr_auc,0.0821625914775419,1.0,-0.917837408522458,0.917837408522458,SUCCESS,higher_better,0.9178374085224581,0.9178374085224581
E5_DT60_PD20_SEED42,60,0.2,29.63301940639269,57.0,anomaly_detection,lstm_autoencoder,lstm_autoencoder,residual,roc_auc,0.5312667630473747,1.0,-0.4687332369526252,0.4687332369526252,SUCCESS,higher_better,0.46873323695262525,0.46873323695262525
E5_DT60_PD20_SEED42,60,0.2,29.63301940639269,57.0,anomaly_detection,lstm_autoencoder,lstm_autoencoder,residual,detection_latency,0.0,0.0,0.0,0.0,SUCCESS,lower_better,0.0,0.0
E5_DT60_PD20_SEED42,60,0.2,29.63301940639269,57.0,anomaly_detection,lstm_autoencoder,lstm_autoencoder,residual,threshold,0.0003816792741417,0.0003816792741417,0.0,0.0,SUCCESS,lower_better,0.0,0.0
E5_DT300_PD00_SEED42,300,0.0,149.2945205479452,284.0,load_estimation,persistence,,raw,mae,2.509638156339277,0.4591450760399007,2.0504930802993764,4.465893651707558,SUCCESS,lower_better,2.0504930802993764,4.465893651707558
E5_DT300_PD00_SEED42,300,0.0,149.2945205479452,284.0,load_estimation,persistence,,raw,rmse,3.193901162791038,0.630307824152761,2.563593338638277,4.06720849782275,SUCCESS,lower_better,2.563593338638277,4.06720849782275
E5_DT300_PD00_SEED42,300,0.0,149.2945205479452,284.0,load_estimation,persistence,,raw,mape,81.12563902637784,14.73210135971861,66.39353766665923,4.506725554318843,SUCCESS,lower_better,66.39353766665923,4.506725554318843
E5_DT300_PD00_SEED42,300,0.0,149.2945205479452,284.0,load_estimation,persistence,,raw,r2,-0.8835776510456419,0.9266422537549912,-1.810219904800633,-1.953526182801572,SUCCESS,lower_better,-1.810219904800633,-1.9535261828015715
E5_DT300_PD00_SEED42,300,0.0,149.2945205479452,284.0,load_estimation,xgboost,,raw,mae,1.875236407874926,0.2734339335193372,1.6018024743555888,5.858096885558314,SUCCESS,lower_better,1.6018024743555888,5.858096885558315
E5_DT300_PD00_SEED42,300,0.0,149.2945205479452,284.0,load_estimation,xgboost,,raw,rmse,2.4261618372736087,0.4129930382953352,2.0131687989782736,4.874582891972716,SUCCESS,lower_better,2.0131687989782736,4.874582891972716
E5_DT300_PD00_SEED42,300,0.0,149.2945205479452,284.0,load_estimation,xgboost,,raw,mape,61.69410288075269,9.063484965162122,52.63061791559056,5.806885333609547,SUCCESS,lower_better,52.63061791559056,5.806885333609547
E5_DT300_PD00_SEED42,300,0.0,149.2945205479452,284.0,load_estimation,xgboost,,raw,r2,-0.0868762982237416,0.9685061288962542,-1.055382427119996,-1.0897013406851117,SUCCESS,lower_better,-1.0553824271199959,-1.0897013406851117
E5_DT300_PD00_SEED42,300,0.0,149.2945205479452,284.0,load_estimation,lstm,,raw,mae,1.8779743341239623,0.2759301433503092,1.6020441907736531,5.805977452560396,SUCCESS,lower_better,1.6020441907736531,5.805977452560397
E5_DT300_PD00_SEED42,300,0.0,149.2945205479452,284.0,load_estimation,lstm,,raw,rmse,2.3494852710208862,0.4230368621902369,1.9264484088306493,4.553854713408729,SUCCESS,lower_better,1.9264484088306493,4.553854713408729
E5_DT300_PD00_SEED42,300,0.0,149.2945205479452,284.0,load_estimation,lstm,,raw,mape,62.29242940740781,8.95040488214452,53.34202452526329,5.959733132484005,SUCCESS,lower_better,53.34202452526329,5.959733132484005
E5_DT300_PD00_SEED42,300,0.0,149.2945205479452,284.0,load_estimation,lstm,,raw,r2,-0.0164859259169762,0.9670456810550092,-0.9835316069719856,-1.0170477219845404,SUCCESS,lower_better,-0.9835316069719854,-1.0170477219845402
E5_DT300_PD00_SEED42,300,0.0,149.2945205479452,284.0,anomaly_detection,isolation_forest,isolation_forest,raw,precision,0.1164658634538152,0.1164658634538152,0.0,0.0,SUCCESS,higher_better,0.0,0.0
E5_DT300_PD00_SEED42,300,0.0,149.2945205479452,284.0,anomaly_detection,isolation_forest,isolation_forest,raw,recall,0.1188524590163934,0.1188524590163934,0.0,0.0,SUCCESS,higher_better,0.0,0.0
E5_DT300_PD00_SEED42,300,0.0,149.2945205479452,284.0,anomaly_detection,isolation_forest,isolation_forest,raw,f1,0.1176470588235294,0.1176470588235294,0.0,0.0,SUCCESS,higher_better,0.0,0.0
E5_DT300_PD00_SEED42,300,0.0,149.2945205479452,284.0,anomaly_detection,isolation_forest,isolation_forest,raw,false_positive_rate,0.0438946528332003,0.0438946528332003,0.0,0.0,SUCCESS,lower_better,0.0,0.0
E5_DT300_PD00_SEED42,300,0.0,149.2945205479452,284.0,anomaly_detection,isolation_forest,isolation_forest,raw,pr_auc,0.09385708598261,0.09385708598261,0.0,0.0,SUCCESS,higher_better,0.0,0.0
E5_DT300_PD00_SEED42,300,0.0,149.2945205479452,284.0,anomaly_detection,isolation_forest,isolation_forest,raw,roc_auc,0.7138596875695052,0.7138596875695052,0.0,0.0,SUCCESS,higher_better,0.0,0.0
E5_DT300_PD00_SEED42,300,0.0,149.2945205479452,284.0,anomaly_detection,isolation_forest,isolation_forest,raw,detection_latency,3.2459016393442623,3.2459016393442623,0.0,0.0,SUCCESS,lower_better,0.0,0.0
E5_DT300_PD00_SEED42,300,0.0,149.2945205479452,284.0,anomaly_detection,isolation_forest,isolation_forest,raw,threshold,0.5031683371451802,0.5031683371451802,0.0,0.0,SUCCESS,lower_better,0.0,0.0
E5_DT300_PD00_SEED42,300,0.0,149.2945205479452,284.0,anomaly_detection,isolation_forest,isolation_forest,residual,precision,0.0464231354642313,0.0464231354642313,0.0,0.0,SUCCESS,higher_better,0.0,0.0
E5_DT300_PD00_SEED42,300,0.0,149.2945205479452,284.0,anomaly_detection,isolation_forest,isolation_forest,residual,recall,1.0,1.0,0.0,0.0,SUCCESS,higher_better,0.0,0.0
E5_DT300_PD00_SEED42,300,0.0,149.2945205479452,284.0,anomaly_detection,isolation_forest,isolation_forest,residual,f1,0.0887272727272727,0.0887272727272727,0.0,0.0,SUCCESS,higher_better,0.0,0.0
E5_DT300_PD00_SEED42,300,0.0,149.2945205479452,284.0,anomaly_detection,isolation_forest,isolation_forest,residual,false_positive_rate,1.0,1.0,0.0,0.0,SUCCESS,lower_better,0.0,0.0
E5_DT300_PD00_SEED42,300,0.0,149.2945205479452,284.0,anomaly_detection,isolation_forest,isolation_forest,residual,pr_auc,0.0511658406769615,1.0,-0.9488341593230384,0.9488341593230384,SUCCESS,higher_better,0.9488341593230385,0.9488341593230385
E5_DT300_PD00_SEED42,300,0.0,149.2945205479452,284.0,anomaly_detection,isolation_forest,isolation_forest,residual,roc_auc,0.5534487721272224,1.0,-0.4465512278727775,0.4465512278727775,SUCCESS,higher_better,0.44655122787277757,0.44655122787277757
E5_DT300_PD00_SEED42,300,0.0,149.2945205479452,284.0,anomaly_detection,isolation_forest,isolation_forest,residual,detection_latency,0.0,0.0,0.0,0.0,SUCCESS,lower_better,0.0,0.0
E5_DT300_PD00_SEED42,300,0.0,149.2945205479452,284.0,anomaly_detection,isolation_forest,isolation_forest,residual,threshold,0.2937656541960819,0.2937656541960819,0.0,0.0,SUCCESS,lower_better,0.0,0.0
E5_DT300_PD00_SEED42,300,0.0,149.2945205479452,284.0,anomaly_detection,lstm_autoencoder,lstm_autoencoder,raw,precision,0.4982578397212543,0.4982578397212543,0.0,0.0,SUCCESS,higher_better,0.0,0.0
E5_DT300_PD00_SEED42,300,0.0,149.2945205479452,284.0,anomaly_detection,lstm_autoencoder,lstm_autoencoder,raw,recall,0.5860655737704918,0.5860655737704918,0.0,0.0,SUCCESS,higher_better,0.0,0.0
E5_DT300_PD00_SEED42,300,0.0,149.2945205479452,284.0,anomaly_detection,lstm_autoencoder,lstm_autoencoder,raw,f1,0.5386064030131827,0.5386064030131827,0.0,0.0,SUCCESS,higher_better,0.0,0.0
E5_DT300_PD00_SEED42,300,0.0,149.2945205479452,284.0,anomaly_detection,lstm_autoencoder,lstm_autoencoder,raw,false_positive_rate,0.028731045490822,0.028731045490822,0.0,0.0,SUCCESS,lower_better,0.0,0.0
E5_DT300_PD00_SEED42,300,0.0,149.2945205479452,284.0,anomaly_detection,lstm_autoencoder,lstm_autoencoder,raw,pr_auc,0.561001698584242,0.561001698584242,0.0,0.0,SUCCESS,higher_better,0.0,0.0
E5_DT300_PD00_SEED42,300,0.0,149.2945205479452,284.0,anomaly_detection,lstm_autoencoder,lstm_autoencoder,raw,roc_auc,0.9493396177043946,0.9493396177043946,0.0,0.0,SUCCESS,higher_better,0.0,0.0
E5_DT300_PD00_SEED42,300,0.0,149.2945205479452,284.0,anomaly_detection,lstm_autoencoder,lstm_autoencoder,raw,detection_latency,1.3442622950819672,1.3442622950819672,0.0,0.0,SUCCESS,lower_better,0.0,0.0
E5_DT300_PD00_SEED42,300,0.0,149.2945205479452,284.0,anomaly_detection,lstm_autoencoder,lstm_autoencoder,raw,threshold,0.0007370078528765,0.0007370078528765,0.0,0.0,SUCCESS,lower_better,0.0,0.0
E5_DT300_PD00_SEED42,300,0.0,149.2945205479452,284.0,anomaly_detection,lstm_autoencoder,lstm_autoencoder,residual,precision,0.04657377362092,0.9568627450980391,-0.9102889714771192,0.9513265890437106,SUCCESS,higher_better,0.9102889714771192,0.9513265890437107
E5_DT300_PD00_SEED42,300,0.0,149.2945205479452,284.0,anomaly_detection,lstm_autoencoder,lstm_autoencoder,residual,recall,1.0,1.0,0.0,0.0,SUCCESS,higher_better,0.0,0.0
E5_DT300_PD00_SEED42,300,0.0,149.2945205479452,284.0,anomaly_detection,lstm_autoencoder,lstm_autoencoder,residual,f1,0.0890023709648002,0.9779559118236472,-0.8889535408588469,0.9089914280503374,SUCCESS,higher_better,0.8889535408588469,0.9089914280503375
E5_DT300_PD00_SEED42,300,0.0,149.2945205479452,284.0,anomaly_detection,lstm_autoencoder,lstm_autoencoder,residual,false_positive_rate,0.996608140462889,0.00219473264166,0.994413407821229,453.09090909090907,SUCCESS,lower_better,0.994413407821229,453.09090909091236
E5_DT300_PD00_SEED42,300,0.0,149.2945205479452,284.0,anomaly_detection,lstm_autoencoder,lstm_autoencoder,residual,pr_auc,0.095652044074024,1.0,-0.904347955925976,0.904347955925976,SUCCESS,higher_better,0.9043479559259759,0.9043479559259759
E5_DT300_PD00_SEED42,300,0.0,149.2945205479452,284.0,anomaly_detection,lstm_autoencoder,lstm_autoencoder,residual,roc_auc,0.6196063872934466,1.0,-0.3803936127065533,0.3803936127065533,SUCCESS,higher_better,0.38039361270655336,0.38039361270655336
E5_DT300_PD00_SEED42,300,0.0,149.2945205479452,284.0,anomaly_detection,lstm_autoencoder,lstm_autoencoder,residual,detection_latency,0.0,0.0,0.0,0.0,SUCCESS,lower_better,0.0,0.0
E5_DT300_PD00_SEED42,300,0.0,149.2945205479452,284.0,anomaly_detection,lstm_autoencoder,lstm_autoencoder,residual,threshold,0.0003816792741417,0.0003816792741417,0.0,0.0,SUCCESS,lower_better,0.0,0.0
E5_DT300_PD05_SEED42,300,0.05,149.30165525114154,284.0,load_estimation,persistence,,raw,mae,2.44760069790859,0.4591450760399007,1.9884556218686893,4.330778496023528,SUCCESS,lower_better,1.9884556218686893,4.330778496023528
E5_DT300_PD05_SEED42,300,0.05,149.30165525114154,284.0,load_estimation,persistence,,raw,rmse,3.1684142497614,0.630307824152761,2.538106425608639,4.026772837573891,SUCCESS,lower_better,2.538106425608639,4.026772837573891
E5_DT300_PD05_SEED42,300,0.05,149.30165525114154,284.0,load_estimation,persistence,,raw,mape,79.22532657950369,14.73210135971861,64.49322521978507,4.377734285492108,SUCCESS,lower_better,64.49322521978507,4.377734285492108
E5_DT300_PD05_SEED42,300,0.05,149.30165525114154,284.0,load_estimation,persistence,,raw,r2,-0.8536361880950674,0.9266422537549912,-1.7802784418500583,-1.9212144003102765,SUCCESS,lower_better,-1.7802784418500586,-1.9212144003102767
E5_DT300_PD05_SEED42,300,0.05,149.30165525114154,284.0,load_estimation,xgboost,,raw,mae,1.8834739923930783,0.2734339335193372,1.6100400588737414,5.888223301881729,SUCCESS,lower_better,1.6100400588737411,5.88822330188173
E5_DT300_PD05_SEED42,300,0.05,149.30165525114154,284.0,load_estimation,xgboost,,raw,rmse,2.4421369293292616,0.4129930382953352,2.0291438910339266,4.913264154304865,SUCCESS,lower_better,2.0291438910339266,4.913264154304865
E5_DT300_PD05_SEED42,300,0.05,149.30165525114154,284.0,load_estimation,xgboost,,raw,mape,61.05538802353855,9.063484965162122,51.99190305837642,5.736414112035373,SUCCESS,lower_better,51.99190305837642,5.736414112035373
E5_DT300_PD05_SEED42,300,0.05,149.30165525114154,284.0,load_estimation,xgboost,,raw,r2,-0.1012365209619887,0.9685061288962542,-1.069742649858243,-1.1045285289803604,SUCCESS,lower_better,-1.069742649858243,-1.1045285289803604
E5_DT300_PD05_SEED42,300,0.05,149.30165525114154,284.0,load_estimation,lstm,,raw,mae,1.8241038770309352,0.2759301433503092,1.548173733680626,5.610745222986131,SUCCESS,lower_better,1.548173733680626,5.610745222986132
E5_DT300_PD05_SEED42,300,0.05,149.30165525114154,284.0,load_estimation,lstm,,raw,rmse,2.279574647909198,0.4230368621902369,1.856537785718961,4.388595774152864,SUCCESS,lower_better,1.856537785718961,4.388595774152864
E5_DT300_PD05_SEED42,300,0.05,149.30165525114154,284.0,load_estimation,lstm,,raw,mape,60.02009311561609,8.95040488214452,51.06968823347157,5.70585229449813,SUCCESS,lower_better,51.069688233471574,5.70585229449813
E5_DT300_PD05_SEED42,300,0.05,149.30165525114154,284.0,load_estimation,lstm,,raw,r2,0.0431066134006444,0.9670456810550092,-0.9239390676543648,-0.9554244290159934,SUCCESS,lower_better,-0.9239390676543648,-0.9554244290159936
E5_DT300_PD05_SEED42,300,0.05,149.30165525114154,284.0,anomaly_detection,isolation_forest,isolation_forest,raw,precision,0.1164658634538152,0.1164658634538152,0.0,0.0,SUCCESS,higher_better,0.0,0.0
E5_DT300_PD05_SEED42,300,0.05,149.30165525114154,284.0,anomaly_detection,isolation_forest,isolation_forest,raw,recall,0.1188524590163934,0.1188524590163934,0.0,0.0,SUCCESS,higher_better,0.0,0.0
E5_DT300_PD05_SEED42,300,0.05,149.30165525114154,284.0,anomaly_detection,isolation_forest,isolation_forest,raw,f1,0.1176470588235294,0.1176470588235294,0.0,0.0,SUCCESS,higher_better,0.0,0.0
E5_DT300_PD05_SEED42,300,0.05,149.30165525114154,284.0,anomaly_detection,isolation_forest,isolation_forest,raw,false_positive_rate,0.0438946528332003,0.0438946528332003,0.0,0.0,SUCCESS,lower_better,0.0,0.0
E5_DT300_PD05_SEED42,300,0.05,149.30165525114154,284.0,anomaly_detection,isolation_forest,isolation_forest,raw,pr_auc,0.09385708598261,0.09385708598261,0.0,0.0,SUCCESS,higher_better,0.0,0.0
E5_DT300_PD05_SEED42,300,0.05,149.30165525114154,284.0,anomaly_detection,isolation_forest,isolation_forest,raw,roc_auc,0.7138596875695052,0.7138596875695052,0.0,0.0,SUCCESS,higher_better,0.0,0.0
E5_DT300_PD05_SEED42,300,0.05,149.30165525114154,284.0,anomaly_detection,isolation_forest,isolation_forest,raw,detection_latency,3.2459016393442623,3.2459016393442623,0.0,0.0,SUCCESS,lower_better,0.0,0.0
E5_DT300_PD05_SEED42,300,0.05,149.30165525114154,284.0,anomaly_detection,isolation_forest,isolation_forest,raw,threshold,0.5031683371451802,0.5031683371451802,0.0,0.0,SUCCESS,lower_better,0.0,0.0
E5_DT300_PD05_SEED42,300,0.05,149.30165525114154,284.0,anomaly_detection,isolation_forest,isolation_forest,residual,precision,0.0464231354642313,0.0464231354642313,0.0,0.0,SUCCESS,higher_better,0.0,0.0
E5_DT300_PD05_SEED42,300,0.05,149.30165525114154,284.0,anomaly_detection,isolation_forest,isolation_forest,residual,recall,1.0,1.0,0.0,0.0,SUCCESS,higher_better,0.0,0.0
E5_DT300_PD05_SEED42,300,0.05,149.30165525114154,284.0,anomaly_detection,isolation_forest,isolation_forest,residual,f1,0.0887272727272727,0.0887272727272727,0.0,0.0,SUCCESS,higher_better,0.0,0.0
E5_DT300_PD05_SEED42,300,0.05,149.30165525114154,284.0,anomaly_detection,isolation_forest,isolation_forest,residual,false_positive_rate,1.0,1.0,0.0,0.0,SUCCESS,lower_better,0.0,0.0
E5_DT300_PD05_SEED42,300,0.05,149.30165525114154,284.0,anomaly_detection,isolation_forest,isolation_forest,residual,pr_auc,0.0461082167032119,1.0,-0.953891783296788,0.953891783296788,SUCCESS,higher_better,0.9538917832967881,0.9538917832967881
E5_DT300_PD05_SEED42,300,0.05,149.30165525114154,284.0,anomaly_detection,isolation_forest,isolation_forest,residual,roc_auc,0.5173894129499038,1.0,-0.4826105870500962,0.4826105870500962,SUCCESS,higher_better,0.4826105870500962,0.4826105870500962
E5_DT300_PD05_SEED42,300,0.05,149.30165525114154,284.0,anomaly_detection,isolation_forest,isolation_forest,residual,detection_latency,0.0,0.0,0.0,0.0,SUCCESS,lower_better,0.0,0.0
E5_DT300_PD05_SEED42,300,0.05,149.30165525114154,284.0,anomaly_detection,isolation_forest,isolation_forest,residual,threshold,0.2937656541960819,0.2937656541960819,0.0,0.0,SUCCESS,lower_better,0.0,0.0
E5_DT300_PD05_SEED42,300,0.05,149.30165525114154,284.0,anomaly_detection,lstm_autoencoder,lstm_autoencoder,raw,precision,0.4982578397212543,0.4982578397212543,0.0,0.0,SUCCESS,higher_better,0.0,0.0
E5_DT300_PD05_SEED42,300,0.05,149.30165525114154,284.0,anomaly_detection,lstm_autoencoder,lstm_autoencoder,raw,recall,0.5860655737704918,0.5860655737704918,0.0,0.0,SUCCESS,higher_better,0.0,0.0
E5_DT300_PD05_SEED42,300,0.05,149.30165525114154,284.0,anomaly_detection,lstm_autoencoder,lstm_autoencoder,raw,f1,0.5386064030131827,0.5386064030131827,0.0,0.0,SUCCESS,higher_better,0.0,0.0
E5_DT300_PD05_SEED42,300,0.05,149.30165525114154,284.0,anomaly_detection,lstm_autoencoder,lstm_autoencoder,raw,false_positive_rate,0.028731045490822,0.028731045490822,0.0,0.0,SUCCESS,lower_better,0.0,0.0
E5_DT300_PD05_SEED42,300,0.05,149.30165525114154,284.0,anomaly_detection,lstm_autoencoder,lstm_autoencoder,raw,pr_auc,0.561001698584242,0.561001698584242,0.0,0.0,SUCCESS,higher_better,0.0,0.0
E5_DT300_PD05_SEED42,300,0.05,149.30165525114154,284.0,anomaly_detection,lstm_autoencoder,lstm_autoencoder,raw,roc_auc,0.9493396177043946,0.9493396177043946,0.0,0.0,SUCCESS,higher_better,0.0,0.0
E5_DT300_PD05_SEED42,300,0.05,149.30165525114154,284.0,anomaly_detection,lstm_autoencoder,lstm_autoencoder,raw,detection_latency,1.3442622950819672,1.3442622950819672,0.0,0.0,SUCCESS,lower_better,0.0,0.0
E5_DT300_PD05_SEED42,300,0.05,149.30165525114154,284.0,anomaly_detection,lstm_autoencoder,lstm_autoencoder,raw,threshold,0.0007370078528765,0.0007370078528765,0.0,0.0,SUCCESS,lower_better,0.0,0.0
E5_DT300_PD05_SEED42,300,0.05,149.30165525114154,284.0,anomaly_detection,lstm_autoencoder,lstm_autoencoder,residual,precision,0.0465560007632131,0.9568627450980391,-0.9103067443348262,0.951345163136806,SUCCESS,higher_better,0.9103067443348261,0.951345163136806
E5_DT300_PD05_SEED42,300,0.05,149.30165525114154,284.0,anomaly_detection,lstm_autoencoder,lstm_autoencoder,residual,recall,1.0,1.0,0.0,0.0,SUCCESS,higher_better,0.0,0.0
E5_DT300_PD05_SEED42,300,0.05,149.30165525114154,284.0,anomaly_detection,lstm_autoencoder,lstm_autoencoder,residual,f1,0.0889699179580674,0.9779559118236472,-0.8889859938655799,0.9090246125797632,SUCCESS,higher_better,0.8889859938655797,0.909024612579763
E5_DT300_PD05_SEED42,300,0.05,149.30165525114154,284.0,anomaly_detection,lstm_autoencoder,lstm_autoencoder,residual,false_positive_rate,0.9970071827613728,0.00219473264166,0.9948124501197126,453.27272727272725,SUCCESS,lower_better,0.9948124501197128,453.2727272727306
E5_DT300_PD05_SEED42,300,0.05,149.30165525114154,284.0,anomaly_detection,lstm_autoencoder,lstm_autoencoder,residual,pr_auc,0.0923353951965931,1.0,-0.9076646048034068,0.9076646048034068,SUCCESS,higher_better,0.9076646048034069,0.9076646048034069
E5_DT300_PD05_SEED42,300,0.05,149.30165525114154,284.0,anomaly_detection,lstm_autoencoder,lstm_autoencoder,residual,roc_auc,0.5848218374262426,1.0,-0.4151781625737574,0.4151781625737574,SUCCESS,higher_better,0.4151781625737574,0.4151781625737574
E5_DT300_PD05_SEED42,300,0.05,149.30165525114154,284.0,anomaly_detection,lstm_autoencoder,lstm_autoencoder,residual,detection_latency,0.0,0.0,0.0,0.0,SUCCESS,lower_better,0.0,0.0
E5_DT300_PD05_SEED42,300,0.05,149.30165525114154,284.0,anomaly_detection,lstm_autoencoder,lstm_autoencoder,residual,threshold,0.0003816792741417,0.0003816792741417,0.0,0.0,SUCCESS,lower_better,0.0,0.0
E5_DT300_PD10_SEED42,300,0.1,149.31732305936072,284.04999999999563,load_estimation,persistence,,raw,mae,2.4748482302035373,0.4591450760399007,2.0157031541636368,4.390122554615979,SUCCESS,lower_better,2.0157031541636368,4.390122554615979
E5_DT300_PD10_SEED42,300,0.1,149.31732305936072,284.04999999999563,load_estimation,persistence,,raw,rmse,3.15295314096474,0.630307824152761,2.5226453168119787,4.002243380371861,SUCCESS,lower_better,2.522645316811979,4.002243380371862
E5_DT300_PD10_SEED42,300,0.1,149.31732305936072,284.04999999999563,load_estimation,persistence,,raw,mape,82.38192373039603,14.73210135971861,67.64982237067741,4.59200087746135,SUCCESS,lower_better,67.64982237067741,4.59200087746135
E5_DT300_PD10_SEED42,300,0.1,149.31732305936072,284.04999999999563,load_estimation,persistence,,raw,r2,-0.8355897185973236,0.9266422537549912,-1.7622319723523143,-1.9017392798691195,SUCCESS,lower_better,-1.7622319723523148,-1.9017392798691193
E5_DT300_PD10_SEED42,300,0.1,149.31732305936072,284.04999999999563,load_estimation,xgboost,,raw,mae,1.9286227176586788,0.2734339335193372,1.6551887841393416,6.0533407936447166,SUCCESS,lower_better,1.6551887841393416,6.053340793644717
E5_DT300_PD10_SEED42,300,0.1,149.31732305936072,284.04999999999563,load_estimation,xgboost,,raw,rmse,2.490935874744295,0.4129930382953352,2.07794283644896,5.031423398868539,SUCCESS,lower_better,2.07794283644896,5.031423398868539
E5_DT300_PD10_SEED42,300,0.1,149.31732305936072,284.04999999999563,load_estimation,xgboost,,raw,mape,65.53745524076776,9.063484965162122,56.47397027560564,6.23093329913142,SUCCESS,lower_better,56.47397027560564,6.2309332991314195
E5_DT300_PD10_SEED42,300,0.1,149.31732305936072,284.04999999999563,load_estimation,xgboost,,raw,r2,-0.1456861914111686,0.9685061288962542,-1.1141923203074229,-1.150423613299379,SUCCESS,lower_better,-1.1141923203074229,-1.150423613299379
E5_DT300_PD10_SEED42,300,0.1,149.31732305936072,284.04999999999563,load_estimation,lstm,,raw,mae,1.840607381564081,0.2759301433503092,1.5646772382137724,5.670555667516631,SUCCESS,lower_better,1.564677238213772,5.67055566751663
E5_DT300_PD10_SEED42,300,0.1,149.31732305936072,284.04999999999563,load_estimation,lstm,,raw,rmse,2.322001791069221,0.4230368621902369,1.898964928878984,4.48888760910162,SUCCESS,lower_better,1.898964928878984,4.48888760910162
E5_DT300_PD10_SEED42,300,0.1,149.31732305936072,284.04999999999563,load_estimation,lstm,,raw,mape,59.83106743972931,8.95040488214452,50.88066255758479,5.684733062644845,SUCCESS,lower_better,50.88066255758479,5.684733062644845
E5_DT300_PD10_SEED42,300,0.1,149.31732305936072,284.04999999999563,load_estimation,lstm,,raw,r2,0.0071559965552966,0.9670456810550092,-0.9598896844997126,-0.9926001463059224,SUCCESS,lower_better,-0.9598896844997126,-0.9926001463059224
E5_DT300_PD10_SEED42,300,0.1,149.31732305936072,284.04999999999563,anomaly_detection,isolation_forest,isolation_forest,raw,precision,0.1164658634538152,0.1164658634538152,0.0,0.0,SUCCESS,higher_better,0.0,0.0
E5_DT300_PD10_SEED42,300,0.1,149.31732305936072,284.04999999999563,anomaly_detection,isolation_forest,isolation_forest,raw,recall,0.1188524590163934,0.1188524590163934,0.0,0.0,SUCCESS,higher_better,0.0,0.0
E5_DT300_PD10_SEED42,300,0.1,149.31732305936072,284.04999999999563,anomaly_detection,isolation_forest,isolation_forest,raw,f1,0.1176470588235294,0.1176470588235294,0.0,0.0,SUCCESS,higher_better,0.0,0.0
E5_DT300_PD10_SEED42,300,0.1,149.31732305936072,284.04999999999563,anomaly_detection,isolation_forest,isolation_forest,raw,false_positive_rate,0.0438946528332003,0.0438946528332003,0.0,0.0,SUCCESS,lower_better,0.0,0.0
E5_DT300_PD10_SEED42,300,0.1,149.31732305936072,284.04999999999563,anomaly_detection,isolation_forest,isolation_forest,raw,pr_auc,0.09385708598261,0.09385708598261,0.0,0.0,SUCCESS,higher_better,0.0,0.0
E5_DT300_PD10_SEED42,300,0.1,149.31732305936072,284.04999999999563,anomaly_detection,isolation_forest,isolation_forest,raw,roc_auc,0.7138596875695052,0.7138596875695052,0.0,0.0,SUCCESS,higher_better,0.0,0.0
E5_DT300_PD10_SEED42,300,0.1,149.31732305936072,284.04999999999563,anomaly_detection,isolation_forest,isolation_forest,raw,detection_latency,3.2459016393442623,3.2459016393442623,0.0,0.0,SUCCESS,lower_better,0.0,0.0
E5_DT300_PD10_SEED42,300,0.1,149.31732305936072,284.04999999999563,anomaly_detection,isolation_forest,isolation_forest,raw,threshold,0.5031683371451802,0.5031683371451802,0.0,0.0,SUCCESS,lower_better,0.0,0.0
E5_DT300_PD10_SEED42,300,0.1,149.31732305936072,284.04999999999563,anomaly_detection,isolation_forest,isolation_forest,residual,precision,0.0464231354642313,0.0464231354642313,0.0,0.0,SUCCESS,higher_better,0.0,0.0
E5_DT300_PD10_SEED42,300,0.1,149.31732305936072,284.04999999999563,anomaly_detection,isolation_forest,isolation_forest,residual,recall,1.0,1.0,0.0,0.0,SUCCESS,higher_better,0.0,0.0
E5_DT300_PD10_SEED42,300,0.1,149.31732305936072,284.04999999999563,anomaly_detection,isolation_forest,isolation_forest,residual,f1,0.0887272727272727,0.0887272727272727,0.0,0.0,SUCCESS,higher_better,0.0,0.0
E5_DT300_PD10_SEED42,300,0.1,149.31732305936072,284.04999999999563,anomaly_detection,isolation_forest,isolation_forest,residual,false_positive_rate,1.0,1.0,0.0,0.0,SUCCESS,lower_better,0.0,0.0
E5_DT300_PD10_SEED42,300,0.1,149.31732305936072,284.04999999999563,anomaly_detection,isolation_forest,isolation_forest,residual,pr_auc,0.0449780873803033,1.0,-0.9550219126196968,0.9550219126196968,SUCCESS,higher_better,0.9550219126196967,0.9550219126196967
E5_DT300_PD10_SEED42,300,0.1,149.31732305936072,284.04999999999563,anomaly_detection,isolation_forest,isolation_forest,residual,roc_auc,0.5071181623120904,1.0,-0.4928818376879096,0.4928818376879096,SUCCESS,higher_better,0.4928818376879096,0.4928818376879096
E5_DT300_PD10_SEED42,300,0.1,149.31732305936072,284.04999999999563,anomaly_detection,isolation_forest,isolation_forest,residual,detection_latency,0.0,0.0,0.0,0.0,SUCCESS,lower_better,0.0,0.0
E5_DT300_PD10_SEED42,300,0.1,149.31732305936072,284.04999999999563,anomaly_detection,isolation_forest,isolation_forest,residual,threshold,0.2937656541960819,0.2937656541960819,0.0,0.0,SUCCESS,lower_better,0.0,0.0
E5_DT300_PD10_SEED42,300,0.1,149.31732305936072,284.04999999999563,anomaly_detection,lstm_autoencoder,lstm_autoencoder,raw,precision,0.4982578397212543,0.4982578397212543,0.0,0.0,SUCCESS,higher_better,0.0,0.0
E5_DT300_PD10_SEED42,300,0.1,149.31732305936072,284.04999999999563,anomaly_detection,lstm_autoencoder,lstm_autoencoder,raw,recall,0.5860655737704918,0.5860655737704918,0.0,0.0,SUCCESS,higher_better,0.0,0.0
E5_DT300_PD10_SEED42,300,0.1,149.31732305936072,284.04999999999563,anomaly_detection,lstm_autoencoder,lstm_autoencoder,raw,f1,0.5386064030131827,0.5386064030131827,0.0,0.0,SUCCESS,higher_better,0.0,0.0
E5_DT300_PD10_SEED42,300,0.1,149.31732305936072,284.04999999999563,anomaly_detection,lstm_autoencoder,lstm_autoencoder,raw,false_positive_rate,0.028731045490822,0.028731045490822,0.0,0.0,SUCCESS,lower_better,0.0,0.0
E5_DT300_PD10_SEED42,300,0.1,149.31732305936072,284.04999999999563,anomaly_detection,lstm_autoencoder,lstm_autoencoder,raw,pr_auc,0.561001698584242,0.561001698584242,0.0,0.0,SUCCESS,higher_better,0.0,0.0
E5_DT300_PD10_SEED42,300,0.1,149.31732305936072,284.04999999999563,anomaly_detection,lstm_autoencoder,lstm_autoencoder,raw,roc_auc,0.9493396177043946,0.9493396177043946,0.0,0.0,SUCCESS,higher_better,0.0,0.0
E5_DT300_PD10_SEED42,300,0.1,149.31732305936072,284.04999999999563,anomaly_detection,lstm_autoencoder,lstm_autoencoder,raw,detection_latency,1.3442622950819672,1.3442622950819672,0.0,0.0,SUCCESS,lower_better,0.0,0.0
E5_DT300_PD10_SEED42,300,0.1,149.31732305936072,284.04999999999563,anomaly_detection,lstm_autoencoder,lstm_autoencoder,raw,threshold,0.0007370078528765,0.0007370078528765,0.0,0.0,SUCCESS,lower_better,0.0,0.0
E5_DT300_PD10_SEED42,300,0.1,149.31732305936072,284.04999999999563,anomaly_detection,lstm_autoencoder,lstm_autoencoder,residual,precision,0.04657377362092,0.9568627450980391,-0.9102889714771192,0.9513265890437106,SUCCESS,higher_better,0.9102889714771192,0.9513265890437107
E5_DT300_PD10_SEED42,300,0.1,149.31732305936072,284.04999999999563,anomaly_detection,lstm_autoencoder,lstm_autoencoder,residual,recall,1.0,1.0,0.0,0.0,SUCCESS,higher_better,0.0,0.0
E5_DT300_PD10_SEED42,300,0.1,149.31732305936072,284.04999999999563,anomaly_detection,lstm_autoencoder,lstm_autoencoder,residual,f1,0.0890023709648002,0.9779559118236472,-0.8889535408588469,0.9089914280503374,SUCCESS,higher_better,0.8889535408588469,0.9089914280503375
E5_DT300_PD10_SEED42,300,0.1,149.31732305936072,284.04999999999563,anomaly_detection,lstm_autoencoder,lstm_autoencoder,residual,false_positive_rate,0.996608140462889,0.00219473264166,0.994413407821229,453.09090909090907,SUCCESS,lower_better,0.994413407821229,453.09090909091236
E5_DT300_PD10_SEED42,300,0.1,149.31732305936072,284.04999999999563,anomaly_detection,lstm_autoencoder,lstm_autoencoder,residual,pr_auc,0.1149995452800743,1.0,-0.8850004547199257,0.8850004547199257,SUCCESS,higher_better,0.8850004547199257,0.8850004547199257
E5_DT300_PD10_SEED42,300,0.1,149.31732305936072,284.04999999999563,anomaly_detection,lstm_autoencoder,lstm_autoencoder,residual,roc_auc,0.6025358810984783,1.0,-0.3974641189015216,0.3974641189015216,SUCCESS,higher_better,0.39746411890152167,0.39746411890152167
E5_DT300_PD10_SEED42,300,0.1,149.31732305936072,284.04999999999563,anomaly_detection,lstm_autoencoder,lstm_autoencoder,residual,detection_latency,0.0,0.0,0.0,0.0,SUCCESS,lower_better,0.0,0.0
E5_DT300_PD10_SEED42,300,0.1,149.31732305936072,284.04999999999563,anomaly_detection,lstm_autoencoder,lstm_autoencoder,residual,threshold,0.0003816792741417,0.0003816792741417,0.0,0.0,SUCCESS,lower_better,0.0,0.0
E5_DT300_PD20_SEED42,300,0.2,149.3620719178082,285.0,load_estimation,persistence,,raw,mae,2.5345082718487744,0.4591450760399007,2.075363195808874,4.520059789617608,SUCCESS,lower_better,2.075363195808874,4.520059789617608
E5_DT300_PD20_SEED42,300,0.2,149.3620719178082,285.0,load_estimation,persistence,,raw,rmse,3.2543033571172257,0.630307824152761,2.623995532964465,4.163038173437801,SUCCESS,lower_better,2.623995532964465,4.163038173437801
E5_DT300_PD20_SEED42,300,0.2,149.3620719178082,285.0,load_estimation,persistence,,raw,mape,85.44861354939036,14.73210135971861,70.71651218967175,4.8001646515295535,SUCCESS,lower_better,70.71651218967175,4.8001646515295535
E5_DT300_PD20_SEED42,300,0.2,149.3620719178082,285.0,load_estimation,persistence,,raw,r2,-0.955494740648565,0.9266422537549912,-1.882136994403556,-2.031136597512855,SUCCESS,lower_better,-1.8821369944035562,-2.031136597512855
E5_DT300_PD20_SEED42,300,0.2,149.3620719178082,285.0,load_estimation,xgboost,,raw,mae,1.9217800605514823,0.2734339335193372,1.6483461270321451,6.028315892678236,SUCCESS,lower_better,1.6483461270321451,6.028315892678237
E5_DT300_PD20_SEED42,300,0.2,149.3620719178082,285.0,load_estimation,xgboost,,raw,rmse,2.479220503761423,0.4129930382953352,2.066227465466088,5.00305640500533,SUCCESS,lower_better,2.066227465466088,5.00305640500533
E5_DT300_PD20_SEED42,300,0.2,149.3620719178082,285.0,load_estimation,xgboost,,raw,mape,64.7746388128392,9.063484965162122,55.71115384767708,6.146769599311688,SUCCESS,lower_better,55.71115384767708,6.146769599311688
E5_DT300_PD20_SEED42,300,0.2,149.3620719178082,285.0,load_estimation,xgboost,,raw,r2,-0.1349347502417028,0.9685061288962542,-1.103440879137957,-1.1393225568902487,SUCCESS,lower_better,-1.103440879137957,-1.1393225568902487
E5_DT300_PD20_SEED42,300,0.2,149.3620719178082,285.0,load_estimation,lstm,,raw,mae,1.851627462183156,0.2759301433503092,1.5756973188328465,5.710493604290299,SUCCESS,lower_better,1.575697318832847,5.710493604290303
E5_DT300_PD20_SEED42,300,0.2,149.3620719178082,285.0,load_estimation,lstm,,raw,rmse,2.325147344367812,0.4230368621902369,1.902110482177575,4.496323257338762,SUCCESS,lower_better,1.902110482177575,4.496323257338762
E5_DT300_PD20_SEED42,300,0.2,149.3620719178082,285.0,load_estimation,lstm,,raw,mape,59.52588344855144,8.95040488214452,50.57547856640692,5.650635835179003,SUCCESS,lower_better,50.57547856640692,5.650635835179003
E5_DT300_PD20_SEED42,300,0.2,149.3620719178082,285.0,load_estimation,lstm,,raw,r2,0.0044642164768636,0.9670456810550092,-0.9625814645781456,-0.9953836550182475,SUCCESS,lower_better,-0.9625814645781456,-0.9953836550182477
E5_DT300_PD20_SEED42,300,0.2,149.3620719178082,285.0,anomaly_detection,isolation_forest,isolation_forest,raw,precision,0.1164658634538152,0.1164658634538152,0.0,0.0,SUCCESS,higher_better,0.0,0.0
E5_DT300_PD20_SEED42,300,0.2,149.3620719178082,285.0,anomaly_detection,isolation_forest,isolation_forest,raw,recall,0.1188524590163934,0.1188524590163934,0.0,0.0,SUCCESS,higher_better,0.0,0.0
E5_DT300_PD20_SEED42,300,0.2,149.3620719178082,285.0,anomaly_detection,isolation_forest,isolation_forest,raw,f1,0.1176470588235294,0.1176470588235294,0.0,0.0,SUCCESS,higher_better,0.0,0.0
E5_DT300_PD20_SEED42,300,0.2,149.3620719178082,285.0,anomaly_detection,isolation_forest,isolation_forest,raw,false_positive_rate,0.0438946528332003,0.0438946528332003,0.0,0.0,SUCCESS,lower_better,0.0,0.0
E5_DT300_PD20_SEED42,300,0.2,149.3620719178082,285.0,anomaly_detection,isolation_forest,isolation_forest,raw,pr_auc,0.09385708598261,0.09385708598261,0.0,0.0,SUCCESS,higher_better,0.0,0.0
E5_DT300_PD20_SEED42,300,0.2,149.3620719178082,285.0,anomaly_detection,isolation_forest,isolation_forest,raw,roc_auc,0.7138596875695052,0.7138596875695052,0.0,0.0,SUCCESS,higher_better,0.0,0.0
E5_DT300_PD20_SEED42,300,0.2,149.3620719178082,285.0,anomaly_detection,isolation_forest,isolation_forest,raw,detection_latency,3.2459016393442623,3.2459016393442623,0.0,0.0,SUCCESS,lower_better,0.0,0.0
E5_DT300_PD20_SEED42,300,0.2,149.3620719178082,285.0,anomaly_detection,isolation_forest,isolation_forest,raw,threshold,0.5031683371451802,0.5031683371451802,0.0,0.0,SUCCESS,lower_better,0.0,0.0
E5_DT300_PD20_SEED42,300,0.2,149.3620719178082,285.0,anomaly_detection,isolation_forest,isolation_forest,residual,precision,0.0464231354642313,0.0464231354642313,0.0,0.0,SUCCESS,higher_better,0.0,0.0
E5_DT300_PD20_SEED42,300,0.2,149.3620719178082,285.0,anomaly_detection,isolation_forest,isolation_forest,residual,recall,1.0,1.0,0.0,0.0,SUCCESS,higher_better,0.0,0.0
E5_DT300_PD20_SEED42,300,0.2,149.3620719178082,285.0,anomaly_detection,isolation_forest,isolation_forest,residual,f1,0.0887272727272727,0.0887272727272727,0.0,0.0,SUCCESS,higher_better,0.0,0.0
E5_DT300_PD20_SEED42,300,0.2,149.3620719178082,285.0,anomaly_detection,isolation_forest,isolation_forest,residual,false_positive_rate,1.0,1.0,0.0,0.0,SUCCESS,lower_better,0.0,0.0
E5_DT300_PD20_SEED42,300,0.2,149.3620719178082,285.0,anomaly_detection,isolation_forest,isolation_forest,residual,pr_auc,0.0383115608936619,1.0,-0.961688439106338,0.961688439106338,SUCCESS,higher_better,0.961688439106338,0.961688439106338
E5_DT300_PD20_SEED42,300,0.2,149.3620719178082,285.0,anomaly_detection,isolation_forest,isolation_forest,residual,roc_auc,0.4414503552130624,1.0,-0.5585496447869376,0.5585496447869376,SUCCESS,higher_better,0.5585496447869376,0.5585496447869376
E5_DT300_PD20_SEED42,300,0.2,149.3620719178082,285.0,anomaly_detection,isolation_forest,isolation_forest,residual,detection_latency,0.0,0.0,0.0,0.0,SUCCESS,lower_better,0.0,0.0
E5_DT300_PD20_SEED42,300,0.2,149.3620719178082,285.0,anomaly_detection,isolation_forest,isolation_forest,residual,threshold,0.2937656541960819,0.2937656541960819,0.0,0.0,SUCCESS,lower_better,0.0,0.0
E5_DT300_PD20_SEED42,300,0.2,149.3620719178082,285.0,anomaly_detection,lstm_autoencoder,lstm_autoencoder,raw,precision,0.4982578397212543,0.4982578397212543,0.0,0.0,SUCCESS,higher_better,0.0,0.0
E5_DT300_PD20_SEED42,300,0.2,149.3620719178082,285.0,anomaly_detection,lstm_autoencoder,lstm_autoencoder,raw,recall,0.5860655737704918,0.5860655737704918,0.0,0.0,SUCCESS,higher_better,0.0,0.0
E5_DT300_PD20_SEED42,300,0.2,149.3620719178082,285.0,anomaly_detection,lstm_autoencoder,lstm_autoencoder,raw,f1,0.5386064030131827,0.5386064030131827,0.0,0.0,SUCCESS,higher_better,0.0,0.0
E5_DT300_PD20_SEED42,300,0.2,149.3620719178082,285.0,anomaly_detection,lstm_autoencoder,lstm_autoencoder,raw,false_positive_rate,0.028731045490822,0.028731045490822,0.0,0.0,SUCCESS,lower_better,0.0,0.0
E5_DT300_PD20_SEED42,300,0.2,149.3620719178082,285.0,anomaly_detection,lstm_autoencoder,lstm_autoencoder,raw,pr_auc,0.561001698584242,0.561001698584242,0.0,0.0,SUCCESS,higher_better,0.0,0.0
E5_DT300_PD20_SEED42,300,0.2,149.3620719178082,285.0,anomaly_detection,lstm_autoencoder,lstm_autoencoder,raw,roc_auc,0.9493396177043946,0.9493396177043946,0.0,0.0,SUCCESS,higher_better,0.0,0.0
E5_DT300_PD20_SEED42,300,0.2,149.3620719178082,285.0,anomaly_detection,lstm_autoencoder,lstm_autoencoder,raw,detection_latency,1.3442622950819672,1.3442622950819672,0.0,0.0,SUCCESS,lower_better,0.0,0.0
E5_DT300_PD20_SEED42,300,0.2,149.3620719178082,285.0,anomaly_detection,lstm_autoencoder,lstm_autoencoder,raw,threshold,0.0007370078528765,0.0007370078528765,0.0,0.0,SUCCESS,lower_better,0.0,0.0
E5_DT300_PD20_SEED42,300,0.2,149.3620719178082,285.0,anomaly_detection,lstm_autoencoder,lstm_autoencoder,residual,precision,0.0465648854961832,0.9568627450980391,-0.910297859601856,0.9513358778625954,SUCCESS,higher_better,0.9102978596018559,0.9513358778625954
E5_DT300_PD20_SEED42,300,0.2,149.3620719178082,285.0,anomaly_detection,lstm_autoencoder,lstm_autoencoder,residual,recall,1.0,1.0,0.0,0.0,SUCCESS,higher_better,0.0,0.0
E5_DT300_PD20_SEED42,300,0.2,149.3620719178082,285.0,anomaly_detection,lstm_autoencoder,lstm_autoencoder,residual,f1,0.0889861415025528,0.9779559118236472,-0.8889697703210944,0.9090080233406272,SUCCESS,higher_better,0.8889697703210944,0.9090080233406274
E5_DT300_PD20_SEED42,300,0.2,149.3620719178082,285.0,anomaly_detection,lstm_autoencoder,lstm_autoencoder,residual,false_positive_rate,0.9968076616121307,0.00219473264166,0.9946129289704708,453.1818181818182,SUCCESS,lower_better,0.9946129289704707,453.1818181818214
E5_DT300_PD20_SEED42,300,0.2,149.3620719178082,285.0,anomaly_detection,lstm_autoencoder,lstm_autoencoder,residual,pr_auc,0.0853489913588011,1.0,-0.9146510086411987,0.9146510086411987,SUCCESS,higher_better,0.9146510086411989,0.9146510086411989
E5_DT300_PD20_SEED42,300,0.2,149.3620719178082,285.0,anomaly_detection,lstm_autoencoder,lstm_autoencoder,residual,roc_auc,0.5492432915102116,1.0,-0.4507567084897884,0.4507567084897884,SUCCESS,higher_better,0.45075670848978844,0.45075670848978844
E5_DT300_PD20_SEED42,300,0.2,149.3620719178082,285.0,anomaly_detection,lstm_autoencoder,lstm_autoencoder,residual,detection_latency,0.0,0.0,0.0,0.0,SUCCESS,lower_better,0.0,0.0
E5_DT300_PD20_SEED42,300,0.2,149.3620719178082,285.0,anomaly_detection,lstm_autoencoder,lstm_autoencoder,residual,threshold,0.0003816792741417,0.0003816792741417,0.0,0.0,SUCCESS,lower_better,0.0,0.0
